wav_path,spec_path,speaker_id,ethnicity,age_group,sex,intent,sentence_id,suffix,duration_sec,f0_mean_hz,f0_std_hz,hnr_mean_db
C:\MyProjects\Project-Proposal\PrivateCoach\Project-EchoesofEquity\data/wav\1893_wof_n01.wav,C:\MyProjects\Project-Proposal\PrivateCoach\Project-EchoesofEquity\data/melspec\1893_wof_n01.npy,1893,white,older,female,neutral,1,,1.912520833,173.9024263,22.33292223,
C:\MyProjects\Project-Proposal\PrivateCoach\Project-EchoesofEquity\data/wav\1893_wof_n02.wav,C:\MyProjects\Project-Proposal\PrivateCoach\Project-EchoesofEquity\data/melspec\1893_wof_n02.npy,1893,white,older,female,neutral,2,,1.711166667,160.2624799,21.71131341,
C:\MyProjects\Project-Proposal\PrivateCoach\Project-EchoesofEquity\data/wav\1893_wof_n03.wav,C:\MyProjects\Project-Proposal\PrivateCoach\Project-EchoesofEquity\data/melspec\1893_wof_n03.npy,1893,white,older,female,neutral,3,,1.484270833,163.5439358,33.2999551,
C:\MyProjects\Project-Proposal\PrivateCoach\Project-EchoesofEquity\data/wav\1893_wof_n04cc.wav,C:\MyProjects\Project-Proposal\PrivateCoach\Project-EchoesofEquity\data/melspec\1893_wof_n04cc.npy,1893,white,older,female,neutral,4,cc,1.295458333,141.3428175,13.84635501,
C:\MyProjects\Project-Proposal\PrivateCoach\Project-EchoesofEquity\data/wav\1893_wof_n05.wav,C:\MyProjects\Project-Proposal\PrivateCoach\Project-EchoesofEquity\data/melspec\1893_wof_n05.npy,1893,white,older,female,neutral,5,,1.441208333,167.7171408,43.95476084,
C:\MyProjects\Project-Proposal\PrivateCoach\Project-EchoesofEquity\data/wav\1893_wof_n06c.wav,C:\MyProjects\Project-Proposal\PrivateCoach\Project-EchoesofEquity\data/melspec\1893_wof_n06c.npy,1893,white,older,female,neutral,6,c,1.253770833,151.3989934,14.00134971,
C:\MyProjects\Project-Proposal\PrivateCoach\Project-EchoesofEquity\data/wav\1893_wof_t01.wav,C:\MyProjects\Project-Proposal\PrivateCoach\Project-EchoesofEquity\data/melspec\1893_wof_t01.npy,1893,white,older,female,trustworthy,1,,1.54,180.0368307,29.28379604,
C:\MyProjects\Project-Proposal\PrivateCoach\Project-EchoesofEquity\data/wav\1893_wof_t02.wav,C:\MyProjects\Project-Proposal\PrivateCoach\Project-EchoesofEquity\data/melspec\1893_wof_t02.npy,1893,white,older,female,trustworthy,2,,1.393333333,200.12649,50.17815902,
C:\MyProjects\Project-Proposal\PrivateCoach\Project-EchoesofEquity\data/wav\1893_wof_t03.wav,C:\MyProjects\Project-Proposal\PrivateCoach\Project-EchoesofEquity\data/melspec\1893_wof_t03.npy,1893,white,older,female,trustworthy,3,,1.433708333,178.7620387,32.12504378,
C:\MyProjects\Project-Proposal\PrivateCoach\Project-EchoesofEquity\data/wav\1893_wof_t04.wav,C:\MyProjects\Project-Proposal\PrivateCoach\Project-EchoesofEquity\data/melspec\1893_wof_t04.npy,1893,white,older,female,trustworthy,4,,1.423375,163.0251339,27.07196776,
C:\MyProjects\Project-Proposal\PrivateCoach\Project-EchoesofEquity\data/wav\1893_wof_t05.wav,C:\MyProjects\Project-Proposal\PrivateCoach\Project-EchoesofEquity\data/melspec\1893_wof_t05.npy,1893,white,older,female,trustworthy,5,,1.262541667,195.8722341,37.91868547,
C:\MyProjects\Project-Proposal\PrivateCoach\Project-EchoesofEquity\data/wav\1893_wof_t06.wav,C:\MyProjects\Project-Proposal\PrivateCoach\Project-EchoesofEquity\data/melspec\1893_wof_t06.npy,1893,white,older,female,trustworthy,6,,1.4951875,193.348654,24.56182855,
C:\MyProjects\Project-Proposal\PrivateCoach\Project-EchoesofEquity\data/wav\1896_ayf_n01.wav,C:\MyProjects\Project-Proposal\PrivateCoach\Project-EchoesofEquity\data/melspec\1896_ayf_n01.npy,1896,south_asian,younger,female,neutral,1,,1.793,212.5012539,30.00136964,
C:\MyProjects\Project-Proposal\PrivateCoach\Project-EchoesofEquity\data/wav\1896_ayf_n02.wav,C:\MyProjects\Project-Proposal\PrivateCoach\Project-EchoesofEquity\data/melspec\1896_ayf_n02.npy,1896,south_asian,younger,female,neutral,2,,2.1825,226.6945394,46.10778409,
C:\MyProjects\Project-Proposal\PrivateCoach\Project-EchoesofEquity\data/wav\1896_ayf_n03.wav,C:\MyProjects\Project-Proposal\PrivateCoach\Project-EchoesofEquity\data/melspec\1896_ayf_n03.npy,1896,south_asian,younger,female,neutral,3,,1.860479167,214.0805194,32.48504033,
C:\MyProjects\Project-Proposal\PrivateCoach\Project-EchoesofEquity\data/wav\1896_ayf_n04.wav,C:\MyProjects\Project-Proposal\PrivateCoach\Project-EchoesofEquity\data/melspec\1896_ayf_n04.npy,1896,south_asian,younger,female,neutral,4,,2.092958333,202.5994069,41.87740567,
C:\MyProjects\Project-Proposal\PrivateCoach\Project-EchoesofEquity\data/wav\1896_ayf_n05c.wav,C:\MyProjects\Project-Proposal\PrivateCoach\Project-EchoesofEquity\data/melspec\1896_ayf_n05c.npy,1896,south_asian,younger,female,neutral,5,c,1.572895833,199.1786595,34.98245547,
C:\MyProjects\Project-Proposal\PrivateCoach\Project-EchoesofEquity\data/wav\1896_ayf_n06c.wav,C:\MyProjects\Project-Proposal\PrivateCoach\Project-EchoesofEquity\data/melspec\1896_ayf_n06c.npy,1896,south_asian,younger,female,neutral,6,c,1.369791667,213.4078196,42.94155991,
C:\MyProjects\Project-Proposal\PrivateCoach\Project-EchoesofEquity\data/wav\1896_ayf_t01c.wav,C:\MyProjects\Project-Proposal\PrivateCoach\Project-EchoesofEquity\data/melspec\1896_ayf_t01c.npy,1896,south_asian,younger,female,trustworthy,1,c,1.8813125,241.2879169,46.39975018,
C:\MyProjects\Project-Proposal\PrivateCoach\Project-EchoesofEquity\data/wav\1896_ayf_t02.wav,C:\MyProjects\Project-Proposal\PrivateCoach\Project-EchoesofEquity\data/melspec\1896_ayf_t02.npy,1896,south_asian,younger,female,trustworthy,2,,1.45175,237.8044203,53.57980356,
C:\MyProjects\Project-Proposal\PrivateCoach\Project-EchoesofEquity\data/wav\1896_ayf_t03c.wav,C:\MyProjects\Project-Proposal\PrivateCoach\Project-EchoesofEquity\data/melspec\1896_ayf_t03c.npy,1896,south_asian,younger,female,trustworthy,3,c,1.731416667,236.0724568,51.49190801,
C:\MyProjects\Project-Proposal\PrivateCoach\Project-EchoesofEquity\data/wav\1896_ayf_t04c.wav,C:\MyProjects\Project-Proposal\PrivateCoach\Project-EchoesofEquity\data/melspec\1896_ayf_t04c.npy,1896,south_asian,younger,female,trustworthy,4,c,1.732666667,201.1734977,33.90031542,
C:\MyProjects\Project-Proposal\PrivateCoach\Project-EchoesofEquity\data/wav\1896_ayf_t05.wav,C:\MyProjects\Project-Proposal\PrivateCoach\Project-EchoesofEquity\data/melspec\1896_ayf_t05.npy,1896,south_asian,younger,female,trustworthy,5,,1.449625,227.0789033,39.82784764,
C:\MyProjects\Project-Proposal\PrivateCoach\Project-EchoesofEquity\data/wav\1896_ayf_t06.wav,C:\MyProjects\Project-Proposal\PrivateCoach\Project-EchoesofEquity\data/melspec\1896_ayf_t06.npy,1896,south_asian,younger,female,trustworthy,6,,1.288416667,188.0415422,45.85895918,
C:\MyProjects\Project-Proposal\PrivateCoach\Project-EchoesofEquity\data/wav\1898_wym_n01c.wav,C:\MyProjects\Project-Proposal\PrivateCoach\Project-EchoesofEquity\data/melspec\1898_wym_n01c.npy,1898,white,younger,male,neutral,1,c,1.475083333,112.1128867,16.24670469,
C:\MyProjects\Project-Proposal\PrivateCoach\Project-EchoesofEquity\data/wav\1898_wym_n02c.wav,C:\MyProjects\Project-Proposal\PrivateCoach\Project-EchoesofEquity\data/melspec\1898_wym_n02c.npy,1898,white,younger,male,neutral,2,c,1.380625,108.3512987,9.648387805,
C:\MyProjects\Project-Proposal\PrivateCoach\Project-EchoesofEquity\data/wav\1898_wym_n03.wav,C:\MyProjects\Project-Proposal\PrivateCoach\Project-EchoesofEquity\data/melspec\1898_wym_n03.npy,1898,white,younger,male,neutral,3,,1.519,113.5332915,14.09929957,
C:\MyProjects\Project-Proposal\PrivateCoach\Project-EchoesofEquity\data/wav\1898_wym_n04c.wav,C:\MyProjects\Project-Proposal\PrivateCoach\Project-EchoesofEquity\data/melspec\1898_wym_n04c.npy,1898,white,younger,male,neutral,4,c,1.075083333,107.5436431,15.30491801,
C:\MyProjects\Project-Proposal\PrivateCoach\Project-EchoesofEquity\data/wav\1898_wym_n05c.wav,C:\MyProjects\Project-Proposal\PrivateCoach\Project-EchoesofEquity\data/melspec\1898_wym_n05c.npy,1898,white,younger,male,neutral,5,c,1.2206875,109.5040966,11.77507598,
C:\MyProjects\Project-Proposal\PrivateCoach\Project-EchoesofEquity\data/wav\1898_wym_n06.wav,C:\MyProjects\Project-Proposal\PrivateCoach\Project-EchoesofEquity\data/melspec\1898_wym_n06.npy,1898,white,younger,male,neutral,6,,1.242041667,109.2866474,12.72067066,
C:\MyProjects\Project-Proposal\PrivateCoach\Project-EchoesofEquity\data/wav\1898_wym_t01c.wav,C:\MyProjects\Project-Proposal\PrivateCoach\Project-EchoesofEquity\data/melspec\1898_wym_t01c.npy,1898,white,younger,male,trustworthy,1,c,1.201375,165.3422956,35.63408236,
C:\MyProjects\Project-Proposal\PrivateCoach\Project-EchoesofEquity\data/wav\1898_wym_t02c.wav,C:\MyProjects\Project-Proposal\PrivateCoach\Project-EchoesofEquity\data/melspec\1898_wym_t02c.npy,1898,white,younger,male,trustworthy,2,c,1.264125,130.8151436,28.7982707,
C:\MyProjects\Project-Proposal\PrivateCoach\Project-EchoesofEquity\data/wav\1898_wym_t03.wav,C:\MyProjects\Project-Proposal\PrivateCoach\Project-EchoesofEquity\data/melspec\1898_wym_t03.npy,1898,white,younger,male,trustworthy,3,,1.5445,156.4495502,42.90636515,
C:\MyProjects\Project-Proposal\PrivateCoach\Project-EchoesofEquity\data/wav\1898_wym_t04.wav,C:\MyProjects\Project-Proposal\PrivateCoach\Project-EchoesofEquity\data/melspec\1898_wym_t04.npy,1898,white,younger,male,trustworthy,4,,1.001125,145.3739218,65.95104332,
C:\MyProjects\Project-Proposal\PrivateCoach\Project-EchoesofEquity\data/wav\1898_wym_t05.wav,C:\MyProjects\Project-Proposal\PrivateCoach\Project-EchoesofEquity\data/melspec\1898_wym_t05.npy,1898,white,younger,male,trustworthy,5,,1.1305625,201.0054396,64.97673276,
C:\MyProjects\Project-Proposal\PrivateCoach\Project-EchoesofEquity\data/wav\1898_wym_t06.wav,C:\MyProjects\Project-Proposal\PrivateCoach\Project-EchoesofEquity\data/melspec\1898_wym_t06.npy,1898,white,younger,male,trustworthy,6,,1.117041667,157.2609821,74.46679179,
C:\MyProjects\Project-Proposal\PrivateCoach\Project-EchoesofEquity\data/wav\1899_aym_n01.wav,C:\MyProjects\Project-Proposal\PrivateCoach\Project-EchoesofEquity\data/melspec\1899_aym_n01.npy,1899,south_asian,younger,male,neutral,1,,1.342291667,123.9944688,13.37997135,
C:\MyProjects\Project-Proposal\PrivateCoach\Project-EchoesofEquity\data/wav\1899_aym_n02.wav,C:\MyProjects\Project-Proposal\PrivateCoach\Project-EchoesofEquity\data/melspec\1899_aym_n02.npy,1899,south_asian,younger,male,neutral,2,,1.471354167,126.4184975,9.094092222,
C:\MyProjects\Project-Proposal\PrivateCoach\Project-EchoesofEquity\data/wav\1899_aym_n03c.wav,C:\MyProjects\Project-Proposal\PrivateCoach\Project-EchoesofEquity\data/melspec\1899_aym_n03c.npy,1899,south_asian,younger,male,neutral,3,c,1.767354167,123.9387436,10.7351392,
C:\MyProjects\Project-Proposal\PrivateCoach\Project-EchoesofEquity\data/wav\1899_aym_n04c.wav,C:\MyProjects\Project-Proposal\PrivateCoach\Project-EchoesofEquity\data/melspec\1899_aym_n04c.npy,1899,south_asian,younger,male,neutral,4,c,1.2141875,131.5252146,15.54517817,
C:\MyProjects\Project-Proposal\PrivateCoach\Project-EchoesofEquity\data/wav\1899_aym_n05.wav,C:\MyProjects\Project-Proposal\PrivateCoach\Project-EchoesofEquity\data/melspec\1899_aym_n05.npy,1899,south_asian,younger,male,neutral,5,,1.216041667,138.7153193,13.92503258,
C:\MyProjects\Project-Proposal\PrivateCoach\Project-EchoesofEquity\data/wav\1899_aym_n06.wav,C:\MyProjects\Project-Proposal\PrivateCoach\Project-EchoesofEquity\data/melspec\1899_aym_n06.npy,1899,south_asian,younger,male,neutral,6,,1.1811875,125.7254664,11.92820837,
C:\MyProjects\Project-Proposal\PrivateCoach\Project-EchoesofEquity\data/wav\1899_aym_t01.wav,C:\MyProjects\Project-Proposal\PrivateCoach\Project-EchoesofEquity\data/melspec\1899_aym_t01.npy,1899,south_asian,younger,male,trustworthy,1,,1.780916667,133.2077188,18.06558216,
C:\MyProjects\Project-Proposal\PrivateCoach\Project-EchoesofEquity\data/wav\1899_aym_t02c.wav,C:\MyProjects\Project-Proposal\PrivateCoach\Project-EchoesofEquity\data/melspec\1899_aym_t02c.npy,1899,south_asian,younger,male,trustworthy,2,c,1.356041667,144.2144569,18.06263018,
C:\MyProjects\Project-Proposal\PrivateCoach\Project-EchoesofEquity\data/wav\1899_aym_t03.wav,C:\MyProjects\Project-Proposal\PrivateCoach\Project-EchoesofEquity\data/melspec\1899_aym_t03.npy,1899,south_asian,younger,male,trustworthy,3,,1.654604167,132.1120174,17.072718,
C:\MyProjects\Project-Proposal\PrivateCoach\Project-EchoesofEquity\data/wav\1899_aym_t04c.wav,C:\MyProjects\Project-Proposal\PrivateCoach\Project-EchoesofEquity\data/melspec\1899_aym_t04c.npy,1899,south_asian,younger,male,trustworthy,4,c,1.259854167,146.0264287,18.20033426,
C:\MyProjects\Project-Proposal\PrivateCoach\Project-EchoesofEquity\data/wav\1899_aym_t05c.wav,C:\MyProjects\Project-Proposal\PrivateCoach\Project-EchoesofEquity\data/melspec\1899_aym_t05c.npy,1899,south_asian,younger,male,trustworthy,5,c,1.259645833,184.5616899,34.08773426,
C:\MyProjects\Project-Proposal\PrivateCoach\Project-EchoesofEquity\data/wav\1899_aym_t06.wav,C:\MyProjects\Project-Proposal\PrivateCoach\Project-EchoesofEquity\data/melspec\1899_aym_t06.npy,1899,south_asian,younger,male,trustworthy,6,,1.164020833,162.1918813,26.47662389,
C:\MyProjects\Project-Proposal\PrivateCoach\Project-EchoesofEquity\data/wav\1901_bof_n01c.wav,C:\MyProjects\Project-Proposal\PrivateCoach\Project-EchoesofEquity\data/melspec\1901_bof_n01c.npy,1901,black,older,female,neutral,1,c,2.348229167,195.1233418,63.20050534,
C:\MyProjects\Project-Proposal\PrivateCoach\Project-EchoesofEquity\data/wav\1901_bof_n02c.wav,C:\MyProjects\Project-Proposal\PrivateCoach\Project-EchoesofEquity\data/melspec\1901_bof_n02c.npy,1901,black,older,female,neutral,2,c,2.537916667,189.3009982,29.4254062,
C:\MyProjects\Project-Proposal\PrivateCoach\Project-EchoesofEquity\data/wav\1901_bof_n03c.wav,C:\MyProjects\Project-Proposal\PrivateCoach\Project-EchoesofEquity\data/melspec\1901_bof_n03c.npy,1901,black,older,female,neutral,3,c,2.951479167,187.9028682,29.55268596,
C:\MyProjects\Project-Proposal\PrivateCoach\Project-EchoesofEquity\data/wav\1901_bof_n04c.wav,C:\MyProjects\Project-Proposal\PrivateCoach\Project-EchoesofEquity\data/melspec\1901_bof_n04c.npy,1901,black,older,female,neutral,4,c,2.493479167,186.0399048,28.53751046,
C:\MyProjects\Project-Proposal\PrivateCoach\Project-EchoesofEquity\data/wav\1901_bof_n05.wav,C:\MyProjects\Project-Proposal\PrivateCoach\Project-EchoesofEquity\data/melspec\1901_bof_n05.npy,1901,black,older,female,neutral,5,,2.271041667,181.7897474,37.28557907,
C:\MyProjects\Project-Proposal\PrivateCoach\Project-EchoesofEquity\data/wav\1901_bof_n06c.wav,C:\MyProjects\Project-Proposal\PrivateCoach\Project-EchoesofEquity\data/melspec\1901_bof_n06c.npy,1901,black,older,female,neutral,6,c,1.9569375,186.1394987,23.12838218,
C:\MyProjects\Project-Proposal\PrivateCoach\Project-EchoesofEquity\data/wav\1901_bof_t01c.wav,C:\MyProjects\Project-Proposal\PrivateCoach\Project-EchoesofEquity\data/melspec\1901_bof_t01c.npy,1901,black,older,female,trustworthy,1,c,2.188416667,192.8910828,48.3763652,
C:\MyProjects\Project-Proposal\PrivateCoach\Project-EchoesofEquity\data/wav\1901_bof_t02.wav,C:\MyProjects\Project-Proposal\PrivateCoach\Project-EchoesofEquity\data/melspec\1901_bof_t02.npy,1901,black,older,female,trustworthy,2,,2.25,233.7933429,70.82299812,
C:\MyProjects\Project-Proposal\PrivateCoach\Project-EchoesofEquity\data/wav\1901_bof_t03.wav,C:\MyProjects\Project-Proposal\PrivateCoach\Project-EchoesofEquity\data/melspec\1901_bof_t03.npy,1901,black,older,female,trustworthy,3,,3.013479167,260.4090975,46.22766649,
C:\MyProjects\Project-Proposal\PrivateCoach\Project-EchoesofEquity\data/wav\1901_bof_t04.wav,C:\MyProjects\Project-Proposal\PrivateCoach\Project-EchoesofEquity\data/melspec\1901_bof_t04.npy,1901,black,older,female,trustworthy,4,,1.933083333,210.5278051,47.94184825,
C:\MyProjects\Project-Proposal\PrivateCoach\Project-EchoesofEquity\data/wav\1901_bof_t05c.wav,C:\MyProjects\Project-Proposal\PrivateCoach\Project-EchoesofEquity\data/melspec\1901_bof_t05c.npy,1901,black,older,female,trustworthy,5,c,2.60025,216.695004,74.45203682,
C:\MyProjects\Project-Proposal\PrivateCoach\Project-EchoesofEquity\data/wav\1901_bof_t06.wav,C:\MyProjects\Project-Proposal\PrivateCoach\Project-EchoesofEquity\data/melspec\1901_bof_t06.npy,1901,black,older,female,trustworthy,6,,1.8751875,219.5150191,39.73287931,
C:\MyProjects\Project-Proposal\PrivateCoach\Project-EchoesofEquity\data/wav\1904_bym_n01.wav,C:\MyProjects\Project-Proposal\PrivateCoach\Project-EchoesofEquity\data/melspec\1904_bym_n01.npy,1904,black,younger,male,neutral,1,,1.866916667,106.5822371,27.75540229,
C:\MyProjects\Project-Proposal\PrivateCoach\Project-EchoesofEquity\data/wav\1904_bym_n02c.wav,C:\MyProjects\Project-Proposal\PrivateCoach\Project-EchoesofEquity\data/melspec\1904_bym_n02c.npy,1904,black,younger,male,neutral,2,c,1.850020833,102.3364815,20.24040465,
C:\MyProjects\Project-Proposal\PrivateCoach\Project-EchoesofEquity\data/wav\1904_bym_n03.wav,C:\MyProjects\Project-Proposal\PrivateCoach\Project-EchoesofEquity\data/melspec\1904_bym_n03.npy,1904,black,younger,male,neutral,3,,2.140854167,111.9094031,62.4205304,
C:\MyProjects\Project-Proposal\PrivateCoach\Project-EchoesofEquity\data/wav\1904_bym_n04c.wav,C:\MyProjects\Project-Proposal\PrivateCoach\Project-EchoesofEquity\data/melspec\1904_bym_n04c.npy,1904,black,younger,male,neutral,4,c,1.540104167,99.90746348,10.46199953,
C:\MyProjects\Project-Proposal\PrivateCoach\Project-EchoesofEquity\data/wav\1904_bym_n05c.wav,C:\MyProjects\Project-Proposal\PrivateCoach\Project-EchoesofEquity\data/melspec\1904_bym_n05c.npy,1904,black,younger,male,neutral,5,c,1.544979167,100.9028623,5.789830942,
C:\MyProjects\Project-Proposal\PrivateCoach\Project-EchoesofEquity\data/wav\1904_bym_n06c.wav,C:\MyProjects\Project-Proposal\PrivateCoach\Project-EchoesofEquity\data/melspec\1904_bym_n06c.npy,1904,black,younger,male,neutral,6,c,1.566104167,97.99350038,5.114129994,
C:\MyProjects\Project-Proposal\PrivateCoach\Project-EchoesofEquity\data/wav\1904_bym_t01c.wav,C:\MyProjects\Project-Proposal\PrivateCoach\Project-EchoesofEquity\data/melspec\1904_bym_t01c.npy,1904,black,younger,male,trustworthy,1,c,1.301895833,103.4041713,12.21745165,
C:\MyProjects\Project-Proposal\PrivateCoach\Project-EchoesofEquity\data/wav\1904_bym_t02.wav,C:\MyProjects\Project-Proposal\PrivateCoach\Project-EchoesofEquity\data/melspec\1904_bym_t02.npy,1904,black,younger,male,trustworthy,2,,1.317229167,113.2403562,13.57945249,
C:\MyProjects\Project-Proposal\PrivateCoach\Project-EchoesofEquity\data/wav\1904_bym_t03c.wav,C:\MyProjects\Project-Proposal\PrivateCoach\Project-EchoesofEquity\data/melspec\1904_bym_t03c.npy,1904,black,younger,male,trustworthy,3,c,1.3583125,110.9895982,6.876776609,
C:\MyProjects\Project-Proposal\PrivateCoach\Project-EchoesofEquity\data/wav\1904_bym_t04c.wav,C:\MyProjects\Project-Proposal\PrivateCoach\Project-EchoesofEquity\data/melspec\1904_bym_t04c.npy,1904,black,younger,male,trustworthy,4,c,1.0773125,113.1518848,13.52278852,
C:\MyProjects\Project-Proposal\PrivateCoach\Project-EchoesofEquity\data/wav\1904_bym_t05.wav,C:\MyProjects\Project-Proposal\PrivateCoach\Project-EchoesofEquity\data/melspec\1904_bym_t05.npy,1904,black,younger,male,trustworthy,5,,1.1625625,132.5549713,19.39575011,
C:\MyProjects\Project-Proposal\PrivateCoach\Project-EchoesofEquity\data/wav\1904_bym_t06c.wav,C:\MyProjects\Project-Proposal\PrivateCoach\Project-EchoesofEquity\data/melspec\1904_bym_t06c.npy,1904,black,younger,male,trustworthy,6,c,1.106458333,115.0888219,36.48449551,
C:\MyProjects\Project-Proposal\PrivateCoach\Project-EchoesofEquity\data/wav\1906_byf_n01.wav,C:\MyProjects\Project-Proposal\PrivateCoach\Project-EchoesofEquity\data/melspec\1906_byf_n01.npy,1906,black,younger,female,neutral,1,,1.5500625,191.9708022,63.78421788,
C:\MyProjects\Project-Proposal\PrivateCoach\Project-EchoesofEquity\data/wav\1906_byf_n02c.wav,C:\MyProjects\Project-Proposal\PrivateCoach\Project-EchoesofEquity\data/melspec\1906_byf_n02c.npy,1906,black,younger,female,neutral,2,c,1.495104167,179.0721896,34.35098217,
C:\MyProjects\Project-Proposal\PrivateCoach\Project-EchoesofEquity\data/wav\1906_byf_n03c.wav,C:\MyProjects\Project-Proposal\PrivateCoach\Project-EchoesofEquity\data/melspec\1906_byf_n03c.npy,1906,black,younger,female,neutral,3,c,1.708708333,166.7304027,39.58346116,
C:\MyProjects\Project-Proposal\PrivateCoach\Project-EchoesofEquity\data/wav\1906_byf_n04c.wav,C:\MyProjects\Project-Proposal\PrivateCoach\Project-EchoesofEquity\data/melspec\1906_byf_n04c.npy,1906,black,younger,female,neutral,4,c,1.2928125,185.0822721,25.78890069,
C:\MyProjects\Project-Proposal\PrivateCoach\Project-EchoesofEquity\data/wav\1906_byf_n05.wav,C:\MyProjects\Project-Proposal\PrivateCoach\Project-EchoesofEquity\data/melspec\1906_byf_n05.npy,1906,black,younger,female,neutral,5,,1.4851875,189.6729009,26.29514766,
C:\MyProjects\Project-Proposal\PrivateCoach\Project-EchoesofEquity\data/wav\1906_byf_n06c.wav,C:\MyProjects\Project-Proposal\PrivateCoach\Project-EchoesofEquity\data/melspec\1906_byf_n06c.npy,1906,black,younger,female,neutral,6,c,1.32975,152.7911951,28.29735261,
C:\MyProjects\Project-Proposal\PrivateCoach\Project-EchoesofEquity\data/wav\1906_byf_t01.wav,C:\MyProjects\Project-Proposal\PrivateCoach\Project-EchoesofEquity\data/melspec\1906_byf_t01.npy,1906,black,younger,female,trustworthy,1,,1.6323125,218.3971214,74.03022483,
C:\MyProjects\Project-Proposal\PrivateCoach\Project-EchoesofEquity\data/wav\1906_byf_t02.wav,C:\MyProjects\Project-Proposal\PrivateCoach\Project-EchoesofEquity\data/melspec\1906_byf_t02.npy,1906,black,younger,female,trustworthy,2,,1.445895833,190.4136425,43.7517928,
C:\MyProjects\Project-Proposal\PrivateCoach\Project-EchoesofEquity\data/wav\1906_byf_t03.wav,C:\MyProjects\Project-Proposal\PrivateCoach\Project-EchoesofEquity\data/melspec\1906_byf_t03.npy,1906,black,younger,female,trustworthy,3,,1.755979167,188.5480252,59.62865684,
C:\MyProjects\Project-Proposal\PrivateCoach\Project-EchoesofEquity\data/wav\1906_byf_t04.wav,C:\MyProjects\Project-Proposal\PrivateCoach\Project-EchoesofEquity\data/melspec\1906_byf_t04.npy,1906,black,younger,female,trustworthy,4,,1.304791667,202.1478744,54.74463771,
C:\MyProjects\Project-Proposal\PrivateCoach\Project-EchoesofEquity\data/wav\1906_byf_t05.wav,C:\MyProjects\Project-Proposal\PrivateCoach\Project-EchoesofEquity\data/melspec\1906_byf_t05.npy,1906,black,younger,female,trustworthy,5,,1.562604167,192.3234279,42.78704903,
C:\MyProjects\Project-Proposal\PrivateCoach\Project-EchoesofEquity\data/wav\1906_byf_t06.wav,C:\MyProjects\Project-Proposal\PrivateCoach\Project-EchoesofEquity\data/melspec\1906_byf_t06.npy,1906,black,younger,female,trustworthy,6,,1.271916667,200.4318749,51.59535315,
C:\MyProjects\Project-Proposal\PrivateCoach\Project-EchoesofEquity\data/wav\1909_wom_n01.wav,C:\MyProjects\Project-Proposal\PrivateCoach\Project-EchoesofEquity\data/melspec\1909_wom_n01.npy,1909,white,older,male,neutral,1,,1.4306875,103.4017195,9.942964635,
C:\MyProjects\Project-Proposal\PrivateCoach\Project-EchoesofEquity\data/wav\1909_wom_n02c.wav,C:\MyProjects\Project-Proposal\PrivateCoach\Project-EchoesofEquity\data/melspec\1909_wom_n02c.npy,1909,white,older,male,neutral,2,c,1.325958333,98.24635128,4.122027635,
C:\MyProjects\Project-Proposal\PrivateCoach\Project-EchoesofEquity\data/wav\1909_wom_n03.wav,C:\MyProjects\Project-Proposal\PrivateCoach\Project-EchoesofEquity\data/melspec\1909_wom_n03.npy,1909,white,older,male,neutral,3,,1.2508125,102.0636845,7.097319861,
C:\MyProjects\Project-Proposal\PrivateCoach\Project-EchoesofEquity\data/wav\1909_wom_n04.wav,C:\MyProjects\Project-Proposal\PrivateCoach\Project-EchoesofEquity\data/melspec\1909_wom_n04.npy,1909,white,older,male,neutral,4,,1.3009375,103.2799168,7.187849477,
C:\MyProjects\Project-Proposal\PrivateCoach\Project-EchoesofEquity\data/wav\1909_wom_n05c.wav,C:\MyProjects\Project-Proposal\PrivateCoach\Project-EchoesofEquity\data/melspec\1909_wom_n05c.npy,1909,white,older,male,neutral,5,c,1.25625,143.1550142,111.913757,
C:\MyProjects\Project-Proposal\PrivateCoach\Project-EchoesofEquity\data/wav\1909_wom_n06.wav,C:\MyProjects\Project-Proposal\PrivateCoach\Project-EchoesofEquity\data/melspec\1909_wom_n06.npy,1909,white,older,male,neutral,6,,1.233270833,129.3408404,92.94680436,
C:\MyProjects\Project-Proposal\PrivateCoach\Project-EchoesofEquity\data/wav\1909_wom_t01c.wav,C:\MyProjects\Project-Proposal\PrivateCoach\Project-EchoesofEquity\data/melspec\1909_wom_t01c.npy,1909,white,older,male,trustworthy,1,c,1.193875,129.7448137,93.39582749,
C:\MyProjects\Project-Proposal\PrivateCoach\Project-EchoesofEquity\data/wav\1909_wom_t02.wav,C:\MyProjects\Project-Proposal\PrivateCoach\Project-EchoesofEquity\data/melspec\1909_wom_t02.npy,1909,white,older,male,trustworthy,2,,1.480791667,119.6106409,65.3761628,
C:\MyProjects\Project-Proposal\PrivateCoach\Project-EchoesofEquity\data/wav\1909_wom_t03.wav,C:\MyProjects\Project-Proposal\PrivateCoach\Project-EchoesofEquity\data/melspec\1909_wom_t03.npy,1909,white,older,male,trustworthy,3,,1.534270833,149.8946366,79.13868532,
C:\MyProjects\Project-Proposal\PrivateCoach\Project-EchoesofEquity\data/wav\1909_wom_t04c.wav,C:\MyProjects\Project-Proposal\PrivateCoach\Project-EchoesofEquity\data/melspec\1909_wom_t04c.npy,1909,white,older,male,trustworthy,4,c,1.176625,144.8325773,89.5395429,
C:\MyProjects\Project-Proposal\PrivateCoach\Project-EchoesofEquity\data/wav\1909_wom_t05.wav,C:\MyProjects\Project-Proposal\PrivateCoach\Project-EchoesofEquity\data/melspec\1909_wom_t05.npy,1909,white,older,male,trustworthy,5,,1.414520833,142.9072026,99.20543156,
C:\MyProjects\Project-Proposal\PrivateCoach\Project-EchoesofEquity\data/wav\1909_wom_t06.wav,C:\MyProjects\Project-Proposal\PrivateCoach\Project-EchoesofEquity\data/melspec\1909_wom_t06.npy,1909,white,older,male,trustworthy,6,,1.2293125,106.5245758,12.21422061,
C:\MyProjects\Project-Proposal\PrivateCoach\Project-EchoesofEquity\data/wav\1911_wom_n03c.wav,C:\MyProjects\Project-Proposal\PrivateCoach\Project-EchoesofEquity\data/melspec\1911_wom_n03c.npy,1911,white,older,male,neutral,3,c,1.937270833,104.0225093,10.58644342,
C:\MyProjects\Project-Proposal\PrivateCoach\Project-EchoesofEquity\data/wav\1911_wom_n04c.wav,C:\MyProjects\Project-Proposal\PrivateCoach\Project-EchoesofEquity\data/melspec\1911_wom_n04c.npy,1911,white,older,male,neutral,4,c,1.857333333,105.5876289,12.56980835,
C:\MyProjects\Project-Proposal\PrivateCoach\Project-EchoesofEquity\data/wav\1911_wom_n05.wav,C:\MyProjects\Project-Proposal\PrivateCoach\Project-EchoesofEquity\data/melspec\1911_wom_n05.npy,1911,white,older,male,neutral,5,,1.591145833,121.168348,44.15827103,
C:\MyProjects\Project-Proposal\PrivateCoach\Project-EchoesofEquity\data/wav\1911_wom_n06.wav,C:\MyProjects\Project-Proposal\PrivateCoach\Project-EchoesofEquity\data/melspec\1911_wom_n06.npy,1911,white,older,male,neutral,6,,1.536729167,106.5347857,20.32726557,
C:\MyProjects\Project-Proposal\PrivateCoach\Project-EchoesofEquity\data/wav\1911_wom_n07c.wav,C:\MyProjects\Project-Proposal\PrivateCoach\Project-EchoesofEquity\data/melspec\1911_wom_n07c.npy,1911,white,older,male,neutral,7,c,1.501125,103.0297437,9.951279148,
C:\MyProjects\Project-Proposal\PrivateCoach\Project-EchoesofEquity\data/wav\1911_wom_n08c.wav,C:\MyProjects\Project-Proposal\PrivateCoach\Project-EchoesofEquity\data/melspec\1911_wom_n08c.npy,1911,white,older,male,neutral,8,c,1.6184375,121.4092942,64.1792861,
C:\MyProjects\Project-Proposal\PrivateCoach\Project-EchoesofEquity\data/wav\1911_wom_t03c.wav,C:\MyProjects\Project-Proposal\PrivateCoach\Project-EchoesofEquity\data/melspec\1911_wom_t03c.npy,1911,white,older,male,trustworthy,3,c,2.1799375,147.8700482,31.59891927,
C:\MyProjects\Project-Proposal\PrivateCoach\Project-EchoesofEquity\data/wav\1911_wom_t04.wav,C:\MyProjects\Project-Proposal\PrivateCoach\Project-EchoesofEquity\data/melspec\1911_wom_t04.npy,1911,white,older,male,trustworthy,4,,1.5664375,126.4093967,77.50590616,
C:\MyProjects\Project-Proposal\PrivateCoach\Project-EchoesofEquity\data/wav\1911_wom_t05c.wav,C:\MyProjects\Project-Proposal\PrivateCoach\Project-EchoesofEquity\data/melspec\1911_wom_t05c.npy,1911,white,older,male,trustworthy,5,c,1.499395833,116.8058034,23.24433537,
C:\MyProjects\Project-Proposal\PrivateCoach\Project-EchoesofEquity\data/wav\1911_wom_t06c.wav,C:\MyProjects\Project-Proposal\PrivateCoach\Project-EchoesofEquity\data/melspec\1911_wom_t06c.npy,1911,white,older,male,trustworthy,6,c,1.402833333,131.9196225,44.17755193,
C:\MyProjects\Project-Proposal\PrivateCoach\Project-EchoesofEquity\data/wav\1911_wom_t07.wav,C:\MyProjects\Project-Proposal\PrivateCoach\Project-EchoesofEquity\data/melspec\1911_wom_t07.npy,1911,white,older,male,trustworthy,7,,1.400583333,114.9693929,24.53742901,
C:\MyProjects\Project-Proposal\PrivateCoach\Project-EchoesofEquity\data/wav\1912_wof_n03.wav,C:\MyProjects\Project-Proposal\PrivateCoach\Project-EchoesofEquity\data/melspec\1912_wof_n03.npy,1912,white,older,female,neutral,3,,1.981291667,204.4442193,40.04091023,
C:\MyProjects\Project-Proposal\PrivateCoach\Project-EchoesofEquity\data/wav\1912_wof_n04c.wav,C:\MyProjects\Project-Proposal\PrivateCoach\Project-EchoesofEquity\data/melspec\1912_wof_n04c.npy,1912,white,older,female,neutral,4,c,2.094958333,183.0751234,59.61931655,
C:\MyProjects\Project-Proposal\PrivateCoach\Project-EchoesofEquity\data/wav\1912_wof_n05.wav,C:\MyProjects\Project-Proposal\PrivateCoach\Project-EchoesofEquity\data/melspec\1912_wof_n05.npy,1912,white,older,female,neutral,5,,1.778291667,197.8802432,44.26580104,
C:\MyProjects\Project-Proposal\PrivateCoach\Project-EchoesofEquity\data/wav\1912_wof_n06c.wav,C:\MyProjects\Project-Proposal\PrivateCoach\Project-EchoesofEquity\data/melspec\1912_wof_n06c.npy,1912,white,older,female,neutral,6,c,1.616604167,184.5648149,35.16853142,
C:\MyProjects\Project-Proposal\PrivateCoach\Project-EchoesofEquity\data/wav\1912_wof_n07.wav,C:\MyProjects\Project-Proposal\PrivateCoach\Project-EchoesofEquity\data/melspec\1912_wof_n07.npy,1912,white,older,female,neutral,7,,2.125,187.4325955,48.71586804,
C:\MyProjects\Project-Proposal\PrivateCoach\Project-EchoesofEquity\data/wav\1912_wof_n08.wav,C:\MyProjects\Project-Proposal\PrivateCoach\Project-EchoesofEquity\data/melspec\1912_wof_n08.npy,1912,white,older,female,neutral,8,,2.0005,205.846372,47.47970517,
C:\MyProjects\Project-Proposal\PrivateCoach\Project-EchoesofEquity\data/wav\1912_wof_t03.wav,C:\MyProjects\Project-Proposal\PrivateCoach\Project-EchoesofEquity\data/melspec\1912_wof_t03.npy,1912,white,older,female,trustworthy,3,,2.14175,216.4559535,62.12966405,
C:\MyProjects\Project-Proposal\PrivateCoach\Project-EchoesofEquity\data/wav\1912_wof_t04c.wav,C:\MyProjects\Project-Proposal\PrivateCoach\Project-EchoesofEquity\data/melspec\1912_wof_t04c.npy,1912,white,older,female,trustworthy,4,c,1.6029375,201.9769887,73.30742113,
C:\MyProjects\Project-Proposal\PrivateCoach\Project-EchoesofEquity\data/wav\1912_wof_t05c.wav,C:\MyProjects\Project-Proposal\PrivateCoach\Project-EchoesofEquity\data/melspec\1912_wof_t05c.npy,1912,white,older,female,trustworthy,5,c,1.636479167,213.4768188,78.2311975,
C:\MyProjects\Project-Proposal\PrivateCoach\Project-EchoesofEquity\data/wav\1912_wof_t06c.wav,C:\MyProjects\Project-Proposal\PrivateCoach\Project-EchoesofEquity\data/melspec\1912_wof_t06c.npy,1912,white,older,female,trustworthy,6,c,1.577645833,223.868214,59.90236893,
C:\MyProjects\Project-Proposal\PrivateCoach\Project-EchoesofEquity\data/wav\1912_wof_t07.wav,C:\MyProjects\Project-Proposal\PrivateCoach\Project-EchoesofEquity\data/melspec\1912_wof_t07.npy,1912,white,older,female,trustworthy,7,,1.9584375,210.3494641,60.62004866,
C:\MyProjects\Project-Proposal\PrivateCoach\Project-EchoesofEquity\data/wav\1912_wof_t08c.wav,C:\MyProjects\Project-Proposal\PrivateCoach\Project-EchoesofEquity\data/melspec\1912_wof_t08c.npy,1912,white,older,female,trustworthy,8,c,1.917458333,192.0976591,68.17611688,
C:\MyProjects\Project-Proposal\PrivateCoach\Project-EchoesofEquity\data/wav\1913_aym_n03.wav,C:\MyProjects\Project-Proposal\PrivateCoach\Project-EchoesofEquity\data/melspec\1913_aym_n03.npy,1913,south_asian,younger,male,neutral,3,,1.804,128.8090185,24.21276527,
C:\MyProjects\Project-Proposal\PrivateCoach\Project-EchoesofEquity\data/wav\1913_aym_n04c.wav,C:\MyProjects\Project-Proposal\PrivateCoach\Project-EchoesofEquity\data/melspec\1913_aym_n04c.npy,1913,south_asian,younger,male,neutral,4,c,1.875916667,136.7685236,32.49810537,
C:\MyProjects\Project-Proposal\PrivateCoach\Project-EchoesofEquity\data/wav\1913_aym_n05c.wav,C:\MyProjects\Project-Proposal\PrivateCoach\Project-EchoesofEquity\data/melspec\1913_aym_n05c.npy,1913,south_asian,younger,male,neutral,5,c,1.611520833,141.6115952,60.63688304,
C:\MyProjects\Project-Proposal\PrivateCoach\Project-EchoesofEquity\data/wav\1913_aym_n06c.wav,C:\MyProjects\Project-Proposal\PrivateCoach\Project-EchoesofEquity\data/melspec\1913_aym_n06c.npy,1913,south_asian,younger,male,neutral,6,c,1.454,133.1506535,22.20281436,
C:\MyProjects\Project-Proposal\PrivateCoach\Project-EchoesofEquity\data/wav\1913_aym_n07.wav,C:\MyProjects\Project-Proposal\PrivateCoach\Project-EchoesofEquity\data/melspec\1913_aym_n07.npy,1913,south_asian,younger,male,neutral,7,,1.570916667,155.2323647,32.38401908,
C:\MyProjects\Project-Proposal\PrivateCoach\Project-EchoesofEquity\data/wav\1913_aym_n08.wav,C:\MyProjects\Project-Proposal\PrivateCoach\Project-EchoesofEquity\data/melspec\1913_aym_n08.npy,1913,south_asian,younger,male,neutral,8,,1.6799375,148.1912734,34.75881059,
C:\MyProjects\Project-Proposal\PrivateCoach\Project-EchoesofEquity\data/wav\1913_aym_t03c.wav,C:\MyProjects\Project-Proposal\PrivateCoach\Project-EchoesofEquity\data/melspec\1913_aym_t03c.npy,1913,south_asian,younger,male,trustworthy,3,c,2.0163125,139.6715535,44.57515482,
C:\MyProjects\Project-Proposal\PrivateCoach\Project-EchoesofEquity\data/wav\1913_aym_t04c.wav,C:\MyProjects\Project-Proposal\PrivateCoach\Project-EchoesofEquity\data/melspec\1913_aym_t04c.npy,1913,south_asian,younger,male,trustworthy,4,c,1.297958333,148.2309461,43.77105463,
C:\MyProjects\Project-Proposal\PrivateCoach\Project-EchoesofEquity\data/wav\1913_aym_t05c.wav,C:\MyProjects\Project-Proposal\PrivateCoach\Project-EchoesofEquity\data/melspec\1913_aym_t05c.npy,1913,south_asian,younger,male,trustworthy,5,c,1.3124375,123.7548997,21.09588047,
C:\MyProjects\Project-Proposal\PrivateCoach\Project-EchoesofEquity\data/wav\1913_aym_t06.wav,C:\MyProjects\Project-Proposal\PrivateCoach\Project-EchoesofEquity\data/melspec\1913_aym_t06.npy,1913,south_asian,younger,male,trustworthy,6,,1.1156875,158.0790142,68.314695,
C:\MyProjects\Project-Proposal\PrivateCoach\Project-EchoesofEquity\data/wav\1913_aym_t07c.wav,C:\MyProjects\Project-Proposal\PrivateCoach\Project-EchoesofEquity\data/melspec\1913_aym_t07c.npy,1913,south_asian,younger,male,trustworthy,7,c,1.525375,167.3773944,50.18696117,
C:\MyProjects\Project-Proposal\PrivateCoach\Project-EchoesofEquity\data/wav\1913_aym_t08c.wav,C:\MyProjects\Project-Proposal\PrivateCoach\Project-EchoesofEquity\data/melspec\1913_aym_t08c.npy,1913,south_asian,younger,male,trustworthy,8,c,1.275520833,139.6458248,42.17835827,
C:\MyProjects\Project-Proposal\PrivateCoach\Project-EchoesofEquity\data/wav\1914_wof_n05c.wav,C:\MyProjects\Project-Proposal\PrivateCoach\Project-EchoesofEquity\data/melspec\1914_wof_n05c.npy,1914,white,older,female,neutral,5,c,1.481729167,186.354391,46.85148744,
C:\MyProjects\Project-Proposal\PrivateCoach\Project-EchoesofEquity\data/wav\1914_wof_n06c.wav,C:\MyProjects\Project-Proposal\PrivateCoach\Project-EchoesofEquity\data/melspec\1914_wof_n06c.npy,1914,white,older,female,neutral,6,c,1.588958333,231.1233837,60.61390915,
C:\MyProjects\Project-Proposal\PrivateCoach\Project-EchoesofEquity\data/wav\1914_wof_n07c.wav,C:\MyProjects\Project-Proposal\PrivateCoach\Project-EchoesofEquity\data/melspec\1914_wof_n07c.npy,1914,white,older,female,neutral,7,c,1.440229167,192.4260203,78.98951327,
C:\MyProjects\Project-Proposal\PrivateCoach\Project-EchoesofEquity\data/wav\1914_wof_n08c.wav,C:\MyProjects\Project-Proposal\PrivateCoach\Project-EchoesofEquity\data/melspec\1914_wof_n08c.npy,1914,white,older,female,neutral,8,c,1.708854167,176.2502431,67.08451098,
C:\MyProjects\Project-Proposal\PrivateCoach\Project-EchoesofEquity\data/wav\1914_wof_n09.wav,C:\MyProjects\Project-Proposal\PrivateCoach\Project-EchoesofEquity\data/melspec\1914_wof_n09.npy,1914,white,older,female,neutral,9,,1.723520833,148.1685345,23.17813628,
C:\MyProjects\Project-Proposal\PrivateCoach\Project-EchoesofEquity\data/wav\1914_wof_n10c.wav,C:\MyProjects\Project-Proposal\PrivateCoach\Project-EchoesofEquity\data/melspec\1914_wof_n10c.npy,1914,white,older,female,neutral,10,c,2.253833333,196.5640727,33.8662912,
C:\MyProjects\Project-Proposal\PrivateCoach\Project-EchoesofEquity\data/wav\1914_wof_t05.wav,C:\MyProjects\Project-Proposal\PrivateCoach\Project-EchoesofEquity\data/melspec\1914_wof_t05.npy,1914,white,older,female,trustworthy,5,,1.843666667,194.7448344,61.29409278,
C:\MyProjects\Project-Proposal\PrivateCoach\Project-EchoesofEquity\data/wav\1914_wof_t06.wav,C:\MyProjects\Project-Proposal\PrivateCoach\Project-EchoesofEquity\data/melspec\1914_wof_t06.npy,1914,white,older,female,trustworthy,6,,1.518645833,187.6392097,64.764566,
C:\MyProjects\Project-Proposal\PrivateCoach\Project-EchoesofEquity\data/wav\1914_wof_t07cc.wav,C:\MyProjects\Project-Proposal\PrivateCoach\Project-EchoesofEquity\data/melspec\1914_wof_t07cc.npy,1914,white,older,female,trustworthy,7,cc,1.325291667,192.6834533,86.89363469,
C:\MyProjects\Project-Proposal\PrivateCoach\Project-EchoesofEquity\data/wav\1914_wof_t08cc.wav,C:\MyProjects\Project-Proposal\PrivateCoach\Project-EchoesofEquity\data/melspec\1914_wof_t08cc.npy,1914,white,older,female,trustworthy,8,cc,1.5063125,155.3689597,41.76078577,
C:\MyProjects\Project-Proposal\PrivateCoach\Project-EchoesofEquity\data/wav\1914_wof_t09.wav,C:\MyProjects\Project-Proposal\PrivateCoach\Project-EchoesofEquity\data/melspec\1914_wof_t09.npy,1914,white,older,female,trustworthy,9,,1.573916667,148.1193517,41.39959865,
C:\MyProjects\Project-Proposal\PrivateCoach\Project-EchoesofEquity\data/wav\1914_wof_t10.wav,C:\MyProjects\Project-Proposal\PrivateCoach\Project-EchoesofEquity\data/melspec\1914_wof_t10.npy,1914,white,older,female,trustworthy,10,,1.791,204.9710499,53.92583501,
C:\MyProjects\Project-Proposal\PrivateCoach\Project-EchoesofEquity\data/wav\1915_bym_n03.wav,C:\MyProjects\Project-Proposal\PrivateCoach\Project-EchoesofEquity\data/melspec\1915_bym_n03.npy,1915,black,younger,male,neutral,3,,1.7689375,122.463593,12.31374779,
C:\MyProjects\Project-Proposal\PrivateCoach\Project-EchoesofEquity\data/wav\1915_bym_n04.wav,C:\MyProjects\Project-Proposal\PrivateCoach\Project-EchoesofEquity\data/melspec\1915_bym_n04.npy,1915,black,younger,male,neutral,4,,1.223208333,126.7898638,17.64194592,
C:\MyProjects\Project-Proposal\PrivateCoach\Project-EchoesofEquity\data/wav\1915_bym_n05.wav,C:\MyProjects\Project-Proposal\PrivateCoach\Project-EchoesofEquity\data/melspec\1915_bym_n05.npy,1915,black,younger,male,neutral,5,,1.2903125,129.1987179,28.86732367,
C:\MyProjects\Project-Proposal\PrivateCoach\Project-EchoesofEquity\data/wav\1915_bym_n06.wav,C:\MyProjects\Project-Proposal\PrivateCoach\Project-EchoesofEquity\data/melspec\1915_bym_n06.npy,1915,black,younger,male,neutral,6,,1.273354167,132.0618777,12.57912406,
C:\MyProjects\Project-Proposal\PrivateCoach\Project-EchoesofEquity\data/wav\1915_bym_n07.wav,C:\MyProjects\Project-Proposal\PrivateCoach\Project-EchoesofEquity\data/melspec\1915_bym_n07.npy,1915,black,younger,male,neutral,7,,1.2634375,129.9953332,18.03043646,
C:\MyProjects\Project-Proposal\PrivateCoach\Project-EchoesofEquity\data/wav\1915_bym_n08.wav,C:\MyProjects\Project-Proposal\PrivateCoach\Project-EchoesofEquity\data/melspec\1915_bym_n08.npy,1915,black,younger,male,neutral,8,,1.161791667,123.015341,15.35352744,
C:\MyProjects\Project-Proposal\PrivateCoach\Project-EchoesofEquity\data/wav\1915_bym_t03c.wav,C:\MyProjects\Project-Proposal\PrivateCoach\Project-EchoesofEquity\data/melspec\1915_bym_t03c.npy,1915,black,younger,male,trustworthy,3,c,1.953770833,138.5103699,15.1669478,
C:\MyProjects\Project-Proposal\PrivateCoach\Project-EchoesofEquity\data/wav\1915_bym_t04.wav,C:\MyProjects\Project-Proposal\PrivateCoach\Project-EchoesofEquity\data/melspec\1915_bym_t04.npy,1915,black,younger,male,trustworthy,4,,1.217229167,134.0887461,29.35245168,
C:\MyProjects\Project-Proposal\PrivateCoach\Project-EchoesofEquity\data/wav\1915_bym_t05c.wav,C:\MyProjects\Project-Proposal\PrivateCoach\Project-EchoesofEquity\data/melspec\1915_bym_t05c.npy,1915,black,younger,male,trustworthy,5,c,1.405520833,149.5704662,40.71313223,
C:\MyProjects\Project-Proposal\PrivateCoach\Project-EchoesofEquity\data/wav\1915_bym_t06c.wav,C:\MyProjects\Project-Proposal\PrivateCoach\Project-EchoesofEquity\data/melspec\1915_bym_t06c.npy,1915,black,younger,male,trustworthy,6,c,1.3446875,177.0103003,36.83035758,
C:\MyProjects\Project-Proposal\PrivateCoach\Project-EchoesofEquity\data/wav\1915_bym_t07c.wav,C:\MyProjects\Project-Proposal\PrivateCoach\Project-EchoesofEquity\data/melspec\1915_bym_t07c.npy,1915,black,younger,male,trustworthy,7,c,1.366354167,161.0613479,28.53402868,
C:\MyProjects\Project-Proposal\PrivateCoach\Project-EchoesofEquity\data/wav\1915_bym_t08.wav,C:\MyProjects\Project-Proposal\PrivateCoach\Project-EchoesofEquity\data/melspec\1915_bym_t08.npy,1915,black,younger,male,trustworthy,8,,1.268375,129.6675376,27.39854087,
C:\MyProjects\Project-Proposal\PrivateCoach\Project-EchoesofEquity\data/wav\1916_wom_n05.wav,C:\MyProjects\Project-Proposal\PrivateCoach\Project-EchoesofEquity\data/melspec\1916_wom_n05.npy,1916,white,older,male,neutral,5,,1.527666667,134.9590242,15.41557924,
C:\MyProjects\Project-Proposal\PrivateCoach\Project-EchoesofEquity\data/wav\1916_wom_n06.wav,C:\MyProjects\Project-Proposal\PrivateCoach\Project-EchoesofEquity\data/melspec\1916_wom_n06.npy,1916,white,older,male,neutral,6,,1.5031875,127.602603,8.538276323,
C:\MyProjects\Project-Proposal\PrivateCoach\Project-EchoesofEquity\data/wav\1916_wom_n07.wav,C:\MyProjects\Project-Proposal\PrivateCoach\Project-EchoesofEquity\data/melspec\1916_wom_n07.npy,1916,white,older,male,neutral,7,,1.603520833,133.8801732,11.71402666,
C:\MyProjects\Project-Proposal\PrivateCoach\Project-EchoesofEquity\data/wav\1916_wom_n08c.wav,C:\MyProjects\Project-Proposal\PrivateCoach\Project-EchoesofEquity\data/melspec\1916_wom_n08c.npy,1916,white,older,male,neutral,8,c,1.440729167,132.1271327,12.28594193,
C:\MyProjects\Project-Proposal\PrivateCoach\Project-EchoesofEquity\data/wav\1916_wom_n09c.wav,C:\MyProjects\Project-Proposal\PrivateCoach\Project-EchoesofEquity\data/melspec\1916_wom_n09c.npy,1916,white,older,male,neutral,9,c,1.2759375,126.181077,8.557551868,
C:\MyProjects\Project-Proposal\PrivateCoach\Project-EchoesofEquity\data/wav\1916_wom_n10c.wav,C:\MyProjects\Project-Proposal\PrivateCoach\Project-EchoesofEquity\data/melspec\1916_wom_n10c.npy,1916,white,older,male,neutral,10,c,1.942125,134.2173509,26.33801808,
C:\MyProjects\Project-Proposal\PrivateCoach\Project-EchoesofEquity\data/wav\1916_wom_t05.wav,C:\MyProjects\Project-Proposal\PrivateCoach\Project-EchoesofEquity\data/melspec\1916_wom_t05.npy,1916,white,older,male,trustworthy,5,,1.4551875,154.185587,30.12118254,
C:\MyProjects\Project-Proposal\PrivateCoach\Project-EchoesofEquity\data/wav\1916_wom_t06.wav,C:\MyProjects\Project-Proposal\PrivateCoach\Project-EchoesofEquity\data/melspec\1916_wom_t06.npy,1916,white,older,male,trustworthy,6,,1.290604167,162.5316141,18.60596592,
C:\MyProjects\Project-Proposal\PrivateCoach\Project-EchoesofEquity\data/wav\1916_wom_t07.wav,C:\MyProjects\Project-Proposal\PrivateCoach\Project-EchoesofEquity\data/melspec\1916_wom_t07.npy,1916,white,older,male,trustworthy,7,,1.344479167,163.5470947,20.21537643,
C:\MyProjects\Project-Proposal\PrivateCoach\Project-EchoesofEquity\data/wav\1916_wom_t08.wav,C:\MyProjects\Project-Proposal\PrivateCoach\Project-EchoesofEquity\data/melspec\1916_wom_t08.npy,1916,white,older,male,trustworthy,8,,1.7253125,142.1860223,27.16117712,
C:\MyProjects\Project-Proposal\PrivateCoach\Project-EchoesofEquity\data/wav\1916_wom_t09c.wav,C:\MyProjects\Project-Proposal\PrivateCoach\Project-EchoesofEquity\data/melspec\1916_wom_t09c.npy,1916,white,older,male,trustworthy,9,c,1.227416667,121.6187559,23.80381162,
C:\MyProjects\Project-Proposal\PrivateCoach\Project-EchoesofEquity\data/wav\1916_wom_t10c.wav,C:\MyProjects\Project-Proposal\PrivateCoach\Project-EchoesofEquity\data/melspec\1916_wom_t10c.npy,1916,white,older,male,trustworthy,10,c,2.391041667,143.7544147,24.91621987,
C:\MyProjects\Project-Proposal\PrivateCoach\Project-EchoesofEquity\data/wav\1917_byf_n03c.wav,C:\MyProjects\Project-Proposal\PrivateCoach\Project-EchoesofEquity\data/melspec\1917_byf_n03c.npy,1917,black,younger,female,neutral,3,c,1.380583333,161.2815562,32.11452511,
C:\MyProjects\Project-Proposal\PrivateCoach\Project-EchoesofEquity\data/wav\1917_byf_n04.wav,C:\MyProjects\Project-Proposal\PrivateCoach\Project-EchoesofEquity\data/melspec\1917_byf_n04.npy,1917,black,younger,female,neutral,4,,1.457458333,164.1702389,15.12919291,
C:\MyProjects\Project-Proposal\PrivateCoach\Project-EchoesofEquity\data/wav\1917_byf_n05.wav,C:\MyProjects\Project-Proposal\PrivateCoach\Project-EchoesofEquity\data/melspec\1917_byf_n05.npy,1917,black,younger,female,neutral,5,,1.382541667,166.5550712,21.39684538,
C:\MyProjects\Project-Proposal\PrivateCoach\Project-EchoesofEquity\data/wav\1917_byf_n06.wav,C:\MyProjects\Project-Proposal\PrivateCoach\Project-EchoesofEquity\data/melspec\1917_byf_n06.npy,1917,black,younger,female,neutral,6,,1.356166667,155.8730065,21.91279509,
C:\MyProjects\Project-Proposal\PrivateCoach\Project-EchoesofEquity\data/wav\1917_byf_n07.wav,C:\MyProjects\Project-Proposal\PrivateCoach\Project-EchoesofEquity\data/melspec\1917_byf_n07.npy,1917,black,younger,female,neutral,7,,1.338458333,163.8952275,5.889236348,
C:\MyProjects\Project-Proposal\PrivateCoach\Project-EchoesofEquity\data/wav\1917_byf_n08.wav,C:\MyProjects\Project-Proposal\PrivateCoach\Project-EchoesofEquity\data/melspec\1917_byf_n08.npy,1917,black,younger,female,neutral,8,,1.318666667,153.429902,19.45067477,
C:\MyProjects\Project-Proposal\PrivateCoach\Project-EchoesofEquity\data/wav\1917_byf_t03.wav,C:\MyProjects\Project-Proposal\PrivateCoach\Project-EchoesofEquity\data/melspec\1917_byf_t03.npy,1917,black,younger,female,trustworthy,3,,1.6676875,206.6176375,43.30283473,
C:\MyProjects\Project-Proposal\PrivateCoach\Project-EchoesofEquity\data/wav\1917_byf_t04.wav,C:\MyProjects\Project-Proposal\PrivateCoach\Project-EchoesofEquity\data/melspec\1917_byf_t04.npy,1917,black,younger,female,trustworthy,4,,1.1890625,196.6119413,22.57882109,
C:\MyProjects\Project-Proposal\PrivateCoach\Project-EchoesofEquity\data/wav\1917_byf_t05.wav,C:\MyProjects\Project-Proposal\PrivateCoach\Project-EchoesofEquity\data/melspec\1917_byf_t05.npy,1917,black,younger,female,trustworthy,5,,1.234666667,207.1563237,52.1525931,
C:\MyProjects\Project-Proposal\PrivateCoach\Project-EchoesofEquity\data/wav\1917_byf_t06.wav,C:\MyProjects\Project-Proposal\PrivateCoach\Project-EchoesofEquity\data/melspec\1917_byf_t06.npy,1917,black,younger,female,trustworthy,6,,1.195625,211.2123012,70.81591563,
C:\MyProjects\Project-Proposal\PrivateCoach\Project-EchoesofEquity\data/wav\1917_byf_t07.wav,C:\MyProjects\Project-Proposal\PrivateCoach\Project-EchoesofEquity\data/melspec\1917_byf_t07.npy,1917,black,younger,female,trustworthy,7,,1.142020833,234.4813281,52.38067866,
C:\MyProjects\Project-Proposal\PrivateCoach\Project-EchoesofEquity\data/wav\1917_byf_t08.wav,C:\MyProjects\Project-Proposal\PrivateCoach\Project-EchoesofEquity\data/melspec\1917_byf_t08.npy,1917,black,younger,female,trustworthy,8,,1.4833125,194.331818,36.23139636,
C:\MyProjects\Project-Proposal\PrivateCoach\Project-EchoesofEquity\data/wav\1918_ayf_n03c.wav,C:\MyProjects\Project-Proposal\PrivateCoach\Project-EchoesofEquity\data/melspec\1918_ayf_n03c.npy,1918,south_asian,younger,female,neutral,3,c,1.747479167,197.5406584,34.34915774,
C:\MyProjects\Project-Proposal\PrivateCoach\Project-EchoesofEquity\data/wav\1918_ayf_n04.wav,C:\MyProjects\Project-Proposal\PrivateCoach\Project-EchoesofEquity\data/melspec\1918_ayf_n04.npy,1918,south_asian,younger,female,neutral,4,,1.320791667,191.5742383,11.59777605,
C:\MyProjects\Project-Proposal\PrivateCoach\Project-EchoesofEquity\data/wav\1918_ayf_n05.wav,C:\MyProjects\Project-Proposal\PrivateCoach\Project-EchoesofEquity\data/melspec\1918_ayf_n05.npy,1918,south_asian,younger,female,neutral,5,,1.431,199.7208299,25.878025,
C:\MyProjects\Project-Proposal\PrivateCoach\Project-EchoesofEquity\data/wav\1918_ayf_n06.wav,C:\MyProjects\Project-Proposal\PrivateCoach\Project-EchoesofEquity\data/melspec\1918_ayf_n06.npy,1918,south_asian,younger,female,neutral,6,,1.088333333,187.9162094,23.04069488,
C:\MyProjects\Project-Proposal\PrivateCoach\Project-EchoesofEquity\data/wav\1918_ayf_n07.wav,C:\MyProjects\Project-Proposal\PrivateCoach\Project-EchoesofEquity\data/melspec\1918_ayf_n07.npy,1918,south_asian,younger,female,neutral,7,,1.5369375,196.6768062,22.50072662,
C:\MyProjects\Project-Proposal\PrivateCoach\Project-EchoesofEquity\data/wav\1918_ayf_n08c.wav,C:\MyProjects\Project-Proposal\PrivateCoach\Project-EchoesofEquity\data/melspec\1918_ayf_n08c.npy,1918,south_asian,younger,female,neutral,8,c,1.5794375,176.3711566,35.69822165,
C:\MyProjects\Project-Proposal\PrivateCoach\Project-EchoesofEquity\data/wav\1918_ayf_t03.wav,C:\MyProjects\Project-Proposal\PrivateCoach\Project-EchoesofEquity\data/melspec\1918_ayf_t03.npy,1918,south_asian,younger,female,trustworthy,3,,1.416125,211.7753241,51.77429169,
C:\MyProjects\Project-Proposal\PrivateCoach\Project-EchoesofEquity\data/wav\1918_ayf_t04.wav,C:\MyProjects\Project-Proposal\PrivateCoach\Project-EchoesofEquity\data/melspec\1918_ayf_t04.npy,1918,south_asian,younger,female,trustworthy,4,,1.222229167,254.1168889,69.6592727,
C:\MyProjects\Project-Proposal\PrivateCoach\Project-EchoesofEquity\data/wav\1918_ayf_t05.wav,C:\MyProjects\Project-Proposal\PrivateCoach\Project-EchoesofEquity\data/melspec\1918_ayf_t05.npy,1918,south_asian,younger,female,trustworthy,5,,1.3451875,290.1946309,60.12988066,
C:\MyProjects\Project-Proposal\PrivateCoach\Project-EchoesofEquity\data/wav\1918_ayf_t06.wav,C:\MyProjects\Project-Proposal\PrivateCoach\Project-EchoesofEquity\data/melspec\1918_ayf_t06.npy,1918,south_asian,younger,female,trustworthy,6,,1.0456875,276.5197899,81.29548591,
C:\MyProjects\Project-Proposal\PrivateCoach\Project-EchoesofEquity\data/wav\1918_ayf_t07.wav,C:\MyProjects\Project-Proposal\PrivateCoach\Project-EchoesofEquity\data/melspec\1918_ayf_t07.npy,1918,south_asian,younger,female,trustworthy,7,,1.2639375,242.9514949,58.2262789,
C:\MyProjects\Project-Proposal\PrivateCoach\Project-EchoesofEquity\data/wav\1918_ayf_t08.wav,C:\MyProjects\Project-Proposal\PrivateCoach\Project-EchoesofEquity\data/melspec\1918_ayf_t08.npy,1918,south_asian,younger,female,trustworthy,8,,1.133958333,189.3159484,41.14554954,
C:\MyProjects\Project-Proposal\PrivateCoach\Project-EchoesofEquity\data/wav\1923_wom_n07c.wav,C:\MyProjects\Project-Proposal\PrivateCoach\Project-EchoesofEquity\data/melspec\1923_wom_n07c.npy,1923,white,older,male,neutral,7,c,1.871291667,96.05871063,8.589644183,
C:\MyProjects\Project-Proposal\PrivateCoach\Project-EchoesofEquity\data/wav\1923_wom_n08c.wav,C:\MyProjects\Project-Proposal\PrivateCoach\Project-EchoesofEquity\data/melspec\1923_wom_n08c.npy,1923,white,older,male,neutral,8,c,1.8399375,92.89211763,9.985005408,
C:\MyProjects\Project-Proposal\PrivateCoach\Project-EchoesofEquity\data/wav\1923_wom_n09c.wav,C:\MyProjects\Project-Proposal\PrivateCoach\Project-EchoesofEquity\data/melspec\1923_wom_n09c.npy,1923,white,older,male,neutral,9,c,1.802833333,86.94250051,8.138285008,
C:\MyProjects\Project-Proposal\PrivateCoach\Project-EchoesofEquity\data/wav\1923_wom_n10.wav,C:\MyProjects\Project-Proposal\PrivateCoach\Project-EchoesofEquity\data/melspec\1923_wom_n10.npy,1923,white,older,male,neutral,10,,1.981375,94.67946781,12.8892629,
C:\MyProjects\Project-Proposal\PrivateCoach\Project-EchoesofEquity\data/wav\1923_wom_n11.wav,C:\MyProjects\Project-Proposal\PrivateCoach\Project-EchoesofEquity\data/melspec\1923_wom_n11.npy,1923,white,older,male,neutral,11,,1.971,91.65812503,8.762041845,
C:\MyProjects\Project-Proposal\PrivateCoach\Project-EchoesofEquity\data/wav\1923_wom_n12c.wav,C:\MyProjects\Project-Proposal\PrivateCoach\Project-EchoesofEquity\data/melspec\1923_wom_n12c.npy,1923,white,older,male,neutral,12,c,1.861125,86.31259262,13.0950564,
C:\MyProjects\Project-Proposal\PrivateCoach\Project-EchoesofEquity\data/wav\1923_wom_t07c_version2.wav,C:\MyProjects\Project-Proposal\PrivateCoach\Project-EchoesofEquity\data/melspec\1923_wom_t07c_version2.npy,1923,white,older,male,trustworthy,7,c_version2,1.6875625,95.12667907,19.93266083,
C:\MyProjects\Project-Proposal\PrivateCoach\Project-EchoesofEquity\data/wav\1923_wom_t08.wav,C:\MyProjects\Project-Proposal\PrivateCoach\Project-EchoesofEquity\data/melspec\1923_wom_t08.npy,1923,white,older,male,trustworthy,8,,1.528354167,116.411356,27.01937639,
C:\MyProjects\Project-Proposal\PrivateCoach\Project-EchoesofEquity\data/wav\1923_wom_t09.wav,C:\MyProjects\Project-Proposal\PrivateCoach\Project-EchoesofEquity\data/melspec\1923_wom_t09.npy,1923,white,older,male,trustworthy,9,,2.0655,98.56600687,16.10030633,
C:\MyProjects\Project-Proposal\PrivateCoach\Project-EchoesofEquity\data/wav\1923_wom_t10.wav,C:\MyProjects\Project-Proposal\PrivateCoach\Project-EchoesofEquity\data/melspec\1923_wom_t10.npy,1923,white,older,male,trustworthy,10,,2.487979167,108.3955998,19.74977112,
C:\MyProjects\Project-Proposal\PrivateCoach\Project-EchoesofEquity\data/wav\1923_wom_t11.wav,C:\MyProjects\Project-Proposal\PrivateCoach\Project-EchoesofEquity\data/melspec\1923_wom_t11.npy,1923,white,older,male,trustworthy,11,,2.1266875,100.2406948,14.98516965,
C:\MyProjects\Project-Proposal\PrivateCoach\Project-EchoesofEquity\data/wav\1923_wom_t12c_version2.wav,C:\MyProjects\Project-Proposal\PrivateCoach\Project-EchoesofEquity\data/melspec\1923_wom_t12c_version2.npy,1923,white,older,male,trustworthy,12,c_version2,1.792604167,94.42532806,27.49557783,
C:\MyProjects\Project-Proposal\PrivateCoach\Project-EchoesofEquity\data/wav\1924_bym_n05.wav,C:\MyProjects\Project-Proposal\PrivateCoach\Project-EchoesofEquity\data/melspec\1924_bym_n05.npy,1924,black,younger,male,neutral,5,,2.180833333,165.1321799,45.59177553,
C:\MyProjects\Project-Proposal\PrivateCoach\Project-EchoesofEquity\data/wav\1924_bym_n06.wav,C:\MyProjects\Project-Proposal\PrivateCoach\Project-EchoesofEquity\data/melspec\1924_bym_n06.npy,1924,black,younger,male,neutral,6,,2.194645833,158.3795155,13.3566559,
C:\MyProjects\Project-Proposal\PrivateCoach\Project-EchoesofEquity\data/wav\1924_bym_n07.wav,C:\MyProjects\Project-Proposal\PrivateCoach\Project-EchoesofEquity\data/melspec\1924_bym_n07.npy,1924,black,younger,male,neutral,7,,2.191875,148.8384929,25.1941423,
C:\MyProjects\Project-Proposal\PrivateCoach\Project-EchoesofEquity\data/wav\1924_bym_n08.wav,C:\MyProjects\Project-Proposal\PrivateCoach\Project-EchoesofEquity\data/melspec\1924_bym_n08.npy,1924,black,younger,male,neutral,8,,2.647395833,156.4521065,29.61616259,
C:\MyProjects\Project-Proposal\PrivateCoach\Project-EchoesofEquity\data/wav\1924_bym_n09.wav,C:\MyProjects\Project-Proposal\PrivateCoach\Project-EchoesofEquity\data/melspec\1924_bym_n09.npy,1924,black,younger,male,neutral,9,,2.844729167,158.9994653,40.13123248,
C:\MyProjects\Project-Proposal\PrivateCoach\Project-EchoesofEquity\data/wav\1924_bym_n10.wav,C:\MyProjects\Project-Proposal\PrivateCoach\Project-EchoesofEquity\data/melspec\1924_bym_n10.npy,1924,black,younger,male,neutral,10,,2.997895833,151.2015377,25.63110288,
C:\MyProjects\Project-Proposal\PrivateCoach\Project-EchoesofEquity\data/wav\1924_bym_t05c.wav,C:\MyProjects\Project-Proposal\PrivateCoach\Project-EchoesofEquity\data/melspec\1924_bym_t05c.npy,1924,black,younger,male,trustworthy,5,c,1.512583333,162.6212243,31.97032824,
C:\MyProjects\Project-Proposal\PrivateCoach\Project-EchoesofEquity\data/wav\1924_bym_t06c.wav,C:\MyProjects\Project-Proposal\PrivateCoach\Project-EchoesofEquity\data/melspec\1924_bym_t06c.npy,1924,black,younger,male,trustworthy,6,c,1.295770833,151.5396913,19.55965579,
C:\MyProjects\Project-Proposal\PrivateCoach\Project-EchoesofEquity\data/wav\1924_bym_t07c.wav,C:\MyProjects\Project-Proposal\PrivateCoach\Project-EchoesofEquity\data/melspec\1924_bym_t07c.npy,1924,black,younger,male,trustworthy,7,c,1.333166667,159.3091037,30.12503154,
C:\MyProjects\Project-Proposal\PrivateCoach\Project-EchoesofEquity\data/wav\1924_bym_t08c.wav,C:\MyProjects\Project-Proposal\PrivateCoach\Project-EchoesofEquity\data/melspec\1924_bym_t08c.npy,1924,black,younger,male,trustworthy,8,c,1.456458333,155.7225927,28.31288604,
C:\MyProjects\Project-Proposal\PrivateCoach\Project-EchoesofEquity\data/wav\1924_bym_t09c.wav,C:\MyProjects\Project-Proposal\PrivateCoach\Project-EchoesofEquity\data/melspec\1924_bym_t09c.npy,1924,black,younger,male,trustworthy,9,c,1.2798125,183.2059446,85.45055232,
C:\MyProjects\Project-Proposal\PrivateCoach\Project-EchoesofEquity\data/wav\1924_bym_t10c.wav,C:\MyProjects\Project-Proposal\PrivateCoach\Project-EchoesofEquity\data/melspec\1924_bym_t10c.npy,1924,black,younger,male,trustworthy,10,c,1.767458333,174.051735,49.21824569,
C:\MyProjects\Project-Proposal\PrivateCoach\Project-EchoesofEquity\data/wav\1925_byf_n05c.wav,C:\MyProjects\Project-Proposal\PrivateCoach\Project-EchoesofEquity\data/melspec\1925_byf_n05c.npy,1925,black,younger,female,neutral,5,c,1.308229167,165.7028635,20.3571456,
C:\MyProjects\Project-Proposal\PrivateCoach\Project-EchoesofEquity\data/wav\1925_byf_n06c.wav,C:\MyProjects\Project-Proposal\PrivateCoach\Project-EchoesofEquity\data/melspec\1925_byf_n06c.npy,1925,black,younger,female,neutral,6,c,1.22475,165.0946232,10.66339255,
C:\MyProjects\Project-Proposal\PrivateCoach\Project-EchoesofEquity\data/wav\1925_byf_n07c.wav,C:\MyProjects\Project-Proposal\PrivateCoach\Project-EchoesofEquity\data/melspec\1925_byf_n07c.npy,1925,black,younger,female,neutral,7,c,1.3628125,158.1464418,21.00309763,
C:\MyProjects\Project-Proposal\PrivateCoach\Project-EchoesofEquity\data/wav\1925_byf_n08.wav,C:\MyProjects\Project-Proposal\PrivateCoach\Project-EchoesofEquity\data/melspec\1925_byf_n08.npy,1925,black,younger,female,neutral,8,,1.599833333,157.2264391,24.06825664,
C:\MyProjects\Project-Proposal\PrivateCoach\Project-EchoesofEquity\data/wav\1925_byf_n09.wav,C:\MyProjects\Project-Proposal\PrivateCoach\Project-EchoesofEquity\data/melspec\1925_byf_n09.npy,1925,black,younger,female,neutral,9,,1.427708333,157.0480764,26.61532611,
C:\MyProjects\Project-Proposal\PrivateCoach\Project-EchoesofEquity\data/wav\1925_byf_n10.wav,C:\MyProjects\Project-Proposal\PrivateCoach\Project-EchoesofEquity\data/melspec\1925_byf_n10.npy,1925,black,younger,female,neutral,10,,1.935395833,159.6112212,59.27579436,
C:\MyProjects\Project-Proposal\PrivateCoach\Project-EchoesofEquity\data/wav\1925_byf_t05.wav,C:\MyProjects\Project-Proposal\PrivateCoach\Project-EchoesofEquity\data/melspec\1925_byf_t05.npy,1925,black,younger,female,trustworthy,5,,1.636083333,194.8542183,28.40137579,
C:\MyProjects\Project-Proposal\PrivateCoach\Project-EchoesofEquity\data/wav\1925_byf_t06.wav,C:\MyProjects\Project-Proposal\PrivateCoach\Project-EchoesofEquity\data/melspec\1925_byf_t06.npy,1925,black,younger,female,trustworthy,6,,1.193,210.0837278,20.39400471,
C:\MyProjects\Project-Proposal\PrivateCoach\Project-EchoesofEquity\data/wav\1925_byf_t07c.wav,C:\MyProjects\Project-Proposal\PrivateCoach\Project-EchoesofEquity\data/melspec\1925_byf_t07c.npy,1925,black,younger,female,trustworthy,7,c,1.3840625,214.6095669,23.16763682,
C:\MyProjects\Project-Proposal\PrivateCoach\Project-EchoesofEquity\data/wav\1925_byf_t08.wav,C:\MyProjects\Project-Proposal\PrivateCoach\Project-EchoesofEquity\data/melspec\1925_byf_t08.npy,1925,black,younger,female,trustworthy,8,,1.309479167,177.7410731,35.40482142,
C:\MyProjects\Project-Proposal\PrivateCoach\Project-EchoesofEquity\data/wav\1925_byf_t09c.wav,C:\MyProjects\Project-Proposal\PrivateCoach\Project-EchoesofEquity\data/melspec\1925_byf_t09c.npy,1925,black,younger,female,trustworthy,9,c,1.541270833,185.3342098,21.44419218,
C:\MyProjects\Project-Proposal\PrivateCoach\Project-EchoesofEquity\data/wav\1925_byf_t10.wav,C:\MyProjects\Project-Proposal\PrivateCoach\Project-EchoesofEquity\data/melspec\1925_byf_t10.npy,1925,black,younger,female,trustworthy,10,,1.624479167,233.3069382,26.7815217,
C:\MyProjects\Project-Proposal\PrivateCoach\Project-EchoesofEquity\data/wav\1926_byf_n07c.wav,C:\MyProjects\Project-Proposal\PrivateCoach\Project-EchoesofEquity\data/melspec\1926_byf_n07c.npy,1926,black,younger,female,neutral,7,c,2.5611875,171.5598145,29.28023024,
C:\MyProjects\Project-Proposal\PrivateCoach\Project-EchoesofEquity\data/wav\1926_byf_n08c.wav,C:\MyProjects\Project-Proposal\PrivateCoach\Project-EchoesofEquity\data/melspec\1926_byf_n08c.npy,1926,black,younger,female,neutral,8,c,1.514333333,178.767753,34.62860865,
C:\MyProjects\Project-Proposal\PrivateCoach\Project-EchoesofEquity\data/wav\1926_byf_n09.wav,C:\MyProjects\Project-Proposal\PrivateCoach\Project-EchoesofEquity\data/melspec\1926_byf_n09.npy,1926,black,younger,female,neutral,9,,1.60625,169.2756247,16.53829959,
C:\MyProjects\Project-Proposal\PrivateCoach\Project-EchoesofEquity\data/wav\1926_byf_n10.wav,C:\MyProjects\Project-Proposal\PrivateCoach\Project-EchoesofEquity\data/melspec\1926_byf_n10.npy,1926,black,younger,female,neutral,10,,1.7731875,180.3062058,16.92641368,
C:\MyProjects\Project-Proposal\PrivateCoach\Project-EchoesofEquity\data/wav\1926_byf_n11.wav,C:\MyProjects\Project-Proposal\PrivateCoach\Project-EchoesofEquity\data/melspec\1926_byf_n11.npy,1926,black,younger,female,neutral,11,,1.755979167,173.0571081,15.35705056,
C:\MyProjects\Project-Proposal\PrivateCoach\Project-EchoesofEquity\data/wav\1926_byf_n12c.wav,C:\MyProjects\Project-Proposal\PrivateCoach\Project-EchoesofEquity\data/melspec\1926_byf_n12c.npy,1926,black,younger,female,neutral,12,c,1.626979167,170.3686005,19.46176844,
C:\MyProjects\Project-Proposal\PrivateCoach\Project-EchoesofEquity\data/wav\1926_byf_t07c.wav,C:\MyProjects\Project-Proposal\PrivateCoach\Project-EchoesofEquity\data/melspec\1926_byf_t07c.npy,1926,black,younger,female,trustworthy,7,c,1.603020833,168.2908147,35.98754951,
C:\MyProjects\Project-Proposal\PrivateCoach\Project-EchoesofEquity\data/wav\1926_byf_t08.wav,C:\MyProjects\Project-Proposal\PrivateCoach\Project-EchoesofEquity\data/melspec\1926_byf_t08.npy,1926,black,younger,female,trustworthy,8,,1.473291667,241.3670417,53.40150802,
C:\MyProjects\Project-Proposal\PrivateCoach\Project-EchoesofEquity\data/wav\1926_byf_t09.wav,C:\MyProjects\Project-Proposal\PrivateCoach\Project-EchoesofEquity\data/melspec\1926_byf_t09.npy,1926,black,younger,female,trustworthy,9,,1.9489375,180.9396447,29.62563648,
C:\MyProjects\Project-Proposal\PrivateCoach\Project-EchoesofEquity\data/wav\1926_byf_t10.wav,C:\MyProjects\Project-Proposal\PrivateCoach\Project-EchoesofEquity\data/melspec\1926_byf_t10.npy,1926,black,younger,female,trustworthy,10,,2.228895833,212.7168755,54.66829425,
C:\MyProjects\Project-Proposal\PrivateCoach\Project-EchoesofEquity\data/wav\1926_byf_t11c.wav,C:\MyProjects\Project-Proposal\PrivateCoach\Project-EchoesofEquity\data/melspec\1926_byf_t11c.npy,1926,black,younger,female,trustworthy,11,c,2.1305,183.8469771,34.8699293,
C:\MyProjects\Project-Proposal\PrivateCoach\Project-EchoesofEquity\data/wav\1926_byf_t12.wav,C:\MyProjects\Project-Proposal\PrivateCoach\Project-EchoesofEquity\data/melspec\1926_byf_t12.npy,1926,black,younger,female,trustworthy,12,,1.99225,199.4385607,23.04865761,
C:\MyProjects\Project-Proposal\PrivateCoach\Project-EchoesofEquity\data/wav\1927_aym_n05.wav,C:\MyProjects\Project-Proposal\PrivateCoach\Project-EchoesofEquity\data/melspec\1927_aym_n05.npy,1927,south_asian,younger,male,neutral,5,,1.3440625,129.4285786,9.001416728,
C:\MyProjects\Project-Proposal\PrivateCoach\Project-EchoesofEquity\data/wav\1927_aym_n06.wav,C:\MyProjects\Project-Proposal\PrivateCoach\Project-EchoesofEquity\data/melspec\1927_aym_n06.npy,1927,south_asian,younger,male,neutral,6,,1.130270833,135.405388,59.34918524,
C:\MyProjects\Project-Proposal\PrivateCoach\Project-EchoesofEquity\data/wav\1927_aym_n07.wav,C:\MyProjects\Project-Proposal\PrivateCoach\Project-EchoesofEquity\data/melspec\1927_aym_n07.npy,1927,south_asian,younger,male,neutral,7,,1.241708333,130.2788303,20.64688123,
C:\MyProjects\Project-Proposal\PrivateCoach\Project-EchoesofEquity\data/wav\1927_aym_n08.wav,C:\MyProjects\Project-Proposal\PrivateCoach\Project-EchoesofEquity\data/melspec\1927_aym_n08.npy,1927,south_asian,younger,male,neutral,8,,1.278166667,126.4988797,12.64150538,
C:\MyProjects\Project-Proposal\PrivateCoach\Project-EchoesofEquity\data/wav\1927_aym_n09.wav,C:\MyProjects\Project-Proposal\PrivateCoach\Project-EchoesofEquity\data/melspec\1927_aym_n09.npy,1927,south_asian,younger,male,neutral,9,,1.312375,136.1712376,19.996564,
C:\MyProjects\Project-Proposal\PrivateCoach\Project-EchoesofEquity\data/wav\1927_aym_n10.wav,C:\MyProjects\Project-Proposal\PrivateCoach\Project-EchoesofEquity\data/melspec\1927_aym_n10.npy,1927,south_asian,younger,male,neutral,10,,1.0749375,127.9105724,13.16289529,
C:\MyProjects\Project-Proposal\PrivateCoach\Project-EchoesofEquity\data/wav\1927_aym_t05.wav,C:\MyProjects\Project-Proposal\PrivateCoach\Project-EchoesofEquity\data/melspec\1927_aym_t05.npy,1927,south_asian,younger,male,trustworthy,5,,1.322270833,138.3070876,17.78850779,
C:\MyProjects\Project-Proposal\PrivateCoach\Project-EchoesofEquity\data/wav\1927_aym_t06.wav,C:\MyProjects\Project-Proposal\PrivateCoach\Project-EchoesofEquity\data/melspec\1927_aym_t06.npy,1927,south_asian,younger,male,trustworthy,6,,1.255458333,132.8474288,40.30251493,
C:\MyProjects\Project-Proposal\PrivateCoach\Project-EchoesofEquity\data/wav\1927_aym_t07.wav,C:\MyProjects\Project-Proposal\PrivateCoach\Project-EchoesofEquity\data/melspec\1927_aym_t07.npy,1927,south_asian,younger,male,trustworthy,7,,1.242354167,147.5320092,29.91573875,
C:\MyProjects\Project-Proposal\PrivateCoach\Project-EchoesofEquity\data/wav\1927_aym_t08.wav,C:\MyProjects\Project-Proposal\PrivateCoach\Project-EchoesofEquity\data/melspec\1927_aym_t08.npy,1927,south_asian,younger,male,trustworthy,8,,1.305395833,134.5195646,8.956004571,
C:\MyProjects\Project-Proposal\PrivateCoach\Project-EchoesofEquity\data/wav\1927_aym_t09.wav,C:\MyProjects\Project-Proposal\PrivateCoach\Project-EchoesofEquity\data/melspec\1927_aym_t09.npy,1927,south_asian,younger,male,trustworthy,9,,1.262041667,136.8254435,14.58119681,
C:\MyProjects\Project-Proposal\PrivateCoach\Project-EchoesofEquity\data/wav\1927_aym_t10.wav,C:\MyProjects\Project-Proposal\PrivateCoach\Project-EchoesofEquity\data/melspec\1927_aym_t10.npy,1927,south_asian,younger,male,trustworthy,10,,1.064395833,147.0499961,74.1482787,
C:\MyProjects\Project-Proposal\PrivateCoach\Project-EchoesofEquity\data/wav\1929_wof_n07.wav,C:\MyProjects\Project-Proposal\PrivateCoach\Project-EchoesofEquity\data/melspec\1929_wof_n07.npy,1929,white,older,female,neutral,7,,1.926583333,214.7370423,42.74194197,
C:\MyProjects\Project-Proposal\PrivateCoach\Project-EchoesofEquity\data/wav\1929_wof_n08.wav,C:\MyProjects\Project-Proposal\PrivateCoach\Project-EchoesofEquity\data/melspec\1929_wof_n08.npy,1929,white,older,female,neutral,8,,1.960770833,183.6282848,56.88783261,
C:\MyProjects\Project-Proposal\PrivateCoach\Project-EchoesofEquity\data/wav\1929_wof_n09c.wav,C:\MyProjects\Project-Proposal\PrivateCoach\Project-EchoesofEquity\data/melspec\1929_wof_n09c.npy,1929,white,older,female,neutral,9,c,1.973583333,193.7499057,51.04140814,
C:\MyProjects\Project-Proposal\PrivateCoach\Project-EchoesofEquity\data/wav\1929_wof_n10c.wav,C:\MyProjects\Project-Proposal\PrivateCoach\Project-EchoesofEquity\data/melspec\1929_wof_n10c.npy,1929,white,older,female,neutral,10,c,2.390354167,193.2994054,23.44507295,
C:\MyProjects\Project-Proposal\PrivateCoach\Project-EchoesofEquity\data/wav\1929_wof_n11c.wav,C:\MyProjects\Project-Proposal\PrivateCoach\Project-EchoesofEquity\data/melspec\1929_wof_n11c.npy,1929,white,older,female,neutral,11,c,2.406375,192.3241116,46.96807213,
C:\MyProjects\Project-Proposal\PrivateCoach\Project-EchoesofEquity\data/wav\1929_wof_n12.wav,C:\MyProjects\Project-Proposal\PrivateCoach\Project-EchoesofEquity\data/melspec\1929_wof_n12.npy,1929,white,older,female,neutral,12,,1.877270833,207.2574663,31.20056035,
C:\MyProjects\Project-Proposal\PrivateCoach\Project-EchoesofEquity\data/wav\1929_wof_t07.wav,C:\MyProjects\Project-Proposal\PrivateCoach\Project-EchoesofEquity\data/melspec\1929_wof_t07.npy,1929,white,older,female,trustworthy,7,,1.824145833,235.0349121,49.24594996,
C:\MyProjects\Project-Proposal\PrivateCoach\Project-EchoesofEquity\data/wav\1929_wof_t08.wav,C:\MyProjects\Project-Proposal\PrivateCoach\Project-EchoesofEquity\data/melspec\1929_wof_t08.npy,1929,white,older,female,trustworthy,8,,2.083020833,211.255321,42.27421205,
C:\MyProjects\Project-Proposal\PrivateCoach\Project-EchoesofEquity\data/wav\1929_wof_t09c.wav,C:\MyProjects\Project-Proposal\PrivateCoach\Project-EchoesofEquity\data/melspec\1929_wof_t09c.npy,1929,white,older,female,trustworthy,9,c,2.125458333,199.4684219,36.66267279,
C:\MyProjects\Project-Proposal\PrivateCoach\Project-EchoesofEquity\data/wav\1929_wof_t10.wav,C:\MyProjects\Project-Proposal\PrivateCoach\Project-EchoesofEquity\data/melspec\1929_wof_t10.npy,1929,white,older,female,trustworthy,10,,2.385958333,232.6997359,51.82592165,
C:\MyProjects\Project-Proposal\PrivateCoach\Project-EchoesofEquity\data/wav\1929_wof_t11c.wav,C:\MyProjects\Project-Proposal\PrivateCoach\Project-EchoesofEquity\data/melspec\1929_wof_t11c.npy,1929,white,older,female,trustworthy,11,c,2.757875,202.1377273,49.30258944,
C:\MyProjects\Project-Proposal\PrivateCoach\Project-EchoesofEquity\data/wav\1929_wof_t12.wav,C:\MyProjects\Project-Proposal\PrivateCoach\Project-EchoesofEquity\data/melspec\1929_wof_t12.npy,1929,white,older,female,trustworthy,12,,1.940333333,206.5187753,37.93296741,
C:\MyProjects\Project-Proposal\PrivateCoach\Project-EchoesofEquity\data/wav\1931_byf_n07c.wav,C:\MyProjects\Project-Proposal\PrivateCoach\Project-EchoesofEquity\data/melspec\1931_byf_n07c.npy,1931,black,younger,female,neutral,7,c,1.457666667,170.2104314,25.28725768,
C:\MyProjects\Project-Proposal\PrivateCoach\Project-EchoesofEquity\data/wav\1931_byf_n08c.wav,C:\MyProjects\Project-Proposal\PrivateCoach\Project-EchoesofEquity\data/melspec\1931_byf_n08c.npy,1931,black,younger,female,neutral,8,c,1.4478125,170.627218,28.68247633,
C:\MyProjects\Project-Proposal\PrivateCoach\Project-EchoesofEquity\data/wav\1931_byf_n09c.wav,C:\MyProjects\Project-Proposal\PrivateCoach\Project-EchoesofEquity\data/melspec\1931_byf_n09c.npy,1931,black,younger,female,neutral,9,c,1.742604167,157.4009683,35.25531065,
C:\MyProjects\Project-Proposal\PrivateCoach\Project-EchoesofEquity\data/wav\1931_byf_n10.wav,C:\MyProjects\Project-Proposal\PrivateCoach\Project-EchoesofEquity\data/melspec\1931_byf_n10.npy,1931,black,younger,female,neutral,10,,1.936333333,157.3619587,46.59471124,
C:\MyProjects\Project-Proposal\PrivateCoach\Project-EchoesofEquity\data/wav\1931_byf_n11c.wav,C:\MyProjects\Project-Proposal\PrivateCoach\Project-EchoesofEquity\data/melspec\1931_byf_n11c.npy,1931,black,younger,female,neutral,11,c,1.807020833,144.2612795,45.36023103,
C:\MyProjects\Project-Proposal\PrivateCoach\Project-EchoesofEquity\data/wav\1931_byf_n12c.wav,C:\MyProjects\Project-Proposal\PrivateCoach\Project-EchoesofEquity\data/melspec\1931_byf_n12c.npy,1931,black,younger,female,neutral,12,c,1.436520833,170.0687226,62.17512941,
C:\MyProjects\Project-Proposal\PrivateCoach\Project-EchoesofEquity\data/wav\1931_byf_t07.wav,C:\MyProjects\Project-Proposal\PrivateCoach\Project-EchoesofEquity\data/melspec\1931_byf_t07.npy,1931,black,younger,female,trustworthy,7,,1.297604167,211.8385329,29.85711878,
C:\MyProjects\Project-Proposal\PrivateCoach\Project-EchoesofEquity\data/wav\1931_byf_t08.wav,C:\MyProjects\Project-Proposal\PrivateCoach\Project-EchoesofEquity\data/melspec\1931_byf_t08.npy,1931,black,younger,female,trustworthy,8,,1.244145833,164.1809113,66.71736503,
C:\MyProjects\Project-Proposal\PrivateCoach\Project-EchoesofEquity\data/wav\1931_byf_t09.wav,C:\MyProjects\Project-Proposal\PrivateCoach\Project-EchoesofEquity\data/melspec\1931_byf_t09.npy,1931,black,younger,female,trustworthy,9,,1.455020833,175.3028506,72.47387954,
C:\MyProjects\Project-Proposal\PrivateCoach\Project-EchoesofEquity\data/wav\1931_byf_t10.wav,C:\MyProjects\Project-Proposal\PrivateCoach\Project-EchoesofEquity\data/melspec\1931_byf_t10.npy,1931,black,younger,female,trustworthy,10,,1.697541667,236.8239568,55.58808521,
C:\MyProjects\Project-Proposal\PrivateCoach\Project-EchoesofEquity\data/wav\1931_byf_t11c.wav,C:\MyProjects\Project-Proposal\PrivateCoach\Project-EchoesofEquity\data/melspec\1931_byf_t11c.npy,1931,black,younger,female,trustworthy,11,c,1.724270833,174.1178802,53.64042286,
C:\MyProjects\Project-Proposal\PrivateCoach\Project-EchoesofEquity\data/wav\1931_byf_t12.wav,C:\MyProjects\Project-Proposal\PrivateCoach\Project-EchoesofEquity\data/melspec\1931_byf_t12.npy,1931,black,younger,female,trustworthy,12,,1.331979167,212.1835127,23.52481374,
C:\MyProjects\Project-Proposal\PrivateCoach\Project-EchoesofEquity\data/wav\1932_aym_n05.wav,C:\MyProjects\Project-Proposal\PrivateCoach\Project-EchoesofEquity\data/melspec\1932_aym_n05.npy,1932,south_asian,younger,male,neutral,5,,1.394729167,108.9635865,10.75574068,
C:\MyProjects\Project-Proposal\PrivateCoach\Project-EchoesofEquity\data/wav\1932_aym_n06.wav,C:\MyProjects\Project-Proposal\PrivateCoach\Project-EchoesofEquity\data/melspec\1932_aym_n06.npy,1932,south_asian,younger,male,neutral,6,,1.3165625,107.9340418,22.26560711,
C:\MyProjects\Project-Proposal\PrivateCoach\Project-EchoesofEquity\data/wav\1932_aym_n07.wav,C:\MyProjects\Project-Proposal\PrivateCoach\Project-EchoesofEquity\data/melspec\1932_aym_n07.npy,1932,south_asian,younger,male,neutral,7,,1.578354167,107.0993016,10.29290458,
C:\MyProjects\Project-Proposal\PrivateCoach\Project-EchoesofEquity\data/wav\1932_aym_n08.wav,C:\MyProjects\Project-Proposal\PrivateCoach\Project-EchoesofEquity\data/melspec\1932_aym_n08.npy,1932,south_asian,younger,male,neutral,8,,1.254104167,101.7280484,8.258103987,
C:\MyProjects\Project-Proposal\PrivateCoach\Project-EchoesofEquity\data/wav\1932_aym_n09.wav,C:\MyProjects\Project-Proposal\PrivateCoach\Project-EchoesofEquity\data/melspec\1932_aym_n09.npy,1932,south_asian,younger,male,neutral,9,,1.584833333,102.4323184,6.002283553,
C:\MyProjects\Project-Proposal\PrivateCoach\Project-EchoesofEquity\data/wav\1932_aym_n10.wav,C:\MyProjects\Project-Proposal\PrivateCoach\Project-EchoesofEquity\data/melspec\1932_aym_n10.npy,1932,south_asian,younger,male,neutral,10,,1.610625,152.1352352,106.4633271,
C:\MyProjects\Project-Proposal\PrivateCoach\Project-EchoesofEquity\data/wav\1932_aym_t05c.wav,C:\MyProjects\Project-Proposal\PrivateCoach\Project-EchoesofEquity\data/melspec\1932_aym_t05c.npy,1932,south_asian,younger,male,trustworthy,5,c,1.177854167,127.3336498,57.47569109,
C:\MyProjects\Project-Proposal\PrivateCoach\Project-EchoesofEquity\data/wav\1932_aym_t06.wav,C:\MyProjects\Project-Proposal\PrivateCoach\Project-EchoesofEquity\data/melspec\1932_aym_t06.npy,1932,south_asian,younger,male,trustworthy,6,,1.092375,117.4876534,22.71551819,
C:\MyProjects\Project-Proposal\PrivateCoach\Project-EchoesofEquity\data/wav\1932_aym_t07.wav,C:\MyProjects\Project-Proposal\PrivateCoach\Project-EchoesofEquity\data/melspec\1932_aym_t07.npy,1932,south_asian,younger,male,trustworthy,7,,1.33175,109.7339364,14.89212212,
C:\MyProjects\Project-Proposal\PrivateCoach\Project-EchoesofEquity\data/wav\1932_aym_t08.wav,C:\MyProjects\Project-Proposal\PrivateCoach\Project-EchoesofEquity\data/melspec\1932_aym_t08.npy,1932,south_asian,younger,male,trustworthy,8,,1.163604167,132.3016168,35.7295761,
C:\MyProjects\Project-Proposal\PrivateCoach\Project-EchoesofEquity\data/wav\1932_aym_t09.wav,C:\MyProjects\Project-Proposal\PrivateCoach\Project-EchoesofEquity\data/melspec\1932_aym_t09.npy,1932,south_asian,younger,male,trustworthy,9,,1.2840625,115.7358275,16.22417857,
C:\MyProjects\Project-Proposal\PrivateCoach\Project-EchoesofEquity\data/wav\1932_aym_t10.wav,C:\MyProjects\Project-Proposal\PrivateCoach\Project-EchoesofEquity\data/melspec\1932_aym_t10.npy,1932,south_asian,younger,male,trustworthy,10,,1.844895833,125.7617524,30.02641975,
C:\MyProjects\Project-Proposal\PrivateCoach\Project-EchoesofEquity\data/wav\1935_wof_n09c.wav,C:\MyProjects\Project-Proposal\PrivateCoach\Project-EchoesofEquity\data/melspec\1935_wof_n09c.npy,1935,white,older,female,neutral,9,c,1.629645833,156.1956862,14.10427453,
C:\MyProjects\Project-Proposal\PrivateCoach\Project-EchoesofEquity\data/wav\1935_wof_n10.wav,C:\MyProjects\Project-Proposal\PrivateCoach\Project-EchoesofEquity\data/melspec\1935_wof_n10.npy,1935,white,older,female,neutral,10,,1.913770833,151.47292,19.39635067,
C:\MyProjects\Project-Proposal\PrivateCoach\Project-EchoesofEquity\data/wav\1935_wof_n11.wav,C:\MyProjects\Project-Proposal\PrivateCoach\Project-EchoesofEquity\data/melspec\1935_wof_n11.npy,1935,white,older,female,neutral,11,,2.376895833,150.2686978,12.38840692,
C:\MyProjects\Project-Proposal\PrivateCoach\Project-EchoesofEquity\data/wav\1935_wof_n12c.wav,C:\MyProjects\Project-Proposal\PrivateCoach\Project-EchoesofEquity\data/melspec\1935_wof_n12c.npy,1935,white,older,female,neutral,12,c,1.6125,152.1695326,9.852780463,
C:\MyProjects\Project-Proposal\PrivateCoach\Project-EchoesofEquity\data/wav\1935_wof_n13.wav,C:\MyProjects\Project-Proposal\PrivateCoach\Project-EchoesofEquity\data/melspec\1935_wof_n13.npy,1935,white,older,female,neutral,13,,1.527604167,151.3546134,14.71508956,
C:\MyProjects\Project-Proposal\PrivateCoach\Project-EchoesofEquity\data/wav\1935_wof_n14c.wav,C:\MyProjects\Project-Proposal\PrivateCoach\Project-EchoesofEquity\data/melspec\1935_wof_n14c.npy,1935,white,older,female,neutral,14,c,1.5365625,145.7283258,12.0673722,
C:\MyProjects\Project-Proposal\PrivateCoach\Project-EchoesofEquity\data/wav\1935_wof_t09.wav,C:\MyProjects\Project-Proposal\PrivateCoach\Project-EchoesofEquity\data/melspec\1935_wof_t09.npy,1935,white,older,female,trustworthy,9,,1.491958333,162.0492461,24.26732592,
C:\MyProjects\Project-Proposal\PrivateCoach\Project-EchoesofEquity\data/wav\1935_wof_t10cc.wav,C:\MyProjects\Project-Proposal\PrivateCoach\Project-EchoesofEquity\data/melspec\1935_wof_t10cc.npy,1935,white,older,female,trustworthy,10,cc,2.2440625,186.3965714,24.32711885,
C:\MyProjects\Project-Proposal\PrivateCoach\Project-EchoesofEquity\data/wav\1935_wof_t11.wav,C:\MyProjects\Project-Proposal\PrivateCoach\Project-EchoesofEquity\data/melspec\1935_wof_t11.npy,1935,white,older,female,trustworthy,11,,2.404854167,167.9511257,32.92780487,
C:\MyProjects\Project-Proposal\PrivateCoach\Project-EchoesofEquity\data/wav\1935_wof_t12.wav,C:\MyProjects\Project-Proposal\PrivateCoach\Project-EchoesofEquity\data/melspec\1935_wof_t12.npy,1935,white,older,female,trustworthy,12,,2.0624375,175.1244662,27.73323316,
C:\MyProjects\Project-Proposal\PrivateCoach\Project-EchoesofEquity\data/wav\1935_wof_t13.wav,C:\MyProjects\Project-Proposal\PrivateCoach\Project-EchoesofEquity\data/melspec\1935_wof_t13.npy,1935,white,older,female,trustworthy,13,,2.122979167,170.7528597,25.81281755,
C:\MyProjects\Project-Proposal\PrivateCoach\Project-EchoesofEquity\data/wav\1935_wof_t14c.wav,C:\MyProjects\Project-Proposal\PrivateCoach\Project-EchoesofEquity\data/melspec\1935_wof_t14c.npy,1935,white,older,female,trustworthy,14,c,1.500958333,159.4480698,20.08450296,
C:\MyProjects\Project-Proposal\PrivateCoach\Project-EchoesofEquity\data/wav\1936_wom_n09c.wav,C:\MyProjects\Project-Proposal\PrivateCoach\Project-EchoesofEquity\data/melspec\1936_wom_n09c.npy,1936,white,older,male,neutral,9,c,1.4559375,91.57927528,11.77006645,
C:\MyProjects\Project-Proposal\PrivateCoach\Project-EchoesofEquity\data/wav\1936_wom_n10.wav,C:\MyProjects\Project-Proposal\PrivateCoach\Project-EchoesofEquity\data/melspec\1936_wom_n10.npy,1936,white,older,male,neutral,10,,1.7574375,105.6333056,46.04104648,
C:\MyProjects\Project-Proposal\PrivateCoach\Project-EchoesofEquity\data/wav\1936_wom_n11.wav,C:\MyProjects\Project-Proposal\PrivateCoach\Project-EchoesofEquity\data/melspec\1936_wom_n11.npy,1936,white,older,male,neutral,11,,1.6508125,87.71555364,7.861439243,
C:\MyProjects\Project-Proposal\PrivateCoach\Project-EchoesofEquity\data/wav\1936_wom_n12.wav,C:\MyProjects\Project-Proposal\PrivateCoach\Project-EchoesofEquity\data/melspec\1936_wom_n12.npy,1936,white,older,male,neutral,12,,1.5795625,86.46050047,14.36344179,
C:\MyProjects\Project-Proposal\PrivateCoach\Project-EchoesofEquity\data/wav\1936_wom_n13.wav,C:\MyProjects\Project-Proposal\PrivateCoach\Project-EchoesofEquity\data/melspec\1936_wom_n13.npy,1936,white,older,male,neutral,13,,1.635395833,100.0783259,65.69144764,
C:\MyProjects\Project-Proposal\PrivateCoach\Project-EchoesofEquity\data/wav\1936_wom_n14.wav,C:\MyProjects\Project-Proposal\PrivateCoach\Project-EchoesofEquity\data/melspec\1936_wom_n14.npy,1936,white,older,male,neutral,14,,1.381854167,83.34840273,4.21553649,
C:\MyProjects\Project-Proposal\PrivateCoach\Project-EchoesofEquity\data/wav\1936_wom_t09.wav,C:\MyProjects\Project-Proposal\PrivateCoach\Project-EchoesofEquity\data/melspec\1936_wom_t09.npy,1936,white,older,male,trustworthy,9,,1.714854167,114.556446,21.33835618,
C:\MyProjects\Project-Proposal\PrivateCoach\Project-EchoesofEquity\data/wav\1936_wom_t10.wav,C:\MyProjects\Project-Proposal\PrivateCoach\Project-EchoesofEquity\data/melspec\1936_wom_t10.npy,1936,white,older,male,trustworthy,10,,3.0335625,140.8771215,63.1940846,
C:\MyProjects\Project-Proposal\PrivateCoach\Project-EchoesofEquity\data/wav\1936_wom_t11.wav,C:\MyProjects\Project-Proposal\PrivateCoach\Project-EchoesofEquity\data/melspec\1936_wom_t11.npy,1936,white,older,male,trustworthy,11,,2.630854167,124.598868,24.60670224,
C:\MyProjects\Project-Proposal\PrivateCoach\Project-EchoesofEquity\data/wav\1936_wom_t12.wav,C:\MyProjects\Project-Proposal\PrivateCoach\Project-EchoesofEquity\data/melspec\1936_wom_t12.npy,1936,white,older,male,trustworthy,12,,1.775625,117.4487547,27.68067705,
C:\MyProjects\Project-Proposal\PrivateCoach\Project-EchoesofEquity\data/wav\1936_wom_t13.wav,C:\MyProjects\Project-Proposal\PrivateCoach\Project-EchoesofEquity\data/melspec\1936_wom_t13.npy,1936,white,older,male,trustworthy,13,,1.4519375,142.6393331,40.0495743,
C:\MyProjects\Project-Proposal\PrivateCoach\Project-EchoesofEquity\data/wav\1936_wom_t14c.wav,C:\MyProjects\Project-Proposal\PrivateCoach\Project-EchoesofEquity\data/melspec\1936_wom_t14c.npy,1936,white,older,male,trustworthy,14,c,1.6119375,124.9059067,38.84147901,
C:\MyProjects\Project-Proposal\PrivateCoach\Project-EchoesofEquity\data/wav\1941_wom_n11c.wav,C:\MyProjects\Project-Proposal\PrivateCoach\Project-EchoesofEquity\data/melspec\1941_wom_n11c.npy,1941,white,older,male,neutral,11,c,1.998375,102.548851,5.372045813,
C:\MyProjects\Project-Proposal\PrivateCoach\Project-EchoesofEquity\data/wav\1941_wom_n12c.wav,C:\MyProjects\Project-Proposal\PrivateCoach\Project-EchoesofEquity\data/melspec\1941_wom_n12c.npy,1941,white,older,male,neutral,12,c,1.6481875,98.70443287,9.424326872,
C:\MyProjects\Project-Proposal\PrivateCoach\Project-EchoesofEquity\data/wav\1941_wom_n13.wav,C:\MyProjects\Project-Proposal\PrivateCoach\Project-EchoesofEquity\data/melspec\1941_wom_n13.npy,1941,white,older,male,neutral,13,,1.554354167,98.86402712,8.63239344,
C:\MyProjects\Project-Proposal\PrivateCoach\Project-EchoesofEquity\data/wav\1941_wom_n14c.wav,C:\MyProjects\Project-Proposal\PrivateCoach\Project-EchoesofEquity\data/melspec\1941_wom_n14c.npy,1941,white,older,male,neutral,14,c,1.566541667,113.2312998,63.03668072,
C:\MyProjects\Project-Proposal\PrivateCoach\Project-EchoesofEquity\data/wav\1941_wom_n15c.wav,C:\MyProjects\Project-Proposal\PrivateCoach\Project-EchoesofEquity\data/melspec\1941_wom_n15c.npy,1941,white,older,male,neutral,15,c,1.474395833,110.5639544,52.30719581,
C:\MyProjects\Project-Proposal\PrivateCoach\Project-EchoesofEquity\data/wav\1941_wom_n16c.wav,C:\MyProjects\Project-Proposal\PrivateCoach\Project-EchoesofEquity\data/melspec\1941_wom_n16c.npy,1941,white,older,male,neutral,16,c,1.565770833,119.5528,71.99189392,
C:\MyProjects\Project-Proposal\PrivateCoach\Project-EchoesofEquity\data/wav\1941_wom_t11.wav,C:\MyProjects\Project-Proposal\PrivateCoach\Project-EchoesofEquity\data/melspec\1941_wom_t11.npy,1941,white,older,male,trustworthy,11,,1.960770833,110.0578994,27.40646447,
C:\MyProjects\Project-Proposal\PrivateCoach\Project-EchoesofEquity\data/wav\1941_wom_t12.wav,C:\MyProjects\Project-Proposal\PrivateCoach\Project-EchoesofEquity\data/melspec\1941_wom_t12.npy,1941,white,older,male,trustworthy,12,,1.607041667,114.8747999,25.83897932,
C:\MyProjects\Project-Proposal\PrivateCoach\Project-EchoesofEquity\data/wav\1941_wom_t13c.wav,C:\MyProjects\Project-Proposal\PrivateCoach\Project-EchoesofEquity\data/melspec\1941_wom_t13c.npy,1941,white,older,male,trustworthy,13,c,1.570770833,105.8289204,65.89647868,
C:\MyProjects\Project-Proposal\PrivateCoach\Project-EchoesofEquity\data/wav\1941_wom_t14.wav,C:\MyProjects\Project-Proposal\PrivateCoach\Project-EchoesofEquity\data/melspec\1941_wom_t14.npy,1941,white,older,male,trustworthy,14,,1.493270833,118.5543854,27.62593936,
C:\MyProjects\Project-Proposal\PrivateCoach\Project-EchoesofEquity\data/wav\1941_wom_t15.wav,C:\MyProjects\Project-Proposal\PrivateCoach\Project-EchoesofEquity\data/melspec\1941_wom_t15.npy,1941,white,older,male,trustworthy,15,,1.378354167,108.2916914,67.61142667,
C:\MyProjects\Project-Proposal\PrivateCoach\Project-EchoesofEquity\data/wav\1941_wom_t16.wav,C:\MyProjects\Project-Proposal\PrivateCoach\Project-EchoesofEquity\data/melspec\1941_wom_t16.npy,1941,white,older,male,trustworthy,16,,1.5793125,116.4928713,52.40063925,
C:\MyProjects\Project-Proposal\PrivateCoach\Project-EchoesofEquity\data/wav\1942_wof_n11c.wav,C:\MyProjects\Project-Proposal\PrivateCoach\Project-EchoesofEquity\data/melspec\1942_wof_n11c.npy,1942,white,older,female,neutral,11,c,2.435395833,191.3134267,35.50273996,
C:\MyProjects\Project-Proposal\PrivateCoach\Project-EchoesofEquity\data/wav\1942_wof_n12.wav,C:\MyProjects\Project-Proposal\PrivateCoach\Project-EchoesofEquity\data/melspec\1942_wof_n12.npy,1942,white,older,female,neutral,12,,1.597625,210.3697657,45.24457957,
C:\MyProjects\Project-Proposal\PrivateCoach\Project-EchoesofEquity\data/wav\1942_wof_n13c.wav,C:\MyProjects\Project-Proposal\PrivateCoach\Project-EchoesofEquity\data/melspec\1942_wof_n13c.npy,1942,white,older,female,neutral,13,c,1.535541667,221.6507235,40.50888769,
C:\MyProjects\Project-Proposal\PrivateCoach\Project-EchoesofEquity\data/wav\1942_wof_n14.wav,C:\MyProjects\Project-Proposal\PrivateCoach\Project-EchoesofEquity\data/melspec\1942_wof_n14.npy,1942,white,older,female,neutral,14,,1.2739375,234.9318166,67.71851053,
C:\MyProjects\Project-Proposal\PrivateCoach\Project-EchoesofEquity\data/wav\1942_wof_n15c.wav,C:\MyProjects\Project-Proposal\PrivateCoach\Project-EchoesofEquity\data/melspec\1942_wof_n15c.npy,1942,white,older,female,neutral,15,c,1.3950625,236.7883248,40.51113374,
C:\MyProjects\Project-Proposal\PrivateCoach\Project-EchoesofEquity\data/wav\1942_wof_n16c.wav,C:\MyProjects\Project-Proposal\PrivateCoach\Project-EchoesofEquity\data/melspec\1942_wof_n16c.npy,1942,white,older,female,neutral,16,c,1.660833333,211.6583845,32.00414126,
C:\MyProjects\Project-Proposal\PrivateCoach\Project-EchoesofEquity\data/wav\1942_wof_t11.wav,C:\MyProjects\Project-Proposal\PrivateCoach\Project-EchoesofEquity\data/melspec\1942_wof_t11.npy,1942,white,older,female,trustworthy,11,,3.935875,236.6415813,43.13972702,
C:\MyProjects\Project-Proposal\PrivateCoach\Project-EchoesofEquity\data/wav\1942_wof_t12.wav,C:\MyProjects\Project-Proposal\PrivateCoach\Project-EchoesofEquity\data/melspec\1942_wof_t12.npy,1942,white,older,female,trustworthy,12,,2.1673125,252.2305092,48.67548844,
C:\MyProjects\Project-Proposal\PrivateCoach\Project-EchoesofEquity\data/wav\1942_wof_t13ccc.wav,C:\MyProjects\Project-Proposal\PrivateCoach\Project-EchoesofEquity\data/melspec\1942_wof_t13ccc.npy,1942,white,older,female,trustworthy,13,ccc,2.652833333,218.5353065,61.99011695,
C:\MyProjects\Project-Proposal\PrivateCoach\Project-EchoesofEquity\data/wav\1942_wof_t14c.wav,C:\MyProjects\Project-Proposal\PrivateCoach\Project-EchoesofEquity\data/melspec\1942_wof_t14c.npy,1942,white,older,female,trustworthy,14,c,2.043229167,229.5577354,65.99148082,
C:\MyProjects\Project-Proposal\PrivateCoach\Project-EchoesofEquity\data/wav\1942_wof_t15cc.wav,C:\MyProjects\Project-Proposal\PrivateCoach\Project-EchoesofEquity\data/melspec\1942_wof_t15cc.npy,1942,white,older,female,trustworthy,15,cc,2.105625,233.4442526,55.81708028,
C:\MyProjects\Project-Proposal\PrivateCoach\Project-EchoesofEquity\data/wav\1942_wof_t16.wav,C:\MyProjects\Project-Proposal\PrivateCoach\Project-EchoesofEquity\data/melspec\1942_wof_t16.npy,1942,white,older,female,trustworthy,16,,1.574979167,219.4172571,41.61689942,
C:\MyProjects\Project-Proposal\PrivateCoach\Project-EchoesofEquity\data/wav\1945_wom_n13.wav,C:\MyProjects\Project-Proposal\PrivateCoach\Project-EchoesofEquity\data/melspec\1945_wom_n13.npy,1945,white,older,male,neutral,13,,1.597458333,146.58965,33.83818441,
C:\MyProjects\Project-Proposal\PrivateCoach\Project-EchoesofEquity\data/wav\1945_wom_n14c.wav,C:\MyProjects\Project-Proposal\PrivateCoach\Project-EchoesofEquity\data/melspec\1945_wom_n14c.npy,1945,white,older,male,neutral,14,c,1.605625,171.6736381,79.05744686,
C:\MyProjects\Project-Proposal\PrivateCoach\Project-EchoesofEquity\data/wav\1945_wom_n15.wav,C:\MyProjects\Project-Proposal\PrivateCoach\Project-EchoesofEquity\data/melspec\1945_wom_n15.npy,1945,white,older,male,neutral,15,,1.419395833,150.5951503,47.65406553,
C:\MyProjects\Project-Proposal\PrivateCoach\Project-EchoesofEquity\data/wav\1945_wom_n16c.wav,C:\MyProjects\Project-Proposal\PrivateCoach\Project-EchoesofEquity\data/melspec\1945_wom_n16c.npy,1945,white,older,male,neutral,16,c,1.377645833,149.6530318,52.7528378,
C:\MyProjects\Project-Proposal\PrivateCoach\Project-EchoesofEquity\data/wav\1945_wom_n17c.wav,C:\MyProjects\Project-Proposal\PrivateCoach\Project-EchoesofEquity\data/melspec\1945_wom_n17c.npy,1945,white,older,male,neutral,17,c,1.629375,131.344155,18.99027126,
C:\MyProjects\Project-Proposal\PrivateCoach\Project-EchoesofEquity\data/wav\1945_wom_n18c.wav,C:\MyProjects\Project-Proposal\PrivateCoach\Project-EchoesofEquity\data/melspec\1945_wom_n18c.npy,1945,white,older,male,neutral,18,c,1.703541667,155.8807147,76.32044701,
C:\MyProjects\Project-Proposal\PrivateCoach\Project-EchoesofEquity\data/wav\1945_wom_t13c.wav,C:\MyProjects\Project-Proposal\PrivateCoach\Project-EchoesofEquity\data/melspec\1945_wom_t13c.npy,1945,white,older,male,trustworthy,13,c,1.645229167,206.7683965,108.1722887,
C:\MyProjects\Project-Proposal\PrivateCoach\Project-EchoesofEquity\data/wav\1945_wom_t14.wav,C:\MyProjects\Project-Proposal\PrivateCoach\Project-EchoesofEquity\data/melspec\1945_wom_t14.npy,1945,white,older,male,trustworthy,14,,1.323020833,198.2452346,119.3288278,
C:\MyProjects\Project-Proposal\PrivateCoach\Project-EchoesofEquity\data/wav\1945_wom_t15.wav,C:\MyProjects\Project-Proposal\PrivateCoach\Project-EchoesofEquity\data/melspec\1945_wom_t15.npy,1945,white,older,male,trustworthy,15,,1.281625,174.3333521,46.42942977,
C:\MyProjects\Project-Proposal\PrivateCoach\Project-EchoesofEquity\data/wav\1945_wom_t16.wav,C:\MyProjects\Project-Proposal\PrivateCoach\Project-EchoesofEquity\data/melspec\1945_wom_t16.npy,1945,white,older,male,trustworthy,16,,1.403958333,201.8917045,55.84321593,
C:\MyProjects\Project-Proposal\PrivateCoach\Project-EchoesofEquity\data/wav\1945_wom_t17.wav,C:\MyProjects\Project-Proposal\PrivateCoach\Project-EchoesofEquity\data/melspec\1945_wom_t17.npy,1945,white,older,male,trustworthy,17,,1.411979167,172.4106722,29.94043241,
C:\MyProjects\Project-Proposal\PrivateCoach\Project-EchoesofEquity\data/wav\1945_wom_t18c.wav,C:\MyProjects\Project-Proposal\PrivateCoach\Project-EchoesofEquity\data/melspec\1945_wom_t18c.npy,1945,white,older,male,trustworthy,18,c,1.480583333,169.0521059,66.60373479,
C:\MyProjects\Project-Proposal\PrivateCoach\Project-EchoesofEquity\data/wav\1948_ayf_n07.wav,C:\MyProjects\Project-Proposal\PrivateCoach\Project-EchoesofEquity\data/melspec\1948_ayf_n07.npy,1948,south_asian,younger,female,neutral,7,,1.51675,138.5681574,56.60618361,
C:\MyProjects\Project-Proposal\PrivateCoach\Project-EchoesofEquity\data/wav\1948_ayf_n08.wav,C:\MyProjects\Project-Proposal\PrivateCoach\Project-EchoesofEquity\data/melspec\1948_ayf_n08.npy,1948,south_asian,younger,female,neutral,8,,1.413770833,178.8094265,25.84413371,
C:\MyProjects\Project-Proposal\PrivateCoach\Project-EchoesofEquity\data/wav\1948_ayf_n09.wav,C:\MyProjects\Project-Proposal\PrivateCoach\Project-EchoesofEquity\data/melspec\1948_ayf_n09.npy,1948,south_asian,younger,female,neutral,9,,1.436729167,177.8521693,29.21069304,
C:\MyProjects\Project-Proposal\PrivateCoach\Project-EchoesofEquity\data/wav\1948_ayf_n10.wav,C:\MyProjects\Project-Proposal\PrivateCoach\Project-EchoesofEquity\data/melspec\1948_ayf_n10.npy,1948,south_asian,younger,female,neutral,10,,1.929375,157.803241,49.7970428,
C:\MyProjects\Project-Proposal\PrivateCoach\Project-EchoesofEquity\data/wav\1948_ayf_n11.wav,C:\MyProjects\Project-Proposal\PrivateCoach\Project-EchoesofEquity\data/melspec\1948_ayf_n11.npy,1948,south_asian,younger,female,neutral,11,,2.1546875,173.3211393,35.94802679,
C:\MyProjects\Project-Proposal\PrivateCoach\Project-EchoesofEquity\data/wav\1948_ayf_n12.wav,C:\MyProjects\Project-Proposal\PrivateCoach\Project-EchoesofEquity\data/melspec\1948_ayf_n12.npy,1948,south_asian,younger,female,neutral,12,,1.363854167,168.5064094,30.74894671,
C:\MyProjects\Project-Proposal\PrivateCoach\Project-EchoesofEquity\data/wav\1948_ayf_t07.wav,C:\MyProjects\Project-Proposal\PrivateCoach\Project-EchoesofEquity\data/melspec\1948_ayf_t07.npy,1948,south_asian,younger,female,trustworthy,7,,1.381354167,223.2755851,77.15139901,
C:\MyProjects\Project-Proposal\PrivateCoach\Project-EchoesofEquity\data/wav\1948_ayf_t08.wav,C:\MyProjects\Project-Proposal\PrivateCoach\Project-EchoesofEquity\data/melspec\1948_ayf_t08.npy,1948,south_asian,younger,female,trustworthy,8,,1.2359375,171.0567035,70.0727195,
C:\MyProjects\Project-Proposal\PrivateCoach\Project-EchoesofEquity\data/wav\1948_ayf_t09.wav,C:\MyProjects\Project-Proposal\PrivateCoach\Project-EchoesofEquity\data/melspec\1948_ayf_t09.npy,1948,south_asian,younger,female,trustworthy,9,,1.28725,182.4047631,76.43279698,
C:\MyProjects\Project-Proposal\PrivateCoach\Project-EchoesofEquity\data/wav\1948_ayf_t10.wav,C:\MyProjects\Project-Proposal\PrivateCoach\Project-EchoesofEquity\data/melspec\1948_ayf_t10.npy,1948,south_asian,younger,female,trustworthy,10,,1.6148125,194.3807136,71.35741027,
C:\MyProjects\Project-Proposal\PrivateCoach\Project-EchoesofEquity\data/wav\1948_ayf_t11.wav,C:\MyProjects\Project-Proposal\PrivateCoach\Project-EchoesofEquity\data/melspec\1948_ayf_t11.npy,1948,south_asian,younger,female,trustworthy,11,,2.269604167,223.6455612,45.4979257,
C:\MyProjects\Project-Proposal\PrivateCoach\Project-EchoesofEquity\data/wav\1948_ayf_t12.wav,C:\MyProjects\Project-Proposal\PrivateCoach\Project-EchoesofEquity\data/melspec\1948_ayf_t12.npy,1948,south_asian,younger,female,trustworthy,12,,1.257520833,183.3504041,74.99525854,
C:\MyProjects\Project-Proposal\PrivateCoach\Project-EchoesofEquity\data/wav\1951_wof_n15c.wav,C:\MyProjects\Project-Proposal\PrivateCoach\Project-EchoesofEquity\data/melspec\1951_wof_n15c.npy,1951,white,older,female,neutral,15,c,1.9535625,180.784812,17.78614738,
C:\MyProjects\Project-Proposal\PrivateCoach\Project-EchoesofEquity\data/wav\1951_wof_n16c.wav,C:\MyProjects\Project-Proposal\PrivateCoach\Project-EchoesofEquity\data/melspec\1951_wof_n16c.npy,1951,white,older,female,neutral,16,c,2.0050625,174.2662843,15.68623036,
C:\MyProjects\Project-Proposal\PrivateCoach\Project-EchoesofEquity\data/wav\1951_wof_n17c.wav,C:\MyProjects\Project-Proposal\PrivateCoach\Project-EchoesofEquity\data/melspec\1951_wof_n17c.npy,1951,white,older,female,neutral,17,c,1.803916667,160.5828622,26.03707563,
C:\MyProjects\Project-Proposal\PrivateCoach\Project-EchoesofEquity\data/wav\1951_wof_n18c.wav,C:\MyProjects\Project-Proposal\PrivateCoach\Project-EchoesofEquity\data/melspec\1951_wof_n18c.npy,1951,white,older,female,neutral,18,c,2.233083333,179.1453235,19.28518399,
C:\MyProjects\Project-Proposal\PrivateCoach\Project-EchoesofEquity\data/wav\1951_wof_n19.wav,C:\MyProjects\Project-Proposal\PrivateCoach\Project-EchoesofEquity\data/melspec\1951_wof_n19.npy,1951,white,older,female,neutral,19,,2.307916667,178.3451144,20.98708932,
C:\MyProjects\Project-Proposal\PrivateCoach\Project-EchoesofEquity\data/wav\1951_wof_n20c.wav,C:\MyProjects\Project-Proposal\PrivateCoach\Project-EchoesofEquity\data/melspec\1951_wof_n20c.npy,1951,white,older,female,neutral,20,c,2.724833333,169.9558516,13.46413428,
C:\MyProjects\Project-Proposal\PrivateCoach\Project-EchoesofEquity\data/wav\1951_wof_t15.wav,C:\MyProjects\Project-Proposal\PrivateCoach\Project-EchoesofEquity\data/melspec\1951_wof_t15.npy,1951,white,older,female,trustworthy,15,,2.146375,204.2123233,42.66743376,
C:\MyProjects\Project-Proposal\PrivateCoach\Project-EchoesofEquity\data/wav\1951_wof_t16.wav,C:\MyProjects\Project-Proposal\PrivateCoach\Project-EchoesofEquity\data/melspec\1951_wof_t16.npy,1951,white,older,female,trustworthy,16,,1.842479167,220.8108298,55.99995961,
C:\MyProjects\Project-Proposal\PrivateCoach\Project-EchoesofEquity\data/wav\1951_wof_t17.wav,C:\MyProjects\Project-Proposal\PrivateCoach\Project-EchoesofEquity\data/melspec\1951_wof_t17.npy,1951,white,older,female,trustworthy,17,,1.8300625,206.5521798,37.60231585,
C:\MyProjects\Project-Proposal\PrivateCoach\Project-EchoesofEquity\data/wav\1951_wof_t18.wav,C:\MyProjects\Project-Proposal\PrivateCoach\Project-EchoesofEquity\data/melspec\1951_wof_t18.npy,1951,white,older,female,trustworthy,18,,2.1105625,210.7302474,40.98769234,
C:\MyProjects\Project-Proposal\PrivateCoach\Project-EchoesofEquity\data/wav\1951_wof_t19c.wav,C:\MyProjects\Project-Proposal\PrivateCoach\Project-EchoesofEquity\data/melspec\1951_wof_t19c.npy,1951,white,older,female,trustworthy,19,c,2.863479167,204.209451,56.51825866,
C:\MyProjects\Project-Proposal\PrivateCoach\Project-EchoesofEquity\data/wav\1951_wof_t20.wav,C:\MyProjects\Project-Proposal\PrivateCoach\Project-EchoesofEquity\data/melspec\1951_wof_t20.npy,1951,white,older,female,trustworthy,20,,2.6788125,185.859266,22.14691767,
C:\MyProjects\Project-Proposal\PrivateCoach\Project-EchoesofEquity\data/wav\1957_byf_n09c.wav,C:\MyProjects\Project-Proposal\PrivateCoach\Project-EchoesofEquity\data/melspec\1957_byf_n09c.npy,1957,black,younger,female,neutral,9,c,1.2975,184.3028983,21.93280687,
C:\MyProjects\Project-Proposal\PrivateCoach\Project-EchoesofEquity\data/wav\1957_byf_n10.wav,C:\MyProjects\Project-Proposal\PrivateCoach\Project-EchoesofEquity\data/melspec\1957_byf_n10.npy,1957,black,younger,female,neutral,10,,1.7109375,198.189192,50.02120455,
C:\MyProjects\Project-Proposal\PrivateCoach\Project-EchoesofEquity\data/wav\1957_byf_n11.wav,C:\MyProjects\Project-Proposal\PrivateCoach\Project-EchoesofEquity\data/melspec\1957_byf_n11.npy,1957,black,younger,female,neutral,11,,1.6545,186.7096625,22.99119395,
C:\MyProjects\Project-Proposal\PrivateCoach\Project-EchoesofEquity\data/wav\1957_byf_n12.wav,C:\MyProjects\Project-Proposal\PrivateCoach\Project-EchoesofEquity\data/melspec\1957_byf_n12.npy,1957,black,younger,female,neutral,12,,1.466208333,190.6803146,24.21625904,
C:\MyProjects\Project-Proposal\PrivateCoach\Project-EchoesofEquity\data/wav\1957_byf_n13.wav,C:\MyProjects\Project-Proposal\PrivateCoach\Project-EchoesofEquity\data/melspec\1957_byf_n13.npy,1957,black,younger,female,neutral,13,,1.365583333,190.3951145,29.469028,
C:\MyProjects\Project-Proposal\PrivateCoach\Project-EchoesofEquity\data/wav\1957_byf_n14c.wav,C:\MyProjects\Project-Proposal\PrivateCoach\Project-EchoesofEquity\data/melspec\1957_byf_n14c.npy,1957,black,younger,female,neutral,14,c,1.330020833,175.9118658,15.51594343,
C:\MyProjects\Project-Proposal\PrivateCoach\Project-EchoesofEquity\data/wav\1957_byf_t09.wav,C:\MyProjects\Project-Proposal\PrivateCoach\Project-EchoesofEquity\data/melspec\1957_byf_t09.npy,1957,black,younger,female,trustworthy,9,,1.237520833,208.0427977,65.93734013,
C:\MyProjects\Project-Proposal\PrivateCoach\Project-EchoesofEquity\data/wav\1957_byf_t10.wav,C:\MyProjects\Project-Proposal\PrivateCoach\Project-EchoesofEquity\data/melspec\1957_byf_t10.npy,1957,black,younger,female,trustworthy,10,,1.517020833,196.3864437,48.98148474,
C:\MyProjects\Project-Proposal\PrivateCoach\Project-EchoesofEquity\data/wav\1957_byf_t11.wav,C:\MyProjects\Project-Proposal\PrivateCoach\Project-EchoesofEquity\data/melspec\1957_byf_t11.npy,1957,black,younger,female,trustworthy,11,,1.609708333,184.2151128,34.06178853,
C:\MyProjects\Project-Proposal\PrivateCoach\Project-EchoesofEquity\data/wav\1957_byf_t12.wav,C:\MyProjects\Project-Proposal\PrivateCoach\Project-EchoesofEquity\data/melspec\1957_byf_t12.npy,1957,black,younger,female,trustworthy,12,,1.2989375,191.4892398,60.6335365,
C:\MyProjects\Project-Proposal\PrivateCoach\Project-EchoesofEquity\data/wav\1957_byf_t13.wav,C:\MyProjects\Project-Proposal\PrivateCoach\Project-EchoesofEquity\data/melspec\1957_byf_t13.npy,1957,black,younger,female,trustworthy,13,,1.244333333,215.6309993,42.51198259,
C:\MyProjects\Project-Proposal\PrivateCoach\Project-EchoesofEquity\data/wav\1957_byf_t14.wav,C:\MyProjects\Project-Proposal\PrivateCoach\Project-EchoesofEquity\data/melspec\1957_byf_t14.npy,1957,black,younger,female,trustworthy,14,,1.2471875,196.8432641,36.91872679,
C:\MyProjects\Project-Proposal\PrivateCoach\Project-EchoesofEquity\data/wav\1958_byf_n09.wav,C:\MyProjects\Project-Proposal\PrivateCoach\Project-EchoesofEquity\data/melspec\1958_byf_n09.npy,1958,black,younger,female,neutral,9,,1.781395833,192.9041633,21.17679587,
C:\MyProjects\Project-Proposal\PrivateCoach\Project-EchoesofEquity\data/wav\1958_byf_n10.wav,C:\MyProjects\Project-Proposal\PrivateCoach\Project-EchoesofEquity\data/melspec\1958_byf_n10.npy,1958,black,younger,female,neutral,10,,2.197833333,185.7538154,37.49190459,
C:\MyProjects\Project-Proposal\PrivateCoach\Project-EchoesofEquity\data/wav\1958_byf_n11.wav,C:\MyProjects\Project-Proposal\PrivateCoach\Project-EchoesofEquity\data/melspec\1958_byf_n11.npy,1958,black,younger,female,neutral,11,,2.022354167,174.6469205,39.47023737,
C:\MyProjects\Project-Proposal\PrivateCoach\Project-EchoesofEquity\data/wav\1958_byf_n12.wav,C:\MyProjects\Project-Proposal\PrivateCoach\Project-EchoesofEquity\data/melspec\1958_byf_n12.npy,1958,black,younger,female,neutral,12,,1.499229167,169.9043741,47.62810862,
C:\MyProjects\Project-Proposal\PrivateCoach\Project-EchoesofEquity\data/wav\1958_byf_n13.wav,C:\MyProjects\Project-Proposal\PrivateCoach\Project-EchoesofEquity\data/melspec\1958_byf_n13.npy,1958,black,younger,female,neutral,13,,1.492875,171.5542464,47.46146256,
C:\MyProjects\Project-Proposal\PrivateCoach\Project-EchoesofEquity\data/wav\1958_byf_n14.wav,C:\MyProjects\Project-Proposal\PrivateCoach\Project-EchoesofEquity\data/melspec\1958_byf_n14.npy,1958,black,younger,female,neutral,14,,1.788125,194.5982432,20.0015145,
C:\MyProjects\Project-Proposal\PrivateCoach\Project-EchoesofEquity\data/wav\1958_byf_t09.wav,C:\MyProjects\Project-Proposal\PrivateCoach\Project-EchoesofEquity\data/melspec\1958_byf_t09.npy,1958,black,younger,female,trustworthy,9,,1.5751875,204.4377102,68.35547438,
C:\MyProjects\Project-Proposal\PrivateCoach\Project-EchoesofEquity\data/wav\1958_byf_t10.wav,C:\MyProjects\Project-Proposal\PrivateCoach\Project-EchoesofEquity\data/melspec\1958_byf_t10.npy,1958,black,younger,female,trustworthy,10,,1.906625,262.2971406,73.39790404,
C:\MyProjects\Project-Proposal\PrivateCoach\Project-EchoesofEquity\data/wav\1958_byf_t11c.wav,C:\MyProjects\Project-Proposal\PrivateCoach\Project-EchoesofEquity\data/melspec\1958_byf_t11c.npy,1958,black,younger,female,trustworthy,11,c,1.732145833,227.7329563,58.38830791,
C:\MyProjects\Project-Proposal\PrivateCoach\Project-EchoesofEquity\data/wav\1958_byf_t12c.wav,C:\MyProjects\Project-Proposal\PrivateCoach\Project-EchoesofEquity\data/melspec\1958_byf_t12c.npy,1958,black,younger,female,trustworthy,12,c,1.406770833,230.7259436,45.55874722,
C:\MyProjects\Project-Proposal\PrivateCoach\Project-EchoesofEquity\data/wav\1958_byf_t13c.wav,C:\MyProjects\Project-Proposal\PrivateCoach\Project-EchoesofEquity\data/melspec\1958_byf_t13c.npy,1958,black,younger,female,trustworthy,13,c,1.580625,230.2431933,35.68991179,
C:\MyProjects\Project-Proposal\PrivateCoach\Project-EchoesofEquity\data/wav\1958_byf_t14.wav,C:\MyProjects\Project-Proposal\PrivateCoach\Project-EchoesofEquity\data/melspec\1958_byf_t14.npy,1958,black,younger,female,trustworthy,14,,1.296104167,223.5870297,65.5576891,
C:\MyProjects\Project-Proposal\PrivateCoach\Project-EchoesofEquity\data/wav\1959_wof_n01.wav,C:\MyProjects\Project-Proposal\PrivateCoach\Project-EchoesofEquity\data/melspec\1959_wof_n01.npy,1959,white,older,female,neutral,1,,1.704395833,176.4654505,52.18603223,
C:\MyProjects\Project-Proposal\PrivateCoach\Project-EchoesofEquity\data/wav\1959_wof_n02.wav,C:\MyProjects\Project-Proposal\PrivateCoach\Project-EchoesofEquity\data/melspec\1959_wof_n02.npy,1959,white,older,female,neutral,2,,1.8016875,167.4412814,46.33454501,
C:\MyProjects\Project-Proposal\PrivateCoach\Project-EchoesofEquity\data/wav\1959_wof_n03.wav,C:\MyProjects\Project-Proposal\PrivateCoach\Project-EchoesofEquity\data/melspec\1959_wof_n03.npy,1959,white,older,female,neutral,3,,1.722333333,147.207934,28.3901094,
C:\MyProjects\Project-Proposal\PrivateCoach\Project-EchoesofEquity\data/wav\1959_wof_n04.wav,C:\MyProjects\Project-Proposal\PrivateCoach\Project-EchoesofEquity\data/melspec\1959_wof_n04.npy,1959,white,older,female,neutral,4,,1.4773125,156.700778,27.21505856,
C:\MyProjects\Project-Proposal\PrivateCoach\Project-EchoesofEquity\data/wav\1959_wof_n19.wav,C:\MyProjects\Project-Proposal\PrivateCoach\Project-EchoesofEquity\data/melspec\1959_wof_n19.npy,1959,white,older,female,neutral,19,,2.1855,169.8970227,35.75756195,
C:\MyProjects\Project-Proposal\PrivateCoach\Project-EchoesofEquity\data/wav\1959_wof_n20.wav,C:\MyProjects\Project-Proposal\PrivateCoach\Project-EchoesofEquity\data/melspec\1959_wof_n20.npy,1959,white,older,female,neutral,20,,1.931770833,183.5768029,58.91060653,
C:\MyProjects\Project-Proposal\PrivateCoach\Project-EchoesofEquity\data/wav\1959_wof_t01.wav,C:\MyProjects\Project-Proposal\PrivateCoach\Project-EchoesofEquity\data/melspec\1959_wof_t01.npy,1959,white,older,female,trustworthy,1,,1.856104167,217.4868081,73.07770203,
C:\MyProjects\Project-Proposal\PrivateCoach\Project-EchoesofEquity\data/wav\1959_wof_t02.wav,C:\MyProjects\Project-Proposal\PrivateCoach\Project-EchoesofEquity\data/melspec\1959_wof_t02.npy,1959,white,older,female,trustworthy,2,,1.613541667,258.685474,82.10114746,
C:\MyProjects\Project-Proposal\PrivateCoach\Project-EchoesofEquity\data/wav\1959_wof_t03.wav,C:\MyProjects\Project-Proposal\PrivateCoach\Project-EchoesofEquity\data/melspec\1959_wof_t03.npy,1959,white,older,female,trustworthy,3,,2.305395833,203.0646866,67.95805981,
C:\MyProjects\Project-Proposal\PrivateCoach\Project-EchoesofEquity\data/wav\1959_wof_t04.wav,C:\MyProjects\Project-Proposal\PrivateCoach\Project-EchoesofEquity\data/melspec\1959_wof_t04.npy,1959,white,older,female,trustworthy,4,,1.548479167,221.9481949,94.40982972,
C:\MyProjects\Project-Proposal\PrivateCoach\Project-EchoesofEquity\data/wav\1959_wof_t19.wav,C:\MyProjects\Project-Proposal\PrivateCoach\Project-EchoesofEquity\data/melspec\1959_wof_t19.npy,1959,white,older,female,trustworthy,19,,2.466666667,251.3428498,81.78051368,
C:\MyProjects\Project-Proposal\PrivateCoach\Project-EchoesofEquity\data/wav\1959_wof_t20.wav,C:\MyProjects\Project-Proposal\PrivateCoach\Project-EchoesofEquity\data/melspec\1959_wof_t20.npy,1959,white,older,female,trustworthy,20,,2.290229167,253.5438978,97.45290128,
C:\MyProjects\Project-Proposal\PrivateCoach\Project-EchoesofEquity\data/wav\1963_wom_n15c.wav,C:\MyProjects\Project-Proposal\PrivateCoach\Project-EchoesofEquity\data/melspec\1963_wom_n15c.npy,1963,white,older,male,neutral,15,c,1.333020833,135.6432302,67.89092928,
C:\MyProjects\Project-Proposal\PrivateCoach\Project-EchoesofEquity\data/wav\1963_wom_n16c.wav,C:\MyProjects\Project-Proposal\PrivateCoach\Project-EchoesofEquity\data/melspec\1963_wom_n16c.npy,1963,white,older,male,neutral,16,c,1.283708333,124.8059584,70.58092405,
C:\MyProjects\Project-Proposal\PrivateCoach\Project-EchoesofEquity\data/wav\1963_wom_n17c.wav,C:\MyProjects\Project-Proposal\PrivateCoach\Project-EchoesofEquity\data/melspec\1963_wom_n17c.npy,1963,white,older,male,neutral,17,c,1.421,134.5456786,64.53975147,
C:\MyProjects\Project-Proposal\PrivateCoach\Project-EchoesofEquity\data/wav\1963_wom_n18c.wav,C:\MyProjects\Project-Proposal\PrivateCoach\Project-EchoesofEquity\data/melspec\1963_wom_n18c.npy,1963,white,older,male,neutral,18,c,1.580604167,111.7990652,6.189111084,
C:\MyProjects\Project-Proposal\PrivateCoach\Project-EchoesofEquity\data/wav\1963_wom_n19c.wav,C:\MyProjects\Project-Proposal\PrivateCoach\Project-EchoesofEquity\data/melspec\1963_wom_n19c.npy,1963,white,older,male,neutral,19,c,1.4591875,118.119798,54.63110972,
C:\MyProjects\Project-Proposal\PrivateCoach\Project-EchoesofEquity\data/wav\1963_wom_n20c.wav,C:\MyProjects\Project-Proposal\PrivateCoach\Project-EchoesofEquity\data/melspec\1963_wom_n20c.npy,1963,white,older,male,neutral,20,c,1.68475,124.7639147,47.2887877,
C:\MyProjects\Project-Proposal\PrivateCoach\Project-EchoesofEquity\data/wav\1963_wom_t15.wav,C:\MyProjects\Project-Proposal\PrivateCoach\Project-EchoesofEquity\data/melspec\1963_wom_t15.npy,1963,white,older,male,trustworthy,15,,1.270541667,176.1289696,80.42257889,
C:\MyProjects\Project-Proposal\PrivateCoach\Project-EchoesofEquity\data/wav\1963_wom_t16c_version2.wav,C:\MyProjects\Project-Proposal\PrivateCoach\Project-EchoesofEquity\data/melspec\1963_wom_t16c_version2.npy,1963,white,older,male,trustworthy,16,c_version2,1.848791667,187.5412654,62.8664109,
C:\MyProjects\Project-Proposal\PrivateCoach\Project-EchoesofEquity\data/wav\1963_wom_t17c_version2.wav,C:\MyProjects\Project-Proposal\PrivateCoach\Project-EchoesofEquity\data/melspec\1963_wom_t17c_version2.npy,1963,white,older,male,trustworthy,17,c_version2,1.081770833,139.0650189,31.76656029,
C:\MyProjects\Project-Proposal\PrivateCoach\Project-EchoesofEquity\data/wav\1963_wom_t18c.wav,C:\MyProjects\Project-Proposal\PrivateCoach\Project-EchoesofEquity\data/melspec\1963_wom_t18c.npy,1963,white,older,male,trustworthy,18,c,1.7011875,166.0205958,55.87876639,
C:\MyProjects\Project-Proposal\PrivateCoach\Project-EchoesofEquity\data/wav\1963_wom_t19c.wav,C:\MyProjects\Project-Proposal\PrivateCoach\Project-EchoesofEquity\data/melspec\1963_wom_t19c.npy,1963,white,older,male,trustworthy,19,c,2.098708333,165.2383261,57.01595162,
C:\MyProjects\Project-Proposal\PrivateCoach\Project-EchoesofEquity\data/wav\1963_wom_t20c_version2.wav,C:\MyProjects\Project-Proposal\PrivateCoach\Project-EchoesofEquity\data/melspec\1963_wom_t20c_version2.npy,1963,white,older,male,trustworthy,20,c_version2,2.0305,172.2041122,89.98076679,
C:\MyProjects\Project-Proposal\PrivateCoach\Project-EchoesofEquity\data/wav\1965_bym_n11c.wav,C:\MyProjects\Project-Proposal\PrivateCoach\Project-EchoesofEquity\data/melspec\1965_bym_n11c.npy,1965,black,younger,male,neutral,11,c,2.415104167,120.5251084,82.36086261,
C:\MyProjects\Project-Proposal\PrivateCoach\Project-EchoesofEquity\data/wav\1965_bym_n12c.wav,C:\MyProjects\Project-Proposal\PrivateCoach\Project-EchoesofEquity\data/melspec\1965_bym_n12c.npy,1965,black,younger,male,neutral,12,c,1.418395833,85.16995273,12.35594612,
C:\MyProjects\Project-Proposal\PrivateCoach\Project-EchoesofEquity\data/wav\1965_bym_n13c.wav,C:\MyProjects\Project-Proposal\PrivateCoach\Project-EchoesofEquity\data/melspec\1965_bym_n13c.npy,1965,black,younger,male,neutral,13,c,1.295520833,100.4070674,76.44080426,
C:\MyProjects\Project-Proposal\PrivateCoach\Project-EchoesofEquity\data/wav\1965_bym_n14.wav,C:\MyProjects\Project-Proposal\PrivateCoach\Project-EchoesofEquity\data/melspec\1965_bym_n14.npy,1965,black,younger,male,neutral,14,,1.270895833,118.0474881,98.02798354,
C:\MyProjects\Project-Proposal\PrivateCoach\Project-EchoesofEquity\data/wav\1965_bym_n15.wav,C:\MyProjects\Project-Proposal\PrivateCoach\Project-EchoesofEquity\data/melspec\1965_bym_n15.npy,1965,black,younger,male,neutral,15,,1.187583333,186.6640336,131.4388705,
C:\MyProjects\Project-Proposal\PrivateCoach\Project-EchoesofEquity\data/wav\1965_bym_n16c.wav,C:\MyProjects\Project-Proposal\PrivateCoach\Project-EchoesofEquity\data/melspec\1965_bym_n16c.npy,1965,black,younger,male,neutral,16,c,1.444041667,85.1082465,6.003337407,
C:\MyProjects\Project-Proposal\PrivateCoach\Project-EchoesofEquity\data/wav\1965_bym_t11c.wav,C:\MyProjects\Project-Proposal\PrivateCoach\Project-EchoesofEquity\data/melspec\1965_bym_t11c.npy,1965,black,younger,male,trustworthy,11,c,2.2934375,111.1048927,15.60686326,
C:\MyProjects\Project-Proposal\PrivateCoach\Project-EchoesofEquity\data/wav\1965_bym_t12.wav,C:\MyProjects\Project-Proposal\PrivateCoach\Project-EchoesofEquity\data/melspec\1965_bym_t12.npy,1965,black,younger,male,trustworthy,12,,1.260020833,104.5963823,25.0273425,
C:\MyProjects\Project-Proposal\PrivateCoach\Project-EchoesofEquity\data/wav\1965_bym_t13c.wav,C:\MyProjects\Project-Proposal\PrivateCoach\Project-EchoesofEquity\data/melspec\1965_bym_t13c.npy,1965,black,younger,male,trustworthy,13,c,1.624354167,121.2425125,100.347654,
C:\MyProjects\Project-Proposal\PrivateCoach\Project-EchoesofEquity\data/wav\1965_bym_t14c.wav,C:\MyProjects\Project-Proposal\PrivateCoach\Project-EchoesofEquity\data/melspec\1965_bym_t14c.npy,1965,black,younger,male,trustworthy,14,c,1.182916667,132.8742301,89.64670796,
C:\MyProjects\Project-Proposal\PrivateCoach\Project-EchoesofEquity\data/wav\1965_bym_t15c.wav,C:\MyProjects\Project-Proposal\PrivateCoach\Project-EchoesofEquity\data/melspec\1965_bym_t15c.npy,1965,black,younger,male,trustworthy,15,c,1.130458333,164.7475904,118.0446117,
C:\MyProjects\Project-Proposal\PrivateCoach\Project-EchoesofEquity\data/wav\1965_bym_t16.wav,C:\MyProjects\Project-Proposal\PrivateCoach\Project-EchoesofEquity\data/melspec\1965_bym_t16.npy,1965,black,younger,male,trustworthy,16,,1.2044375,144.9785624,52.70086668,
C:\MyProjects\Project-Proposal\PrivateCoach\Project-EchoesofEquity\data/wav\1968_wym_n03.wav,C:\MyProjects\Project-Proposal\PrivateCoach\Project-EchoesofEquity\data/melspec\1968_wym_n03.npy,1968,white,younger,male,neutral,3,,1.892395833,102.5836987,9.71533587,
C:\MyProjects\Project-Proposal\PrivateCoach\Project-EchoesofEquity\data/wav\1968_wym_n04.wav,C:\MyProjects\Project-Proposal\PrivateCoach\Project-EchoesofEquity\data/melspec\1968_wym_n04.npy,1968,white,younger,male,neutral,4,,1.3363125,96.39333526,7.274365556,
C:\MyProjects\Project-Proposal\PrivateCoach\Project-EchoesofEquity\data/wav\1968_wym_n05.wav,C:\MyProjects\Project-Proposal\PrivateCoach\Project-EchoesofEquity\data/melspec\1968_wym_n05.npy,1968,white,younger,male,neutral,5,,1.39425,128.6148541,81.77501352,
C:\MyProjects\Project-Proposal\PrivateCoach\Project-EchoesofEquity\data/wav\1968_wym_n06.wav,C:\MyProjects\Project-Proposal\PrivateCoach\Project-EchoesofEquity\data/melspec\1968_wym_n06.npy,1968,white,younger,male,neutral,6,,1.355354167,100.7534313,10.31570862,
C:\MyProjects\Project-Proposal\PrivateCoach\Project-EchoesofEquity\data/wav\1968_wym_n07.wav,C:\MyProjects\Project-Proposal\PrivateCoach\Project-EchoesofEquity\data/melspec\1968_wym_n07.npy,1968,white,younger,male,neutral,7,,1.506208333,108.4239551,32.48435262,
C:\MyProjects\Project-Proposal\PrivateCoach\Project-EchoesofEquity\data/wav\1968_wym_n08.wav,C:\MyProjects\Project-Proposal\PrivateCoach\Project-EchoesofEquity\data/melspec\1968_wym_n08.npy,1968,white,younger,male,neutral,8,,1.873604167,102.5124748,26.88005982,
C:\MyProjects\Project-Proposal\PrivateCoach\Project-EchoesofEquity\data/wav\1968_wym_t03.wav,C:\MyProjects\Project-Proposal\PrivateCoach\Project-EchoesofEquity\data/melspec\1968_wym_t03.npy,1968,white,younger,male,trustworthy,3,,1.714479167,131.2276782,23.80390824,
C:\MyProjects\Project-Proposal\PrivateCoach\Project-EchoesofEquity\data/wav\1968_wym_t04.wav,C:\MyProjects\Project-Proposal\PrivateCoach\Project-EchoesofEquity\data/melspec\1968_wym_t04.npy,1968,white,younger,male,trustworthy,4,,1.3349375,148.7101414,70.85936301,
C:\MyProjects\Project-Proposal\PrivateCoach\Project-EchoesofEquity\data/wav\1968_wym_t05c.wav,C:\MyProjects\Project-Proposal\PrivateCoach\Project-EchoesofEquity\data/melspec\1968_wym_t05c.npy,1968,white,younger,male,trustworthy,5,c,1.363229167,151.1065786,68.89299018,
C:\MyProjects\Project-Proposal\PrivateCoach\Project-EchoesofEquity\data/wav\1968_wym_t06.wav,C:\MyProjects\Project-Proposal\PrivateCoach\Project-EchoesofEquity\data/melspec\1968_wym_t06.npy,1968,white,younger,male,trustworthy,6,,1.347770833,138.1731889,29.28924254,
C:\MyProjects\Project-Proposal\PrivateCoach\Project-EchoesofEquity\data/wav\1968_wym_t07.wav,C:\MyProjects\Project-Proposal\PrivateCoach\Project-EchoesofEquity\data/melspec\1968_wym_t07.npy,1968,white,younger,male,trustworthy,7,,1.4994375,129.2148752,56.99012926,
C:\MyProjects\Project-Proposal\PrivateCoach\Project-EchoesofEquity\data/wav\1968_wym_t08c.wav,C:\MyProjects\Project-Proposal\PrivateCoach\Project-EchoesofEquity\data/melspec\1968_wym_t08c.npy,1968,white,younger,male,trustworthy,8,c,1.781916667,111.0848892,16.47973958,
C:\MyProjects\Project-Proposal\PrivateCoach\Project-EchoesofEquity\data/wav\1969_wof_n01c.wav,C:\MyProjects\Project-Proposal\PrivateCoach\Project-EchoesofEquity\data/melspec\1969_wof_n01c.npy,1969,white,older,female,neutral,1,c,1.5498125,160.542997,21.65438549,
C:\MyProjects\Project-Proposal\PrivateCoach\Project-EchoesofEquity\data/wav\1969_wof_n02c.wav,C:\MyProjects\Project-Proposal\PrivateCoach\Project-EchoesofEquity\data/melspec\1969_wof_n02c.npy,1969,white,older,female,neutral,2,c,1.796604167,152.7342736,23.64802797,
C:\MyProjects\Project-Proposal\PrivateCoach\Project-EchoesofEquity\data/wav\1969_wof_n17cc.wav,C:\MyProjects\Project-Proposal\PrivateCoach\Project-EchoesofEquity\data/melspec\1969_wof_n17cc.npy,1969,white,older,female,neutral,17,cc,1.703,170.6738265,20.25253162,
C:\MyProjects\Project-Proposal\PrivateCoach\Project-EchoesofEquity\data/wav\1969_wof_n18cc.wav,C:\MyProjects\Project-Proposal\PrivateCoach\Project-EchoesofEquity\data/melspec\1969_wof_n18cc.npy,1969,white,older,female,neutral,18,cc,1.9109375,164.0991682,21.82419712,
C:\MyProjects\Project-Proposal\PrivateCoach\Project-EchoesofEquity\data/wav\1969_wof_n19c.wav,C:\MyProjects\Project-Proposal\PrivateCoach\Project-EchoesofEquity\data/melspec\1969_wof_n19c.npy,1969,white,older,female,neutral,19,c,1.789,159.9037608,36.45557778,
C:\MyProjects\Project-Proposal\PrivateCoach\Project-EchoesofEquity\data/wav\1969_wof_n20.wav,C:\MyProjects\Project-Proposal\PrivateCoach\Project-EchoesofEquity\data/melspec\1969_wof_n20.npy,1969,white,older,female,neutral,20,,1.733229167,203.372949,58.24468281,
C:\MyProjects\Project-Proposal\PrivateCoach\Project-EchoesofEquity\data/wav\1969_wof_t01.wav,C:\MyProjects\Project-Proposal\PrivateCoach\Project-EchoesofEquity\data/melspec\1969_wof_t01.npy,1969,white,older,female,trustworthy,1,,1.281083333,207.1077873,73.31192543,
C:\MyProjects\Project-Proposal\PrivateCoach\Project-EchoesofEquity\data/wav\1969_wof_t02c.wav,C:\MyProjects\Project-Proposal\PrivateCoach\Project-EchoesofEquity\data/melspec\1969_wof_t02c.npy,1969,white,older,female,trustworthy,2,c,1.823104167,204.406701,40.44673028,
C:\MyProjects\Project-Proposal\PrivateCoach\Project-EchoesofEquity\data/wav\1969_wof_t17.wav,C:\MyProjects\Project-Proposal\PrivateCoach\Project-EchoesofEquity\data/melspec\1969_wof_t17.npy,1969,white,older,female,trustworthy,17,,1.7969375,199.3780911,57.38571306,
C:\MyProjects\Project-Proposal\PrivateCoach\Project-EchoesofEquity\data/wav\1969_wof_t18c.wav,C:\MyProjects\Project-Proposal\PrivateCoach\Project-EchoesofEquity\data/melspec\1969_wof_t18c.npy,1969,white,older,female,trustworthy,18,c,1.75975,211.4639428,54.45953268,
C:\MyProjects\Project-Proposal\PrivateCoach\Project-EchoesofEquity\data/wav\1969_wof_t19c.wav,C:\MyProjects\Project-Proposal\PrivateCoach\Project-EchoesofEquity\data/melspec\1969_wof_t19c.npy,1969,white,older,female,trustworthy,19,c,2.664645833,240.1151463,71.70657329,
C:\MyProjects\Project-Proposal\PrivateCoach\Project-EchoesofEquity\data/wav\1969_wof_t20.wav,C:\MyProjects\Project-Proposal\PrivateCoach\Project-EchoesofEquity\data/melspec\1969_wof_t20.npy,1969,white,older,female,trustworthy,20,,1.756666667,212.3435137,58.29290396,
C:\MyProjects\Project-Proposal\PrivateCoach\Project-EchoesofEquity\data/wav\1970_wyf_n03.wav,C:\MyProjects\Project-Proposal\PrivateCoach\Project-EchoesofEquity\data/melspec\1970_wyf_n03.npy,1970,white,younger,female,neutral,3,,1.5884375,196.8054938,22.06807562,
C:\MyProjects\Project-Proposal\PrivateCoach\Project-EchoesofEquity\data/wav\1970_wyf_n04c.wav,C:\MyProjects\Project-Proposal\PrivateCoach\Project-EchoesofEquity\data/melspec\1970_wyf_n04c.npy,1970,white,younger,female,neutral,4,c,1.242833333,193.1600596,31.00101384,
C:\MyProjects\Project-Proposal\PrivateCoach\Project-EchoesofEquity\data/wav\1970_wyf_n05c.wav,C:\MyProjects\Project-Proposal\PrivateCoach\Project-EchoesofEquity\data/melspec\1970_wyf_n05c.npy,1970,white,younger,female,neutral,5,c,1.3070625,189.3408631,39.381961,
C:\MyProjects\Project-Proposal\PrivateCoach\Project-EchoesofEquity\data/wav\1970_wyf_n06.wav,C:\MyProjects\Project-Proposal\PrivateCoach\Project-EchoesofEquity\data/melspec\1970_wyf_n06.npy,1970,white,younger,female,neutral,6,,1.207770833,188.6693796,31.63403635,
C:\MyProjects\Project-Proposal\PrivateCoach\Project-EchoesofEquity\data/wav\1970_wyf_n07.wav,C:\MyProjects\Project-Proposal\PrivateCoach\Project-EchoesofEquity\data/melspec\1970_wyf_n07.npy,1970,white,younger,female,neutral,7,,1.282458333,202.6748166,17.07119445,
C:\MyProjects\Project-Proposal\PrivateCoach\Project-EchoesofEquity\data/wav\1970_wyf_n08.wav,C:\MyProjects\Project-Proposal\PrivateCoach\Project-EchoesofEquity\data/melspec\1970_wyf_n08.npy,1970,white,younger,female,neutral,8,,1.306583333,188.5930493,36.64240587,
C:\MyProjects\Project-Proposal\PrivateCoach\Project-EchoesofEquity\data/wav\1970_wyf_t03c.wav,C:\MyProjects\Project-Proposal\PrivateCoach\Project-EchoesofEquity\data/melspec\1970_wyf_t03c.npy,1970,white,younger,female,trustworthy,3,c,2.262270833,241.7296484,16.10346431,
C:\MyProjects\Project-Proposal\PrivateCoach\Project-EchoesofEquity\data/wav\1970_wyf_t04c.wav,C:\MyProjects\Project-Proposal\PrivateCoach\Project-EchoesofEquity\data/melspec\1970_wyf_t04c.npy,1970,white,younger,female,trustworthy,4,c,1.464666667,205.246518,14.72992523,
C:\MyProjects\Project-Proposal\PrivateCoach\Project-EchoesofEquity\data/wav\1970_wyf_t05c.wav,C:\MyProjects\Project-Proposal\PrivateCoach\Project-EchoesofEquity\data/melspec\1970_wyf_t05c.npy,1970,white,younger,female,trustworthy,5,c,1.583708333,184.5488017,59.34510284,
C:\MyProjects\Project-Proposal\PrivateCoach\Project-EchoesofEquity\data/wav\1970_wyf_t06.wav,C:\MyProjects\Project-Proposal\PrivateCoach\Project-EchoesofEquity\data/melspec\1970_wyf_t06.npy,1970,white,younger,female,trustworthy,6,,1.097875,232.8420182,34.28636959,
C:\MyProjects\Project-Proposal\PrivateCoach\Project-EchoesofEquity\data/wav\1970_wyf_t07.wav,C:\MyProjects\Project-Proposal\PrivateCoach\Project-EchoesofEquity\data/melspec\1970_wyf_t07.npy,1970,white,younger,female,trustworthy,7,,1.522875,222.12925,14.21667129,
C:\MyProjects\Project-Proposal\PrivateCoach\Project-EchoesofEquity\data/wav\1970_wyf_t08c.wav,C:\MyProjects\Project-Proposal\PrivateCoach\Project-EchoesofEquity\data/melspec\1970_wyf_t08c.npy,1970,white,younger,female,trustworthy,8,c,1.559875,214.0415695,24.2817014,
C:\MyProjects\Project-Proposal\PrivateCoach\Project-EchoesofEquity\data/wav\1971_wyf_n05.wav,C:\MyProjects\Project-Proposal\PrivateCoach\Project-EchoesofEquity\data/melspec\1971_wyf_n05.npy,1971,white,younger,female,neutral,5,,1.363291667,213.6458086,55.59397068,
C:\MyProjects\Project-Proposal\PrivateCoach\Project-EchoesofEquity\data/wav\1971_wyf_n06.wav,C:\MyProjects\Project-Proposal\PrivateCoach\Project-EchoesofEquity\data/melspec\1971_wyf_n06.npy,1971,white,younger,female,neutral,6,,1.199395833,173.9411805,18.64820302,
C:\MyProjects\Project-Proposal\PrivateCoach\Project-EchoesofEquity\data/wav\1971_wyf_n07.wav,C:\MyProjects\Project-Proposal\PrivateCoach\Project-EchoesofEquity\data/melspec\1971_wyf_n07.npy,1971,white,younger,female,neutral,7,,1.362208333,196.6002146,47.61021674,
C:\MyProjects\Project-Proposal\PrivateCoach\Project-EchoesofEquity\data/wav\1971_wyf_n08c.wav,C:\MyProjects\Project-Proposal\PrivateCoach\Project-EchoesofEquity\data/melspec\1971_wyf_n08c.npy,1971,white,younger,female,neutral,8,c,1.264333333,183.630758,31.40097209,
C:\MyProjects\Project-Proposal\PrivateCoach\Project-EchoesofEquity\data/wav\1971_wyf_n09.wav,C:\MyProjects\Project-Proposal\PrivateCoach\Project-EchoesofEquity\data/melspec\1971_wyf_n09.npy,1971,white,younger,female,neutral,9,,1.424770833,200.2039052,74.89158717,
C:\MyProjects\Project-Proposal\PrivateCoach\Project-EchoesofEquity\data/wav\1971_wyf_n10.wav,C:\MyProjects\Project-Proposal\PrivateCoach\Project-EchoesofEquity\data/melspec\1971_wyf_n10.npy,1971,white,younger,female,neutral,10,,1.521958333,194.9888695,60.7409048,
C:\MyProjects\Project-Proposal\PrivateCoach\Project-EchoesofEquity\data/wav\1971_wyf_t05.wav,C:\MyProjects\Project-Proposal\PrivateCoach\Project-EchoesofEquity\data/melspec\1971_wyf_t05.npy,1971,white,younger,female,trustworthy,5,,1.40075,231.7704049,64.74964825,
C:\MyProjects\Project-Proposal\PrivateCoach\Project-EchoesofEquity\data/wav\1971_wyf_t06c.wav,C:\MyProjects\Project-Proposal\PrivateCoach\Project-EchoesofEquity\data/melspec\1971_wyf_t06c.npy,1971,white,younger,female,trustworthy,6,c,1.166666667,207.7154038,64.62620429,
C:\MyProjects\Project-Proposal\PrivateCoach\Project-EchoesofEquity\data/wav\1971_wyf_t07c.wav,C:\MyProjects\Project-Proposal\PrivateCoach\Project-EchoesofEquity\data/melspec\1971_wyf_t07c.npy,1971,white,younger,female,trustworthy,7,c,1.345416667,235.1404967,72.38199775,
C:\MyProjects\Project-Proposal\PrivateCoach\Project-EchoesofEquity\data/wav\1971_wyf_t08.wav,C:\MyProjects\Project-Proposal\PrivateCoach\Project-EchoesofEquity\data/melspec\1971_wyf_t08.npy,1971,white,younger,female,trustworthy,8,,1.918875,235.5790506,43.70048263,
C:\MyProjects\Project-Proposal\PrivateCoach\Project-EchoesofEquity\data/wav\1971_wyf_t09.wav,C:\MyProjects\Project-Proposal\PrivateCoach\Project-EchoesofEquity\data/melspec\1971_wyf_t09.npy,1971,white,younger,female,trustworthy,9,,1.457645833,231.7074401,67.22421232,
C:\MyProjects\Project-Proposal\PrivateCoach\Project-EchoesofEquity\data/wav\1971_wyf_t10c.wav,C:\MyProjects\Project-Proposal\PrivateCoach\Project-EchoesofEquity\data/melspec\1971_wyf_t10c.npy,1971,white,younger,female,trustworthy,10,c,2.105458333,265.7993335,73.83755244,
C:\MyProjects\Project-Proposal\PrivateCoach\Project-EchoesofEquity\data/wav\1972_wym_n05.wav,C:\MyProjects\Project-Proposal\PrivateCoach\Project-EchoesofEquity\data/melspec\1972_wym_n05.npy,1972,white,younger,male,neutral,5,,1.315395833,109.6771702,12.03531225,
C:\MyProjects\Project-Proposal\PrivateCoach\Project-EchoesofEquity\data/wav\1972_wym_n06.wav,C:\MyProjects\Project-Proposal\PrivateCoach\Project-EchoesofEquity\data/melspec\1972_wym_n06.npy,1972,white,younger,male,neutral,6,,1.368333333,109.0082746,5.56072534,
C:\MyProjects\Project-Proposal\PrivateCoach\Project-EchoesofEquity\data/wav\1972_wym_n07.wav,C:\MyProjects\Project-Proposal\PrivateCoach\Project-EchoesofEquity\data/melspec\1972_wym_n07.npy,1972,white,younger,male,neutral,7,,1.319791667,111.9931482,10.02064886,
C:\MyProjects\Project-Proposal\PrivateCoach\Project-EchoesofEquity\data/wav\1972_wym_n08c.wav,C:\MyProjects\Project-Proposal\PrivateCoach\Project-EchoesofEquity\data/melspec\1972_wym_n08c.npy,1972,white,younger,male,neutral,8,c,1.2690625,119.7772172,31.44232872,
C:\MyProjects\Project-Proposal\PrivateCoach\Project-EchoesofEquity\data/wav\1972_wym_n09c.wav,C:\MyProjects\Project-Proposal\PrivateCoach\Project-EchoesofEquity\data/melspec\1972_wym_n09c.npy,1972,white,younger,male,neutral,9,c,1.469833333,109.2309144,9.550698238,
C:\MyProjects\Project-Proposal\PrivateCoach\Project-EchoesofEquity\data/wav\1972_wym_n10.wav,C:\MyProjects\Project-Proposal\PrivateCoach\Project-EchoesofEquity\data/melspec\1972_wym_n10.npy,1972,white,younger,male,neutral,10,,1.6163125,106.6789785,8.081289909,
C:\MyProjects\Project-Proposal\PrivateCoach\Project-EchoesofEquity\data/wav\1972_wym_t05.wav,C:\MyProjects\Project-Proposal\PrivateCoach\Project-EchoesofEquity\data/melspec\1972_wym_t05.npy,1972,white,younger,male,trustworthy,5,,1.241604167,120.6084814,20.34322834,
C:\MyProjects\Project-Proposal\PrivateCoach\Project-EchoesofEquity\data/wav\1972_wym_t06c.wav,C:\MyProjects\Project-Proposal\PrivateCoach\Project-EchoesofEquity\data/melspec\1972_wym_t06c.npy,1972,white,younger,male,trustworthy,6,c,1.089229167,128.3209644,15.12068338,
C:\MyProjects\Project-Proposal\PrivateCoach\Project-EchoesofEquity\data/wav\1972_wym_t07c.wav,C:\MyProjects\Project-Proposal\PrivateCoach\Project-EchoesofEquity\data/melspec\1972_wym_t07c.npy,1972,white,younger,male,trustworthy,7,c,1.0515,119.4560739,21.26772618,
C:\MyProjects\Project-Proposal\PrivateCoach\Project-EchoesofEquity\data/wav\1972_wym_t08c.wav,C:\MyProjects\Project-Proposal\PrivateCoach\Project-EchoesofEquity\data/melspec\1972_wym_t08c.npy,1972,white,younger,male,trustworthy,8,c,1.36025,112.9264776,56.88480059,
C:\MyProjects\Project-Proposal\PrivateCoach\Project-EchoesofEquity\data/wav\1972_wym_t09.wav,C:\MyProjects\Project-Proposal\PrivateCoach\Project-EchoesofEquity\data/melspec\1972_wym_t09.npy,1972,white,younger,male,trustworthy,9,,1.154270833,116.9059071,17.47951692,
C:\MyProjects\Project-Proposal\PrivateCoach\Project-EchoesofEquity\data/wav\1972_wym_t10.wav,C:\MyProjects\Project-Proposal\PrivateCoach\Project-EchoesofEquity\data/melspec\1972_wym_t10.npy,1972,white,younger,male,trustworthy,10,,2.078854167,118.2955942,22.79480672,
C:\MyProjects\Project-Proposal\PrivateCoach\Project-EchoesofEquity\data/wav\1973_wyf_n07c.wav,C:\MyProjects\Project-Proposal\PrivateCoach\Project-EchoesofEquity\data/melspec\1973_wyf_n07c.npy,1973,white,younger,female,neutral,7,c,1.735708333,182.0075992,17.39515374,
C:\MyProjects\Project-Proposal\PrivateCoach\Project-EchoesofEquity\data/wav\1973_wyf_n08.wav,C:\MyProjects\Project-Proposal\PrivateCoach\Project-EchoesofEquity\data/melspec\1973_wyf_n08.npy,1973,white,younger,female,neutral,8,,1.5878125,172.5775661,17.83204986,
C:\MyProjects\Project-Proposal\PrivateCoach\Project-EchoesofEquity\data/wav\1973_wyf_n09c.wav,C:\MyProjects\Project-Proposal\PrivateCoach\Project-EchoesofEquity\data/melspec\1973_wyf_n09c.npy,1973,white,younger,female,neutral,9,c,1.537479167,161.2482511,14.54959099,
C:\MyProjects\Project-Proposal\PrivateCoach\Project-EchoesofEquity\data/wav\1973_wyf_n10c.wav,C:\MyProjects\Project-Proposal\PrivateCoach\Project-EchoesofEquity\data/melspec\1973_wyf_n10c.npy,1973,white,younger,female,neutral,10,c,1.9985625,187.7034722,28.81433647,
C:\MyProjects\Project-Proposal\PrivateCoach\Project-EchoesofEquity\data/wav\1973_wyf_n11.wav,C:\MyProjects\Project-Proposal\PrivateCoach\Project-EchoesofEquity\data/melspec\1973_wyf_n11.npy,1973,white,younger,female,neutral,11,,2.004729167,180.0118255,24.90626448,
C:\MyProjects\Project-Proposal\PrivateCoach\Project-EchoesofEquity\data/wav\1973_wyf_n12.wav,C:\MyProjects\Project-Proposal\PrivateCoach\Project-EchoesofEquity\data/melspec\1973_wyf_n12.npy,1973,white,younger,female,neutral,12,,1.586666667,186.7823752,19.11282937,
C:\MyProjects\Project-Proposal\PrivateCoach\Project-EchoesofEquity\data/wav\1973_wyf_t07c.wav,C:\MyProjects\Project-Proposal\PrivateCoach\Project-EchoesofEquity\data/melspec\1973_wyf_t07c.npy,1973,white,younger,female,trustworthy,7,c,1.596083333,202.4640728,39.19576697,
C:\MyProjects\Project-Proposal\PrivateCoach\Project-EchoesofEquity\data/wav\1973_wyf_t08.wav,C:\MyProjects\Project-Proposal\PrivateCoach\Project-EchoesofEquity\data/melspec\1973_wyf_t08.npy,1973,white,younger,female,trustworthy,8,,1.537166667,206.0266439,38.80758827,
C:\MyProjects\Project-Proposal\PrivateCoach\Project-EchoesofEquity\data/wav\1973_wyf_t09.wav,C:\MyProjects\Project-Proposal\PrivateCoach\Project-EchoesofEquity\data/melspec\1973_wyf_t09.npy,1973,white,younger,female,trustworthy,9,,1.541541667,205.8464932,53.15947255,
C:\MyProjects\Project-Proposal\PrivateCoach\Project-EchoesofEquity\data/wav\1973_wyf_t10c.wav,C:\MyProjects\Project-Proposal\PrivateCoach\Project-EchoesofEquity\data/melspec\1973_wyf_t10c.npy,1973,white,younger,female,trustworthy,10,c,1.957541667,218.3602535,38.36895393,
C:\MyProjects\Project-Proposal\PrivateCoach\Project-EchoesofEquity\data/wav\1973_wyf_t11c.wav,C:\MyProjects\Project-Proposal\PrivateCoach\Project-EchoesofEquity\data/melspec\1973_wyf_t11c.npy,1973,white,younger,female,trustworthy,11,c,2.2425,207.2113826,32.21794205,
C:\MyProjects\Project-Proposal\PrivateCoach\Project-EchoesofEquity\data/wav\1973_wyf_t12c.wav,C:\MyProjects\Project-Proposal\PrivateCoach\Project-EchoesofEquity\data/melspec\1973_wyf_t12c.npy,1973,white,younger,female,trustworthy,12,c,1.598979167,194.8555347,32.66031683,
C:\MyProjects\Project-Proposal\PrivateCoach\Project-EchoesofEquity\data/wav\1974_wym_n07c.wav,C:\MyProjects\Project-Proposal\PrivateCoach\Project-EchoesofEquity\data/melspec\1974_wym_n07c.npy,1974,white,younger,male,neutral,7,c,1.3815625,90.94384523,8.275772247,
C:\MyProjects\Project-Proposal\PrivateCoach\Project-EchoesofEquity\data/wav\1974_wym_n08c.wav,C:\MyProjects\Project-Proposal\PrivateCoach\Project-EchoesofEquity\data/melspec\1974_wym_n08c.npy,1974,white,younger,male,neutral,8,c,1.3743125,85.8168744,4.046116068,
C:\MyProjects\Project-Proposal\PrivateCoach\Project-EchoesofEquity\data/wav\1974_wym_n09c.wav,C:\MyProjects\Project-Proposal\PrivateCoach\Project-EchoesofEquity\data/melspec\1974_wym_n09c.npy,1974,white,younger,male,neutral,9,c,1.315875,88.62253149,5.948379989,
C:\MyProjects\Project-Proposal\PrivateCoach\Project-EchoesofEquity\data/wav\1974_wym_n10c.wav,C:\MyProjects\Project-Proposal\PrivateCoach\Project-EchoesofEquity\data/melspec\1974_wym_n10c.npy,1974,white,younger,male,neutral,10,c,1.7080625,126.0423675,87.96835637,
C:\MyProjects\Project-Proposal\PrivateCoach\Project-EchoesofEquity\data/wav\1974_wym_n11c.wav,C:\MyProjects\Project-Proposal\PrivateCoach\Project-EchoesofEquity\data/melspec\1974_wym_n11c.npy,1974,white,younger,male,neutral,11,c,1.876145833,88.02400765,7.510027493,
C:\MyProjects\Project-Proposal\PrivateCoach\Project-EchoesofEquity\data/wav\1974_wym_n12c.wav,C:\MyProjects\Project-Proposal\PrivateCoach\Project-EchoesofEquity\data/melspec\1974_wym_n12c.npy,1974,white,younger,male,neutral,12,c,1.362395833,89.65762044,5.991165988,
C:\MyProjects\Project-Proposal\PrivateCoach\Project-EchoesofEquity\data/wav\1974_wym_t07.wav,C:\MyProjects\Project-Proposal\PrivateCoach\Project-EchoesofEquity\data/melspec\1974_wym_t07.npy,1974,white,younger,male,trustworthy,7,,1.1059375,111.1429637,30.1678561,
C:\MyProjects\Project-Proposal\PrivateCoach\Project-EchoesofEquity\data/wav\1974_wym_t08.wav,C:\MyProjects\Project-Proposal\PrivateCoach\Project-EchoesofEquity\data/melspec\1974_wym_t08.npy,1974,white,younger,male,trustworthy,8,,1.377416667,194.9616112,121.8852252,
C:\MyProjects\Project-Proposal\PrivateCoach\Project-EchoesofEquity\data/wav\1974_wym_t09c.wav,C:\MyProjects\Project-Proposal\PrivateCoach\Project-EchoesofEquity\data/melspec\1974_wym_t09c.npy,1974,white,younger,male,trustworthy,9,c,1.373416667,142.7515626,95.93174301,
C:\MyProjects\Project-Proposal\PrivateCoach\Project-EchoesofEquity\data/wav\1974_wym_t10.wav,C:\MyProjects\Project-Proposal\PrivateCoach\Project-EchoesofEquity\data/melspec\1974_wym_t10.npy,1974,white,younger,male,trustworthy,10,,1.584625,150.2423457,30.91230022,
C:\MyProjects\Project-Proposal\PrivateCoach\Project-EchoesofEquity\data/wav\1974_wym_t11c.wav,C:\MyProjects\Project-Proposal\PrivateCoach\Project-EchoesofEquity\data/melspec\1974_wym_t11c.npy,1974,white,younger,male,trustworthy,11,c,1.5228125,133.2884653,64.46122524,
C:\MyProjects\Project-Proposal\PrivateCoach\Project-EchoesofEquity\data/wav\1974_wym_t12c.wav,C:\MyProjects\Project-Proposal\PrivateCoach\Project-EchoesofEquity\data/melspec\1974_wym_t12c.npy,1974,white,younger,male,trustworthy,12,c,1.286583333,125.0429071,27.30360347,
C:\MyProjects\Project-Proposal\PrivateCoach\Project-EchoesofEquity\data/wav\1976_bym_n11c.wav,C:\MyProjects\Project-Proposal\PrivateCoach\Project-EchoesofEquity\data/melspec\1976_bym_n11c.npy,1976,black,younger,male,neutral,11,c,1.226895833,112.4546947,5.016745178,
C:\MyProjects\Project-Proposal\PrivateCoach\Project-EchoesofEquity\data/wav\1976_bym_n12.wav,C:\MyProjects\Project-Proposal\PrivateCoach\Project-EchoesofEquity\data/melspec\1976_bym_n12.npy,1976,black,younger,male,neutral,12,,1.1730625,115.4311255,5.798877445,
C:\MyProjects\Project-Proposal\PrivateCoach\Project-EchoesofEquity\data/wav\1976_bym_n13.wav,C:\MyProjects\Project-Proposal\PrivateCoach\Project-EchoesofEquity\data/melspec\1976_bym_n13.npy,1976,black,younger,male,neutral,13,,1.0853125,114.3452277,5.351041403,
C:\MyProjects\Project-Proposal\PrivateCoach\Project-EchoesofEquity\data/wav\1976_bym_n14c.wav,C:\MyProjects\Project-Proposal\PrivateCoach\Project-EchoesofEquity\data/melspec\1976_bym_n14c.npy,1976,black,younger,male,neutral,14,c,1.1530625,117.2400444,6.215342715,
C:\MyProjects\Project-Proposal\PrivateCoach\Project-EchoesofEquity\data/wav\1976_bym_n15.wav,C:\MyProjects\Project-Proposal\PrivateCoach\Project-EchoesofEquity\data/melspec\1976_bym_n15.npy,1976,black,younger,male,neutral,15,,1.139895833,115.4188115,6.554385588,
C:\MyProjects\Project-Proposal\PrivateCoach\Project-EchoesofEquity\data/wav\1976_bym_n16.wav,C:\MyProjects\Project-Proposal\PrivateCoach\Project-EchoesofEquity\data/melspec\1976_bym_n16.npy,1976,black,younger,male,neutral,16,,1.165291667,115.1437115,5.605323982,
C:\MyProjects\Project-Proposal\PrivateCoach\Project-EchoesofEquity\data/wav\1976_bym_t11.wav,C:\MyProjects\Project-Proposal\PrivateCoach\Project-EchoesofEquity\data/melspec\1976_bym_t11.npy,1976,black,younger,male,trustworthy,11,,1.189104167,135.7522482,12.31997603,
C:\MyProjects\Project-Proposal\PrivateCoach\Project-EchoesofEquity\data/wav\1976_bym_t12.wav,C:\MyProjects\Project-Proposal\PrivateCoach\Project-EchoesofEquity\data/melspec\1976_bym_t12.npy,1976,black,younger,male,trustworthy,12,,1.131854167,134.2809883,16.87889511,
C:\MyProjects\Project-Proposal\PrivateCoach\Project-EchoesofEquity\data/wav\1976_bym_t13c.wav,C:\MyProjects\Project-Proposal\PrivateCoach\Project-EchoesofEquity\data/melspec\1976_bym_t13c.npy,1976,black,younger,male,trustworthy,13,c,1.181104167,138.0813977,14.01360657,
C:\MyProjects\Project-Proposal\PrivateCoach\Project-EchoesofEquity\data/wav\1976_bym_t14c.wav,C:\MyProjects\Project-Proposal\PrivateCoach\Project-EchoesofEquity\data/melspec\1976_bym_t14c.npy,1976,black,younger,male,trustworthy,14,c,1.067708333,129.0111289,8.860844103,
C:\MyProjects\Project-Proposal\PrivateCoach\Project-EchoesofEquity\data/wav\1976_bym_t15.wav,C:\MyProjects\Project-Proposal\PrivateCoach\Project-EchoesofEquity\data/melspec\1976_bym_t15.npy,1976,black,younger,male,trustworthy,15,,1.104083333,150.4154473,30.53867651,
C:\MyProjects\Project-Proposal\PrivateCoach\Project-EchoesofEquity\data/wav\1976_bym_t16c.wav,C:\MyProjects\Project-Proposal\PrivateCoach\Project-EchoesofEquity\data/melspec\1976_bym_t16c.npy,1976,black,younger,male,trustworthy,16,c,1.225395833,129.9629293,13.32057201,
C:\MyProjects\Project-Proposal\PrivateCoach\Project-EchoesofEquity\data/wav\1977_wom_n01.wav,C:\MyProjects\Project-Proposal\PrivateCoach\Project-EchoesofEquity\data/melspec\1977_wom_n01.npy,1977,white,older,male,neutral,1,,2.094708333,105.1707611,9.904899392,
C:\MyProjects\Project-Proposal\PrivateCoach\Project-EchoesofEquity\data/wav\1977_wom_n02c.wav,C:\MyProjects\Project-Proposal\PrivateCoach\Project-EchoesofEquity\data/melspec\1977_wom_n02c.npy,1977,white,older,male,neutral,2,c,2.07025,103.1657167,4.232704025,
C:\MyProjects\Project-Proposal\PrivateCoach\Project-EchoesofEquity\data/wav\1977_wom_n17c.wav,C:\MyProjects\Project-Proposal\PrivateCoach\Project-EchoesofEquity\data/melspec\1977_wom_n17c.npy,1977,white,older,male,neutral,17,c,1.8255,108.1384156,9.85138742,
C:\MyProjects\Project-Proposal\PrivateCoach\Project-EchoesofEquity\data/wav\1977_wom_n18c.wav,C:\MyProjects\Project-Proposal\PrivateCoach\Project-EchoesofEquity\data/melspec\1977_wom_n18c.npy,1977,white,older,male,neutral,18,c,2.101520833,99.36516188,6.343140901,
C:\MyProjects\Project-Proposal\PrivateCoach\Project-EchoesofEquity\data/wav\1977_wom_n19.wav,C:\MyProjects\Project-Proposal\PrivateCoach\Project-EchoesofEquity\data/melspec\1977_wom_n19.npy,1977,white,older,male,neutral,19,,2.137666667,97.33415542,9.24622544,
C:\MyProjects\Project-Proposal\PrivateCoach\Project-EchoesofEquity\data/wav\1977_wom_n20.wav,C:\MyProjects\Project-Proposal\PrivateCoach\Project-EchoesofEquity\data/melspec\1977_wom_n20.npy,1977,white,older,male,neutral,20,,2.02675,108.4867597,8.380609275,
C:\MyProjects\Project-Proposal\PrivateCoach\Project-EchoesofEquity\data/wav\1977_wom_t01.wav,C:\MyProjects\Project-Proposal\PrivateCoach\Project-EchoesofEquity\data/melspec\1977_wom_t01.npy,1977,white,older,male,trustworthy,1,,1.704208333,131.7884139,58.92650523,
C:\MyProjects\Project-Proposal\PrivateCoach\Project-EchoesofEquity\data/wav\1977_wom_t02.wav,C:\MyProjects\Project-Proposal\PrivateCoach\Project-EchoesofEquity\data/melspec\1977_wom_t02.npy,1977,white,older,male,trustworthy,2,,2.0109375,175.7917806,51.34743793,
C:\MyProjects\Project-Proposal\PrivateCoach\Project-EchoesofEquity\data/wav\1977_wom_t17.wav,C:\MyProjects\Project-Proposal\PrivateCoach\Project-EchoesofEquity\data/melspec\1977_wom_t17.npy,1977,white,older,male,trustworthy,17,,1.4453125,123.861703,50.96162379,
C:\MyProjects\Project-Proposal\PrivateCoach\Project-EchoesofEquity\data/wav\1977_wom_t18.wav,C:\MyProjects\Project-Proposal\PrivateCoach\Project-EchoesofEquity\data/melspec\1977_wom_t18.npy,1977,white,older,male,trustworthy,18,,1.906770833,138.115191,42.03832997,
C:\MyProjects\Project-Proposal\PrivateCoach\Project-EchoesofEquity\data/wav\1977_wom_t19c.wav,C:\MyProjects\Project-Proposal\PrivateCoach\Project-EchoesofEquity\data/melspec\1977_wom_t19c.npy,1977,white,older,male,trustworthy,19,c,2.276958333,116.3028066,32.52798548,
C:\MyProjects\Project-Proposal\PrivateCoach\Project-EchoesofEquity\data/wav\1977_wom_t20c.wav,C:\MyProjects\Project-Proposal\PrivateCoach\Project-EchoesofEquity\data/melspec\1977_wom_t20c.npy,1977,white,older,male,trustworthy,20,c,2.0715625,157.2986332,50.48879604,
C:\MyProjects\Project-Proposal\PrivateCoach\Project-EchoesofEquity\data/wav\1980_wyf_n09c.wav,C:\MyProjects\Project-Proposal\PrivateCoach\Project-EchoesofEquity\data/melspec\1980_wyf_n09c.npy,1980,white,younger,female,neutral,9,c,1.468354167,183.2001399,17.65503605,
C:\MyProjects\Project-Proposal\PrivateCoach\Project-EchoesofEquity\data/wav\1980_wyf_n10.wav,C:\MyProjects\Project-Proposal\PrivateCoach\Project-EchoesofEquity\data/melspec\1980_wyf_n10.npy,1980,white,younger,female,neutral,10,,1.851229167,195.318489,56.69437519,
C:\MyProjects\Project-Proposal\PrivateCoach\Project-EchoesofEquity\data/wav\1980_wyf_n11c.wav,C:\MyProjects\Project-Proposal\PrivateCoach\Project-EchoesofEquity\data/melspec\1980_wyf_n11c.npy,1980,white,younger,female,neutral,11,c,1.826604167,187.0084979,22.08697014,
C:\MyProjects\Project-Proposal\PrivateCoach\Project-EchoesofEquity\data/wav\1980_wyf_n12.wav,C:\MyProjects\Project-Proposal\PrivateCoach\Project-EchoesofEquity\data/melspec\1980_wyf_n12.npy,1980,white,younger,female,neutral,12,,1.651166667,186.303828,15.55419173,
C:\MyProjects\Project-Proposal\PrivateCoach\Project-EchoesofEquity\data/wav\1980_wyf_n13c.wav,C:\MyProjects\Project-Proposal\PrivateCoach\Project-EchoesofEquity\data/melspec\1980_wyf_n13c.npy,1980,white,younger,female,neutral,13,c,1.512395833,190.6492785,28.37452747,
C:\MyProjects\Project-Proposal\PrivateCoach\Project-EchoesofEquity\data/wav\1980_wyf_n14c.wav,C:\MyProjects\Project-Proposal\PrivateCoach\Project-EchoesofEquity\data/melspec\1980_wyf_n14c.npy,1980,white,younger,female,neutral,14,c,1.402208333,200.6850671,55.02462532,
C:\MyProjects\Project-Proposal\PrivateCoach\Project-EchoesofEquity\data/wav\1980_wyf_t09.wav,C:\MyProjects\Project-Proposal\PrivateCoach\Project-EchoesofEquity\data/melspec\1980_wyf_t09.npy,1980,white,younger,female,trustworthy,9,,1.7195625,213.3534982,44.44812129,
C:\MyProjects\Project-Proposal\PrivateCoach\Project-EchoesofEquity\data/wav\1980_wyf_t10c.wav,C:\MyProjects\Project-Proposal\PrivateCoach\Project-EchoesofEquity\data/melspec\1980_wyf_t10c.npy,1980,white,younger,female,trustworthy,10,c,2.126854167,265.4680541,66.93468531,
C:\MyProjects\Project-Proposal\PrivateCoach\Project-EchoesofEquity\data/wav\1980_wyf_t11c.wav,C:\MyProjects\Project-Proposal\PrivateCoach\Project-EchoesofEquity\data/melspec\1980_wyf_t11c.npy,1980,white,younger,female,trustworthy,11,c,2.123854167,193.2468752,29.67232425,
C:\MyProjects\Project-Proposal\PrivateCoach\Project-EchoesofEquity\data/wav\1980_wyf_t12c.wav,C:\MyProjects\Project-Proposal\PrivateCoach\Project-EchoesofEquity\data/melspec\1980_wyf_t12c.npy,1980,white,younger,female,trustworthy,12,c,1.652,234.0779443,67.74102332,
C:\MyProjects\Project-Proposal\PrivateCoach\Project-EchoesofEquity\data/wav\1980_wyf_t13c.wav,C:\MyProjects\Project-Proposal\PrivateCoach\Project-EchoesofEquity\data/melspec\1980_wyf_t13c.npy,1980,white,younger,female,trustworthy,13,c,1.701291667,199.9040066,46.39819043,
C:\MyProjects\Project-Proposal\PrivateCoach\Project-EchoesofEquity\data/wav\1980_wyf_t14c.wav,C:\MyProjects\Project-Proposal\PrivateCoach\Project-EchoesofEquity\data/melspec\1980_wyf_t14c.npy,1980,white,younger,female,trustworthy,14,c,1.47725,232.0798379,79.46364126,
C:\MyProjects\Project-Proposal\PrivateCoach\Project-EchoesofEquity\data/wav\1983_wym_n09.wav,C:\MyProjects\Project-Proposal\PrivateCoach\Project-EchoesofEquity\data/melspec\1983_wym_n09.npy,1983,white,younger,male,neutral,9,,2.187854167,116.9898585,15.43966391,
C:\MyProjects\Project-Proposal\PrivateCoach\Project-EchoesofEquity\data/wav\1983_wym_n10.wav,C:\MyProjects\Project-Proposal\PrivateCoach\Project-EchoesofEquity\data/melspec\1983_wym_n10.npy,1983,white,younger,male,neutral,10,,2.934895833,128.3834005,19.83205277,
C:\MyProjects\Project-Proposal\PrivateCoach\Project-EchoesofEquity\data/wav\1983_wym_n11.wav,C:\MyProjects\Project-Proposal\PrivateCoach\Project-EchoesofEquity\data/melspec\1983_wym_n11.npy,1983,white,younger,male,neutral,11,,2.606791667,124.956228,19.01624302,
C:\MyProjects\Project-Proposal\PrivateCoach\Project-EchoesofEquity\data/wav\1983_wym_n12.wav,C:\MyProjects\Project-Proposal\PrivateCoach\Project-EchoesofEquity\data/melspec\1983_wym_n12.npy,1983,white,younger,male,neutral,12,,2.144958333,120.2247822,13.6310083,
C:\MyProjects\Project-Proposal\PrivateCoach\Project-EchoesofEquity\data/wav\1983_wym_n13.wav,C:\MyProjects\Project-Proposal\PrivateCoach\Project-EchoesofEquity\data/melspec\1983_wym_n13.npy,1983,white,younger,male,neutral,13,,2.1245625,126.6460599,19.28272171,
C:\MyProjects\Project-Proposal\PrivateCoach\Project-EchoesofEquity\data/wav\1983_wym_n14.wav,C:\MyProjects\Project-Proposal\PrivateCoach\Project-EchoesofEquity\data/melspec\1983_wym_n14.npy,1983,white,younger,male,neutral,14,,2.045479167,118.7247345,14.11505345,
C:\MyProjects\Project-Proposal\PrivateCoach\Project-EchoesofEquity\data/wav\1983_wym_t09.wav,C:\MyProjects\Project-Proposal\PrivateCoach\Project-EchoesofEquity\data/melspec\1983_wym_t09.npy,1983,white,younger,male,trustworthy,9,,1.6535,159.7178112,36.96979323,
C:\MyProjects\Project-Proposal\PrivateCoach\Project-EchoesofEquity\data/wav\1983_wym_t10.wav,C:\MyProjects\Project-Proposal\PrivateCoach\Project-EchoesofEquity\data/melspec\1983_wym_t10.npy,1983,white,younger,male,trustworthy,10,,1.837229167,176.0837236,48.14529171,
C:\MyProjects\Project-Proposal\PrivateCoach\Project-EchoesofEquity\data/wav\1983_wym_t11.wav,C:\MyProjects\Project-Proposal\PrivateCoach\Project-EchoesofEquity\data/melspec\1983_wym_t11.npy,1983,white,younger,male,trustworthy,11,,2.064791667,165.6661682,48.73861022,
C:\MyProjects\Project-Proposal\PrivateCoach\Project-EchoesofEquity\data/wav\1983_wym_t12.wav,C:\MyProjects\Project-Proposal\PrivateCoach\Project-EchoesofEquity\data/melspec\1983_wym_t12.npy,1983,white,younger,male,trustworthy,12,,1.762041667,120.1041918,20.30981378,
C:\MyProjects\Project-Proposal\PrivateCoach\Project-EchoesofEquity\data/wav\1983_wym_t13.wav,C:\MyProjects\Project-Proposal\PrivateCoach\Project-EchoesofEquity\data/melspec\1983_wym_t13.npy,1983,white,younger,male,trustworthy,13,,1.703979167,147.6874117,36.52605419,
C:\MyProjects\Project-Proposal\PrivateCoach\Project-EchoesofEquity\data/wav\1983_wym_t14.wav,C:\MyProjects\Project-Proposal\PrivateCoach\Project-EchoesofEquity\data/melspec\1983_wym_t14.npy,1983,white,younger,male,trustworthy,14,,1.465583333,140.3219028,61.79818805,
C:\MyProjects\Project-Proposal\PrivateCoach\Project-EchoesofEquity\data/wav\1984_wyf_n11cc.wav,C:\MyProjects\Project-Proposal\PrivateCoach\Project-EchoesofEquity\data/melspec\1984_wyf_n11cc.npy,1984,white,younger,female,neutral,11,cc,1.833666667,186.0860959,44.46268136,
C:\MyProjects\Project-Proposal\PrivateCoach\Project-EchoesofEquity\data/wav\1984_wyf_n12cc.wav,C:\MyProjects\Project-Proposal\PrivateCoach\Project-EchoesofEquity\data/melspec\1984_wyf_n12cc.npy,1984,white,younger,female,neutral,12,cc,1.36225,173.3909764,22.74280715,
C:\MyProjects\Project-Proposal\PrivateCoach\Project-EchoesofEquity\data/wav\1984_wyf_n13cc.wav,C:\MyProjects\Project-Proposal\PrivateCoach\Project-EchoesofEquity\data/melspec\1984_wyf_n13cc.npy,1984,white,younger,female,neutral,13,cc,1.221125,204.4508942,48.12151147,
C:\MyProjects\Project-Proposal\PrivateCoach\Project-EchoesofEquity\data/wav\1984_wyf_n14c.wav,C:\MyProjects\Project-Proposal\PrivateCoach\Project-EchoesofEquity\data/melspec\1984_wyf_n14c.npy,1984,white,younger,female,neutral,14,c,1.3758125,174.1200972,61.28437332,
C:\MyProjects\Project-Proposal\PrivateCoach\Project-EchoesofEquity\data/wav\1984_wyf_n15c.wav,C:\MyProjects\Project-Proposal\PrivateCoach\Project-EchoesofEquity\data/melspec\1984_wyf_n15c.npy,1984,white,younger,female,neutral,15,c,1.192895833,158.9914877,38.21878913,
C:\MyProjects\Project-Proposal\PrivateCoach\Project-EchoesofEquity\data/wav\1984_wyf_n16c.wav,C:\MyProjects\Project-Proposal\PrivateCoach\Project-EchoesofEquity\data/melspec\1984_wyf_n16c.npy,1984,white,younger,female,neutral,16,c,1.223395833,166.1045731,11.27063985,
C:\MyProjects\Project-Proposal\PrivateCoach\Project-EchoesofEquity\data/wav\1984_wyf_t11c.wav,C:\MyProjects\Project-Proposal\PrivateCoach\Project-EchoesofEquity\data/melspec\1984_wyf_t11c.npy,1984,white,younger,female,trustworthy,11,c,1.756979167,178.4393667,63.26171127,
C:\MyProjects\Project-Proposal\PrivateCoach\Project-EchoesofEquity\data/wav\1984_wyf_t12c.wav,C:\MyProjects\Project-Proposal\PrivateCoach\Project-EchoesofEquity\data/melspec\1984_wyf_t12c.npy,1984,white,younger,female,trustworthy,12,c,1.387895833,192.543754,49.76704702,
C:\MyProjects\Project-Proposal\PrivateCoach\Project-EchoesofEquity\data/wav\1984_wyf_t13.wav,C:\MyProjects\Project-Proposal\PrivateCoach\Project-EchoesofEquity\data/melspec\1984_wyf_t13.npy,1984,white,younger,female,trustworthy,13,,1.187104167,193.5011284,55.94542624,
C:\MyProjects\Project-Proposal\PrivateCoach\Project-EchoesofEquity\data/wav\1984_wyf_t14c.wav,C:\MyProjects\Project-Proposal\PrivateCoach\Project-EchoesofEquity\data/melspec\1984_wyf_t14c.npy,1984,white,younger,female,trustworthy,14,c,1.352729167,184.4306517,26.15440671,
C:\MyProjects\Project-Proposal\PrivateCoach\Project-EchoesofEquity\data/wav\1984_wyf_t15.wav,C:\MyProjects\Project-Proposal\PrivateCoach\Project-EchoesofEquity\data/melspec\1984_wyf_t15.npy,1984,white,younger,female,trustworthy,15,,1.121729167,218.7989859,35.41232745,
C:\MyProjects\Project-Proposal\PrivateCoach\Project-EchoesofEquity\data/wav\1984_wyf_t16.wav,C:\MyProjects\Project-Proposal\PrivateCoach\Project-EchoesofEquity\data/melspec\1984_wyf_t16.npy,1984,white,younger,female,trustworthy,16,,1.2585,202.9691479,54.06061827,
C:\MyProjects\Project-Proposal\PrivateCoach\Project-EchoesofEquity\data/wav\1985_byf_n13c.wav,C:\MyProjects\Project-Proposal\PrivateCoach\Project-EchoesofEquity\data/melspec\1985_byf_n13c.npy,1985,black,younger,female,neutral,13,c,1.9045625,179.8318853,10.23669044,
C:\MyProjects\Project-Proposal\PrivateCoach\Project-EchoesofEquity\data/wav\1985_byf_n14.wav,C:\MyProjects\Project-Proposal\PrivateCoach\Project-EchoesofEquity\data/melspec\1985_byf_n14.npy,1985,black,younger,female,neutral,14,,1.589,202.9749601,33.71247547,
C:\MyProjects\Project-Proposal\PrivateCoach\Project-EchoesofEquity\data/wav\1985_byf_n15c.wav,C:\MyProjects\Project-Proposal\PrivateCoach\Project-EchoesofEquity\data/melspec\1985_byf_n15c.npy,1985,black,younger,female,neutral,15,c,1.413104167,183.2850632,12.1506457,
C:\MyProjects\Project-Proposal\PrivateCoach\Project-EchoesofEquity\data/wav\1985_byf_n16c.wav,C:\MyProjects\Project-Proposal\PrivateCoach\Project-EchoesofEquity\data/melspec\1985_byf_n16c.npy,1985,black,younger,female,neutral,16,c,1.454166667,181.2466323,13.11834138,
C:\MyProjects\Project-Proposal\PrivateCoach\Project-EchoesofEquity\data/wav\1985_byf_n17.wav,C:\MyProjects\Project-Proposal\PrivateCoach\Project-EchoesofEquity\data/melspec\1985_byf_n17.npy,1985,black,younger,female,neutral,17,,1.636770833,219.6298607,56.99279607,
C:\MyProjects\Project-Proposal\PrivateCoach\Project-EchoesofEquity\data/wav\1985_byf_n18.wav,C:\MyProjects\Project-Proposal\PrivateCoach\Project-EchoesofEquity\data/melspec\1985_byf_n18.npy,1985,black,younger,female,neutral,18,,1.739125,183.8050051,38.74271257,
C:\MyProjects\Project-Proposal\PrivateCoach\Project-EchoesofEquity\data/wav\1985_byf_t13c.wav,C:\MyProjects\Project-Proposal\PrivateCoach\Project-EchoesofEquity\data/melspec\1985_byf_t13c.npy,1985,black,younger,female,trustworthy,13,c,1.796291667,211.0949082,20.64504747,
C:\MyProjects\Project-Proposal\PrivateCoach\Project-EchoesofEquity\data/wav\1985_byf_t14.wav,C:\MyProjects\Project-Proposal\PrivateCoach\Project-EchoesofEquity\data/melspec\1985_byf_t14.npy,1985,black,younger,female,trustworthy,14,,1.662666667,207.921559,24.91582707,
C:\MyProjects\Project-Proposal\PrivateCoach\Project-EchoesofEquity\data/wav\1985_byf_t15c.wav,C:\MyProjects\Project-Proposal\PrivateCoach\Project-EchoesofEquity\data/melspec\1985_byf_t15c.npy,1985,black,younger,female,trustworthy,15,c,1.705354167,241.5480038,62.34274782,
C:\MyProjects\Project-Proposal\PrivateCoach\Project-EchoesofEquity\data/wav\1985_byf_t16.wav,C:\MyProjects\Project-Proposal\PrivateCoach\Project-EchoesofEquity\data/melspec\1985_byf_t16.npy,1985,black,younger,female,trustworthy,16,,1.3860625,243.9851252,38.50045436,
C:\MyProjects\Project-Proposal\PrivateCoach\Project-EchoesofEquity\data/wav\1985_byf_t17.wav,C:\MyProjects\Project-Proposal\PrivateCoach\Project-EchoesofEquity\data/melspec\1985_byf_t17.npy,1985,black,younger,female,trustworthy,17,,1.376666667,239.6477444,91.62471677,
C:\MyProjects\Project-Proposal\PrivateCoach\Project-EchoesofEquity\data/wav\1985_byf_t18.wav,C:\MyProjects\Project-Proposal\PrivateCoach\Project-EchoesofEquity\data/melspec\1985_byf_t18.npy,1985,black,younger,female,trustworthy,18,,1.726770833,233.5992466,49.73452983,
C:\MyProjects\Project-Proposal\PrivateCoach\Project-EchoesofEquity\data/wav\1987_wym_n11c.wav,C:\MyProjects\Project-Proposal\PrivateCoach\Project-EchoesofEquity\data/melspec\1987_wym_n11c.npy,1987,white,younger,male,neutral,11,c,1.987416667,92.13863612,9.207739263,
C:\MyProjects\Project-Proposal\PrivateCoach\Project-EchoesofEquity\data/wav\1987_wym_n12c.wav,C:\MyProjects\Project-Proposal\PrivateCoach\Project-EchoesofEquity\data/melspec\1987_wym_n12c.npy,1987,white,younger,male,neutral,12,c,1.601958333,87.6284869,4.544639214,
C:\MyProjects\Project-Proposal\PrivateCoach\Project-EchoesofEquity\data/wav\1987_wym_n13c.wav,C:\MyProjects\Project-Proposal\PrivateCoach\Project-EchoesofEquity\data/melspec\1987_wym_n13c.npy,1987,white,younger,male,neutral,13,c,1.468145833,85.28213854,6.272590929,
C:\MyProjects\Project-Proposal\PrivateCoach\Project-EchoesofEquity\data/wav\1987_wym_n14c.wav,C:\MyProjects\Project-Proposal\PrivateCoach\Project-EchoesofEquity\data/melspec\1987_wym_n14c.npy,1987,white,younger,male,neutral,14,c,1.369354167,126.5754123,116.1585585,
C:\MyProjects\Project-Proposal\PrivateCoach\Project-EchoesofEquity\data/wav\1987_wym_n15c.wav,C:\MyProjects\Project-Proposal\PrivateCoach\Project-EchoesofEquity\data/melspec\1987_wym_n15c.npy,1987,white,younger,male,neutral,15,c,1.463291667,128.0108405,110.4548875,
C:\MyProjects\Project-Proposal\PrivateCoach\Project-EchoesofEquity\data/wav\1987_wym_n16c.wav,C:\MyProjects\Project-Proposal\PrivateCoach\Project-EchoesofEquity\data/melspec\1987_wym_n16c.npy,1987,white,younger,male,neutral,16,c,1.631291667,105.4221603,47.75541338,
C:\MyProjects\Project-Proposal\PrivateCoach\Project-EchoesofEquity\data/wav\1987_wym_t11c.wav,C:\MyProjects\Project-Proposal\PrivateCoach\Project-EchoesofEquity\data/melspec\1987_wym_t11c.npy,1987,white,younger,male,trustworthy,11,c,2.184145833,109.5090885,19.01636749,
C:\MyProjects\Project-Proposal\PrivateCoach\Project-EchoesofEquity\data/wav\1987_wym_t12c.wav,C:\MyProjects\Project-Proposal\PrivateCoach\Project-EchoesofEquity\data/melspec\1987_wym_t12c.npy,1987,white,younger,male,trustworthy,12,c,1.664520833,99.47520596,11.66016058,
C:\MyProjects\Project-Proposal\PrivateCoach\Project-EchoesofEquity\data/wav\1987_wym_t13.wav,C:\MyProjects\Project-Proposal\PrivateCoach\Project-EchoesofEquity\data/melspec\1987_wym_t13.npy,1987,white,younger,male,trustworthy,13,,1.6728125,142.6368509,72.35826756,
C:\MyProjects\Project-Proposal\PrivateCoach\Project-EchoesofEquity\data/wav\1987_wym_t14.wav,C:\MyProjects\Project-Proposal\PrivateCoach\Project-EchoesofEquity\data/melspec\1987_wym_t14.npy,1987,white,younger,male,trustworthy,14,,1.110791667,188.6225037,107.4509949,
C:\MyProjects\Project-Proposal\PrivateCoach\Project-EchoesofEquity\data/wav\1987_wym_t15.wav,C:\MyProjects\Project-Proposal\PrivateCoach\Project-EchoesofEquity\data/melspec\1987_wym_t15.npy,1987,white,younger,male,trustworthy,15,,1.710895833,181.7109973,127.8605833,
C:\MyProjects\Project-Proposal\PrivateCoach\Project-EchoesofEquity\data/wav\1987_wym_t16.wav,C:\MyProjects\Project-Proposal\PrivateCoach\Project-EchoesofEquity\data/melspec\1987_wym_t16.npy,1987,white,younger,male,trustworthy,16,,1.430625,101.0279696,10.46272828,
C:\MyProjects\Project-Proposal\PrivateCoach\Project-EchoesofEquity\data/wav\1989_wyf_n13.wav,C:\MyProjects\Project-Proposal\PrivateCoach\Project-EchoesofEquity\data/melspec\1989_wyf_n13.npy,1989,white,younger,female,neutral,13,,1.690354167,190.3619003,37.50709529,
C:\MyProjects\Project-Proposal\PrivateCoach\Project-EchoesofEquity\data/wav\1989_wyf_n14.wav,C:\MyProjects\Project-Proposal\PrivateCoach\Project-EchoesofEquity\data/melspec\1989_wyf_n14.npy,1989,white,younger,female,neutral,14,,1.887729167,182.5266634,34.8806335,
C:\MyProjects\Project-Proposal\PrivateCoach\Project-EchoesofEquity\data/wav\1989_wyf_n15c.wav,C:\MyProjects\Project-Proposal\PrivateCoach\Project-EchoesofEquity\data/melspec\1989_wyf_n15c.npy,1989,white,younger,female,neutral,15,c,1.888833333,193.1363818,41.09296041,
C:\MyProjects\Project-Proposal\PrivateCoach\Project-EchoesofEquity\data/wav\1989_wyf_n16.wav,C:\MyProjects\Project-Proposal\PrivateCoach\Project-EchoesofEquity\data/melspec\1989_wyf_n16.npy,1989,white,younger,female,neutral,16,,1.959375,192.5658933,38.64770647,
C:\MyProjects\Project-Proposal\PrivateCoach\Project-EchoesofEquity\data/wav\1989_wyf_n17.wav,C:\MyProjects\Project-Proposal\PrivateCoach\Project-EchoesofEquity\data/melspec\1989_wyf_n17.npy,1989,white,younger,female,neutral,17,,2.0619375,187.5832071,27.63842739,
C:\MyProjects\Project-Proposal\PrivateCoach\Project-EchoesofEquity\data/wav\1989_wyf_n18c.wav,C:\MyProjects\Project-Proposal\PrivateCoach\Project-EchoesofEquity\data/melspec\1989_wyf_n18c.npy,1989,white,younger,female,neutral,18,c,2.236354167,187.2482602,36.77616727,
C:\MyProjects\Project-Proposal\PrivateCoach\Project-EchoesofEquity\data/wav\1989_wyf_t13.wav,C:\MyProjects\Project-Proposal\PrivateCoach\Project-EchoesofEquity\data/melspec\1989_wyf_t13.npy,1989,white,younger,female,trustworthy,13,,2.572479167,215.7832576,40.98347622,
C:\MyProjects\Project-Proposal\PrivateCoach\Project-EchoesofEquity\data/wav\1989_wyf_t14c.wav,C:\MyProjects\Project-Proposal\PrivateCoach\Project-EchoesofEquity\data/melspec\1989_wyf_t14c.npy,1989,white,younger,female,trustworthy,14,c,2.073708333,200.1033775,33.86106492,
C:\MyProjects\Project-Proposal\PrivateCoach\Project-EchoesofEquity\data/wav\1989_wyf_t15c.wav,C:\MyProjects\Project-Proposal\PrivateCoach\Project-EchoesofEquity\data/melspec\1989_wyf_t15c.npy,1989,white,younger,female,trustworthy,15,c,1.830208333,192.501082,25.19109838,
C:\MyProjects\Project-Proposal\PrivateCoach\Project-EchoesofEquity\data/wav\1989_wyf_t16.wav,C:\MyProjects\Project-Proposal\PrivateCoach\Project-EchoesofEquity\data/melspec\1989_wyf_t16.npy,1989,white,younger,female,trustworthy,16,,2.07575,221.6559267,43.37958007,
C:\MyProjects\Project-Proposal\PrivateCoach\Project-EchoesofEquity\data/wav\1989_wyf_t17.wav,C:\MyProjects\Project-Proposal\PrivateCoach\Project-EchoesofEquity\data/melspec\1989_wyf_t17.npy,1989,white,younger,female,trustworthy,17,,1.58125,191.2379946,25.45708625,
C:\MyProjects\Project-Proposal\PrivateCoach\Project-EchoesofEquity\data/wav\1989_wyf_t18c.wav,C:\MyProjects\Project-Proposal\PrivateCoach\Project-EchoesofEquity\data/melspec\1989_wyf_t18c.npy,1989,white,younger,female,trustworthy,18,c,2.140291667,199.1675112,38.18216226,
C:\MyProjects\Project-Proposal\PrivateCoach\Project-EchoesofEquity\data/wav\1991_wym_n13.wav,C:\MyProjects\Project-Proposal\PrivateCoach\Project-EchoesofEquity\data/melspec\1991_wym_n13.npy,1991,white,younger,male,neutral,13,,1.802270833,123.0490985,27.989772,
C:\MyProjects\Project-Proposal\PrivateCoach\Project-EchoesofEquity\data/wav\1991_wym_n14.wav,C:\MyProjects\Project-Proposal\PrivateCoach\Project-EchoesofEquity\data/melspec\1991_wym_n14.npy,1991,white,younger,male,neutral,14,,1.521479167,141.8878769,33.96416435,
C:\MyProjects\Project-Proposal\PrivateCoach\Project-EchoesofEquity\data/wav\1991_wym_n15.wav,C:\MyProjects\Project-Proposal\PrivateCoach\Project-EchoesofEquity\data/melspec\1991_wym_n15.npy,1991,white,younger,male,neutral,15,,1.500125,125.2022665,21.63195641,
C:\MyProjects\Project-Proposal\PrivateCoach\Project-EchoesofEquity\data/wav\1991_wym_n16.wav,C:\MyProjects\Project-Proposal\PrivateCoach\Project-EchoesofEquity\data/melspec\1991_wym_n16.npy,1991,white,younger,male,neutral,16,,1.700604167,121.8369966,23.27786321,
C:\MyProjects\Project-Proposal\PrivateCoach\Project-EchoesofEquity\data/wav\1991_wym_n17.wav,C:\MyProjects\Project-Proposal\PrivateCoach\Project-EchoesofEquity\data/melspec\1991_wym_n17.npy,1991,white,younger,male,neutral,17,,1.2164375,141.6032928,67.86584275,
C:\MyProjects\Project-Proposal\PrivateCoach\Project-EchoesofEquity\data/wav\1991_wym_n18.wav,C:\MyProjects\Project-Proposal\PrivateCoach\Project-EchoesofEquity\data/melspec\1991_wym_n18.npy,1991,white,younger,male,neutral,18,,1.710770833,122.4220832,18.51694404,
C:\MyProjects\Project-Proposal\PrivateCoach\Project-EchoesofEquity\data/wav\1991_wym_t13.wav,C:\MyProjects\Project-Proposal\PrivateCoach\Project-EchoesofEquity\data/melspec\1991_wym_t13.npy,1991,white,younger,male,trustworthy,13,,1.2701875,164.7959635,42.80324129,
C:\MyProjects\Project-Proposal\PrivateCoach\Project-EchoesofEquity\data/wav\1991_wym_t14.wav,C:\MyProjects\Project-Proposal\PrivateCoach\Project-EchoesofEquity\data/melspec\1991_wym_t14.npy,1991,white,younger,male,trustworthy,14,,1.0919375,179.7911721,49.45669249,
C:\MyProjects\Project-Proposal\PrivateCoach\Project-EchoesofEquity\data/wav\1991_wym_t15.wav,C:\MyProjects\Project-Proposal\PrivateCoach\Project-EchoesofEquity\data/melspec\1991_wym_t15.npy,1991,white,younger,male,trustworthy,15,,1.221791667,163.7117397,41.88004906,
C:\MyProjects\Project-Proposal\PrivateCoach\Project-EchoesofEquity\data/wav\1991_wym_t16.wav,C:\MyProjects\Project-Proposal\PrivateCoach\Project-EchoesofEquity\data/melspec\1991_wym_t16.npy,1991,white,younger,male,trustworthy,16,,1.218770833,149.9996374,37.73935824,
C:\MyProjects\Project-Proposal\PrivateCoach\Project-EchoesofEquity\data/wav\1991_wym_t17.wav,C:\MyProjects\Project-Proposal\PrivateCoach\Project-EchoesofEquity\data/melspec\1991_wym_t17.npy,1991,white,younger,male,trustworthy,17,,1.1338125,199.9713114,89.33866134,
C:\MyProjects\Project-Proposal\PrivateCoach\Project-EchoesofEquity\data/wav\1991_wym_t18.wav,C:\MyProjects\Project-Proposal\PrivateCoach\Project-EchoesofEquity\data/melspec\1991_wym_t18.npy,1991,white,younger,male,trustworthy,18,,1.290916667,215.069958,44.17884422,
C:\MyProjects\Project-Proposal\PrivateCoach\Project-EchoesofEquity\data/wav\1992_wyf_n15.wav,C:\MyProjects\Project-Proposal\PrivateCoach\Project-EchoesofEquity\data/melspec\1992_wyf_n15.npy,1992,white,younger,female,neutral,15,,1.9643125,225.0691467,59.28374269,
C:\MyProjects\Project-Proposal\PrivateCoach\Project-EchoesofEquity\data/wav\1992_wyf_n16.wav,C:\MyProjects\Project-Proposal\PrivateCoach\Project-EchoesofEquity\data/melspec\1992_wyf_n16.npy,1992,white,younger,female,neutral,16,,1.866125,226.9257069,73.865998,
C:\MyProjects\Project-Proposal\PrivateCoach\Project-EchoesofEquity\data/wav\1992_wyf_n17.wav,C:\MyProjects\Project-Proposal\PrivateCoach\Project-EchoesofEquity\data/melspec\1992_wyf_n17.npy,1992,white,younger,female,neutral,17,,1.848854167,224.048172,39.59982538,
C:\MyProjects\Project-Proposal\PrivateCoach\Project-EchoesofEquity\data/wav\1992_wyf_n18c.wav,C:\MyProjects\Project-Proposal\PrivateCoach\Project-EchoesofEquity\data/melspec\1992_wyf_n18c.npy,1992,white,younger,female,neutral,18,c,1.963979167,203.9221218,39.72401353,
C:\MyProjects\Project-Proposal\PrivateCoach\Project-EchoesofEquity\data/wav\1992_wyf_n19c.wav,C:\MyProjects\Project-Proposal\PrivateCoach\Project-EchoesofEquity\data/melspec\1992_wyf_n19c.npy,1992,white,younger,female,neutral,19,c,1.8586875,219.0455571,30.20559202,
C:\MyProjects\Project-Proposal\PrivateCoach\Project-EchoesofEquity\data/wav\1992_wyf_n20c.wav,C:\MyProjects\Project-Proposal\PrivateCoach\Project-EchoesofEquity\data/melspec\1992_wyf_n20c.npy,1992,white,younger,female,neutral,20,c,2.045729167,202.1111771,25.26015457,
C:\MyProjects\Project-Proposal\PrivateCoach\Project-EchoesofEquity\data/wav\1992_wyf_t15.wav,C:\MyProjects\Project-Proposal\PrivateCoach\Project-EchoesofEquity\data/melspec\1992_wyf_t15.npy,1992,white,younger,female,trustworthy,15,,2.0011875,240.7811169,68.92270352,
C:\MyProjects\Project-Proposal\PrivateCoach\Project-EchoesofEquity\data/wav\1992_wyf_t16.wav,C:\MyProjects\Project-Proposal\PrivateCoach\Project-EchoesofEquity\data/melspec\1992_wyf_t16.npy,1992,white,younger,female,trustworthy,16,,2.412583333,246.5655126,74.76290917,
C:\MyProjects\Project-Proposal\PrivateCoach\Project-EchoesofEquity\data/wav\1992_wyf_t17c.wav,C:\MyProjects\Project-Proposal\PrivateCoach\Project-EchoesofEquity\data/melspec\1992_wyf_t17c.npy,1992,white,younger,female,trustworthy,17,c,1.95825,230.3036302,30.78034169,
C:\MyProjects\Project-Proposal\PrivateCoach\Project-EchoesofEquity\data/wav\1992_wyf_t18c.wav,C:\MyProjects\Project-Proposal\PrivateCoach\Project-EchoesofEquity\data/melspec\1992_wyf_t18c.npy,1992,white,younger,female,trustworthy,18,c,1.942645833,241.1933897,61.67411788,
C:\MyProjects\Project-Proposal\PrivateCoach\Project-EchoesofEquity\data/wav\1992_wyf_t19.wav,C:\MyProjects\Project-Proposal\PrivateCoach\Project-EchoesofEquity\data/melspec\1992_wyf_t19.npy,1992,white,younger,female,trustworthy,19,,1.856395833,284.2052443,78.80893089,
C:\MyProjects\Project-Proposal\PrivateCoach\Project-EchoesofEquity\data/wav\1992_wyf_t20.wav,C:\MyProjects\Project-Proposal\PrivateCoach\Project-EchoesofEquity\data/melspec\1992_wyf_t20.npy,1992,white,younger,female,trustworthy,20,,2.202,259.3100613,65.87002359,
C:\MyProjects\Project-Proposal\PrivateCoach\Project-EchoesofEquity\data/wav\1996_bym_n13c.wav,C:\MyProjects\Project-Proposal\PrivateCoach\Project-EchoesofEquity\data/melspec\1996_bym_n13c.npy,1996,black,younger,male,neutral,13,c,1.491270833,92.85769382,5.423090752,
C:\MyProjects\Project-Proposal\PrivateCoach\Project-EchoesofEquity\data/wav\1996_bym_n14c.wav,C:\MyProjects\Project-Proposal\PrivateCoach\Project-EchoesofEquity\data/melspec\1996_bym_n14c.npy,1996,black,younger,male,neutral,14,c,1.310229167,111.318493,86.87211017,
C:\MyProjects\Project-Proposal\PrivateCoach\Project-EchoesofEquity\data/wav\1996_bym_n15.wav,C:\MyProjects\Project-Proposal\PrivateCoach\Project-EchoesofEquity\data/melspec\1996_bym_n15.npy,1996,black,younger,male,neutral,15,,1.5111875,90.72643602,6.228355245,
C:\MyProjects\Project-Proposal\PrivateCoach\Project-EchoesofEquity\data/wav\1996_bym_n16.wav,C:\MyProjects\Project-Proposal\PrivateCoach\Project-EchoesofEquity\data/melspec\1996_bym_n16.npy,1996,black,younger,male,neutral,16,,1.3683125,89.6947964,6.612144704,
C:\MyProjects\Project-Proposal\PrivateCoach\Project-EchoesofEquity\data/wav\1996_bym_n17.wav,C:\MyProjects\Project-Proposal\PrivateCoach\Project-EchoesofEquity\data/melspec\1996_bym_n17.npy,1996,black,younger,male,neutral,17,,1.409479167,90.1675606,5.140767927,
C:\MyProjects\Project-Proposal\PrivateCoach\Project-EchoesofEquity\data/wav\1996_bym_n18.wav,C:\MyProjects\Project-Proposal\PrivateCoach\Project-EchoesofEquity\data/melspec\1996_bym_n18.npy,1996,black,younger,male,neutral,18,,1.585604167,114.6322616,80.22114713,
C:\MyProjects\Project-Proposal\PrivateCoach\Project-EchoesofEquity\data/wav\1996_bym_t13.wav,C:\MyProjects\Project-Proposal\PrivateCoach\Project-EchoesofEquity\data/melspec\1996_bym_t13.npy,1996,black,younger,male,trustworthy,13,,1.453791667,105.6241694,13.0427473,
C:\MyProjects\Project-Proposal\PrivateCoach\Project-EchoesofEquity\data/wav\1996_bym_t14c.wav,C:\MyProjects\Project-Proposal\PrivateCoach\Project-EchoesofEquity\data/melspec\1996_bym_t14c.npy,1996,black,younger,male,trustworthy,14,c,1.324666667,111.4627804,12.12294926,
C:\MyProjects\Project-Proposal\PrivateCoach\Project-EchoesofEquity\data/wav\1996_bym_t15.wav,C:\MyProjects\Project-Proposal\PrivateCoach\Project-EchoesofEquity\data/melspec\1996_bym_t15.npy,1996,black,younger,male,trustworthy,15,,1.248083333,115.2639584,15.97787222,
C:\MyProjects\Project-Proposal\PrivateCoach\Project-EchoesofEquity\data/wav\1996_bym_t16c.wav,C:\MyProjects\Project-Proposal\PrivateCoach\Project-EchoesofEquity\data/melspec\1996_bym_t16c.npy,1996,black,younger,male,trustworthy,16,c,1.192416667,150.3620018,111.2641028,
C:\MyProjects\Project-Proposal\PrivateCoach\Project-EchoesofEquity\data/wav\1996_bym_t17.wav,C:\MyProjects\Project-Proposal\PrivateCoach\Project-EchoesofEquity\data/melspec\1996_bym_t17.npy,1996,black,younger,male,trustworthy,17,,1.4026875,115.0996264,12.82592585,
C:\MyProjects\Project-Proposal\PrivateCoach\Project-EchoesofEquity\data/wav\1996_bym_t18.wav,C:\MyProjects\Project-Proposal\PrivateCoach\Project-EchoesofEquity\data/melspec\1996_bym_t18.npy,1996,black,younger,male,trustworthy,18,,1.596333333,114.2186779,13.29473612,
C:\MyProjects\Project-Proposal\PrivateCoach\Project-EchoesofEquity\data/wav\1997_wym_n15c.wav,C:\MyProjects\Project-Proposal\PrivateCoach\Project-EchoesofEquity\data/melspec\1997_wym_n15c.npy,1997,white,younger,male,neutral,15,c,1.206916667,103.3204091,9.80374587,
C:\MyProjects\Project-Proposal\PrivateCoach\Project-EchoesofEquity\data/wav\1997_wym_n16c.wav,C:\MyProjects\Project-Proposal\PrivateCoach\Project-EchoesofEquity\data/melspec\1997_wym_n16c.npy,1997,white,younger,male,neutral,16,c,1.360083333,90.06887907,5.165256566,
C:\MyProjects\Project-Proposal\PrivateCoach\Project-EchoesofEquity\data/wav\1997_wym_n17c.wav,C:\MyProjects\Project-Proposal\PrivateCoach\Project-EchoesofEquity\data/melspec\1997_wym_n17c.npy,1997,white,younger,male,neutral,17,c,1.336020833,127.9627803,96.92684999,
C:\MyProjects\Project-Proposal\PrivateCoach\Project-EchoesofEquity\data/wav\1997_wym_n18c.wav,C:\MyProjects\Project-Proposal\PrivateCoach\Project-EchoesofEquity\data/melspec\1997_wym_n18c.npy,1997,white,younger,male,neutral,18,c,1.427916667,95.16694447,9.010047746,
C:\MyProjects\Project-Proposal\PrivateCoach\Project-EchoesofEquity\data/wav\1997_wym_n19c.wav,C:\MyProjects\Project-Proposal\PrivateCoach\Project-EchoesofEquity\data/melspec\1997_wym_n19c.npy,1997,white,younger,male,neutral,19,c,1.391395833,93.79894425,8.988873286,
C:\MyProjects\Project-Proposal\PrivateCoach\Project-EchoesofEquity\data/wav\1997_wym_n20.wav,C:\MyProjects\Project-Proposal\PrivateCoach\Project-EchoesofEquity\data/melspec\1997_wym_n20.npy,1997,white,younger,male,neutral,20,,1.567145833,96.82315468,9.459521226,
C:\MyProjects\Project-Proposal\PrivateCoach\Project-EchoesofEquity\data/wav\1997_wym_t15.wav,C:\MyProjects\Project-Proposal\PrivateCoach\Project-EchoesofEquity\data/melspec\1997_wym_t15.npy,1997,white,younger,male,trustworthy,15,,1.108291667,141.1492362,74.58296783,
C:\MyProjects\Project-Proposal\PrivateCoach\Project-EchoesofEquity\data/wav\1997_wym_t16.wav,C:\MyProjects\Project-Proposal\PrivateCoach\Project-EchoesofEquity\data/melspec\1997_wym_t16.npy,1997,white,younger,male,trustworthy,16,,1.238333333,141.168052,42.35860495,
C:\MyProjects\Project-Proposal\PrivateCoach\Project-EchoesofEquity\data/wav\1997_wym_t17.wav,C:\MyProjects\Project-Proposal\PrivateCoach\Project-EchoesofEquity\data/melspec\1997_wym_t17.npy,1997,white,younger,male,trustworthy,17,,1.18875,118.7280128,28.61101651,
C:\MyProjects\Project-Proposal\PrivateCoach\Project-EchoesofEquity\data/wav\1997_wym_t18c.wav,C:\MyProjects\Project-Proposal\PrivateCoach\Project-EchoesofEquity\data/melspec\1997_wym_t18c.npy,1997,white,younger,male,trustworthy,18,c,1.458979167,111.0772501,9.152993978,
C:\MyProjects\Project-Proposal\PrivateCoach\Project-EchoesofEquity\data/wav\1997_wym_t19c.wav,C:\MyProjects\Project-Proposal\PrivateCoach\Project-EchoesofEquity\data/melspec\1997_wym_t19c.npy,1997,white,younger,male,trustworthy,19,c,1.7404375,132.2126998,24.94577745,
C:\MyProjects\Project-Proposal\PrivateCoach\Project-EchoesofEquity\data/wav\1997_wym_t20c.wav,C:\MyProjects\Project-Proposal\PrivateCoach\Project-EchoesofEquity\data/melspec\1997_wym_t20c.npy,1997,white,younger,male,trustworthy,20,c,1.532145833,108.1935522,19.31886502,
C:\MyProjects\Project-Proposal\PrivateCoach\Project-EchoesofEquity\data/wav\1999_wom_n01c.wav,C:\MyProjects\Project-Proposal\PrivateCoach\Project-EchoesofEquity\data/melspec\1999_wom_n01c.npy,1999,white,older,male,neutral,1,c,1.878458333,117.9083374,44.68656504,
C:\MyProjects\Project-Proposal\PrivateCoach\Project-EchoesofEquity\data/wav\1999_wom_n02c.wav,C:\MyProjects\Project-Proposal\PrivateCoach\Project-EchoesofEquity\data/melspec\1999_wom_n02c.npy,1999,white,older,male,neutral,2,c,1.785666667,114.4567219,13.06411132,
C:\MyProjects\Project-Proposal\PrivateCoach\Project-EchoesofEquity\data/wav\1999_wom_n03c.wav,C:\MyProjects\Project-Proposal\PrivateCoach\Project-EchoesofEquity\data/melspec\1999_wom_n03c.npy,1999,white,older,male,neutral,3,c,2.197979167,107.7122804,9.127820194,
C:\MyProjects\Project-Proposal\PrivateCoach\Project-EchoesofEquity\data/wav\1999_wom_n04c.wav,C:\MyProjects\Project-Proposal\PrivateCoach\Project-EchoesofEquity\data/melspec\1999_wom_n04c.npy,1999,white,older,male,neutral,4,c,1.744645833,113.3833251,35.47845958,
C:\MyProjects\Project-Proposal\PrivateCoach\Project-EchoesofEquity\data/wav\1999_wom_n19c.wav,C:\MyProjects\Project-Proposal\PrivateCoach\Project-EchoesofEquity\data/melspec\1999_wom_n19c.npy,1999,white,older,male,neutral,19,c,2.755979167,134.403477,56.10034604,
C:\MyProjects\Project-Proposal\PrivateCoach\Project-EchoesofEquity\data/wav\1999_wom_n20c.wav,C:\MyProjects\Project-Proposal\PrivateCoach\Project-EchoesofEquity\data/melspec\1999_wom_n20c.npy,1999,white,older,male,neutral,20,c,1.936541667,113.1387307,12.52546486,
C:\MyProjects\Project-Proposal\PrivateCoach\Project-EchoesofEquity\data/wav\1999_wom_t01c.wav,C:\MyProjects\Project-Proposal\PrivateCoach\Project-EchoesofEquity\data/melspec\1999_wom_t01c.npy,1999,white,older,male,trustworthy,1,c,1.628666667,144.4611674,40.37871569,
C:\MyProjects\Project-Proposal\PrivateCoach\Project-EchoesofEquity\data/wav\1999_wom_t02c.wav,C:\MyProjects\Project-Proposal\PrivateCoach\Project-EchoesofEquity\data/melspec\1999_wom_t02c.npy,1999,white,older,male,trustworthy,2,c,1.607333333,161.330763,38.36753334,
C:\MyProjects\Project-Proposal\PrivateCoach\Project-EchoesofEquity\data/wav\1999_wom_t03c.wav,C:\MyProjects\Project-Proposal\PrivateCoach\Project-EchoesofEquity\data/melspec\1999_wom_t03c.npy,1999,white,older,male,trustworthy,3,c,1.7735,110.1849767,11.71589605,
C:\MyProjects\Project-Proposal\PrivateCoach\Project-EchoesofEquity\data/wav\1999_wom_t04c.wav,C:\MyProjects\Project-Proposal\PrivateCoach\Project-EchoesofEquity\data/melspec\1999_wom_t04c.npy,1999,white,older,male,trustworthy,4,c,1.409479167,123.9700596,32.52266965,
C:\MyProjects\Project-Proposal\PrivateCoach\Project-EchoesofEquity\data/wav\1999_wom_t19c.wav,C:\MyProjects\Project-Proposal\PrivateCoach\Project-EchoesofEquity\data/melspec\1999_wom_t19c.npy,1999,white,older,male,trustworthy,19,c,2.169229167,147.4721096,38.67425888,
C:\MyProjects\Project-Proposal\PrivateCoach\Project-EchoesofEquity\data/wav\1999_wom_t20.wav,C:\MyProjects\Project-Proposal\PrivateCoach\Project-EchoesofEquity\data/melspec\1999_wom_t20.npy,1999,white,older,male,trustworthy,20,,1.6456875,144.9840096,42.27822539,
C:\MyProjects\Project-Proposal\PrivateCoach\Project-EchoesofEquity\data/wav\2000_wyf_n01c.wav,C:\MyProjects\Project-Proposal\PrivateCoach\Project-EchoesofEquity\data/melspec\2000_wyf_n01c.npy,2000,white,younger,female,neutral,1,c,0.781583333,222.4200717,29.0949717,
C:\MyProjects\Project-Proposal\PrivateCoach\Project-EchoesofEquity\data/wav\2000_wyf_n02c.wav,C:\MyProjects\Project-Proposal\PrivateCoach\Project-EchoesofEquity\data/melspec\2000_wyf_n02c.npy,2000,white,younger,female,neutral,2,c,1.1971875,190.9814571,20.94069368,
C:\MyProjects\Project-Proposal\PrivateCoach\Project-EchoesofEquity\data/wav\2000_wyf_n17c.wav,C:\MyProjects\Project-Proposal\PrivateCoach\Project-EchoesofEquity\data/melspec\2000_wyf_n17c.npy,2000,white,younger,female,neutral,17,c,1.036354167,228.2355718,64.56489165,
C:\MyProjects\Project-Proposal\PrivateCoach\Project-EchoesofEquity\data/wav\2000_wyf_n18c.wav,C:\MyProjects\Project-Proposal\PrivateCoach\Project-EchoesofEquity\data/melspec\2000_wyf_n18c.npy,2000,white,younger,female,neutral,18,c,1.237708333,200.6596083,16.1478487,
C:\MyProjects\Project-Proposal\PrivateCoach\Project-EchoesofEquity\data/wav\2000_wyf_n19.wav,C:\MyProjects\Project-Proposal\PrivateCoach\Project-EchoesofEquity\data/melspec\2000_wyf_n19.npy,2000,white,younger,female,neutral,19,,1.207708333,246.1977288,27.27032428,
C:\MyProjects\Project-Proposal\PrivateCoach\Project-EchoesofEquity\data/wav\2000_wyf_n20c.wav,C:\MyProjects\Project-Proposal\PrivateCoach\Project-EchoesofEquity\data/melspec\2000_wyf_n20c.npy,2000,white,younger,female,neutral,20,c,1.401979167,208.6648838,42.81167083,
C:\MyProjects\Project-Proposal\PrivateCoach\Project-EchoesofEquity\data/wav\2000_wyf_t01c.wav,C:\MyProjects\Project-Proposal\PrivateCoach\Project-EchoesofEquity\data/melspec\2000_wyf_t01c.npy,2000,white,younger,female,trustworthy,1,c,0.932041667,251.5040617,67.92886554,
C:\MyProjects\Project-Proposal\PrivateCoach\Project-EchoesofEquity\data/wav\2000_wyf_t02.wav,C:\MyProjects\Project-Proposal\PrivateCoach\Project-EchoesofEquity\data/melspec\2000_wyf_t02.npy,2000,white,younger,female,trustworthy,2,,1.205104167,224.0955917,76.42792629,
C:\MyProjects\Project-Proposal\PrivateCoach\Project-EchoesofEquity\data/wav\2000_wyf_t17.wav,C:\MyProjects\Project-Proposal\PrivateCoach\Project-EchoesofEquity\data/melspec\2000_wyf_t17.npy,2000,white,younger,female,trustworthy,17,,0.884270833,261.3627939,82.38568353,
C:\MyProjects\Project-Proposal\PrivateCoach\Project-EchoesofEquity\data/wav\2000_wyf_t18c.wav,C:\MyProjects\Project-Proposal\PrivateCoach\Project-EchoesofEquity\data/melspec\2000_wyf_t18c.npy,2000,white,younger,female,trustworthy,18,c,1.139041667,188.004435,32.86238843,
C:\MyProjects\Project-Proposal\PrivateCoach\Project-EchoesofEquity\data/wav\2000_wyf_t19.wav,C:\MyProjects\Project-Proposal\PrivateCoach\Project-EchoesofEquity\data/melspec\2000_wyf_t19.npy,2000,white,younger,female,trustworthy,19,,1.234166667,289.0553398,58.02750964,
C:\MyProjects\Project-Proposal\PrivateCoach\Project-EchoesofEquity\data/wav\2000_wyf_t20.wav,C:\MyProjects\Project-Proposal\PrivateCoach\Project-EchoesofEquity\data/melspec\2000_wyf_t20.npy,2000,white,younger,female,trustworthy,20,,1.108208333,257.897525,98.9417859,
C:\MyProjects\Project-Proposal\PrivateCoach\Project-EchoesofEquity\data/wav\2001_wym_n01c.wav,C:\MyProjects\Project-Proposal\PrivateCoach\Project-EchoesofEquity\data/melspec\2001_wym_n01c.npy,2001,white,younger,male,neutral,1,c,1.42775,85.68073896,17.5266045,
C:\MyProjects\Project-Proposal\PrivateCoach\Project-EchoesofEquity\data/wav\2001_wym_n02c.wav,C:\MyProjects\Project-Proposal\PrivateCoach\Project-EchoesofEquity\data/melspec\2001_wym_n02c.npy,2001,white,younger,male,neutral,2,c,1.461854167,120.6607749,97.79420639,
C:\MyProjects\Project-Proposal\PrivateCoach\Project-EchoesofEquity\data/wav\2001_wym_n17c.wav,C:\MyProjects\Project-Proposal\PrivateCoach\Project-EchoesofEquity\data/melspec\2001_wym_n17c.npy,2001,white,younger,male,neutral,17,c,1.369354167,83.63457449,4.085785753,
C:\MyProjects\Project-Proposal\PrivateCoach\Project-EchoesofEquity\data/wav\2001_wym_n18.wav,C:\MyProjects\Project-Proposal\PrivateCoach\Project-EchoesofEquity\data/melspec\2001_wym_n18.npy,2001,white,younger,male,neutral,18,,1.5339375,110.8031732,82.43796545,
C:\MyProjects\Project-Proposal\PrivateCoach\Project-EchoesofEquity\data/wav\2001_wym_n19.wav,C:\MyProjects\Project-Proposal\PrivateCoach\Project-EchoesofEquity\data/melspec\2001_wym_n19.npy,2001,white,younger,male,neutral,19,,1.4581875,93.9542961,21.61615852,
C:\MyProjects\Project-Proposal\PrivateCoach\Project-EchoesofEquity\data/wav\2001_wym_n20.wav,C:\MyProjects\Project-Proposal\PrivateCoach\Project-EchoesofEquity\data/melspec\2001_wym_n20.npy,2001,white,younger,male,neutral,20,,1.86525,127.1270446,116.270999,
C:\MyProjects\Project-Proposal\PrivateCoach\Project-EchoesofEquity\data/wav\2001_wym_t01.wav,C:\MyProjects\Project-Proposal\PrivateCoach\Project-EchoesofEquity\data/melspec\2001_wym_t01.npy,2001,white,younger,male,trustworthy,1,,1.292041667,112.0069023,29.89981446,
C:\MyProjects\Project-Proposal\PrivateCoach\Project-EchoesofEquity\data/wav\2001_wym_t02.wav,C:\MyProjects\Project-Proposal\PrivateCoach\Project-EchoesofEquity\data/melspec\2001_wym_t02.npy,2001,white,younger,male,trustworthy,2,,1.37475,109.8917698,59.92751195,
C:\MyProjects\Project-Proposal\PrivateCoach\Project-EchoesofEquity\data/wav\2001_wym_t17.wav,C:\MyProjects\Project-Proposal\PrivateCoach\Project-EchoesofEquity\data/melspec\2001_wym_t17.npy,2001,white,younger,male,trustworthy,17,,1.3516875,114.751714,14.41490885,
C:\MyProjects\Project-Proposal\PrivateCoach\Project-EchoesofEquity\data/wav\2001_wym_t18.wav,C:\MyProjects\Project-Proposal\PrivateCoach\Project-EchoesofEquity\data/melspec\2001_wym_t18.npy,2001,white,younger,male,trustworthy,18,,1.449916667,122.1631818,17.60453145,
C:\MyProjects\Project-Proposal\PrivateCoach\Project-EchoesofEquity\data/wav\2001_wym_t19c.wav,C:\MyProjects\Project-Proposal\PrivateCoach\Project-EchoesofEquity\data/melspec\2001_wym_t19c.npy,2001,white,younger,male,trustworthy,19,c,1.697291667,106.6146982,17.08084132,
C:\MyProjects\Project-Proposal\PrivateCoach\Project-EchoesofEquity\data/wav\2001_wym_t20.wav,C:\MyProjects\Project-Proposal\PrivateCoach\Project-EchoesofEquity\data/melspec\2001_wym_t20.npy,2001,white,younger,male,trustworthy,20,,1.598770833,143.0998503,97.8476909,
C:\MyProjects\Project-Proposal\PrivateCoach\Project-EchoesofEquity\data/wav\2003_wym_n01c.wav,C:\MyProjects\Project-Proposal\PrivateCoach\Project-EchoesofEquity\data/melspec\2003_wym_n01c.npy,2003,white,younger,male,neutral,1,c,1.012104167,124.6313243,10.59763241,
C:\MyProjects\Project-Proposal\PrivateCoach\Project-EchoesofEquity\data/wav\2003_wym_n02.wav,C:\MyProjects\Project-Proposal\PrivateCoach\Project-EchoesofEquity\data/melspec\2003_wym_n02.npy,2003,white,younger,male,neutral,2,,1.206645833,115.8902881,14.59243595,
C:\MyProjects\Project-Proposal\PrivateCoach\Project-EchoesofEquity\data/wav\2003_wym_n03c.wav,C:\MyProjects\Project-Proposal\PrivateCoach\Project-EchoesofEquity\data/melspec\2003_wym_n03c.npy,2003,white,younger,male,neutral,3,c,1.83375,112.2464995,12.46638369,
C:\MyProjects\Project-Proposal\PrivateCoach\Project-EchoesofEquity\data/wav\2003_wym_n04c.wav,C:\MyProjects\Project-Proposal\PrivateCoach\Project-EchoesofEquity\data/melspec\2003_wym_n04c.npy,2003,white,younger,male,neutral,4,c,0.965291667,103.1907668,6.494699336,
C:\MyProjects\Project-Proposal\PrivateCoach\Project-EchoesofEquity\data/wav\2003_wym_n19.wav,C:\MyProjects\Project-Proposal\PrivateCoach\Project-EchoesofEquity\data/melspec\2003_wym_n19.npy,2003,white,younger,male,neutral,19,,1.526833333,126.9607766,14.70653253,
C:\MyProjects\Project-Proposal\PrivateCoach\Project-EchoesofEquity\data/wav\2003_wym_n20.wav,C:\MyProjects\Project-Proposal\PrivateCoach\Project-EchoesofEquity\data/melspec\2003_wym_n20.npy,2003,white,younger,male,neutral,20,,1.210791667,146.6392963,94.78736971,
C:\MyProjects\Project-Proposal\PrivateCoach\Project-EchoesofEquity\data/wav\2003_wym_t01cc.wav,C:\MyProjects\Project-Proposal\PrivateCoach\Project-EchoesofEquity\data/melspec\2003_wym_t01cc.npy,2003,white,younger,male,trustworthy,1,cc,0.849645833,112.8380896,14.72424671,
C:\MyProjects\Project-Proposal\PrivateCoach\Project-EchoesofEquity\data/wav\2003_wym_t02ccc.wav,C:\MyProjects\Project-Proposal\PrivateCoach\Project-EchoesofEquity\data/melspec\2003_wym_t02ccc.npy,2003,white,younger,male,trustworthy,2,ccc,0.9955625,142.0532661,34.18600092,
C:\MyProjects\Project-Proposal\PrivateCoach\Project-EchoesofEquity\data/wav\2003_wym_t03c.wav,C:\MyProjects\Project-Proposal\PrivateCoach\Project-EchoesofEquity\data/melspec\2003_wym_t03c.npy,2003,white,younger,male,trustworthy,3,c,1.726458333,126.0335053,24.41086788,
C:\MyProjects\Project-Proposal\PrivateCoach\Project-EchoesofEquity\data/wav\2003_wym_t04c.wav,C:\MyProjects\Project-Proposal\PrivateCoach\Project-EchoesofEquity\data/melspec\2003_wym_t04c.npy,2003,white,younger,male,trustworthy,4,c,0.847541667,124.3565297,21.92997648,
C:\MyProjects\Project-Proposal\PrivateCoach\Project-EchoesofEquity\data/wav\2003_wym_t19.wav,C:\MyProjects\Project-Proposal\PrivateCoach\Project-EchoesofEquity\data/melspec\2003_wym_t19.npy,2003,white,younger,male,trustworthy,19,,1.501083333,137.8765605,38.52864827,
C:\MyProjects\Project-Proposal\PrivateCoach\Project-EchoesofEquity\data/wav\2003_wym_t20.wav,C:\MyProjects\Project-Proposal\PrivateCoach\Project-EchoesofEquity\data/melspec\2003_wym_t20.npy,2003,white,younger,male,trustworthy,20,,1.06425,142.5996137,31.88804417,
C:\MyProjects\Project-Proposal\PrivateCoach\Project-EchoesofEquity\data/wav\2004_wyf_n01c.wav,C:\MyProjects\Project-Proposal\PrivateCoach\Project-EchoesofEquity\data/melspec\2004_wyf_n01c.npy,2004,white,younger,female,neutral,1,c,1.500645833,195.0513629,17.93527996,
C:\MyProjects\Project-Proposal\PrivateCoach\Project-EchoesofEquity\data/wav\2004_wyf_n02c.wav,C:\MyProjects\Project-Proposal\PrivateCoach\Project-EchoesofEquity\data/melspec\2004_wyf_n02c.npy,2004,white,younger,female,neutral,2,c,1.636041667,193.7183423,40.59150531,
C:\MyProjects\Project-Proposal\PrivateCoach\Project-EchoesofEquity\data/wav\2004_wyf_n03c.wav,C:\MyProjects\Project-Proposal\PrivateCoach\Project-EchoesofEquity\data/melspec\2004_wyf_n03c.npy,2004,white,younger,female,neutral,3,c,1.936958333,183.2516697,29.76393598,
C:\MyProjects\Project-Proposal\PrivateCoach\Project-EchoesofEquity\data/wav\2004_wyf_n04c.wav,C:\MyProjects\Project-Proposal\PrivateCoach\Project-EchoesofEquity\data/melspec\2004_wyf_n04c.npy,2004,white,younger,female,neutral,4,c,1.3925625,198.3288896,41.03530883,
C:\MyProjects\Project-Proposal\PrivateCoach\Project-EchoesofEquity\data/wav\2004_wyf_n19.wav,C:\MyProjects\Project-Proposal\PrivateCoach\Project-EchoesofEquity\data/melspec\2004_wyf_n19.npy,2004,white,younger,female,neutral,19,,1.945770833,201.6141551,37.45271999,
C:\MyProjects\Project-Proposal\PrivateCoach\Project-EchoesofEquity\data/wav\2004_wyf_n20c.wav,C:\MyProjects\Project-Proposal\PrivateCoach\Project-EchoesofEquity\data/melspec\2004_wyf_n20c.npy,2004,white,younger,female,neutral,20,c,1.909083333,199.6360188,17.81012842,
C:\MyProjects\Project-Proposal\PrivateCoach\Project-EchoesofEquity\data/wav\2004_wyf_t01.wav,C:\MyProjects\Project-Proposal\PrivateCoach\Project-EchoesofEquity\data/melspec\2004_wyf_t01.npy,2004,white,younger,female,trustworthy,1,,1.525604167,237.6607815,59.2202429,
C:\MyProjects\Project-Proposal\PrivateCoach\Project-EchoesofEquity\data/wav\2004_wyf_t02.wav,C:\MyProjects\Project-Proposal\PrivateCoach\Project-EchoesofEquity\data/melspec\2004_wyf_t02.npy,2004,white,younger,female,trustworthy,2,,1.633229167,218.4032539,42.57382208,
C:\MyProjects\Project-Proposal\PrivateCoach\Project-EchoesofEquity\data/wav\2004_wyf_t03c.wav,C:\MyProjects\Project-Proposal\PrivateCoach\Project-EchoesofEquity\data/melspec\2004_wyf_t03c.npy,2004,white,younger,female,trustworthy,3,c,1.8419375,187.4000296,65.69381172,
C:\MyProjects\Project-Proposal\PrivateCoach\Project-EchoesofEquity\data/wav\2004_wyf_t04c.wav,C:\MyProjects\Project-Proposal\PrivateCoach\Project-EchoesofEquity\data/melspec\2004_wyf_t04c.npy,2004,white,younger,female,trustworthy,4,c,1.350041667,214.877217,64.90668227,
C:\MyProjects\Project-Proposal\PrivateCoach\Project-EchoesofEquity\data/wav\2004_wyf_t19c.wav,C:\MyProjects\Project-Proposal\PrivateCoach\Project-EchoesofEquity\data/melspec\2004_wyf_t19c.npy,2004,white,younger,female,trustworthy,19,c,1.919104167,232.4200522,50.61859316,
C:\MyProjects\Project-Proposal\PrivateCoach\Project-EchoesofEquity\data/wav\2004_wyf_t20.wav,C:\MyProjects\Project-Proposal\PrivateCoach\Project-EchoesofEquity\data/melspec\2004_wyf_t20.npy,2004,white,younger,female,trustworthy,20,,1.8715625,245.3203153,40.17127093,
C:\MyProjects\Project-Proposal\PrivateCoach\Project-EchoesofEquity\data/wav\2007_wyf_n01c.wav,C:\MyProjects\Project-Proposal\PrivateCoach\Project-EchoesofEquity\data/melspec\2007_wyf_n01c.npy,2007,white,younger,female,neutral,1,c,1.416708333,173.2394813,15.39507652,
C:\MyProjects\Project-Proposal\PrivateCoach\Project-EchoesofEquity\data/wav\2007_wyf_n02c.wav,C:\MyProjects\Project-Proposal\PrivateCoach\Project-EchoesofEquity\data/melspec\2007_wyf_n02c.npy,2007,white,younger,female,neutral,2,c,1.806125,169.527626,12.29970523,
C:\MyProjects\Project-Proposal\PrivateCoach\Project-EchoesofEquity\data/wav\2007_wyf_n03c.wav,C:\MyProjects\Project-Proposal\PrivateCoach\Project-EchoesofEquity\data/melspec\2007_wyf_n03c.npy,2007,white,younger,female,neutral,3,c,1.376,162.422741,11.72423603,
C:\MyProjects\Project-Proposal\PrivateCoach\Project-EchoesofEquity\data/wav\2007_wyf_n04c.wav,C:\MyProjects\Project-Proposal\PrivateCoach\Project-EchoesofEquity\data/melspec\2007_wyf_n04c.npy,2007,white,younger,female,neutral,4,c,1.571291667,191.0481026,80.29327465,
C:\MyProjects\Project-Proposal\PrivateCoach\Project-EchoesofEquity\data/wav\2007_wyf_n05.wav,C:\MyProjects\Project-Proposal\PrivateCoach\Project-EchoesofEquity\data/melspec\2007_wyf_n05.npy,2007,white,younger,female,neutral,5,,1.377270833,173.2339525,25.40044653,
C:\MyProjects\Project-Proposal\PrivateCoach\Project-EchoesofEquity\data/wav\2007_wyf_n06c.wav,C:\MyProjects\Project-Proposal\PrivateCoach\Project-EchoesofEquity\data/melspec\2007_wyf_n06c.npy,2007,white,younger,female,neutral,6,c,1.611916667,173.0227414,42.84494309,
C:\MyProjects\Project-Proposal\PrivateCoach\Project-EchoesofEquity\data/wav\2007_wyf_t01.wav,C:\MyProjects\Project-Proposal\PrivateCoach\Project-EchoesofEquity\data/melspec\2007_wyf_t01.npy,2007,white,younger,female,trustworthy,1,,1.193708333,240.7090025,69.73998931,
C:\MyProjects\Project-Proposal\PrivateCoach\Project-EchoesofEquity\data/wav\2007_wyf_t02.wav,C:\MyProjects\Project-Proposal\PrivateCoach\Project-EchoesofEquity\data/melspec\2007_wyf_t02.npy,2007,white,younger,female,trustworthy,2,,1.449833333,214.530281,69.84634408,
C:\MyProjects\Project-Proposal\PrivateCoach\Project-EchoesofEquity\data/wav\2007_wyf_t03c.wav,C:\MyProjects\Project-Proposal\PrivateCoach\Project-EchoesofEquity\data/melspec\2007_wyf_t03c.npy,2007,white,younger,female,trustworthy,3,c,1.435625,239.4172671,42.38322655,
C:\MyProjects\Project-Proposal\PrivateCoach\Project-EchoesofEquity\data/wav\2007_wyf_t04c.wav,C:\MyProjects\Project-Proposal\PrivateCoach\Project-EchoesofEquity\data/melspec\2007_wyf_t04c.npy,2007,white,younger,female,trustworthy,4,c,1.209729167,201.3964841,46.51817891,
C:\MyProjects\Project-Proposal\PrivateCoach\Project-EchoesofEquity\data/wav\2007_wyf_t05c.wav,C:\MyProjects\Project-Proposal\PrivateCoach\Project-EchoesofEquity\data/melspec\2007_wyf_t05c.npy,2007,white,younger,female,trustworthy,5,c,1.45575,235.4176767,61.9835615,
C:\MyProjects\Project-Proposal\PrivateCoach\Project-EchoesofEquity\data/wav\2007_wyf_t06.wav,C:\MyProjects\Project-Proposal\PrivateCoach\Project-EchoesofEquity\data/melspec\2007_wyf_t06.npy,2007,white,younger,female,trustworthy,6,,1.227916667,233.2571111,54.94272826,
C:\MyProjects\Project-Proposal\PrivateCoach\Project-EchoesofEquity\data/wav\2009_ayf_n09c.wav,C:\MyProjects\Project-Proposal\PrivateCoach\Project-EchoesofEquity\data/melspec\2009_ayf_n09c.npy,2009,south_asian,younger,female,neutral,9,c,1.5851875,206.626144,39.5066236,
C:\MyProjects\Project-Proposal\PrivateCoach\Project-EchoesofEquity\data/wav\2009_ayf_n10c.wav,C:\MyProjects\Project-Proposal\PrivateCoach\Project-EchoesofEquity\data/melspec\2009_ayf_n10c.npy,2009,south_asian,younger,female,neutral,10,c,2.0570625,201.045564,25.58563043,
C:\MyProjects\Project-Proposal\PrivateCoach\Project-EchoesofEquity\data/wav\2009_ayf_n11c.wav,C:\MyProjects\Project-Proposal\PrivateCoach\Project-EchoesofEquity\data/melspec\2009_ayf_n11c.npy,2009,south_asian,younger,female,neutral,11,c,1.995625,199.2134267,27.67414984,
C:\MyProjects\Project-Proposal\PrivateCoach\Project-EchoesofEquity\data/wav\2009_ayf_n12c.wav,C:\MyProjects\Project-Proposal\PrivateCoach\Project-EchoesofEquity\data/melspec\2009_ayf_n12c.npy,2009,south_asian,younger,female,neutral,12,c,1.626604167,205.5589887,35.91047024,
C:\MyProjects\Project-Proposal\PrivateCoach\Project-EchoesofEquity\data/wav\2009_ayf_n13c.wav,C:\MyProjects\Project-Proposal\PrivateCoach\Project-EchoesofEquity\data/melspec\2009_ayf_n13c.npy,2009,south_asian,younger,female,neutral,13,c,1.4651875,199.4619025,31.61053476,
C:\MyProjects\Project-Proposal\PrivateCoach\Project-EchoesofEquity\data/wav\2009_ayf_n14.wav,C:\MyProjects\Project-Proposal\PrivateCoach\Project-EchoesofEquity\data/melspec\2009_ayf_n14.npy,2009,south_asian,younger,female,neutral,14,,1.44375,210.9385116,41.15299952,
C:\MyProjects\Project-Proposal\PrivateCoach\Project-EchoesofEquity\data/wav\2009_ayf_t09.wav,C:\MyProjects\Project-Proposal\PrivateCoach\Project-EchoesofEquity\data/melspec\2009_ayf_t09.npy,2009,south_asian,younger,female,trustworthy,9,,1.5509375,237.1663841,67.71914133,
C:\MyProjects\Project-Proposal\PrivateCoach\Project-EchoesofEquity\data/wav\2009_ayf_t10.wav,C:\MyProjects\Project-Proposal\PrivateCoach\Project-EchoesofEquity\data/melspec\2009_ayf_t10.npy,2009,south_asian,younger,female,trustworthy,10,,2.093416667,297.665269,71.6920355,
C:\MyProjects\Project-Proposal\PrivateCoach\Project-EchoesofEquity\data/wav\2009_ayf_t11.wav,C:\MyProjects\Project-Proposal\PrivateCoach\Project-EchoesofEquity\data/melspec\2009_ayf_t11.npy,2009,south_asian,younger,female,trustworthy,11,,1.886770833,250.5824911,81.20403005,
C:\MyProjects\Project-Proposal\PrivateCoach\Project-EchoesofEquity\data/wav\2009_ayf_t12.wav,C:\MyProjects\Project-Proposal\PrivateCoach\Project-EchoesofEquity\data/melspec\2009_ayf_t12.npy,2009,south_asian,younger,female,trustworthy,12,,1.748416667,251.4230088,87.51228261,
C:\MyProjects\Project-Proposal\PrivateCoach\Project-EchoesofEquity\data/wav\2009_ayf_t13.wav,C:\MyProjects\Project-Proposal\PrivateCoach\Project-EchoesofEquity\data/melspec\2009_ayf_t13.npy,2009,south_asian,younger,female,trustworthy,13,,1.7513125,319.4380685,79.94386269,
C:\MyProjects\Project-Proposal\PrivateCoach\Project-EchoesofEquity\data/wav\2009_ayf_t14.wav,C:\MyProjects\Project-Proposal\PrivateCoach\Project-EchoesofEquity\data/melspec\2009_ayf_t14.npy,2009,south_asian,younger,female,trustworthy,14,,1.271125,264.2333977,101.1062297,
C:\MyProjects\Project-Proposal\PrivateCoach\Project-EchoesofEquity\data/wav\2010_aof_n01.wav,C:\MyProjects\Project-Proposal\PrivateCoach\Project-EchoesofEquity\data/melspec\2010_aof_n01.npy,2010,south_asian,older,female,neutral,1,,2.173479167,213.004229,44.98121382,
C:\MyProjects\Project-Proposal\PrivateCoach\Project-EchoesofEquity\data/wav\2010_aof_n02c.wav,C:\MyProjects\Project-Proposal\PrivateCoach\Project-EchoesofEquity\data/melspec\2010_aof_n02c.npy,2010,south_asian,older,female,neutral,2,c,2.157979167,189.0298077,19.10760128,
C:\MyProjects\Project-Proposal\PrivateCoach\Project-EchoesofEquity\data/wav\2010_aof_n03.wav,C:\MyProjects\Project-Proposal\PrivateCoach\Project-EchoesofEquity\data/melspec\2010_aof_n03.npy,2010,south_asian,older,female,neutral,3,,2.7096875,185.9393673,35.15942395,
C:\MyProjects\Project-Proposal\PrivateCoach\Project-EchoesofEquity\data/wav\2010_aof_n04c.wav,C:\MyProjects\Project-Proposal\PrivateCoach\Project-EchoesofEquity\data/melspec\2010_aof_n04c.npy,2010,south_asian,older,female,neutral,4,c,1.925208333,175.2918951,43.09504007,
C:\MyProjects\Project-Proposal\PrivateCoach\Project-EchoesofEquity\data/wav\2010_aof_n05c.wav,C:\MyProjects\Project-Proposal\PrivateCoach\Project-EchoesofEquity\data/melspec\2010_aof_n05c.npy,2010,south_asian,older,female,neutral,5,c,1.916291667,188.3158048,58.43129898,
C:\MyProjects\Project-Proposal\PrivateCoach\Project-EchoesofEquity\data/wav\2010_aof_n06.wav,C:\MyProjects\Project-Proposal\PrivateCoach\Project-EchoesofEquity\data/melspec\2010_aof_n06.npy,2010,south_asian,older,female,neutral,6,,1.688104167,188.1137221,13.48527932,
C:\MyProjects\Project-Proposal\PrivateCoach\Project-EchoesofEquity\data/wav\2010_aof_t01c.wav,C:\MyProjects\Project-Proposal\PrivateCoach\Project-EchoesofEquity\data/melspec\2010_aof_t01c.npy,2010,south_asian,older,female,trustworthy,1,c,1.718791667,243.4741564,76.50416589,
C:\MyProjects\Project-Proposal\PrivateCoach\Project-EchoesofEquity\data/wav\2010_aof_t02c.wav,C:\MyProjects\Project-Proposal\PrivateCoach\Project-EchoesofEquity\data/melspec\2010_aof_t02c.npy,2010,south_asian,older,female,trustworthy,2,c,1.614375,247.5567648,49.91951232,
C:\MyProjects\Project-Proposal\PrivateCoach\Project-EchoesofEquity\data/wav\2010_aof_t03c.wav,C:\MyProjects\Project-Proposal\PrivateCoach\Project-EchoesofEquity\data/melspec\2010_aof_t03c.npy,2010,south_asian,older,female,trustworthy,3,c,3.209229167,267.8752386,46.73868565,
C:\MyProjects\Project-Proposal\PrivateCoach\Project-EchoesofEquity\data/wav\2010_aof_t04c.wav,C:\MyProjects\Project-Proposal\PrivateCoach\Project-EchoesofEquity\data/melspec\2010_aof_t04c.npy,2010,south_asian,older,female,trustworthy,4,c,1.952375,281.4338137,51.06501197,
C:\MyProjects\Project-Proposal\PrivateCoach\Project-EchoesofEquity\data/wav\2010_aof_t05c.wav,C:\MyProjects\Project-Proposal\PrivateCoach\Project-EchoesofEquity\data/melspec\2010_aof_t05c.npy,2010,south_asian,older,female,trustworthy,5,c,1.921833333,311.9614914,61.921226,
C:\MyProjects\Project-Proposal\PrivateCoach\Project-EchoesofEquity\data/wav\2010_aof_t06c.wav,C:\MyProjects\Project-Proposal\PrivateCoach\Project-EchoesofEquity\data/melspec\2010_aof_t06c.npy,2010,south_asian,older,female,trustworthy,6,c,1.942666667,224.8088872,24.16257653,
C:\MyProjects\Project-Proposal\PrivateCoach\Project-EchoesofEquity\data/wav\2011_aom_n01c.wav,C:\MyProjects\Project-Proposal\PrivateCoach\Project-EchoesofEquity\data/melspec\2011_aom_n01c.npy,2011,south_asian,older,male,neutral,1,c,1.448333333,140.4641533,67.74660046,
C:\MyProjects\Project-Proposal\PrivateCoach\Project-EchoesofEquity\data/wav\2011_aom_n02c.wav,C:\MyProjects\Project-Proposal\PrivateCoach\Project-EchoesofEquity\data/melspec\2011_aom_n02c.npy,2011,south_asian,older,male,neutral,2,c,1.3456875,123.6470096,20.11776131,
C:\MyProjects\Project-Proposal\PrivateCoach\Project-EchoesofEquity\data/wav\2011_aom_n03c.wav,C:\MyProjects\Project-Proposal\PrivateCoach\Project-EchoesofEquity\data/melspec\2011_aom_n03c.npy,2011,south_asian,older,male,neutral,3,c,1.822229167,128.2245629,59.29761108,
C:\MyProjects\Project-Proposal\PrivateCoach\Project-EchoesofEquity\data/wav\2011_aom_n04c.wav,C:\MyProjects\Project-Proposal\PrivateCoach\Project-EchoesofEquity\data/melspec\2011_aom_n04c.npy,2011,south_asian,older,male,neutral,4,c,1.109520833,116.9524814,18.05122919,
C:\MyProjects\Project-Proposal\PrivateCoach\Project-EchoesofEquity\data/wav\2011_aom_n05c.wav,C:\MyProjects\Project-Proposal\PrivateCoach\Project-EchoesofEquity\data/melspec\2011_aom_n05c.npy,2011,south_asian,older,male,neutral,5,c,1.1995,117.7806013,17.98468736,
C:\MyProjects\Project-Proposal\PrivateCoach\Project-EchoesofEquity\data/wav\2011_aom_n06c.wav,C:\MyProjects\Project-Proposal\PrivateCoach\Project-EchoesofEquity\data/melspec\2011_aom_n06c.npy,2011,south_asian,older,male,neutral,6,c,1.0419375,114.4059634,14.95559942,
C:\MyProjects\Project-Proposal\PrivateCoach\Project-EchoesofEquity\data/wav\2011_aom_t01.wav,C:\MyProjects\Project-Proposal\PrivateCoach\Project-EchoesofEquity\data/melspec\2011_aom_t01.npy,2011,south_asian,older,male,trustworthy,1,,1.584770833,147.248777,73.05376599,
C:\MyProjects\Project-Proposal\PrivateCoach\Project-EchoesofEquity\data/wav\2011_aom_t02.wav,C:\MyProjects\Project-Proposal\PrivateCoach\Project-EchoesofEquity\data/melspec\2011_aom_t02.npy,2011,south_asian,older,male,trustworthy,2,,1.533666667,128.0242854,43.92283296,
C:\MyProjects\Project-Proposal\PrivateCoach\Project-EchoesofEquity\data/wav\2011_aom_t03.wav,C:\MyProjects\Project-Proposal\PrivateCoach\Project-EchoesofEquity\data/melspec\2011_aom_t03.npy,2011,south_asian,older,male,trustworthy,3,,1.864645833,134.1056018,75.40791629,
C:\MyProjects\Project-Proposal\PrivateCoach\Project-EchoesofEquity\data/wav\2011_aom_t04c.wav,C:\MyProjects\Project-Proposal\PrivateCoach\Project-EchoesofEquity\data/melspec\2011_aom_t04c.npy,2011,south_asian,older,male,trustworthy,4,c,1.1930625,108.8037207,32.10049796,
C:\MyProjects\Project-Proposal\PrivateCoach\Project-EchoesofEquity\data/wav\2011_aom_t05c.wav,C:\MyProjects\Project-Proposal\PrivateCoach\Project-EchoesofEquity\data/melspec\2011_aom_t05c.npy,2011,south_asian,older,male,trustworthy,5,c,1.285583333,110.8797794,34.47011326,
C:\MyProjects\Project-Proposal\PrivateCoach\Project-EchoesofEquity\data/wav\2011_aom_t06c.wav,C:\MyProjects\Project-Proposal\PrivateCoach\Project-EchoesofEquity\data/melspec\2011_aom_t06c.npy,2011,south_asian,older,male,trustworthy,6,c,1.054708333,103.6915565,14.08733062,
C:\MyProjects\Project-Proposal\PrivateCoach\Project-EchoesofEquity\data/wav\2013_aym_n09.wav,C:\MyProjects\Project-Proposal\PrivateCoach\Project-EchoesofEquity\data/melspec\2013_aym_n09.npy,2013,south_asian,younger,male,neutral,9,,1.597083333,117.8196663,49.78202923,
C:\MyProjects\Project-Proposal\PrivateCoach\Project-EchoesofEquity\data/wav\2013_aym_n10.wav,C:\MyProjects\Project-Proposal\PrivateCoach\Project-EchoesofEquity\data/melspec\2013_aym_n10.npy,2013,south_asian,younger,male,neutral,10,,1.922770833,125.3048834,44.6292084,
C:\MyProjects\Project-Proposal\PrivateCoach\Project-EchoesofEquity\data/wav\2013_aym_n11.wav,C:\MyProjects\Project-Proposal\PrivateCoach\Project-EchoesofEquity\data/melspec\2013_aym_n11.npy,2013,south_asian,younger,male,neutral,11,,2.103041667,114.744789,28.13781031,
C:\MyProjects\Project-Proposal\PrivateCoach\Project-EchoesofEquity\data/wav\2013_aym_n12.wav,C:\MyProjects\Project-Proposal\PrivateCoach\Project-EchoesofEquity\data/melspec\2013_aym_n12.npy,2013,south_asian,younger,male,neutral,12,,1.5125625,107.6874112,15.9538278,
C:\MyProjects\Project-Proposal\PrivateCoach\Project-EchoesofEquity\data/wav\2013_aym_n13.wav,C:\MyProjects\Project-Proposal\PrivateCoach\Project-EchoesofEquity\data/melspec\2013_aym_n13.npy,2013,south_asian,younger,male,neutral,13,,1.250395833,119.1056058,27.80224072,
C:\MyProjects\Project-Proposal\PrivateCoach\Project-EchoesofEquity\data/wav\2013_aym_n14.wav,C:\MyProjects\Project-Proposal\PrivateCoach\Project-EchoesofEquity\data/melspec\2013_aym_n14.npy,2013,south_asian,younger,male,neutral,14,,1.2348125,112.881376,66.33592073,
C:\MyProjects\Project-Proposal\PrivateCoach\Project-EchoesofEquity\data/wav\2013_aym_t09c.wav,C:\MyProjects\Project-Proposal\PrivateCoach\Project-EchoesofEquity\data/melspec\2013_aym_t09c.npy,2013,south_asian,younger,male,trustworthy,9,c,1.3849375,100.593646,11.55159118,
C:\MyProjects\Project-Proposal\PrivateCoach\Project-EchoesofEquity\data/wav\2013_aym_t10.wav,C:\MyProjects\Project-Proposal\PrivateCoach\Project-EchoesofEquity\data/melspec\2013_aym_t10.npy,2013,south_asian,younger,male,trustworthy,10,,2.10225,143.2480277,45.26566479,
C:\MyProjects\Project-Proposal\PrivateCoach\Project-EchoesofEquity\data/wav\2013_aym_t11.wav,C:\MyProjects\Project-Proposal\PrivateCoach\Project-EchoesofEquity\data/melspec\2013_aym_t11.npy,2013,south_asian,younger,male,trustworthy,11,,1.9380625,118.9841428,18.71238233,
C:\MyProjects\Project-Proposal\PrivateCoach\Project-EchoesofEquity\data/wav\2013_aym_t12.wav,C:\MyProjects\Project-Proposal\PrivateCoach\Project-EchoesofEquity\data/melspec\2013_aym_t12.npy,2013,south_asian,younger,male,trustworthy,12,,1.5749375,131.5068486,75.26740706,
C:\MyProjects\Project-Proposal\PrivateCoach\Project-EchoesofEquity\data/wav\2013_aym_t13.wav,C:\MyProjects\Project-Proposal\PrivateCoach\Project-EchoesofEquity\data/melspec\2013_aym_t13.npy,2013,south_asian,younger,male,trustworthy,13,,1.564604167,114.8617613,25.79463716,
C:\MyProjects\Project-Proposal\PrivateCoach\Project-EchoesofEquity\data/wav\2013_aym_t14.wav,C:\MyProjects\Project-Proposal\PrivateCoach\Project-EchoesofEquity\data/melspec\2013_aym_t14.npy,2013,south_asian,younger,male,trustworthy,14,,1.282354167,128.7304919,63.0158754,
C:\MyProjects\Project-Proposal\PrivateCoach\Project-EchoesofEquity\data/wav\2015_aof_n03.wav,C:\MyProjects\Project-Proposal\PrivateCoach\Project-EchoesofEquity\data/melspec\2015_aof_n03.npy,2015,south_asian,older,female,neutral,3,,2.407208333,182.3955984,41.06750664,
C:\MyProjects\Project-Proposal\PrivateCoach\Project-EchoesofEquity\data/wav\2015_aof_n04.wav,C:\MyProjects\Project-Proposal\PrivateCoach\Project-EchoesofEquity\data/melspec\2015_aof_n04.npy,2015,south_asian,older,female,neutral,4,,2.175208333,192.7417496,41.77124356,
C:\MyProjects\Project-Proposal\PrivateCoach\Project-EchoesofEquity\data/wav\2015_aof_n05.wav,C:\MyProjects\Project-Proposal\PrivateCoach\Project-EchoesofEquity\data/melspec\2015_aof_n05.npy,2015,south_asian,older,female,neutral,5,,1.64575,205.2093187,65.58400208,
C:\MyProjects\Project-Proposal\PrivateCoach\Project-EchoesofEquity\data/wav\2015_aof_n06.wav,C:\MyProjects\Project-Proposal\PrivateCoach\Project-EchoesofEquity\data/melspec\2015_aof_n06.npy,2015,south_asian,older,female,neutral,6,,1.4753125,164.0153073,29.13732882,
C:\MyProjects\Project-Proposal\PrivateCoach\Project-EchoesofEquity\data/wav\2015_aof_n07.wav,C:\MyProjects\Project-Proposal\PrivateCoach\Project-EchoesofEquity\data/melspec\2015_aof_n07.npy,2015,south_asian,older,female,neutral,7,,1.662583333,193.6658749,39.92972438,
C:\MyProjects\Project-Proposal\PrivateCoach\Project-EchoesofEquity\data/wav\2015_aof_n08.wav,C:\MyProjects\Project-Proposal\PrivateCoach\Project-EchoesofEquity\data/melspec\2015_aof_n08.npy,2015,south_asian,older,female,neutral,8,,1.667520833,162.9916043,32.56808504,
C:\MyProjects\Project-Proposal\PrivateCoach\Project-EchoesofEquity\data/wav\2015_aof_t03.wav,C:\MyProjects\Project-Proposal\PrivateCoach\Project-EchoesofEquity\data/melspec\2015_aof_t03.npy,2015,south_asian,older,female,trustworthy,3,,2.2698125,221.5522634,22.02190449,
C:\MyProjects\Project-Proposal\PrivateCoach\Project-EchoesofEquity\data/wav\2015_aof_t04.wav,C:\MyProjects\Project-Proposal\PrivateCoach\Project-EchoesofEquity\data/melspec\2015_aof_t04.npy,2015,south_asian,older,female,trustworthy,4,,1.523875,170.6225944,46.56767885,
C:\MyProjects\Project-Proposal\PrivateCoach\Project-EchoesofEquity\data/wav\2015_aof_t05.wav,C:\MyProjects\Project-Proposal\PrivateCoach\Project-EchoesofEquity\data/melspec\2015_aof_t05.npy,2015,south_asian,older,female,trustworthy,5,,1.441270833,226.3835316,66.06199543,
C:\MyProjects\Project-Proposal\PrivateCoach\Project-EchoesofEquity\data/wav\2015_aof_t06.wav,C:\MyProjects\Project-Proposal\PrivateCoach\Project-EchoesofEquity\data/melspec\2015_aof_t06.npy,2015,south_asian,older,female,trustworthy,6,,1.481145833,193.0111616,45.18366163,
C:\MyProjects\Project-Proposal\PrivateCoach\Project-EchoesofEquity\data/wav\2015_aof_t07.wav,C:\MyProjects\Project-Proposal\PrivateCoach\Project-EchoesofEquity\data/melspec\2015_aof_t07.npy,2015,south_asian,older,female,trustworthy,7,,1.6321875,194.6040934,52.16711041,
C:\MyProjects\Project-Proposal\PrivateCoach\Project-EchoesofEquity\data/wav\2015_aof_t08.wav,C:\MyProjects\Project-Proposal\PrivateCoach\Project-EchoesofEquity\data/melspec\2015_aof_t08.npy,2015,south_asian,older,female,trustworthy,8,,1.702145833,161.3718703,64.03668189,
C:\MyProjects\Project-Proposal\PrivateCoach\Project-EchoesofEquity\data/wav\2016_byf_n01.wav,C:\MyProjects\Project-Proposal\PrivateCoach\Project-EchoesofEquity\data/melspec\2016_byf_n01.npy,2016,black,younger,female,neutral,1,,1.7109375,154.5414698,11.66143839,
C:\MyProjects\Project-Proposal\PrivateCoach\Project-EchoesofEquity\data/wav\2016_byf_n02.wav,C:\MyProjects\Project-Proposal\PrivateCoach\Project-EchoesofEquity\data/melspec\2016_byf_n02.npy,2016,black,younger,female,neutral,2,,1.709458333,146.0373933,27.06365092,
C:\MyProjects\Project-Proposal\PrivateCoach\Project-EchoesofEquity\data/wav\2016_byf_n17c.wav,C:\MyProjects\Project-Proposal\PrivateCoach\Project-EchoesofEquity\data/melspec\2016_byf_n17c.npy,2016,black,younger,female,neutral,17,c,1.568020833,161.8533712,23.98031795,
C:\MyProjects\Project-Proposal\PrivateCoach\Project-EchoesofEquity\data/wav\2016_byf_n18.wav,C:\MyProjects\Project-Proposal\PrivateCoach\Project-EchoesofEquity\data/melspec\2016_byf_n18.npy,2016,black,younger,female,neutral,18,,1.757541667,180.1275417,62.06650364,
C:\MyProjects\Project-Proposal\PrivateCoach\Project-EchoesofEquity\data/wav\2016_byf_n19.wav,C:\MyProjects\Project-Proposal\PrivateCoach\Project-EchoesofEquity\data/melspec\2016_byf_n19.npy,2016,black,younger,female,neutral,19,,2.1761875,162.4095795,9.319733804,
C:\MyProjects\Project-Proposal\PrivateCoach\Project-EchoesofEquity\data/wav\2016_byf_n20.wav,C:\MyProjects\Project-Proposal\PrivateCoach\Project-EchoesofEquity\data/melspec\2016_byf_n20.npy,2016,black,younger,female,neutral,20,,1.900708333,159.1409703,23.0234446,
C:\MyProjects\Project-Proposal\PrivateCoach\Project-EchoesofEquity\data/wav\2016_byf_t01c.wav,C:\MyProjects\Project-Proposal\PrivateCoach\Project-EchoesofEquity\data/melspec\2016_byf_t01c.npy,2016,black,younger,female,trustworthy,1,c,1.494,181.7123513,28.9774642,
C:\MyProjects\Project-Proposal\PrivateCoach\Project-EchoesofEquity\data/wav\2016_byf_t02c.wav,C:\MyProjects\Project-Proposal\PrivateCoach\Project-EchoesofEquity\data/melspec\2016_byf_t02c.npy,2016,black,younger,female,trustworthy,2,c,1.608083333,205.4905887,59.63994079,
C:\MyProjects\Project-Proposal\PrivateCoach\Project-EchoesofEquity\data/wav\2016_byf_t17.wav,C:\MyProjects\Project-Proposal\PrivateCoach\Project-EchoesofEquity\data/melspec\2016_byf_t17.npy,2016,black,younger,female,trustworthy,17,,1.304791667,199.0749905,34.40594269,
C:\MyProjects\Project-Proposal\PrivateCoach\Project-EchoesofEquity\data/wav\2016_byf_t18.wav,C:\MyProjects\Project-Proposal\PrivateCoach\Project-EchoesofEquity\data/melspec\2016_byf_t18.npy,2016,black,younger,female,trustworthy,18,,1.7443125,185.331751,25.71459049,
C:\MyProjects\Project-Proposal\PrivateCoach\Project-EchoesofEquity\data/wav\2016_byf_t19c.wav,C:\MyProjects\Project-Proposal\PrivateCoach\Project-EchoesofEquity\data/melspec\2016_byf_t19c.npy,2016,black,younger,female,trustworthy,19,c,2.1518125,233.1917194,58.48120563,
C:\MyProjects\Project-Proposal\PrivateCoach\Project-EchoesofEquity\data/wav\2016_byf_t20.wav,C:\MyProjects\Project-Proposal\PrivateCoach\Project-EchoesofEquity\data/melspec\2016_byf_t20.npy,2016,black,younger,female,trustworthy,20,,1.907895833,217.9230435,34.42430225,
C:\MyProjects\Project-Proposal\PrivateCoach\Project-EchoesofEquity\data/wav\2017_aof_n03.wav,C:\MyProjects\Project-Proposal\PrivateCoach\Project-EchoesofEquity\data/melspec\2017_aof_n03.npy,2017,south_asian,older,female,neutral,3,,1.921833333,185.8424181,32.23360745,
C:\MyProjects\Project-Proposal\PrivateCoach\Project-EchoesofEquity\data/wav\2017_aof_n04.wav,C:\MyProjects\Project-Proposal\PrivateCoach\Project-EchoesofEquity\data/melspec\2017_aof_n04.npy,2017,south_asian,older,female,neutral,4,,1.283333333,174.0955712,27.88156979,
C:\MyProjects\Project-Proposal\PrivateCoach\Project-EchoesofEquity\data/wav\2017_aof_n05.wav,C:\MyProjects\Project-Proposal\PrivateCoach\Project-EchoesofEquity\data/melspec\2017_aof_n05.npy,2017,south_asian,older,female,neutral,5,,1.474854167,175.7092629,52.64646021,
C:\MyProjects\Project-Proposal\PrivateCoach\Project-EchoesofEquity\data/wav\2017_aof_n06.wav,C:\MyProjects\Project-Proposal\PrivateCoach\Project-EchoesofEquity\data/melspec\2017_aof_n06.npy,2017,south_asian,older,female,neutral,6,,1.4825625,169.0124742,11.5078851,
C:\MyProjects\Project-Proposal\PrivateCoach\Project-EchoesofEquity\data/wav\2017_aof_n07.wav,C:\MyProjects\Project-Proposal\PrivateCoach\Project-EchoesofEquity\data/melspec\2017_aof_n07.npy,2017,south_asian,older,female,neutral,7,,1.446625,189.8488969,48.06169404,
C:\MyProjects\Project-Proposal\PrivateCoach\Project-EchoesofEquity\data/wav\2017_aof_n08.wav,C:\MyProjects\Project-Proposal\PrivateCoach\Project-EchoesofEquity\data/melspec\2017_aof_n08.npy,2017,south_asian,older,female,neutral,8,,1.7906875,195.9561926,56.6564465,
C:\MyProjects\Project-Proposal\PrivateCoach\Project-EchoesofEquity\data/wav\2017_aof_t03.wav,C:\MyProjects\Project-Proposal\PrivateCoach\Project-EchoesofEquity\data/melspec\2017_aof_t03.npy,2017,south_asian,older,female,trustworthy,3,,2.065208333,199.1148375,35.32782225,
C:\MyProjects\Project-Proposal\PrivateCoach\Project-EchoesofEquity\data/wav\2017_aof_t04.wav,C:\MyProjects\Project-Proposal\PrivateCoach\Project-EchoesofEquity\data/melspec\2017_aof_t04.npy,2017,south_asian,older,female,trustworthy,4,,1.037520833,205.5556505,67.03507733,
C:\MyProjects\Project-Proposal\PrivateCoach\Project-EchoesofEquity\data/wav\2017_aof_t05.wav,C:\MyProjects\Project-Proposal\PrivateCoach\Project-EchoesofEquity\data/melspec\2017_aof_t05.npy,2017,south_asian,older,female,trustworthy,5,,1.5813125,169.5819452,49.89325844,
C:\MyProjects\Project-Proposal\PrivateCoach\Project-EchoesofEquity\data/wav\2017_aof_t06.wav,C:\MyProjects\Project-Proposal\PrivateCoach\Project-EchoesofEquity\data/melspec\2017_aof_t06.npy,2017,south_asian,older,female,trustworthy,6,,1.291645833,190.3981886,63.33618114,
C:\MyProjects\Project-Proposal\PrivateCoach\Project-EchoesofEquity\data/wav\2017_aof_t07.wav,C:\MyProjects\Project-Proposal\PrivateCoach\Project-EchoesofEquity\data/melspec\2017_aof_t07.npy,2017,south_asian,older,female,trustworthy,7,,1.462708333,189.4304256,53.71422262,
C:\MyProjects\Project-Proposal\PrivateCoach\Project-EchoesofEquity\data/wav\2017_aof_t08.wav,C:\MyProjects\Project-Proposal\PrivateCoach\Project-EchoesofEquity\data/melspec\2017_aof_t08.npy,2017,south_asian,older,female,trustworthy,8,,1.237270833,222.8299267,67.98416304,
C:\MyProjects\Project-Proposal\PrivateCoach\Project-EchoesofEquity\data/wav\2019_ayf_n07.wav,C:\MyProjects\Project-Proposal\PrivateCoach\Project-EchoesofEquity\data/melspec\2019_ayf_n07.npy,2019,south_asian,younger,female,neutral,7,,1.4246875,170.1104649,37.96078734,
C:\MyProjects\Project-Proposal\PrivateCoach\Project-EchoesofEquity\data/wav\2019_ayf_n08c.wav,C:\MyProjects\Project-Proposal\PrivateCoach\Project-EchoesofEquity\data/melspec\2019_ayf_n08c.npy,2019,south_asian,younger,female,neutral,8,c,1.4058125,152.0743434,14.82746533,
C:\MyProjects\Project-Proposal\PrivateCoach\Project-EchoesofEquity\data/wav\2019_ayf_n09c.wav,C:\MyProjects\Project-Proposal\PrivateCoach\Project-EchoesofEquity\data/melspec\2019_ayf_n09c.npy,2019,south_asian,younger,female,neutral,9,c,1.411208333,155.5580602,60.29755505,
C:\MyProjects\Project-Proposal\PrivateCoach\Project-EchoesofEquity\data/wav\2019_ayf_n10.wav,C:\MyProjects\Project-Proposal\PrivateCoach\Project-EchoesofEquity\data/melspec\2019_ayf_n10.npy,2019,south_asian,younger,female,neutral,10,,1.4519375,164.4116217,21.79074961,
C:\MyProjects\Project-Proposal\PrivateCoach\Project-EchoesofEquity\data/wav\2019_ayf_n11.wav,C:\MyProjects\Project-Proposal\PrivateCoach\Project-EchoesofEquity\data/melspec\2019_ayf_n11.npy,2019,south_asian,younger,female,neutral,11,,1.38175,160.3825327,15.87480627,
C:\MyProjects\Project-Proposal\PrivateCoach\Project-EchoesofEquity\data/wav\2019_ayf_n12c.wav,C:\MyProjects\Project-Proposal\PrivateCoach\Project-EchoesofEquity\data/melspec\2019_ayf_n12c.npy,2019,south_asian,younger,female,neutral,12,c,1.463895833,154.2974127,19.78986149,
C:\MyProjects\Project-Proposal\PrivateCoach\Project-EchoesofEquity\data/wav\2019_ayf_t07c.wav,C:\MyProjects\Project-Proposal\PrivateCoach\Project-EchoesofEquity\data/melspec\2019_ayf_t07c.npy,2019,south_asian,younger,female,trustworthy,7,c,1.582125,205.5654932,45.13059846,
C:\MyProjects\Project-Proposal\PrivateCoach\Project-EchoesofEquity\data/wav\2019_ayf_t08c.wav,C:\MyProjects\Project-Proposal\PrivateCoach\Project-EchoesofEquity\data/melspec\2019_ayf_t08c.npy,2019,south_asian,younger,female,trustworthy,8,c,1.5484375,165.1437618,18.24392894,
C:\MyProjects\Project-Proposal\PrivateCoach\Project-EchoesofEquity\data/wav\2019_ayf_t09.wav,C:\MyProjects\Project-Proposal\PrivateCoach\Project-EchoesofEquity\data/melspec\2019_ayf_t09.npy,2019,south_asian,younger,female,trustworthy,9,,1.2670625,182.1845748,56.433613,
C:\MyProjects\Project-Proposal\PrivateCoach\Project-EchoesofEquity\data/wav\2019_ayf_t10.wav,C:\MyProjects\Project-Proposal\PrivateCoach\Project-EchoesofEquity\data/melspec\2019_ayf_t10.npy,2019,south_asian,younger,female,trustworthy,10,,1.604583333,175.7437215,22.01031741,
C:\MyProjects\Project-Proposal\PrivateCoach\Project-EchoesofEquity\data/wav\2019_ayf_t11.wav,C:\MyProjects\Project-Proposal\PrivateCoach\Project-EchoesofEquity\data/melspec\2019_ayf_t11.npy,2019,south_asian,younger,female,trustworthy,11,,1.4119375,191.5442787,40.16874406,
C:\MyProjects\Project-Proposal\PrivateCoach\Project-EchoesofEquity\data/wav\2019_ayf_t12c.wav,C:\MyProjects\Project-Proposal\PrivateCoach\Project-EchoesofEquity\data/melspec\2019_ayf_t12c.npy,2019,south_asian,younger,female,trustworthy,12,c,1.3739375,185.371461,49.33177593,
C:\MyProjects\Project-Proposal\PrivateCoach\Project-EchoesofEquity\data/wav\2023_ayf_n11.wav,C:\MyProjects\Project-Proposal\PrivateCoach\Project-EchoesofEquity\data/melspec\2023_ayf_n11.npy,2023,south_asian,younger,female,neutral,11,,1.843604167,155.8699826,22.06278998,
C:\MyProjects\Project-Proposal\PrivateCoach\Project-EchoesofEquity\data/wav\2023_ayf_n12.wav,C:\MyProjects\Project-Proposal\PrivateCoach\Project-EchoesofEquity\data/melspec\2023_ayf_n12.npy,2023,south_asian,younger,female,neutral,12,,1.4566875,160.1308972,18.75475209,
C:\MyProjects\Project-Proposal\PrivateCoach\Project-EchoesofEquity\data/wav\2023_ayf_n13.wav,C:\MyProjects\Project-Proposal\PrivateCoach\Project-EchoesofEquity\data/melspec\2023_ayf_n13.npy,2023,south_asian,younger,female,neutral,13,,1.262604167,180.4776029,76.04228554,
C:\MyProjects\Project-Proposal\PrivateCoach\Project-EchoesofEquity\data/wav\2023_ayf_n14c.wav,C:\MyProjects\Project-Proposal\PrivateCoach\Project-EchoesofEquity\data/melspec\2023_ayf_n14c.npy,2023,south_asian,younger,female,neutral,14,c,1.304791667,167.4337677,53.44487534,
C:\MyProjects\Project-Proposal\PrivateCoach\Project-EchoesofEquity\data/wav\2023_ayf_n15.wav,C:\MyProjects\Project-Proposal\PrivateCoach\Project-EchoesofEquity\data/melspec\2023_ayf_n15.npy,2023,south_asian,younger,female,neutral,15,,1.3389375,196.6802129,99.30556067,
C:\MyProjects\Project-Proposal\PrivateCoach\Project-EchoesofEquity\data/wav\2023_ayf_n16c.wav,C:\MyProjects\Project-Proposal\PrivateCoach\Project-EchoesofEquity\data/melspec\2023_ayf_n16c.npy,2023,south_asian,younger,female,neutral,16,c,1.428125,161.6813012,63.85203331,
C:\MyProjects\Project-Proposal\PrivateCoach\Project-EchoesofEquity\data/wav\2023_ayf_t11c.wav,C:\MyProjects\Project-Proposal\PrivateCoach\Project-EchoesofEquity\data/melspec\2023_ayf_t11c.npy,2023,south_asian,younger,female,trustworthy,11,c,1.823416667,176.6433018,34.91434941,
C:\MyProjects\Project-Proposal\PrivateCoach\Project-EchoesofEquity\data/wav\2023_ayf_t12c.wav,C:\MyProjects\Project-Proposal\PrivateCoach\Project-EchoesofEquity\data/melspec\2023_ayf_t12c.npy,2023,south_asian,younger,female,trustworthy,12,c,1.3743125,144.2506017,19.42825587,
C:\MyProjects\Project-Proposal\PrivateCoach\Project-EchoesofEquity\data/wav\2023_ayf_t13c.wav,C:\MyProjects\Project-Proposal\PrivateCoach\Project-EchoesofEquity\data/melspec\2023_ayf_t13c.npy,2023,south_asian,younger,female,trustworthy,13,c,1.246979167,194.5173638,61.20118524,
C:\MyProjects\Project-Proposal\PrivateCoach\Project-EchoesofEquity\data/wav\2023_ayf_t14.wav,C:\MyProjects\Project-Proposal\PrivateCoach\Project-EchoesofEquity\data/melspec\2023_ayf_t14.npy,2023,south_asian,younger,female,trustworthy,14,,1.271333333,204.6041594,58.62872943,
C:\MyProjects\Project-Proposal\PrivateCoach\Project-EchoesofEquity\data/wav\2023_ayf_t15.wav,C:\MyProjects\Project-Proposal\PrivateCoach\Project-EchoesofEquity\data/melspec\2023_ayf_t15.npy,2023,south_asian,younger,female,trustworthy,15,,1.333354167,193.3828323,64.18506071,
C:\MyProjects\Project-Proposal\PrivateCoach\Project-EchoesofEquity\data/wav\2023_ayf_t16.wav,C:\MyProjects\Project-Proposal\PrivateCoach\Project-EchoesofEquity\data/melspec\2023_ayf_t16.npy,2023,south_asian,younger,female,trustworthy,16,,1.173520833,234.1521264,49.08329508,
C:\MyProjects\Project-Proposal\PrivateCoach\Project-EchoesofEquity\data/wav\2024_bym_n01.wav,C:\MyProjects\Project-Proposal\PrivateCoach\Project-EchoesofEquity\data/melspec\2024_bym_n01.npy,2024,black,younger,male,neutral,1,,2.046333333,134.9894923,44.97967202,
C:\MyProjects\Project-Proposal\PrivateCoach\Project-EchoesofEquity\data/wav\2024_bym_n02.wav,C:\MyProjects\Project-Proposal\PrivateCoach\Project-EchoesofEquity\data/melspec\2024_bym_n02.npy,2024,black,younger,male,neutral,2,,1.786083333,132.4178155,44.82181735,
C:\MyProjects\Project-Proposal\PrivateCoach\Project-EchoesofEquity\data/wav\2024_bym_n17.wav,C:\MyProjects\Project-Proposal\PrivateCoach\Project-EchoesofEquity\data/melspec\2024_bym_n17.npy,2024,black,younger,male,neutral,17,,1.786458333,144.638042,85.59224737,
C:\MyProjects\Project-Proposal\PrivateCoach\Project-EchoesofEquity\data/wav\2024_bym_n18.wav,C:\MyProjects\Project-Proposal\PrivateCoach\Project-EchoesofEquity\data/melspec\2024_bym_n18.npy,2024,black,younger,male,neutral,18,,1.974854167,127.8144737,50.50864372,
C:\MyProjects\Project-Proposal\PrivateCoach\Project-EchoesofEquity\data/wav\2024_bym_n19.wav,C:\MyProjects\Project-Proposal\PrivateCoach\Project-EchoesofEquity\data/melspec\2024_bym_n19.npy,2024,black,younger,male,neutral,19,,2.237979167,124.9718757,11.97780824,
C:\MyProjects\Project-Proposal\PrivateCoach\Project-EchoesofEquity\data/wav\2024_bym_n20.wav,C:\MyProjects\Project-Proposal\PrivateCoach\Project-EchoesofEquity\data/melspec\2024_bym_n20.npy,2024,black,younger,male,neutral,20,,2.587020833,129.2579642,32.28175056,
C:\MyProjects\Project-Proposal\PrivateCoach\Project-EchoesofEquity\data/wav\2024_bym_t01.wav,C:\MyProjects\Project-Proposal\PrivateCoach\Project-EchoesofEquity\data/melspec\2024_bym_t01.npy,2024,black,younger,male,trustworthy,1,,1.493854167,143.9790993,39.34781087,
C:\MyProjects\Project-Proposal\PrivateCoach\Project-EchoesofEquity\data/wav\2024_bym_t02.wav,C:\MyProjects\Project-Proposal\PrivateCoach\Project-EchoesofEquity\data/melspec\2024_bym_t02.npy,2024,black,younger,male,trustworthy,2,,1.514395833,122.1746629,10.01058966,
C:\MyProjects\Project-Proposal\PrivateCoach\Project-EchoesofEquity\data/wav\2024_bym_t17.wav,C:\MyProjects\Project-Proposal\PrivateCoach\Project-EchoesofEquity\data/melspec\2024_bym_t17.npy,2024,black,younger,male,trustworthy,17,,2.0460625,142.4278544,20.97415904,
C:\MyProjects\Project-Proposal\PrivateCoach\Project-EchoesofEquity\data/wav\2024_bym_t18.wav,C:\MyProjects\Project-Proposal\PrivateCoach\Project-EchoesofEquity\data/melspec\2024_bym_t18.npy,2024,black,younger,male,trustworthy,18,,2.373104167,135.8035158,34.21457775,
C:\MyProjects\Project-Proposal\PrivateCoach\Project-EchoesofEquity\data/wav\2024_bym_t19.wav,C:\MyProjects\Project-Proposal\PrivateCoach\Project-EchoesofEquity\data/melspec\2024_bym_t19.npy,2024,black,younger,male,trustworthy,19,,2.200479167,134.7660231,48.68387592,
C:\MyProjects\Project-Proposal\PrivateCoach\Project-EchoesofEquity\data/wav\2024_bym_t20.wav,C:\MyProjects\Project-Proposal\PrivateCoach\Project-EchoesofEquity\data/melspec\2024_bym_t20.npy,2024,black,younger,male,trustworthy,20,,1.844541667,137.2679686,44.70495016,
C:\MyProjects\Project-Proposal\PrivateCoach\Project-EchoesofEquity\data/wav\2025_aym_n13c.wav,C:\MyProjects\Project-Proposal\PrivateCoach\Project-EchoesofEquity\data/melspec\2025_aym_n13c.npy,2025,south_asian,younger,male,neutral,13,c,1.433125,102.1425655,54.80947724,
C:\MyProjects\Project-Proposal\PrivateCoach\Project-EchoesofEquity\data/wav\2025_aym_n14c.wav,C:\MyProjects\Project-Proposal\PrivateCoach\Project-EchoesofEquity\data/melspec\2025_aym_n14c.npy,2025,south_asian,younger,male,neutral,14,c,1.417333333,115.5237547,76.99738581,
C:\MyProjects\Project-Proposal\PrivateCoach\Project-EchoesofEquity\data/wav\2025_aym_n15.wav,C:\MyProjects\Project-Proposal\PrivateCoach\Project-EchoesofEquity\data/melspec\2025_aym_n15.npy,2025,south_asian,younger,male,neutral,15,,1.173375,127.7063699,105.7629186,
C:\MyProjects\Project-Proposal\PrivateCoach\Project-EchoesofEquity\data/wav\2025_aym_n16c.wav,C:\MyProjects\Project-Proposal\PrivateCoach\Project-EchoesofEquity\data/melspec\2025_aym_n16c.npy,2025,south_asian,younger,male,neutral,16,c,1.252916667,125.7211943,92.62269446,
C:\MyProjects\Project-Proposal\PrivateCoach\Project-EchoesofEquity\data/wav\2025_aym_n17.wav,C:\MyProjects\Project-Proposal\PrivateCoach\Project-EchoesofEquity\data/melspec\2025_aym_n17.npy,2025,south_asian,younger,male,neutral,17,,1.343875,133.5859933,110.8067173,
C:\MyProjects\Project-Proposal\PrivateCoach\Project-EchoesofEquity\data/wav\2025_aym_n18.wav,C:\MyProjects\Project-Proposal\PrivateCoach\Project-EchoesofEquity\data/melspec\2025_aym_n18.npy,2025,south_asian,younger,male,neutral,18,,1.301770833,135.1092661,98.08712288,
C:\MyProjects\Project-Proposal\PrivateCoach\Project-EchoesofEquity\data/wav\2025_aym_t13.wav,C:\MyProjects\Project-Proposal\PrivateCoach\Project-EchoesofEquity\data/melspec\2025_aym_t13.npy,2025,south_asian,younger,male,trustworthy,13,,1.258770833,118.1864154,16.91537493,
C:\MyProjects\Project-Proposal\PrivateCoach\Project-EchoesofEquity\data/wav\2025_aym_t14c.wav,C:\MyProjects\Project-Proposal\PrivateCoach\Project-EchoesofEquity\data/melspec\2025_aym_t14c.npy,2025,south_asian,younger,male,trustworthy,14,c,1.1836875,144.5118235,17.26383792,
C:\MyProjects\Project-Proposal\PrivateCoach\Project-EchoesofEquity\data/wav\2025_aym_t15.wav,C:\MyProjects\Project-Proposal\PrivateCoach\Project-EchoesofEquity\data/melspec\2025_aym_t15.npy,2025,south_asian,younger,male,trustworthy,15,,1.333979167,163.0357959,91.14878548,
C:\MyProjects\Project-Proposal\PrivateCoach\Project-EchoesofEquity\data/wav\2025_aym_t16.wav,C:\MyProjects\Project-Proposal\PrivateCoach\Project-EchoesofEquity\data/melspec\2025_aym_t16.npy,2025,south_asian,younger,male,trustworthy,16,,1.289458333,225.3962717,120.4565585,
C:\MyProjects\Project-Proposal\PrivateCoach\Project-EchoesofEquity\data/wav\2025_aym_t17.wav,C:\MyProjects\Project-Proposal\PrivateCoach\Project-EchoesofEquity\data/melspec\2025_aym_t17.npy,2025,south_asian,younger,male,trustworthy,17,,1.214208333,145.1923109,41.87635028,
C:\MyProjects\Project-Proposal\PrivateCoach\Project-EchoesofEquity\data/wav\2025_aym_t18.wav,C:\MyProjects\Project-Proposal\PrivateCoach\Project-EchoesofEquity\data/melspec\2025_aym_t18.npy,2025,south_asian,younger,male,trustworthy,18,,1.3649375,114.0878699,68.17576385,
C:\MyProjects\Project-Proposal\PrivateCoach\Project-EchoesofEquity\data/wav\2026_ayf_n13.wav,C:\MyProjects\Project-Proposal\PrivateCoach\Project-EchoesofEquity\data/melspec\2026_ayf_n13.npy,2026,south_asian,younger,female,neutral,13,,1.6479375,200.4528525,34.84107004,
C:\MyProjects\Project-Proposal\PrivateCoach\Project-EchoesofEquity\data/wav\2026_ayf_n14.wav,C:\MyProjects\Project-Proposal\PrivateCoach\Project-EchoesofEquity\data/melspec\2026_ayf_n14.npy,2026,south_asian,younger,female,neutral,14,,2.082625,222.8639958,75.82957116,
C:\MyProjects\Project-Proposal\PrivateCoach\Project-EchoesofEquity\data/wav\2026_ayf_n15.wav,C:\MyProjects\Project-Proposal\PrivateCoach\Project-EchoesofEquity\data/melspec\2026_ayf_n15.npy,2026,south_asian,younger,female,neutral,15,,1.7304375,194.0841387,39.3559898,
C:\MyProjects\Project-Proposal\PrivateCoach\Project-EchoesofEquity\data/wav\2026_ayf_n16c.wav,C:\MyProjects\Project-Proposal\PrivateCoach\Project-EchoesofEquity\data/melspec\2026_ayf_n16c.npy,2026,south_asian,younger,female,neutral,16,c,1.771645833,189.8935037,41.12925146,
C:\MyProjects\Project-Proposal\PrivateCoach\Project-EchoesofEquity\data/wav\2026_ayf_n17c.wav,C:\MyProjects\Project-Proposal\PrivateCoach\Project-EchoesofEquity\data/melspec\2026_ayf_n17c.npy,2026,south_asian,younger,female,neutral,17,c,1.5656875,197.6261408,49.33810615,
C:\MyProjects\Project-Proposal\PrivateCoach\Project-EchoesofEquity\data/wav\2026_ayf_n18c.wav,C:\MyProjects\Project-Proposal\PrivateCoach\Project-EchoesofEquity\data/melspec\2026_ayf_n18c.npy,2026,south_asian,younger,female,neutral,18,c,1.7545,159.6954397,47.70580895,
C:\MyProjects\Project-Proposal\PrivateCoach\Project-EchoesofEquity\data/wav\2026_ayf_t13c.wav,C:\MyProjects\Project-Proposal\PrivateCoach\Project-EchoesofEquity\data/melspec\2026_ayf_t13c.npy,2026,south_asian,younger,female,trustworthy,13,c,1.3919375,209.6711466,57.71435753,
C:\MyProjects\Project-Proposal\PrivateCoach\Project-EchoesofEquity\data/wav\2026_ayf_t14.wav,C:\MyProjects\Project-Proposal\PrivateCoach\Project-EchoesofEquity\data/melspec\2026_ayf_t14.npy,2026,south_asian,younger,female,trustworthy,14,,1.3404375,182.2543344,68.96423289,
C:\MyProjects\Project-Proposal\PrivateCoach\Project-EchoesofEquity\data/wav\2026_ayf_t15c.wav,C:\MyProjects\Project-Proposal\PrivateCoach\Project-EchoesofEquity\data/melspec\2026_ayf_t15c.npy,2026,south_asian,younger,female,trustworthy,15,c,1.075354167,231.6497992,66.64260434,
C:\MyProjects\Project-Proposal\PrivateCoach\Project-EchoesofEquity\data/wav\2026_ayf_t16.wav,C:\MyProjects\Project-Proposal\PrivateCoach\Project-EchoesofEquity\data/melspec\2026_ayf_t16.npy,2026,south_asian,younger,female,trustworthy,16,,1.793145833,276.318238,58.36061367,
C:\MyProjects\Project-Proposal\PrivateCoach\Project-EchoesofEquity\data/wav\2026_ayf_t17c.wav,C:\MyProjects\Project-Proposal\PrivateCoach\Project-EchoesofEquity\data/melspec\2026_ayf_t17c.npy,2026,south_asian,younger,female,trustworthy,17,c,1.330270833,193.1511848,71.72251634,
C:\MyProjects\Project-Proposal\PrivateCoach\Project-EchoesofEquity\data/wav\2026_ayf_t18c.wav,C:\MyProjects\Project-Proposal\PrivateCoach\Project-EchoesofEquity\data/melspec\2026_ayf_t18c.npy,2026,south_asian,younger,female,trustworthy,18,c,1.503125,225.5640206,78.08120658,
C:\MyProjects\Project-Proposal\PrivateCoach\Project-EchoesofEquity\data/wav\2029_ayf_n15.wav,C:\MyProjects\Project-Proposal\PrivateCoach\Project-EchoesofEquity\data/melspec\2029_ayf_n15.npy,2029,south_asian,younger,female,neutral,15,,1.111666667,181.6379806,34.06092813,
C:\MyProjects\Project-Proposal\PrivateCoach\Project-EchoesofEquity\data/wav\2029_ayf_n16.wav,C:\MyProjects\Project-Proposal\PrivateCoach\Project-EchoesofEquity\data/melspec\2029_ayf_n16.npy,2029,south_asian,younger,female,neutral,16,,1.2129375,164.97776,26.92128619,
C:\MyProjects\Project-Proposal\PrivateCoach\Project-EchoesofEquity\data/wav\2029_ayf_n17.wav,C:\MyProjects\Project-Proposal\PrivateCoach\Project-EchoesofEquity\data/melspec\2029_ayf_n17.npy,2029,south_asian,younger,female,neutral,17,,1.396875,171.0376325,28.4619297,
C:\MyProjects\Project-Proposal\PrivateCoach\Project-EchoesofEquity\data/wav\2029_ayf_n18.wav,C:\MyProjects\Project-Proposal\PrivateCoach\Project-EchoesofEquity\data/melspec\2029_ayf_n18.npy,2029,south_asian,younger,female,neutral,18,,1.497583333,168.5335147,32.45349149,
C:\MyProjects\Project-Proposal\PrivateCoach\Project-EchoesofEquity\data/wav\2029_ayf_n19.wav,C:\MyProjects\Project-Proposal\PrivateCoach\Project-EchoesofEquity\data/melspec\2029_ayf_n19.npy,2029,south_asian,younger,female,neutral,19,,1.4510625,173.8618646,56.03938946,
C:\MyProjects\Project-Proposal\PrivateCoach\Project-EchoesofEquity\data/wav\2029_ayf_n20.wav,C:\MyProjects\Project-Proposal\PrivateCoach\Project-EchoesofEquity\data/melspec\2029_ayf_n20.npy,2029,south_asian,younger,female,neutral,20,,1.571416667,177.0578505,66.34897835,
C:\MyProjects\Project-Proposal\PrivateCoach\Project-EchoesofEquity\data/wav\2029_ayf_t15.wav,C:\MyProjects\Project-Proposal\PrivateCoach\Project-EchoesofEquity\data/melspec\2029_ayf_t15.npy,2029,south_asian,younger,female,trustworthy,15,,1.0681875,214.4348624,45.96980708,
C:\MyProjects\Project-Proposal\PrivateCoach\Project-EchoesofEquity\data/wav\2029_ayf_t16.wav,C:\MyProjects\Project-Proposal\PrivateCoach\Project-EchoesofEquity\data/melspec\2029_ayf_t16.npy,2029,south_asian,younger,female,trustworthy,16,,1.280520833,192.4783032,39.08687649,
C:\MyProjects\Project-Proposal\PrivateCoach\Project-EchoesofEquity\data/wav\2029_ayf_t17.wav,C:\MyProjects\Project-Proposal\PrivateCoach\Project-EchoesofEquity\data/melspec\2029_ayf_t17.npy,2029,south_asian,younger,female,trustworthy,17,,1.181583333,216.6802878,56.92960443,
C:\MyProjects\Project-Proposal\PrivateCoach\Project-EchoesofEquity\data/wav\2029_ayf_t18.wav,C:\MyProjects\Project-Proposal\PrivateCoach\Project-EchoesofEquity\data/melspec\2029_ayf_t18.npy,2029,south_asian,younger,female,trustworthy,18,,1.375333333,200.0925755,37.98679021,
C:\MyProjects\Project-Proposal\PrivateCoach\Project-EchoesofEquity\data/wav\2029_ayf_t19.wav,C:\MyProjects\Project-Proposal\PrivateCoach\Project-EchoesofEquity\data/melspec\2029_ayf_t19.npy,2029,south_asian,younger,female,trustworthy,19,,1.483333333,239.0501052,64.98159361,
C:\MyProjects\Project-Proposal\PrivateCoach\Project-EchoesofEquity\data/wav\2029_ayf_t20.wav,C:\MyProjects\Project-Proposal\PrivateCoach\Project-EchoesofEquity\data/melspec\2029_ayf_t20.npy,2029,south_asian,younger,female,trustworthy,20,,1.445770833,194.9448355,28.42470205,
C:\MyProjects\Project-Proposal\PrivateCoach\Project-EchoesofEquity\data/wav\2030_aym_n15.wav,C:\MyProjects\Project-Proposal\PrivateCoach\Project-EchoesofEquity\data/melspec\2030_aym_n15.npy,2030,south_asian,younger,male,neutral,15,,1.685958333,133.6629914,54.95207077,
C:\MyProjects\Project-Proposal\PrivateCoach\Project-EchoesofEquity\data/wav\2030_aym_n16c.wav,C:\MyProjects\Project-Proposal\PrivateCoach\Project-EchoesofEquity\data/melspec\2030_aym_n16c.npy,2030,south_asian,younger,male,neutral,16,c,1.507791667,128.0816584,25.19818788,
C:\MyProjects\Project-Proposal\PrivateCoach\Project-EchoesofEquity\data/wav\2030_aym_n17.wav,C:\MyProjects\Project-Proposal\PrivateCoach\Project-EchoesofEquity\data/melspec\2030_aym_n17.npy,2030,south_asian,younger,male,neutral,17,,1.793520833,130.7748663,49.51187889,
C:\MyProjects\Project-Proposal\PrivateCoach\Project-EchoesofEquity\data/wav\2030_aym_n18c.wav,C:\MyProjects\Project-Proposal\PrivateCoach\Project-EchoesofEquity\data/melspec\2030_aym_n18c.npy,2030,south_asian,younger,male,neutral,18,c,1.685145833,119.7583909,3.784728628,
C:\MyProjects\Project-Proposal\PrivateCoach\Project-EchoesofEquity\data/wav\2030_aym_n19c.wav,C:\MyProjects\Project-Proposal\PrivateCoach\Project-EchoesofEquity\data/melspec\2030_aym_n19c.npy,2030,south_asian,younger,male,neutral,19,c,1.8985,134.9452169,69.27933596,
C:\MyProjects\Project-Proposal\PrivateCoach\Project-EchoesofEquity\data/wav\2030_aym_n20c.wav,C:\MyProjects\Project-Proposal\PrivateCoach\Project-EchoesofEquity\data/melspec\2030_aym_n20c.npy,2030,south_asian,younger,male,neutral,20,c,1.737479167,115.8888525,18.47056046,
C:\MyProjects\Project-Proposal\PrivateCoach\Project-EchoesofEquity\data/wav\2030_aym_t15.wav,C:\MyProjects\Project-Proposal\PrivateCoach\Project-EchoesofEquity\data/melspec\2030_aym_t15.npy,2030,south_asian,younger,male,trustworthy,15,,1.604625,123.252626,12.43636538,
C:\MyProjects\Project-Proposal\PrivateCoach\Project-EchoesofEquity\data/wav\2030_aym_t16.wav,C:\MyProjects\Project-Proposal\PrivateCoach\Project-EchoesofEquity\data/melspec\2030_aym_t16.npy,2030,south_asian,younger,male,trustworthy,16,,1.623854167,148.7928236,66.09062599,
C:\MyProjects\Project-Proposal\PrivateCoach\Project-EchoesofEquity\data/wav\2030_aym_t17.wav,C:\MyProjects\Project-Proposal\PrivateCoach\Project-EchoesofEquity\data/melspec\2030_aym_t17.npy,2030,south_asian,younger,male,trustworthy,17,,1.4306875,145.2368015,95.6933031,
C:\MyProjects\Project-Proposal\PrivateCoach\Project-EchoesofEquity\data/wav\2030_aym_t18.wav,C:\MyProjects\Project-Proposal\PrivateCoach\Project-EchoesofEquity\data/melspec\2030_aym_t18.npy,2030,south_asian,younger,male,trustworthy,18,,1.618145833,130.7389198,13.18464255,
C:\MyProjects\Project-Proposal\PrivateCoach\Project-EchoesofEquity\data/wav\2030_aym_t19.wav,C:\MyProjects\Project-Proposal\PrivateCoach\Project-EchoesofEquity\data/melspec\2030_aym_t19.npy,2030,south_asian,younger,male,trustworthy,19,,1.933354167,114.7152816,20.04303513,
C:\MyProjects\Project-Proposal\PrivateCoach\Project-EchoesofEquity\data/wav\2030_aym_t20c.wav,C:\MyProjects\Project-Proposal\PrivateCoach\Project-EchoesofEquity\data/melspec\2030_aym_t20c.npy,2030,south_asian,younger,male,trustworthy,20,c,1.777895833,124.3557761,69.90220102,
C:\MyProjects\Project-Proposal\PrivateCoach\Project-EchoesofEquity\data/wav\2034_aym_n01.wav,C:\MyProjects\Project-Proposal\PrivateCoach\Project-EchoesofEquity\data/melspec\2034_aym_n01.npy,2034,south_asian,younger,male,neutral,1,,1.480625,131.1147425,36.91985065,
C:\MyProjects\Project-Proposal\PrivateCoach\Project-EchoesofEquity\data/wav\2034_aym_n02c.wav,C:\MyProjects\Project-Proposal\PrivateCoach\Project-EchoesofEquity\data/melspec\2034_aym_n02c.npy,2034,south_asian,younger,male,neutral,2,c,1.7055,133.2199497,5.936311545,
C:\MyProjects\Project-Proposal\PrivateCoach\Project-EchoesofEquity\data/wav\2034_aym_n17.wav,C:\MyProjects\Project-Proposal\PrivateCoach\Project-EchoesofEquity\data/melspec\2034_aym_n17.npy,2034,south_asian,younger,male,neutral,17,,1.432375,135.1201262,10.36882274,
C:\MyProjects\Project-Proposal\PrivateCoach\Project-EchoesofEquity\data/wav\2034_aym_n18.wav,C:\MyProjects\Project-Proposal\PrivateCoach\Project-EchoesofEquity\data/melspec\2034_aym_n18.npy,2034,south_asian,younger,male,neutral,18,,1.653520833,141.3224777,17.24507053,
C:\MyProjects\Project-Proposal\PrivateCoach\Project-EchoesofEquity\data/wav\2034_aym_n19.wav,C:\MyProjects\Project-Proposal\PrivateCoach\Project-EchoesofEquity\data/melspec\2034_aym_n19.npy,2034,south_asian,younger,male,neutral,19,,2.0621875,127.8582803,15.49800304,
C:\MyProjects\Project-Proposal\PrivateCoach\Project-EchoesofEquity\data/wav\2034_aym_n20.wav,C:\MyProjects\Project-Proposal\PrivateCoach\Project-EchoesofEquity\data/melspec\2034_aym_n20.npy,2034,south_asian,younger,male,neutral,20,,1.736833333,131.8383733,23.80158992,
C:\MyProjects\Project-Proposal\PrivateCoach\Project-EchoesofEquity\data/wav\2034_aym_t01c.wav,C:\MyProjects\Project-Proposal\PrivateCoach\Project-EchoesofEquity\data/melspec\2034_aym_t01c.npy,2034,south_asian,younger,male,trustworthy,1,c,1.352791667,139.8587625,16.42745231,
C:\MyProjects\Project-Proposal\PrivateCoach\Project-EchoesofEquity\data/wav\2034_aym_t02.wav,C:\MyProjects\Project-Proposal\PrivateCoach\Project-EchoesofEquity\data/melspec\2034_aym_t02.npy,2034,south_asian,younger,male,trustworthy,2,,1.471541667,136.5348181,25.13398692,
C:\MyProjects\Project-Proposal\PrivateCoach\Project-EchoesofEquity\data/wav\2034_aym_t17.wav,C:\MyProjects\Project-Proposal\PrivateCoach\Project-EchoesofEquity\data/melspec\2034_aym_t17.npy,2034,south_asian,younger,male,trustworthy,17,,1.412104167,136.4369079,23.32199425,
C:\MyProjects\Project-Proposal\PrivateCoach\Project-EchoesofEquity\data/wav\2034_aym_t18.wav,C:\MyProjects\Project-Proposal\PrivateCoach\Project-EchoesofEquity\data/melspec\2034_aym_t18.npy,2034,south_asian,younger,male,trustworthy,18,,1.4655,123.3461062,10.40136067,
C:\MyProjects\Project-Proposal\PrivateCoach\Project-EchoesofEquity\data/wav\2034_aym_t19c.wav,C:\MyProjects\Project-Proposal\PrivateCoach\Project-EchoesofEquity\data/melspec\2034_aym_t19c.npy,2034,south_asian,younger,male,trustworthy,19,c,1.6949375,159.3586516,50.23111426,
C:\MyProjects\Project-Proposal\PrivateCoach\Project-EchoesofEquity\data/wav\2034_aym_t20.wav,C:\MyProjects\Project-Proposal\PrivateCoach\Project-EchoesofEquity\data/melspec\2034_aym_t20.npy,2034,south_asian,younger,male,trustworthy,20,,1.568583333,147.4545974,70.25417567,
C:\MyProjects\Project-Proposal\PrivateCoach\Project-EchoesofEquity\data/wav\2035_ayf_n01c.wav,C:\MyProjects\Project-Proposal\PrivateCoach\Project-EchoesofEquity\data/melspec\2035_ayf_n01c.npy,2035,south_asian,younger,female,neutral,1,c,2.122979167,210.7268704,66.33731622,
C:\MyProjects\Project-Proposal\PrivateCoach\Project-EchoesofEquity\data/wav\2035_ayf_n02c.wav,C:\MyProjects\Project-Proposal\PrivateCoach\Project-EchoesofEquity\data/melspec\2035_ayf_n02c.npy,2035,south_asian,younger,female,neutral,2,c,1.959541667,204.6758747,20.36687179,
C:\MyProjects\Project-Proposal\PrivateCoach\Project-EchoesofEquity\data/wav\2035_ayf_n17c.wav,C:\MyProjects\Project-Proposal\PrivateCoach\Project-EchoesofEquity\data/melspec\2035_ayf_n17c.npy,2035,south_asian,younger,female,neutral,17,c,1.565145833,190.4221614,49.11052412,
C:\MyProjects\Project-Proposal\PrivateCoach\Project-EchoesofEquity\data/wav\2035_ayf_n18c.wav,C:\MyProjects\Project-Proposal\PrivateCoach\Project-EchoesofEquity\data/melspec\2035_ayf_n18c.npy,2035,south_asian,younger,female,neutral,18,c,1.814125,191.9050519,44.52066294,
C:\MyProjects\Project-Proposal\PrivateCoach\Project-EchoesofEquity\data/wav\2035_ayf_n19c.wav,C:\MyProjects\Project-Proposal\PrivateCoach\Project-EchoesofEquity\data/melspec\2035_ayf_n19c.npy,2035,south_asian,younger,female,neutral,19,c,1.93325,214.1616393,49.95145939,
C:\MyProjects\Project-Proposal\PrivateCoach\Project-EchoesofEquity\data/wav\2035_ayf_n20c.wav,C:\MyProjects\Project-Proposal\PrivateCoach\Project-EchoesofEquity\data/melspec\2035_ayf_n20c.npy,2035,south_asian,younger,female,neutral,20,c,2.078145833,211.3078426,40.99966307,
C:\MyProjects\Project-Proposal\PrivateCoach\Project-EchoesofEquity\data/wav\2035_ayf_t01.wav,C:\MyProjects\Project-Proposal\PrivateCoach\Project-EchoesofEquity\data/melspec\2035_ayf_t01.npy,2035,south_asian,younger,female,trustworthy,1,,1.6119375,257.0496116,57.48260359,
C:\MyProjects\Project-Proposal\PrivateCoach\Project-EchoesofEquity\data/wav\2035_ayf_t02.wav,C:\MyProjects\Project-Proposal\PrivateCoach\Project-EchoesofEquity\data/melspec\2035_ayf_t02.npy,2035,south_asian,younger,female,trustworthy,2,,1.341979167,307.1320958,41.59757379,
C:\MyProjects\Project-Proposal\PrivateCoach\Project-EchoesofEquity\data/wav\2035_ayf_t17.wav,C:\MyProjects\Project-Proposal\PrivateCoach\Project-EchoesofEquity\data/melspec\2035_ayf_t17.npy,2035,south_asian,younger,female,trustworthy,17,,1.49075,254.8909262,73.82305628,
C:\MyProjects\Project-Proposal\PrivateCoach\Project-EchoesofEquity\data/wav\2035_ayf_t18.wav,C:\MyProjects\Project-Proposal\PrivateCoach\Project-EchoesofEquity\data/melspec\2035_ayf_t18.npy,2035,south_asian,younger,female,trustworthy,18,,1.6149375,259.7115594,83.1054784,
C:\MyProjects\Project-Proposal\PrivateCoach\Project-EchoesofEquity\data/wav\2035_ayf_t19.wav,C:\MyProjects\Project-Proposal\PrivateCoach\Project-EchoesofEquity\data/melspec\2035_ayf_t19.npy,2035,south_asian,younger,female,trustworthy,19,,1.6449375,282.6148609,57.92958447,
C:\MyProjects\Project-Proposal\PrivateCoach\Project-EchoesofEquity\data/wav\2035_ayf_t20.wav,C:\MyProjects\Project-Proposal\PrivateCoach\Project-EchoesofEquity\data/melspec\2035_ayf_t20.npy,2035,south_asian,younger,female,trustworthy,20,,1.713520833,234.4213327,53.3494753,
C:\MyProjects\Project-Proposal\PrivateCoach\Project-EchoesofEquity\data/wav\2037_byf_n15c.wav,C:\MyProjects\Project-Proposal\PrivateCoach\Project-EchoesofEquity\data/melspec\2037_byf_n15c.npy,2037,black,younger,female,neutral,15,c,1.824770833,191.8954843,54.04128346,
C:\MyProjects\Project-Proposal\PrivateCoach\Project-EchoesofEquity\data/wav\2037_byf_n16c.wav,C:\MyProjects\Project-Proposal\PrivateCoach\Project-EchoesofEquity\data/melspec\2037_byf_n16c.npy,2037,black,younger,female,neutral,16,c,1.564708333,188.5346717,62.20596278,
C:\MyProjects\Project-Proposal\PrivateCoach\Project-EchoesofEquity\data/wav\2037_byf_n17c.wav,C:\MyProjects\Project-Proposal\PrivateCoach\Project-EchoesofEquity\data/melspec\2037_byf_n17c.npy,2037,black,younger,female,neutral,17,c,1.584708333,174.0306288,6.971770397,
C:\MyProjects\Project-Proposal\PrivateCoach\Project-EchoesofEquity\data/wav\2037_byf_n18.wav,C:\MyProjects\Project-Proposal\PrivateCoach\Project-EchoesofEquity\data/melspec\2037_byf_n18.npy,2037,black,younger,female,neutral,18,,1.531645833,166.861925,64.98545158,
C:\MyProjects\Project-Proposal\PrivateCoach\Project-EchoesofEquity\data/wav\2037_byf_n19c.wav,C:\MyProjects\Project-Proposal\PrivateCoach\Project-EchoesofEquity\data/melspec\2037_byf_n19c.npy,2037,black,younger,female,neutral,19,c,1.457895833,173.4338603,117.9045356,
C:\MyProjects\Project-Proposal\PrivateCoach\Project-EchoesofEquity\data/wav\2037_byf_n20.wav,C:\MyProjects\Project-Proposal\PrivateCoach\Project-EchoesofEquity\data/melspec\2037_byf_n20.npy,2037,black,younger,female,neutral,20,,1.643229167,155.1079676,101.0245592,
C:\MyProjects\Project-Proposal\PrivateCoach\Project-EchoesofEquity\data/wav\2037_byf_t15.wav,C:\MyProjects\Project-Proposal\PrivateCoach\Project-EchoesofEquity\data/melspec\2037_byf_t15.npy,2037,black,younger,female,trustworthy,15,,1.349375,195.1646085,32.46780893,
C:\MyProjects\Project-Proposal\PrivateCoach\Project-EchoesofEquity\data/wav\2037_byf_t16.wav,C:\MyProjects\Project-Proposal\PrivateCoach\Project-EchoesofEquity\data/melspec\2037_byf_t16.npy,2037,black,younger,female,trustworthy,16,,1.6186875,203.6716198,34.39937476,
C:\MyProjects\Project-Proposal\PrivateCoach\Project-EchoesofEquity\data/wav\2037_byf_t17c.wav,C:\MyProjects\Project-Proposal\PrivateCoach\Project-EchoesofEquity\data/melspec\2037_byf_t17c.npy,2037,black,younger,female,trustworthy,17,c,1.394479167,201.7757235,32.15662227,
C:\MyProjects\Project-Proposal\PrivateCoach\Project-EchoesofEquity\data/wav\2037_byf_t18.wav,C:\MyProjects\Project-Proposal\PrivateCoach\Project-EchoesofEquity\data/melspec\2037_byf_t18.npy,2037,black,younger,female,trustworthy,18,,1.621708333,193.5395528,66.68708206,
C:\MyProjects\Project-Proposal\PrivateCoach\Project-EchoesofEquity\data/wav\2037_byf_t19.wav,C:\MyProjects\Project-Proposal\PrivateCoach\Project-EchoesofEquity\data/melspec\2037_byf_t19.npy,2037,black,younger,female,trustworthy,19,,1.626375,198.5646771,28.1853985,
C:\MyProjects\Project-Proposal\PrivateCoach\Project-EchoesofEquity\data/wav\2037_byf_t20.wav,C:\MyProjects\Project-Proposal\PrivateCoach\Project-EchoesofEquity\data/melspec\2037_byf_t20.npy,2037,black,younger,female,trustworthy,20,,1.635770833,192.1848025,27.34261537,
C:\MyProjects\Project-Proposal\PrivateCoach\Project-EchoesofEquity\data/wav\2041_byf_n01c.wav,C:\MyProjects\Project-Proposal\PrivateCoach\Project-EchoesofEquity\data/melspec\2041_byf_n01c.npy,2041,black,younger,female,neutral,1,c,1.356,214.313105,12.14942718,
C:\MyProjects\Project-Proposal\PrivateCoach\Project-EchoesofEquity\data/wav\2041_byf_n02.wav,C:\MyProjects\Project-Proposal\PrivateCoach\Project-EchoesofEquity\data/melspec\2041_byf_n02.npy,2041,black,younger,female,neutral,2,,1.414625,211.4269925,14.63902352,
C:\MyProjects\Project-Proposal\PrivateCoach\Project-EchoesofEquity\data/wav\2041_byf_n03c.wav,C:\MyProjects\Project-Proposal\PrivateCoach\Project-EchoesofEquity\data/melspec\2041_byf_n03c.npy,2041,black,younger,female,neutral,3,c,1.223791667,209.8932204,35.23412576,
C:\MyProjects\Project-Proposal\PrivateCoach\Project-EchoesofEquity\data/wav\2041_byf_n04.wav,C:\MyProjects\Project-Proposal\PrivateCoach\Project-EchoesofEquity\data/melspec\2041_byf_n04.npy,2041,black,younger,female,neutral,4,,0.98525,193.7053095,28.55887648,
C:\MyProjects\Project-Proposal\PrivateCoach\Project-EchoesofEquity\data/wav\2041_byf_n19.wav,C:\MyProjects\Project-Proposal\PrivateCoach\Project-EchoesofEquity\data/melspec\2041_byf_n19.npy,2041,black,younger,female,neutral,19,,1.553770833,248.0005304,43.1570082,
C:\MyProjects\Project-Proposal\PrivateCoach\Project-EchoesofEquity\data/wav\2041_byf_n20.wav,C:\MyProjects\Project-Proposal\PrivateCoach\Project-EchoesofEquity\data/melspec\2041_byf_n20.npy,2041,black,younger,female,neutral,20,,1.475854167,219.9439649,12.08752095,
C:\MyProjects\Project-Proposal\PrivateCoach\Project-EchoesofEquity\data/wav\2041_byf_t01c.wav,C:\MyProjects\Project-Proposal\PrivateCoach\Project-EchoesofEquity\data/melspec\2041_byf_t01c.npy,2041,black,younger,female,trustworthy,1,c,1.52075,219.7625659,43.13422272,
C:\MyProjects\Project-Proposal\PrivateCoach\Project-EchoesofEquity\data/wav\2041_byf_t02.wav,C:\MyProjects\Project-Proposal\PrivateCoach\Project-EchoesofEquity\data/melspec\2041_byf_t02.npy,2041,black,younger,female,trustworthy,2,,1.704666667,229.3569514,52.74536777,
C:\MyProjects\Project-Proposal\PrivateCoach\Project-EchoesofEquity\data/wav\2041_byf_t03c.wav,C:\MyProjects\Project-Proposal\PrivateCoach\Project-EchoesofEquity\data/melspec\2041_byf_t03c.npy,2041,black,younger,female,trustworthy,3,c,2.2318125,238.9957046,41.40291029,
C:\MyProjects\Project-Proposal\PrivateCoach\Project-EchoesofEquity\data/wav\2041_byf_t04.wav,C:\MyProjects\Project-Proposal\PrivateCoach\Project-EchoesofEquity\data/melspec\2041_byf_t04.npy,2041,black,younger,female,trustworthy,4,,1.216020833,227.3651074,51.21272764,
C:\MyProjects\Project-Proposal\PrivateCoach\Project-EchoesofEquity\data/wav\2041_byf_t19c.wav,C:\MyProjects\Project-Proposal\PrivateCoach\Project-EchoesofEquity\data/melspec\2041_byf_t19c.npy,2041,black,younger,female,trustworthy,19,c,2.534854167,250.0827881,45.95419902,
C:\MyProjects\Project-Proposal\PrivateCoach\Project-EchoesofEquity\data/wav\2041_byf_t20c.wav,C:\MyProjects\Project-Proposal\PrivateCoach\Project-EchoesofEquity\data/melspec\2041_byf_t20c.npy,2041,black,younger,female,trustworthy,20,c,1.5178125,252.1142697,37.98269389,
C:\MyProjects\Project-Proposal\PrivateCoach\Project-EchoesofEquity\data/wav\2043_bym_n01.wav,C:\MyProjects\Project-Proposal\PrivateCoach\Project-EchoesofEquity\data/melspec\2043_bym_n01.npy,2043,black,younger,male,neutral,1,,1.700833333,112.4984832,37.52535202,
C:\MyProjects\Project-Proposal\PrivateCoach\Project-EchoesofEquity\data/wav\2043_bym_n02c.wav,C:\MyProjects\Project-Proposal\PrivateCoach\Project-EchoesofEquity\data/melspec\2043_bym_n02c.npy,2043,black,younger,male,neutral,2,c,1.4628125,103.1398379,13.60099391,
C:\MyProjects\Project-Proposal\PrivateCoach\Project-EchoesofEquity\data/wav\2043_bym_n03c.wav,C:\MyProjects\Project-Proposal\PrivateCoach\Project-EchoesofEquity\data/melspec\2043_bym_n03c.npy,2043,black,younger,male,neutral,3,c,2.012666667,97.24276953,9.039728132,
C:\MyProjects\Project-Proposal\PrivateCoach\Project-EchoesofEquity\data/wav\2043_bym_n04c.wav,C:\MyProjects\Project-Proposal\PrivateCoach\Project-EchoesofEquity\data/melspec\2043_bym_n04c.npy,2043,black,younger,male,neutral,4,c,1.705458333,109.7758464,47.6595107,
C:\MyProjects\Project-Proposal\PrivateCoach\Project-EchoesofEquity\data/wav\2043_bym_n19.wav,C:\MyProjects\Project-Proposal\PrivateCoach\Project-EchoesofEquity\data/melspec\2043_bym_n19.npy,2043,black,younger,male,neutral,19,,1.697604167,107.7939939,14.12536872,
C:\MyProjects\Project-Proposal\PrivateCoach\Project-EchoesofEquity\data/wav\2043_bym_n20c.wav,C:\MyProjects\Project-Proposal\PrivateCoach\Project-EchoesofEquity\data/melspec\2043_bym_n20c.npy,2043,black,younger,male,neutral,20,c,1.716333333,110.3869772,8.942310202,
C:\MyProjects\Project-Proposal\PrivateCoach\Project-EchoesofEquity\data/wav\2043_bym_t01.wav,C:\MyProjects\Project-Proposal\PrivateCoach\Project-EchoesofEquity\data/melspec\2043_bym_t01.npy,2043,black,younger,male,trustworthy,1,,1.953583333,110.6200305,21.29243719,
C:\MyProjects\Project-Proposal\PrivateCoach\Project-EchoesofEquity\data/wav\2043_bym_t02c.wav,C:\MyProjects\Project-Proposal\PrivateCoach\Project-EchoesofEquity\data/melspec\2043_bym_t02c.npy,2043,black,younger,male,trustworthy,2,c,2.288041667,118.7704813,74.47607231,
C:\MyProjects\Project-Proposal\PrivateCoach\Project-EchoesofEquity\data/wav\2043_bym_t03.wav,C:\MyProjects\Project-Proposal\PrivateCoach\Project-EchoesofEquity\data/melspec\2043_bym_t03.npy,2043,black,younger,male,trustworthy,3,,2.0603125,115.5290329,39.64424775,
C:\MyProjects\Project-Proposal\PrivateCoach\Project-EchoesofEquity\data/wav\2043_bym_t04.wav,C:\MyProjects\Project-Proposal\PrivateCoach\Project-EchoesofEquity\data/melspec\2043_bym_t04.npy,2043,black,younger,male,trustworthy,4,,1.876145833,108.1382592,21.44965888,
C:\MyProjects\Project-Proposal\PrivateCoach\Project-EchoesofEquity\data/wav\2043_bym_t19.wav,C:\MyProjects\Project-Proposal\PrivateCoach\Project-EchoesofEquity\data/melspec\2043_bym_t19.npy,2043,black,younger,male,trustworthy,19,,2.0105625,137.0537995,57.26840598,
C:\MyProjects\Project-Proposal\PrivateCoach\Project-EchoesofEquity\data/wav\2043_bym_t20.wav,C:\MyProjects\Project-Proposal\PrivateCoach\Project-EchoesofEquity\data/melspec\2043_bym_t20.npy,2043,black,younger,male,trustworthy,20,,1.749145833,117.0025104,17.48488274,
C:\MyProjects\Project-Proposal\PrivateCoach\Project-EchoesofEquity\data/wav\2044_ayf_n01.wav,C:\MyProjects\Project-Proposal\PrivateCoach\Project-EchoesofEquity\data/melspec\2044_ayf_n01.npy,2044,south_asian,younger,female,neutral,1,,1.363270833,211.6685099,12.57985233,
C:\MyProjects\Project-Proposal\PrivateCoach\Project-EchoesofEquity\data/wav\2044_ayf_n02.wav,C:\MyProjects\Project-Proposal\PrivateCoach\Project-EchoesofEquity\data/melspec\2044_ayf_n02.npy,2044,south_asian,younger,female,neutral,2,,1.335666667,203.014507,43.60709218,
C:\MyProjects\Project-Proposal\PrivateCoach\Project-EchoesofEquity\data/wav\2044_ayf_n03.wav,C:\MyProjects\Project-Proposal\PrivateCoach\Project-EchoesofEquity\data/melspec\2044_ayf_n03.npy,2044,south_asian,younger,female,neutral,3,,1.311958333,207.0651712,56.84561399,
C:\MyProjects\Project-Proposal\PrivateCoach\Project-EchoesofEquity\data/wav\2044_ayf_n04.wav,C:\MyProjects\Project-Proposal\PrivateCoach\Project-EchoesofEquity\data/melspec\2044_ayf_n04.npy,2044,south_asian,younger,female,neutral,4,,1.288125,207.7884325,12.33100208,
C:\MyProjects\Project-Proposal\PrivateCoach\Project-EchoesofEquity\data/wav\2044_ayf_n19.wav,C:\MyProjects\Project-Proposal\PrivateCoach\Project-EchoesofEquity\data/melspec\2044_ayf_n19.npy,2044,south_asian,younger,female,neutral,19,,1.435,226.3912662,24.48317217,
C:\MyProjects\Project-Proposal\PrivateCoach\Project-EchoesofEquity\data/wav\2044_ayf_n20.wav,C:\MyProjects\Project-Proposal\PrivateCoach\Project-EchoesofEquity\data/melspec\2044_ayf_n20.npy,2044,south_asian,younger,female,neutral,20,,1.480625,230.105162,36.08575087,
C:\MyProjects\Project-Proposal\PrivateCoach\Project-EchoesofEquity\data/wav\2044_ayf_t01.wav,C:\MyProjects\Project-Proposal\PrivateCoach\Project-EchoesofEquity\data/melspec\2044_ayf_t01.npy,2044,south_asian,younger,female,trustworthy,1,,1.091729167,238.0747703,41.68125085,
C:\MyProjects\Project-Proposal\PrivateCoach\Project-EchoesofEquity\data/wav\2044_ayf_t02.wav,C:\MyProjects\Project-Proposal\PrivateCoach\Project-EchoesofEquity\data/melspec\2044_ayf_t02.npy,2044,south_asian,younger,female,trustworthy,2,,1.3144375,257.0190299,22.82359995,
C:\MyProjects\Project-Proposal\PrivateCoach\Project-EchoesofEquity\data/wav\2044_ayf_t03.wav,C:\MyProjects\Project-Proposal\PrivateCoach\Project-EchoesofEquity\data/melspec\2044_ayf_t03.npy,2044,south_asian,younger,female,trustworthy,3,,1.428708333,248.1745372,34.3698327,
C:\MyProjects\Project-Proposal\PrivateCoach\Project-EchoesofEquity\data/wav\2044_ayf_t04c.wav,C:\MyProjects\Project-Proposal\PrivateCoach\Project-EchoesofEquity\data/melspec\2044_ayf_t04c.npy,2044,south_asian,younger,female,trustworthy,4,c,1.241708333,248.1106786,24.54038895,
C:\MyProjects\Project-Proposal\PrivateCoach\Project-EchoesofEquity\data/wav\2044_ayf_t19.wav,C:\MyProjects\Project-Proposal\PrivateCoach\Project-EchoesofEquity\data/melspec\2044_ayf_t19.npy,2044,south_asian,younger,female,trustworthy,19,,1.5065,258.7104265,24.35617479,
C:\MyProjects\Project-Proposal\PrivateCoach\Project-EchoesofEquity\data/wav\2044_ayf_t20.wav,C:\MyProjects\Project-Proposal\PrivateCoach\Project-EchoesofEquity\data/melspec\2044_ayf_t20.npy,2044,south_asian,younger,female,trustworthy,20,,1.352916667,247.0691646,30.28020852,
C:\MyProjects\Project-Proposal\PrivateCoach\Project-EchoesofEquity\data/wav\2188_aom_n07c.wav,C:\MyProjects\Project-Proposal\PrivateCoach\Project-EchoesofEquity\data/melspec\2188_aom_n07c.npy,2188,south_asian,older,male,neutral,7,c,1.752375,111.9864561,81.24031841,
C:\MyProjects\Project-Proposal\PrivateCoach\Project-EchoesofEquity\data/wav\2188_aom_n08c.wav,C:\MyProjects\Project-Proposal\PrivateCoach\Project-EchoesofEquity\data/melspec\2188_aom_n08c.npy,2188,south_asian,older,male,neutral,8,c,1.739375,95.64782648,46.63798468,
C:\MyProjects\Project-Proposal\PrivateCoach\Project-EchoesofEquity\data/wav\2188_aom_n09.wav,C:\MyProjects\Project-Proposal\PrivateCoach\Project-EchoesofEquity\data/melspec\2188_aom_n09.npy,2188,south_asian,older,male,neutral,9,,1.790708333,133.5201813,112.727432,
C:\MyProjects\Project-Proposal\PrivateCoach\Project-EchoesofEquity\data/wav\2188_aom_n10.wav,C:\MyProjects\Project-Proposal\PrivateCoach\Project-EchoesofEquity\data/melspec\2188_aom_n10.npy,2188,south_asian,older,male,neutral,10,,2.3561875,183.7817846,142.6995572,
C:\MyProjects\Project-Proposal\PrivateCoach\Project-EchoesofEquity\data/wav\2188_aom_n11c.wav,C:\MyProjects\Project-Proposal\PrivateCoach\Project-EchoesofEquity\data/melspec\2188_aom_n11c.npy,2188,south_asian,older,male,neutral,11,c,2.012333333,104.4237135,62.61962031,
C:\MyProjects\Project-Proposal\PrivateCoach\Project-EchoesofEquity\data/wav\2188_aom_n12c.wav,C:\MyProjects\Project-Proposal\PrivateCoach\Project-EchoesofEquity\data/melspec\2188_aom_n12c.npy,2188,south_asian,older,male,neutral,12,c,1.543145833,129.222183,102.4586536,
C:\MyProjects\Project-Proposal\PrivateCoach\Project-EchoesofEquity\data/wav\2188_aom_t07.wav,C:\MyProjects\Project-Proposal\PrivateCoach\Project-EchoesofEquity\data/melspec\2188_aom_t07.npy,2188,south_asian,older,male,trustworthy,7,,1.4779375,125.3550022,30.99759423,
C:\MyProjects\Project-Proposal\PrivateCoach\Project-EchoesofEquity\data/wav\2188_aom_t08.wav,C:\MyProjects\Project-Proposal\PrivateCoach\Project-EchoesofEquity\data/melspec\2188_aom_t08.npy,2188,south_asian,older,male,trustworthy,8,,1.476854167,220.3824646,125.9523221,
C:\MyProjects\Project-Proposal\PrivateCoach\Project-EchoesofEquity\data/wav\2188_aom_t09.wav,C:\MyProjects\Project-Proposal\PrivateCoach\Project-EchoesofEquity\data/melspec\2188_aom_t09.npy,2188,south_asian,older,male,trustworthy,9,,1.625916667,114.263127,29.97454217,
C:\MyProjects\Project-Proposal\PrivateCoach\Project-EchoesofEquity\data/wav\2188_aom_t10.wav,C:\MyProjects\Project-Proposal\PrivateCoach\Project-EchoesofEquity\data/melspec\2188_aom_t10.npy,2188,south_asian,older,male,trustworthy,10,,2.244104167,218.2706807,94.75841196,
C:\MyProjects\Project-Proposal\PrivateCoach\Project-EchoesofEquity\data/wav\2188_aom_t11c.wav,C:\MyProjects\Project-Proposal\PrivateCoach\Project-EchoesofEquity\data/melspec\2188_aom_t11c.npy,2188,south_asian,older,male,trustworthy,11,c,2.061604167,116.9990307,24.33044299,
C:\MyProjects\Project-Proposal\PrivateCoach\Project-EchoesofEquity\data/wav\2188_aom_t12c.wav,C:\MyProjects\Project-Proposal\PrivateCoach\Project-EchoesofEquity\data/melspec\2188_aom_t12c.npy,2188,south_asian,older,male,trustworthy,12,c,1.742,148.8861002,67.25322791,
C:\MyProjects\Project-Proposal\PrivateCoach\Project-EchoesofEquity\data/wav\2213_bom_n07.wav,C:\MyProjects\Project-Proposal\PrivateCoach\Project-EchoesofEquity\data/melspec\2213_bom_n07.npy,2213,black,older,male,neutral,7,,1.620583333,115.4338326,10.20340872,
C:\MyProjects\Project-Proposal\PrivateCoach\Project-EchoesofEquity\data/wav\2213_bom_n08.wav,C:\MyProjects\Project-Proposal\PrivateCoach\Project-EchoesofEquity\data/melspec\2213_bom_n08.npy,2213,black,older,male,neutral,8,,1.649666667,137.1052917,82.74589131,
C:\MyProjects\Project-Proposal\PrivateCoach\Project-EchoesofEquity\data/wav\2213_bom_n09.wav,C:\MyProjects\Project-Proposal\PrivateCoach\Project-EchoesofEquity\data/melspec\2213_bom_n09.npy,2213,black,older,male,neutral,9,,1.6344375,113.1140865,8.985019695,
C:\MyProjects\Project-Proposal\PrivateCoach\Project-EchoesofEquity\data/wav\2213_bom_n10.wav,C:\MyProjects\Project-Proposal\PrivateCoach\Project-EchoesofEquity\data/melspec\2213_bom_n10.npy,2213,black,older,male,neutral,10,,1.863666667,115.6007174,11.43339688,
C:\MyProjects\Project-Proposal\PrivateCoach\Project-EchoesofEquity\data/wav\2213_bom_n11.wav,C:\MyProjects\Project-Proposal\PrivateCoach\Project-EchoesofEquity\data/melspec\2213_bom_n11.npy,2213,black,older,male,neutral,11,,2.085458333,116.6427214,11.69739067,
C:\MyProjects\Project-Proposal\PrivateCoach\Project-EchoesofEquity\data/wav\2213_bom_n12.wav,C:\MyProjects\Project-Proposal\PrivateCoach\Project-EchoesofEquity\data/melspec\2213_bom_n12.npy,2213,black,older,male,neutral,12,,1.434083333,117.4174056,9.213794682,
C:\MyProjects\Project-Proposal\PrivateCoach\Project-EchoesofEquity\data/wav\2213_bom_t07.wav,C:\MyProjects\Project-Proposal\PrivateCoach\Project-EchoesofEquity\data/melspec\2213_bom_t07.npy,2213,black,older,male,trustworthy,7,,1.642666667,107.1698866,11.19873594,
C:\MyProjects\Project-Proposal\PrivateCoach\Project-EchoesofEquity\data/wav\2213_bom_t08.wav,C:\MyProjects\Project-Proposal\PrivateCoach\Project-EchoesofEquity\data/melspec\2213_bom_t08.npy,2213,black,older,male,trustworthy,8,,1.602895833,123.1111847,58.92751409,
C:\MyProjects\Project-Proposal\PrivateCoach\Project-EchoesofEquity\data/wav\2213_bom_t09.wav,C:\MyProjects\Project-Proposal\PrivateCoach\Project-EchoesofEquity\data/melspec\2213_bom_t09.npy,2213,black,older,male,trustworthy,9,,1.660229167,134.567363,93.63332311,
C:\MyProjects\Project-Proposal\PrivateCoach\Project-EchoesofEquity\data/wav\2213_bom_t10.wav,C:\MyProjects\Project-Proposal\PrivateCoach\Project-EchoesofEquity\data/melspec\2213_bom_t10.npy,2213,black,older,male,trustworthy,10,,2.078729167,110.3090743,9.424265555,
C:\MyProjects\Project-Proposal\PrivateCoach\Project-EchoesofEquity\data/wav\2213_bom_t11.wav,C:\MyProjects\Project-Proposal\PrivateCoach\Project-EchoesofEquity\data/melspec\2213_bom_t11.npy,2213,black,older,male,trustworthy,11,,1.804270833,108.8725387,8.703977569,
C:\MyProjects\Project-Proposal\PrivateCoach\Project-EchoesofEquity\data/wav\2213_bom_t12.wav,C:\MyProjects\Project-Proposal\PrivateCoach\Project-EchoesofEquity\data/melspec\2213_bom_t12.npy,2213,black,older,male,trustworthy,12,,1.418395833,110.8964916,11.15895619,
C:\MyProjects\Project-Proposal\PrivateCoach\Project-EchoesofEquity\data/wav\2230_bof_n01.wav,C:\MyProjects\Project-Proposal\PrivateCoach\Project-EchoesofEquity\data/melspec\2230_bof_n01.npy,2230,black,older,female,neutral,1,,2.7924375,143.2960211,30.47560268,
C:\MyProjects\Project-Proposal\PrivateCoach\Project-EchoesofEquity\data/wav\2230_bof_n02c.wav,C:\MyProjects\Project-Proposal\PrivateCoach\Project-EchoesofEquity\data/melspec\2230_bof_n02c.npy,2230,black,older,female,neutral,2,c,2.253416667,145.2330436,22.2749687,
C:\MyProjects\Project-Proposal\PrivateCoach\Project-EchoesofEquity\data/wav\2230_bof_n03c.wav,C:\MyProjects\Project-Proposal\PrivateCoach\Project-EchoesofEquity\data/melspec\2230_bof_n03c.npy,2230,black,older,female,neutral,3,c,3.652395833,139.816416,23.45435957,
C:\MyProjects\Project-Proposal\PrivateCoach\Project-EchoesofEquity\data/wav\2230_bof_n04.wav,C:\MyProjects\Project-Proposal\PrivateCoach\Project-EchoesofEquity\data/melspec\2230_bof_n04.npy,2230,black,older,female,neutral,4,,2.2954375,143.1810923,18.45584878,
C:\MyProjects\Project-Proposal\PrivateCoach\Project-EchoesofEquity\data/wav\2230_bof_n05c.wav,C:\MyProjects\Project-Proposal\PrivateCoach\Project-EchoesofEquity\data/melspec\2230_bof_n05c.npy,2230,black,older,female,neutral,5,c,1.9133125,144.610215,33.71113953,
C:\MyProjects\Project-Proposal\PrivateCoach\Project-EchoesofEquity\data/wav\2230_bof_n06.wav,C:\MyProjects\Project-Proposal\PrivateCoach\Project-EchoesofEquity\data/melspec\2230_bof_n06.npy,2230,black,older,female,neutral,6,,2.047020833,185.1982344,53.68292224,
C:\MyProjects\Project-Proposal\PrivateCoach\Project-EchoesofEquity\data/wav\2230_bof_t01.wav,C:\MyProjects\Project-Proposal\PrivateCoach\Project-EchoesofEquity\data/melspec\2230_bof_t01.npy,2230,black,older,female,trustworthy,1,,2.360208333,161.2051494,35.15528469,
C:\MyProjects\Project-Proposal\PrivateCoach\Project-EchoesofEquity\data/wav\2230_bof_t02c.wav,C:\MyProjects\Project-Proposal\PrivateCoach\Project-EchoesofEquity\data/melspec\2230_bof_t02c.npy,2230,black,older,female,trustworthy,2,c,2.0341875,215.1757085,52.57945212,
C:\MyProjects\Project-Proposal\PrivateCoach\Project-EchoesofEquity\data/wav\2230_bof_t03.wav,C:\MyProjects\Project-Proposal\PrivateCoach\Project-EchoesofEquity\data/melspec\2230_bof_t03.npy,2230,black,older,female,trustworthy,3,,3.322895833,214.7594562,76.40913975,
C:\MyProjects\Project-Proposal\PrivateCoach\Project-EchoesofEquity\data/wav\2230_bof_t04.wav,C:\MyProjects\Project-Proposal\PrivateCoach\Project-EchoesofEquity\data/melspec\2230_bof_t04.npy,2230,black,older,female,trustworthy,4,,1.755416667,212.1263076,57.2212027,
C:\MyProjects\Project-Proposal\PrivateCoach\Project-EchoesofEquity\data/wav\2230_bof_t05c.wav,C:\MyProjects\Project-Proposal\PrivateCoach\Project-EchoesofEquity\data/melspec\2230_bof_t05c.npy,2230,black,older,female,trustworthy,5,c,1.853395833,210.7744532,95.4204933,
C:\MyProjects\Project-Proposal\PrivateCoach\Project-EchoesofEquity\data/wav\2230_bof_t06c.wav,C:\MyProjects\Project-Proposal\PrivateCoach\Project-EchoesofEquity\data/melspec\2230_bof_t06c.npy,2230,black,older,female,trustworthy,6,c,1.7569375,208.4585217,80.88037506,
C:\MyProjects\Project-Proposal\PrivateCoach\Project-EchoesofEquity\data/wav\2233_bom_n05.wav,C:\MyProjects\Project-Proposal\PrivateCoach\Project-EchoesofEquity\data/melspec\2233_bom_n05.npy,2233,black,older,male,neutral,5,,1.524291667,93.09357661,21.38991783,
C:\MyProjects\Project-Proposal\PrivateCoach\Project-EchoesofEquity\data/wav\2233_bom_n06c.wav,C:\MyProjects\Project-Proposal\PrivateCoach\Project-EchoesofEquity\data/melspec\2233_bom_n06c.npy,2233,black,older,male,neutral,6,c,1.274541667,117.8072905,102.5004307,
C:\MyProjects\Project-Proposal\PrivateCoach\Project-EchoesofEquity\data/wav\2233_bom_n07.wav,C:\MyProjects\Project-Proposal\PrivateCoach\Project-EchoesofEquity\data/melspec\2233_bom_n07.npy,2233,black,older,male,neutral,7,,1.3940625,113.8455389,86.45629337,
C:\MyProjects\Project-Proposal\PrivateCoach\Project-EchoesofEquity\data/wav\2233_bom_n08c.wav,C:\MyProjects\Project-Proposal\PrivateCoach\Project-EchoesofEquity\data/melspec\2233_bom_n08c.npy,2233,black,older,male,neutral,8,c,1.329520833,154.0258659,145.0915462,
C:\MyProjects\Project-Proposal\PrivateCoach\Project-EchoesofEquity\data/wav\2233_bom_n09c.wav,C:\MyProjects\Project-Proposal\PrivateCoach\Project-EchoesofEquity\data/melspec\2233_bom_n09c.npy,2233,black,older,male,neutral,9,c,1.558854167,122.5968344,115.3588003,
C:\MyProjects\Project-Proposal\PrivateCoach\Project-EchoesofEquity\data/wav\2233_bom_n10c.wav,C:\MyProjects\Project-Proposal\PrivateCoach\Project-EchoesofEquity\data/melspec\2233_bom_n10c.npy,2233,black,older,male,neutral,10,c,2.250166667,146.7169981,127.5864893,
C:\MyProjects\Project-Proposal\PrivateCoach\Project-EchoesofEquity\data/wav\2233_bom_t05.wav,C:\MyProjects\Project-Proposal\PrivateCoach\Project-EchoesofEquity\data/melspec\2233_bom_t05.npy,2233,black,older,male,trustworthy,5,,1.320895833,146.7481074,69.31190354,
C:\MyProjects\Project-Proposal\PrivateCoach\Project-EchoesofEquity\data/wav\2233_bom_t06c.wav,C:\MyProjects\Project-Proposal\PrivateCoach\Project-EchoesofEquity\data/melspec\2233_bom_t06c.npy,2233,black,older,male,trustworthy,6,c,1.383041667,200.8519749,116.2924282,
C:\MyProjects\Project-Proposal\PrivateCoach\Project-EchoesofEquity\data/wav\2233_bom_t07c.wav,C:\MyProjects\Project-Proposal\PrivateCoach\Project-EchoesofEquity\data/melspec\2233_bom_t07c.npy,2233,black,older,male,trustworthy,7,c,1.138375,206.4698953,98.37605095,
C:\MyProjects\Project-Proposal\PrivateCoach\Project-EchoesofEquity\data/wav\2233_bom_t08.wav,C:\MyProjects\Project-Proposal\PrivateCoach\Project-EchoesofEquity\data/melspec\2233_bom_t08.npy,2233,black,older,male,trustworthy,8,,1.398770833,220.9500976,72.69335082,
C:\MyProjects\Project-Proposal\PrivateCoach\Project-EchoesofEquity\data/wav\2233_bom_t09.wav,C:\MyProjects\Project-Proposal\PrivateCoach\Project-EchoesofEquity\data/melspec\2233_bom_t09.npy,2233,black,older,male,trustworthy,9,,1.325979167,187.7075142,58.62905028,
C:\MyProjects\Project-Proposal\PrivateCoach\Project-EchoesofEquity\data/wav\2233_bom_t10c.wav,C:\MyProjects\Project-Proposal\PrivateCoach\Project-EchoesofEquity\data/melspec\2233_bom_t10c.npy,2233,black,older,male,trustworthy,10,c,2.023770833,265.8055846,128.6547674,
C:\MyProjects\Project-Proposal\PrivateCoach\Project-EchoesofEquity\data/wav\2240_bof_n07.wav,C:\MyProjects\Project-Proposal\PrivateCoach\Project-EchoesofEquity\data/melspec\2240_bof_n07.npy,2240,black,older,female,neutral,7,,2.003166667,220.0364551,34.99522951,
C:\MyProjects\Project-Proposal\PrivateCoach\Project-EchoesofEquity\data/wav\2240_bof_n08.wav,C:\MyProjects\Project-Proposal\PrivateCoach\Project-EchoesofEquity\data/melspec\2240_bof_n08.npy,2240,black,older,female,neutral,8,,1.987020833,219.6942271,36.96232224,
C:\MyProjects\Project-Proposal\PrivateCoach\Project-EchoesofEquity\data/wav\2240_bof_n09.wav,C:\MyProjects\Project-Proposal\PrivateCoach\Project-EchoesofEquity\data/melspec\2240_bof_n09.npy,2240,black,older,female,neutral,9,,1.936333333,225.1729403,62.39208621,
C:\MyProjects\Project-Proposal\PrivateCoach\Project-EchoesofEquity\data/wav\2240_bof_n10.wav,C:\MyProjects\Project-Proposal\PrivateCoach\Project-EchoesofEquity\data/melspec\2240_bof_n10.npy,2240,black,older,female,neutral,10,,2.097416667,223.8396002,40.98489605,
C:\MyProjects\Project-Proposal\PrivateCoach\Project-EchoesofEquity\data/wav\2240_bof_n11.wav,C:\MyProjects\Project-Proposal\PrivateCoach\Project-EchoesofEquity\data/melspec\2240_bof_n11.npy,2240,black,older,female,neutral,11,,1.9049375,215.936996,32.83939163,
C:\MyProjects\Project-Proposal\PrivateCoach\Project-EchoesofEquity\data/wav\2240_bof_n12.wav,C:\MyProjects\Project-Proposal\PrivateCoach\Project-EchoesofEquity\data/melspec\2240_bof_n12.npy,2240,black,older,female,neutral,12,,1.90725,232.4908367,37.0836104,
C:\MyProjects\Project-Proposal\PrivateCoach\Project-EchoesofEquity\data/wav\2240_bof_t07.wav,C:\MyProjects\Project-Proposal\PrivateCoach\Project-EchoesofEquity\data/melspec\2240_bof_t07.npy,2240,black,older,female,trustworthy,7,,1.663041667,250.4373318,62.5252173,
C:\MyProjects\Project-Proposal\PrivateCoach\Project-EchoesofEquity\data/wav\2240_bof_t08.wav,C:\MyProjects\Project-Proposal\PrivateCoach\Project-EchoesofEquity\data/melspec\2240_bof_t08.npy,2240,black,older,female,trustworthy,8,,1.660395833,262.4379218,43.81120158,
C:\MyProjects\Project-Proposal\PrivateCoach\Project-EchoesofEquity\data/wav\2240_bof_t09.wav,C:\MyProjects\Project-Proposal\PrivateCoach\Project-EchoesofEquity\data/melspec\2240_bof_t09.npy,2240,black,older,female,trustworthy,9,,1.807083333,252.2753294,47.96984637,
C:\MyProjects\Project-Proposal\PrivateCoach\Project-EchoesofEquity\data/wav\2240_bof_t10.wav,C:\MyProjects\Project-Proposal\PrivateCoach\Project-EchoesofEquity\data/melspec\2240_bof_t10.npy,2240,black,older,female,trustworthy,10,,2.386395833,262.8954389,115.7939987,
C:\MyProjects\Project-Proposal\PrivateCoach\Project-EchoesofEquity\data/wav\2240_bof_t11.wav,C:\MyProjects\Project-Proposal\PrivateCoach\Project-EchoesofEquity\data/melspec\2240_bof_t11.npy,2240,black,older,female,trustworthy,11,,2.302604167,230.2584276,40.37721976,
C:\MyProjects\Project-Proposal\PrivateCoach\Project-EchoesofEquity\data/wav\2240_bof_t12.wav,C:\MyProjects\Project-Proposal\PrivateCoach\Project-EchoesofEquity\data/melspec\2240_bof_t12.npy,2240,black,older,female,trustworthy,12,,1.512416667,252.5033095,76.60475972,
C:\MyProjects\Project-Proposal\PrivateCoach\Project-EchoesofEquity\data/wav\2241_aom_n09.wav,C:\MyProjects\Project-Proposal\PrivateCoach\Project-EchoesofEquity\data/melspec\2241_aom_n09.npy,2241,south_asian,older,male,neutral,9,,2.263708333,149.667112,24.02790252,
C:\MyProjects\Project-Proposal\PrivateCoach\Project-EchoesofEquity\data/wav\2241_aom_n10.wav,C:\MyProjects\Project-Proposal\PrivateCoach\Project-EchoesofEquity\data/melspec\2241_aom_n10.npy,2241,south_asian,older,male,neutral,10,,2.126625,153.6036803,20.44916327,
C:\MyProjects\Project-Proposal\PrivateCoach\Project-EchoesofEquity\data/wav\2241_aom_n11.wav,C:\MyProjects\Project-Proposal\PrivateCoach\Project-EchoesofEquity\data/melspec\2241_aom_n11.npy,2241,south_asian,older,male,neutral,11,,2.175041667,149.4622024,24.28979475,
C:\MyProjects\Project-Proposal\PrivateCoach\Project-EchoesofEquity\data/wav\2241_aom_n12.wav,C:\MyProjects\Project-Proposal\PrivateCoach\Project-EchoesofEquity\data/melspec\2241_aom_n12.npy,2241,south_asian,older,male,neutral,12,,3.019583333,145.7656366,16.32955468,
C:\MyProjects\Project-Proposal\PrivateCoach\Project-EchoesofEquity\data/wav\2241_aom_n13.wav,C:\MyProjects\Project-Proposal\PrivateCoach\Project-EchoesofEquity\data/melspec\2241_aom_n13.npy,2241,south_asian,older,male,neutral,13,,1.581083333,144.8643806,10.95031634,
C:\MyProjects\Project-Proposal\PrivateCoach\Project-EchoesofEquity\data/wav\2241_aom_n14.wav,C:\MyProjects\Project-Proposal\PrivateCoach\Project-EchoesofEquity\data/melspec\2241_aom_n14.npy,2241,south_asian,older,male,neutral,14,,2.0585625,153.8968152,40.43532338,
C:\MyProjects\Project-Proposal\PrivateCoach\Project-EchoesofEquity\data/wav\2241_aom_t09.wav,C:\MyProjects\Project-Proposal\PrivateCoach\Project-EchoesofEquity\data/melspec\2241_aom_t09.npy,2241,south_asian,older,male,trustworthy,9,,2.078458333,155.0332544,25.03167278,
C:\MyProjects\Project-Proposal\PrivateCoach\Project-EchoesofEquity\data/wav\2241_aom_t10.wav,C:\MyProjects\Project-Proposal\PrivateCoach\Project-EchoesofEquity\data/melspec\2241_aom_t10.npy,2241,south_asian,older,male,trustworthy,10,,2.114479167,179.7576306,56.8128243,
C:\MyProjects\Project-Proposal\PrivateCoach\Project-EchoesofEquity\data/wav\2241_aom_t11.wav,C:\MyProjects\Project-Proposal\PrivateCoach\Project-EchoesofEquity\data/melspec\2241_aom_t11.npy,2241,south_asian,older,male,trustworthy,11,,1.926020833,170.740903,52.71599034,
C:\MyProjects\Project-Proposal\PrivateCoach\Project-EchoesofEquity\data/wav\2241_aom_t12.wav,C:\MyProjects\Project-Proposal\PrivateCoach\Project-EchoesofEquity\data/melspec\2241_aom_t12.npy,2241,south_asian,older,male,trustworthy,12,,1.7870625,183.2238545,48.8953639,
C:\MyProjects\Project-Proposal\PrivateCoach\Project-EchoesofEquity\data/wav\2241_aom_t13.wav,C:\MyProjects\Project-Proposal\PrivateCoach\Project-EchoesofEquity\data/melspec\2241_aom_t13.npy,2241,south_asian,older,male,trustworthy,13,,1.622520833,198.113648,26.34353401,
C:\MyProjects\Project-Proposal\PrivateCoach\Project-EchoesofEquity\data/wav\2241_aom_t14.wav,C:\MyProjects\Project-Proposal\PrivateCoach\Project-EchoesofEquity\data/melspec\2241_aom_t14.npy,2241,south_asian,older,male,trustworthy,14,,1.810979167,195.1794729,35.79335108,
C:\MyProjects\Project-Proposal\PrivateCoach\Project-EchoesofEquity\data/wav\2244_bof_n03.wav,C:\MyProjects\Project-Proposal\PrivateCoach\Project-EchoesofEquity\data/melspec\2244_bof_n03.npy,2244,black,older,female,neutral,3,,3.389604167,137.231711,27.84357649,
C:\MyProjects\Project-Proposal\PrivateCoach\Project-EchoesofEquity\data/wav\2244_bof_n06.wav,C:\MyProjects\Project-Proposal\PrivateCoach\Project-EchoesofEquity\data/melspec\2244_bof_n06.npy,2244,black,older,female,neutral,6,,2.357333333,146.3756633,26.34838459,
C:\MyProjects\Project-Proposal\PrivateCoach\Project-EchoesofEquity\data/wav\2244_bof_n08.wav,C:\MyProjects\Project-Proposal\PrivateCoach\Project-EchoesofEquity\data/melspec\2244_bof_n08.npy,2244,black,older,female,neutral,8,,2.6735625,142.8416615,16.56197276,
C:\MyProjects\Project-Proposal\PrivateCoach\Project-EchoesofEquity\data/wav\2244_bof_n11.wav,C:\MyProjects\Project-Proposal\PrivateCoach\Project-EchoesofEquity\data/melspec\2244_bof_n11.npy,2244,black,older,female,neutral,11,,2.61525,157.2382401,44.10994708,
C:\MyProjects\Project-Proposal\PrivateCoach\Project-EchoesofEquity\data/wav\2244_bof_n12c.wav,C:\MyProjects\Project-Proposal\PrivateCoach\Project-EchoesofEquity\data/melspec\2244_bof_n12c.npy,2244,black,older,female,neutral,12,c,2.624375,143.4470242,21.12087476,
C:\MyProjects\Project-Proposal\PrivateCoach\Project-EchoesofEquity\data/wav\2244_bof_n13c.wav,C:\MyProjects\Project-Proposal\PrivateCoach\Project-EchoesofEquity\data/melspec\2244_bof_n13c.npy,2244,black,older,female,neutral,13,c,1.859166667,156.3906871,36.55533955,
C:\MyProjects\Project-Proposal\PrivateCoach\Project-EchoesofEquity\data/wav\2244_bof_t03.wav,C:\MyProjects\Project-Proposal\PrivateCoach\Project-EchoesofEquity\data/melspec\2244_bof_t03.npy,2244,black,older,female,trustworthy,3,,2.348083333,161.4542939,42.7414998,
C:\MyProjects\Project-Proposal\PrivateCoach\Project-EchoesofEquity\data/wav\2244_bof_t06c.wav,C:\MyProjects\Project-Proposal\PrivateCoach\Project-EchoesofEquity\data/melspec\2244_bof_t06c.npy,2244,black,older,female,trustworthy,6,c,2.066375,147.8380192,25.88457423,
C:\MyProjects\Project-Proposal\PrivateCoach\Project-EchoesofEquity\data/wav\2244_bof_t08.wav,C:\MyProjects\Project-Proposal\PrivateCoach\Project-EchoesofEquity\data/melspec\2244_bof_t08.npy,2244,black,older,female,trustworthy,8,,2.818020833,149.669248,31.53404884,
C:\MyProjects\Project-Proposal\PrivateCoach\Project-EchoesofEquity\data/wav\2244_bof_t11.wav,C:\MyProjects\Project-Proposal\PrivateCoach\Project-EchoesofEquity\data/melspec\2244_bof_t11.npy,2244,black,older,female,trustworthy,11,,2.437916667,150.3106707,32.33710401,
C:\MyProjects\Project-Proposal\PrivateCoach\Project-EchoesofEquity\data/wav\2244_bof_t12.wav,C:\MyProjects\Project-Proposal\PrivateCoach\Project-EchoesofEquity\data/melspec\2244_bof_t12.npy,2244,black,older,female,trustworthy,12,,1.691854167,177.8484286,44.25504181,
C:\MyProjects\Project-Proposal\PrivateCoach\Project-EchoesofEquity\data/wav\2244_bof_t13c.wav,C:\MyProjects\Project-Proposal\PrivateCoach\Project-EchoesofEquity\data/melspec\2244_bof_t13c.npy,2244,black,older,female,trustworthy,13,c,1.759520833,153.7454601,38.13592657,
C:\MyProjects\Project-Proposal\PrivateCoach\Project-EchoesofEquity\data/wav\2254_aom_n05.wav,C:\MyProjects\Project-Proposal\PrivateCoach\Project-EchoesofEquity\data/melspec\2254_aom_n05.npy,2254,south_asian,older,male,neutral,5,,2.01575,148.226491,23.53219994,
C:\MyProjects\Project-Proposal\PrivateCoach\Project-EchoesofEquity\data/wav\2254_aom_n06.wav,C:\MyProjects\Project-Proposal\PrivateCoach\Project-EchoesofEquity\data/melspec\2254_aom_n06.npy,2254,south_asian,older,male,neutral,6,,1.779666667,142.5583688,15.07353123,
C:\MyProjects\Project-Proposal\PrivateCoach\Project-EchoesofEquity\data/wav\2254_aom_n07.wav,C:\MyProjects\Project-Proposal\PrivateCoach\Project-EchoesofEquity\data/melspec\2254_aom_n07.npy,2254,south_asian,older,male,neutral,7,,1.744083333,141.445839,13.55252148,
C:\MyProjects\Project-Proposal\PrivateCoach\Project-EchoesofEquity\data/wav\2254_aom_n08.wav,C:\MyProjects\Project-Proposal\PrivateCoach\Project-EchoesofEquity\data/melspec\2254_aom_n08.npy,2254,south_asian,older,male,neutral,8,,1.996104167,154.2016719,17.80311229,
C:\MyProjects\Project-Proposal\PrivateCoach\Project-EchoesofEquity\data/wav\2254_aom_n09.wav,C:\MyProjects\Project-Proposal\PrivateCoach\Project-EchoesofEquity\data/melspec\2254_aom_n09.npy,2254,south_asian,older,male,neutral,9,,1.866333333,145.98358,16.79682891,
C:\MyProjects\Project-Proposal\PrivateCoach\Project-EchoesofEquity\data/wav\2254_aom_n10.wav,C:\MyProjects\Project-Proposal\PrivateCoach\Project-EchoesofEquity\data/melspec\2254_aom_n10.npy,2254,south_asian,older,male,neutral,10,,2.617395833,152.4902281,21.70729393,
C:\MyProjects\Project-Proposal\PrivateCoach\Project-EchoesofEquity\data/wav\2254_aom_t05.wav,C:\MyProjects\Project-Proposal\PrivateCoach\Project-EchoesofEquity\data/melspec\2254_aom_t05.npy,2254,south_asian,older,male,trustworthy,5,,2.964458333,169.9746741,34.22307822,
C:\MyProjects\Project-Proposal\PrivateCoach\Project-EchoesofEquity\data/wav\2254_aom_t06.wav,C:\MyProjects\Project-Proposal\PrivateCoach\Project-EchoesofEquity\data/melspec\2254_aom_t06.npy,2254,south_asian,older,male,trustworthy,6,,3.803708333,163.0611914,28.2628863,
C:\MyProjects\Project-Proposal\PrivateCoach\Project-EchoesofEquity\data/wav\2254_aom_t07.wav,C:\MyProjects\Project-Proposal\PrivateCoach\Project-EchoesofEquity\data/melspec\2254_aom_t07.npy,2254,south_asian,older,male,trustworthy,7,,2.5125,163.6818045,21.025728,
C:\MyProjects\Project-Proposal\PrivateCoach\Project-EchoesofEquity\data/wav\2254_aom_t08.wav,C:\MyProjects\Project-Proposal\PrivateCoach\Project-EchoesofEquity\data/melspec\2254_aom_t08.npy,2254,south_asian,older,male,trustworthy,8,,3.357,172.8082583,19.22369696,
C:\MyProjects\Project-Proposal\PrivateCoach\Project-EchoesofEquity\data/wav\2254_aom_t09.wav,C:\MyProjects\Project-Proposal\PrivateCoach\Project-EchoesofEquity\data/melspec\2254_aom_t09.npy,2254,south_asian,older,male,trustworthy,9,,2.970958333,165.5863363,32.10950944,
C:\MyProjects\Project-Proposal\PrivateCoach\Project-EchoesofEquity\data/wav\2254_aom_t10.wav,C:\MyProjects\Project-Proposal\PrivateCoach\Project-EchoesofEquity\data/melspec\2254_aom_t10.npy,2254,south_asian,older,male,trustworthy,10,,3.058125,189.7599485,40.96976977,
C:\MyProjects\Project-Proposal\PrivateCoach\Project-EchoesofEquity\data/wav\2271_aof_n07.wav,C:\MyProjects\Project-Proposal\PrivateCoach\Project-EchoesofEquity\data/melspec\2271_aof_n07.npy,2271,south_asian,older,female,neutral,7,,2.344375,207.7575223,39.1020073,
C:\MyProjects\Project-Proposal\PrivateCoach\Project-EchoesofEquity\data/wav\2271_aof_n09c.wav,C:\MyProjects\Project-Proposal\PrivateCoach\Project-EchoesofEquity\data/melspec\2271_aof_n09c.npy,2271,south_asian,older,female,neutral,9,c,2.192041667,188.781529,34.02511433,
C:\MyProjects\Project-Proposal\PrivateCoach\Project-EchoesofEquity\data/wav\2271_aof_n10c.wav,C:\MyProjects\Project-Proposal\PrivateCoach\Project-EchoesofEquity\data/melspec\2271_aof_n10c.npy,2271,south_asian,older,female,neutral,10,c,2.683583333,197.8856312,29.69515523,
C:\MyProjects\Project-Proposal\PrivateCoach\Project-EchoesofEquity\data/wav\2271_aof_n11c.wav,C:\MyProjects\Project-Proposal\PrivateCoach\Project-EchoesofEquity\data/melspec\2271_aof_n11c.npy,2271,south_asian,older,female,neutral,11,c,2.37725,191.4595822,43.75690538,
C:\MyProjects\Project-Proposal\PrivateCoach\Project-EchoesofEquity\data/wav\2271_aof_n12.wav,C:\MyProjects\Project-Proposal\PrivateCoach\Project-EchoesofEquity\data/melspec\2271_aof_n12.npy,2271,south_asian,older,female,neutral,12,,2.533520833,186.786489,40.84553117,
C:\MyProjects\Project-Proposal\PrivateCoach\Project-EchoesofEquity\data/wav\2271_aof_n13.wav,C:\MyProjects\Project-Proposal\PrivateCoach\Project-EchoesofEquity\data/melspec\2271_aof_n13.npy,2271,south_asian,older,female,neutral,13,,1.99775,201.1896569,28.64490544,
C:\MyProjects\Project-Proposal\PrivateCoach\Project-EchoesofEquity\data/wav\2271_aof_t07.wav,C:\MyProjects\Project-Proposal\PrivateCoach\Project-EchoesofEquity\data/melspec\2271_aof_t07.npy,2271,south_asian,older,female,trustworthy,7,,2.265208333,221.1647639,59.41611255,
C:\MyProjects\Project-Proposal\PrivateCoach\Project-EchoesofEquity\data/wav\2271_aof_t09c.wav,C:\MyProjects\Project-Proposal\PrivateCoach\Project-EchoesofEquity\data/melspec\2271_aof_t09c.npy,2271,south_asian,older,female,trustworthy,9,c,2.034541667,258.6397631,57.06116127,
C:\MyProjects\Project-Proposal\PrivateCoach\Project-EchoesofEquity\data/wav\2271_aof_t10.wav,C:\MyProjects\Project-Proposal\PrivateCoach\Project-EchoesofEquity\data/melspec\2271_aof_t10.npy,2271,south_asian,older,female,trustworthy,10,,2.204104167,299.0864067,50.22290432,
C:\MyProjects\Project-Proposal\PrivateCoach\Project-EchoesofEquity\data/wav\2271_aof_t11.wav,C:\MyProjects\Project-Proposal\PrivateCoach\Project-EchoesofEquity\data/melspec\2271_aof_t11.npy,2271,south_asian,older,female,trustworthy,11,,2.477333333,240.175555,51.97736581,
C:\MyProjects\Project-Proposal\PrivateCoach\Project-EchoesofEquity\data/wav\2271_aof_t12.wav,C:\MyProjects\Project-Proposal\PrivateCoach\Project-EchoesofEquity\data/melspec\2271_aof_t12.npy,2271,south_asian,older,female,trustworthy,12,,2.432729167,236.004541,57.32683051,
C:\MyProjects\Project-Proposal\PrivateCoach\Project-EchoesofEquity\data/wav\2271_aof_t13c.wav,C:\MyProjects\Project-Proposal\PrivateCoach\Project-EchoesofEquity\data/melspec\2271_aof_t13c.npy,2271,south_asian,older,female,trustworthy,13,c,1.8948125,182.0280249,52.6902499,
C:\MyProjects\Project-Proposal\PrivateCoach\Project-EchoesofEquity\data/wav\2297_bof_n05.wav,C:\MyProjects\Project-Proposal\PrivateCoach\Project-EchoesofEquity\data/melspec\2297_bof_n05.npy,2297,black,older,female,neutral,5,,1.523375,188.7129464,17.75113932,
C:\MyProjects\Project-Proposal\PrivateCoach\Project-EchoesofEquity\data/wav\2297_bof_n06.wav,C:\MyProjects\Project-Proposal\PrivateCoach\Project-EchoesofEquity\data/melspec\2297_bof_n06.npy,2297,black,older,female,neutral,6,,1.3675625,186.6591508,10.29948457,
C:\MyProjects\Project-Proposal\PrivateCoach\Project-EchoesofEquity\data/wav\2297_bof_n07.wav,C:\MyProjects\Project-Proposal\PrivateCoach\Project-EchoesofEquity\data/melspec\2297_bof_n07.npy,2297,black,older,female,neutral,7,,1.490125,190.2113154,14.28942534,
C:\MyProjects\Project-Proposal\PrivateCoach\Project-EchoesofEquity\data/wav\2297_bof_n08.wav,C:\MyProjects\Project-Proposal\PrivateCoach\Project-EchoesofEquity\data/melspec\2297_bof_n08.npy,2297,black,older,female,neutral,8,,1.487708333,187.555885,17.58971394,
C:\MyProjects\Project-Proposal\PrivateCoach\Project-EchoesofEquity\data/wav\2297_bof_n09.wav,C:\MyProjects\Project-Proposal\PrivateCoach\Project-EchoesofEquity\data/melspec\2297_bof_n09.npy,2297,black,older,female,neutral,9,,1.401333333,189.0435887,18.30050738,
C:\MyProjects\Project-Proposal\PrivateCoach\Project-EchoesofEquity\data/wav\2297_bof_n10.wav,C:\MyProjects\Project-Proposal\PrivateCoach\Project-EchoesofEquity\data/melspec\2297_bof_n10.npy,2297,black,older,female,neutral,10,,2.0726875,193.0912208,26.04537658,
C:\MyProjects\Project-Proposal\PrivateCoach\Project-EchoesofEquity\data/wav\2297_bof_t05.wav,C:\MyProjects\Project-Proposal\PrivateCoach\Project-EchoesofEquity\data/melspec\2297_bof_t05.npy,2297,black,older,female,trustworthy,5,,1.45125,201.7705358,38.05632606,
C:\MyProjects\Project-Proposal\PrivateCoach\Project-EchoesofEquity\data/wav\2297_bof_t06.wav,C:\MyProjects\Project-Proposal\PrivateCoach\Project-EchoesofEquity\data/melspec\2297_bof_t06.npy,2297,black,older,female,trustworthy,6,,1.253416667,294.3033605,58.62806454,
C:\MyProjects\Project-Proposal\PrivateCoach\Project-EchoesofEquity\data/wav\2297_bof_t07.wav,C:\MyProjects\Project-Proposal\PrivateCoach\Project-EchoesofEquity\data/melspec\2297_bof_t07.npy,2297,black,older,female,trustworthy,7,,1.3799375,203.6524552,23.18320433,
C:\MyProjects\Project-Proposal\PrivateCoach\Project-EchoesofEquity\data/wav\2297_bof_t08.wav,C:\MyProjects\Project-Proposal\PrivateCoach\Project-EchoesofEquity\data/melspec\2297_bof_t08.npy,2297,black,older,female,trustworthy,8,,1.280354167,310.1051584,99.53498832,
C:\MyProjects\Project-Proposal\PrivateCoach\Project-EchoesofEquity\data/wav\2297_bof_t09.wav,C:\MyProjects\Project-Proposal\PrivateCoach\Project-EchoesofEquity\data/melspec\2297_bof_t09.npy,2297,black,older,female,trustworthy,9,,1.531229167,254.0871106,40.17406671,
C:\MyProjects\Project-Proposal\PrivateCoach\Project-EchoesofEquity\data/wav\2297_bof_t10.wav,C:\MyProjects\Project-Proposal\PrivateCoach\Project-EchoesofEquity\data/melspec\2297_bof_t10.npy,2297,black,older,female,trustworthy,10,,1.924895833,295.6623309,85.13723757,
C:\MyProjects\Project-Proposal\PrivateCoach\Project-EchoesofEquity\data/wav\2301_bom_n11.wav,C:\MyProjects\Project-Proposal\PrivateCoach\Project-EchoesofEquity\data/melspec\2301_bom_n11.npy,2301,black,older,male,neutral,11,,1.6799375,102.3933188,7.610049794,
C:\MyProjects\Project-Proposal\PrivateCoach\Project-EchoesofEquity\data/wav\2301_bom_n12.wav,C:\MyProjects\Project-Proposal\PrivateCoach\Project-EchoesofEquity\data/melspec\2301_bom_n12.npy,2301,black,older,male,neutral,12,,1.650625,106.8332542,9.002423409,
C:\MyProjects\Project-Proposal\PrivateCoach\Project-EchoesofEquity\data/wav\2301_bom_n13.wav,C:\MyProjects\Project-Proposal\PrivateCoach\Project-EchoesofEquity\data/melspec\2301_bom_n13.npy,2301,black,older,male,neutral,13,,1.4683125,105.2158253,8.582220315,
C:\MyProjects\Project-Proposal\PrivateCoach\Project-EchoesofEquity\data/wav\2301_bom_n14.wav,C:\MyProjects\Project-Proposal\PrivateCoach\Project-EchoesofEquity\data/melspec\2301_bom_n14.npy,2301,black,older,male,neutral,14,,1.611854167,101.7078485,7.725341901,
C:\MyProjects\Project-Proposal\PrivateCoach\Project-EchoesofEquity\data/wav\2301_bom_n15.wav,C:\MyProjects\Project-Proposal\PrivateCoach\Project-EchoesofEquity\data/melspec\2301_bom_n15.npy,2301,black,older,male,neutral,15,,1.401645833,105.490993,6.503516197,
C:\MyProjects\Project-Proposal\PrivateCoach\Project-EchoesofEquity\data/wav\2301_bom_n16.wav,C:\MyProjects\Project-Proposal\PrivateCoach\Project-EchoesofEquity\data/melspec\2301_bom_n16.npy,2301,black,older,male,neutral,16,,1.499791667,107.0908291,8.058787603,
C:\MyProjects\Project-Proposal\PrivateCoach\Project-EchoesofEquity\data/wav\2301_bom_t11.wav,C:\MyProjects\Project-Proposal\PrivateCoach\Project-EchoesofEquity\data/melspec\2301_bom_t11.npy,2301,black,older,male,trustworthy,11,,1.832666667,119.8773542,13.62822448,
C:\MyProjects\Project-Proposal\PrivateCoach\Project-EchoesofEquity\data/wav\2301_bom_t12.wav,C:\MyProjects\Project-Proposal\PrivateCoach\Project-EchoesofEquity\data/melspec\2301_bom_t12.npy,2301,black,older,male,trustworthy,12,,2.36725,121.9242644,33.49837277,
C:\MyProjects\Project-Proposal\PrivateCoach\Project-EchoesofEquity\data/wav\2301_bom_t13.wav,C:\MyProjects\Project-Proposal\PrivateCoach\Project-EchoesofEquity\data/melspec\2301_bom_t13.npy,2301,black,older,male,trustworthy,13,,1.608979167,113.7130279,7.420188097,
C:\MyProjects\Project-Proposal\PrivateCoach\Project-EchoesofEquity\data/wav\2301_bom_t14.wav,C:\MyProjects\Project-Proposal\PrivateCoach\Project-EchoesofEquity\data/melspec\2301_bom_t14.npy,2301,black,older,male,trustworthy,14,,1.605625,109.5236074,9.974211675,
C:\MyProjects\Project-Proposal\PrivateCoach\Project-EchoesofEquity\data/wav\2301_bom_t15.wav,C:\MyProjects\Project-Proposal\PrivateCoach\Project-EchoesofEquity\data/melspec\2301_bom_t15.npy,2301,black,older,male,trustworthy,15,,1.514666667,108.6544795,8.305061841,
C:\MyProjects\Project-Proposal\PrivateCoach\Project-EchoesofEquity\data/wav\2301_bom_t16.wav,C:\MyProjects\Project-Proposal\PrivateCoach\Project-EchoesofEquity\data/melspec\2301_bom_t16.npy,2301,black,older,male,trustworthy,16,,1.585083333,104.6926779,7.629981439,
C:\MyProjects\Project-Proposal\PrivateCoach\Project-EchoesofEquity\data/wav\3125_bym_n15.wav,C:\MyProjects\Project-Proposal\PrivateCoach\Project-EchoesofEquity\data/melspec\3125_bym_n15.npy,3125,black,younger,male,neutral,15,,1.3016875,97.15011355,22.5343013,
C:\MyProjects\Project-Proposal\PrivateCoach\Project-EchoesofEquity\data/wav\3125_bym_n16.wav,C:\MyProjects\Project-Proposal\PrivateCoach\Project-EchoesofEquity\data/melspec\3125_bym_n16.npy,3125,black,younger,male,neutral,16,,1.37125,99.82321518,11.04044484,
C:\MyProjects\Project-Proposal\PrivateCoach\Project-EchoesofEquity\data/wav\3125_bym_n17.wav,C:\MyProjects\Project-Proposal\PrivateCoach\Project-EchoesofEquity\data/melspec\3125_bym_n17.npy,3125,black,younger,male,neutral,17,,1.314541667,98.21415583,6.865583997,
C:\MyProjects\Project-Proposal\PrivateCoach\Project-EchoesofEquity\data/wav\3125_bym_n18.wav,C:\MyProjects\Project-Proposal\PrivateCoach\Project-EchoesofEquity\data/melspec\3125_bym_n18.npy,3125,black,younger,male,neutral,18,,1.477354167,116.0478887,81.55016289,
C:\MyProjects\Project-Proposal\PrivateCoach\Project-EchoesofEquity\data/wav\3125_bym_n19.wav,C:\MyProjects\Project-Proposal\PrivateCoach\Project-EchoesofEquity\data/melspec\3125_bym_n19.npy,3125,black,younger,male,neutral,19,,1.668979167,94.23766347,8.488147,
C:\MyProjects\Project-Proposal\PrivateCoach\Project-EchoesofEquity\data/wav\3125_bym_n20c.wav,C:\MyProjects\Project-Proposal\PrivateCoach\Project-EchoesofEquity\data/melspec\3125_bym_n20c.npy,3125,black,younger,male,neutral,20,c,1.297458333,96.59768321,7.16257612,
C:\MyProjects\Project-Proposal\PrivateCoach\Project-EchoesofEquity\data/wav\3125_bym_t15.wav,C:\MyProjects\Project-Proposal\PrivateCoach\Project-EchoesofEquity\data/melspec\3125_bym_t15.npy,3125,black,younger,male,trustworthy,15,,1.111666667,136.3684175,36.16623277,
C:\MyProjects\Project-Proposal\PrivateCoach\Project-EchoesofEquity\data/wav\3125_bym_t16c.wav,C:\MyProjects\Project-Proposal\PrivateCoach\Project-EchoesofEquity\data/melspec\3125_bym_t16c.npy,3125,black,younger,male,trustworthy,16,c,1.1030625,157.0084074,27.68883336,
C:\MyProjects\Project-Proposal\PrivateCoach\Project-EchoesofEquity\data/wav\3125_bym_t17.wav,C:\MyProjects\Project-Proposal\PrivateCoach\Project-EchoesofEquity\data/melspec\3125_bym_t17.npy,3125,black,younger,male,trustworthy,17,,1.275229167,143.1738235,31.50659559,
C:\MyProjects\Project-Proposal\PrivateCoach\Project-EchoesofEquity\data/wav\3125_bym_t18.wav,C:\MyProjects\Project-Proposal\PrivateCoach\Project-EchoesofEquity\data/melspec\3125_bym_t18.npy,3125,black,younger,male,trustworthy,18,,1.227083333,137.1399239,26.13114754,
C:\MyProjects\Project-Proposal\PrivateCoach\Project-EchoesofEquity\data/wav\3125_bym_t19.wav,C:\MyProjects\Project-Proposal\PrivateCoach\Project-EchoesofEquity\data/melspec\3125_bym_t19.npy,3125,black,younger,male,trustworthy,19,,1.577416667,127.2453706,21.93020824,
C:\MyProjects\Project-Proposal\PrivateCoach\Project-EchoesofEquity\data/wav\3125_bym_t20.wav,C:\MyProjects\Project-Proposal\PrivateCoach\Project-EchoesofEquity\data/melspec\3125_bym_t20.npy,3125,black,younger,male,trustworthy,20,,1.0076875,151.4703412,98.67472977,
C:\MyProjects\Project-Proposal\PrivateCoach\Project-EchoesofEquity\data/wav\3126_aym_n01.wav,C:\MyProjects\Project-Proposal\PrivateCoach\Project-EchoesofEquity\data/melspec\3126_aym_n01.npy,3126,south_asian,younger,male,neutral,1,,1.78875,128.7948888,7.766181829,
C:\MyProjects\Project-Proposal\PrivateCoach\Project-EchoesofEquity\data/wav\3126_aym_n02.wav,C:\MyProjects\Project-Proposal\PrivateCoach\Project-EchoesofEquity\data/melspec\3126_aym_n02.npy,3126,south_asian,younger,male,neutral,2,,1.616270833,134.8983718,6.564366402,
C:\MyProjects\Project-Proposal\PrivateCoach\Project-EchoesofEquity\data/wav\3126_aym_n03c.wav,C:\MyProjects\Project-Proposal\PrivateCoach\Project-EchoesofEquity\data/melspec\3126_aym_n03c.npy,3126,south_asian,younger,male,neutral,3,c,1.746333333,129.3227157,8.401133416,
C:\MyProjects\Project-Proposal\PrivateCoach\Project-EchoesofEquity\data/wav\3126_aym_n04c.wav,C:\MyProjects\Project-Proposal\PrivateCoach\Project-EchoesofEquity\data/melspec\3126_aym_n04c.npy,3126,south_asian,younger,male,neutral,4,c,1.48075,128.3171518,6.437418619,
C:\MyProjects\Project-Proposal\PrivateCoach\Project-EchoesofEquity\data/wav\3126_aym_n19.wav,C:\MyProjects\Project-Proposal\PrivateCoach\Project-EchoesofEquity\data/melspec\3126_aym_n19.npy,3126,south_asian,younger,male,neutral,19,,1.748,131.5666057,12.33679116,
C:\MyProjects\Project-Proposal\PrivateCoach\Project-EchoesofEquity\data/wav\3126_aym_n20c.wav,C:\MyProjects\Project-Proposal\PrivateCoach\Project-EchoesofEquity\data/melspec\3126_aym_n20c.npy,3126,south_asian,younger,male,neutral,20,c,1.915479167,129.9133881,7.2161846,
C:\MyProjects\Project-Proposal\PrivateCoach\Project-EchoesofEquity\data/wav\3126_aym_t01.wav,C:\MyProjects\Project-Proposal\PrivateCoach\Project-EchoesofEquity\data/melspec\3126_aym_t01.npy,3126,south_asian,younger,male,trustworthy,1,,1.43925,135.2406239,16.90434595,
C:\MyProjects\Project-Proposal\PrivateCoach\Project-EchoesofEquity\data/wav\3126_aym_t02.wav,C:\MyProjects\Project-Proposal\PrivateCoach\Project-EchoesofEquity\data/melspec\3126_aym_t02.npy,3126,south_asian,younger,male,trustworthy,2,,1.525375,137.3425085,15.39420365,
C:\MyProjects\Project-Proposal\PrivateCoach\Project-EchoesofEquity\data/wav\3126_aym_t03.wav,C:\MyProjects\Project-Proposal\PrivateCoach\Project-EchoesofEquity\data/melspec\3126_aym_t03.npy,3126,south_asian,younger,male,trustworthy,3,,1.678104167,146.8501348,12.57339912,
C:\MyProjects\Project-Proposal\PrivateCoach\Project-EchoesofEquity\data/wav\3126_aym_t04.wav,C:\MyProjects\Project-Proposal\PrivateCoach\Project-EchoesofEquity\data/melspec\3126_aym_t04.npy,3126,south_asian,younger,male,trustworthy,4,,1.214916667,136.6771096,16.61954909,
C:\MyProjects\Project-Proposal\PrivateCoach\Project-EchoesofEquity\data/wav\3126_aym_t19c.wav,C:\MyProjects\Project-Proposal\PrivateCoach\Project-EchoesofEquity\data/melspec\3126_aym_t19c.npy,3126,south_asian,younger,male,trustworthy,19,c,1.564708333,144.0226394,11.31058232,
C:\MyProjects\Project-Proposal\PrivateCoach\Project-EchoesofEquity\data/wav\3126_aym_t20c.wav,C:\MyProjects\Project-Proposal\PrivateCoach\Project-EchoesofEquity\data/melspec\3126_aym_t20c.npy,3126,south_asian,younger,male,trustworthy,20,c,1.601958333,146.7596062,40.17412205,
C:\MyProjects\Project-Proposal\PrivateCoach\Project-EchoesofEquity\data/wav\3130_wof_n13c.wav,C:\MyProjects\Project-Proposal\PrivateCoach\Project-EchoesofEquity\data/melspec\3130_wof_n13c.npy,3130,white,older,female,neutral,13,c,2.163104167,200.4665802,39.9065541,
C:\MyProjects\Project-Proposal\PrivateCoach\Project-EchoesofEquity\data/wav\3130_wof_n14c.wav,C:\MyProjects\Project-Proposal\PrivateCoach\Project-EchoesofEquity\data/melspec\3130_wof_n14c.npy,3130,white,older,female,neutral,14,c,2.518291667,201.3490679,31.19394938,
C:\MyProjects\Project-Proposal\PrivateCoach\Project-EchoesofEquity\data/wav\3130_wof_n15.wav,C:\MyProjects\Project-Proposal\PrivateCoach\Project-EchoesofEquity\data/melspec\3130_wof_n15.npy,3130,white,older,female,neutral,15,,2.147125,194.6812092,36.96544412,
C:\MyProjects\Project-Proposal\PrivateCoach\Project-EchoesofEquity\data/wav\3130_wof_n16.wav,C:\MyProjects\Project-Proposal\PrivateCoach\Project-EchoesofEquity\data/melspec\3130_wof_n16.npy,3130,white,older,female,neutral,16,,2.3311875,200.1003973,25.9319937,
C:\MyProjects\Project-Proposal\PrivateCoach\Project-EchoesofEquity\data/wav\3130_wof_n17.wav,C:\MyProjects\Project-Proposal\PrivateCoach\Project-EchoesofEquity\data/melspec\3130_wof_n17.npy,3130,white,older,female,neutral,17,,2.332395833,195.0037166,35.98882,
C:\MyProjects\Project-Proposal\PrivateCoach\Project-EchoesofEquity\data/wav\3130_wof_n18.wav,C:\MyProjects\Project-Proposal\PrivateCoach\Project-EchoesofEquity\data/melspec\3130_wof_n18.npy,3130,white,older,female,neutral,18,,2.783916667,193.6368477,44.77528913,
C:\MyProjects\Project-Proposal\PrivateCoach\Project-EchoesofEquity\data/wav\3130_wof_t13.wav,C:\MyProjects\Project-Proposal\PrivateCoach\Project-EchoesofEquity\data/melspec\3130_wof_t13.npy,3130,white,older,female,trustworthy,13,,1.695041667,235.536485,46.80732322,
C:\MyProjects\Project-Proposal\PrivateCoach\Project-EchoesofEquity\data/wav\3130_wof_t14c.wav,C:\MyProjects\Project-Proposal\PrivateCoach\Project-EchoesofEquity\data/melspec\3130_wof_t14c.npy,3130,white,older,female,trustworthy,14,c,1.635479167,228.704406,55.2145477,
C:\MyProjects\Project-Proposal\PrivateCoach\Project-EchoesofEquity\data/wav\3130_wof_t15.wav,C:\MyProjects\Project-Proposal\PrivateCoach\Project-EchoesofEquity\data/melspec\3130_wof_t15.npy,3130,white,older,female,trustworthy,15,,1.932333333,199.3748077,23.58833148,
C:\MyProjects\Project-Proposal\PrivateCoach\Project-EchoesofEquity\data/wav\3130_wof_t16c.wav,C:\MyProjects\Project-Proposal\PrivateCoach\Project-EchoesofEquity\data/melspec\3130_wof_t16c.npy,3130,white,older,female,trustworthy,16,c,1.870458333,228.6234853,52.3990965,
C:\MyProjects\Project-Proposal\PrivateCoach\Project-EchoesofEquity\data/wav\3130_wof_t17c.wav,C:\MyProjects\Project-Proposal\PrivateCoach\Project-EchoesofEquity\data/melspec\3130_wof_t17c.npy,3130,white,older,female,trustworthy,17,c,1.929083333,263.2797514,72.84916727,
C:\MyProjects\Project-Proposal\PrivateCoach\Project-EchoesofEquity\data/wav\3130_wof_t18c.wav,C:\MyProjects\Project-Proposal\PrivateCoach\Project-EchoesofEquity\data/melspec\3130_wof_t18c.npy,3130,white,older,female,trustworthy,18,c,2.795375,224.6460841,51.43255179,
C:\MyProjects\Project-Proposal\PrivateCoach\Project-EchoesofEquity\data/wav\3132_aym_n11.wav,C:\MyProjects\Project-Proposal\PrivateCoach\Project-EchoesofEquity\data/melspec\3132_aym_n11.npy,3132,south_asian,younger,male,neutral,11,,2.122604167,132.616557,9.357831934,
C:\MyProjects\Project-Proposal\PrivateCoach\Project-EchoesofEquity\data/wav\3132_aym_n12.wav,C:\MyProjects\Project-Proposal\PrivateCoach\Project-EchoesofEquity\data/melspec\3132_aym_n12.npy,3132,south_asian,younger,male,neutral,12,,1.972895833,131.1693439,9.490540786,
C:\MyProjects\Project-Proposal\PrivateCoach\Project-EchoesofEquity\data/wav\3132_aym_n13c.wav,C:\MyProjects\Project-Proposal\PrivateCoach\Project-EchoesofEquity\data/melspec\3132_aym_n13c.npy,3132,south_asian,younger,male,neutral,13,c,1.867833333,127.3017772,8.362041435,
C:\MyProjects\Project-Proposal\PrivateCoach\Project-EchoesofEquity\data/wav\3132_aym_n14c.wav,C:\MyProjects\Project-Proposal\PrivateCoach\Project-EchoesofEquity\data/melspec\3132_aym_n14c.npy,3132,south_asian,younger,male,neutral,14,c,1.370875,133.0985863,32.52243632,
C:\MyProjects\Project-Proposal\PrivateCoach\Project-EchoesofEquity\data/wav\3132_aym_n15c.wav,C:\MyProjects\Project-Proposal\PrivateCoach\Project-EchoesofEquity\data/melspec\3132_aym_n15c.npy,3132,south_asian,younger,male,neutral,15,c,1.578854167,134.2755709,13.02319599,
C:\MyProjects\Project-Proposal\PrivateCoach\Project-EchoesofEquity\data/wav\3132_aym_n16.wav,C:\MyProjects\Project-Proposal\PrivateCoach\Project-EchoesofEquity\data/melspec\3132_aym_n16.npy,3132,south_asian,younger,male,neutral,16,,2.043541667,143.5776152,50.89840512,
C:\MyProjects\Project-Proposal\PrivateCoach\Project-EchoesofEquity\data/wav\3132_aym_t11.wav,C:\MyProjects\Project-Proposal\PrivateCoach\Project-EchoesofEquity\data/melspec\3132_aym_t11.npy,3132,south_asian,younger,male,trustworthy,11,,1.637708333,166.4033045,16.70237742,
C:\MyProjects\Project-Proposal\PrivateCoach\Project-EchoesofEquity\data/wav\3132_aym_t12.wav,C:\MyProjects\Project-Proposal\PrivateCoach\Project-EchoesofEquity\data/melspec\3132_aym_t12.npy,3132,south_asian,younger,male,trustworthy,12,,1.850375,162.8850953,57.50656451,
C:\MyProjects\Project-Proposal\PrivateCoach\Project-EchoesofEquity\data/wav\3132_aym_t13.wav,C:\MyProjects\Project-Proposal\PrivateCoach\Project-EchoesofEquity\data/melspec\3132_aym_t13.npy,3132,south_asian,younger,male,trustworthy,13,,1.811208333,149.571087,47.23632493,
C:\MyProjects\Project-Proposal\PrivateCoach\Project-EchoesofEquity\data/wav\3132_aym_t14.wav,C:\MyProjects\Project-Proposal\PrivateCoach\Project-EchoesofEquity\data/melspec\3132_aym_t14.npy,3132,south_asian,younger,male,trustworthy,14,,1.441833333,144.6762059,36.50567185,
C:\MyProjects\Project-Proposal\PrivateCoach\Project-EchoesofEquity\data/wav\3132_aym_t15.wav,C:\MyProjects\Project-Proposal\PrivateCoach\Project-EchoesofEquity\data/melspec\3132_aym_t15.npy,3132,south_asian,younger,male,trustworthy,15,,2.003020833,126.8476523,36.62803171,
C:\MyProjects\Project-Proposal\PrivateCoach\Project-EchoesofEquity\data/wav\3132_aym_t16.wav,C:\MyProjects\Project-Proposal\PrivateCoach\Project-EchoesofEquity\data/melspec\3132_aym_t16.npy,3132,south_asian,younger,male,trustworthy,16,,2.171354167,125.5072801,23.35648016,
