wav_path,spec_path,speaker_id,ethnicity,age_group,sex,intent,sentence_id,suffix
C:\MyProjects\Project-Proposal\PrivateCoach\Project-EchoesofEquity\data/wav\1893_wof_n01.wav,C:\MyProjects\Project-Proposal\PrivateCoach\Project-EchoesofEquity\data/melspec\1893_wof_n01.npy,1893,white,older,female,neutral,1,
C:\MyProjects\Project-Proposal\PrivateCoach\Project-EchoesofEquity\data/wav\1893_wof_n02.wav,C:\MyProjects\Project-Proposal\PrivateCoach\Project-EchoesofEquity\data/melspec\1893_wof_n02.npy,1893,white,older,female,neutral,2,
C:\MyProjects\Project-Proposal\PrivateCoach\Project-EchoesofEquity\data/wav\1893_wof_n03.wav,C:\MyProjects\Project-Proposal\PrivateCoach\Project-EchoesofEquity\data/melspec\1893_wof_n03.npy,1893,white,older,female,neutral,3,
C:\MyProjects\Project-Proposal\PrivateCoach\Project-EchoesofEquity\data/wav\1893_wof_n04cc.wav,C:\MyProjects\Project-Proposal\PrivateCoach\Project-EchoesofEquity\data/melspec\1893_wof_n04cc.npy,1893,white,older,female,neutral,4,cc
C:\MyProjects\Project-Proposal\PrivateCoach\Project-EchoesofEquity\data/wav\1893_wof_n05.wav,C:\MyProjects\Project-Proposal\PrivateCoach\Project-EchoesofEquity\data/melspec\1893_wof_n05.npy,1893,white,older,female,neutral,5,
C:\MyProjects\Project-Proposal\PrivateCoach\Project-EchoesofEquity\data/wav\1893_wof_n06c.wav,C:\MyProjects\Project-Proposal\PrivateCoach\Project-EchoesofEquity\data/melspec\1893_wof_n06c.npy,1893,white,older,female,neutral,6,c
C:\MyProjects\Project-Proposal\PrivateCoach\Project-EchoesofEquity\data/wav\1893_wof_t01.wav,C:\MyProjects\Project-Proposal\PrivateCoach\Project-EchoesofEquity\data/melspec\1893_wof_t01.npy,1893,white,older,female,trustworthy,1,
C:\MyProjects\Project-Proposal\PrivateCoach\Project-EchoesofEquity\data/wav\1893_wof_t02.wav,C:\MyProjects\Project-Proposal\PrivateCoach\Project-EchoesofEquity\data/melspec\1893_wof_t02.npy,1893,white,older,female,trustworthy,2,
C:\MyProjects\Project-Proposal\PrivateCoach\Project-EchoesofEquity\data/wav\1893_wof_t03.wav,C:\MyProjects\Project-Proposal\PrivateCoach\Project-EchoesofEquity\data/melspec\1893_wof_t03.npy,1893,white,older,female,trustworthy,3,
C:\MyProjects\Project-Proposal\PrivateCoach\Project-EchoesofEquity\data/wav\1893_wof_t04.wav,C:\MyProjects\Project-Proposal\PrivateCoach\Project-EchoesofEquity\data/melspec\1893_wof_t04.npy,1893,white,older,female,trustworthy,4,
C:\MyProjects\Project-Proposal\PrivateCoach\Project-EchoesofEquity\data/wav\1893_wof_t05.wav,C:\MyProjects\Project-Proposal\PrivateCoach\Project-EchoesofEquity\data/melspec\1893_wof_t05.npy,1893,white,older,female,trustworthy,5,
C:\MyProjects\Project-Proposal\PrivateCoach\Project-EchoesofEquity\data/wav\1893_wof_t06.wav,C:\MyProjects\Project-Proposal\PrivateCoach\Project-EchoesofEquity\data/melspec\1893_wof_t06.npy,1893,white,older,female,trustworthy,6,
C:\MyProjects\Project-Proposal\PrivateCoach\Project-EchoesofEquity\data/wav\1896_ayf_n01.wav,C:\MyProjects\Project-Proposal\PrivateCoach\Project-EchoesofEquity\data/melspec\1896_ayf_n01.npy,1896,south_asian,younger,female,neutral,1,
C:\MyProjects\Project-Proposal\PrivateCoach\Project-EchoesofEquity\data/wav\1896_ayf_n02.wav,C:\MyProjects\Project-Proposal\PrivateCoach\Project-EchoesofEquity\data/melspec\1896_ayf_n02.npy,1896,south_asian,younger,female,neutral,2,
C:\MyProjects\Project-Proposal\PrivateCoach\Project-EchoesofEquity\data/wav\1896_ayf_n03.wav,C:\MyProjects\Project-Proposal\PrivateCoach\Project-EchoesofEquity\data/melspec\1896_ayf_n03.npy,1896,south_asian,younger,female,neutral,3,
C:\MyProjects\Project-Proposal\PrivateCoach\Project-EchoesofEquity\data/wav\1896_ayf_n04.wav,C:\MyProjects\Project-Proposal\PrivateCoach\Project-EchoesofEquity\data/melspec\1896_ayf_n04.npy,1896,south_asian,younger,female,neutral,4,
C:\MyProjects\Project-Proposal\PrivateCoach\Project-EchoesofEquity\data/wav\1896_ayf_n05c.wav,C:\MyProjects\Project-Proposal\PrivateCoach\Project-EchoesofEquity\data/melspec\1896_ayf_n05c.npy,1896,south_asian,younger,female,neutral,5,c
C:\MyProjects\Project-Proposal\PrivateCoach\Project-EchoesofEquity\data/wav\1896_ayf_n06c.wav,C:\MyProjects\Project-Proposal\PrivateCoach\Project-EchoesofEquity\data/melspec\1896_ayf_n06c.npy,1896,south_asian,younger,female,neutral,6,c
C:\MyProjects\Project-Proposal\PrivateCoach\Project-EchoesofEquity\data/wav\1896_ayf_t01c.wav,C:\MyProjects\Project-Proposal\PrivateCoach\Project-EchoesofEquity\data/melspec\1896_ayf_t01c.npy,1896,south_asian,younger,female,trustworthy,1,c
C:\MyProjects\Project-Proposal\PrivateCoach\Project-EchoesofEquity\data/wav\1896_ayf_t02.wav,C:\MyProjects\Project-Proposal\PrivateCoach\Project-EchoesofEquity\data/melspec\1896_ayf_t02.npy,1896,south_asian,younger,female,trustworthy,2,
C:\MyProjects\Project-Proposal\PrivateCoach\Project-EchoesofEquity\data/wav\1896_ayf_t03c.wav,C:\MyProjects\Project-Proposal\PrivateCoach\Project-EchoesofEquity\data/melspec\1896_ayf_t03c.npy,1896,south_asian,younger,female,trustworthy,3,c
C:\MyProjects\Project-Proposal\PrivateCoach\Project-EchoesofEquity\data/wav\1896_ayf_t04c.wav,C:\MyProjects\Project-Proposal\PrivateCoach\Project-EchoesofEquity\data/melspec\1896_ayf_t04c.npy,1896,south_asian,younger,female,trustworthy,4,c
C:\MyProjects\Project-Proposal\PrivateCoach\Project-EchoesofEquity\data/wav\1896_ayf_t05.wav,C:\MyProjects\Project-Proposal\PrivateCoach\Project-EchoesofEquity\data/melspec\1896_ayf_t05.npy,1896,south_asian,younger,female,trustworthy,5,
C:\MyProjects\Project-Proposal\PrivateCoach\Project-EchoesofEquity\data/wav\1896_ayf_t06.wav,C:\MyProjects\Project-Proposal\PrivateCoach\Project-EchoesofEquity\data/melspec\1896_ayf_t06.npy,1896,south_asian,younger,female,trustworthy,6,
C:\MyProjects\Project-Proposal\PrivateCoach\Project-EchoesofEquity\data/wav\1898_wym_n01c.wav,C:\MyProjects\Project-Proposal\PrivateCoach\Project-EchoesofEquity\data/melspec\1898_wym_n01c.npy,1898,white,younger,male,neutral,1,c
C:\MyProjects\Project-Proposal\PrivateCoach\Project-EchoesofEquity\data/wav\1898_wym_n02c.wav,C:\MyProjects\Project-Proposal\PrivateCoach\Project-EchoesofEquity\data/melspec\1898_wym_n02c.npy,1898,white,younger,male,neutral,2,c
C:\MyProjects\Project-Proposal\PrivateCoach\Project-EchoesofEquity\data/wav\1898_wym_n03.wav,C:\MyProjects\Project-Proposal\PrivateCoach\Project-EchoesofEquity\data/melspec\1898_wym_n03.npy,1898,white,younger,male,neutral,3,
C:\MyProjects\Project-Proposal\PrivateCoach\Project-EchoesofEquity\data/wav\1898_wym_n04c.wav,C:\MyProjects\Project-Proposal\PrivateCoach\Project-EchoesofEquity\data/melspec\1898_wym_n04c.npy,1898,white,younger,male,neutral,4,c
C:\MyProjects\Project-Proposal\PrivateCoach\Project-EchoesofEquity\data/wav\1898_wym_n05c.wav,C:\MyProjects\Project-Proposal\PrivateCoach\Project-EchoesofEquity\data/melspec\1898_wym_n05c.npy,1898,white,younger,male,neutral,5,c
C:\MyProjects\Project-Proposal\PrivateCoach\Project-EchoesofEquity\data/wav\1898_wym_n06.wav,C:\MyProjects\Project-Proposal\PrivateCoach\Project-EchoesofEquity\data/melspec\1898_wym_n06.npy,1898,white,younger,male,neutral,6,
C:\MyProjects\Project-Proposal\PrivateCoach\Project-EchoesofEquity\data/wav\1898_wym_t01c.wav,C:\MyProjects\Project-Proposal\PrivateCoach\Project-EchoesofEquity\data/melspec\1898_wym_t01c.npy,1898,white,younger,male,trustworthy,1,c
C:\MyProjects\Project-Proposal\PrivateCoach\Project-EchoesofEquity\data/wav\1898_wym_t02c.wav,C:\MyProjects\Project-Proposal\PrivateCoach\Project-EchoesofEquity\data/melspec\1898_wym_t02c.npy,1898,white,younger,male,trustworthy,2,c
C:\MyProjects\Project-Proposal\PrivateCoach\Project-EchoesofEquity\data/wav\1898_wym_t03.wav,C:\MyProjects\Project-Proposal\PrivateCoach\Project-EchoesofEquity\data/melspec\1898_wym_t03.npy,1898,white,younger,male,trustworthy,3,
C:\MyProjects\Project-Proposal\PrivateCoach\Project-EchoesofEquity\data/wav\1898_wym_t04.wav,C:\MyProjects\Project-Proposal\PrivateCoach\Project-EchoesofEquity\data/melspec\1898_wym_t04.npy,1898,white,younger,male,trustworthy,4,
C:\MyProjects\Project-Proposal\PrivateCoach\Project-EchoesofEquity\data/wav\1898_wym_t05.wav,C:\MyProjects\Project-Proposal\PrivateCoach\Project-EchoesofEquity\data/melspec\1898_wym_t05.npy,1898,white,younger,male,trustworthy,5,
C:\MyProjects\Project-Proposal\PrivateCoach\Project-EchoesofEquity\data/wav\1898_wym_t06.wav,C:\MyProjects\Project-Proposal\PrivateCoach\Project-EchoesofEquity\data/melspec\1898_wym_t06.npy,1898,white,younger,male,trustworthy,6,
C:\MyProjects\Project-Proposal\PrivateCoach\Project-EchoesofEquity\data/wav\1899_aym_n01.wav,C:\MyProjects\Project-Proposal\PrivateCoach\Project-EchoesofEquity\data/melspec\1899_aym_n01.npy,1899,south_asian,younger,male,neutral,1,
C:\MyProjects\Project-Proposal\PrivateCoach\Project-EchoesofEquity\data/wav\1899_aym_n02.wav,C:\MyProjects\Project-Proposal\PrivateCoach\Project-EchoesofEquity\data/melspec\1899_aym_n02.npy,1899,south_asian,younger,male,neutral,2,
C:\MyProjects\Project-Proposal\PrivateCoach\Project-EchoesofEquity\data/wav\1899_aym_n03c.wav,C:\MyProjects\Project-Proposal\PrivateCoach\Project-EchoesofEquity\data/melspec\1899_aym_n03c.npy,1899,south_asian,younger,male,neutral,3,c
C:\MyProjects\Project-Proposal\PrivateCoach\Project-EchoesofEquity\data/wav\1899_aym_n04c.wav,C:\MyProjects\Project-Proposal\PrivateCoach\Project-EchoesofEquity\data/melspec\1899_aym_n04c.npy,1899,south_asian,younger,male,neutral,4,c
C:\MyProjects\Project-Proposal\PrivateCoach\Project-EchoesofEquity\data/wav\1899_aym_n05.wav,C:\MyProjects\Project-Proposal\PrivateCoach\Project-EchoesofEquity\data/melspec\1899_aym_n05.npy,1899,south_asian,younger,male,neutral,5,
C:\MyProjects\Project-Proposal\PrivateCoach\Project-EchoesofEquity\data/wav\1899_aym_n06.wav,C:\MyProjects\Project-Proposal\PrivateCoach\Project-EchoesofEquity\data/melspec\1899_aym_n06.npy,1899,south_asian,younger,male,neutral,6,
C:\MyProjects\Project-Proposal\PrivateCoach\Project-EchoesofEquity\data/wav\1899_aym_t01.wav,C:\MyProjects\Project-Proposal\PrivateCoach\Project-EchoesofEquity\data/melspec\1899_aym_t01.npy,1899,south_asian,younger,male,trustworthy,1,
C:\MyProjects\Project-Proposal\PrivateCoach\Project-EchoesofEquity\data/wav\1899_aym_t02c.wav,C:\MyProjects\Project-Proposal\PrivateCoach\Project-EchoesofEquity\data/melspec\1899_aym_t02c.npy,1899,south_asian,younger,male,trustworthy,2,c
C:\MyProjects\Project-Proposal\PrivateCoach\Project-EchoesofEquity\data/wav\1899_aym_t03.wav,C:\MyProjects\Project-Proposal\PrivateCoach\Project-EchoesofEquity\data/melspec\1899_aym_t03.npy,1899,south_asian,younger,male,trustworthy,3,
C:\MyProjects\Project-Proposal\PrivateCoach\Project-EchoesofEquity\data/wav\1899_aym_t04c.wav,C:\MyProjects\Project-Proposal\PrivateCoach\Project-EchoesofEquity\data/melspec\1899_aym_t04c.npy,1899,south_asian,younger,male,trustworthy,4,c
C:\MyProjects\Project-Proposal\PrivateCoach\Project-EchoesofEquity\data/wav\1899_aym_t05c.wav,C:\MyProjects\Project-Proposal\PrivateCoach\Project-EchoesofEquity\data/melspec\1899_aym_t05c.npy,1899,south_asian,younger,male,trustworthy,5,c
C:\MyProjects\Project-Proposal\PrivateCoach\Project-EchoesofEquity\data/wav\1899_aym_t06.wav,C:\MyProjects\Project-Proposal\PrivateCoach\Project-EchoesofEquity\data/melspec\1899_aym_t06.npy,1899,south_asian,younger,male,trustworthy,6,
C:\MyProjects\Project-Proposal\PrivateCoach\Project-EchoesofEquity\data/wav\1901_bof_n01c.wav,C:\MyProjects\Project-Proposal\PrivateCoach\Project-EchoesofEquity\data/melspec\1901_bof_n01c.npy,1901,black,older,female,neutral,1,c
C:\MyProjects\Project-Proposal\PrivateCoach\Project-EchoesofEquity\data/wav\1901_bof_n02c.wav,C:\MyProjects\Project-Proposal\PrivateCoach\Project-EchoesofEquity\data/melspec\1901_bof_n02c.npy,1901,black,older,female,neutral,2,c
C:\MyProjects\Project-Proposal\PrivateCoach\Project-EchoesofEquity\data/wav\1901_bof_n03c.wav,C:\MyProjects\Project-Proposal\PrivateCoach\Project-EchoesofEquity\data/melspec\1901_bof_n03c.npy,1901,black,older,female,neutral,3,c
C:\MyProjects\Project-Proposal\PrivateCoach\Project-EchoesofEquity\data/wav\1901_bof_n04c.wav,C:\MyProjects\Project-Proposal\PrivateCoach\Project-EchoesofEquity\data/melspec\1901_bof_n04c.npy,1901,black,older,female,neutral,4,c
C:\MyProjects\Project-Proposal\PrivateCoach\Project-EchoesofEquity\data/wav\1901_bof_n05.wav,C:\MyProjects\Project-Proposal\PrivateCoach\Project-EchoesofEquity\data/melspec\1901_bof_n05.npy,1901,black,older,female,neutral,5,
C:\MyProjects\Project-Proposal\PrivateCoach\Project-EchoesofEquity\data/wav\1901_bof_n06c.wav,C:\MyProjects\Project-Proposal\PrivateCoach\Project-EchoesofEquity\data/melspec\1901_bof_n06c.npy,1901,black,older,female,neutral,6,c
C:\MyProjects\Project-Proposal\PrivateCoach\Project-EchoesofEquity\data/wav\1901_bof_t01c.wav,C:\MyProjects\Project-Proposal\PrivateCoach\Project-EchoesofEquity\data/melspec\1901_bof_t01c.npy,1901,black,older,female,trustworthy,1,c
C:\MyProjects\Project-Proposal\PrivateCoach\Project-EchoesofEquity\data/wav\1901_bof_t02.wav,C:\MyProjects\Project-Proposal\PrivateCoach\Project-EchoesofEquity\data/melspec\1901_bof_t02.npy,1901,black,older,female,trustworthy,2,
C:\MyProjects\Project-Proposal\PrivateCoach\Project-EchoesofEquity\data/wav\1901_bof_t03.wav,C:\MyProjects\Project-Proposal\PrivateCoach\Project-EchoesofEquity\data/melspec\1901_bof_t03.npy,1901,black,older,female,trustworthy,3,
C:\MyProjects\Project-Proposal\PrivateCoach\Project-EchoesofEquity\data/wav\1901_bof_t04.wav,C:\MyProjects\Project-Proposal\PrivateCoach\Project-EchoesofEquity\data/melspec\1901_bof_t04.npy,1901,black,older,female,trustworthy,4,
C:\MyProjects\Project-Proposal\PrivateCoach\Project-EchoesofEquity\data/wav\1901_bof_t05c.wav,C:\MyProjects\Project-Proposal\PrivateCoach\Project-EchoesofEquity\data/melspec\1901_bof_t05c.npy,1901,black,older,female,trustworthy,5,c
C:\MyProjects\Project-Proposal\PrivateCoach\Project-EchoesofEquity\data/wav\1901_bof_t06.wav,C:\MyProjects\Project-Proposal\PrivateCoach\Project-EchoesofEquity\data/melspec\1901_bof_t06.npy,1901,black,older,female,trustworthy,6,
C:\MyProjects\Project-Proposal\PrivateCoach\Project-EchoesofEquity\data/wav\1904_bym_n01.wav,C:\MyProjects\Project-Proposal\PrivateCoach\Project-EchoesofEquity\data/melspec\1904_bym_n01.npy,1904,black,younger,male,neutral,1,
C:\MyProjects\Project-Proposal\PrivateCoach\Project-EchoesofEquity\data/wav\1904_bym_n02c.wav,C:\MyProjects\Project-Proposal\PrivateCoach\Project-EchoesofEquity\data/melspec\1904_bym_n02c.npy,1904,black,younger,male,neutral,2,c
C:\MyProjects\Project-Proposal\PrivateCoach\Project-EchoesofEquity\data/wav\1904_bym_n03.wav,C:\MyProjects\Project-Proposal\PrivateCoach\Project-EchoesofEquity\data/melspec\1904_bym_n03.npy,1904,black,younger,male,neutral,3,
C:\MyProjects\Project-Proposal\PrivateCoach\Project-EchoesofEquity\data/wav\1904_bym_n04c.wav,C:\MyProjects\Project-Proposal\PrivateCoach\Project-EchoesofEquity\data/melspec\1904_bym_n04c.npy,1904,black,younger,male,neutral,4,c
C:\MyProjects\Project-Proposal\PrivateCoach\Project-EchoesofEquity\data/wav\1904_bym_n05c.wav,C:\MyProjects\Project-Proposal\PrivateCoach\Project-EchoesofEquity\data/melspec\1904_bym_n05c.npy,1904,black,younger,male,neutral,5,c
C:\MyProjects\Project-Proposal\PrivateCoach\Project-EchoesofEquity\data/wav\1904_bym_n06c.wav,C:\MyProjects\Project-Proposal\PrivateCoach\Project-EchoesofEquity\data/melspec\1904_bym_n06c.npy,1904,black,younger,male,neutral,6,c
C:\MyProjects\Project-Proposal\PrivateCoach\Project-EchoesofEquity\data/wav\1904_bym_t01c.wav,C:\MyProjects\Project-Proposal\PrivateCoach\Project-EchoesofEquity\data/melspec\1904_bym_t01c.npy,1904,black,younger,male,trustworthy,1,c
C:\MyProjects\Project-Proposal\PrivateCoach\Project-EchoesofEquity\data/wav\1904_bym_t02.wav,C:\MyProjects\Project-Proposal\PrivateCoach\Project-EchoesofEquity\data/melspec\1904_bym_t02.npy,1904,black,younger,male,trustworthy,2,
C:\MyProjects\Project-Proposal\PrivateCoach\Project-EchoesofEquity\data/wav\1904_bym_t03c.wav,C:\MyProjects\Project-Proposal\PrivateCoach\Project-EchoesofEquity\data/melspec\1904_bym_t03c.npy,1904,black,younger,male,trustworthy,3,c
C:\MyProjects\Project-Proposal\PrivateCoach\Project-EchoesofEquity\data/wav\1904_bym_t04c.wav,C:\MyProjects\Project-Proposal\PrivateCoach\Project-EchoesofEquity\data/melspec\1904_bym_t04c.npy,1904,black,younger,male,trustworthy,4,c
C:\MyProjects\Project-Proposal\PrivateCoach\Project-EchoesofEquity\data/wav\1904_bym_t05.wav,C:\MyProjects\Project-Proposal\PrivateCoach\Project-EchoesofEquity\data/melspec\1904_bym_t05.npy,1904,black,younger,male,trustworthy,5,
C:\MyProjects\Project-Proposal\PrivateCoach\Project-EchoesofEquity\data/wav\1904_bym_t06c.wav,C:\MyProjects\Project-Proposal\PrivateCoach\Project-EchoesofEquity\data/melspec\1904_bym_t06c.npy,1904,black,younger,male,trustworthy,6,c
C:\MyProjects\Project-Proposal\PrivateCoach\Project-EchoesofEquity\data/wav\1906_byf_n01.wav,C:\MyProjects\Project-Proposal\PrivateCoach\Project-EchoesofEquity\data/melspec\1906_byf_n01.npy,1906,black,younger,female,neutral,1,
C:\MyProjects\Project-Proposal\PrivateCoach\Project-EchoesofEquity\data/wav\1906_byf_n02c.wav,C:\MyProjects\Project-Proposal\PrivateCoach\Project-EchoesofEquity\data/melspec\1906_byf_n02c.npy,1906,black,younger,female,neutral,2,c
C:\MyProjects\Project-Proposal\PrivateCoach\Project-EchoesofEquity\data/wav\1906_byf_n03c.wav,C:\MyProjects\Project-Proposal\PrivateCoach\Project-EchoesofEquity\data/melspec\1906_byf_n03c.npy,1906,black,younger,female,neutral,3,c
C:\MyProjects\Project-Proposal\PrivateCoach\Project-EchoesofEquity\data/wav\1906_byf_n04c.wav,C:\MyProjects\Project-Proposal\PrivateCoach\Project-EchoesofEquity\data/melspec\1906_byf_n04c.npy,1906,black,younger,female,neutral,4,c
C:\MyProjects\Project-Proposal\PrivateCoach\Project-EchoesofEquity\data/wav\1906_byf_n05.wav,C:\MyProjects\Project-Proposal\PrivateCoach\Project-EchoesofEquity\data/melspec\1906_byf_n05.npy,1906,black,younger,female,neutral,5,
C:\MyProjects\Project-Proposal\PrivateCoach\Project-EchoesofEquity\data/wav\1906_byf_n06c.wav,C:\MyProjects\Project-Proposal\PrivateCoach\Project-EchoesofEquity\data/melspec\1906_byf_n06c.npy,1906,black,younger,female,neutral,6,c
C:\MyProjects\Project-Proposal\PrivateCoach\Project-EchoesofEquity\data/wav\1906_byf_t01.wav,C:\MyProjects\Project-Proposal\PrivateCoach\Project-EchoesofEquity\data/melspec\1906_byf_t01.npy,1906,black,younger,female,trustworthy,1,
C:\MyProjects\Project-Proposal\PrivateCoach\Project-EchoesofEquity\data/wav\1906_byf_t02.wav,C:\MyProjects\Project-Proposal\PrivateCoach\Project-EchoesofEquity\data/melspec\1906_byf_t02.npy,1906,black,younger,female,trustworthy,2,
C:\MyProjects\Project-Proposal\PrivateCoach\Project-EchoesofEquity\data/wav\1906_byf_t03.wav,C:\MyProjects\Project-Proposal\PrivateCoach\Project-EchoesofEquity\data/melspec\1906_byf_t03.npy,1906,black,younger,female,trustworthy,3,
C:\MyProjects\Project-Proposal\PrivateCoach\Project-EchoesofEquity\data/wav\1906_byf_t04.wav,C:\MyProjects\Project-Proposal\PrivateCoach\Project-EchoesofEquity\data/melspec\1906_byf_t04.npy,1906,black,younger,female,trustworthy,4,
C:\MyProjects\Project-Proposal\PrivateCoach\Project-EchoesofEquity\data/wav\1906_byf_t05.wav,C:\MyProjects\Project-Proposal\PrivateCoach\Project-EchoesofEquity\data/melspec\1906_byf_t05.npy,1906,black,younger,female,trustworthy,5,
C:\MyProjects\Project-Proposal\PrivateCoach\Project-EchoesofEquity\data/wav\1906_byf_t06.wav,C:\MyProjects\Project-Proposal\PrivateCoach\Project-EchoesofEquity\data/melspec\1906_byf_t06.npy,1906,black,younger,female,trustworthy,6,
C:\MyProjects\Project-Proposal\PrivateCoach\Project-EchoesofEquity\data/wav\1909_wom_n01.wav,C:\MyProjects\Project-Proposal\PrivateCoach\Project-EchoesofEquity\data/melspec\1909_wom_n01.npy,1909,white,older,male,neutral,1,
C:\MyProjects\Project-Proposal\PrivateCoach\Project-EchoesofEquity\data/wav\1909_wom_n02c.wav,C:\MyProjects\Project-Proposal\PrivateCoach\Project-EchoesofEquity\data/melspec\1909_wom_n02c.npy,1909,white,older,male,neutral,2,c
C:\MyProjects\Project-Proposal\PrivateCoach\Project-EchoesofEquity\data/wav\1909_wom_n03.wav,C:\MyProjects\Project-Proposal\PrivateCoach\Project-EchoesofEquity\data/melspec\1909_wom_n03.npy,1909,white,older,male,neutral,3,
C:\MyProjects\Project-Proposal\PrivateCoach\Project-EchoesofEquity\data/wav\1909_wom_n04.wav,C:\MyProjects\Project-Proposal\PrivateCoach\Project-EchoesofEquity\data/melspec\1909_wom_n04.npy,1909,white,older,male,neutral,4,
C:\MyProjects\Project-Proposal\PrivateCoach\Project-EchoesofEquity\data/wav\1909_wom_n05c.wav,C:\MyProjects\Project-Proposal\PrivateCoach\Project-EchoesofEquity\data/melspec\1909_wom_n05c.npy,1909,white,older,male,neutral,5,c
C:\MyProjects\Project-Proposal\PrivateCoach\Project-EchoesofEquity\data/wav\1909_wom_n06.wav,C:\MyProjects\Project-Proposal\PrivateCoach\Project-EchoesofEquity\data/melspec\1909_wom_n06.npy,1909,white,older,male,neutral,6,
C:\MyProjects\Project-Proposal\PrivateCoach\Project-EchoesofEquity\data/wav\1909_wom_t01c.wav,C:\MyProjects\Project-Proposal\PrivateCoach\Project-EchoesofEquity\data/melspec\1909_wom_t01c.npy,1909,white,older,male,trustworthy,1,c
C:\MyProjects\Project-Proposal\PrivateCoach\Project-EchoesofEquity\data/wav\1909_wom_t02.wav,C:\MyProjects\Project-Proposal\PrivateCoach\Project-EchoesofEquity\data/melspec\1909_wom_t02.npy,1909,white,older,male,trustworthy,2,
C:\MyProjects\Project-Proposal\PrivateCoach\Project-EchoesofEquity\data/wav\1909_wom_t03.wav,C:\MyProjects\Project-Proposal\PrivateCoach\Project-EchoesofEquity\data/melspec\1909_wom_t03.npy,1909,white,older,male,trustworthy,3,
C:\MyProjects\Project-Proposal\PrivateCoach\Project-EchoesofEquity\data/wav\1909_wom_t04c.wav,C:\MyProjects\Project-Proposal\PrivateCoach\Project-EchoesofEquity\data/melspec\1909_wom_t04c.npy,1909,white,older,male,trustworthy,4,c
C:\MyProjects\Project-Proposal\PrivateCoach\Project-EchoesofEquity\data/wav\1909_wom_t05.wav,C:\MyProjects\Project-Proposal\PrivateCoach\Project-EchoesofEquity\data/melspec\1909_wom_t05.npy,1909,white,older,male,trustworthy,5,
C:\MyProjects\Project-Proposal\PrivateCoach\Project-EchoesofEquity\data/wav\1909_wom_t06.wav,C:\MyProjects\Project-Proposal\PrivateCoach\Project-EchoesofEquity\data/melspec\1909_wom_t06.npy,1909,white,older,male,trustworthy,6,
C:\MyProjects\Project-Proposal\PrivateCoach\Project-EchoesofEquity\data/wav\1911_wom_n03c.wav,C:\MyProjects\Project-Proposal\PrivateCoach\Project-EchoesofEquity\data/melspec\1911_wom_n03c.npy,1911,white,older,male,neutral,3,c
C:\MyProjects\Project-Proposal\PrivateCoach\Project-EchoesofEquity\data/wav\1911_wom_n04c.wav,C:\MyProjects\Project-Proposal\PrivateCoach\Project-EchoesofEquity\data/melspec\1911_wom_n04c.npy,1911,white,older,male,neutral,4,c
C:\MyProjects\Project-Proposal\PrivateCoach\Project-EchoesofEquity\data/wav\1911_wom_n05.wav,C:\MyProjects\Project-Proposal\PrivateCoach\Project-EchoesofEquity\data/melspec\1911_wom_n05.npy,1911,white,older,male,neutral,5,
C:\MyProjects\Project-Proposal\PrivateCoach\Project-EchoesofEquity\data/wav\1911_wom_n06.wav,C:\MyProjects\Project-Proposal\PrivateCoach\Project-EchoesofEquity\data/melspec\1911_wom_n06.npy,1911,white,older,male,neutral,6,
C:\MyProjects\Project-Proposal\PrivateCoach\Project-EchoesofEquity\data/wav\1911_wom_n07c.wav,C:\MyProjects\Project-Proposal\PrivateCoach\Project-EchoesofEquity\data/melspec\1911_wom_n07c.npy,1911,white,older,male,neutral,7,c
C:\MyProjects\Project-Proposal\PrivateCoach\Project-EchoesofEquity\data/wav\1911_wom_n08c.wav,C:\MyProjects\Project-Proposal\PrivateCoach\Project-EchoesofEquity\data/melspec\1911_wom_n08c.npy,1911,white,older,male,neutral,8,c
C:\MyProjects\Project-Proposal\PrivateCoach\Project-EchoesofEquity\data/wav\1911_wom_t03c.wav,C:\MyProjects\Project-Proposal\PrivateCoach\Project-EchoesofEquity\data/melspec\1911_wom_t03c.npy,1911,white,older,male,trustworthy,3,c
C:\MyProjects\Project-Proposal\PrivateCoach\Project-EchoesofEquity\data/wav\1911_wom_t04.wav,C:\MyProjects\Project-Proposal\PrivateCoach\Project-EchoesofEquity\data/melspec\1911_wom_t04.npy,1911,white,older,male,trustworthy,4,
C:\MyProjects\Project-Proposal\PrivateCoach\Project-EchoesofEquity\data/wav\1911_wom_t05c.wav,C:\MyProjects\Project-Proposal\PrivateCoach\Project-EchoesofEquity\data/melspec\1911_wom_t05c.npy,1911,white,older,male,trustworthy,5,c
C:\MyProjects\Project-Proposal\PrivateCoach\Project-EchoesofEquity\data/wav\1911_wom_t06c.wav,C:\MyProjects\Project-Proposal\PrivateCoach\Project-EchoesofEquity\data/melspec\1911_wom_t06c.npy,1911,white,older,male,trustworthy,6,c
C:\MyProjects\Project-Proposal\PrivateCoach\Project-EchoesofEquity\data/wav\1911_wom_t07.wav,C:\MyProjects\Project-Proposal\PrivateCoach\Project-EchoesofEquity\data/melspec\1911_wom_t07.npy,1911,white,older,male,trustworthy,7,
C:\MyProjects\Project-Proposal\PrivateCoach\Project-EchoesofEquity\data/wav\1912_wof_n03.wav,C:\MyProjects\Project-Proposal\PrivateCoach\Project-EchoesofEquity\data/melspec\1912_wof_n03.npy,1912,white,older,female,neutral,3,
C:\MyProjects\Project-Proposal\PrivateCoach\Project-EchoesofEquity\data/wav\1912_wof_n04c.wav,C:\MyProjects\Project-Proposal\PrivateCoach\Project-EchoesofEquity\data/melspec\1912_wof_n04c.npy,1912,white,older,female,neutral,4,c
C:\MyProjects\Project-Proposal\PrivateCoach\Project-EchoesofEquity\data/wav\1912_wof_n05.wav,C:\MyProjects\Project-Proposal\PrivateCoach\Project-EchoesofEquity\data/melspec\1912_wof_n05.npy,1912,white,older,female,neutral,5,
C:\MyProjects\Project-Proposal\PrivateCoach\Project-EchoesofEquity\data/wav\1912_wof_n06c.wav,C:\MyProjects\Project-Proposal\PrivateCoach\Project-EchoesofEquity\data/melspec\1912_wof_n06c.npy,1912,white,older,female,neutral,6,c
C:\MyProjects\Project-Proposal\PrivateCoach\Project-EchoesofEquity\data/wav\1912_wof_n07.wav,C:\MyProjects\Project-Proposal\PrivateCoach\Project-EchoesofEquity\data/melspec\1912_wof_n07.npy,1912,white,older,female,neutral,7,
C:\MyProjects\Project-Proposal\PrivateCoach\Project-EchoesofEquity\data/wav\1912_wof_n08.wav,C:\MyProjects\Project-Proposal\PrivateCoach\Project-EchoesofEquity\data/melspec\1912_wof_n08.npy,1912,white,older,female,neutral,8,
C:\MyProjects\Project-Proposal\PrivateCoach\Project-EchoesofEquity\data/wav\1912_wof_t03.wav,C:\MyProjects\Project-Proposal\PrivateCoach\Project-EchoesofEquity\data/melspec\1912_wof_t03.npy,1912,white,older,female,trustworthy,3,
C:\MyProjects\Project-Proposal\PrivateCoach\Project-EchoesofEquity\data/wav\1912_wof_t04c.wav,C:\MyProjects\Project-Proposal\PrivateCoach\Project-EchoesofEquity\data/melspec\1912_wof_t04c.npy,1912,white,older,female,trustworthy,4,c
C:\MyProjects\Project-Proposal\PrivateCoach\Project-EchoesofEquity\data/wav\1912_wof_t05c.wav,C:\MyProjects\Project-Proposal\PrivateCoach\Project-EchoesofEquity\data/melspec\1912_wof_t05c.npy,1912,white,older,female,trustworthy,5,c
C:\MyProjects\Project-Proposal\PrivateCoach\Project-EchoesofEquity\data/wav\1912_wof_t06c.wav,C:\MyProjects\Project-Proposal\PrivateCoach\Project-EchoesofEquity\data/melspec\1912_wof_t06c.npy,1912,white,older,female,trustworthy,6,c
C:\MyProjects\Project-Proposal\PrivateCoach\Project-EchoesofEquity\data/wav\1912_wof_t07.wav,C:\MyProjects\Project-Proposal\PrivateCoach\Project-EchoesofEquity\data/melspec\1912_wof_t07.npy,1912,white,older,female,trustworthy,7,
C:\MyProjects\Project-Proposal\PrivateCoach\Project-EchoesofEquity\data/wav\1912_wof_t08c.wav,C:\MyProjects\Project-Proposal\PrivateCoach\Project-EchoesofEquity\data/melspec\1912_wof_t08c.npy,1912,white,older,female,trustworthy,8,c
C:\MyProjects\Project-Proposal\PrivateCoach\Project-EchoesofEquity\data/wav\1913_aym_n03.wav,C:\MyProjects\Project-Proposal\PrivateCoach\Project-EchoesofEquity\data/melspec\1913_aym_n03.npy,1913,south_asian,younger,male,neutral,3,
C:\MyProjects\Project-Proposal\PrivateCoach\Project-EchoesofEquity\data/wav\1913_aym_n04c.wav,C:\MyProjects\Project-Proposal\PrivateCoach\Project-EchoesofEquity\data/melspec\1913_aym_n04c.npy,1913,south_asian,younger,male,neutral,4,c
C:\MyProjects\Project-Proposal\PrivateCoach\Project-EchoesofEquity\data/wav\1913_aym_n05c.wav,C:\MyProjects\Project-Proposal\PrivateCoach\Project-EchoesofEquity\data/melspec\1913_aym_n05c.npy,1913,south_asian,younger,male,neutral,5,c
C:\MyProjects\Project-Proposal\PrivateCoach\Project-EchoesofEquity\data/wav\1913_aym_n06c.wav,C:\MyProjects\Project-Proposal\PrivateCoach\Project-EchoesofEquity\data/melspec\1913_aym_n06c.npy,1913,south_asian,younger,male,neutral,6,c
C:\MyProjects\Project-Proposal\PrivateCoach\Project-EchoesofEquity\data/wav\1913_aym_n07.wav,C:\MyProjects\Project-Proposal\PrivateCoach\Project-EchoesofEquity\data/melspec\1913_aym_n07.npy,1913,south_asian,younger,male,neutral,7,
C:\MyProjects\Project-Proposal\PrivateCoach\Project-EchoesofEquity\data/wav\1913_aym_n08.wav,C:\MyProjects\Project-Proposal\PrivateCoach\Project-EchoesofEquity\data/melspec\1913_aym_n08.npy,1913,south_asian,younger,male,neutral,8,
C:\MyProjects\Project-Proposal\PrivateCoach\Project-EchoesofEquity\data/wav\1913_aym_t03c.wav,C:\MyProjects\Project-Proposal\PrivateCoach\Project-EchoesofEquity\data/melspec\1913_aym_t03c.npy,1913,south_asian,younger,male,trustworthy,3,c
C:\MyProjects\Project-Proposal\PrivateCoach\Project-EchoesofEquity\data/wav\1913_aym_t04c.wav,C:\MyProjects\Project-Proposal\PrivateCoach\Project-EchoesofEquity\data/melspec\1913_aym_t04c.npy,1913,south_asian,younger,male,trustworthy,4,c
C:\MyProjects\Project-Proposal\PrivateCoach\Project-EchoesofEquity\data/wav\1913_aym_t05c.wav,C:\MyProjects\Project-Proposal\PrivateCoach\Project-EchoesofEquity\data/melspec\1913_aym_t05c.npy,1913,south_asian,younger,male,trustworthy,5,c
C:\MyProjects\Project-Proposal\PrivateCoach\Project-EchoesofEquity\data/wav\1913_aym_t06.wav,C:\MyProjects\Project-Proposal\PrivateCoach\Project-EchoesofEquity\data/melspec\1913_aym_t06.npy,1913,south_asian,younger,male,trustworthy,6,
C:\MyProjects\Project-Proposal\PrivateCoach\Project-EchoesofEquity\data/wav\1913_aym_t07c.wav,C:\MyProjects\Project-Proposal\PrivateCoach\Project-EchoesofEquity\data/melspec\1913_aym_t07c.npy,1913,south_asian,younger,male,trustworthy,7,c
C:\MyProjects\Project-Proposal\PrivateCoach\Project-EchoesofEquity\data/wav\1913_aym_t08c.wav,C:\MyProjects\Project-Proposal\PrivateCoach\Project-EchoesofEquity\data/melspec\1913_aym_t08c.npy,1913,south_asian,younger,male,trustworthy,8,c
C:\MyProjects\Project-Proposal\PrivateCoach\Project-EchoesofEquity\data/wav\1914_wof_n05c.wav,C:\MyProjects\Project-Proposal\PrivateCoach\Project-EchoesofEquity\data/melspec\1914_wof_n05c.npy,1914,white,older,female,neutral,5,c
C:\MyProjects\Project-Proposal\PrivateCoach\Project-EchoesofEquity\data/wav\1914_wof_n06c.wav,C:\MyProjects\Project-Proposal\PrivateCoach\Project-EchoesofEquity\data/melspec\1914_wof_n06c.npy,1914,white,older,female,neutral,6,c
C:\MyProjects\Project-Proposal\PrivateCoach\Project-EchoesofEquity\data/wav\1914_wof_n07c.wav,C:\MyProjects\Project-Proposal\PrivateCoach\Project-EchoesofEquity\data/melspec\1914_wof_n07c.npy,1914,white,older,female,neutral,7,c
C:\MyProjects\Project-Proposal\PrivateCoach\Project-EchoesofEquity\data/wav\1914_wof_n08c.wav,C:\MyProjects\Project-Proposal\PrivateCoach\Project-EchoesofEquity\data/melspec\1914_wof_n08c.npy,1914,white,older,female,neutral,8,c
C:\MyProjects\Project-Proposal\PrivateCoach\Project-EchoesofEquity\data/wav\1914_wof_n09.wav,C:\MyProjects\Project-Proposal\PrivateCoach\Project-EchoesofEquity\data/melspec\1914_wof_n09.npy,1914,white,older,female,neutral,9,
C:\MyProjects\Project-Proposal\PrivateCoach\Project-EchoesofEquity\data/wav\1914_wof_n10c.wav,C:\MyProjects\Project-Proposal\PrivateCoach\Project-EchoesofEquity\data/melspec\1914_wof_n10c.npy,1914,white,older,female,neutral,10,c
C:\MyProjects\Project-Proposal\PrivateCoach\Project-EchoesofEquity\data/wav\1914_wof_t05.wav,C:\MyProjects\Project-Proposal\PrivateCoach\Project-EchoesofEquity\data/melspec\1914_wof_t05.npy,1914,white,older,female,trustworthy,5,
C:\MyProjects\Project-Proposal\PrivateCoach\Project-EchoesofEquity\data/wav\1914_wof_t06.wav,C:\MyProjects\Project-Proposal\PrivateCoach\Project-EchoesofEquity\data/melspec\1914_wof_t06.npy,1914,white,older,female,trustworthy,6,
C:\MyProjects\Project-Proposal\PrivateCoach\Project-EchoesofEquity\data/wav\1914_wof_t07cc.wav,C:\MyProjects\Project-Proposal\PrivateCoach\Project-EchoesofEquity\data/melspec\1914_wof_t07cc.npy,1914,white,older,female,trustworthy,7,cc
C:\MyProjects\Project-Proposal\PrivateCoach\Project-EchoesofEquity\data/wav\1914_wof_t08cc.wav,C:\MyProjects\Project-Proposal\PrivateCoach\Project-EchoesofEquity\data/melspec\1914_wof_t08cc.npy,1914,white,older,female,trustworthy,8,cc
C:\MyProjects\Project-Proposal\PrivateCoach\Project-EchoesofEquity\data/wav\1914_wof_t09.wav,C:\MyProjects\Project-Proposal\PrivateCoach\Project-EchoesofEquity\data/melspec\1914_wof_t09.npy,1914,white,older,female,trustworthy,9,
C:\MyProjects\Project-Proposal\PrivateCoach\Project-EchoesofEquity\data/wav\1914_wof_t10.wav,C:\MyProjects\Project-Proposal\PrivateCoach\Project-EchoesofEquity\data/melspec\1914_wof_t10.npy,1914,white,older,female,trustworthy,10,
C:\MyProjects\Project-Proposal\PrivateCoach\Project-EchoesofEquity\data/wav\1915_bym_n03.wav,C:\MyProjects\Project-Proposal\PrivateCoach\Project-EchoesofEquity\data/melspec\1915_bym_n03.npy,1915,black,younger,male,neutral,3,
C:\MyProjects\Project-Proposal\PrivateCoach\Project-EchoesofEquity\data/wav\1915_bym_n04.wav,C:\MyProjects\Project-Proposal\PrivateCoach\Project-EchoesofEquity\data/melspec\1915_bym_n04.npy,1915,black,younger,male,neutral,4,
C:\MyProjects\Project-Proposal\PrivateCoach\Project-EchoesofEquity\data/wav\1915_bym_n05.wav,C:\MyProjects\Project-Proposal\PrivateCoach\Project-EchoesofEquity\data/melspec\1915_bym_n05.npy,1915,black,younger,male,neutral,5,
C:\MyProjects\Project-Proposal\PrivateCoach\Project-EchoesofEquity\data/wav\1915_bym_n06.wav,C:\MyProjects\Project-Proposal\PrivateCoach\Project-EchoesofEquity\data/melspec\1915_bym_n06.npy,1915,black,younger,male,neutral,6,
C:\MyProjects\Project-Proposal\PrivateCoach\Project-EchoesofEquity\data/wav\1915_bym_n07.wav,C:\MyProjects\Project-Proposal\PrivateCoach\Project-EchoesofEquity\data/melspec\1915_bym_n07.npy,1915,black,younger,male,neutral,7,
C:\MyProjects\Project-Proposal\PrivateCoach\Project-EchoesofEquity\data/wav\1915_bym_n08.wav,C:\MyProjects\Project-Proposal\PrivateCoach\Project-EchoesofEquity\data/melspec\1915_bym_n08.npy,1915,black,younger,male,neutral,8,
C:\MyProjects\Project-Proposal\PrivateCoach\Project-EchoesofEquity\data/wav\1915_bym_t03c.wav,C:\MyProjects\Project-Proposal\PrivateCoach\Project-EchoesofEquity\data/melspec\1915_bym_t03c.npy,1915,black,younger,male,trustworthy,3,c
C:\MyProjects\Project-Proposal\PrivateCoach\Project-EchoesofEquity\data/wav\1915_bym_t04.wav,C:\MyProjects\Project-Proposal\PrivateCoach\Project-EchoesofEquity\data/melspec\1915_bym_t04.npy,1915,black,younger,male,trustworthy,4,
C:\MyProjects\Project-Proposal\PrivateCoach\Project-EchoesofEquity\data/wav\1915_bym_t05c.wav,C:\MyProjects\Project-Proposal\PrivateCoach\Project-EchoesofEquity\data/melspec\1915_bym_t05c.npy,1915,black,younger,male,trustworthy,5,c
C:\MyProjects\Project-Proposal\PrivateCoach\Project-EchoesofEquity\data/wav\1915_bym_t06c.wav,C:\MyProjects\Project-Proposal\PrivateCoach\Project-EchoesofEquity\data/melspec\1915_bym_t06c.npy,1915,black,younger,male,trustworthy,6,c
C:\MyProjects\Project-Proposal\PrivateCoach\Project-EchoesofEquity\data/wav\1915_bym_t07c.wav,C:\MyProjects\Project-Proposal\PrivateCoach\Project-EchoesofEquity\data/melspec\1915_bym_t07c.npy,1915,black,younger,male,trustworthy,7,c
C:\MyProjects\Project-Proposal\PrivateCoach\Project-EchoesofEquity\data/wav\1915_bym_t08.wav,C:\MyProjects\Project-Proposal\PrivateCoach\Project-EchoesofEquity\data/melspec\1915_bym_t08.npy,1915,black,younger,male,trustworthy,8,
C:\MyProjects\Project-Proposal\PrivateCoach\Project-EchoesofEquity\data/wav\1916_wom_n05.wav,C:\MyProjects\Project-Proposal\PrivateCoach\Project-EchoesofEquity\data/melspec\1916_wom_n05.npy,1916,white,older,male,neutral,5,
C:\MyProjects\Project-Proposal\PrivateCoach\Project-EchoesofEquity\data/wav\1916_wom_n06.wav,C:\MyProjects\Project-Proposal\PrivateCoach\Project-EchoesofEquity\data/melspec\1916_wom_n06.npy,1916,white,older,male,neutral,6,
C:\MyProjects\Project-Proposal\PrivateCoach\Project-EchoesofEquity\data/wav\1916_wom_n07.wav,C:\MyProjects\Project-Proposal\PrivateCoach\Project-EchoesofEquity\data/melspec\1916_wom_n07.npy,1916,white,older,male,neutral,7,
C:\MyProjects\Project-Proposal\PrivateCoach\Project-EchoesofEquity\data/wav\1916_wom_n08c.wav,C:\MyProjects\Project-Proposal\PrivateCoach\Project-EchoesofEquity\data/melspec\1916_wom_n08c.npy,1916,white,older,male,neutral,8,c
C:\MyProjects\Project-Proposal\PrivateCoach\Project-EchoesofEquity\data/wav\1916_wom_n09c.wav,C:\MyProjects\Project-Proposal\PrivateCoach\Project-EchoesofEquity\data/melspec\1916_wom_n09c.npy,1916,white,older,male,neutral,9,c
C:\MyProjects\Project-Proposal\PrivateCoach\Project-EchoesofEquity\data/wav\1916_wom_n10c.wav,C:\MyProjects\Project-Proposal\PrivateCoach\Project-EchoesofEquity\data/melspec\1916_wom_n10c.npy,1916,white,older,male,neutral,10,c
C:\MyProjects\Project-Proposal\PrivateCoach\Project-EchoesofEquity\data/wav\1916_wom_t05.wav,C:\MyProjects\Project-Proposal\PrivateCoach\Project-EchoesofEquity\data/melspec\1916_wom_t05.npy,1916,white,older,male,trustworthy,5,
C:\MyProjects\Project-Proposal\PrivateCoach\Project-EchoesofEquity\data/wav\1916_wom_t06.wav,C:\MyProjects\Project-Proposal\PrivateCoach\Project-EchoesofEquity\data/melspec\1916_wom_t06.npy,1916,white,older,male,trustworthy,6,
C:\MyProjects\Project-Proposal\PrivateCoach\Project-EchoesofEquity\data/wav\1916_wom_t07.wav,C:\MyProjects\Project-Proposal\PrivateCoach\Project-EchoesofEquity\data/melspec\1916_wom_t07.npy,1916,white,older,male,trustworthy,7,
C:\MyProjects\Project-Proposal\PrivateCoach\Project-EchoesofEquity\data/wav\1916_wom_t08.wav,C:\MyProjects\Project-Proposal\PrivateCoach\Project-EchoesofEquity\data/melspec\1916_wom_t08.npy,1916,white,older,male,trustworthy,8,
C:\MyProjects\Project-Proposal\PrivateCoach\Project-EchoesofEquity\data/wav\1916_wom_t09c.wav,C:\MyProjects\Project-Proposal\PrivateCoach\Project-EchoesofEquity\data/melspec\1916_wom_t09c.npy,1916,white,older,male,trustworthy,9,c
C:\MyProjects\Project-Proposal\PrivateCoach\Project-EchoesofEquity\data/wav\1916_wom_t10c.wav,C:\MyProjects\Project-Proposal\PrivateCoach\Project-EchoesofEquity\data/melspec\1916_wom_t10c.npy,1916,white,older,male,trustworthy,10,c
C:\MyProjects\Project-Proposal\PrivateCoach\Project-EchoesofEquity\data/wav\1917_byf_n03c.wav,C:\MyProjects\Project-Proposal\PrivateCoach\Project-EchoesofEquity\data/melspec\1917_byf_n03c.npy,1917,black,younger,female,neutral,3,c
C:\MyProjects\Project-Proposal\PrivateCoach\Project-EchoesofEquity\data/wav\1917_byf_n04.wav,C:\MyProjects\Project-Proposal\PrivateCoach\Project-EchoesofEquity\data/melspec\1917_byf_n04.npy,1917,black,younger,female,neutral,4,
C:\MyProjects\Project-Proposal\PrivateCoach\Project-EchoesofEquity\data/wav\1917_byf_n05.wav,C:\MyProjects\Project-Proposal\PrivateCoach\Project-EchoesofEquity\data/melspec\1917_byf_n05.npy,1917,black,younger,female,neutral,5,
C:\MyProjects\Project-Proposal\PrivateCoach\Project-EchoesofEquity\data/wav\1917_byf_n06.wav,C:\MyProjects\Project-Proposal\PrivateCoach\Project-EchoesofEquity\data/melspec\1917_byf_n06.npy,1917,black,younger,female,neutral,6,
C:\MyProjects\Project-Proposal\PrivateCoach\Project-EchoesofEquity\data/wav\1917_byf_n07.wav,C:\MyProjects\Project-Proposal\PrivateCoach\Project-EchoesofEquity\data/melspec\1917_byf_n07.npy,1917,black,younger,female,neutral,7,
C:\MyProjects\Project-Proposal\PrivateCoach\Project-EchoesofEquity\data/wav\1917_byf_n08.wav,C:\MyProjects\Project-Proposal\PrivateCoach\Project-EchoesofEquity\data/melspec\1917_byf_n08.npy,1917,black,younger,female,neutral,8,
C:\MyProjects\Project-Proposal\PrivateCoach\Project-EchoesofEquity\data/wav\1917_byf_t03.wav,C:\MyProjects\Project-Proposal\PrivateCoach\Project-EchoesofEquity\data/melspec\1917_byf_t03.npy,1917,black,younger,female,trustworthy,3,
C:\MyProjects\Project-Proposal\PrivateCoach\Project-EchoesofEquity\data/wav\1917_byf_t04.wav,C:\MyProjects\Project-Proposal\PrivateCoach\Project-EchoesofEquity\data/melspec\1917_byf_t04.npy,1917,black,younger,female,trustworthy,4,
C:\MyProjects\Project-Proposal\PrivateCoach\Project-EchoesofEquity\data/wav\1917_byf_t05.wav,C:\MyProjects\Project-Proposal\PrivateCoach\Project-EchoesofEquity\data/melspec\1917_byf_t05.npy,1917,black,younger,female,trustworthy,5,
C:\MyProjects\Project-Proposal\PrivateCoach\Project-EchoesofEquity\data/wav\1917_byf_t06.wav,C:\MyProjects\Project-Proposal\PrivateCoach\Project-EchoesofEquity\data/melspec\1917_byf_t06.npy,1917,black,younger,female,trustworthy,6,
C:\MyProjects\Project-Proposal\PrivateCoach\Project-EchoesofEquity\data/wav\1917_byf_t07.wav,C:\MyProjects\Project-Proposal\PrivateCoach\Project-EchoesofEquity\data/melspec\1917_byf_t07.npy,1917,black,younger,female,trustworthy,7,
C:\MyProjects\Project-Proposal\PrivateCoach\Project-EchoesofEquity\data/wav\1917_byf_t08.wav,C:\MyProjects\Project-Proposal\PrivateCoach\Project-EchoesofEquity\data/melspec\1917_byf_t08.npy,1917,black,younger,female,trustworthy,8,
C:\MyProjects\Project-Proposal\PrivateCoach\Project-EchoesofEquity\data/wav\1918_ayf_n03c.wav,C:\MyProjects\Project-Proposal\PrivateCoach\Project-EchoesofEquity\data/melspec\1918_ayf_n03c.npy,1918,south_asian,younger,female,neutral,3,c
C:\MyProjects\Project-Proposal\PrivateCoach\Project-EchoesofEquity\data/wav\1918_ayf_n04.wav,C:\MyProjects\Project-Proposal\PrivateCoach\Project-EchoesofEquity\data/melspec\1918_ayf_n04.npy,1918,south_asian,younger,female,neutral,4,
C:\MyProjects\Project-Proposal\PrivateCoach\Project-EchoesofEquity\data/wav\1918_ayf_n05.wav,C:\MyProjects\Project-Proposal\PrivateCoach\Project-EchoesofEquity\data/melspec\1918_ayf_n05.npy,1918,south_asian,younger,female,neutral,5,
C:\MyProjects\Project-Proposal\PrivateCoach\Project-EchoesofEquity\data/wav\1918_ayf_n06.wav,C:\MyProjects\Project-Proposal\PrivateCoach\Project-EchoesofEquity\data/melspec\1918_ayf_n06.npy,1918,south_asian,younger,female,neutral,6,
C:\MyProjects\Project-Proposal\PrivateCoach\Project-EchoesofEquity\data/wav\1918_ayf_n07.wav,C:\MyProjects\Project-Proposal\PrivateCoach\Project-EchoesofEquity\data/melspec\1918_ayf_n07.npy,1918,south_asian,younger,female,neutral,7,
C:\MyProjects\Project-Proposal\PrivateCoach\Project-EchoesofEquity\data/wav\1918_ayf_n08c.wav,C:\MyProjects\Project-Proposal\PrivateCoach\Project-EchoesofEquity\data/melspec\1918_ayf_n08c.npy,1918,south_asian,younger,female,neutral,8,c
C:\MyProjects\Project-Proposal\PrivateCoach\Project-EchoesofEquity\data/wav\1918_ayf_t03.wav,C:\MyProjects\Project-Proposal\PrivateCoach\Project-EchoesofEquity\data/melspec\1918_ayf_t03.npy,1918,south_asian,younger,female,trustworthy,3,
C:\MyProjects\Project-Proposal\PrivateCoach\Project-EchoesofEquity\data/wav\1918_ayf_t04.wav,C:\MyProjects\Project-Proposal\PrivateCoach\Project-EchoesofEquity\data/melspec\1918_ayf_t04.npy,1918,south_asian,younger,female,trustworthy,4,
C:\MyProjects\Project-Proposal\PrivateCoach\Project-EchoesofEquity\data/wav\1918_ayf_t05.wav,C:\MyProjects\Project-Proposal\PrivateCoach\Project-EchoesofEquity\data/melspec\1918_ayf_t05.npy,1918,south_asian,younger,female,trustworthy,5,
C:\MyProjects\Project-Proposal\PrivateCoach\Project-EchoesofEquity\data/wav\1918_ayf_t06.wav,C:\MyProjects\Project-Proposal\PrivateCoach\Project-EchoesofEquity\data/melspec\1918_ayf_t06.npy,1918,south_asian,younger,female,trustworthy,6,
C:\MyProjects\Project-Proposal\PrivateCoach\Project-EchoesofEquity\data/wav\1918_ayf_t07.wav,C:\MyProjects\Project-Proposal\PrivateCoach\Project-EchoesofEquity\data/melspec\1918_ayf_t07.npy,1918,south_asian,younger,female,trustworthy,7,
C:\MyProjects\Project-Proposal\PrivateCoach\Project-EchoesofEquity\data/wav\1918_ayf_t08.wav,C:\MyProjects\Project-Proposal\PrivateCoach\Project-EchoesofEquity\data/melspec\1918_ayf_t08.npy,1918,south_asian,younger,female,trustworthy,8,
C:\MyProjects\Project-Proposal\PrivateCoach\Project-EchoesofEquity\data/wav\1923_wom_n07c.wav,C:\MyProjects\Project-Proposal\PrivateCoach\Project-EchoesofEquity\data/melspec\1923_wom_n07c.npy,1923,white,older,male,neutral,7,c
C:\MyProjects\Project-Proposal\PrivateCoach\Project-EchoesofEquity\data/wav\1923_wom_n08c.wav,C:\MyProjects\Project-Proposal\PrivateCoach\Project-EchoesofEquity\data/melspec\1923_wom_n08c.npy,1923,white,older,male,neutral,8,c
C:\MyProjects\Project-Proposal\PrivateCoach\Project-EchoesofEquity\data/wav\1923_wom_n09c.wav,C:\MyProjects\Project-Proposal\PrivateCoach\Project-EchoesofEquity\data/melspec\1923_wom_n09c.npy,1923,white,older,male,neutral,9,c
C:\MyProjects\Project-Proposal\PrivateCoach\Project-EchoesofEquity\data/wav\1923_wom_n10.wav,C:\MyProjects\Project-Proposal\PrivateCoach\Project-EchoesofEquity\data/melspec\1923_wom_n10.npy,1923,white,older,male,neutral,10,
C:\MyProjects\Project-Proposal\PrivateCoach\Project-EchoesofEquity\data/wav\1923_wom_n11.wav,C:\MyProjects\Project-Proposal\PrivateCoach\Project-EchoesofEquity\data/melspec\1923_wom_n11.npy,1923,white,older,male,neutral,11,
C:\MyProjects\Project-Proposal\PrivateCoach\Project-EchoesofEquity\data/wav\1923_wom_n12c.wav,C:\MyProjects\Project-Proposal\PrivateCoach\Project-EchoesofEquity\data/melspec\1923_wom_n12c.npy,1923,white,older,male,neutral,12,c
C:\MyProjects\Project-Proposal\PrivateCoach\Project-EchoesofEquity\data/wav\1923_wom_t07c_version2.wav,C:\MyProjects\Project-Proposal\PrivateCoach\Project-EchoesofEquity\data/melspec\1923_wom_t07c_version2.npy,1923,white,older,male,trustworthy,7,c_version2
C:\MyProjects\Project-Proposal\PrivateCoach\Project-EchoesofEquity\data/wav\1923_wom_t08.wav,C:\MyProjects\Project-Proposal\PrivateCoach\Project-EchoesofEquity\data/melspec\1923_wom_t08.npy,1923,white,older,male,trustworthy,8,
C:\MyProjects\Project-Proposal\PrivateCoach\Project-EchoesofEquity\data/wav\1923_wom_t09.wav,C:\MyProjects\Project-Proposal\PrivateCoach\Project-EchoesofEquity\data/melspec\1923_wom_t09.npy,1923,white,older,male,trustworthy,9,
C:\MyProjects\Project-Proposal\PrivateCoach\Project-EchoesofEquity\data/wav\1923_wom_t10.wav,C:\MyProjects\Project-Proposal\PrivateCoach\Project-EchoesofEquity\data/melspec\1923_wom_t10.npy,1923,white,older,male,trustworthy,10,
C:\MyProjects\Project-Proposal\PrivateCoach\Project-EchoesofEquity\data/wav\1923_wom_t11.wav,C:\MyProjects\Project-Proposal\PrivateCoach\Project-EchoesofEquity\data/melspec\1923_wom_t11.npy,1923,white,older,male,trustworthy,11,
C:\MyProjects\Project-Proposal\PrivateCoach\Project-EchoesofEquity\data/wav\1923_wom_t12c_version2.wav,C:\MyProjects\Project-Proposal\PrivateCoach\Project-EchoesofEquity\data/melspec\1923_wom_t12c_version2.npy,1923,white,older,male,trustworthy,12,c_version2
C:\MyProjects\Project-Proposal\PrivateCoach\Project-EchoesofEquity\data/wav\1924_bym_n05.wav,C:\MyProjects\Project-Proposal\PrivateCoach\Project-EchoesofEquity\data/melspec\1924_bym_n05.npy,1924,black,younger,male,neutral,5,
C:\MyProjects\Project-Proposal\PrivateCoach\Project-EchoesofEquity\data/wav\1924_bym_n06.wav,C:\MyProjects\Project-Proposal\PrivateCoach\Project-EchoesofEquity\data/melspec\1924_bym_n06.npy,1924,black,younger,male,neutral,6,
C:\MyProjects\Project-Proposal\PrivateCoach\Project-EchoesofEquity\data/wav\1924_bym_n07.wav,C:\MyProjects\Project-Proposal\PrivateCoach\Project-EchoesofEquity\data/melspec\1924_bym_n07.npy,1924,black,younger,male,neutral,7,
C:\MyProjects\Project-Proposal\PrivateCoach\Project-EchoesofEquity\data/wav\1924_bym_n08.wav,C:\MyProjects\Project-Proposal\PrivateCoach\Project-EchoesofEquity\data/melspec\1924_bym_n08.npy,1924,black,younger,male,neutral,8,
C:\MyProjects\Project-Proposal\PrivateCoach\Project-EchoesofEquity\data/wav\1924_bym_n09.wav,C:\MyProjects\Project-Proposal\PrivateCoach\Project-EchoesofEquity\data/melspec\1924_bym_n09.npy,1924,black,younger,male,neutral,9,
C:\MyProjects\Project-Proposal\PrivateCoach\Project-EchoesofEquity\data/wav\1924_bym_n10.wav,C:\MyProjects\Project-Proposal\PrivateCoach\Project-EchoesofEquity\data/melspec\1924_bym_n10.npy,1924,black,younger,male,neutral,10,
C:\MyProjects\Project-Proposal\PrivateCoach\Project-EchoesofEquity\data/wav\1924_bym_t05c.wav,C:\MyProjects\Project-Proposal\PrivateCoach\Project-EchoesofEquity\data/melspec\1924_bym_t05c.npy,1924,black,younger,male,trustworthy,5,c
C:\MyProjects\Project-Proposal\PrivateCoach\Project-EchoesofEquity\data/wav\1924_bym_t06c.wav,C:\MyProjects\Project-Proposal\PrivateCoach\Project-EchoesofEquity\data/melspec\1924_bym_t06c.npy,1924,black,younger,male,trustworthy,6,c
C:\MyProjects\Project-Proposal\PrivateCoach\Project-EchoesofEquity\data/wav\1924_bym_t07c.wav,C:\MyProjects\Project-Proposal\PrivateCoach\Project-EchoesofEquity\data/melspec\1924_bym_t07c.npy,1924,black,younger,male,trustworthy,7,c
C:\MyProjects\Project-Proposal\PrivateCoach\Project-EchoesofEquity\data/wav\1924_bym_t08c.wav,C:\MyProjects\Project-Proposal\PrivateCoach\Project-EchoesofEquity\data/melspec\1924_bym_t08c.npy,1924,black,younger,male,trustworthy,8,c
C:\MyProjects\Project-Proposal\PrivateCoach\Project-EchoesofEquity\data/wav\1924_bym_t09c.wav,C:\MyProjects\Project-Proposal\PrivateCoach\Project-EchoesofEquity\data/melspec\1924_bym_t09c.npy,1924,black,younger,male,trustworthy,9,c
C:\MyProjects\Project-Proposal\PrivateCoach\Project-EchoesofEquity\data/wav\1924_bym_t10c.wav,C:\MyProjects\Project-Proposal\PrivateCoach\Project-EchoesofEquity\data/melspec\1924_bym_t10c.npy,1924,black,younger,male,trustworthy,10,c
C:\MyProjects\Project-Proposal\PrivateCoach\Project-EchoesofEquity\data/wav\1925_byf_n05c.wav,C:\MyProjects\Project-Proposal\PrivateCoach\Project-EchoesofEquity\data/melspec\1925_byf_n05c.npy,1925,black,younger,female,neutral,5,c
C:\MyProjects\Project-Proposal\PrivateCoach\Project-EchoesofEquity\data/wav\1925_byf_n06c.wav,C:\MyProjects\Project-Proposal\PrivateCoach\Project-EchoesofEquity\data/melspec\1925_byf_n06c.npy,1925,black,younger,female,neutral,6,c
C:\MyProjects\Project-Proposal\PrivateCoach\Project-EchoesofEquity\data/wav\1925_byf_n07c.wav,C:\MyProjects\Project-Proposal\PrivateCoach\Project-EchoesofEquity\data/melspec\1925_byf_n07c.npy,1925,black,younger,female,neutral,7,c
C:\MyProjects\Project-Proposal\PrivateCoach\Project-EchoesofEquity\data/wav\1925_byf_n08.wav,C:\MyProjects\Project-Proposal\PrivateCoach\Project-EchoesofEquity\data/melspec\1925_byf_n08.npy,1925,black,younger,female,neutral,8,
C:\MyProjects\Project-Proposal\PrivateCoach\Project-EchoesofEquity\data/wav\1925_byf_n09.wav,C:\MyProjects\Project-Proposal\PrivateCoach\Project-EchoesofEquity\data/melspec\1925_byf_n09.npy,1925,black,younger,female,neutral,9,
C:\MyProjects\Project-Proposal\PrivateCoach\Project-EchoesofEquity\data/wav\1925_byf_n10.wav,C:\MyProjects\Project-Proposal\PrivateCoach\Project-EchoesofEquity\data/melspec\1925_byf_n10.npy,1925,black,younger,female,neutral,10,
C:\MyProjects\Project-Proposal\PrivateCoach\Project-EchoesofEquity\data/wav\1925_byf_t05.wav,C:\MyProjects\Project-Proposal\PrivateCoach\Project-EchoesofEquity\data/melspec\1925_byf_t05.npy,1925,black,younger,female,trustworthy,5,
C:\MyProjects\Project-Proposal\PrivateCoach\Project-EchoesofEquity\data/wav\1925_byf_t06.wav,C:\MyProjects\Project-Proposal\PrivateCoach\Project-EchoesofEquity\data/melspec\1925_byf_t06.npy,1925,black,younger,female,trustworthy,6,
C:\MyProjects\Project-Proposal\PrivateCoach\Project-EchoesofEquity\data/wav\1925_byf_t07c.wav,C:\MyProjects\Project-Proposal\PrivateCoach\Project-EchoesofEquity\data/melspec\1925_byf_t07c.npy,1925,black,younger,female,trustworthy,7,c
C:\MyProjects\Project-Proposal\PrivateCoach\Project-EchoesofEquity\data/wav\1925_byf_t08.wav,C:\MyProjects\Project-Proposal\PrivateCoach\Project-EchoesofEquity\data/melspec\1925_byf_t08.npy,1925,black,younger,female,trustworthy,8,
C:\MyProjects\Project-Proposal\PrivateCoach\Project-EchoesofEquity\data/wav\1925_byf_t09c.wav,C:\MyProjects\Project-Proposal\PrivateCoach\Project-EchoesofEquity\data/melspec\1925_byf_t09c.npy,1925,black,younger,female,trustworthy,9,c
C:\MyProjects\Project-Proposal\PrivateCoach\Project-EchoesofEquity\data/wav\1925_byf_t10.wav,C:\MyProjects\Project-Proposal\PrivateCoach\Project-EchoesofEquity\data/melspec\1925_byf_t10.npy,1925,black,younger,female,trustworthy,10,
C:\MyProjects\Project-Proposal\PrivateCoach\Project-EchoesofEquity\data/wav\1926_byf_n07c.wav,C:\MyProjects\Project-Proposal\PrivateCoach\Project-EchoesofEquity\data/melspec\1926_byf_n07c.npy,1926,black,younger,female,neutral,7,c
C:\MyProjects\Project-Proposal\PrivateCoach\Project-EchoesofEquity\data/wav\1926_byf_n08c.wav,C:\MyProjects\Project-Proposal\PrivateCoach\Project-EchoesofEquity\data/melspec\1926_byf_n08c.npy,1926,black,younger,female,neutral,8,c
C:\MyProjects\Project-Proposal\PrivateCoach\Project-EchoesofEquity\data/wav\1926_byf_n09.wav,C:\MyProjects\Project-Proposal\PrivateCoach\Project-EchoesofEquity\data/melspec\1926_byf_n09.npy,1926,black,younger,female,neutral,9,
C:\MyProjects\Project-Proposal\PrivateCoach\Project-EchoesofEquity\data/wav\1926_byf_n10.wav,C:\MyProjects\Project-Proposal\PrivateCoach\Project-EchoesofEquity\data/melspec\1926_byf_n10.npy,1926,black,younger,female,neutral,10,
C:\MyProjects\Project-Proposal\PrivateCoach\Project-EchoesofEquity\data/wav\1926_byf_n11.wav,C:\MyProjects\Project-Proposal\PrivateCoach\Project-EchoesofEquity\data/melspec\1926_byf_n11.npy,1926,black,younger,female,neutral,11,
C:\MyProjects\Project-Proposal\PrivateCoach\Project-EchoesofEquity\data/wav\1926_byf_n12c.wav,C:\MyProjects\Project-Proposal\PrivateCoach\Project-EchoesofEquity\data/melspec\1926_byf_n12c.npy,1926,black,younger,female,neutral,12,c
C:\MyProjects\Project-Proposal\PrivateCoach\Project-EchoesofEquity\data/wav\1926_byf_t07c.wav,C:\MyProjects\Project-Proposal\PrivateCoach\Project-EchoesofEquity\data/melspec\1926_byf_t07c.npy,1926,black,younger,female,trustworthy,7,c
C:\MyProjects\Project-Proposal\PrivateCoach\Project-EchoesofEquity\data/wav\1926_byf_t08.wav,C:\MyProjects\Project-Proposal\PrivateCoach\Project-EchoesofEquity\data/melspec\1926_byf_t08.npy,1926,black,younger,female,trustworthy,8,
C:\MyProjects\Project-Proposal\PrivateCoach\Project-EchoesofEquity\data/wav\1926_byf_t09.wav,C:\MyProjects\Project-Proposal\PrivateCoach\Project-EchoesofEquity\data/melspec\1926_byf_t09.npy,1926,black,younger,female,trustworthy,9,
C:\MyProjects\Project-Proposal\PrivateCoach\Project-EchoesofEquity\data/wav\1926_byf_t10.wav,C:\MyProjects\Project-Proposal\PrivateCoach\Project-EchoesofEquity\data/melspec\1926_byf_t10.npy,1926,black,younger,female,trustworthy,10,
C:\MyProjects\Project-Proposal\PrivateCoach\Project-EchoesofEquity\data/wav\1926_byf_t11c.wav,C:\MyProjects\Project-Proposal\PrivateCoach\Project-EchoesofEquity\data/melspec\1926_byf_t11c.npy,1926,black,younger,female,trustworthy,11,c
C:\MyProjects\Project-Proposal\PrivateCoach\Project-EchoesofEquity\data/wav\1926_byf_t12.wav,C:\MyProjects\Project-Proposal\PrivateCoach\Project-EchoesofEquity\data/melspec\1926_byf_t12.npy,1926,black,younger,female,trustworthy,12,
C:\MyProjects\Project-Proposal\PrivateCoach\Project-EchoesofEquity\data/wav\1927_aym_n05.wav,C:\MyProjects\Project-Proposal\PrivateCoach\Project-EchoesofEquity\data/melspec\1927_aym_n05.npy,1927,south_asian,younger,male,neutral,5,
C:\MyProjects\Project-Proposal\PrivateCoach\Project-EchoesofEquity\data/wav\1927_aym_n06.wav,C:\MyProjects\Project-Proposal\PrivateCoach\Project-EchoesofEquity\data/melspec\1927_aym_n06.npy,1927,south_asian,younger,male,neutral,6,
C:\MyProjects\Project-Proposal\PrivateCoach\Project-EchoesofEquity\data/wav\1927_aym_n07.wav,C:\MyProjects\Project-Proposal\PrivateCoach\Project-EchoesofEquity\data/melspec\1927_aym_n07.npy,1927,south_asian,younger,male,neutral,7,
C:\MyProjects\Project-Proposal\PrivateCoach\Project-EchoesofEquity\data/wav\1927_aym_n08.wav,C:\MyProjects\Project-Proposal\PrivateCoach\Project-EchoesofEquity\data/melspec\1927_aym_n08.npy,1927,south_asian,younger,male,neutral,8,
C:\MyProjects\Project-Proposal\PrivateCoach\Project-EchoesofEquity\data/wav\1927_aym_n09.wav,C:\MyProjects\Project-Proposal\PrivateCoach\Project-EchoesofEquity\data/melspec\1927_aym_n09.npy,1927,south_asian,younger,male,neutral,9,
C:\MyProjects\Project-Proposal\PrivateCoach\Project-EchoesofEquity\data/wav\1927_aym_n10.wav,C:\MyProjects\Project-Proposal\PrivateCoach\Project-EchoesofEquity\data/melspec\1927_aym_n10.npy,1927,south_asian,younger,male,neutral,10,
C:\MyProjects\Project-Proposal\PrivateCoach\Project-EchoesofEquity\data/wav\1927_aym_t05.wav,C:\MyProjects\Project-Proposal\PrivateCoach\Project-EchoesofEquity\data/melspec\1927_aym_t05.npy,1927,south_asian,younger,male,trustworthy,5,
C:\MyProjects\Project-Proposal\PrivateCoach\Project-EchoesofEquity\data/wav\1927_aym_t06.wav,C:\MyProjects\Project-Proposal\PrivateCoach\Project-EchoesofEquity\data/melspec\1927_aym_t06.npy,1927,south_asian,younger,male,trustworthy,6,
C:\MyProjects\Project-Proposal\PrivateCoach\Project-EchoesofEquity\data/wav\1927_aym_t07.wav,C:\MyProjects\Project-Proposal\PrivateCoach\Project-EchoesofEquity\data/melspec\1927_aym_t07.npy,1927,south_asian,younger,male,trustworthy,7,
C:\MyProjects\Project-Proposal\PrivateCoach\Project-EchoesofEquity\data/wav\1927_aym_t08.wav,C:\MyProjects\Project-Proposal\PrivateCoach\Project-EchoesofEquity\data/melspec\1927_aym_t08.npy,1927,south_asian,younger,male,trustworthy,8,
C:\MyProjects\Project-Proposal\PrivateCoach\Project-EchoesofEquity\data/wav\1927_aym_t09.wav,C:\MyProjects\Project-Proposal\PrivateCoach\Project-EchoesofEquity\data/melspec\1927_aym_t09.npy,1927,south_asian,younger,male,trustworthy,9,
C:\MyProjects\Project-Proposal\PrivateCoach\Project-EchoesofEquity\data/wav\1927_aym_t10.wav,C:\MyProjects\Project-Proposal\PrivateCoach\Project-EchoesofEquity\data/melspec\1927_aym_t10.npy,1927,south_asian,younger,male,trustworthy,10,
C:\MyProjects\Project-Proposal\PrivateCoach\Project-EchoesofEquity\data/wav\1929_wof_n07.wav,C:\MyProjects\Project-Proposal\PrivateCoach\Project-EchoesofEquity\data/melspec\1929_wof_n07.npy,1929,white,older,female,neutral,7,
C:\MyProjects\Project-Proposal\PrivateCoach\Project-EchoesofEquity\data/wav\1929_wof_n08.wav,C:\MyProjects\Project-Proposal\PrivateCoach\Project-EchoesofEquity\data/melspec\1929_wof_n08.npy,1929,white,older,female,neutral,8,
C:\MyProjects\Project-Proposal\PrivateCoach\Project-EchoesofEquity\data/wav\1929_wof_n09c.wav,C:\MyProjects\Project-Proposal\PrivateCoach\Project-EchoesofEquity\data/melspec\1929_wof_n09c.npy,1929,white,older,female,neutral,9,c
C:\MyProjects\Project-Proposal\PrivateCoach\Project-EchoesofEquity\data/wav\1929_wof_n10c.wav,C:\MyProjects\Project-Proposal\PrivateCoach\Project-EchoesofEquity\data/melspec\1929_wof_n10c.npy,1929,white,older,female,neutral,10,c
C:\MyProjects\Project-Proposal\PrivateCoach\Project-EchoesofEquity\data/wav\1929_wof_n11c.wav,C:\MyProjects\Project-Proposal\PrivateCoach\Project-EchoesofEquity\data/melspec\1929_wof_n11c.npy,1929,white,older,female,neutral,11,c
C:\MyProjects\Project-Proposal\PrivateCoach\Project-EchoesofEquity\data/wav\1929_wof_n12.wav,C:\MyProjects\Project-Proposal\PrivateCoach\Project-EchoesofEquity\data/melspec\1929_wof_n12.npy,1929,white,older,female,neutral,12,
C:\MyProjects\Project-Proposal\PrivateCoach\Project-EchoesofEquity\data/wav\1929_wof_t07.wav,C:\MyProjects\Project-Proposal\PrivateCoach\Project-EchoesofEquity\data/melspec\1929_wof_t07.npy,1929,white,older,female,trustworthy,7,
C:\MyProjects\Project-Proposal\PrivateCoach\Project-EchoesofEquity\data/wav\1929_wof_t08.wav,C:\MyProjects\Project-Proposal\PrivateCoach\Project-EchoesofEquity\data/melspec\1929_wof_t08.npy,1929,white,older,female,trustworthy,8,
C:\MyProjects\Project-Proposal\PrivateCoach\Project-EchoesofEquity\data/wav\1929_wof_t09c.wav,C:\MyProjects\Project-Proposal\PrivateCoach\Project-EchoesofEquity\data/melspec\1929_wof_t09c.npy,1929,white,older,female,trustworthy,9,c
C:\MyProjects\Project-Proposal\PrivateCoach\Project-EchoesofEquity\data/wav\1929_wof_t10.wav,C:\MyProjects\Project-Proposal\PrivateCoach\Project-EchoesofEquity\data/melspec\1929_wof_t10.npy,1929,white,older,female,trustworthy,10,
C:\MyProjects\Project-Proposal\PrivateCoach\Project-EchoesofEquity\data/wav\1929_wof_t11c.wav,C:\MyProjects\Project-Proposal\PrivateCoach\Project-EchoesofEquity\data/melspec\1929_wof_t11c.npy,1929,white,older,female,trustworthy,11,c
C:\MyProjects\Project-Proposal\PrivateCoach\Project-EchoesofEquity\data/wav\1929_wof_t12.wav,C:\MyProjects\Project-Proposal\PrivateCoach\Project-EchoesofEquity\data/melspec\1929_wof_t12.npy,1929,white,older,female,trustworthy,12,
C:\MyProjects\Project-Proposal\PrivateCoach\Project-EchoesofEquity\data/wav\1931_byf_n07c.wav,C:\MyProjects\Project-Proposal\PrivateCoach\Project-EchoesofEquity\data/melspec\1931_byf_n07c.npy,1931,black,younger,female,neutral,7,c
C:\MyProjects\Project-Proposal\PrivateCoach\Project-EchoesofEquity\data/wav\1931_byf_n08c.wav,C:\MyProjects\Project-Proposal\PrivateCoach\Project-EchoesofEquity\data/melspec\1931_byf_n08c.npy,1931,black,younger,female,neutral,8,c
C:\MyProjects\Project-Proposal\PrivateCoach\Project-EchoesofEquity\data/wav\1931_byf_n09c.wav,C:\MyProjects\Project-Proposal\PrivateCoach\Project-EchoesofEquity\data/melspec\1931_byf_n09c.npy,1931,black,younger,female,neutral,9,c
C:\MyProjects\Project-Proposal\PrivateCoach\Project-EchoesofEquity\data/wav\1931_byf_n10.wav,C:\MyProjects\Project-Proposal\PrivateCoach\Project-EchoesofEquity\data/melspec\1931_byf_n10.npy,1931,black,younger,female,neutral,10,
C:\MyProjects\Project-Proposal\PrivateCoach\Project-EchoesofEquity\data/wav\1931_byf_n11c.wav,C:\MyProjects\Project-Proposal\PrivateCoach\Project-EchoesofEquity\data/melspec\1931_byf_n11c.npy,1931,black,younger,female,neutral,11,c
C:\MyProjects\Project-Proposal\PrivateCoach\Project-EchoesofEquity\data/wav\1931_byf_n12c.wav,C:\MyProjects\Project-Proposal\PrivateCoach\Project-EchoesofEquity\data/melspec\1931_byf_n12c.npy,1931,black,younger,female,neutral,12,c
C:\MyProjects\Project-Proposal\PrivateCoach\Project-EchoesofEquity\data/wav\1931_byf_t07.wav,C:\MyProjects\Project-Proposal\PrivateCoach\Project-EchoesofEquity\data/melspec\1931_byf_t07.npy,1931,black,younger,female,trustworthy,7,
C:\MyProjects\Project-Proposal\PrivateCoach\Project-EchoesofEquity\data/wav\1931_byf_t08.wav,C:\MyProjects\Project-Proposal\PrivateCoach\Project-EchoesofEquity\data/melspec\1931_byf_t08.npy,1931,black,younger,female,trustworthy,8,
C:\MyProjects\Project-Proposal\PrivateCoach\Project-EchoesofEquity\data/wav\1931_byf_t09.wav,C:\MyProjects\Project-Proposal\PrivateCoach\Project-EchoesofEquity\data/melspec\1931_byf_t09.npy,1931,black,younger,female,trustworthy,9,
C:\MyProjects\Project-Proposal\PrivateCoach\Project-EchoesofEquity\data/wav\1931_byf_t10.wav,C:\MyProjects\Project-Proposal\PrivateCoach\Project-EchoesofEquity\data/melspec\1931_byf_t10.npy,1931,black,younger,female,trustworthy,10,
C:\MyProjects\Project-Proposal\PrivateCoach\Project-EchoesofEquity\data/wav\1931_byf_t11c.wav,C:\MyProjects\Project-Proposal\PrivateCoach\Project-EchoesofEquity\data/melspec\1931_byf_t11c.npy,1931,black,younger,female,trustworthy,11,c
C:\MyProjects\Project-Proposal\PrivateCoach\Project-EchoesofEquity\data/wav\1931_byf_t12.wav,C:\MyProjects\Project-Proposal\PrivateCoach\Project-EchoesofEquity\data/melspec\1931_byf_t12.npy,1931,black,younger,female,trustworthy,12,
C:\MyProjects\Project-Proposal\PrivateCoach\Project-EchoesofEquity\data/wav\1932_aym_n05.wav,C:\MyProjects\Project-Proposal\PrivateCoach\Project-EchoesofEquity\data/melspec\1932_aym_n05.npy,1932,south_asian,younger,male,neutral,5,
C:\MyProjects\Project-Proposal\PrivateCoach\Project-EchoesofEquity\data/wav\1932_aym_n06.wav,C:\MyProjects\Project-Proposal\PrivateCoach\Project-EchoesofEquity\data/melspec\1932_aym_n06.npy,1932,south_asian,younger,male,neutral,6,
C:\MyProjects\Project-Proposal\PrivateCoach\Project-EchoesofEquity\data/wav\1932_aym_n07.wav,C:\MyProjects\Project-Proposal\PrivateCoach\Project-EchoesofEquity\data/melspec\1932_aym_n07.npy,1932,south_asian,younger,male,neutral,7,
C:\MyProjects\Project-Proposal\PrivateCoach\Project-EchoesofEquity\data/wav\1932_aym_n08.wav,C:\MyProjects\Project-Proposal\PrivateCoach\Project-EchoesofEquity\data/melspec\1932_aym_n08.npy,1932,south_asian,younger,male,neutral,8,
C:\MyProjects\Project-Proposal\PrivateCoach\Project-EchoesofEquity\data/wav\1932_aym_n09.wav,C:\MyProjects\Project-Proposal\PrivateCoach\Project-EchoesofEquity\data/melspec\1932_aym_n09.npy,1932,south_asian,younger,male,neutral,9,
C:\MyProjects\Project-Proposal\PrivateCoach\Project-EchoesofEquity\data/wav\1932_aym_n10.wav,C:\MyProjects\Project-Proposal\PrivateCoach\Project-EchoesofEquity\data/melspec\1932_aym_n10.npy,1932,south_asian,younger,male,neutral,10,
C:\MyProjects\Project-Proposal\PrivateCoach\Project-EchoesofEquity\data/wav\1932_aym_t05c.wav,C:\MyProjects\Project-Proposal\PrivateCoach\Project-EchoesofEquity\data/melspec\1932_aym_t05c.npy,1932,south_asian,younger,male,trustworthy,5,c
C:\MyProjects\Project-Proposal\PrivateCoach\Project-EchoesofEquity\data/wav\1932_aym_t06.wav,C:\MyProjects\Project-Proposal\PrivateCoach\Project-EchoesofEquity\data/melspec\1932_aym_t06.npy,1932,south_asian,younger,male,trustworthy,6,
C:\MyProjects\Project-Proposal\PrivateCoach\Project-EchoesofEquity\data/wav\1932_aym_t07.wav,C:\MyProjects\Project-Proposal\PrivateCoach\Project-EchoesofEquity\data/melspec\1932_aym_t07.npy,1932,south_asian,younger,male,trustworthy,7,
C:\MyProjects\Project-Proposal\PrivateCoach\Project-EchoesofEquity\data/wav\1932_aym_t08.wav,C:\MyProjects\Project-Proposal\PrivateCoach\Project-EchoesofEquity\data/melspec\1932_aym_t08.npy,1932,south_asian,younger,male,trustworthy,8,
C:\MyProjects\Project-Proposal\PrivateCoach\Project-EchoesofEquity\data/wav\1932_aym_t09.wav,C:\MyProjects\Project-Proposal\PrivateCoach\Project-EchoesofEquity\data/melspec\1932_aym_t09.npy,1932,south_asian,younger,male,trustworthy,9,
C:\MyProjects\Project-Proposal\PrivateCoach\Project-EchoesofEquity\data/wav\1932_aym_t10.wav,C:\MyProjects\Project-Proposal\PrivateCoach\Project-EchoesofEquity\data/melspec\1932_aym_t10.npy,1932,south_asian,younger,male,trustworthy,10,
C:\MyProjects\Project-Proposal\PrivateCoach\Project-EchoesofEquity\data/wav\1935_wof_n09c.wav,C:\MyProjects\Project-Proposal\PrivateCoach\Project-EchoesofEquity\data/melspec\1935_wof_n09c.npy,1935,white,older,female,neutral,9,c
C:\MyProjects\Project-Proposal\PrivateCoach\Project-EchoesofEquity\data/wav\1935_wof_n10.wav,C:\MyProjects\Project-Proposal\PrivateCoach\Project-EchoesofEquity\data/melspec\1935_wof_n10.npy,1935,white,older,female,neutral,10,
C:\MyProjects\Project-Proposal\PrivateCoach\Project-EchoesofEquity\data/wav\1935_wof_n11.wav,C:\MyProjects\Project-Proposal\PrivateCoach\Project-EchoesofEquity\data/melspec\1935_wof_n11.npy,1935,white,older,female,neutral,11,
C:\MyProjects\Project-Proposal\PrivateCoach\Project-EchoesofEquity\data/wav\1935_wof_n12c.wav,C:\MyProjects\Project-Proposal\PrivateCoach\Project-EchoesofEquity\data/melspec\1935_wof_n12c.npy,1935,white,older,female,neutral,12,c
C:\MyProjects\Project-Proposal\PrivateCoach\Project-EchoesofEquity\data/wav\1935_wof_n13.wav,C:\MyProjects\Project-Proposal\PrivateCoach\Project-EchoesofEquity\data/melspec\1935_wof_n13.npy,1935,white,older,female,neutral,13,
C:\MyProjects\Project-Proposal\PrivateCoach\Project-EchoesofEquity\data/wav\1935_wof_n14c.wav,C:\MyProjects\Project-Proposal\PrivateCoach\Project-EchoesofEquity\data/melspec\1935_wof_n14c.npy,1935,white,older,female,neutral,14,c
C:\MyProjects\Project-Proposal\PrivateCoach\Project-EchoesofEquity\data/wav\1935_wof_t09.wav,C:\MyProjects\Project-Proposal\PrivateCoach\Project-EchoesofEquity\data/melspec\1935_wof_t09.npy,1935,white,older,female,trustworthy,9,
C:\MyProjects\Project-Proposal\PrivateCoach\Project-EchoesofEquity\data/wav\1935_wof_t10cc.wav,C:\MyProjects\Project-Proposal\PrivateCoach\Project-EchoesofEquity\data/melspec\1935_wof_t10cc.npy,1935,white,older,female,trustworthy,10,cc
C:\MyProjects\Project-Proposal\PrivateCoach\Project-EchoesofEquity\data/wav\1935_wof_t11.wav,C:\MyProjects\Project-Proposal\PrivateCoach\Project-EchoesofEquity\data/melspec\1935_wof_t11.npy,1935,white,older,female,trustworthy,11,
C:\MyProjects\Project-Proposal\PrivateCoach\Project-EchoesofEquity\data/wav\1935_wof_t12.wav,C:\MyProjects\Project-Proposal\PrivateCoach\Project-EchoesofEquity\data/melspec\1935_wof_t12.npy,1935,white,older,female,trustworthy,12,
C:\MyProjects\Project-Proposal\PrivateCoach\Project-EchoesofEquity\data/wav\1935_wof_t13.wav,C:\MyProjects\Project-Proposal\PrivateCoach\Project-EchoesofEquity\data/melspec\1935_wof_t13.npy,1935,white,older,female,trustworthy,13,
C:\MyProjects\Project-Proposal\PrivateCoach\Project-EchoesofEquity\data/wav\1935_wof_t14c.wav,C:\MyProjects\Project-Proposal\PrivateCoach\Project-EchoesofEquity\data/melspec\1935_wof_t14c.npy,1935,white,older,female,trustworthy,14,c
C:\MyProjects\Project-Proposal\PrivateCoach\Project-EchoesofEquity\data/wav\1936_wom_n09c.wav,C:\MyProjects\Project-Proposal\PrivateCoach\Project-EchoesofEquity\data/melspec\1936_wom_n09c.npy,1936,white,older,male,neutral,9,c
C:\MyProjects\Project-Proposal\PrivateCoach\Project-EchoesofEquity\data/wav\1936_wom_n10.wav,C:\MyProjects\Project-Proposal\PrivateCoach\Project-EchoesofEquity\data/melspec\1936_wom_n10.npy,1936,white,older,male,neutral,10,
C:\MyProjects\Project-Proposal\PrivateCoach\Project-EchoesofEquity\data/wav\1936_wom_n11.wav,C:\MyProjects\Project-Proposal\PrivateCoach\Project-EchoesofEquity\data/melspec\1936_wom_n11.npy,1936,white,older,male,neutral,11,
C:\MyProjects\Project-Proposal\PrivateCoach\Project-EchoesofEquity\data/wav\1936_wom_n12.wav,C:\MyProjects\Project-Proposal\PrivateCoach\Project-EchoesofEquity\data/melspec\1936_wom_n12.npy,1936,white,older,male,neutral,12,
C:\MyProjects\Project-Proposal\PrivateCoach\Project-EchoesofEquity\data/wav\1936_wom_n13.wav,C:\MyProjects\Project-Proposal\PrivateCoach\Project-EchoesofEquity\data/melspec\1936_wom_n13.npy,1936,white,older,male,neutral,13,
C:\MyProjects\Project-Proposal\PrivateCoach\Project-EchoesofEquity\data/wav\1936_wom_n14.wav,C:\MyProjects\Project-Proposal\PrivateCoach\Project-EchoesofEquity\data/melspec\1936_wom_n14.npy,1936,white,older,male,neutral,14,
C:\MyProjects\Project-Proposal\PrivateCoach\Project-EchoesofEquity\data/wav\1936_wom_t09.wav,C:\MyProjects\Project-Proposal\PrivateCoach\Project-EchoesofEquity\data/melspec\1936_wom_t09.npy,1936,white,older,male,trustworthy,9,
C:\MyProjects\Project-Proposal\PrivateCoach\Project-EchoesofEquity\data/wav\1936_wom_t10.wav,C:\MyProjects\Project-Proposal\PrivateCoach\Project-EchoesofEquity\data/melspec\1936_wom_t10.npy,1936,white,older,male,trustworthy,10,
C:\MyProjects\Project-Proposal\PrivateCoach\Project-EchoesofEquity\data/wav\1936_wom_t11.wav,C:\MyProjects\Project-Proposal\PrivateCoach\Project-EchoesofEquity\data/melspec\1936_wom_t11.npy,1936,white,older,male,trustworthy,11,
C:\MyProjects\Project-Proposal\PrivateCoach\Project-EchoesofEquity\data/wav\1936_wom_t12.wav,C:\MyProjects\Project-Proposal\PrivateCoach\Project-EchoesofEquity\data/melspec\1936_wom_t12.npy,1936,white,older,male,trustworthy,12,
C:\MyProjects\Project-Proposal\PrivateCoach\Project-EchoesofEquity\data/wav\1936_wom_t13.wav,C:\MyProjects\Project-Proposal\PrivateCoach\Project-EchoesofEquity\data/melspec\1936_wom_t13.npy,1936,white,older,male,trustworthy,13,
C:\MyProjects\Project-Proposal\PrivateCoach\Project-EchoesofEquity\data/wav\1936_wom_t14c.wav,C:\MyProjects\Project-Proposal\PrivateCoach\Project-EchoesofEquity\data/melspec\1936_wom_t14c.npy,1936,white,older,male,trustworthy,14,c
C:\MyProjects\Project-Proposal\PrivateCoach\Project-EchoesofEquity\data/wav\1941_wom_n11c.wav,C:\MyProjects\Project-Proposal\PrivateCoach\Project-EchoesofEquity\data/melspec\1941_wom_n11c.npy,1941,white,older,male,neutral,11,c
C:\MyProjects\Project-Proposal\PrivateCoach\Project-EchoesofEquity\data/wav\1941_wom_n12c.wav,C:\MyProjects\Project-Proposal\PrivateCoach\Project-EchoesofEquity\data/melspec\1941_wom_n12c.npy,1941,white,older,male,neutral,12,c
C:\MyProjects\Project-Proposal\PrivateCoach\Project-EchoesofEquity\data/wav\1941_wom_n13.wav,C:\MyProjects\Project-Proposal\PrivateCoach\Project-EchoesofEquity\data/melspec\1941_wom_n13.npy,1941,white,older,male,neutral,13,
C:\MyProjects\Project-Proposal\PrivateCoach\Project-EchoesofEquity\data/wav\1941_wom_n14c.wav,C:\MyProjects\Project-Proposal\PrivateCoach\Project-EchoesofEquity\data/melspec\1941_wom_n14c.npy,1941,white,older,male,neutral,14,c
C:\MyProjects\Project-Proposal\PrivateCoach\Project-EchoesofEquity\data/wav\1941_wom_n15c.wav,C:\MyProjects\Project-Proposal\PrivateCoach\Project-EchoesofEquity\data/melspec\1941_wom_n15c.npy,1941,white,older,male,neutral,15,c
C:\MyProjects\Project-Proposal\PrivateCoach\Project-EchoesofEquity\data/wav\1941_wom_n16c.wav,C:\MyProjects\Project-Proposal\PrivateCoach\Project-EchoesofEquity\data/melspec\1941_wom_n16c.npy,1941,white,older,male,neutral,16,c
C:\MyProjects\Project-Proposal\PrivateCoach\Project-EchoesofEquity\data/wav\1941_wom_t11.wav,C:\MyProjects\Project-Proposal\PrivateCoach\Project-EchoesofEquity\data/melspec\1941_wom_t11.npy,1941,white,older,male,trustworthy,11,
C:\MyProjects\Project-Proposal\PrivateCoach\Project-EchoesofEquity\data/wav\1941_wom_t12.wav,C:\MyProjects\Project-Proposal\PrivateCoach\Project-EchoesofEquity\data/melspec\1941_wom_t12.npy,1941,white,older,male,trustworthy,12,
C:\MyProjects\Project-Proposal\PrivateCoach\Project-EchoesofEquity\data/wav\1941_wom_t13c.wav,C:\MyProjects\Project-Proposal\PrivateCoach\Project-EchoesofEquity\data/melspec\1941_wom_t13c.npy,1941,white,older,male,trustworthy,13,c
C:\MyProjects\Project-Proposal\PrivateCoach\Project-EchoesofEquity\data/wav\1941_wom_t14.wav,C:\MyProjects\Project-Proposal\PrivateCoach\Project-EchoesofEquity\data/melspec\1941_wom_t14.npy,1941,white,older,male,trustworthy,14,
C:\MyProjects\Project-Proposal\PrivateCoach\Project-EchoesofEquity\data/wav\1941_wom_t15.wav,C:\MyProjects\Project-Proposal\PrivateCoach\Project-EchoesofEquity\data/melspec\1941_wom_t15.npy,1941,white,older,male,trustworthy,15,
C:\MyProjects\Project-Proposal\PrivateCoach\Project-EchoesofEquity\data/wav\1941_wom_t16.wav,C:\MyProjects\Project-Proposal\PrivateCoach\Project-EchoesofEquity\data/melspec\1941_wom_t16.npy,1941,white,older,male,trustworthy,16,
C:\MyProjects\Project-Proposal\PrivateCoach\Project-EchoesofEquity\data/wav\1942_wof_n11c.wav,C:\MyProjects\Project-Proposal\PrivateCoach\Project-EchoesofEquity\data/melspec\1942_wof_n11c.npy,1942,white,older,female,neutral,11,c
C:\MyProjects\Project-Proposal\PrivateCoach\Project-EchoesofEquity\data/wav\1942_wof_n12.wav,C:\MyProjects\Project-Proposal\PrivateCoach\Project-EchoesofEquity\data/melspec\1942_wof_n12.npy,1942,white,older,female,neutral,12,
C:\MyProjects\Project-Proposal\PrivateCoach\Project-EchoesofEquity\data/wav\1942_wof_n13c.wav,C:\MyProjects\Project-Proposal\PrivateCoach\Project-EchoesofEquity\data/melspec\1942_wof_n13c.npy,1942,white,older,female,neutral,13,c
C:\MyProjects\Project-Proposal\PrivateCoach\Project-EchoesofEquity\data/wav\1942_wof_n14.wav,C:\MyProjects\Project-Proposal\PrivateCoach\Project-EchoesofEquity\data/melspec\1942_wof_n14.npy,1942,white,older,female,neutral,14,
C:\MyProjects\Project-Proposal\PrivateCoach\Project-EchoesofEquity\data/wav\1942_wof_n15c.wav,C:\MyProjects\Project-Proposal\PrivateCoach\Project-EchoesofEquity\data/melspec\1942_wof_n15c.npy,1942,white,older,female,neutral,15,c
C:\MyProjects\Project-Proposal\PrivateCoach\Project-EchoesofEquity\data/wav\1942_wof_n16c.wav,C:\MyProjects\Project-Proposal\PrivateCoach\Project-EchoesofEquity\data/melspec\1942_wof_n16c.npy,1942,white,older,female,neutral,16,c
C:\MyProjects\Project-Proposal\PrivateCoach\Project-EchoesofEquity\data/wav\1942_wof_t11.wav,C:\MyProjects\Project-Proposal\PrivateCoach\Project-EchoesofEquity\data/melspec\1942_wof_t11.npy,1942,white,older,female,trustworthy,11,
C:\MyProjects\Project-Proposal\PrivateCoach\Project-EchoesofEquity\data/wav\1942_wof_t12.wav,C:\MyProjects\Project-Proposal\PrivateCoach\Project-EchoesofEquity\data/melspec\1942_wof_t12.npy,1942,white,older,female,trustworthy,12,
C:\MyProjects\Project-Proposal\PrivateCoach\Project-EchoesofEquity\data/wav\1942_wof_t13ccc.wav,C:\MyProjects\Project-Proposal\PrivateCoach\Project-EchoesofEquity\data/melspec\1942_wof_t13ccc.npy,1942,white,older,female,trustworthy,13,ccc
C:\MyProjects\Project-Proposal\PrivateCoach\Project-EchoesofEquity\data/wav\1942_wof_t14c.wav,C:\MyProjects\Project-Proposal\PrivateCoach\Project-EchoesofEquity\data/melspec\1942_wof_t14c.npy,1942,white,older,female,trustworthy,14,c
C:\MyProjects\Project-Proposal\PrivateCoach\Project-EchoesofEquity\data/wav\1942_wof_t15cc.wav,C:\MyProjects\Project-Proposal\PrivateCoach\Project-EchoesofEquity\data/melspec\1942_wof_t15cc.npy,1942,white,older,female,trustworthy,15,cc
C:\MyProjects\Project-Proposal\PrivateCoach\Project-EchoesofEquity\data/wav\1942_wof_t16.wav,C:\MyProjects\Project-Proposal\PrivateCoach\Project-EchoesofEquity\data/melspec\1942_wof_t16.npy,1942,white,older,female,trustworthy,16,
C:\MyProjects\Project-Proposal\PrivateCoach\Project-EchoesofEquity\data/wav\1945_wom_n13.wav,C:\MyProjects\Project-Proposal\PrivateCoach\Project-EchoesofEquity\data/melspec\1945_wom_n13.npy,1945,white,older,male,neutral,13,
C:\MyProjects\Project-Proposal\PrivateCoach\Project-EchoesofEquity\data/wav\1945_wom_n14c.wav,C:\MyProjects\Project-Proposal\PrivateCoach\Project-EchoesofEquity\data/melspec\1945_wom_n14c.npy,1945,white,older,male,neutral,14,c
C:\MyProjects\Project-Proposal\PrivateCoach\Project-EchoesofEquity\data/wav\1945_wom_n15.wav,C:\MyProjects\Project-Proposal\PrivateCoach\Project-EchoesofEquity\data/melspec\1945_wom_n15.npy,1945,white,older,male,neutral,15,
C:\MyProjects\Project-Proposal\PrivateCoach\Project-EchoesofEquity\data/wav\1945_wom_n16c.wav,C:\MyProjects\Project-Proposal\PrivateCoach\Project-EchoesofEquity\data/melspec\1945_wom_n16c.npy,1945,white,older,male,neutral,16,c
C:\MyProjects\Project-Proposal\PrivateCoach\Project-EchoesofEquity\data/wav\1945_wom_n17c.wav,C:\MyProjects\Project-Proposal\PrivateCoach\Project-EchoesofEquity\data/melspec\1945_wom_n17c.npy,1945,white,older,male,neutral,17,c
C:\MyProjects\Project-Proposal\PrivateCoach\Project-EchoesofEquity\data/wav\1945_wom_n18c.wav,C:\MyProjects\Project-Proposal\PrivateCoach\Project-EchoesofEquity\data/melspec\1945_wom_n18c.npy,1945,white,older,male,neutral,18,c
C:\MyProjects\Project-Proposal\PrivateCoach\Project-EchoesofEquity\data/wav\1945_wom_t13c.wav,C:\MyProjects\Project-Proposal\PrivateCoach\Project-EchoesofEquity\data/melspec\1945_wom_t13c.npy,1945,white,older,male,trustworthy,13,c
C:\MyProjects\Project-Proposal\PrivateCoach\Project-EchoesofEquity\data/wav\1945_wom_t14.wav,C:\MyProjects\Project-Proposal\PrivateCoach\Project-EchoesofEquity\data/melspec\1945_wom_t14.npy,1945,white,older,male,trustworthy,14,
C:\MyProjects\Project-Proposal\PrivateCoach\Project-EchoesofEquity\data/wav\1945_wom_t15.wav,C:\MyProjects\Project-Proposal\PrivateCoach\Project-EchoesofEquity\data/melspec\1945_wom_t15.npy,1945,white,older,male,trustworthy,15,
C:\MyProjects\Project-Proposal\PrivateCoach\Project-EchoesofEquity\data/wav\1945_wom_t16.wav,C:\MyProjects\Project-Proposal\PrivateCoach\Project-EchoesofEquity\data/melspec\1945_wom_t16.npy,1945,white,older,male,trustworthy,16,
C:\MyProjects\Project-Proposal\PrivateCoach\Project-EchoesofEquity\data/wav\1945_wom_t17.wav,C:\MyProjects\Project-Proposal\PrivateCoach\Project-EchoesofEquity\data/melspec\1945_wom_t17.npy,1945,white,older,male,trustworthy,17,
C:\MyProjects\Project-Proposal\PrivateCoach\Project-EchoesofEquity\data/wav\1945_wom_t18c.wav,C:\MyProjects\Project-Proposal\PrivateCoach\Project-EchoesofEquity\data/melspec\1945_wom_t18c.npy,1945,white,older,male,trustworthy,18,c
C:\MyProjects\Project-Proposal\PrivateCoach\Project-EchoesofEquity\data/wav\1948_ayf_n07.wav,C:\MyProjects\Project-Proposal\PrivateCoach\Project-EchoesofEquity\data/melspec\1948_ayf_n07.npy,1948,south_asian,younger,female,neutral,7,
C:\MyProjects\Project-Proposal\PrivateCoach\Project-EchoesofEquity\data/wav\1948_ayf_n08.wav,C:\MyProjects\Project-Proposal\PrivateCoach\Project-EchoesofEquity\data/melspec\1948_ayf_n08.npy,1948,south_asian,younger,female,neutral,8,
C:\MyProjects\Project-Proposal\PrivateCoach\Project-EchoesofEquity\data/wav\1948_ayf_n09.wav,C:\MyProjects\Project-Proposal\PrivateCoach\Project-EchoesofEquity\data/melspec\1948_ayf_n09.npy,1948,south_asian,younger,female,neutral,9,
C:\MyProjects\Project-Proposal\PrivateCoach\Project-EchoesofEquity\data/wav\1948_ayf_n10.wav,C:\MyProjects\Project-Proposal\PrivateCoach\Project-EchoesofEquity\data/melspec\1948_ayf_n10.npy,1948,south_asian,younger,female,neutral,10,
C:\MyProjects\Project-Proposal\PrivateCoach\Project-EchoesofEquity\data/wav\1948_ayf_n11.wav,C:\MyProjects\Project-Proposal\PrivateCoach\Project-EchoesofEquity\data/melspec\1948_ayf_n11.npy,1948,south_asian,younger,female,neutral,11,
C:\MyProjects\Project-Proposal\PrivateCoach\Project-EchoesofEquity\data/wav\1948_ayf_n12.wav,C:\MyProjects\Project-Proposal\PrivateCoach\Project-EchoesofEquity\data/melspec\1948_ayf_n12.npy,1948,south_asian,younger,female,neutral,12,
C:\MyProjects\Project-Proposal\PrivateCoach\Project-EchoesofEquity\data/wav\1948_ayf_t07.wav,C:\MyProjects\Project-Proposal\PrivateCoach\Project-EchoesofEquity\data/melspec\1948_ayf_t07.npy,1948,south_asian,younger,female,trustworthy,7,
C:\MyProjects\Project-Proposal\PrivateCoach\Project-EchoesofEquity\data/wav\1948_ayf_t08.wav,C:\MyProjects\Project-Proposal\PrivateCoach\Project-EchoesofEquity\data/melspec\1948_ayf_t08.npy,1948,south_asian,younger,female,trustworthy,8,
C:\MyProjects\Project-Proposal\PrivateCoach\Project-EchoesofEquity\data/wav\1948_ayf_t09.wav,C:\MyProjects\Project-Proposal\PrivateCoach\Project-EchoesofEquity\data/melspec\1948_ayf_t09.npy,1948,south_asian,younger,female,trustworthy,9,
C:\MyProjects\Project-Proposal\PrivateCoach\Project-EchoesofEquity\data/wav\1948_ayf_t10.wav,C:\MyProjects\Project-Proposal\PrivateCoach\Project-EchoesofEquity\data/melspec\1948_ayf_t10.npy,1948,south_asian,younger,female,trustworthy,10,
C:\MyProjects\Project-Proposal\PrivateCoach\Project-EchoesofEquity\data/wav\1948_ayf_t11.wav,C:\MyProjects\Project-Proposal\PrivateCoach\Project-EchoesofEquity\data/melspec\1948_ayf_t11.npy,1948,south_asian,younger,female,trustworthy,11,
C:\MyProjects\Project-Proposal\PrivateCoach\Project-EchoesofEquity\data/wav\1948_ayf_t12.wav,C:\MyProjects\Project-Proposal\PrivateCoach\Project-EchoesofEquity\data/melspec\1948_ayf_t12.npy,1948,south_asian,younger,female,trustworthy,12,
C:\MyProjects\Project-Proposal\PrivateCoach\Project-EchoesofEquity\data/wav\1951_wof_n15c.wav,C:\MyProjects\Project-Proposal\PrivateCoach\Project-EchoesofEquity\data/melspec\1951_wof_n15c.npy,1951,white,older,female,neutral,15,c
C:\MyProjects\Project-Proposal\PrivateCoach\Project-EchoesofEquity\data/wav\1951_wof_n16c.wav,C:\MyProjects\Project-Proposal\PrivateCoach\Project-EchoesofEquity\data/melspec\1951_wof_n16c.npy,1951,white,older,female,neutral,16,c
C:\MyProjects\Project-Proposal\PrivateCoach\Project-EchoesofEquity\data/wav\1951_wof_n17c.wav,C:\MyProjects\Project-Proposal\PrivateCoach\Project-EchoesofEquity\data/melspec\1951_wof_n17c.npy,1951,white,older,female,neutral,17,c
C:\MyProjects\Project-Proposal\PrivateCoach\Project-EchoesofEquity\data/wav\1951_wof_n18c.wav,C:\MyProjects\Project-Proposal\PrivateCoach\Project-EchoesofEquity\data/melspec\1951_wof_n18c.npy,1951,white,older,female,neutral,18,c
C:\MyProjects\Project-Proposal\PrivateCoach\Project-EchoesofEquity\data/wav\1951_wof_n19.wav,C:\MyProjects\Project-Proposal\PrivateCoach\Project-EchoesofEquity\data/melspec\1951_wof_n19.npy,1951,white,older,female,neutral,19,
C:\MyProjects\Project-Proposal\PrivateCoach\Project-EchoesofEquity\data/wav\1951_wof_n20c.wav,C:\MyProjects\Project-Proposal\PrivateCoach\Project-EchoesofEquity\data/melspec\1951_wof_n20c.npy,1951,white,older,female,neutral,20,c
C:\MyProjects\Project-Proposal\PrivateCoach\Project-EchoesofEquity\data/wav\1951_wof_t15.wav,C:\MyProjects\Project-Proposal\PrivateCoach\Project-EchoesofEquity\data/melspec\1951_wof_t15.npy,1951,white,older,female,trustworthy,15,
C:\MyProjects\Project-Proposal\PrivateCoach\Project-EchoesofEquity\data/wav\1951_wof_t16.wav,C:\MyProjects\Project-Proposal\PrivateCoach\Project-EchoesofEquity\data/melspec\1951_wof_t16.npy,1951,white,older,female,trustworthy,16,
C:\MyProjects\Project-Proposal\PrivateCoach\Project-EchoesofEquity\data/wav\1951_wof_t17.wav,C:\MyProjects\Project-Proposal\PrivateCoach\Project-EchoesofEquity\data/melspec\1951_wof_t17.npy,1951,white,older,female,trustworthy,17,
C:\MyProjects\Project-Proposal\PrivateCoach\Project-EchoesofEquity\data/wav\1951_wof_t18.wav,C:\MyProjects\Project-Proposal\PrivateCoach\Project-EchoesofEquity\data/melspec\1951_wof_t18.npy,1951,white,older,female,trustworthy,18,
C:\MyProjects\Project-Proposal\PrivateCoach\Project-EchoesofEquity\data/wav\1951_wof_t19c.wav,C:\MyProjects\Project-Proposal\PrivateCoach\Project-EchoesofEquity\data/melspec\1951_wof_t19c.npy,1951,white,older,female,trustworthy,19,c
C:\MyProjects\Project-Proposal\PrivateCoach\Project-EchoesofEquity\data/wav\1951_wof_t20.wav,C:\MyProjects\Project-Proposal\PrivateCoach\Project-EchoesofEquity\data/melspec\1951_wof_t20.npy,1951,white,older,female,trustworthy,20,
C:\MyProjects\Project-Proposal\PrivateCoach\Project-EchoesofEquity\data/wav\1957_byf_n09c.wav,C:\MyProjects\Project-Proposal\PrivateCoach\Project-EchoesofEquity\data/melspec\1957_byf_n09c.npy,1957,black,younger,female,neutral,9,c
C:\MyProjects\Project-Proposal\PrivateCoach\Project-EchoesofEquity\data/wav\1957_byf_n10.wav,C:\MyProjects\Project-Proposal\PrivateCoach\Project-EchoesofEquity\data/melspec\1957_byf_n10.npy,1957,black,younger,female,neutral,10,
C:\MyProjects\Project-Proposal\PrivateCoach\Project-EchoesofEquity\data/wav\1957_byf_n11.wav,C:\MyProjects\Project-Proposal\PrivateCoach\Project-EchoesofEquity\data/melspec\1957_byf_n11.npy,1957,black,younger,female,neutral,11,
C:\MyProjects\Project-Proposal\PrivateCoach\Project-EchoesofEquity\data/wav\1957_byf_n12.wav,C:\MyProjects\Project-Proposal\PrivateCoach\Project-EchoesofEquity\data/melspec\1957_byf_n12.npy,1957,black,younger,female,neutral,12,
C:\MyProjects\Project-Proposal\PrivateCoach\Project-EchoesofEquity\data/wav\1957_byf_n13.wav,C:\MyProjects\Project-Proposal\PrivateCoach\Project-EchoesofEquity\data/melspec\1957_byf_n13.npy,1957,black,younger,female,neutral,13,
C:\MyProjects\Project-Proposal\PrivateCoach\Project-EchoesofEquity\data/wav\1957_byf_n14c.wav,C:\MyProjects\Project-Proposal\PrivateCoach\Project-EchoesofEquity\data/melspec\1957_byf_n14c.npy,1957,black,younger,female,neutral,14,c
C:\MyProjects\Project-Proposal\PrivateCoach\Project-EchoesofEquity\data/wav\1957_byf_t09.wav,C:\MyProjects\Project-Proposal\PrivateCoach\Project-EchoesofEquity\data/melspec\1957_byf_t09.npy,1957,black,younger,female,trustworthy,9,
C:\MyProjects\Project-Proposal\PrivateCoach\Project-EchoesofEquity\data/wav\1957_byf_t10.wav,C:\MyProjects\Project-Proposal\PrivateCoach\Project-EchoesofEquity\data/melspec\1957_byf_t10.npy,1957,black,younger,female,trustworthy,10,
C:\MyProjects\Project-Proposal\PrivateCoach\Project-EchoesofEquity\data/wav\1957_byf_t11.wav,C:\MyProjects\Project-Proposal\PrivateCoach\Project-EchoesofEquity\data/melspec\1957_byf_t11.npy,1957,black,younger,female,trustworthy,11,
C:\MyProjects\Project-Proposal\PrivateCoach\Project-EchoesofEquity\data/wav\1957_byf_t12.wav,C:\MyProjects\Project-Proposal\PrivateCoach\Project-EchoesofEquity\data/melspec\1957_byf_t12.npy,1957,black,younger,female,trustworthy,12,
C:\MyProjects\Project-Proposal\PrivateCoach\Project-EchoesofEquity\data/wav\1957_byf_t13.wav,C:\MyProjects\Project-Proposal\PrivateCoach\Project-EchoesofEquity\data/melspec\1957_byf_t13.npy,1957,black,younger,female,trustworthy,13,
C:\MyProjects\Project-Proposal\PrivateCoach\Project-EchoesofEquity\data/wav\1957_byf_t14.wav,C:\MyProjects\Project-Proposal\PrivateCoach\Project-EchoesofEquity\data/melspec\1957_byf_t14.npy,1957,black,younger,female,trustworthy,14,
C:\MyProjects\Project-Proposal\PrivateCoach\Project-EchoesofEquity\data/wav\1958_byf_n09.wav,C:\MyProjects\Project-Proposal\PrivateCoach\Project-EchoesofEquity\data/melspec\1958_byf_n09.npy,1958,black,younger,female,neutral,9,
C:\MyProjects\Project-Proposal\PrivateCoach\Project-EchoesofEquity\data/wav\1958_byf_n10.wav,C:\MyProjects\Project-Proposal\PrivateCoach\Project-EchoesofEquity\data/melspec\1958_byf_n10.npy,1958,black,younger,female,neutral,10,
C:\MyProjects\Project-Proposal\PrivateCoach\Project-EchoesofEquity\data/wav\1958_byf_n11.wav,C:\MyProjects\Project-Proposal\PrivateCoach\Project-EchoesofEquity\data/melspec\1958_byf_n11.npy,1958,black,younger,female,neutral,11,
C:\MyProjects\Project-Proposal\PrivateCoach\Project-EchoesofEquity\data/wav\1958_byf_n12.wav,C:\MyProjects\Project-Proposal\PrivateCoach\Project-EchoesofEquity\data/melspec\1958_byf_n12.npy,1958,black,younger,female,neutral,12,
C:\MyProjects\Project-Proposal\PrivateCoach\Project-EchoesofEquity\data/wav\1958_byf_n13.wav,C:\MyProjects\Project-Proposal\PrivateCoach\Project-EchoesofEquity\data/melspec\1958_byf_n13.npy,1958,black,younger,female,neutral,13,
C:\MyProjects\Project-Proposal\PrivateCoach\Project-EchoesofEquity\data/wav\1958_byf_n14.wav,C:\MyProjects\Project-Proposal\PrivateCoach\Project-EchoesofEquity\data/melspec\1958_byf_n14.npy,1958,black,younger,female,neutral,14,
C:\MyProjects\Project-Proposal\PrivateCoach\Project-EchoesofEquity\data/wav\1958_byf_t09.wav,C:\MyProjects\Project-Proposal\PrivateCoach\Project-EchoesofEquity\data/melspec\1958_byf_t09.npy,1958,black,younger,female,trustworthy,9,
C:\MyProjects\Project-Proposal\PrivateCoach\Project-EchoesofEquity\data/wav\1958_byf_t10.wav,C:\MyProjects\Project-Proposal\PrivateCoach\Project-EchoesofEquity\data/melspec\1958_byf_t10.npy,1958,black,younger,female,trustworthy,10,
C:\MyProjects\Project-Proposal\PrivateCoach\Project-EchoesofEquity\data/wav\1958_byf_t11c.wav,C:\MyProjects\Project-Proposal\PrivateCoach\Project-EchoesofEquity\data/melspec\1958_byf_t11c.npy,1958,black,younger,female,trustworthy,11,c
C:\MyProjects\Project-Proposal\PrivateCoach\Project-EchoesofEquity\data/wav\1958_byf_t12c.wav,C:\MyProjects\Project-Proposal\PrivateCoach\Project-EchoesofEquity\data/melspec\1958_byf_t12c.npy,1958,black,younger,female,trustworthy,12,c
C:\MyProjects\Project-Proposal\PrivateCoach\Project-EchoesofEquity\data/wav\1958_byf_t13c.wav,C:\MyProjects\Project-Proposal\PrivateCoach\Project-EchoesofEquity\data/melspec\1958_byf_t13c.npy,1958,black,younger,female,trustworthy,13,c
C:\MyProjects\Project-Proposal\PrivateCoach\Project-EchoesofEquity\data/wav\1958_byf_t14.wav,C:\MyProjects\Project-Proposal\PrivateCoach\Project-EchoesofEquity\data/melspec\1958_byf_t14.npy,1958,black,younger,female,trustworthy,14,
C:\MyProjects\Project-Proposal\PrivateCoach\Project-EchoesofEquity\data/wav\1959_wof_n01.wav,C:\MyProjects\Project-Proposal\PrivateCoach\Project-EchoesofEquity\data/melspec\1959_wof_n01.npy,1959,white,older,female,neutral,1,
C:\MyProjects\Project-Proposal\PrivateCoach\Project-EchoesofEquity\data/wav\1959_wof_n02.wav,C:\MyProjects\Project-Proposal\PrivateCoach\Project-EchoesofEquity\data/melspec\1959_wof_n02.npy,1959,white,older,female,neutral,2,
C:\MyProjects\Project-Proposal\PrivateCoach\Project-EchoesofEquity\data/wav\1959_wof_n03.wav,C:\MyProjects\Project-Proposal\PrivateCoach\Project-EchoesofEquity\data/melspec\1959_wof_n03.npy,1959,white,older,female,neutral,3,
C:\MyProjects\Project-Proposal\PrivateCoach\Project-EchoesofEquity\data/wav\1959_wof_n04.wav,C:\MyProjects\Project-Proposal\PrivateCoach\Project-EchoesofEquity\data/melspec\1959_wof_n04.npy,1959,white,older,female,neutral,4,
C:\MyProjects\Project-Proposal\PrivateCoach\Project-EchoesofEquity\data/wav\1959_wof_n19.wav,C:\MyProjects\Project-Proposal\PrivateCoach\Project-EchoesofEquity\data/melspec\1959_wof_n19.npy,1959,white,older,female,neutral,19,
C:\MyProjects\Project-Proposal\PrivateCoach\Project-EchoesofEquity\data/wav\1959_wof_n20.wav,C:\MyProjects\Project-Proposal\PrivateCoach\Project-EchoesofEquity\data/melspec\1959_wof_n20.npy,1959,white,older,female,neutral,20,
C:\MyProjects\Project-Proposal\PrivateCoach\Project-EchoesofEquity\data/wav\1959_wof_t01.wav,C:\MyProjects\Project-Proposal\PrivateCoach\Project-EchoesofEquity\data/melspec\1959_wof_t01.npy,1959,white,older,female,trustworthy,1,
C:\MyProjects\Project-Proposal\PrivateCoach\Project-EchoesofEquity\data/wav\1959_wof_t02.wav,C:\MyProjects\Project-Proposal\PrivateCoach\Project-EchoesofEquity\data/melspec\1959_wof_t02.npy,1959,white,older,female,trustworthy,2,
C:\MyProjects\Project-Proposal\PrivateCoach\Project-EchoesofEquity\data/wav\1959_wof_t03.wav,C:\MyProjects\Project-Proposal\PrivateCoach\Project-EchoesofEquity\data/melspec\1959_wof_t03.npy,1959,white,older,female,trustworthy,3,
C:\MyProjects\Project-Proposal\PrivateCoach\Project-EchoesofEquity\data/wav\1959_wof_t04.wav,C:\MyProjects\Project-Proposal\PrivateCoach\Project-EchoesofEquity\data/melspec\1959_wof_t04.npy,1959,white,older,female,trustworthy,4,
C:\MyProjects\Project-Proposal\PrivateCoach\Project-EchoesofEquity\data/wav\1959_wof_t19.wav,C:\MyProjects\Project-Proposal\PrivateCoach\Project-EchoesofEquity\data/melspec\1959_wof_t19.npy,1959,white,older,female,trustworthy,19,
C:\MyProjects\Project-Proposal\PrivateCoach\Project-EchoesofEquity\data/wav\1959_wof_t20.wav,C:\MyProjects\Project-Proposal\PrivateCoach\Project-EchoesofEquity\data/melspec\1959_wof_t20.npy,1959,white,older,female,trustworthy,20,
C:\MyProjects\Project-Proposal\PrivateCoach\Project-EchoesofEquity\data/wav\1963_wom_n15c.wav,C:\MyProjects\Project-Proposal\PrivateCoach\Project-EchoesofEquity\data/melspec\1963_wom_n15c.npy,1963,white,older,male,neutral,15,c
C:\MyProjects\Project-Proposal\PrivateCoach\Project-EchoesofEquity\data/wav\1963_wom_n16c.wav,C:\MyProjects\Project-Proposal\PrivateCoach\Project-EchoesofEquity\data/melspec\1963_wom_n16c.npy,1963,white,older,male,neutral,16,c
C:\MyProjects\Project-Proposal\PrivateCoach\Project-EchoesofEquity\data/wav\1963_wom_n17c.wav,C:\MyProjects\Project-Proposal\PrivateCoach\Project-EchoesofEquity\data/melspec\1963_wom_n17c.npy,1963,white,older,male,neutral,17,c
C:\MyProjects\Project-Proposal\PrivateCoach\Project-EchoesofEquity\data/wav\1963_wom_n18c.wav,C:\MyProjects\Project-Proposal\PrivateCoach\Project-EchoesofEquity\data/melspec\1963_wom_n18c.npy,1963,white,older,male,neutral,18,c
C:\MyProjects\Project-Proposal\PrivateCoach\Project-EchoesofEquity\data/wav\1963_wom_n19c.wav,C:\MyProjects\Project-Proposal\PrivateCoach\Project-EchoesofEquity\data/melspec\1963_wom_n19c.npy,1963,white,older,male,neutral,19,c
C:\MyProjects\Project-Proposal\PrivateCoach\Project-EchoesofEquity\data/wav\1963_wom_n20c.wav,C:\MyProjects\Project-Proposal\PrivateCoach\Project-EchoesofEquity\data/melspec\1963_wom_n20c.npy,1963,white,older,male,neutral,20,c
C:\MyProjects\Project-Proposal\PrivateCoach\Project-EchoesofEquity\data/wav\1963_wom_t15.wav,C:\MyProjects\Project-Proposal\PrivateCoach\Project-EchoesofEquity\data/melspec\1963_wom_t15.npy,1963,white,older,male,trustworthy,15,
C:\MyProjects\Project-Proposal\PrivateCoach\Project-EchoesofEquity\data/wav\1963_wom_t16c_version2.wav,C:\MyProjects\Project-Proposal\PrivateCoach\Project-EchoesofEquity\data/melspec\1963_wom_t16c_version2.npy,1963,white,older,male,trustworthy,16,c_version2
C:\MyProjects\Project-Proposal\PrivateCoach\Project-EchoesofEquity\data/wav\1963_wom_t17c_version2.wav,C:\MyProjects\Project-Proposal\PrivateCoach\Project-EchoesofEquity\data/melspec\1963_wom_t17c_version2.npy,1963,white,older,male,trustworthy,17,c_version2
C:\MyProjects\Project-Proposal\PrivateCoach\Project-EchoesofEquity\data/wav\1963_wom_t18c.wav,C:\MyProjects\Project-Proposal\PrivateCoach\Project-EchoesofEquity\data/melspec\1963_wom_t18c.npy,1963,white,older,male,trustworthy,18,c
C:\MyProjects\Project-Proposal\PrivateCoach\Project-EchoesofEquity\data/wav\1963_wom_t19c.wav,C:\MyProjects\Project-Proposal\PrivateCoach\Project-EchoesofEquity\data/melspec\1963_wom_t19c.npy,1963,white,older,male,trustworthy,19,c
C:\MyProjects\Project-Proposal\PrivateCoach\Project-EchoesofEquity\data/wav\1963_wom_t20c_version2.wav,C:\MyProjects\Project-Proposal\PrivateCoach\Project-EchoesofEquity\data/melspec\1963_wom_t20c_version2.npy,1963,white,older,male,trustworthy,20,c_version2
C:\MyProjects\Project-Proposal\PrivateCoach\Project-EchoesofEquity\data/wav\1965_bym_n11c.wav,C:\MyProjects\Project-Proposal\PrivateCoach\Project-EchoesofEquity\data/melspec\1965_bym_n11c.npy,1965,black,younger,male,neutral,11,c
C:\MyProjects\Project-Proposal\PrivateCoach\Project-EchoesofEquity\data/wav\1965_bym_n12c.wav,C:\MyProjects\Project-Proposal\PrivateCoach\Project-EchoesofEquity\data/melspec\1965_bym_n12c.npy,1965,black,younger,male,neutral,12,c
C:\MyProjects\Project-Proposal\PrivateCoach\Project-EchoesofEquity\data/wav\1965_bym_n13c.wav,C:\MyProjects\Project-Proposal\PrivateCoach\Project-EchoesofEquity\data/melspec\1965_bym_n13c.npy,1965,black,younger,male,neutral,13,c
C:\MyProjects\Project-Proposal\PrivateCoach\Project-EchoesofEquity\data/wav\1965_bym_n14.wav,C:\MyProjects\Project-Proposal\PrivateCoach\Project-EchoesofEquity\data/melspec\1965_bym_n14.npy,1965,black,younger,male,neutral,14,
C:\MyProjects\Project-Proposal\PrivateCoach\Project-EchoesofEquity\data/wav\1965_bym_n15.wav,C:\MyProjects\Project-Proposal\PrivateCoach\Project-EchoesofEquity\data/melspec\1965_bym_n15.npy,1965,black,younger,male,neutral,15,
C:\MyProjects\Project-Proposal\PrivateCoach\Project-EchoesofEquity\data/wav\1965_bym_n16c.wav,C:\MyProjects\Project-Proposal\PrivateCoach\Project-EchoesofEquity\data/melspec\1965_bym_n16c.npy,1965,black,younger,male,neutral,16,c
C:\MyProjects\Project-Proposal\PrivateCoach\Project-EchoesofEquity\data/wav\1965_bym_t11c.wav,C:\MyProjects\Project-Proposal\PrivateCoach\Project-EchoesofEquity\data/melspec\1965_bym_t11c.npy,1965,black,younger,male,trustworthy,11,c
C:\MyProjects\Project-Proposal\PrivateCoach\Project-EchoesofEquity\data/wav\1965_bym_t12.wav,C:\MyProjects\Project-Proposal\PrivateCoach\Project-EchoesofEquity\data/melspec\1965_bym_t12.npy,1965,black,younger,male,trustworthy,12,
C:\MyProjects\Project-Proposal\PrivateCoach\Project-EchoesofEquity\data/wav\1965_bym_t13c.wav,C:\MyProjects\Project-Proposal\PrivateCoach\Project-EchoesofEquity\data/melspec\1965_bym_t13c.npy,1965,black,younger,male,trustworthy,13,c
C:\MyProjects\Project-Proposal\PrivateCoach\Project-EchoesofEquity\data/wav\1965_bym_t14c.wav,C:\MyProjects\Project-Proposal\PrivateCoach\Project-EchoesofEquity\data/melspec\1965_bym_t14c.npy,1965,black,younger,male,trustworthy,14,c
C:\MyProjects\Project-Proposal\PrivateCoach\Project-EchoesofEquity\data/wav\1965_bym_t15c.wav,C:\MyProjects\Project-Proposal\PrivateCoach\Project-EchoesofEquity\data/melspec\1965_bym_t15c.npy,1965,black,younger,male,trustworthy,15,c
C:\MyProjects\Project-Proposal\PrivateCoach\Project-EchoesofEquity\data/wav\1965_bym_t16.wav,C:\MyProjects\Project-Proposal\PrivateCoach\Project-EchoesofEquity\data/melspec\1965_bym_t16.npy,1965,black,younger,male,trustworthy,16,
C:\MyProjects\Project-Proposal\PrivateCoach\Project-EchoesofEquity\data/wav\1968_wym_n03.wav,C:\MyProjects\Project-Proposal\PrivateCoach\Project-EchoesofEquity\data/melspec\1968_wym_n03.npy,1968,white,younger,male,neutral,3,
C:\MyProjects\Project-Proposal\PrivateCoach\Project-EchoesofEquity\data/wav\1968_wym_n04.wav,C:\MyProjects\Project-Proposal\PrivateCoach\Project-EchoesofEquity\data/melspec\1968_wym_n04.npy,1968,white,younger,male,neutral,4,
C:\MyProjects\Project-Proposal\PrivateCoach\Project-EchoesofEquity\data/wav\1968_wym_n05.wav,C:\MyProjects\Project-Proposal\PrivateCoach\Project-EchoesofEquity\data/melspec\1968_wym_n05.npy,1968,white,younger,male,neutral,5,
C:\MyProjects\Project-Proposal\PrivateCoach\Project-EchoesofEquity\data/wav\1968_wym_n06.wav,C:\MyProjects\Project-Proposal\PrivateCoach\Project-EchoesofEquity\data/melspec\1968_wym_n06.npy,1968,white,younger,male,neutral,6,
C:\MyProjects\Project-Proposal\PrivateCoach\Project-EchoesofEquity\data/wav\1968_wym_n07.wav,C:\MyProjects\Project-Proposal\PrivateCoach\Project-EchoesofEquity\data/melspec\1968_wym_n07.npy,1968,white,younger,male,neutral,7,
C:\MyProjects\Project-Proposal\PrivateCoach\Project-EchoesofEquity\data/wav\1968_wym_n08.wav,C:\MyProjects\Project-Proposal\PrivateCoach\Project-EchoesofEquity\data/melspec\1968_wym_n08.npy,1968,white,younger,male,neutral,8,
C:\MyProjects\Project-Proposal\PrivateCoach\Project-EchoesofEquity\data/wav\1968_wym_t03.wav,C:\MyProjects\Project-Proposal\PrivateCoach\Project-EchoesofEquity\data/melspec\1968_wym_t03.npy,1968,white,younger,male,trustworthy,3,
C:\MyProjects\Project-Proposal\PrivateCoach\Project-EchoesofEquity\data/wav\1968_wym_t04.wav,C:\MyProjects\Project-Proposal\PrivateCoach\Project-EchoesofEquity\data/melspec\1968_wym_t04.npy,1968,white,younger,male,trustworthy,4,
C:\MyProjects\Project-Proposal\PrivateCoach\Project-EchoesofEquity\data/wav\1968_wym_t05c.wav,C:\MyProjects\Project-Proposal\PrivateCoach\Project-EchoesofEquity\data/melspec\1968_wym_t05c.npy,1968,white,younger,male,trustworthy,5,c
C:\MyProjects\Project-Proposal\PrivateCoach\Project-EchoesofEquity\data/wav\1968_wym_t06.wav,C:\MyProjects\Project-Proposal\PrivateCoach\Project-EchoesofEquity\data/melspec\1968_wym_t06.npy,1968,white,younger,male,trustworthy,6,
C:\MyProjects\Project-Proposal\PrivateCoach\Project-EchoesofEquity\data/wav\1968_wym_t07.wav,C:\MyProjects\Project-Proposal\PrivateCoach\Project-EchoesofEquity\data/melspec\1968_wym_t07.npy,1968,white,younger,male,trustworthy,7,
C:\MyProjects\Project-Proposal\PrivateCoach\Project-EchoesofEquity\data/wav\1968_wym_t08c.wav,C:\MyProjects\Project-Proposal\PrivateCoach\Project-EchoesofEquity\data/melspec\1968_wym_t08c.npy,1968,white,younger,male,trustworthy,8,c
C:\MyProjects\Project-Proposal\PrivateCoach\Project-EchoesofEquity\data/wav\1969_wof_n01c.wav,C:\MyProjects\Project-Proposal\PrivateCoach\Project-EchoesofEquity\data/melspec\1969_wof_n01c.npy,1969,white,older,female,neutral,1,c
C:\MyProjects\Project-Proposal\PrivateCoach\Project-EchoesofEquity\data/wav\1969_wof_n02c.wav,C:\MyProjects\Project-Proposal\PrivateCoach\Project-EchoesofEquity\data/melspec\1969_wof_n02c.npy,1969,white,older,female,neutral,2,c
C:\MyProjects\Project-Proposal\PrivateCoach\Project-EchoesofEquity\data/wav\1969_wof_n17cc.wav,C:\MyProjects\Project-Proposal\PrivateCoach\Project-EchoesofEquity\data/melspec\1969_wof_n17cc.npy,1969,white,older,female,neutral,17,cc
C:\MyProjects\Project-Proposal\PrivateCoach\Project-EchoesofEquity\data/wav\1969_wof_n18cc.wav,C:\MyProjects\Project-Proposal\PrivateCoach\Project-EchoesofEquity\data/melspec\1969_wof_n18cc.npy,1969,white,older,female,neutral,18,cc
C:\MyProjects\Project-Proposal\PrivateCoach\Project-EchoesofEquity\data/wav\1969_wof_n19c.wav,C:\MyProjects\Project-Proposal\PrivateCoach\Project-EchoesofEquity\data/melspec\1969_wof_n19c.npy,1969,white,older,female,neutral,19,c
C:\MyProjects\Project-Proposal\PrivateCoach\Project-EchoesofEquity\data/wav\1969_wof_n20.wav,C:\MyProjects\Project-Proposal\PrivateCoach\Project-EchoesofEquity\data/melspec\1969_wof_n20.npy,1969,white,older,female,neutral,20,
C:\MyProjects\Project-Proposal\PrivateCoach\Project-EchoesofEquity\data/wav\1969_wof_t01.wav,C:\MyProjects\Project-Proposal\PrivateCoach\Project-EchoesofEquity\data/melspec\1969_wof_t01.npy,1969,white,older,female,trustworthy,1,
C:\MyProjects\Project-Proposal\PrivateCoach\Project-EchoesofEquity\data/wav\1969_wof_t02c.wav,C:\MyProjects\Project-Proposal\PrivateCoach\Project-EchoesofEquity\data/melspec\1969_wof_t02c.npy,1969,white,older,female,trustworthy,2,c
C:\MyProjects\Project-Proposal\PrivateCoach\Project-EchoesofEquity\data/wav\1969_wof_t17.wav,C:\MyProjects\Project-Proposal\PrivateCoach\Project-EchoesofEquity\data/melspec\1969_wof_t17.npy,1969,white,older,female,trustworthy,17,
C:\MyProjects\Project-Proposal\PrivateCoach\Project-EchoesofEquity\data/wav\1969_wof_t18c.wav,C:\MyProjects\Project-Proposal\PrivateCoach\Project-EchoesofEquity\data/melspec\1969_wof_t18c.npy,1969,white,older,female,trustworthy,18,c
C:\MyProjects\Project-Proposal\PrivateCoach\Project-EchoesofEquity\data/wav\1969_wof_t19c.wav,C:\MyProjects\Project-Proposal\PrivateCoach\Project-EchoesofEquity\data/melspec\1969_wof_t19c.npy,1969,white,older,female,trustworthy,19,c
C:\MyProjects\Project-Proposal\PrivateCoach\Project-EchoesofEquity\data/wav\1969_wof_t20.wav,C:\MyProjects\Project-Proposal\PrivateCoach\Project-EchoesofEquity\data/melspec\1969_wof_t20.npy,1969,white,older,female,trustworthy,20,
C:\MyProjects\Project-Proposal\PrivateCoach\Project-EchoesofEquity\data/wav\1970_wyf_n03.wav,C:\MyProjects\Project-Proposal\PrivateCoach\Project-EchoesofEquity\data/melspec\1970_wyf_n03.npy,1970,white,younger,female,neutral,3,
C:\MyProjects\Project-Proposal\PrivateCoach\Project-EchoesofEquity\data/wav\1970_wyf_n04c.wav,C:\MyProjects\Project-Proposal\PrivateCoach\Project-EchoesofEquity\data/melspec\1970_wyf_n04c.npy,1970,white,younger,female,neutral,4,c
C:\MyProjects\Project-Proposal\PrivateCoach\Project-EchoesofEquity\data/wav\1970_wyf_n05c.wav,C:\MyProjects\Project-Proposal\PrivateCoach\Project-EchoesofEquity\data/melspec\1970_wyf_n05c.npy,1970,white,younger,female,neutral,5,c
C:\MyProjects\Project-Proposal\PrivateCoach\Project-EchoesofEquity\data/wav\1970_wyf_n06.wav,C:\MyProjects\Project-Proposal\PrivateCoach\Project-EchoesofEquity\data/melspec\1970_wyf_n06.npy,1970,white,younger,female,neutral,6,
C:\MyProjects\Project-Proposal\PrivateCoach\Project-EchoesofEquity\data/wav\1970_wyf_n07.wav,C:\MyProjects\Project-Proposal\PrivateCoach\Project-EchoesofEquity\data/melspec\1970_wyf_n07.npy,1970,white,younger,female,neutral,7,
C:\MyProjects\Project-Proposal\PrivateCoach\Project-EchoesofEquity\data/wav\1970_wyf_n08.wav,C:\MyProjects\Project-Proposal\PrivateCoach\Project-EchoesofEquity\data/melspec\1970_wyf_n08.npy,1970,white,younger,female,neutral,8,
C:\MyProjects\Project-Proposal\PrivateCoach\Project-EchoesofEquity\data/wav\1970_wyf_t03c.wav,C:\MyProjects\Project-Proposal\PrivateCoach\Project-EchoesofEquity\data/melspec\1970_wyf_t03c.npy,1970,white,younger,female,trustworthy,3,c
C:\MyProjects\Project-Proposal\PrivateCoach\Project-EchoesofEquity\data/wav\1970_wyf_t04c.wav,C:\MyProjects\Project-Proposal\PrivateCoach\Project-EchoesofEquity\data/melspec\1970_wyf_t04c.npy,1970,white,younger,female,trustworthy,4,c
C:\MyProjects\Project-Proposal\PrivateCoach\Project-EchoesofEquity\data/wav\1970_wyf_t05c.wav,C:\MyProjects\Project-Proposal\PrivateCoach\Project-EchoesofEquity\data/melspec\1970_wyf_t05c.npy,1970,white,younger,female,trustworthy,5,c
C:\MyProjects\Project-Proposal\PrivateCoach\Project-EchoesofEquity\data/wav\1970_wyf_t06.wav,C:\MyProjects\Project-Proposal\PrivateCoach\Project-EchoesofEquity\data/melspec\1970_wyf_t06.npy,1970,white,younger,female,trustworthy,6,
C:\MyProjects\Project-Proposal\PrivateCoach\Project-EchoesofEquity\data/wav\1970_wyf_t07.wav,C:\MyProjects\Project-Proposal\PrivateCoach\Project-EchoesofEquity\data/melspec\1970_wyf_t07.npy,1970,white,younger,female,trustworthy,7,
C:\MyProjects\Project-Proposal\PrivateCoach\Project-EchoesofEquity\data/wav\1970_wyf_t08c.wav,C:\MyProjects\Project-Proposal\PrivateCoach\Project-EchoesofEquity\data/melspec\1970_wyf_t08c.npy,1970,white,younger,female,trustworthy,8,c
C:\MyProjects\Project-Proposal\PrivateCoach\Project-EchoesofEquity\data/wav\1971_wyf_n05.wav,C:\MyProjects\Project-Proposal\PrivateCoach\Project-EchoesofEquity\data/melspec\1971_wyf_n05.npy,1971,white,younger,female,neutral,5,
C:\MyProjects\Project-Proposal\PrivateCoach\Project-EchoesofEquity\data/wav\1971_wyf_n06.wav,C:\MyProjects\Project-Proposal\PrivateCoach\Project-EchoesofEquity\data/melspec\1971_wyf_n06.npy,1971,white,younger,female,neutral,6,
C:\MyProjects\Project-Proposal\PrivateCoach\Project-EchoesofEquity\data/wav\1971_wyf_n07.wav,C:\MyProjects\Project-Proposal\PrivateCoach\Project-EchoesofEquity\data/melspec\1971_wyf_n07.npy,1971,white,younger,female,neutral,7,
C:\MyProjects\Project-Proposal\PrivateCoach\Project-EchoesofEquity\data/wav\1971_wyf_n08c.wav,C:\MyProjects\Project-Proposal\PrivateCoach\Project-EchoesofEquity\data/melspec\1971_wyf_n08c.npy,1971,white,younger,female,neutral,8,c
C:\MyProjects\Project-Proposal\PrivateCoach\Project-EchoesofEquity\data/wav\1971_wyf_n09.wav,C:\MyProjects\Project-Proposal\PrivateCoach\Project-EchoesofEquity\data/melspec\1971_wyf_n09.npy,1971,white,younger,female,neutral,9,
C:\MyProjects\Project-Proposal\PrivateCoach\Project-EchoesofEquity\data/wav\1971_wyf_n10.wav,C:\MyProjects\Project-Proposal\PrivateCoach\Project-EchoesofEquity\data/melspec\1971_wyf_n10.npy,1971,white,younger,female,neutral,10,
C:\MyProjects\Project-Proposal\PrivateCoach\Project-EchoesofEquity\data/wav\1971_wyf_t05.wav,C:\MyProjects\Project-Proposal\PrivateCoach\Project-EchoesofEquity\data/melspec\1971_wyf_t05.npy,1971,white,younger,female,trustworthy,5,
C:\MyProjects\Project-Proposal\PrivateCoach\Project-EchoesofEquity\data/wav\1971_wyf_t06c.wav,C:\MyProjects\Project-Proposal\PrivateCoach\Project-EchoesofEquity\data/melspec\1971_wyf_t06c.npy,1971,white,younger,female,trustworthy,6,c
C:\MyProjects\Project-Proposal\PrivateCoach\Project-EchoesofEquity\data/wav\1971_wyf_t07c.wav,C:\MyProjects\Project-Proposal\PrivateCoach\Project-EchoesofEquity\data/melspec\1971_wyf_t07c.npy,1971,white,younger,female,trustworthy,7,c
C:\MyProjects\Project-Proposal\PrivateCoach\Project-EchoesofEquity\data/wav\1971_wyf_t08.wav,C:\MyProjects\Project-Proposal\PrivateCoach\Project-EchoesofEquity\data/melspec\1971_wyf_t08.npy,1971,white,younger,female,trustworthy,8,
C:\MyProjects\Project-Proposal\PrivateCoach\Project-EchoesofEquity\data/wav\1971_wyf_t09.wav,C:\MyProjects\Project-Proposal\PrivateCoach\Project-EchoesofEquity\data/melspec\1971_wyf_t09.npy,1971,white,younger,female,trustworthy,9,
C:\MyProjects\Project-Proposal\PrivateCoach\Project-EchoesofEquity\data/wav\1971_wyf_t10c.wav,C:\MyProjects\Project-Proposal\PrivateCoach\Project-EchoesofEquity\data/melspec\1971_wyf_t10c.npy,1971,white,younger,female,trustworthy,10,c
C:\MyProjects\Project-Proposal\PrivateCoach\Project-EchoesofEquity\data/wav\1972_wym_n05.wav,C:\MyProjects\Project-Proposal\PrivateCoach\Project-EchoesofEquity\data/melspec\1972_wym_n05.npy,1972,white,younger,male,neutral,5,
C:\MyProjects\Project-Proposal\PrivateCoach\Project-EchoesofEquity\data/wav\1972_wym_n06.wav,C:\MyProjects\Project-Proposal\PrivateCoach\Project-EchoesofEquity\data/melspec\1972_wym_n06.npy,1972,white,younger,male,neutral,6,
C:\MyProjects\Project-Proposal\PrivateCoach\Project-EchoesofEquity\data/wav\1972_wym_n07.wav,C:\MyProjects\Project-Proposal\PrivateCoach\Project-EchoesofEquity\data/melspec\1972_wym_n07.npy,1972,white,younger,male,neutral,7,
C:\MyProjects\Project-Proposal\PrivateCoach\Project-EchoesofEquity\data/wav\1972_wym_n08c.wav,C:\MyProjects\Project-Proposal\PrivateCoach\Project-EchoesofEquity\data/melspec\1972_wym_n08c.npy,1972,white,younger,male,neutral,8,c
C:\MyProjects\Project-Proposal\PrivateCoach\Project-EchoesofEquity\data/wav\1972_wym_n09c.wav,C:\MyProjects\Project-Proposal\PrivateCoach\Project-EchoesofEquity\data/melspec\1972_wym_n09c.npy,1972,white,younger,male,neutral,9,c
C:\MyProjects\Project-Proposal\PrivateCoach\Project-EchoesofEquity\data/wav\1972_wym_n10.wav,C:\MyProjects\Project-Proposal\PrivateCoach\Project-EchoesofEquity\data/melspec\1972_wym_n10.npy,1972,white,younger,male,neutral,10,
C:\MyProjects\Project-Proposal\PrivateCoach\Project-EchoesofEquity\data/wav\1972_wym_t05.wav,C:\MyProjects\Project-Proposal\PrivateCoach\Project-EchoesofEquity\data/melspec\1972_wym_t05.npy,1972,white,younger,male,trustworthy,5,
C:\MyProjects\Project-Proposal\PrivateCoach\Project-EchoesofEquity\data/wav\1972_wym_t06c.wav,C:\MyProjects\Project-Proposal\PrivateCoach\Project-EchoesofEquity\data/melspec\1972_wym_t06c.npy,1972,white,younger,male,trustworthy,6,c
C:\MyProjects\Project-Proposal\PrivateCoach\Project-EchoesofEquity\data/wav\1972_wym_t07c.wav,C:\MyProjects\Project-Proposal\PrivateCoach\Project-EchoesofEquity\data/melspec\1972_wym_t07c.npy,1972,white,younger,male,trustworthy,7,c
C:\MyProjects\Project-Proposal\PrivateCoach\Project-EchoesofEquity\data/wav\1972_wym_t08c.wav,C:\MyProjects\Project-Proposal\PrivateCoach\Project-EchoesofEquity\data/melspec\1972_wym_t08c.npy,1972,white,younger,male,trustworthy,8,c
C:\MyProjects\Project-Proposal\PrivateCoach\Project-EchoesofEquity\data/wav\1972_wym_t09.wav,C:\MyProjects\Project-Proposal\PrivateCoach\Project-EchoesofEquity\data/melspec\1972_wym_t09.npy,1972,white,younger,male,trustworthy,9,
C:\MyProjects\Project-Proposal\PrivateCoach\Project-EchoesofEquity\data/wav\1972_wym_t10.wav,C:\MyProjects\Project-Proposal\PrivateCoach\Project-EchoesofEquity\data/melspec\1972_wym_t10.npy,1972,white,younger,male,trustworthy,10,
C:\MyProjects\Project-Proposal\PrivateCoach\Project-EchoesofEquity\data/wav\1973_wyf_n07c.wav,C:\MyProjects\Project-Proposal\PrivateCoach\Project-EchoesofEquity\data/melspec\1973_wyf_n07c.npy,1973,white,younger,female,neutral,7,c
C:\MyProjects\Project-Proposal\PrivateCoach\Project-EchoesofEquity\data/wav\1973_wyf_n08.wav,C:\MyProjects\Project-Proposal\PrivateCoach\Project-EchoesofEquity\data/melspec\1973_wyf_n08.npy,1973,white,younger,female,neutral,8,
C:\MyProjects\Project-Proposal\PrivateCoach\Project-EchoesofEquity\data/wav\1973_wyf_n09c.wav,C:\MyProjects\Project-Proposal\PrivateCoach\Project-EchoesofEquity\data/melspec\1973_wyf_n09c.npy,1973,white,younger,female,neutral,9,c
C:\MyProjects\Project-Proposal\PrivateCoach\Project-EchoesofEquity\data/wav\1973_wyf_n10c.wav,C:\MyProjects\Project-Proposal\PrivateCoach\Project-EchoesofEquity\data/melspec\1973_wyf_n10c.npy,1973,white,younger,female,neutral,10,c
C:\MyProjects\Project-Proposal\PrivateCoach\Project-EchoesofEquity\data/wav\1973_wyf_n11.wav,C:\MyProjects\Project-Proposal\PrivateCoach\Project-EchoesofEquity\data/melspec\1973_wyf_n11.npy,1973,white,younger,female,neutral,11,
C:\MyProjects\Project-Proposal\PrivateCoach\Project-EchoesofEquity\data/wav\1973_wyf_n12.wav,C:\MyProjects\Project-Proposal\PrivateCoach\Project-EchoesofEquity\data/melspec\1973_wyf_n12.npy,1973,white,younger,female,neutral,12,
C:\MyProjects\Project-Proposal\PrivateCoach\Project-EchoesofEquity\data/wav\1973_wyf_t07c.wav,C:\MyProjects\Project-Proposal\PrivateCoach\Project-EchoesofEquity\data/melspec\1973_wyf_t07c.npy,1973,white,younger,female,trustworthy,7,c
C:\MyProjects\Project-Proposal\PrivateCoach\Project-EchoesofEquity\data/wav\1973_wyf_t08.wav,C:\MyProjects\Project-Proposal\PrivateCoach\Project-EchoesofEquity\data/melspec\1973_wyf_t08.npy,1973,white,younger,female,trustworthy,8,
C:\MyProjects\Project-Proposal\PrivateCoach\Project-EchoesofEquity\data/wav\1973_wyf_t09.wav,C:\MyProjects\Project-Proposal\PrivateCoach\Project-EchoesofEquity\data/melspec\1973_wyf_t09.npy,1973,white,younger,female,trustworthy,9,
C:\MyProjects\Project-Proposal\PrivateCoach\Project-EchoesofEquity\data/wav\1973_wyf_t10c.wav,C:\MyProjects\Project-Proposal\PrivateCoach\Project-EchoesofEquity\data/melspec\1973_wyf_t10c.npy,1973,white,younger,female,trustworthy,10,c
C:\MyProjects\Project-Proposal\PrivateCoach\Project-EchoesofEquity\data/wav\1973_wyf_t11c.wav,C:\MyProjects\Project-Proposal\PrivateCoach\Project-EchoesofEquity\data/melspec\1973_wyf_t11c.npy,1973,white,younger,female,trustworthy,11,c
C:\MyProjects\Project-Proposal\PrivateCoach\Project-EchoesofEquity\data/wav\1973_wyf_t12c.wav,C:\MyProjects\Project-Proposal\PrivateCoach\Project-EchoesofEquity\data/melspec\1973_wyf_t12c.npy,1973,white,younger,female,trustworthy,12,c
C:\MyProjects\Project-Proposal\PrivateCoach\Project-EchoesofEquity\data/wav\1974_wym_n07c.wav,C:\MyProjects\Project-Proposal\PrivateCoach\Project-EchoesofEquity\data/melspec\1974_wym_n07c.npy,1974,white,younger,male,neutral,7,c
C:\MyProjects\Project-Proposal\PrivateCoach\Project-EchoesofEquity\data/wav\1974_wym_n08c.wav,C:\MyProjects\Project-Proposal\PrivateCoach\Project-EchoesofEquity\data/melspec\1974_wym_n08c.npy,1974,white,younger,male,neutral,8,c
C:\MyProjects\Project-Proposal\PrivateCoach\Project-EchoesofEquity\data/wav\1974_wym_n09c.wav,C:\MyProjects\Project-Proposal\PrivateCoach\Project-EchoesofEquity\data/melspec\1974_wym_n09c.npy,1974,white,younger,male,neutral,9,c
C:\MyProjects\Project-Proposal\PrivateCoach\Project-EchoesofEquity\data/wav\1974_wym_n10c.wav,C:\MyProjects\Project-Proposal\PrivateCoach\Project-EchoesofEquity\data/melspec\1974_wym_n10c.npy,1974,white,younger,male,neutral,10,c
C:\MyProjects\Project-Proposal\PrivateCoach\Project-EchoesofEquity\data/wav\1974_wym_n11c.wav,C:\MyProjects\Project-Proposal\PrivateCoach\Project-EchoesofEquity\data/melspec\1974_wym_n11c.npy,1974,white,younger,male,neutral,11,c
C:\MyProjects\Project-Proposal\PrivateCoach\Project-EchoesofEquity\data/wav\1974_wym_n12c.wav,C:\MyProjects\Project-Proposal\PrivateCoach\Project-EchoesofEquity\data/melspec\1974_wym_n12c.npy,1974,white,younger,male,neutral,12,c
C:\MyProjects\Project-Proposal\PrivateCoach\Project-EchoesofEquity\data/wav\1974_wym_t07.wav,C:\MyProjects\Project-Proposal\PrivateCoach\Project-EchoesofEquity\data/melspec\1974_wym_t07.npy,1974,white,younger,male,trustworthy,7,
C:\MyProjects\Project-Proposal\PrivateCoach\Project-EchoesofEquity\data/wav\1974_wym_t08.wav,C:\MyProjects\Project-Proposal\PrivateCoach\Project-EchoesofEquity\data/melspec\1974_wym_t08.npy,1974,white,younger,male,trustworthy,8,
C:\MyProjects\Project-Proposal\PrivateCoach\Project-EchoesofEquity\data/wav\1974_wym_t09c.wav,C:\MyProjects\Project-Proposal\PrivateCoach\Project-EchoesofEquity\data/melspec\1974_wym_t09c.npy,1974,white,younger,male,trustworthy,9,c
C:\MyProjects\Project-Proposal\PrivateCoach\Project-EchoesofEquity\data/wav\1974_wym_t10.wav,C:\MyProjects\Project-Proposal\PrivateCoach\Project-EchoesofEquity\data/melspec\1974_wym_t10.npy,1974,white,younger,male,trustworthy,10,
C:\MyProjects\Project-Proposal\PrivateCoach\Project-EchoesofEquity\data/wav\1974_wym_t11c.wav,C:\MyProjects\Project-Proposal\PrivateCoach\Project-EchoesofEquity\data/melspec\1974_wym_t11c.npy,1974,white,younger,male,trustworthy,11,c
C:\MyProjects\Project-Proposal\PrivateCoach\Project-EchoesofEquity\data/wav\1974_wym_t12c.wav,C:\MyProjects\Project-Proposal\PrivateCoach\Project-EchoesofEquity\data/melspec\1974_wym_t12c.npy,1974,white,younger,male,trustworthy,12,c
C:\MyProjects\Project-Proposal\PrivateCoach\Project-EchoesofEquity\data/wav\1976_bym_n11c.wav,C:\MyProjects\Project-Proposal\PrivateCoach\Project-EchoesofEquity\data/melspec\1976_bym_n11c.npy,1976,black,younger,male,neutral,11,c
C:\MyProjects\Project-Proposal\PrivateCoach\Project-EchoesofEquity\data/wav\1976_bym_n12.wav,C:\MyProjects\Project-Proposal\PrivateCoach\Project-EchoesofEquity\data/melspec\1976_bym_n12.npy,1976,black,younger,male,neutral,12,
C:\MyProjects\Project-Proposal\PrivateCoach\Project-EchoesofEquity\data/wav\1976_bym_n13.wav,C:\MyProjects\Project-Proposal\PrivateCoach\Project-EchoesofEquity\data/melspec\1976_bym_n13.npy,1976,black,younger,male,neutral,13,
C:\MyProjects\Project-Proposal\PrivateCoach\Project-EchoesofEquity\data/wav\1976_bym_n14c.wav,C:\MyProjects\Project-Proposal\PrivateCoach\Project-EchoesofEquity\data/melspec\1976_bym_n14c.npy,1976,black,younger,male,neutral,14,c
C:\MyProjects\Project-Proposal\PrivateCoach\Project-EchoesofEquity\data/wav\1976_bym_n15.wav,C:\MyProjects\Project-Proposal\PrivateCoach\Project-EchoesofEquity\data/melspec\1976_bym_n15.npy,1976,black,younger,male,neutral,15,
C:\MyProjects\Project-Proposal\PrivateCoach\Project-EchoesofEquity\data/wav\1976_bym_n16.wav,C:\MyProjects\Project-Proposal\PrivateCoach\Project-EchoesofEquity\data/melspec\1976_bym_n16.npy,1976,black,younger,male,neutral,16,
C:\MyProjects\Project-Proposal\PrivateCoach\Project-EchoesofEquity\data/wav\1976_bym_t11.wav,C:\MyProjects\Project-Proposal\PrivateCoach\Project-EchoesofEquity\data/melspec\1976_bym_t11.npy,1976,black,younger,male,trustworthy,11,
C:\MyProjects\Project-Proposal\PrivateCoach\Project-EchoesofEquity\data/wav\1976_bym_t12.wav,C:\MyProjects\Project-Proposal\PrivateCoach\Project-EchoesofEquity\data/melspec\1976_bym_t12.npy,1976,black,younger,male,trustworthy,12,
C:\MyProjects\Project-Proposal\PrivateCoach\Project-EchoesofEquity\data/wav\1976_bym_t13c.wav,C:\MyProjects\Project-Proposal\PrivateCoach\Project-EchoesofEquity\data/melspec\1976_bym_t13c.npy,1976,black,younger,male,trustworthy,13,c
C:\MyProjects\Project-Proposal\PrivateCoach\Project-EchoesofEquity\data/wav\1976_bym_t14c.wav,C:\MyProjects\Project-Proposal\PrivateCoach\Project-EchoesofEquity\data/melspec\1976_bym_t14c.npy,1976,black,younger,male,trustworthy,14,c
C:\MyProjects\Project-Proposal\PrivateCoach\Project-EchoesofEquity\data/wav\1976_bym_t15.wav,C:\MyProjects\Project-Proposal\PrivateCoach\Project-EchoesofEquity\data/melspec\1976_bym_t15.npy,1976,black,younger,male,trustworthy,15,
C:\MyProjects\Project-Proposal\PrivateCoach\Project-EchoesofEquity\data/wav\1976_bym_t16c.wav,C:\MyProjects\Project-Proposal\PrivateCoach\Project-EchoesofEquity\data/melspec\1976_bym_t16c.npy,1976,black,younger,male,trustworthy,16,c
C:\MyProjects\Project-Proposal\PrivateCoach\Project-EchoesofEquity\data/wav\1977_wom_n01.wav,C:\MyProjects\Project-Proposal\PrivateCoach\Project-EchoesofEquity\data/melspec\1977_wom_n01.npy,1977,white,older,male,neutral,1,
C:\MyProjects\Project-Proposal\PrivateCoach\Project-EchoesofEquity\data/wav\1977_wom_n02c.wav,C:\MyProjects\Project-Proposal\PrivateCoach\Project-EchoesofEquity\data/melspec\1977_wom_n02c.npy,1977,white,older,male,neutral,2,c
C:\MyProjects\Project-Proposal\PrivateCoach\Project-EchoesofEquity\data/wav\1977_wom_n17c.wav,C:\MyProjects\Project-Proposal\PrivateCoach\Project-EchoesofEquity\data/melspec\1977_wom_n17c.npy,1977,white,older,male,neutral,17,c
C:\MyProjects\Project-Proposal\PrivateCoach\Project-EchoesofEquity\data/wav\1977_wom_n18c.wav,C:\MyProjects\Project-Proposal\PrivateCoach\Project-EchoesofEquity\data/melspec\1977_wom_n18c.npy,1977,white,older,male,neutral,18,c
C:\MyProjects\Project-Proposal\PrivateCoach\Project-EchoesofEquity\data/wav\1977_wom_n19.wav,C:\MyProjects\Project-Proposal\PrivateCoach\Project-EchoesofEquity\data/melspec\1977_wom_n19.npy,1977,white,older,male,neutral,19,
C:\MyProjects\Project-Proposal\PrivateCoach\Project-EchoesofEquity\data/wav\1977_wom_n20.wav,C:\MyProjects\Project-Proposal\PrivateCoach\Project-EchoesofEquity\data/melspec\1977_wom_n20.npy,1977,white,older,male,neutral,20,
C:\MyProjects\Project-Proposal\PrivateCoach\Project-EchoesofEquity\data/wav\1977_wom_t01.wav,C:\MyProjects\Project-Proposal\PrivateCoach\Project-EchoesofEquity\data/melspec\1977_wom_t01.npy,1977,white,older,male,trustworthy,1,
C:\MyProjects\Project-Proposal\PrivateCoach\Project-EchoesofEquity\data/wav\1977_wom_t02.wav,C:\MyProjects\Project-Proposal\PrivateCoach\Project-EchoesofEquity\data/melspec\1977_wom_t02.npy,1977,white,older,male,trustworthy,2,
C:\MyProjects\Project-Proposal\PrivateCoach\Project-EchoesofEquity\data/wav\1977_wom_t17.wav,C:\MyProjects\Project-Proposal\PrivateCoach\Project-EchoesofEquity\data/melspec\1977_wom_t17.npy,1977,white,older,male,trustworthy,17,
C:\MyProjects\Project-Proposal\PrivateCoach\Project-EchoesofEquity\data/wav\1977_wom_t18.wav,C:\MyProjects\Project-Proposal\PrivateCoach\Project-EchoesofEquity\data/melspec\1977_wom_t18.npy,1977,white,older,male,trustworthy,18,
C:\MyProjects\Project-Proposal\PrivateCoach\Project-EchoesofEquity\data/wav\1977_wom_t19c.wav,C:\MyProjects\Project-Proposal\PrivateCoach\Project-EchoesofEquity\data/melspec\1977_wom_t19c.npy,1977,white,older,male,trustworthy,19,c
C:\MyProjects\Project-Proposal\PrivateCoach\Project-EchoesofEquity\data/wav\1977_wom_t20c.wav,C:\MyProjects\Project-Proposal\PrivateCoach\Project-EchoesofEquity\data/melspec\1977_wom_t20c.npy,1977,white,older,male,trustworthy,20,c
C:\MyProjects\Project-Proposal\PrivateCoach\Project-EchoesofEquity\data/wav\1980_wyf_n09c.wav,C:\MyProjects\Project-Proposal\PrivateCoach\Project-EchoesofEquity\data/melspec\1980_wyf_n09c.npy,1980,white,younger,female,neutral,9,c
C:\MyProjects\Project-Proposal\PrivateCoach\Project-EchoesofEquity\data/wav\1980_wyf_n10.wav,C:\MyProjects\Project-Proposal\PrivateCoach\Project-EchoesofEquity\data/melspec\1980_wyf_n10.npy,1980,white,younger,female,neutral,10,
C:\MyProjects\Project-Proposal\PrivateCoach\Project-EchoesofEquity\data/wav\1980_wyf_n11c.wav,C:\MyProjects\Project-Proposal\PrivateCoach\Project-EchoesofEquity\data/melspec\1980_wyf_n11c.npy,1980,white,younger,female,neutral,11,c
C:\MyProjects\Project-Proposal\PrivateCoach\Project-EchoesofEquity\data/wav\1980_wyf_n12.wav,C:\MyProjects\Project-Proposal\PrivateCoach\Project-EchoesofEquity\data/melspec\1980_wyf_n12.npy,1980,white,younger,female,neutral,12,
C:\MyProjects\Project-Proposal\PrivateCoach\Project-EchoesofEquity\data/wav\1980_wyf_n13c.wav,C:\MyProjects\Project-Proposal\PrivateCoach\Project-EchoesofEquity\data/melspec\1980_wyf_n13c.npy,1980,white,younger,female,neutral,13,c
C:\MyProjects\Project-Proposal\PrivateCoach\Project-EchoesofEquity\data/wav\1980_wyf_n14c.wav,C:\MyProjects\Project-Proposal\PrivateCoach\Project-EchoesofEquity\data/melspec\1980_wyf_n14c.npy,1980,white,younger,female,neutral,14,c
C:\MyProjects\Project-Proposal\PrivateCoach\Project-EchoesofEquity\data/wav\1980_wyf_t09.wav,C:\MyProjects\Project-Proposal\PrivateCoach\Project-EchoesofEquity\data/melspec\1980_wyf_t09.npy,1980,white,younger,female,trustworthy,9,
C:\MyProjects\Project-Proposal\PrivateCoach\Project-EchoesofEquity\data/wav\1980_wyf_t10c.wav,C:\MyProjects\Project-Proposal\PrivateCoach\Project-EchoesofEquity\data/melspec\1980_wyf_t10c.npy,1980,white,younger,female,trustworthy,10,c
C:\MyProjects\Project-Proposal\PrivateCoach\Project-EchoesofEquity\data/wav\1980_wyf_t11c.wav,C:\MyProjects\Project-Proposal\PrivateCoach\Project-EchoesofEquity\data/melspec\1980_wyf_t11c.npy,1980,white,younger,female,trustworthy,11,c
C:\MyProjects\Project-Proposal\PrivateCoach\Project-EchoesofEquity\data/wav\1980_wyf_t12c.wav,C:\MyProjects\Project-Proposal\PrivateCoach\Project-EchoesofEquity\data/melspec\1980_wyf_t12c.npy,1980,white,younger,female,trustworthy,12,c
C:\MyProjects\Project-Proposal\PrivateCoach\Project-EchoesofEquity\data/wav\1980_wyf_t13c.wav,C:\MyProjects\Project-Proposal\PrivateCoach\Project-EchoesofEquity\data/melspec\1980_wyf_t13c.npy,1980,white,younger,female,trustworthy,13,c
C:\MyProjects\Project-Proposal\PrivateCoach\Project-EchoesofEquity\data/wav\1980_wyf_t14c.wav,C:\MyProjects\Project-Proposal\PrivateCoach\Project-EchoesofEquity\data/melspec\1980_wyf_t14c.npy,1980,white,younger,female,trustworthy,14,c
C:\MyProjects\Project-Proposal\PrivateCoach\Project-EchoesofEquity\data/wav\1983_wym_n09.wav,C:\MyProjects\Project-Proposal\PrivateCoach\Project-EchoesofEquity\data/melspec\1983_wym_n09.npy,1983,white,younger,male,neutral,9,
C:\MyProjects\Project-Proposal\PrivateCoach\Project-EchoesofEquity\data/wav\1983_wym_n10.wav,C:\MyProjects\Project-Proposal\PrivateCoach\Project-EchoesofEquity\data/melspec\1983_wym_n10.npy,1983,white,younger,male,neutral,10,
C:\MyProjects\Project-Proposal\PrivateCoach\Project-EchoesofEquity\data/wav\1983_wym_n11.wav,C:\MyProjects\Project-Proposal\PrivateCoach\Project-EchoesofEquity\data/melspec\1983_wym_n11.npy,1983,white,younger,male,neutral,11,
C:\MyProjects\Project-Proposal\PrivateCoach\Project-EchoesofEquity\data/wav\1983_wym_n12.wav,C:\MyProjects\Project-Proposal\PrivateCoach\Project-EchoesofEquity\data/melspec\1983_wym_n12.npy,1983,white,younger,male,neutral,12,
C:\MyProjects\Project-Proposal\PrivateCoach\Project-EchoesofEquity\data/wav\1983_wym_n13.wav,C:\MyProjects\Project-Proposal\PrivateCoach\Project-EchoesofEquity\data/melspec\1983_wym_n13.npy,1983,white,younger,male,neutral,13,
C:\MyProjects\Project-Proposal\PrivateCoach\Project-EchoesofEquity\data/wav\1983_wym_n14.wav,C:\MyProjects\Project-Proposal\PrivateCoach\Project-EchoesofEquity\data/melspec\1983_wym_n14.npy,1983,white,younger,male,neutral,14,
C:\MyProjects\Project-Proposal\PrivateCoach\Project-EchoesofEquity\data/wav\1983_wym_t09.wav,C:\MyProjects\Project-Proposal\PrivateCoach\Project-EchoesofEquity\data/melspec\1983_wym_t09.npy,1983,white,younger,male,trustworthy,9,
C:\MyProjects\Project-Proposal\PrivateCoach\Project-EchoesofEquity\data/wav\1983_wym_t10.wav,C:\MyProjects\Project-Proposal\PrivateCoach\Project-EchoesofEquity\data/melspec\1983_wym_t10.npy,1983,white,younger,male,trustworthy,10,
C:\MyProjects\Project-Proposal\PrivateCoach\Project-EchoesofEquity\data/wav\1983_wym_t11.wav,C:\MyProjects\Project-Proposal\PrivateCoach\Project-EchoesofEquity\data/melspec\1983_wym_t11.npy,1983,white,younger,male,trustworthy,11,
C:\MyProjects\Project-Proposal\PrivateCoach\Project-EchoesofEquity\data/wav\1983_wym_t12.wav,C:\MyProjects\Project-Proposal\PrivateCoach\Project-EchoesofEquity\data/melspec\1983_wym_t12.npy,1983,white,younger,male,trustworthy,12,
C:\MyProjects\Project-Proposal\PrivateCoach\Project-EchoesofEquity\data/wav\1983_wym_t13.wav,C:\MyProjects\Project-Proposal\PrivateCoach\Project-EchoesofEquity\data/melspec\1983_wym_t13.npy,1983,white,younger,male,trustworthy,13,
C:\MyProjects\Project-Proposal\PrivateCoach\Project-EchoesofEquity\data/wav\1983_wym_t14.wav,C:\MyProjects\Project-Proposal\PrivateCoach\Project-EchoesofEquity\data/melspec\1983_wym_t14.npy,1983,white,younger,male,trustworthy,14,
C:\MyProjects\Project-Proposal\PrivateCoach\Project-EchoesofEquity\data/wav\1984_wyf_n11cc.wav,C:\MyProjects\Project-Proposal\PrivateCoach\Project-EchoesofEquity\data/melspec\1984_wyf_n11cc.npy,1984,white,younger,female,neutral,11,cc
C:\MyProjects\Project-Proposal\PrivateCoach\Project-EchoesofEquity\data/wav\1984_wyf_n12cc.wav,C:\MyProjects\Project-Proposal\PrivateCoach\Project-EchoesofEquity\data/melspec\1984_wyf_n12cc.npy,1984,white,younger,female,neutral,12,cc
C:\MyProjects\Project-Proposal\PrivateCoach\Project-EchoesofEquity\data/wav\1984_wyf_n13cc.wav,C:\MyProjects\Project-Proposal\PrivateCoach\Project-EchoesofEquity\data/melspec\1984_wyf_n13cc.npy,1984,white,younger,female,neutral,13,cc
C:\MyProjects\Project-Proposal\PrivateCoach\Project-EchoesofEquity\data/wav\1984_wyf_n14c.wav,C:\MyProjects\Project-Proposal\PrivateCoach\Project-EchoesofEquity\data/melspec\1984_wyf_n14c.npy,1984,white,younger,female,neutral,14,c
C:\MyProjects\Project-Proposal\PrivateCoach\Project-EchoesofEquity\data/wav\1984_wyf_n15c.wav,C:\MyProjects\Project-Proposal\PrivateCoach\Project-EchoesofEquity\data/melspec\1984_wyf_n15c.npy,1984,white,younger,female,neutral,15,c
C:\MyProjects\Project-Proposal\PrivateCoach\Project-EchoesofEquity\data/wav\1984_wyf_n16c.wav,C:\MyProjects\Project-Proposal\PrivateCoach\Project-EchoesofEquity\data/melspec\1984_wyf_n16c.npy,1984,white,younger,female,neutral,16,c
C:\MyProjects\Project-Proposal\PrivateCoach\Project-EchoesofEquity\data/wav\1984_wyf_t11c.wav,C:\MyProjects\Project-Proposal\PrivateCoach\Project-EchoesofEquity\data/melspec\1984_wyf_t11c.npy,1984,white,younger,female,trustworthy,11,c
C:\MyProjects\Project-Proposal\PrivateCoach\Project-EchoesofEquity\data/wav\1984_wyf_t12c.wav,C:\MyProjects\Project-Proposal\PrivateCoach\Project-EchoesofEquity\data/melspec\1984_wyf_t12c.npy,1984,white,younger,female,trustworthy,12,c
C:\MyProjects\Project-Proposal\PrivateCoach\Project-EchoesofEquity\data/wav\1984_wyf_t13.wav,C:\MyProjects\Project-Proposal\PrivateCoach\Project-EchoesofEquity\data/melspec\1984_wyf_t13.npy,1984,white,younger,female,trustworthy,13,
C:\MyProjects\Project-Proposal\PrivateCoach\Project-EchoesofEquity\data/wav\1984_wyf_t14c.wav,C:\MyProjects\Project-Proposal\PrivateCoach\Project-EchoesofEquity\data/melspec\1984_wyf_t14c.npy,1984,white,younger,female,trustworthy,14,c
C:\MyProjects\Project-Proposal\PrivateCoach\Project-EchoesofEquity\data/wav\1984_wyf_t15.wav,C:\MyProjects\Project-Proposal\PrivateCoach\Project-EchoesofEquity\data/melspec\1984_wyf_t15.npy,1984,white,younger,female,trustworthy,15,
C:\MyProjects\Project-Proposal\PrivateCoach\Project-EchoesofEquity\data/wav\1984_wyf_t16.wav,C:\MyProjects\Project-Proposal\PrivateCoach\Project-EchoesofEquity\data/melspec\1984_wyf_t16.npy,1984,white,younger,female,trustworthy,16,
C:\MyProjects\Project-Proposal\PrivateCoach\Project-EchoesofEquity\data/wav\1985_byf_n13c.wav,C:\MyProjects\Project-Proposal\PrivateCoach\Project-EchoesofEquity\data/melspec\1985_byf_n13c.npy,1985,black,younger,female,neutral,13,c
C:\MyProjects\Project-Proposal\PrivateCoach\Project-EchoesofEquity\data/wav\1985_byf_n14.wav,C:\MyProjects\Project-Proposal\PrivateCoach\Project-EchoesofEquity\data/melspec\1985_byf_n14.npy,1985,black,younger,female,neutral,14,
C:\MyProjects\Project-Proposal\PrivateCoach\Project-EchoesofEquity\data/wav\1985_byf_n15c.wav,C:\MyProjects\Project-Proposal\PrivateCoach\Project-EchoesofEquity\data/melspec\1985_byf_n15c.npy,1985,black,younger,female,neutral,15,c
C:\MyProjects\Project-Proposal\PrivateCoach\Project-EchoesofEquity\data/wav\1985_byf_n16c.wav,C:\MyProjects\Project-Proposal\PrivateCoach\Project-EchoesofEquity\data/melspec\1985_byf_n16c.npy,1985,black,younger,female,neutral,16,c
C:\MyProjects\Project-Proposal\PrivateCoach\Project-EchoesofEquity\data/wav\1985_byf_n17.wav,C:\MyProjects\Project-Proposal\PrivateCoach\Project-EchoesofEquity\data/melspec\1985_byf_n17.npy,1985,black,younger,female,neutral,17,
C:\MyProjects\Project-Proposal\PrivateCoach\Project-EchoesofEquity\data/wav\1985_byf_n18.wav,C:\MyProjects\Project-Proposal\PrivateCoach\Project-EchoesofEquity\data/melspec\1985_byf_n18.npy,1985,black,younger,female,neutral,18,
C:\MyProjects\Project-Proposal\PrivateCoach\Project-EchoesofEquity\data/wav\1985_byf_t13c.wav,C:\MyProjects\Project-Proposal\PrivateCoach\Project-EchoesofEquity\data/melspec\1985_byf_t13c.npy,1985,black,younger,female,trustworthy,13,c
C:\MyProjects\Project-Proposal\PrivateCoach\Project-EchoesofEquity\data/wav\1985_byf_t14.wav,C:\MyProjects\Project-Proposal\PrivateCoach\Project-EchoesofEquity\data/melspec\1985_byf_t14.npy,1985,black,younger,female,trustworthy,14,
C:\MyProjects\Project-Proposal\PrivateCoach\Project-EchoesofEquity\data/wav\1985_byf_t15c.wav,C:\MyProjects\Project-Proposal\PrivateCoach\Project-EchoesofEquity\data/melspec\1985_byf_t15c.npy,1985,black,younger,female,trustworthy,15,c
C:\MyProjects\Project-Proposal\PrivateCoach\Project-EchoesofEquity\data/wav\1985_byf_t16.wav,C:\MyProjects\Project-Proposal\PrivateCoach\Project-EchoesofEquity\data/melspec\1985_byf_t16.npy,1985,black,younger,female,trustworthy,16,
C:\MyProjects\Project-Proposal\PrivateCoach\Project-EchoesofEquity\data/wav\1985_byf_t17.wav,C:\MyProjects\Project-Proposal\PrivateCoach\Project-EchoesofEquity\data/melspec\1985_byf_t17.npy,1985,black,younger,female,trustworthy,17,
C:\MyProjects\Project-Proposal\PrivateCoach\Project-EchoesofEquity\data/wav\1985_byf_t18.wav,C:\MyProjects\Project-Proposal\PrivateCoach\Project-EchoesofEquity\data/melspec\1985_byf_t18.npy,1985,black,younger,female,trustworthy,18,
C:\MyProjects\Project-Proposal\PrivateCoach\Project-EchoesofEquity\data/wav\1987_wym_n11c.wav,C:\MyProjects\Project-Proposal\PrivateCoach\Project-EchoesofEquity\data/melspec\1987_wym_n11c.npy,1987,white,younger,male,neutral,11,c
C:\MyProjects\Project-Proposal\PrivateCoach\Project-EchoesofEquity\data/wav\1987_wym_n12c.wav,C:\MyProjects\Project-Proposal\PrivateCoach\Project-EchoesofEquity\data/melspec\1987_wym_n12c.npy,1987,white,younger,male,neutral,12,c
C:\MyProjects\Project-Proposal\PrivateCoach\Project-EchoesofEquity\data/wav\1987_wym_n13c.wav,C:\MyProjects\Project-Proposal\PrivateCoach\Project-EchoesofEquity\data/melspec\1987_wym_n13c.npy,1987,white,younger,male,neutral,13,c
C:\MyProjects\Project-Proposal\PrivateCoach\Project-EchoesofEquity\data/wav\1987_wym_n14c.wav,C:\MyProjects\Project-Proposal\PrivateCoach\Project-EchoesofEquity\data/melspec\1987_wym_n14c.npy,1987,white,younger,male,neutral,14,c
C:\MyProjects\Project-Proposal\PrivateCoach\Project-EchoesofEquity\data/wav\1987_wym_n15c.wav,C:\MyProjects\Project-Proposal\PrivateCoach\Project-EchoesofEquity\data/melspec\1987_wym_n15c.npy,1987,white,younger,male,neutral,15,c
C:\MyProjects\Project-Proposal\PrivateCoach\Project-EchoesofEquity\data/wav\1987_wym_n16c.wav,C:\MyProjects\Project-Proposal\PrivateCoach\Project-EchoesofEquity\data/melspec\1987_wym_n16c.npy,1987,white,younger,male,neutral,16,c
C:\MyProjects\Project-Proposal\PrivateCoach\Project-EchoesofEquity\data/wav\1987_wym_t11c.wav,C:\MyProjects\Project-Proposal\PrivateCoach\Project-EchoesofEquity\data/melspec\1987_wym_t11c.npy,1987,white,younger,male,trustworthy,11,c
C:\MyProjects\Project-Proposal\PrivateCoach\Project-EchoesofEquity\data/wav\1987_wym_t12c.wav,C:\MyProjects\Project-Proposal\PrivateCoach\Project-EchoesofEquity\data/melspec\1987_wym_t12c.npy,1987,white,younger,male,trustworthy,12,c
C:\MyProjects\Project-Proposal\PrivateCoach\Project-EchoesofEquity\data/wav\1987_wym_t13.wav,C:\MyProjects\Project-Proposal\PrivateCoach\Project-EchoesofEquity\data/melspec\1987_wym_t13.npy,1987,white,younger,male,trustworthy,13,
C:\MyProjects\Project-Proposal\PrivateCoach\Project-EchoesofEquity\data/wav\1987_wym_t14.wav,C:\MyProjects\Project-Proposal\PrivateCoach\Project-EchoesofEquity\data/melspec\1987_wym_t14.npy,1987,white,younger,male,trustworthy,14,
C:\MyProjects\Project-Proposal\PrivateCoach\Project-EchoesofEquity\data/wav\1987_wym_t15.wav,C:\MyProjects\Project-Proposal\PrivateCoach\Project-EchoesofEquity\data/melspec\1987_wym_t15.npy,1987,white,younger,male,trustworthy,15,
C:\MyProjects\Project-Proposal\PrivateCoach\Project-EchoesofEquity\data/wav\1987_wym_t16.wav,C:\MyProjects\Project-Proposal\PrivateCoach\Project-EchoesofEquity\data/melspec\1987_wym_t16.npy,1987,white,younger,male,trustworthy,16,
C:\MyProjects\Project-Proposal\PrivateCoach\Project-EchoesofEquity\data/wav\1989_wyf_n13.wav,C:\MyProjects\Project-Proposal\PrivateCoach\Project-EchoesofEquity\data/melspec\1989_wyf_n13.npy,1989,white,younger,female,neutral,13,
C:\MyProjects\Project-Proposal\PrivateCoach\Project-EchoesofEquity\data/wav\1989_wyf_n14.wav,C:\MyProjects\Project-Proposal\PrivateCoach\Project-EchoesofEquity\data/melspec\1989_wyf_n14.npy,1989,white,younger,female,neutral,14,
C:\MyProjects\Project-Proposal\PrivateCoach\Project-EchoesofEquity\data/wav\1989_wyf_n15c.wav,C:\MyProjects\Project-Proposal\PrivateCoach\Project-EchoesofEquity\data/melspec\1989_wyf_n15c.npy,1989,white,younger,female,neutral,15,c
C:\MyProjects\Project-Proposal\PrivateCoach\Project-EchoesofEquity\data/wav\1989_wyf_n16.wav,C:\MyProjects\Project-Proposal\PrivateCoach\Project-EchoesofEquity\data/melspec\1989_wyf_n16.npy,1989,white,younger,female,neutral,16,
C:\MyProjects\Project-Proposal\PrivateCoach\Project-EchoesofEquity\data/wav\1989_wyf_n17.wav,C:\MyProjects\Project-Proposal\PrivateCoach\Project-EchoesofEquity\data/melspec\1989_wyf_n17.npy,1989,white,younger,female,neutral,17,
C:\MyProjects\Project-Proposal\PrivateCoach\Project-EchoesofEquity\data/wav\1989_wyf_n18c.wav,C:\MyProjects\Project-Proposal\PrivateCoach\Project-EchoesofEquity\data/melspec\1989_wyf_n18c.npy,1989,white,younger,female,neutral,18,c
C:\MyProjects\Project-Proposal\PrivateCoach\Project-EchoesofEquity\data/wav\1989_wyf_t13.wav,C:\MyProjects\Project-Proposal\PrivateCoach\Project-EchoesofEquity\data/melspec\1989_wyf_t13.npy,1989,white,younger,female,trustworthy,13,
C:\MyProjects\Project-Proposal\PrivateCoach\Project-EchoesofEquity\data/wav\1989_wyf_t14c.wav,C:\MyProjects\Project-Proposal\PrivateCoach\Project-EchoesofEquity\data/melspec\1989_wyf_t14c.npy,1989,white,younger,female,trustworthy,14,c
C:\MyProjects\Project-Proposal\PrivateCoach\Project-EchoesofEquity\data/wav\1989_wyf_t15c.wav,C:\MyProjects\Project-Proposal\PrivateCoach\Project-EchoesofEquity\data/melspec\1989_wyf_t15c.npy,1989,white,younger,female,trustworthy,15,c
C:\MyProjects\Project-Proposal\PrivateCoach\Project-EchoesofEquity\data/wav\1989_wyf_t16.wav,C:\MyProjects\Project-Proposal\PrivateCoach\Project-EchoesofEquity\data/melspec\1989_wyf_t16.npy,1989,white,younger,female,trustworthy,16,
C:\MyProjects\Project-Proposal\PrivateCoach\Project-EchoesofEquity\data/wav\1989_wyf_t17.wav,C:\MyProjects\Project-Proposal\PrivateCoach\Project-EchoesofEquity\data/melspec\1989_wyf_t17.npy,1989,white,younger,female,trustworthy,17,
C:\MyProjects\Project-Proposal\PrivateCoach\Project-EchoesofEquity\data/wav\1989_wyf_t18c.wav,C:\MyProjects\Project-Proposal\PrivateCoach\Project-EchoesofEquity\data/melspec\1989_wyf_t18c.npy,1989,white,younger,female,trustworthy,18,c
C:\MyProjects\Project-Proposal\PrivateCoach\Project-EchoesofEquity\data/wav\1991_wym_n13.wav,C:\MyProjects\Project-Proposal\PrivateCoach\Project-EchoesofEquity\data/melspec\1991_wym_n13.npy,1991,white,younger,male,neutral,13,
C:\MyProjects\Project-Proposal\PrivateCoach\Project-EchoesofEquity\data/wav\1991_wym_n14.wav,C:\MyProjects\Project-Proposal\PrivateCoach\Project-EchoesofEquity\data/melspec\1991_wym_n14.npy,1991,white,younger,male,neutral,14,
C:\MyProjects\Project-Proposal\PrivateCoach\Project-EchoesofEquity\data/wav\1991_wym_n15.wav,C:\MyProjects\Project-Proposal\PrivateCoach\Project-EchoesofEquity\data/melspec\1991_wym_n15.npy,1991,white,younger,male,neutral,15,
C:\MyProjects\Project-Proposal\PrivateCoach\Project-EchoesofEquity\data/wav\1991_wym_n16.wav,C:\MyProjects\Project-Proposal\PrivateCoach\Project-EchoesofEquity\data/melspec\1991_wym_n16.npy,1991,white,younger,male,neutral,16,
C:\MyProjects\Project-Proposal\PrivateCoach\Project-EchoesofEquity\data/wav\1991_wym_n17.wav,C:\MyProjects\Project-Proposal\PrivateCoach\Project-EchoesofEquity\data/melspec\1991_wym_n17.npy,1991,white,younger,male,neutral,17,
C:\MyProjects\Project-Proposal\PrivateCoach\Project-EchoesofEquity\data/wav\1991_wym_n18.wav,C:\MyProjects\Project-Proposal\PrivateCoach\Project-EchoesofEquity\data/melspec\1991_wym_n18.npy,1991,white,younger,male,neutral,18,
C:\MyProjects\Project-Proposal\PrivateCoach\Project-EchoesofEquity\data/wav\1991_wym_t13.wav,C:\MyProjects\Project-Proposal\PrivateCoach\Project-EchoesofEquity\data/melspec\1991_wym_t13.npy,1991,white,younger,male,trustworthy,13,
C:\MyProjects\Project-Proposal\PrivateCoach\Project-EchoesofEquity\data/wav\1991_wym_t14.wav,C:\MyProjects\Project-Proposal\PrivateCoach\Project-EchoesofEquity\data/melspec\1991_wym_t14.npy,1991,white,younger,male,trustworthy,14,
C:\MyProjects\Project-Proposal\PrivateCoach\Project-EchoesofEquity\data/wav\1991_wym_t15.wav,C:\MyProjects\Project-Proposal\PrivateCoach\Project-EchoesofEquity\data/melspec\1991_wym_t15.npy,1991,white,younger,male,trustworthy,15,
C:\MyProjects\Project-Proposal\PrivateCoach\Project-EchoesofEquity\data/wav\1991_wym_t16.wav,C:\MyProjects\Project-Proposal\PrivateCoach\Project-EchoesofEquity\data/melspec\1991_wym_t16.npy,1991,white,younger,male,trustworthy,16,
C:\MyProjects\Project-Proposal\PrivateCoach\Project-EchoesofEquity\data/wav\1991_wym_t17.wav,C:\MyProjects\Project-Proposal\PrivateCoach\Project-EchoesofEquity\data/melspec\1991_wym_t17.npy,1991,white,younger,male,trustworthy,17,
C:\MyProjects\Project-Proposal\PrivateCoach\Project-EchoesofEquity\data/wav\1991_wym_t18.wav,C:\MyProjects\Project-Proposal\PrivateCoach\Project-EchoesofEquity\data/melspec\1991_wym_t18.npy,1991,white,younger,male,trustworthy,18,
C:\MyProjects\Project-Proposal\PrivateCoach\Project-EchoesofEquity\data/wav\1992_wyf_n15.wav,C:\MyProjects\Project-Proposal\PrivateCoach\Project-EchoesofEquity\data/melspec\1992_wyf_n15.npy,1992,white,younger,female,neutral,15,
C:\MyProjects\Project-Proposal\PrivateCoach\Project-EchoesofEquity\data/wav\1992_wyf_n16.wav,C:\MyProjects\Project-Proposal\PrivateCoach\Project-EchoesofEquity\data/melspec\1992_wyf_n16.npy,1992,white,younger,female,neutral,16,
C:\MyProjects\Project-Proposal\PrivateCoach\Project-EchoesofEquity\data/wav\1992_wyf_n17.wav,C:\MyProjects\Project-Proposal\PrivateCoach\Project-EchoesofEquity\data/melspec\1992_wyf_n17.npy,1992,white,younger,female,neutral,17,
C:\MyProjects\Project-Proposal\PrivateCoach\Project-EchoesofEquity\data/wav\1992_wyf_n18c.wav,C:\MyProjects\Project-Proposal\PrivateCoach\Project-EchoesofEquity\data/melspec\1992_wyf_n18c.npy,1992,white,younger,female,neutral,18,c
C:\MyProjects\Project-Proposal\PrivateCoach\Project-EchoesofEquity\data/wav\1992_wyf_n19c.wav,C:\MyProjects\Project-Proposal\PrivateCoach\Project-EchoesofEquity\data/melspec\1992_wyf_n19c.npy,1992,white,younger,female,neutral,19,c
C:\MyProjects\Project-Proposal\PrivateCoach\Project-EchoesofEquity\data/wav\1992_wyf_n20c.wav,C:\MyProjects\Project-Proposal\PrivateCoach\Project-EchoesofEquity\data/melspec\1992_wyf_n20c.npy,1992,white,younger,female,neutral,20,c
C:\MyProjects\Project-Proposal\PrivateCoach\Project-EchoesofEquity\data/wav\1992_wyf_t15.wav,C:\MyProjects\Project-Proposal\PrivateCoach\Project-EchoesofEquity\data/melspec\1992_wyf_t15.npy,1992,white,younger,female,trustworthy,15,
C:\MyProjects\Project-Proposal\PrivateCoach\Project-EchoesofEquity\data/wav\1992_wyf_t16.wav,C:\MyProjects\Project-Proposal\PrivateCoach\Project-EchoesofEquity\data/melspec\1992_wyf_t16.npy,1992,white,younger,female,trustworthy,16,
C:\MyProjects\Project-Proposal\PrivateCoach\Project-EchoesofEquity\data/wav\1992_wyf_t17c.wav,C:\MyProjects\Project-Proposal\PrivateCoach\Project-EchoesofEquity\data/melspec\1992_wyf_t17c.npy,1992,white,younger,female,trustworthy,17,c
C:\MyProjects\Project-Proposal\PrivateCoach\Project-EchoesofEquity\data/wav\1992_wyf_t18c.wav,C:\MyProjects\Project-Proposal\PrivateCoach\Project-EchoesofEquity\data/melspec\1992_wyf_t18c.npy,1992,white,younger,female,trustworthy,18,c
C:\MyProjects\Project-Proposal\PrivateCoach\Project-EchoesofEquity\data/wav\1992_wyf_t19.wav,C:\MyProjects\Project-Proposal\PrivateCoach\Project-EchoesofEquity\data/melspec\1992_wyf_t19.npy,1992,white,younger,female,trustworthy,19,
C:\MyProjects\Project-Proposal\PrivateCoach\Project-EchoesofEquity\data/wav\1992_wyf_t20.wav,C:\MyProjects\Project-Proposal\PrivateCoach\Project-EchoesofEquity\data/melspec\1992_wyf_t20.npy,1992,white,younger,female,trustworthy,20,
C:\MyProjects\Project-Proposal\PrivateCoach\Project-EchoesofEquity\data/wav\1996_bym_n13c.wav,C:\MyProjects\Project-Proposal\PrivateCoach\Project-EchoesofEquity\data/melspec\1996_bym_n13c.npy,1996,black,younger,male,neutral,13,c
C:\MyProjects\Project-Proposal\PrivateCoach\Project-EchoesofEquity\data/wav\1996_bym_n14c.wav,C:\MyProjects\Project-Proposal\PrivateCoach\Project-EchoesofEquity\data/melspec\1996_bym_n14c.npy,1996,black,younger,male,neutral,14,c
C:\MyProjects\Project-Proposal\PrivateCoach\Project-EchoesofEquity\data/wav\1996_bym_n15.wav,C:\MyProjects\Project-Proposal\PrivateCoach\Project-EchoesofEquity\data/melspec\1996_bym_n15.npy,1996,black,younger,male,neutral,15,
C:\MyProjects\Project-Proposal\PrivateCoach\Project-EchoesofEquity\data/wav\1996_bym_n16.wav,C:\MyProjects\Project-Proposal\PrivateCoach\Project-EchoesofEquity\data/melspec\1996_bym_n16.npy,1996,black,younger,male,neutral,16,
C:\MyProjects\Project-Proposal\PrivateCoach\Project-EchoesofEquity\data/wav\1996_bym_n17.wav,C:\MyProjects\Project-Proposal\PrivateCoach\Project-EchoesofEquity\data/melspec\1996_bym_n17.npy,1996,black,younger,male,neutral,17,
C:\MyProjects\Project-Proposal\PrivateCoach\Project-EchoesofEquity\data/wav\1996_bym_n18.wav,C:\MyProjects\Project-Proposal\PrivateCoach\Project-EchoesofEquity\data/melspec\1996_bym_n18.npy,1996,black,younger,male,neutral,18,
C:\MyProjects\Project-Proposal\PrivateCoach\Project-EchoesofEquity\data/wav\1996_bym_t13.wav,C:\MyProjects\Project-Proposal\PrivateCoach\Project-EchoesofEquity\data/melspec\1996_bym_t13.npy,1996,black,younger,male,trustworthy,13,
C:\MyProjects\Project-Proposal\PrivateCoach\Project-EchoesofEquity\data/wav\1996_bym_t14c.wav,C:\MyProjects\Project-Proposal\PrivateCoach\Project-EchoesofEquity\data/melspec\1996_bym_t14c.npy,1996,black,younger,male,trustworthy,14,c
C:\MyProjects\Project-Proposal\PrivateCoach\Project-EchoesofEquity\data/wav\1996_bym_t15.wav,C:\MyProjects\Project-Proposal\PrivateCoach\Project-EchoesofEquity\data/melspec\1996_bym_t15.npy,1996,black,younger,male,trustworthy,15,
C:\MyProjects\Project-Proposal\PrivateCoach\Project-EchoesofEquity\data/wav\1996_bym_t16c.wav,C:\MyProjects\Project-Proposal\PrivateCoach\Project-EchoesofEquity\data/melspec\1996_bym_t16c.npy,1996,black,younger,male,trustworthy,16,c
C:\MyProjects\Project-Proposal\PrivateCoach\Project-EchoesofEquity\data/wav\1996_bym_t17.wav,C:\MyProjects\Project-Proposal\PrivateCoach\Project-EchoesofEquity\data/melspec\1996_bym_t17.npy,1996,black,younger,male,trustworthy,17,
C:\MyProjects\Project-Proposal\PrivateCoach\Project-EchoesofEquity\data/wav\1996_bym_t18.wav,C:\MyProjects\Project-Proposal\PrivateCoach\Project-EchoesofEquity\data/melspec\1996_bym_t18.npy,1996,black,younger,male,trustworthy,18,
C:\MyProjects\Project-Proposal\PrivateCoach\Project-EchoesofEquity\data/wav\1997_wym_n15c.wav,C:\MyProjects\Project-Proposal\PrivateCoach\Project-EchoesofEquity\data/melspec\1997_wym_n15c.npy,1997,white,younger,male,neutral,15,c
C:\MyProjects\Project-Proposal\PrivateCoach\Project-EchoesofEquity\data/wav\1997_wym_n16c.wav,C:\MyProjects\Project-Proposal\PrivateCoach\Project-EchoesofEquity\data/melspec\1997_wym_n16c.npy,1997,white,younger,male,neutral,16,c
C:\MyProjects\Project-Proposal\PrivateCoach\Project-EchoesofEquity\data/wav\1997_wym_n17c.wav,C:\MyProjects\Project-Proposal\PrivateCoach\Project-EchoesofEquity\data/melspec\1997_wym_n17c.npy,1997,white,younger,male,neutral,17,c
C:\MyProjects\Project-Proposal\PrivateCoach\Project-EchoesofEquity\data/wav\1997_wym_n18c.wav,C:\MyProjects\Project-Proposal\PrivateCoach\Project-EchoesofEquity\data/melspec\1997_wym_n18c.npy,1997,white,younger,male,neutral,18,c
C:\MyProjects\Project-Proposal\PrivateCoach\Project-EchoesofEquity\data/wav\1997_wym_n19c.wav,C:\MyProjects\Project-Proposal\PrivateCoach\Project-EchoesofEquity\data/melspec\1997_wym_n19c.npy,1997,white,younger,male,neutral,19,c
C:\MyProjects\Project-Proposal\PrivateCoach\Project-EchoesofEquity\data/wav\1997_wym_n20.wav,C:\MyProjects\Project-Proposal\PrivateCoach\Project-EchoesofEquity\data/melspec\1997_wym_n20.npy,1997,white,younger,male,neutral,20,
C:\MyProjects\Project-Proposal\PrivateCoach\Project-EchoesofEquity\data/wav\1997_wym_t15.wav,C:\MyProjects\Project-Proposal\PrivateCoach\Project-EchoesofEquity\data/melspec\1997_wym_t15.npy,1997,white,younger,male,trustworthy,15,
C:\MyProjects\Project-Proposal\PrivateCoach\Project-EchoesofEquity\data/wav\1997_wym_t16.wav,C:\MyProjects\Project-Proposal\PrivateCoach\Project-EchoesofEquity\data/melspec\1997_wym_t16.npy,1997,white,younger,male,trustworthy,16,
C:\MyProjects\Project-Proposal\PrivateCoach\Project-EchoesofEquity\data/wav\1997_wym_t17.wav,C:\MyProjects\Project-Proposal\PrivateCoach\Project-EchoesofEquity\data/melspec\1997_wym_t17.npy,1997,white,younger,male,trustworthy,17,
C:\MyProjects\Project-Proposal\PrivateCoach\Project-EchoesofEquity\data/wav\1997_wym_t18c.wav,C:\MyProjects\Project-Proposal\PrivateCoach\Project-EchoesofEquity\data/melspec\1997_wym_t18c.npy,1997,white,younger,male,trustworthy,18,c
C:\MyProjects\Project-Proposal\PrivateCoach\Project-EchoesofEquity\data/wav\1997_wym_t19c.wav,C:\MyProjects\Project-Proposal\PrivateCoach\Project-EchoesofEquity\data/melspec\1997_wym_t19c.npy,1997,white,younger,male,trustworthy,19,c
C:\MyProjects\Project-Proposal\PrivateCoach\Project-EchoesofEquity\data/wav\1997_wym_t20c.wav,C:\MyProjects\Project-Proposal\PrivateCoach\Project-EchoesofEquity\data/melspec\1997_wym_t20c.npy,1997,white,younger,male,trustworthy,20,c
C:\MyProjects\Project-Proposal\PrivateCoach\Project-EchoesofEquity\data/wav\1999_wom_n01c.wav,C:\MyProjects\Project-Proposal\PrivateCoach\Project-EchoesofEquity\data/melspec\1999_wom_n01c.npy,1999,white,older,male,neutral,1,c
C:\MyProjects\Project-Proposal\PrivateCoach\Project-EchoesofEquity\data/wav\1999_wom_n02c.wav,C:\MyProjects\Project-Proposal\PrivateCoach\Project-EchoesofEquity\data/melspec\1999_wom_n02c.npy,1999,white,older,male,neutral,2,c
C:\MyProjects\Project-Proposal\PrivateCoach\Project-EchoesofEquity\data/wav\1999_wom_n03c.wav,C:\MyProjects\Project-Proposal\PrivateCoach\Project-EchoesofEquity\data/melspec\1999_wom_n03c.npy,1999,white,older,male,neutral,3,c
C:\MyProjects\Project-Proposal\PrivateCoach\Project-EchoesofEquity\data/wav\1999_wom_n04c.wav,C:\MyProjects\Project-Proposal\PrivateCoach\Project-EchoesofEquity\data/melspec\1999_wom_n04c.npy,1999,white,older,male,neutral,4,c
C:\MyProjects\Project-Proposal\PrivateCoach\Project-EchoesofEquity\data/wav\1999_wom_n19c.wav,C:\MyProjects\Project-Proposal\PrivateCoach\Project-EchoesofEquity\data/melspec\1999_wom_n19c.npy,1999,white,older,male,neutral,19,c
C:\MyProjects\Project-Proposal\PrivateCoach\Project-EchoesofEquity\data/wav\1999_wom_n20c.wav,C:\MyProjects\Project-Proposal\PrivateCoach\Project-EchoesofEquity\data/melspec\1999_wom_n20c.npy,1999,white,older,male,neutral,20,c
C:\MyProjects\Project-Proposal\PrivateCoach\Project-EchoesofEquity\data/wav\1999_wom_t01c.wav,C:\MyProjects\Project-Proposal\PrivateCoach\Project-EchoesofEquity\data/melspec\1999_wom_t01c.npy,1999,white,older,male,trustworthy,1,c
C:\MyProjects\Project-Proposal\PrivateCoach\Project-EchoesofEquity\data/wav\1999_wom_t02c.wav,C:\MyProjects\Project-Proposal\PrivateCoach\Project-EchoesofEquity\data/melspec\1999_wom_t02c.npy,1999,white,older,male,trustworthy,2,c
C:\MyProjects\Project-Proposal\PrivateCoach\Project-EchoesofEquity\data/wav\1999_wom_t03c.wav,C:\MyProjects\Project-Proposal\PrivateCoach\Project-EchoesofEquity\data/melspec\1999_wom_t03c.npy,1999,white,older,male,trustworthy,3,c
C:\MyProjects\Project-Proposal\PrivateCoach\Project-EchoesofEquity\data/wav\1999_wom_t04c.wav,C:\MyProjects\Project-Proposal\PrivateCoach\Project-EchoesofEquity\data/melspec\1999_wom_t04c.npy,1999,white,older,male,trustworthy,4,c
C:\MyProjects\Project-Proposal\PrivateCoach\Project-EchoesofEquity\data/wav\1999_wom_t19c.wav,C:\MyProjects\Project-Proposal\PrivateCoach\Project-EchoesofEquity\data/melspec\1999_wom_t19c.npy,1999,white,older,male,trustworthy,19,c
C:\MyProjects\Project-Proposal\PrivateCoach\Project-EchoesofEquity\data/wav\1999_wom_t20.wav,C:\MyProjects\Project-Proposal\PrivateCoach\Project-EchoesofEquity\data/melspec\1999_wom_t20.npy,1999,white,older,male,trustworthy,20,
C:\MyProjects\Project-Proposal\PrivateCoach\Project-EchoesofEquity\data/wav\2000_wyf_n01c.wav,C:\MyProjects\Project-Proposal\PrivateCoach\Project-EchoesofEquity\data/melspec\2000_wyf_n01c.npy,2000,white,younger,female,neutral,1,c
C:\MyProjects\Project-Proposal\PrivateCoach\Project-EchoesofEquity\data/wav\2000_wyf_n02c.wav,C:\MyProjects\Project-Proposal\PrivateCoach\Project-EchoesofEquity\data/melspec\2000_wyf_n02c.npy,2000,white,younger,female,neutral,2,c
C:\MyProjects\Project-Proposal\PrivateCoach\Project-EchoesofEquity\data/wav\2000_wyf_n17c.wav,C:\MyProjects\Project-Proposal\PrivateCoach\Project-EchoesofEquity\data/melspec\2000_wyf_n17c.npy,2000,white,younger,female,neutral,17,c
C:\MyProjects\Project-Proposal\PrivateCoach\Project-EchoesofEquity\data/wav\2000_wyf_n18c.wav,C:\MyProjects\Project-Proposal\PrivateCoach\Project-EchoesofEquity\data/melspec\2000_wyf_n18c.npy,2000,white,younger,female,neutral,18,c
C:\MyProjects\Project-Proposal\PrivateCoach\Project-EchoesofEquity\data/wav\2000_wyf_n19.wav,C:\MyProjects\Project-Proposal\PrivateCoach\Project-EchoesofEquity\data/melspec\2000_wyf_n19.npy,2000,white,younger,female,neutral,19,
C:\MyProjects\Project-Proposal\PrivateCoach\Project-EchoesofEquity\data/wav\2000_wyf_n20c.wav,C:\MyProjects\Project-Proposal\PrivateCoach\Project-EchoesofEquity\data/melspec\2000_wyf_n20c.npy,2000,white,younger,female,neutral,20,c
C:\MyProjects\Project-Proposal\PrivateCoach\Project-EchoesofEquity\data/wav\2000_wyf_t01c.wav,C:\MyProjects\Project-Proposal\PrivateCoach\Project-EchoesofEquity\data/melspec\2000_wyf_t01c.npy,2000,white,younger,female,trustworthy,1,c
C:\MyProjects\Project-Proposal\PrivateCoach\Project-EchoesofEquity\data/wav\2000_wyf_t02.wav,C:\MyProjects\Project-Proposal\PrivateCoach\Project-EchoesofEquity\data/melspec\2000_wyf_t02.npy,2000,white,younger,female,trustworthy,2,
C:\MyProjects\Project-Proposal\PrivateCoach\Project-EchoesofEquity\data/wav\2000_wyf_t17.wav,C:\MyProjects\Project-Proposal\PrivateCoach\Project-EchoesofEquity\data/melspec\2000_wyf_t17.npy,2000,white,younger,female,trustworthy,17,
C:\MyProjects\Project-Proposal\PrivateCoach\Project-EchoesofEquity\data/wav\2000_wyf_t18c.wav,C:\MyProjects\Project-Proposal\PrivateCoach\Project-EchoesofEquity\data/melspec\2000_wyf_t18c.npy,2000,white,younger,female,trustworthy,18,c
C:\MyProjects\Project-Proposal\PrivateCoach\Project-EchoesofEquity\data/wav\2000_wyf_t19.wav,C:\MyProjects\Project-Proposal\PrivateCoach\Project-EchoesofEquity\data/melspec\2000_wyf_t19.npy,2000,white,younger,female,trustworthy,19,
C:\MyProjects\Project-Proposal\PrivateCoach\Project-EchoesofEquity\data/wav\2000_wyf_t20.wav,C:\MyProjects\Project-Proposal\PrivateCoach\Project-EchoesofEquity\data/melspec\2000_wyf_t20.npy,2000,white,younger,female,trustworthy,20,
C:\MyProjects\Project-Proposal\PrivateCoach\Project-EchoesofEquity\data/wav\2001_wym_n01c.wav,C:\MyProjects\Project-Proposal\PrivateCoach\Project-EchoesofEquity\data/melspec\2001_wym_n01c.npy,2001,white,younger,male,neutral,1,c
C:\MyProjects\Project-Proposal\PrivateCoach\Project-EchoesofEquity\data/wav\2001_wym_n02c.wav,C:\MyProjects\Project-Proposal\PrivateCoach\Project-EchoesofEquity\data/melspec\2001_wym_n02c.npy,2001,white,younger,male,neutral,2,c
C:\MyProjects\Project-Proposal\PrivateCoach\Project-EchoesofEquity\data/wav\2001_wym_n17c.wav,C:\MyProjects\Project-Proposal\PrivateCoach\Project-EchoesofEquity\data/melspec\2001_wym_n17c.npy,2001,white,younger,male,neutral,17,c
C:\MyProjects\Project-Proposal\PrivateCoach\Project-EchoesofEquity\data/wav\2001_wym_n18.wav,C:\MyProjects\Project-Proposal\PrivateCoach\Project-EchoesofEquity\data/melspec\2001_wym_n18.npy,2001,white,younger,male,neutral,18,
C:\MyProjects\Project-Proposal\PrivateCoach\Project-EchoesofEquity\data/wav\2001_wym_n19.wav,C:\MyProjects\Project-Proposal\PrivateCoach\Project-EchoesofEquity\data/melspec\2001_wym_n19.npy,2001,white,younger,male,neutral,19,
C:\MyProjects\Project-Proposal\PrivateCoach\Project-EchoesofEquity\data/wav\2001_wym_n20.wav,C:\MyProjects\Project-Proposal\PrivateCoach\Project-EchoesofEquity\data/melspec\2001_wym_n20.npy,2001,white,younger,male,neutral,20,
C:\MyProjects\Project-Proposal\PrivateCoach\Project-EchoesofEquity\data/wav\2001_wym_t01.wav,C:\MyProjects\Project-Proposal\PrivateCoach\Project-EchoesofEquity\data/melspec\2001_wym_t01.npy,2001,white,younger,male,trustworthy,1,
C:\MyProjects\Project-Proposal\PrivateCoach\Project-EchoesofEquity\data/wav\2001_wym_t02.wav,C:\MyProjects\Project-Proposal\PrivateCoach\Project-EchoesofEquity\data/melspec\2001_wym_t02.npy,2001,white,younger,male,trustworthy,2,
C:\MyProjects\Project-Proposal\PrivateCoach\Project-EchoesofEquity\data/wav\2001_wym_t17.wav,C:\MyProjects\Project-Proposal\PrivateCoach\Project-EchoesofEquity\data/melspec\2001_wym_t17.npy,2001,white,younger,male,trustworthy,17,
C:\MyProjects\Project-Proposal\PrivateCoach\Project-EchoesofEquity\data/wav\2001_wym_t18.wav,C:\MyProjects\Project-Proposal\PrivateCoach\Project-EchoesofEquity\data/melspec\2001_wym_t18.npy,2001,white,younger,male,trustworthy,18,
C:\MyProjects\Project-Proposal\PrivateCoach\Project-EchoesofEquity\data/wav\2001_wym_t19c.wav,C:\MyProjects\Project-Proposal\PrivateCoach\Project-EchoesofEquity\data/melspec\2001_wym_t19c.npy,2001,white,younger,male,trustworthy,19,c
C:\MyProjects\Project-Proposal\PrivateCoach\Project-EchoesofEquity\data/wav\2001_wym_t20.wav,C:\MyProjects\Project-Proposal\PrivateCoach\Project-EchoesofEquity\data/melspec\2001_wym_t20.npy,2001,white,younger,male,trustworthy,20,
C:\MyProjects\Project-Proposal\PrivateCoach\Project-EchoesofEquity\data/wav\2003_wym_n01c.wav,C:\MyProjects\Project-Proposal\PrivateCoach\Project-EchoesofEquity\data/melspec\2003_wym_n01c.npy,2003,white,younger,male,neutral,1,c
C:\MyProjects\Project-Proposal\PrivateCoach\Project-EchoesofEquity\data/wav\2003_wym_n02.wav,C:\MyProjects\Project-Proposal\PrivateCoach\Project-EchoesofEquity\data/melspec\2003_wym_n02.npy,2003,white,younger,male,neutral,2,
C:\MyProjects\Project-Proposal\PrivateCoach\Project-EchoesofEquity\data/wav\2003_wym_n03c.wav,C:\MyProjects\Project-Proposal\PrivateCoach\Project-EchoesofEquity\data/melspec\2003_wym_n03c.npy,2003,white,younger,male,neutral,3,c
C:\MyProjects\Project-Proposal\PrivateCoach\Project-EchoesofEquity\data/wav\2003_wym_n04c.wav,C:\MyProjects\Project-Proposal\PrivateCoach\Project-EchoesofEquity\data/melspec\2003_wym_n04c.npy,2003,white,younger,male,neutral,4,c
C:\MyProjects\Project-Proposal\PrivateCoach\Project-EchoesofEquity\data/wav\2003_wym_n19.wav,C:\MyProjects\Project-Proposal\PrivateCoach\Project-EchoesofEquity\data/melspec\2003_wym_n19.npy,2003,white,younger,male,neutral,19,
C:\MyProjects\Project-Proposal\PrivateCoach\Project-EchoesofEquity\data/wav\2003_wym_n20.wav,C:\MyProjects\Project-Proposal\PrivateCoach\Project-EchoesofEquity\data/melspec\2003_wym_n20.npy,2003,white,younger,male,neutral,20,
C:\MyProjects\Project-Proposal\PrivateCoach\Project-EchoesofEquity\data/wav\2003_wym_t01cc.wav,C:\MyProjects\Project-Proposal\PrivateCoach\Project-EchoesofEquity\data/melspec\2003_wym_t01cc.npy,2003,white,younger,male,trustworthy,1,cc
C:\MyProjects\Project-Proposal\PrivateCoach\Project-EchoesofEquity\data/wav\2003_wym_t02ccc.wav,C:\MyProjects\Project-Proposal\PrivateCoach\Project-EchoesofEquity\data/melspec\2003_wym_t02ccc.npy,2003,white,younger,male,trustworthy,2,ccc
C:\MyProjects\Project-Proposal\PrivateCoach\Project-EchoesofEquity\data/wav\2003_wym_t03c.wav,C:\MyProjects\Project-Proposal\PrivateCoach\Project-EchoesofEquity\data/melspec\2003_wym_t03c.npy,2003,white,younger,male,trustworthy,3,c
C:\MyProjects\Project-Proposal\PrivateCoach\Project-EchoesofEquity\data/wav\2003_wym_t04c.wav,C:\MyProjects\Project-Proposal\PrivateCoach\Project-EchoesofEquity\data/melspec\2003_wym_t04c.npy,2003,white,younger,male,trustworthy,4,c
C:\MyProjects\Project-Proposal\PrivateCoach\Project-EchoesofEquity\data/wav\2003_wym_t19.wav,C:\MyProjects\Project-Proposal\PrivateCoach\Project-EchoesofEquity\data/melspec\2003_wym_t19.npy,2003,white,younger,male,trustworthy,19,
C:\MyProjects\Project-Proposal\PrivateCoach\Project-EchoesofEquity\data/wav\2003_wym_t20.wav,C:\MyProjects\Project-Proposal\PrivateCoach\Project-EchoesofEquity\data/melspec\2003_wym_t20.npy,2003,white,younger,male,trustworthy,20,
C:\MyProjects\Project-Proposal\PrivateCoach\Project-EchoesofEquity\data/wav\2004_wyf_n01c.wav,C:\MyProjects\Project-Proposal\PrivateCoach\Project-EchoesofEquity\data/melspec\2004_wyf_n01c.npy,2004,white,younger,female,neutral,1,c
C:\MyProjects\Project-Proposal\PrivateCoach\Project-EchoesofEquity\data/wav\2004_wyf_n02c.wav,C:\MyProjects\Project-Proposal\PrivateCoach\Project-EchoesofEquity\data/melspec\2004_wyf_n02c.npy,2004,white,younger,female,neutral,2,c
C:\MyProjects\Project-Proposal\PrivateCoach\Project-EchoesofEquity\data/wav\2004_wyf_n03c.wav,C:\MyProjects\Project-Proposal\PrivateCoach\Project-EchoesofEquity\data/melspec\2004_wyf_n03c.npy,2004,white,younger,female,neutral,3,c
C:\MyProjects\Project-Proposal\PrivateCoach\Project-EchoesofEquity\data/wav\2004_wyf_n04c.wav,C:\MyProjects\Project-Proposal\PrivateCoach\Project-EchoesofEquity\data/melspec\2004_wyf_n04c.npy,2004,white,younger,female,neutral,4,c
C:\MyProjects\Project-Proposal\PrivateCoach\Project-EchoesofEquity\data/wav\2004_wyf_n19.wav,C:\MyProjects\Project-Proposal\PrivateCoach\Project-EchoesofEquity\data/melspec\2004_wyf_n19.npy,2004,white,younger,female,neutral,19,
C:\MyProjects\Project-Proposal\PrivateCoach\Project-EchoesofEquity\data/wav\2004_wyf_n20c.wav,C:\MyProjects\Project-Proposal\PrivateCoach\Project-EchoesofEquity\data/melspec\2004_wyf_n20c.npy,2004,white,younger,female,neutral,20,c
C:\MyProjects\Project-Proposal\PrivateCoach\Project-EchoesofEquity\data/wav\2004_wyf_t01.wav,C:\MyProjects\Project-Proposal\PrivateCoach\Project-EchoesofEquity\data/melspec\2004_wyf_t01.npy,2004,white,younger,female,trustworthy,1,
C:\MyProjects\Project-Proposal\PrivateCoach\Project-EchoesofEquity\data/wav\2004_wyf_t02.wav,C:\MyProjects\Project-Proposal\PrivateCoach\Project-EchoesofEquity\data/melspec\2004_wyf_t02.npy,2004,white,younger,female,trustworthy,2,
C:\MyProjects\Project-Proposal\PrivateCoach\Project-EchoesofEquity\data/wav\2004_wyf_t03c.wav,C:\MyProjects\Project-Proposal\PrivateCoach\Project-EchoesofEquity\data/melspec\2004_wyf_t03c.npy,2004,white,younger,female,trustworthy,3,c
C:\MyProjects\Project-Proposal\PrivateCoach\Project-EchoesofEquity\data/wav\2004_wyf_t04c.wav,C:\MyProjects\Project-Proposal\PrivateCoach\Project-EchoesofEquity\data/melspec\2004_wyf_t04c.npy,2004,white,younger,female,trustworthy,4,c
C:\MyProjects\Project-Proposal\PrivateCoach\Project-EchoesofEquity\data/wav\2004_wyf_t19c.wav,C:\MyProjects\Project-Proposal\PrivateCoach\Project-EchoesofEquity\data/melspec\2004_wyf_t19c.npy,2004,white,younger,female,trustworthy,19,c
C:\MyProjects\Project-Proposal\PrivateCoach\Project-EchoesofEquity\data/wav\2004_wyf_t20.wav,C:\MyProjects\Project-Proposal\PrivateCoach\Project-EchoesofEquity\data/melspec\2004_wyf_t20.npy,2004,white,younger,female,trustworthy,20,
C:\MyProjects\Project-Proposal\PrivateCoach\Project-EchoesofEquity\data/wav\2007_wyf_n01c.wav,C:\MyProjects\Project-Proposal\PrivateCoach\Project-EchoesofEquity\data/melspec\2007_wyf_n01c.npy,2007,white,younger,female,neutral,1,c
C:\MyProjects\Project-Proposal\PrivateCoach\Project-EchoesofEquity\data/wav\2007_wyf_n02c.wav,C:\MyProjects\Project-Proposal\PrivateCoach\Project-EchoesofEquity\data/melspec\2007_wyf_n02c.npy,2007,white,younger,female,neutral,2,c
C:\MyProjects\Project-Proposal\PrivateCoach\Project-EchoesofEquity\data/wav\2007_wyf_n03c.wav,C:\MyProjects\Project-Proposal\PrivateCoach\Project-EchoesofEquity\data/melspec\2007_wyf_n03c.npy,2007,white,younger,female,neutral,3,c
C:\MyProjects\Project-Proposal\PrivateCoach\Project-EchoesofEquity\data/wav\2007_wyf_n04c.wav,C:\MyProjects\Project-Proposal\PrivateCoach\Project-EchoesofEquity\data/melspec\2007_wyf_n04c.npy,2007,white,younger,female,neutral,4,c
C:\MyProjects\Project-Proposal\PrivateCoach\Project-EchoesofEquity\data/wav\2007_wyf_n05.wav,C:\MyProjects\Project-Proposal\PrivateCoach\Project-EchoesofEquity\data/melspec\2007_wyf_n05.npy,2007,white,younger,female,neutral,5,
C:\MyProjects\Project-Proposal\PrivateCoach\Project-EchoesofEquity\data/wav\2007_wyf_n06c.wav,C:\MyProjects\Project-Proposal\PrivateCoach\Project-EchoesofEquity\data/melspec\2007_wyf_n06c.npy,2007,white,younger,female,neutral,6,c
C:\MyProjects\Project-Proposal\PrivateCoach\Project-EchoesofEquity\data/wav\2007_wyf_t01.wav,C:\MyProjects\Project-Proposal\PrivateCoach\Project-EchoesofEquity\data/melspec\2007_wyf_t01.npy,2007,white,younger,female,trustworthy,1,
C:\MyProjects\Project-Proposal\PrivateCoach\Project-EchoesofEquity\data/wav\2007_wyf_t02.wav,C:\MyProjects\Project-Proposal\PrivateCoach\Project-EchoesofEquity\data/melspec\2007_wyf_t02.npy,2007,white,younger,female,trustworthy,2,
C:\MyProjects\Project-Proposal\PrivateCoach\Project-EchoesofEquity\data/wav\2007_wyf_t03c.wav,C:\MyProjects\Project-Proposal\PrivateCoach\Project-EchoesofEquity\data/melspec\2007_wyf_t03c.npy,2007,white,younger,female,trustworthy,3,c
C:\MyProjects\Project-Proposal\PrivateCoach\Project-EchoesofEquity\data/wav\2007_wyf_t04c.wav,C:\MyProjects\Project-Proposal\PrivateCoach\Project-EchoesofEquity\data/melspec\2007_wyf_t04c.npy,2007,white,younger,female,trustworthy,4,c
C:\MyProjects\Project-Proposal\PrivateCoach\Project-EchoesofEquity\data/wav\2007_wyf_t05c.wav,C:\MyProjects\Project-Proposal\PrivateCoach\Project-EchoesofEquity\data/melspec\2007_wyf_t05c.npy,2007,white,younger,female,trustworthy,5,c
C:\MyProjects\Project-Proposal\PrivateCoach\Project-EchoesofEquity\data/wav\2007_wyf_t06.wav,C:\MyProjects\Project-Proposal\PrivateCoach\Project-EchoesofEquity\data/melspec\2007_wyf_t06.npy,2007,white,younger,female,trustworthy,6,
C:\MyProjects\Project-Proposal\PrivateCoach\Project-EchoesofEquity\data/wav\2009_ayf_n09c.wav,C:\MyProjects\Project-Proposal\PrivateCoach\Project-EchoesofEquity\data/melspec\2009_ayf_n09c.npy,2009,south_asian,younger,female,neutral,9,c
C:\MyProjects\Project-Proposal\PrivateCoach\Project-EchoesofEquity\data/wav\2009_ayf_n10c.wav,C:\MyProjects\Project-Proposal\PrivateCoach\Project-EchoesofEquity\data/melspec\2009_ayf_n10c.npy,2009,south_asian,younger,female,neutral,10,c
C:\MyProjects\Project-Proposal\PrivateCoach\Project-EchoesofEquity\data/wav\2009_ayf_n11c.wav,C:\MyProjects\Project-Proposal\PrivateCoach\Project-EchoesofEquity\data/melspec\2009_ayf_n11c.npy,2009,south_asian,younger,female,neutral,11,c
C:\MyProjects\Project-Proposal\PrivateCoach\Project-EchoesofEquity\data/wav\2009_ayf_n12c.wav,C:\MyProjects\Project-Proposal\PrivateCoach\Project-EchoesofEquity\data/melspec\2009_ayf_n12c.npy,2009,south_asian,younger,female,neutral,12,c
C:\MyProjects\Project-Proposal\PrivateCoach\Project-EchoesofEquity\data/wav\2009_ayf_n13c.wav,C:\MyProjects\Project-Proposal\PrivateCoach\Project-EchoesofEquity\data/melspec\2009_ayf_n13c.npy,2009,south_asian,younger,female,neutral,13,c
C:\MyProjects\Project-Proposal\PrivateCoach\Project-EchoesofEquity\data/wav\2009_ayf_n14.wav,C:\MyProjects\Project-Proposal\PrivateCoach\Project-EchoesofEquity\data/melspec\2009_ayf_n14.npy,2009,south_asian,younger,female,neutral,14,
C:\MyProjects\Project-Proposal\PrivateCoach\Project-EchoesofEquity\data/wav\2009_ayf_t09.wav,C:\MyProjects\Project-Proposal\PrivateCoach\Project-EchoesofEquity\data/melspec\2009_ayf_t09.npy,2009,south_asian,younger,female,trustworthy,9,
C:\MyProjects\Project-Proposal\PrivateCoach\Project-EchoesofEquity\data/wav\2009_ayf_t10.wav,C:\MyProjects\Project-Proposal\PrivateCoach\Project-EchoesofEquity\data/melspec\2009_ayf_t10.npy,2009,south_asian,younger,female,trustworthy,10,
C:\MyProjects\Project-Proposal\PrivateCoach\Project-EchoesofEquity\data/wav\2009_ayf_t11.wav,C:\MyProjects\Project-Proposal\PrivateCoach\Project-EchoesofEquity\data/melspec\2009_ayf_t11.npy,2009,south_asian,younger,female,trustworthy,11,
C:\MyProjects\Project-Proposal\PrivateCoach\Project-EchoesofEquity\data/wav\2009_ayf_t12.wav,C:\MyProjects\Project-Proposal\PrivateCoach\Project-EchoesofEquity\data/melspec\2009_ayf_t12.npy,2009,south_asian,younger,female,trustworthy,12,
C:\MyProjects\Project-Proposal\PrivateCoach\Project-EchoesofEquity\data/wav\2009_ayf_t13.wav,C:\MyProjects\Project-Proposal\PrivateCoach\Project-EchoesofEquity\data/melspec\2009_ayf_t13.npy,2009,south_asian,younger,female,trustworthy,13,
C:\MyProjects\Project-Proposal\PrivateCoach\Project-EchoesofEquity\data/wav\2009_ayf_t14.wav,C:\MyProjects\Project-Proposal\PrivateCoach\Project-EchoesofEquity\data/melspec\2009_ayf_t14.npy,2009,south_asian,younger,female,trustworthy,14,
C:\MyProjects\Project-Proposal\PrivateCoach\Project-EchoesofEquity\data/wav\2010_aof_n01.wav,C:\MyProjects\Project-Proposal\PrivateCoach\Project-EchoesofEquity\data/melspec\2010_aof_n01.npy,2010,south_asian,older,female,neutral,1,
C:\MyProjects\Project-Proposal\PrivateCoach\Project-EchoesofEquity\data/wav\2010_aof_n02c.wav,C:\MyProjects\Project-Proposal\PrivateCoach\Project-EchoesofEquity\data/melspec\2010_aof_n02c.npy,2010,south_asian,older,female,neutral,2,c
C:\MyProjects\Project-Proposal\PrivateCoach\Project-EchoesofEquity\data/wav\2010_aof_n03.wav,C:\MyProjects\Project-Proposal\PrivateCoach\Project-EchoesofEquity\data/melspec\2010_aof_n03.npy,2010,south_asian,older,female,neutral,3,
C:\MyProjects\Project-Proposal\PrivateCoach\Project-EchoesofEquity\data/wav\2010_aof_n04c.wav,C:\MyProjects\Project-Proposal\PrivateCoach\Project-EchoesofEquity\data/melspec\2010_aof_n04c.npy,2010,south_asian,older,female,neutral,4,c
C:\MyProjects\Project-Proposal\PrivateCoach\Project-EchoesofEquity\data/wav\2010_aof_n05c.wav,C:\MyProjects\Project-Proposal\PrivateCoach\Project-EchoesofEquity\data/melspec\2010_aof_n05c.npy,2010,south_asian,older,female,neutral,5,c
C:\MyProjects\Project-Proposal\PrivateCoach\Project-EchoesofEquity\data/wav\2010_aof_n06.wav,C:\MyProjects\Project-Proposal\PrivateCoach\Project-EchoesofEquity\data/melspec\2010_aof_n06.npy,2010,south_asian,older,female,neutral,6,
C:\MyProjects\Project-Proposal\PrivateCoach\Project-EchoesofEquity\data/wav\2010_aof_t01c.wav,C:\MyProjects\Project-Proposal\PrivateCoach\Project-EchoesofEquity\data/melspec\2010_aof_t01c.npy,2010,south_asian,older,female,trustworthy,1,c
C:\MyProjects\Project-Proposal\PrivateCoach\Project-EchoesofEquity\data/wav\2010_aof_t02c.wav,C:\MyProjects\Project-Proposal\PrivateCoach\Project-EchoesofEquity\data/melspec\2010_aof_t02c.npy,2010,south_asian,older,female,trustworthy,2,c
C:\MyProjects\Project-Proposal\PrivateCoach\Project-EchoesofEquity\data/wav\2010_aof_t03c.wav,C:\MyProjects\Project-Proposal\PrivateCoach\Project-EchoesofEquity\data/melspec\2010_aof_t03c.npy,2010,south_asian,older,female,trustworthy,3,c
C:\MyProjects\Project-Proposal\PrivateCoach\Project-EchoesofEquity\data/wav\2010_aof_t04c.wav,C:\MyProjects\Project-Proposal\PrivateCoach\Project-EchoesofEquity\data/melspec\2010_aof_t04c.npy,2010,south_asian,older,female,trustworthy,4,c
C:\MyProjects\Project-Proposal\PrivateCoach\Project-EchoesofEquity\data/wav\2010_aof_t05c.wav,C:\MyProjects\Project-Proposal\PrivateCoach\Project-EchoesofEquity\data/melspec\2010_aof_t05c.npy,2010,south_asian,older,female,trustworthy,5,c
C:\MyProjects\Project-Proposal\PrivateCoach\Project-EchoesofEquity\data/wav\2010_aof_t06c.wav,C:\MyProjects\Project-Proposal\PrivateCoach\Project-EchoesofEquity\data/melspec\2010_aof_t06c.npy,2010,south_asian,older,female,trustworthy,6,c
C:\MyProjects\Project-Proposal\PrivateCoach\Project-EchoesofEquity\data/wav\2011_aom_n01c.wav,C:\MyProjects\Project-Proposal\PrivateCoach\Project-EchoesofEquity\data/melspec\2011_aom_n01c.npy,2011,south_asian,older,male,neutral,1,c
C:\MyProjects\Project-Proposal\PrivateCoach\Project-EchoesofEquity\data/wav\2011_aom_n02c.wav,C:\MyProjects\Project-Proposal\PrivateCoach\Project-EchoesofEquity\data/melspec\2011_aom_n02c.npy,2011,south_asian,older,male,neutral,2,c
C:\MyProjects\Project-Proposal\PrivateCoach\Project-EchoesofEquity\data/wav\2011_aom_n03c.wav,C:\MyProjects\Project-Proposal\PrivateCoach\Project-EchoesofEquity\data/melspec\2011_aom_n03c.npy,2011,south_asian,older,male,neutral,3,c
C:\MyProjects\Project-Proposal\PrivateCoach\Project-EchoesofEquity\data/wav\2011_aom_n04c.wav,C:\MyProjects\Project-Proposal\PrivateCoach\Project-EchoesofEquity\data/melspec\2011_aom_n04c.npy,2011,south_asian,older,male,neutral,4,c
C:\MyProjects\Project-Proposal\PrivateCoach\Project-EchoesofEquity\data/wav\2011_aom_n05c.wav,C:\MyProjects\Project-Proposal\PrivateCoach\Project-EchoesofEquity\data/melspec\2011_aom_n05c.npy,2011,south_asian,older,male,neutral,5,c
C:\MyProjects\Project-Proposal\PrivateCoach\Project-EchoesofEquity\data/wav\2011_aom_n06c.wav,C:\MyProjects\Project-Proposal\PrivateCoach\Project-EchoesofEquity\data/melspec\2011_aom_n06c.npy,2011,south_asian,older,male,neutral,6,c
C:\MyProjects\Project-Proposal\PrivateCoach\Project-EchoesofEquity\data/wav\2011_aom_t01.wav,C:\MyProjects\Project-Proposal\PrivateCoach\Project-EchoesofEquity\data/melspec\2011_aom_t01.npy,2011,south_asian,older,male,trustworthy,1,
C:\MyProjects\Project-Proposal\PrivateCoach\Project-EchoesofEquity\data/wav\2011_aom_t02.wav,C:\MyProjects\Project-Proposal\PrivateCoach\Project-EchoesofEquity\data/melspec\2011_aom_t02.npy,2011,south_asian,older,male,trustworthy,2,
C:\MyProjects\Project-Proposal\PrivateCoach\Project-EchoesofEquity\data/wav\2011_aom_t03.wav,C:\MyProjects\Project-Proposal\PrivateCoach\Project-EchoesofEquity\data/melspec\2011_aom_t03.npy,2011,south_asian,older,male,trustworthy,3,
C:\MyProjects\Project-Proposal\PrivateCoach\Project-EchoesofEquity\data/wav\2011_aom_t04c.wav,C:\MyProjects\Project-Proposal\PrivateCoach\Project-EchoesofEquity\data/melspec\2011_aom_t04c.npy,2011,south_asian,older,male,trustworthy,4,c
C:\MyProjects\Project-Proposal\PrivateCoach\Project-EchoesofEquity\data/wav\2011_aom_t05c.wav,C:\MyProjects\Project-Proposal\PrivateCoach\Project-EchoesofEquity\data/melspec\2011_aom_t05c.npy,2011,south_asian,older,male,trustworthy,5,c
C:\MyProjects\Project-Proposal\PrivateCoach\Project-EchoesofEquity\data/wav\2011_aom_t06c.wav,C:\MyProjects\Project-Proposal\PrivateCoach\Project-EchoesofEquity\data/melspec\2011_aom_t06c.npy,2011,south_asian,older,male,trustworthy,6,c
C:\MyProjects\Project-Proposal\PrivateCoach\Project-EchoesofEquity\data/wav\2013_aym_n09.wav,C:\MyProjects\Project-Proposal\PrivateCoach\Project-EchoesofEquity\data/melspec\2013_aym_n09.npy,2013,south_asian,younger,male,neutral,9,
C:\MyProjects\Project-Proposal\PrivateCoach\Project-EchoesofEquity\data/wav\2013_aym_n10.wav,C:\MyProjects\Project-Proposal\PrivateCoach\Project-EchoesofEquity\data/melspec\2013_aym_n10.npy,2013,south_asian,younger,male,neutral,10,
C:\MyProjects\Project-Proposal\PrivateCoach\Project-EchoesofEquity\data/wav\2013_aym_n11.wav,C:\MyProjects\Project-Proposal\PrivateCoach\Project-EchoesofEquity\data/melspec\2013_aym_n11.npy,2013,south_asian,younger,male,neutral,11,
C:\MyProjects\Project-Proposal\PrivateCoach\Project-EchoesofEquity\data/wav\2013_aym_n12.wav,C:\MyProjects\Project-Proposal\PrivateCoach\Project-EchoesofEquity\data/melspec\2013_aym_n12.npy,2013,south_asian,younger,male,neutral,12,
C:\MyProjects\Project-Proposal\PrivateCoach\Project-EchoesofEquity\data/wav\2013_aym_n13.wav,C:\MyProjects\Project-Proposal\PrivateCoach\Project-EchoesofEquity\data/melspec\2013_aym_n13.npy,2013,south_asian,younger,male,neutral,13,
C:\MyProjects\Project-Proposal\PrivateCoach\Project-EchoesofEquity\data/wav\2013_aym_n14.wav,C:\MyProjects\Project-Proposal\PrivateCoach\Project-EchoesofEquity\data/melspec\2013_aym_n14.npy,2013,south_asian,younger,male,neutral,14,
C:\MyProjects\Project-Proposal\PrivateCoach\Project-EchoesofEquity\data/wav\2013_aym_t09c.wav,C:\MyProjects\Project-Proposal\PrivateCoach\Project-EchoesofEquity\data/melspec\2013_aym_t09c.npy,2013,south_asian,younger,male,trustworthy,9,c
C:\MyProjects\Project-Proposal\PrivateCoach\Project-EchoesofEquity\data/wav\2013_aym_t10.wav,C:\MyProjects\Project-Proposal\PrivateCoach\Project-EchoesofEquity\data/melspec\2013_aym_t10.npy,2013,south_asian,younger,male,trustworthy,10,
C:\MyProjects\Project-Proposal\PrivateCoach\Project-EchoesofEquity\data/wav\2013_aym_t11.wav,C:\MyProjects\Project-Proposal\PrivateCoach\Project-EchoesofEquity\data/melspec\2013_aym_t11.npy,2013,south_asian,younger,male,trustworthy,11,
C:\MyProjects\Project-Proposal\PrivateCoach\Project-EchoesofEquity\data/wav\2013_aym_t12.wav,C:\MyProjects\Project-Proposal\PrivateCoach\Project-EchoesofEquity\data/melspec\2013_aym_t12.npy,2013,south_asian,younger,male,trustworthy,12,
C:\MyProjects\Project-Proposal\PrivateCoach\Project-EchoesofEquity\data/wav\2013_aym_t13.wav,C:\MyProjects\Project-Proposal\PrivateCoach\Project-EchoesofEquity\data/melspec\2013_aym_t13.npy,2013,south_asian,younger,male,trustworthy,13,
C:\MyProjects\Project-Proposal\PrivateCoach\Project-EchoesofEquity\data/wav\2013_aym_t14.wav,C:\MyProjects\Project-Proposal\PrivateCoach\Project-EchoesofEquity\data/melspec\2013_aym_t14.npy,2013,south_asian,younger,male,trustworthy,14,
C:\MyProjects\Project-Proposal\PrivateCoach\Project-EchoesofEquity\data/wav\2015_aof_n03.wav,C:\MyProjects\Project-Proposal\PrivateCoach\Project-EchoesofEquity\data/melspec\2015_aof_n03.npy,2015,south_asian,older,female,neutral,3,
C:\MyProjects\Project-Proposal\PrivateCoach\Project-EchoesofEquity\data/wav\2015_aof_n04.wav,C:\MyProjects\Project-Proposal\PrivateCoach\Project-EchoesofEquity\data/melspec\2015_aof_n04.npy,2015,south_asian,older,female,neutral,4,
C:\MyProjects\Project-Proposal\PrivateCoach\Project-EchoesofEquity\data/wav\2015_aof_n05.wav,C:\MyProjects\Project-Proposal\PrivateCoach\Project-EchoesofEquity\data/melspec\2015_aof_n05.npy,2015,south_asian,older,female,neutral,5,
C:\MyProjects\Project-Proposal\PrivateCoach\Project-EchoesofEquity\data/wav\2015_aof_n06.wav,C:\MyProjects\Project-Proposal\PrivateCoach\Project-EchoesofEquity\data/melspec\2015_aof_n06.npy,2015,south_asian,older,female,neutral,6,
C:\MyProjects\Project-Proposal\PrivateCoach\Project-EchoesofEquity\data/wav\2015_aof_n07.wav,C:\MyProjects\Project-Proposal\PrivateCoach\Project-EchoesofEquity\data/melspec\2015_aof_n07.npy,2015,south_asian,older,female,neutral,7,
C:\MyProjects\Project-Proposal\PrivateCoach\Project-EchoesofEquity\data/wav\2015_aof_n08.wav,C:\MyProjects\Project-Proposal\PrivateCoach\Project-EchoesofEquity\data/melspec\2015_aof_n08.npy,2015,south_asian,older,female,neutral,8,
C:\MyProjects\Project-Proposal\PrivateCoach\Project-EchoesofEquity\data/wav\2015_aof_t03.wav,C:\MyProjects\Project-Proposal\PrivateCoach\Project-EchoesofEquity\data/melspec\2015_aof_t03.npy,2015,south_asian,older,female,trustworthy,3,
C:\MyProjects\Project-Proposal\PrivateCoach\Project-EchoesofEquity\data/wav\2015_aof_t04.wav,C:\MyProjects\Project-Proposal\PrivateCoach\Project-EchoesofEquity\data/melspec\2015_aof_t04.npy,2015,south_asian,older,female,trustworthy,4,
C:\MyProjects\Project-Proposal\PrivateCoach\Project-EchoesofEquity\data/wav\2015_aof_t05.wav,C:\MyProjects\Project-Proposal\PrivateCoach\Project-EchoesofEquity\data/melspec\2015_aof_t05.npy,2015,south_asian,older,female,trustworthy,5,
C:\MyProjects\Project-Proposal\PrivateCoach\Project-EchoesofEquity\data/wav\2015_aof_t06.wav,C:\MyProjects\Project-Proposal\PrivateCoach\Project-EchoesofEquity\data/melspec\2015_aof_t06.npy,2015,south_asian,older,female,trustworthy,6,
C:\MyProjects\Project-Proposal\PrivateCoach\Project-EchoesofEquity\data/wav\2015_aof_t07.wav,C:\MyProjects\Project-Proposal\PrivateCoach\Project-EchoesofEquity\data/melspec\2015_aof_t07.npy,2015,south_asian,older,female,trustworthy,7,
C:\MyProjects\Project-Proposal\PrivateCoach\Project-EchoesofEquity\data/wav\2015_aof_t08.wav,C:\MyProjects\Project-Proposal\PrivateCoach\Project-EchoesofEquity\data/melspec\2015_aof_t08.npy,2015,south_asian,older,female,trustworthy,8,
C:\MyProjects\Project-Proposal\PrivateCoach\Project-EchoesofEquity\data/wav\2016_byf_n01.wav,C:\MyProjects\Project-Proposal\PrivateCoach\Project-EchoesofEquity\data/melspec\2016_byf_n01.npy,2016,black,younger,female,neutral,1,
C:\MyProjects\Project-Proposal\PrivateCoach\Project-EchoesofEquity\data/wav\2016_byf_n02.wav,C:\MyProjects\Project-Proposal\PrivateCoach\Project-EchoesofEquity\data/melspec\2016_byf_n02.npy,2016,black,younger,female,neutral,2,
C:\MyProjects\Project-Proposal\PrivateCoach\Project-EchoesofEquity\data/wav\2016_byf_n17c.wav,C:\MyProjects\Project-Proposal\PrivateCoach\Project-EchoesofEquity\data/melspec\2016_byf_n17c.npy,2016,black,younger,female,neutral,17,c
C:\MyProjects\Project-Proposal\PrivateCoach\Project-EchoesofEquity\data/wav\2016_byf_n18.wav,C:\MyProjects\Project-Proposal\PrivateCoach\Project-EchoesofEquity\data/melspec\2016_byf_n18.npy,2016,black,younger,female,neutral,18,
C:\MyProjects\Project-Proposal\PrivateCoach\Project-EchoesofEquity\data/wav\2016_byf_n19.wav,C:\MyProjects\Project-Proposal\PrivateCoach\Project-EchoesofEquity\data/melspec\2016_byf_n19.npy,2016,black,younger,female,neutral,19,
C:\MyProjects\Project-Proposal\PrivateCoach\Project-EchoesofEquity\data/wav\2016_byf_n20.wav,C:\MyProjects\Project-Proposal\PrivateCoach\Project-EchoesofEquity\data/melspec\2016_byf_n20.npy,2016,black,younger,female,neutral,20,
C:\MyProjects\Project-Proposal\PrivateCoach\Project-EchoesofEquity\data/wav\2016_byf_t01c.wav,C:\MyProjects\Project-Proposal\PrivateCoach\Project-EchoesofEquity\data/melspec\2016_byf_t01c.npy,2016,black,younger,female,trustworthy,1,c
C:\MyProjects\Project-Proposal\PrivateCoach\Project-EchoesofEquity\data/wav\2016_byf_t02c.wav,C:\MyProjects\Project-Proposal\PrivateCoach\Project-EchoesofEquity\data/melspec\2016_byf_t02c.npy,2016,black,younger,female,trustworthy,2,c
C:\MyProjects\Project-Proposal\PrivateCoach\Project-EchoesofEquity\data/wav\2016_byf_t17.wav,C:\MyProjects\Project-Proposal\PrivateCoach\Project-EchoesofEquity\data/melspec\2016_byf_t17.npy,2016,black,younger,female,trustworthy,17,
C:\MyProjects\Project-Proposal\PrivateCoach\Project-EchoesofEquity\data/wav\2016_byf_t18.wav,C:\MyProjects\Project-Proposal\PrivateCoach\Project-EchoesofEquity\data/melspec\2016_byf_t18.npy,2016,black,younger,female,trustworthy,18,
C:\MyProjects\Project-Proposal\PrivateCoach\Project-EchoesofEquity\data/wav\2016_byf_t19c.wav,C:\MyProjects\Project-Proposal\PrivateCoach\Project-EchoesofEquity\data/melspec\2016_byf_t19c.npy,2016,black,younger,female,trustworthy,19,c
C:\MyProjects\Project-Proposal\PrivateCoach\Project-EchoesofEquity\data/wav\2016_byf_t20.wav,C:\MyProjects\Project-Proposal\PrivateCoach\Project-EchoesofEquity\data/melspec\2016_byf_t20.npy,2016,black,younger,female,trustworthy,20,
C:\MyProjects\Project-Proposal\PrivateCoach\Project-EchoesofEquity\data/wav\2017_aof_n03.wav,C:\MyProjects\Project-Proposal\PrivateCoach\Project-EchoesofEquity\data/melspec\2017_aof_n03.npy,2017,south_asian,older,female,neutral,3,
C:\MyProjects\Project-Proposal\PrivateCoach\Project-EchoesofEquity\data/wav\2017_aof_n04.wav,C:\MyProjects\Project-Proposal\PrivateCoach\Project-EchoesofEquity\data/melspec\2017_aof_n04.npy,2017,south_asian,older,female,neutral,4,
C:\MyProjects\Project-Proposal\PrivateCoach\Project-EchoesofEquity\data/wav\2017_aof_n05.wav,C:\MyProjects\Project-Proposal\PrivateCoach\Project-EchoesofEquity\data/melspec\2017_aof_n05.npy,2017,south_asian,older,female,neutral,5,
C:\MyProjects\Project-Proposal\PrivateCoach\Project-EchoesofEquity\data/wav\2017_aof_n06.wav,C:\MyProjects\Project-Proposal\PrivateCoach\Project-EchoesofEquity\data/melspec\2017_aof_n06.npy,2017,south_asian,older,female,neutral,6,
C:\MyProjects\Project-Proposal\PrivateCoach\Project-EchoesofEquity\data/wav\2017_aof_n07.wav,C:\MyProjects\Project-Proposal\PrivateCoach\Project-EchoesofEquity\data/melspec\2017_aof_n07.npy,2017,south_asian,older,female,neutral,7,
C:\MyProjects\Project-Proposal\PrivateCoach\Project-EchoesofEquity\data/wav\2017_aof_n08.wav,C:\MyProjects\Project-Proposal\PrivateCoach\Project-EchoesofEquity\data/melspec\2017_aof_n08.npy,2017,south_asian,older,female,neutral,8,
C:\MyProjects\Project-Proposal\PrivateCoach\Project-EchoesofEquity\data/wav\2017_aof_t03.wav,C:\MyProjects\Project-Proposal\PrivateCoach\Project-EchoesofEquity\data/melspec\2017_aof_t03.npy,2017,south_asian,older,female,trustworthy,3,
C:\MyProjects\Project-Proposal\PrivateCoach\Project-EchoesofEquity\data/wav\2017_aof_t04.wav,C:\MyProjects\Project-Proposal\PrivateCoach\Project-EchoesofEquity\data/melspec\2017_aof_t04.npy,2017,south_asian,older,female,trustworthy,4,
C:\MyProjects\Project-Proposal\PrivateCoach\Project-EchoesofEquity\data/wav\2017_aof_t05.wav,C:\MyProjects\Project-Proposal\PrivateCoach\Project-EchoesofEquity\data/melspec\2017_aof_t05.npy,2017,south_asian,older,female,trustworthy,5,
C:\MyProjects\Project-Proposal\PrivateCoach\Project-EchoesofEquity\data/wav\2017_aof_t06.wav,C:\MyProjects\Project-Proposal\PrivateCoach\Project-EchoesofEquity\data/melspec\2017_aof_t06.npy,2017,south_asian,older,female,trustworthy,6,
C:\MyProjects\Project-Proposal\PrivateCoach\Project-EchoesofEquity\data/wav\2017_aof_t07.wav,C:\MyProjects\Project-Proposal\PrivateCoach\Project-EchoesofEquity\data/melspec\2017_aof_t07.npy,2017,south_asian,older,female,trustworthy,7,
C:\MyProjects\Project-Proposal\PrivateCoach\Project-EchoesofEquity\data/wav\2017_aof_t08.wav,C:\MyProjects\Project-Proposal\PrivateCoach\Project-EchoesofEquity\data/melspec\2017_aof_t08.npy,2017,south_asian,older,female,trustworthy,8,
C:\MyProjects\Project-Proposal\PrivateCoach\Project-EchoesofEquity\data/wav\2019_ayf_n07.wav,C:\MyProjects\Project-Proposal\PrivateCoach\Project-EchoesofEquity\data/melspec\2019_ayf_n07.npy,2019,south_asian,younger,female,neutral,7,
C:\MyProjects\Project-Proposal\PrivateCoach\Project-EchoesofEquity\data/wav\2019_ayf_n08c.wav,C:\MyProjects\Project-Proposal\PrivateCoach\Project-EchoesofEquity\data/melspec\2019_ayf_n08c.npy,2019,south_asian,younger,female,neutral,8,c
C:\MyProjects\Project-Proposal\PrivateCoach\Project-EchoesofEquity\data/wav\2019_ayf_n09c.wav,C:\MyProjects\Project-Proposal\PrivateCoach\Project-EchoesofEquity\data/melspec\2019_ayf_n09c.npy,2019,south_asian,younger,female,neutral,9,c
C:\MyProjects\Project-Proposal\PrivateCoach\Project-EchoesofEquity\data/wav\2019_ayf_n10.wav,C:\MyProjects\Project-Proposal\PrivateCoach\Project-EchoesofEquity\data/melspec\2019_ayf_n10.npy,2019,south_asian,younger,female,neutral,10,
C:\MyProjects\Project-Proposal\PrivateCoach\Project-EchoesofEquity\data/wav\2019_ayf_n11.wav,C:\MyProjects\Project-Proposal\PrivateCoach\Project-EchoesofEquity\data/melspec\2019_ayf_n11.npy,2019,south_asian,younger,female,neutral,11,
C:\MyProjects\Project-Proposal\PrivateCoach\Project-EchoesofEquity\data/wav\2019_ayf_n12c.wav,C:\MyProjects\Project-Proposal\PrivateCoach\Project-EchoesofEquity\data/melspec\2019_ayf_n12c.npy,2019,south_asian,younger,female,neutral,12,c
C:\MyProjects\Project-Proposal\PrivateCoach\Project-EchoesofEquity\data/wav\2019_ayf_t07c.wav,C:\MyProjects\Project-Proposal\PrivateCoach\Project-EchoesofEquity\data/melspec\2019_ayf_t07c.npy,2019,south_asian,younger,female,trustworthy,7,c
C:\MyProjects\Project-Proposal\PrivateCoach\Project-EchoesofEquity\data/wav\2019_ayf_t08c.wav,C:\MyProjects\Project-Proposal\PrivateCoach\Project-EchoesofEquity\data/melspec\2019_ayf_t08c.npy,2019,south_asian,younger,female,trustworthy,8,c
C:\MyProjects\Project-Proposal\PrivateCoach\Project-EchoesofEquity\data/wav\2019_ayf_t09.wav,C:\MyProjects\Project-Proposal\PrivateCoach\Project-EchoesofEquity\data/melspec\2019_ayf_t09.npy,2019,south_asian,younger,female,trustworthy,9,
C:\MyProjects\Project-Proposal\PrivateCoach\Project-EchoesofEquity\data/wav\2019_ayf_t10.wav,C:\MyProjects\Project-Proposal\PrivateCoach\Project-EchoesofEquity\data/melspec\2019_ayf_t10.npy,2019,south_asian,younger,female,trustworthy,10,
C:\MyProjects\Project-Proposal\PrivateCoach\Project-EchoesofEquity\data/wav\2019_ayf_t11.wav,C:\MyProjects\Project-Proposal\PrivateCoach\Project-EchoesofEquity\data/melspec\2019_ayf_t11.npy,2019,south_asian,younger,female,trustworthy,11,
C:\MyProjects\Project-Proposal\PrivateCoach\Project-EchoesofEquity\data/wav\2019_ayf_t12c.wav,C:\MyProjects\Project-Proposal\PrivateCoach\Project-EchoesofEquity\data/melspec\2019_ayf_t12c.npy,2019,south_asian,younger,female,trustworthy,12,c
C:\MyProjects\Project-Proposal\PrivateCoach\Project-EchoesofEquity\data/wav\2023_ayf_n11.wav,C:\MyProjects\Project-Proposal\PrivateCoach\Project-EchoesofEquity\data/melspec\2023_ayf_n11.npy,2023,south_asian,younger,female,neutral,11,
C:\MyProjects\Project-Proposal\PrivateCoach\Project-EchoesofEquity\data/wav\2023_ayf_n12.wav,C:\MyProjects\Project-Proposal\PrivateCoach\Project-EchoesofEquity\data/melspec\2023_ayf_n12.npy,2023,south_asian,younger,female,neutral,12,
C:\MyProjects\Project-Proposal\PrivateCoach\Project-EchoesofEquity\data/wav\2023_ayf_n13.wav,C:\MyProjects\Project-Proposal\PrivateCoach\Project-EchoesofEquity\data/melspec\2023_ayf_n13.npy,2023,south_asian,younger,female,neutral,13,
C:\MyProjects\Project-Proposal\PrivateCoach\Project-EchoesofEquity\data/wav\2023_ayf_n14c.wav,C:\MyProjects\Project-Proposal\PrivateCoach\Project-EchoesofEquity\data/melspec\2023_ayf_n14c.npy,2023,south_asian,younger,female,neutral,14,c
C:\MyProjects\Project-Proposal\PrivateCoach\Project-EchoesofEquity\data/wav\2023_ayf_n15.wav,C:\MyProjects\Project-Proposal\PrivateCoach\Project-EchoesofEquity\data/melspec\2023_ayf_n15.npy,2023,south_asian,younger,female,neutral,15,
C:\MyProjects\Project-Proposal\PrivateCoach\Project-EchoesofEquity\data/wav\2023_ayf_n16c.wav,C:\MyProjects\Project-Proposal\PrivateCoach\Project-EchoesofEquity\data/melspec\2023_ayf_n16c.npy,2023,south_asian,younger,female,neutral,16,c
C:\MyProjects\Project-Proposal\PrivateCoach\Project-EchoesofEquity\data/wav\2023_ayf_t11c.wav,C:\MyProjects\Project-Proposal\PrivateCoach\Project-EchoesofEquity\data/melspec\2023_ayf_t11c.npy,2023,south_asian,younger,female,trustworthy,11,c
C:\MyProjects\Project-Proposal\PrivateCoach\Project-EchoesofEquity\data/wav\2023_ayf_t12c.wav,C:\MyProjects\Project-Proposal\PrivateCoach\Project-EchoesofEquity\data/melspec\2023_ayf_t12c.npy,2023,south_asian,younger,female,trustworthy,12,c
C:\MyProjects\Project-Proposal\PrivateCoach\Project-EchoesofEquity\data/wav\2023_ayf_t13c.wav,C:\MyProjects\Project-Proposal\PrivateCoach\Project-EchoesofEquity\data/melspec\2023_ayf_t13c.npy,2023,south_asian,younger,female,trustworthy,13,c
C:\MyProjects\Project-Proposal\PrivateCoach\Project-EchoesofEquity\data/wav\2023_ayf_t14.wav,C:\MyProjects\Project-Proposal\PrivateCoach\Project-EchoesofEquity\data/melspec\2023_ayf_t14.npy,2023,south_asian,younger,female,trustworthy,14,
C:\MyProjects\Project-Proposal\PrivateCoach\Project-EchoesofEquity\data/wav\2023_ayf_t15.wav,C:\MyProjects\Project-Proposal\PrivateCoach\Project-EchoesofEquity\data/melspec\2023_ayf_t15.npy,2023,south_asian,younger,female,trustworthy,15,
C:\MyProjects\Project-Proposal\PrivateCoach\Project-EchoesofEquity\data/wav\2023_ayf_t16.wav,C:\MyProjects\Project-Proposal\PrivateCoach\Project-EchoesofEquity\data/melspec\2023_ayf_t16.npy,2023,south_asian,younger,female,trustworthy,16,
C:\MyProjects\Project-Proposal\PrivateCoach\Project-EchoesofEquity\data/wav\2024_bym_n01.wav,C:\MyProjects\Project-Proposal\PrivateCoach\Project-EchoesofEquity\data/melspec\2024_bym_n01.npy,2024,black,younger,male,neutral,1,
C:\MyProjects\Project-Proposal\PrivateCoach\Project-EchoesofEquity\data/wav\2024_bym_n02.wav,C:\MyProjects\Project-Proposal\PrivateCoach\Project-EchoesofEquity\data/melspec\2024_bym_n02.npy,2024,black,younger,male,neutral,2,
C:\MyProjects\Project-Proposal\PrivateCoach\Project-EchoesofEquity\data/wav\2024_bym_n17.wav,C:\MyProjects\Project-Proposal\PrivateCoach\Project-EchoesofEquity\data/melspec\2024_bym_n17.npy,2024,black,younger,male,neutral,17,
C:\MyProjects\Project-Proposal\PrivateCoach\Project-EchoesofEquity\data/wav\2024_bym_n18.wav,C:\MyProjects\Project-Proposal\PrivateCoach\Project-EchoesofEquity\data/melspec\2024_bym_n18.npy,2024,black,younger,male,neutral,18,
C:\MyProjects\Project-Proposal\PrivateCoach\Project-EchoesofEquity\data/wav\2024_bym_n19.wav,C:\MyProjects\Project-Proposal\PrivateCoach\Project-EchoesofEquity\data/melspec\2024_bym_n19.npy,2024,black,younger,male,neutral,19,
C:\MyProjects\Project-Proposal\PrivateCoach\Project-EchoesofEquity\data/wav\2024_bym_n20.wav,C:\MyProjects\Project-Proposal\PrivateCoach\Project-EchoesofEquity\data/melspec\2024_bym_n20.npy,2024,black,younger,male,neutral,20,
C:\MyProjects\Project-Proposal\PrivateCoach\Project-EchoesofEquity\data/wav\2024_bym_t01.wav,C:\MyProjects\Project-Proposal\PrivateCoach\Project-EchoesofEquity\data/melspec\2024_bym_t01.npy,2024,black,younger,male,trustworthy,1,
C:\MyProjects\Project-Proposal\PrivateCoach\Project-EchoesofEquity\data/wav\2024_bym_t02.wav,C:\MyProjects\Project-Proposal\PrivateCoach\Project-EchoesofEquity\data/melspec\2024_bym_t02.npy,2024,black,younger,male,trustworthy,2,
C:\MyProjects\Project-Proposal\PrivateCoach\Project-EchoesofEquity\data/wav\2024_bym_t17.wav,C:\MyProjects\Project-Proposal\PrivateCoach\Project-EchoesofEquity\data/melspec\2024_bym_t17.npy,2024,black,younger,male,trustworthy,17,
C:\MyProjects\Project-Proposal\PrivateCoach\Project-EchoesofEquity\data/wav\2024_bym_t18.wav,C:\MyProjects\Project-Proposal\PrivateCoach\Project-EchoesofEquity\data/melspec\2024_bym_t18.npy,2024,black,younger,male,trustworthy,18,
C:\MyProjects\Project-Proposal\PrivateCoach\Project-EchoesofEquity\data/wav\2024_bym_t19.wav,C:\MyProjects\Project-Proposal\PrivateCoach\Project-EchoesofEquity\data/melspec\2024_bym_t19.npy,2024,black,younger,male,trustworthy,19,
C:\MyProjects\Project-Proposal\PrivateCoach\Project-EchoesofEquity\data/wav\2024_bym_t20.wav,C:\MyProjects\Project-Proposal\PrivateCoach\Project-EchoesofEquity\data/melspec\2024_bym_t20.npy,2024,black,younger,male,trustworthy,20,
C:\MyProjects\Project-Proposal\PrivateCoach\Project-EchoesofEquity\data/wav\2025_aym_n13c.wav,C:\MyProjects\Project-Proposal\PrivateCoach\Project-EchoesofEquity\data/melspec\2025_aym_n13c.npy,2025,south_asian,younger,male,neutral,13,c
C:\MyProjects\Project-Proposal\PrivateCoach\Project-EchoesofEquity\data/wav\2025_aym_n14c.wav,C:\MyProjects\Project-Proposal\PrivateCoach\Project-EchoesofEquity\data/melspec\2025_aym_n14c.npy,2025,south_asian,younger,male,neutral,14,c
C:\MyProjects\Project-Proposal\PrivateCoach\Project-EchoesofEquity\data/wav\2025_aym_n15.wav,C:\MyProjects\Project-Proposal\PrivateCoach\Project-EchoesofEquity\data/melspec\2025_aym_n15.npy,2025,south_asian,younger,male,neutral,15,
C:\MyProjects\Project-Proposal\PrivateCoach\Project-EchoesofEquity\data/wav\2025_aym_n16c.wav,C:\MyProjects\Project-Proposal\PrivateCoach\Project-EchoesofEquity\data/melspec\2025_aym_n16c.npy,2025,south_asian,younger,male,neutral,16,c
C:\MyProjects\Project-Proposal\PrivateCoach\Project-EchoesofEquity\data/wav\2025_aym_n17.wav,C:\MyProjects\Project-Proposal\PrivateCoach\Project-EchoesofEquity\data/melspec\2025_aym_n17.npy,2025,south_asian,younger,male,neutral,17,
C:\MyProjects\Project-Proposal\PrivateCoach\Project-EchoesofEquity\data/wav\2025_aym_n18.wav,C:\MyProjects\Project-Proposal\PrivateCoach\Project-EchoesofEquity\data/melspec\2025_aym_n18.npy,2025,south_asian,younger,male,neutral,18,
C:\MyProjects\Project-Proposal\PrivateCoach\Project-EchoesofEquity\data/wav\2025_aym_t13.wav,C:\MyProjects\Project-Proposal\PrivateCoach\Project-EchoesofEquity\data/melspec\2025_aym_t13.npy,2025,south_asian,younger,male,trustworthy,13,
C:\MyProjects\Project-Proposal\PrivateCoach\Project-EchoesofEquity\data/wav\2025_aym_t14c.wav,C:\MyProjects\Project-Proposal\PrivateCoach\Project-EchoesofEquity\data/melspec\2025_aym_t14c.npy,2025,south_asian,younger,male,trustworthy,14,c
C:\MyProjects\Project-Proposal\PrivateCoach\Project-EchoesofEquity\data/wav\2025_aym_t15.wav,C:\MyProjects\Project-Proposal\PrivateCoach\Project-EchoesofEquity\data/melspec\2025_aym_t15.npy,2025,south_asian,younger,male,trustworthy,15,
C:\MyProjects\Project-Proposal\PrivateCoach\Project-EchoesofEquity\data/wav\2025_aym_t16.wav,C:\MyProjects\Project-Proposal\PrivateCoach\Project-EchoesofEquity\data/melspec\2025_aym_t16.npy,2025,south_asian,younger,male,trustworthy,16,
C:\MyProjects\Project-Proposal\PrivateCoach\Project-EchoesofEquity\data/wav\2025_aym_t17.wav,C:\MyProjects\Project-Proposal\PrivateCoach\Project-EchoesofEquity\data/melspec\2025_aym_t17.npy,2025,south_asian,younger,male,trustworthy,17,
C:\MyProjects\Project-Proposal\PrivateCoach\Project-EchoesofEquity\data/wav\2025_aym_t18.wav,C:\MyProjects\Project-Proposal\PrivateCoach\Project-EchoesofEquity\data/melspec\2025_aym_t18.npy,2025,south_asian,younger,male,trustworthy,18,
C:\MyProjects\Project-Proposal\PrivateCoach\Project-EchoesofEquity\data/wav\2026_ayf_n13.wav,C:\MyProjects\Project-Proposal\PrivateCoach\Project-EchoesofEquity\data/melspec\2026_ayf_n13.npy,2026,south_asian,younger,female,neutral,13,
C:\MyProjects\Project-Proposal\PrivateCoach\Project-EchoesofEquity\data/wav\2026_ayf_n14.wav,C:\MyProjects\Project-Proposal\PrivateCoach\Project-EchoesofEquity\data/melspec\2026_ayf_n14.npy,2026,south_asian,younger,female,neutral,14,
C:\MyProjects\Project-Proposal\PrivateCoach\Project-EchoesofEquity\data/wav\2026_ayf_n15.wav,C:\MyProjects\Project-Proposal\PrivateCoach\Project-EchoesofEquity\data/melspec\2026_ayf_n15.npy,2026,south_asian,younger,female,neutral,15,
C:\MyProjects\Project-Proposal\PrivateCoach\Project-EchoesofEquity\data/wav\2026_ayf_n16c.wav,C:\MyProjects\Project-Proposal\PrivateCoach\Project-EchoesofEquity\data/melspec\2026_ayf_n16c.npy,2026,south_asian,younger,female,neutral,16,c
C:\MyProjects\Project-Proposal\PrivateCoach\Project-EchoesofEquity\data/wav\2026_ayf_n17c.wav,C:\MyProjects\Project-Proposal\PrivateCoach\Project-EchoesofEquity\data/melspec\2026_ayf_n17c.npy,2026,south_asian,younger,female,neutral,17,c
C:\MyProjects\Project-Proposal\PrivateCoach\Project-EchoesofEquity\data/wav\2026_ayf_n18c.wav,C:\MyProjects\Project-Proposal\PrivateCoach\Project-EchoesofEquity\data/melspec\2026_ayf_n18c.npy,2026,south_asian,younger,female,neutral,18,c
C:\MyProjects\Project-Proposal\PrivateCoach\Project-EchoesofEquity\data/wav\2026_ayf_t13c.wav,C:\MyProjects\Project-Proposal\PrivateCoach\Project-EchoesofEquity\data/melspec\2026_ayf_t13c.npy,2026,south_asian,younger,female,trustworthy,13,c
C:\MyProjects\Project-Proposal\PrivateCoach\Project-EchoesofEquity\data/wav\2026_ayf_t14.wav,C:\MyProjects\Project-Proposal\PrivateCoach\Project-EchoesofEquity\data/melspec\2026_ayf_t14.npy,2026,south_asian,younger,female,trustworthy,14,
C:\MyProjects\Project-Proposal\PrivateCoach\Project-EchoesofEquity\data/wav\2026_ayf_t15c.wav,C:\MyProjects\Project-Proposal\PrivateCoach\Project-EchoesofEquity\data/melspec\2026_ayf_t15c.npy,2026,south_asian,younger,female,trustworthy,15,c
C:\MyProjects\Project-Proposal\PrivateCoach\Project-EchoesofEquity\data/wav\2026_ayf_t16.wav,C:\MyProjects\Project-Proposal\PrivateCoach\Project-EchoesofEquity\data/melspec\2026_ayf_t16.npy,2026,south_asian,younger,female,trustworthy,16,
C:\MyProjects\Project-Proposal\PrivateCoach\Project-EchoesofEquity\data/wav\2026_ayf_t17c.wav,C:\MyProjects\Project-Proposal\PrivateCoach\Project-EchoesofEquity\data/melspec\2026_ayf_t17c.npy,2026,south_asian,younger,female,trustworthy,17,c
C:\MyProjects\Project-Proposal\PrivateCoach\Project-EchoesofEquity\data/wav\2026_ayf_t18c.wav,C:\MyProjects\Project-Proposal\PrivateCoach\Project-EchoesofEquity\data/melspec\2026_ayf_t18c.npy,2026,south_asian,younger,female,trustworthy,18,c
C:\MyProjects\Project-Proposal\PrivateCoach\Project-EchoesofEquity\data/wav\2029_ayf_n15.wav,C:\MyProjects\Project-Proposal\PrivateCoach\Project-EchoesofEquity\data/melspec\2029_ayf_n15.npy,2029,south_asian,younger,female,neutral,15,
C:\MyProjects\Project-Proposal\PrivateCoach\Project-EchoesofEquity\data/wav\2029_ayf_n16.wav,C:\MyProjects\Project-Proposal\PrivateCoach\Project-EchoesofEquity\data/melspec\2029_ayf_n16.npy,2029,south_asian,younger,female,neutral,16,
C:\MyProjects\Project-Proposal\PrivateCoach\Project-EchoesofEquity\data/wav\2029_ayf_n17.wav,C:\MyProjects\Project-Proposal\PrivateCoach\Project-EchoesofEquity\data/melspec\2029_ayf_n17.npy,2029,south_asian,younger,female,neutral,17,
C:\MyProjects\Project-Proposal\PrivateCoach\Project-EchoesofEquity\data/wav\2029_ayf_n18.wav,C:\MyProjects\Project-Proposal\PrivateCoach\Project-EchoesofEquity\data/melspec\2029_ayf_n18.npy,2029,south_asian,younger,female,neutral,18,
C:\MyProjects\Project-Proposal\PrivateCoach\Project-EchoesofEquity\data/wav\2029_ayf_n19.wav,C:\MyProjects\Project-Proposal\PrivateCoach\Project-EchoesofEquity\data/melspec\2029_ayf_n19.npy,2029,south_asian,younger,female,neutral,19,
C:\MyProjects\Project-Proposal\PrivateCoach\Project-EchoesofEquity\data/wav\2029_ayf_n20.wav,C:\MyProjects\Project-Proposal\PrivateCoach\Project-EchoesofEquity\data/melspec\2029_ayf_n20.npy,2029,south_asian,younger,female,neutral,20,
C:\MyProjects\Project-Proposal\PrivateCoach\Project-EchoesofEquity\data/wav\2029_ayf_t15.wav,C:\MyProjects\Project-Proposal\PrivateCoach\Project-EchoesofEquity\data/melspec\2029_ayf_t15.npy,2029,south_asian,younger,female,trustworthy,15,
C:\MyProjects\Project-Proposal\PrivateCoach\Project-EchoesofEquity\data/wav\2029_ayf_t16.wav,C:\MyProjects\Project-Proposal\PrivateCoach\Project-EchoesofEquity\data/melspec\2029_ayf_t16.npy,2029,south_asian,younger,female,trustworthy,16,
C:\MyProjects\Project-Proposal\PrivateCoach\Project-EchoesofEquity\data/wav\2029_ayf_t17.wav,C:\MyProjects\Project-Proposal\PrivateCoach\Project-EchoesofEquity\data/melspec\2029_ayf_t17.npy,2029,south_asian,younger,female,trustworthy,17,
C:\MyProjects\Project-Proposal\PrivateCoach\Project-EchoesofEquity\data/wav\2029_ayf_t18.wav,C:\MyProjects\Project-Proposal\PrivateCoach\Project-EchoesofEquity\data/melspec\2029_ayf_t18.npy,2029,south_asian,younger,female,trustworthy,18,
C:\MyProjects\Project-Proposal\PrivateCoach\Project-EchoesofEquity\data/wav\2029_ayf_t19.wav,C:\MyProjects\Project-Proposal\PrivateCoach\Project-EchoesofEquity\data/melspec\2029_ayf_t19.npy,2029,south_asian,younger,female,trustworthy,19,
C:\MyProjects\Project-Proposal\PrivateCoach\Project-EchoesofEquity\data/wav\2029_ayf_t20.wav,C:\MyProjects\Project-Proposal\PrivateCoach\Project-EchoesofEquity\data/melspec\2029_ayf_t20.npy,2029,south_asian,younger,female,trustworthy,20,
C:\MyProjects\Project-Proposal\PrivateCoach\Project-EchoesofEquity\data/wav\2030_aym_n15.wav,C:\MyProjects\Project-Proposal\PrivateCoach\Project-EchoesofEquity\data/melspec\2030_aym_n15.npy,2030,south_asian,younger,male,neutral,15,
C:\MyProjects\Project-Proposal\PrivateCoach\Project-EchoesofEquity\data/wav\2030_aym_n16c.wav,C:\MyProjects\Project-Proposal\PrivateCoach\Project-EchoesofEquity\data/melspec\2030_aym_n16c.npy,2030,south_asian,younger,male,neutral,16,c
C:\MyProjects\Project-Proposal\PrivateCoach\Project-EchoesofEquity\data/wav\2030_aym_n17.wav,C:\MyProjects\Project-Proposal\PrivateCoach\Project-EchoesofEquity\data/melspec\2030_aym_n17.npy,2030,south_asian,younger,male,neutral,17,
C:\MyProjects\Project-Proposal\PrivateCoach\Project-EchoesofEquity\data/wav\2030_aym_n18c.wav,C:\MyProjects\Project-Proposal\PrivateCoach\Project-EchoesofEquity\data/melspec\2030_aym_n18c.npy,2030,south_asian,younger,male,neutral,18,c
C:\MyProjects\Project-Proposal\PrivateCoach\Project-EchoesofEquity\data/wav\2030_aym_n19c.wav,C:\MyProjects\Project-Proposal\PrivateCoach\Project-EchoesofEquity\data/melspec\2030_aym_n19c.npy,2030,south_asian,younger,male,neutral,19,c
C:\MyProjects\Project-Proposal\PrivateCoach\Project-EchoesofEquity\data/wav\2030_aym_n20c.wav,C:\MyProjects\Project-Proposal\PrivateCoach\Project-EchoesofEquity\data/melspec\2030_aym_n20c.npy,2030,south_asian,younger,male,neutral,20,c
C:\MyProjects\Project-Proposal\PrivateCoach\Project-EchoesofEquity\data/wav\2030_aym_t15.wav,C:\MyProjects\Project-Proposal\PrivateCoach\Project-EchoesofEquity\data/melspec\2030_aym_t15.npy,2030,south_asian,younger,male,trustworthy,15,
C:\MyProjects\Project-Proposal\PrivateCoach\Project-EchoesofEquity\data/wav\2030_aym_t16.wav,C:\MyProjects\Project-Proposal\PrivateCoach\Project-EchoesofEquity\data/melspec\2030_aym_t16.npy,2030,south_asian,younger,male,trustworthy,16,
C:\MyProjects\Project-Proposal\PrivateCoach\Project-EchoesofEquity\data/wav\2030_aym_t17.wav,C:\MyProjects\Project-Proposal\PrivateCoach\Project-EchoesofEquity\data/melspec\2030_aym_t17.npy,2030,south_asian,younger,male,trustworthy,17,
C:\MyProjects\Project-Proposal\PrivateCoach\Project-EchoesofEquity\data/wav\2030_aym_t18.wav,C:\MyProjects\Project-Proposal\PrivateCoach\Project-EchoesofEquity\data/melspec\2030_aym_t18.npy,2030,south_asian,younger,male,trustworthy,18,
C:\MyProjects\Project-Proposal\PrivateCoach\Project-EchoesofEquity\data/wav\2030_aym_t19.wav,C:\MyProjects\Project-Proposal\PrivateCoach\Project-EchoesofEquity\data/melspec\2030_aym_t19.npy,2030,south_asian,younger,male,trustworthy,19,
C:\MyProjects\Project-Proposal\PrivateCoach\Project-EchoesofEquity\data/wav\2030_aym_t20c.wav,C:\MyProjects\Project-Proposal\PrivateCoach\Project-EchoesofEquity\data/melspec\2030_aym_t20c.npy,2030,south_asian,younger,male,trustworthy,20,c
C:\MyProjects\Project-Proposal\PrivateCoach\Project-EchoesofEquity\data/wav\2034_aym_n01.wav,C:\MyProjects\Project-Proposal\PrivateCoach\Project-EchoesofEquity\data/melspec\2034_aym_n01.npy,2034,south_asian,younger,male,neutral,1,
C:\MyProjects\Project-Proposal\PrivateCoach\Project-EchoesofEquity\data/wav\2034_aym_n02c.wav,C:\MyProjects\Project-Proposal\PrivateCoach\Project-EchoesofEquity\data/melspec\2034_aym_n02c.npy,2034,south_asian,younger,male,neutral,2,c
C:\MyProjects\Project-Proposal\PrivateCoach\Project-EchoesofEquity\data/wav\2034_aym_n17.wav,C:\MyProjects\Project-Proposal\PrivateCoach\Project-EchoesofEquity\data/melspec\2034_aym_n17.npy,2034,south_asian,younger,male,neutral,17,
C:\MyProjects\Project-Proposal\PrivateCoach\Project-EchoesofEquity\data/wav\2034_aym_n18.wav,C:\MyProjects\Project-Proposal\PrivateCoach\Project-EchoesofEquity\data/melspec\2034_aym_n18.npy,2034,south_asian,younger,male,neutral,18,
C:\MyProjects\Project-Proposal\PrivateCoach\Project-EchoesofEquity\data/wav\2034_aym_n19.wav,C:\MyProjects\Project-Proposal\PrivateCoach\Project-EchoesofEquity\data/melspec\2034_aym_n19.npy,2034,south_asian,younger,male,neutral,19,
C:\MyProjects\Project-Proposal\PrivateCoach\Project-EchoesofEquity\data/wav\2034_aym_n20.wav,C:\MyProjects\Project-Proposal\PrivateCoach\Project-EchoesofEquity\data/melspec\2034_aym_n20.npy,2034,south_asian,younger,male,neutral,20,
C:\MyProjects\Project-Proposal\PrivateCoach\Project-EchoesofEquity\data/wav\2034_aym_t01c.wav,C:\MyProjects\Project-Proposal\PrivateCoach\Project-EchoesofEquity\data/melspec\2034_aym_t01c.npy,2034,south_asian,younger,male,trustworthy,1,c
C:\MyProjects\Project-Proposal\PrivateCoach\Project-EchoesofEquity\data/wav\2034_aym_t02.wav,C:\MyProjects\Project-Proposal\PrivateCoach\Project-EchoesofEquity\data/melspec\2034_aym_t02.npy,2034,south_asian,younger,male,trustworthy,2,
C:\MyProjects\Project-Proposal\PrivateCoach\Project-EchoesofEquity\data/wav\2034_aym_t17.wav,C:\MyProjects\Project-Proposal\PrivateCoach\Project-EchoesofEquity\data/melspec\2034_aym_t17.npy,2034,south_asian,younger,male,trustworthy,17,
C:\MyProjects\Project-Proposal\PrivateCoach\Project-EchoesofEquity\data/wav\2034_aym_t18.wav,C:\MyProjects\Project-Proposal\PrivateCoach\Project-EchoesofEquity\data/melspec\2034_aym_t18.npy,2034,south_asian,younger,male,trustworthy,18,
C:\MyProjects\Project-Proposal\PrivateCoach\Project-EchoesofEquity\data/wav\2034_aym_t19c.wav,C:\MyProjects\Project-Proposal\PrivateCoach\Project-EchoesofEquity\data/melspec\2034_aym_t19c.npy,2034,south_asian,younger,male,trustworthy,19,c
C:\MyProjects\Project-Proposal\PrivateCoach\Project-EchoesofEquity\data/wav\2034_aym_t20.wav,C:\MyProjects\Project-Proposal\PrivateCoach\Project-EchoesofEquity\data/melspec\2034_aym_t20.npy,2034,south_asian,younger,male,trustworthy,20,
C:\MyProjects\Project-Proposal\PrivateCoach\Project-EchoesofEquity\data/wav\2035_ayf_n01c.wav,C:\MyProjects\Project-Proposal\PrivateCoach\Project-EchoesofEquity\data/melspec\2035_ayf_n01c.npy,2035,south_asian,younger,female,neutral,1,c
C:\MyProjects\Project-Proposal\PrivateCoach\Project-EchoesofEquity\data/wav\2035_ayf_n02c.wav,C:\MyProjects\Project-Proposal\PrivateCoach\Project-EchoesofEquity\data/melspec\2035_ayf_n02c.npy,2035,south_asian,younger,female,neutral,2,c
C:\MyProjects\Project-Proposal\PrivateCoach\Project-EchoesofEquity\data/wav\2035_ayf_n17c.wav,C:\MyProjects\Project-Proposal\PrivateCoach\Project-EchoesofEquity\data/melspec\2035_ayf_n17c.npy,2035,south_asian,younger,female,neutral,17,c
C:\MyProjects\Project-Proposal\PrivateCoach\Project-EchoesofEquity\data/wav\2035_ayf_n18c.wav,C:\MyProjects\Project-Proposal\PrivateCoach\Project-EchoesofEquity\data/melspec\2035_ayf_n18c.npy,2035,south_asian,younger,female,neutral,18,c
C:\MyProjects\Project-Proposal\PrivateCoach\Project-EchoesofEquity\data/wav\2035_ayf_n19c.wav,C:\MyProjects\Project-Proposal\PrivateCoach\Project-EchoesofEquity\data/melspec\2035_ayf_n19c.npy,2035,south_asian,younger,female,neutral,19,c
C:\MyProjects\Project-Proposal\PrivateCoach\Project-EchoesofEquity\data/wav\2035_ayf_n20c.wav,C:\MyProjects\Project-Proposal\PrivateCoach\Project-EchoesofEquity\data/melspec\2035_ayf_n20c.npy,2035,south_asian,younger,female,neutral,20,c
C:\MyProjects\Project-Proposal\PrivateCoach\Project-EchoesofEquity\data/wav\2035_ayf_t01.wav,C:\MyProjects\Project-Proposal\PrivateCoach\Project-EchoesofEquity\data/melspec\2035_ayf_t01.npy,2035,south_asian,younger,female,trustworthy,1,
C:\MyProjects\Project-Proposal\PrivateCoach\Project-EchoesofEquity\data/wav\2035_ayf_t02.wav,C:\MyProjects\Project-Proposal\PrivateCoach\Project-EchoesofEquity\data/melspec\2035_ayf_t02.npy,2035,south_asian,younger,female,trustworthy,2,
C:\MyProjects\Project-Proposal\PrivateCoach\Project-EchoesofEquity\data/wav\2035_ayf_t17.wav,C:\MyProjects\Project-Proposal\PrivateCoach\Project-EchoesofEquity\data/melspec\2035_ayf_t17.npy,2035,south_asian,younger,female,trustworthy,17,
C:\MyProjects\Project-Proposal\PrivateCoach\Project-EchoesofEquity\data/wav\2035_ayf_t18.wav,C:\MyProjects\Project-Proposal\PrivateCoach\Project-EchoesofEquity\data/melspec\2035_ayf_t18.npy,2035,south_asian,younger,female,trustworthy,18,
C:\MyProjects\Project-Proposal\PrivateCoach\Project-EchoesofEquity\data/wav\2035_ayf_t19.wav,C:\MyProjects\Project-Proposal\PrivateCoach\Project-EchoesofEquity\data/melspec\2035_ayf_t19.npy,2035,south_asian,younger,female,trustworthy,19,
C:\MyProjects\Project-Proposal\PrivateCoach\Project-EchoesofEquity\data/wav\2035_ayf_t20.wav,C:\MyProjects\Project-Proposal\PrivateCoach\Project-EchoesofEquity\data/melspec\2035_ayf_t20.npy,2035,south_asian,younger,female,trustworthy,20,
C:\MyProjects\Project-Proposal\PrivateCoach\Project-EchoesofEquity\data/wav\2037_byf_n15c.wav,C:\MyProjects\Project-Proposal\PrivateCoach\Project-EchoesofEquity\data/melspec\2037_byf_n15c.npy,2037,black,younger,female,neutral,15,c
C:\MyProjects\Project-Proposal\PrivateCoach\Project-EchoesofEquity\data/wav\2037_byf_n16c.wav,C:\MyProjects\Project-Proposal\PrivateCoach\Project-EchoesofEquity\data/melspec\2037_byf_n16c.npy,2037,black,younger,female,neutral,16,c
C:\MyProjects\Project-Proposal\PrivateCoach\Project-EchoesofEquity\data/wav\2037_byf_n17c.wav,C:\MyProjects\Project-Proposal\PrivateCoach\Project-EchoesofEquity\data/melspec\2037_byf_n17c.npy,2037,black,younger,female,neutral,17,c
C:\MyProjects\Project-Proposal\PrivateCoach\Project-EchoesofEquity\data/wav\2037_byf_n18.wav,C:\MyProjects\Project-Proposal\PrivateCoach\Project-EchoesofEquity\data/melspec\2037_byf_n18.npy,2037,black,younger,female,neutral,18,
C:\MyProjects\Project-Proposal\PrivateCoach\Project-EchoesofEquity\data/wav\2037_byf_n19c.wav,C:\MyProjects\Project-Proposal\PrivateCoach\Project-EchoesofEquity\data/melspec\2037_byf_n19c.npy,2037,black,younger,female,neutral,19,c
C:\MyProjects\Project-Proposal\PrivateCoach\Project-EchoesofEquity\data/wav\2037_byf_n20.wav,C:\MyProjects\Project-Proposal\PrivateCoach\Project-EchoesofEquity\data/melspec\2037_byf_n20.npy,2037,black,younger,female,neutral,20,
C:\MyProjects\Project-Proposal\PrivateCoach\Project-EchoesofEquity\data/wav\2037_byf_t15.wav,C:\MyProjects\Project-Proposal\PrivateCoach\Project-EchoesofEquity\data/melspec\2037_byf_t15.npy,2037,black,younger,female,trustworthy,15,
C:\MyProjects\Project-Proposal\PrivateCoach\Project-EchoesofEquity\data/wav\2037_byf_t16.wav,C:\MyProjects\Project-Proposal\PrivateCoach\Project-EchoesofEquity\data/melspec\2037_byf_t16.npy,2037,black,younger,female,trustworthy,16,
C:\MyProjects\Project-Proposal\PrivateCoach\Project-EchoesofEquity\data/wav\2037_byf_t17c.wav,C:\MyProjects\Project-Proposal\PrivateCoach\Project-EchoesofEquity\data/melspec\2037_byf_t17c.npy,2037,black,younger,female,trustworthy,17,c
C:\MyProjects\Project-Proposal\PrivateCoach\Project-EchoesofEquity\data/wav\2037_byf_t18.wav,C:\MyProjects\Project-Proposal\PrivateCoach\Project-EchoesofEquity\data/melspec\2037_byf_t18.npy,2037,black,younger,female,trustworthy,18,
C:\MyProjects\Project-Proposal\PrivateCoach\Project-EchoesofEquity\data/wav\2037_byf_t19.wav,C:\MyProjects\Project-Proposal\PrivateCoach\Project-EchoesofEquity\data/melspec\2037_byf_t19.npy,2037,black,younger,female,trustworthy,19,
C:\MyProjects\Project-Proposal\PrivateCoach\Project-EchoesofEquity\data/wav\2037_byf_t20.wav,C:\MyProjects\Project-Proposal\PrivateCoach\Project-EchoesofEquity\data/melspec\2037_byf_t20.npy,2037,black,younger,female,trustworthy,20,
C:\MyProjects\Project-Proposal\PrivateCoach\Project-EchoesofEquity\data/wav\2041_byf_n01c.wav,C:\MyProjects\Project-Proposal\PrivateCoach\Project-EchoesofEquity\data/melspec\2041_byf_n01c.npy,2041,black,younger,female,neutral,1,c
C:\MyProjects\Project-Proposal\PrivateCoach\Project-EchoesofEquity\data/wav\2041_byf_n02.wav,C:\MyProjects\Project-Proposal\PrivateCoach\Project-EchoesofEquity\data/melspec\2041_byf_n02.npy,2041,black,younger,female,neutral,2,
C:\MyProjects\Project-Proposal\PrivateCoach\Project-EchoesofEquity\data/wav\2041_byf_n03c.wav,C:\MyProjects\Project-Proposal\PrivateCoach\Project-EchoesofEquity\data/melspec\2041_byf_n03c.npy,2041,black,younger,female,neutral,3,c
C:\MyProjects\Project-Proposal\PrivateCoach\Project-EchoesofEquity\data/wav\2041_byf_n04.wav,C:\MyProjects\Project-Proposal\PrivateCoach\Project-EchoesofEquity\data/melspec\2041_byf_n04.npy,2041,black,younger,female,neutral,4,
C:\MyProjects\Project-Proposal\PrivateCoach\Project-EchoesofEquity\data/wav\2041_byf_n19.wav,C:\MyProjects\Project-Proposal\PrivateCoach\Project-EchoesofEquity\data/melspec\2041_byf_n19.npy,2041,black,younger,female,neutral,19,
C:\MyProjects\Project-Proposal\PrivateCoach\Project-EchoesofEquity\data/wav\2041_byf_n20.wav,C:\MyProjects\Project-Proposal\PrivateCoach\Project-EchoesofEquity\data/melspec\2041_byf_n20.npy,2041,black,younger,female,neutral,20,
C:\MyProjects\Project-Proposal\PrivateCoach\Project-EchoesofEquity\data/wav\2041_byf_t01c.wav,C:\MyProjects\Project-Proposal\PrivateCoach\Project-EchoesofEquity\data/melspec\2041_byf_t01c.npy,2041,black,younger,female,trustworthy,1,c
C:\MyProjects\Project-Proposal\PrivateCoach\Project-EchoesofEquity\data/wav\2041_byf_t02.wav,C:\MyProjects\Project-Proposal\PrivateCoach\Project-EchoesofEquity\data/melspec\2041_byf_t02.npy,2041,black,younger,female,trustworthy,2,
C:\MyProjects\Project-Proposal\PrivateCoach\Project-EchoesofEquity\data/wav\2041_byf_t03c.wav,C:\MyProjects\Project-Proposal\PrivateCoach\Project-EchoesofEquity\data/melspec\2041_byf_t03c.npy,2041,black,younger,female,trustworthy,3,c
C:\MyProjects\Project-Proposal\PrivateCoach\Project-EchoesofEquity\data/wav\2041_byf_t04.wav,C:\MyProjects\Project-Proposal\PrivateCoach\Project-EchoesofEquity\data/melspec\2041_byf_t04.npy,2041,black,younger,female,trustworthy,4,
C:\MyProjects\Project-Proposal\PrivateCoach\Project-EchoesofEquity\data/wav\2041_byf_t19c.wav,C:\MyProjects\Project-Proposal\PrivateCoach\Project-EchoesofEquity\data/melspec\2041_byf_t19c.npy,2041,black,younger,female,trustworthy,19,c
C:\MyProjects\Project-Proposal\PrivateCoach\Project-EchoesofEquity\data/wav\2041_byf_t20c.wav,C:\MyProjects\Project-Proposal\PrivateCoach\Project-EchoesofEquity\data/melspec\2041_byf_t20c.npy,2041,black,younger,female,trustworthy,20,c
C:\MyProjects\Project-Proposal\PrivateCoach\Project-EchoesofEquity\data/wav\2043_bym_n01.wav,C:\MyProjects\Project-Proposal\PrivateCoach\Project-EchoesofEquity\data/melspec\2043_bym_n01.npy,2043,black,younger,male,neutral,1,
C:\MyProjects\Project-Proposal\PrivateCoach\Project-EchoesofEquity\data/wav\2043_bym_n02c.wav,C:\MyProjects\Project-Proposal\PrivateCoach\Project-EchoesofEquity\data/melspec\2043_bym_n02c.npy,2043,black,younger,male,neutral,2,c
C:\MyProjects\Project-Proposal\PrivateCoach\Project-EchoesofEquity\data/wav\2043_bym_n03c.wav,C:\MyProjects\Project-Proposal\PrivateCoach\Project-EchoesofEquity\data/melspec\2043_bym_n03c.npy,2043,black,younger,male,neutral,3,c
C:\MyProjects\Project-Proposal\PrivateCoach\Project-EchoesofEquity\data/wav\2043_bym_n04c.wav,C:\MyProjects\Project-Proposal\PrivateCoach\Project-EchoesofEquity\data/melspec\2043_bym_n04c.npy,2043,black,younger,male,neutral,4,c
C:\MyProjects\Project-Proposal\PrivateCoach\Project-EchoesofEquity\data/wav\2043_bym_n19.wav,C:\MyProjects\Project-Proposal\PrivateCoach\Project-EchoesofEquity\data/melspec\2043_bym_n19.npy,2043,black,younger,male,neutral,19,
C:\MyProjects\Project-Proposal\PrivateCoach\Project-EchoesofEquity\data/wav\2043_bym_n20c.wav,C:\MyProjects\Project-Proposal\PrivateCoach\Project-EchoesofEquity\data/melspec\2043_bym_n20c.npy,2043,black,younger,male,neutral,20,c
C:\MyProjects\Project-Proposal\PrivateCoach\Project-EchoesofEquity\data/wav\2043_bym_t01.wav,C:\MyProjects\Project-Proposal\PrivateCoach\Project-EchoesofEquity\data/melspec\2043_bym_t01.npy,2043,black,younger,male,trustworthy,1,
C:\MyProjects\Project-Proposal\PrivateCoach\Project-EchoesofEquity\data/wav\2043_bym_t02c.wav,C:\MyProjects\Project-Proposal\PrivateCoach\Project-EchoesofEquity\data/melspec\2043_bym_t02c.npy,2043,black,younger,male,trustworthy,2,c
C:\MyProjects\Project-Proposal\PrivateCoach\Project-EchoesofEquity\data/wav\2043_bym_t03.wav,C:\MyProjects\Project-Proposal\PrivateCoach\Project-EchoesofEquity\data/melspec\2043_bym_t03.npy,2043,black,younger,male,trustworthy,3,
C:\MyProjects\Project-Proposal\PrivateCoach\Project-EchoesofEquity\data/wav\2043_bym_t04.wav,C:\MyProjects\Project-Proposal\PrivateCoach\Project-EchoesofEquity\data/melspec\2043_bym_t04.npy,2043,black,younger,male,trustworthy,4,
C:\MyProjects\Project-Proposal\PrivateCoach\Project-EchoesofEquity\data/wav\2043_bym_t19.wav,C:\MyProjects\Project-Proposal\PrivateCoach\Project-EchoesofEquity\data/melspec\2043_bym_t19.npy,2043,black,younger,male,trustworthy,19,
C:\MyProjects\Project-Proposal\PrivateCoach\Project-EchoesofEquity\data/wav\2043_bym_t20.wav,C:\MyProjects\Project-Proposal\PrivateCoach\Project-EchoesofEquity\data/melspec\2043_bym_t20.npy,2043,black,younger,male,trustworthy,20,
C:\MyProjects\Project-Proposal\PrivateCoach\Project-EchoesofEquity\data/wav\2044_ayf_n01.wav,C:\MyProjects\Project-Proposal\PrivateCoach\Project-EchoesofEquity\data/melspec\2044_ayf_n01.npy,2044,south_asian,younger,female,neutral,1,
C:\MyProjects\Project-Proposal\PrivateCoach\Project-EchoesofEquity\data/wav\2044_ayf_n02.wav,C:\MyProjects\Project-Proposal\PrivateCoach\Project-EchoesofEquity\data/melspec\2044_ayf_n02.npy,2044,south_asian,younger,female,neutral,2,
C:\MyProjects\Project-Proposal\PrivateCoach\Project-EchoesofEquity\data/wav\2044_ayf_n03.wav,C:\MyProjects\Project-Proposal\PrivateCoach\Project-EchoesofEquity\data/melspec\2044_ayf_n03.npy,2044,south_asian,younger,female,neutral,3,
C:\MyProjects\Project-Proposal\PrivateCoach\Project-EchoesofEquity\data/wav\2044_ayf_n04.wav,C:\MyProjects\Project-Proposal\PrivateCoach\Project-EchoesofEquity\data/melspec\2044_ayf_n04.npy,2044,south_asian,younger,female,neutral,4,
C:\MyProjects\Project-Proposal\PrivateCoach\Project-EchoesofEquity\data/wav\2044_ayf_n19.wav,C:\MyProjects\Project-Proposal\PrivateCoach\Project-EchoesofEquity\data/melspec\2044_ayf_n19.npy,2044,south_asian,younger,female,neutral,19,
C:\MyProjects\Project-Proposal\PrivateCoach\Project-EchoesofEquity\data/wav\2044_ayf_n20.wav,C:\MyProjects\Project-Proposal\PrivateCoach\Project-EchoesofEquity\data/melspec\2044_ayf_n20.npy,2044,south_asian,younger,female,neutral,20,
C:\MyProjects\Project-Proposal\PrivateCoach\Project-EchoesofEquity\data/wav\2044_ayf_t01.wav,C:\MyProjects\Project-Proposal\PrivateCoach\Project-EchoesofEquity\data/melspec\2044_ayf_t01.npy,2044,south_asian,younger,female,trustworthy,1,
C:\MyProjects\Project-Proposal\PrivateCoach\Project-EchoesofEquity\data/wav\2044_ayf_t02.wav,C:\MyProjects\Project-Proposal\PrivateCoach\Project-EchoesofEquity\data/melspec\2044_ayf_t02.npy,2044,south_asian,younger,female,trustworthy,2,
C:\MyProjects\Project-Proposal\PrivateCoach\Project-EchoesofEquity\data/wav\2044_ayf_t03.wav,C:\MyProjects\Project-Proposal\PrivateCoach\Project-EchoesofEquity\data/melspec\2044_ayf_t03.npy,2044,south_asian,younger,female,trustworthy,3,
C:\MyProjects\Project-Proposal\PrivateCoach\Project-EchoesofEquity\data/wav\2044_ayf_t04c.wav,C:\MyProjects\Project-Proposal\PrivateCoach\Project-EchoesofEquity\data/melspec\2044_ayf_t04c.npy,2044,south_asian,younger,female,trustworthy,4,c
C:\MyProjects\Project-Proposal\PrivateCoach\Project-EchoesofEquity\data/wav\2044_ayf_t19.wav,C:\MyProjects\Project-Proposal\PrivateCoach\Project-EchoesofEquity\data/melspec\2044_ayf_t19.npy,2044,south_asian,younger,female,trustworthy,19,
C:\MyProjects\Project-Proposal\PrivateCoach\Project-EchoesofEquity\data/wav\2044_ayf_t20.wav,C:\MyProjects\Project-Proposal\PrivateCoach\Project-EchoesofEquity\data/melspec\2044_ayf_t20.npy,2044,south_asian,younger,female,trustworthy,20,
C:\MyProjects\Project-Proposal\PrivateCoach\Project-EchoesofEquity\data/wav\2188_aom_n07c.wav,C:\MyProjects\Project-Proposal\PrivateCoach\Project-EchoesofEquity\data/melspec\2188_aom_n07c.npy,2188,south_asian,older,male,neutral,7,c
C:\MyProjects\Project-Proposal\PrivateCoach\Project-EchoesofEquity\data/wav\2188_aom_n08c.wav,C:\MyProjects\Project-Proposal\PrivateCoach\Project-EchoesofEquity\data/melspec\2188_aom_n08c.npy,2188,south_asian,older,male,neutral,8,c
C:\MyProjects\Project-Proposal\PrivateCoach\Project-EchoesofEquity\data/wav\2188_aom_n09.wav,C:\MyProjects\Project-Proposal\PrivateCoach\Project-EchoesofEquity\data/melspec\2188_aom_n09.npy,2188,south_asian,older,male,neutral,9,
C:\MyProjects\Project-Proposal\PrivateCoach\Project-EchoesofEquity\data/wav\2188_aom_n10.wav,C:\MyProjects\Project-Proposal\PrivateCoach\Project-EchoesofEquity\data/melspec\2188_aom_n10.npy,2188,south_asian,older,male,neutral,10,
C:\MyProjects\Project-Proposal\PrivateCoach\Project-EchoesofEquity\data/wav\2188_aom_n11c.wav,C:\MyProjects\Project-Proposal\PrivateCoach\Project-EchoesofEquity\data/melspec\2188_aom_n11c.npy,2188,south_asian,older,male,neutral,11,c
C:\MyProjects\Project-Proposal\PrivateCoach\Project-EchoesofEquity\data/wav\2188_aom_n12c.wav,C:\MyProjects\Project-Proposal\PrivateCoach\Project-EchoesofEquity\data/melspec\2188_aom_n12c.npy,2188,south_asian,older,male,neutral,12,c
C:\MyProjects\Project-Proposal\PrivateCoach\Project-EchoesofEquity\data/wav\2188_aom_t07.wav,C:\MyProjects\Project-Proposal\PrivateCoach\Project-EchoesofEquity\data/melspec\2188_aom_t07.npy,2188,south_asian,older,male,trustworthy,7,
C:\MyProjects\Project-Proposal\PrivateCoach\Project-EchoesofEquity\data/wav\2188_aom_t08.wav,C:\MyProjects\Project-Proposal\PrivateCoach\Project-EchoesofEquity\data/melspec\2188_aom_t08.npy,2188,south_asian,older,male,trustworthy,8,
C:\MyProjects\Project-Proposal\PrivateCoach\Project-EchoesofEquity\data/wav\2188_aom_t09.wav,C:\MyProjects\Project-Proposal\PrivateCoach\Project-EchoesofEquity\data/melspec\2188_aom_t09.npy,2188,south_asian,older,male,trustworthy,9,
C:\MyProjects\Project-Proposal\PrivateCoach\Project-EchoesofEquity\data/wav\2188_aom_t10.wav,C:\MyProjects\Project-Proposal\PrivateCoach\Project-EchoesofEquity\data/melspec\2188_aom_t10.npy,2188,south_asian,older,male,trustworthy,10,
C:\MyProjects\Project-Proposal\PrivateCoach\Project-EchoesofEquity\data/wav\2188_aom_t11c.wav,C:\MyProjects\Project-Proposal\PrivateCoach\Project-EchoesofEquity\data/melspec\2188_aom_t11c.npy,2188,south_asian,older,male,trustworthy,11,c
C:\MyProjects\Project-Proposal\PrivateCoach\Project-EchoesofEquity\data/wav\2188_aom_t12c.wav,C:\MyProjects\Project-Proposal\PrivateCoach\Project-EchoesofEquity\data/melspec\2188_aom_t12c.npy,2188,south_asian,older,male,trustworthy,12,c
C:\MyProjects\Project-Proposal\PrivateCoach\Project-EchoesofEquity\data/wav\2213_bom_n07.wav,C:\MyProjects\Project-Proposal\PrivateCoach\Project-EchoesofEquity\data/melspec\2213_bom_n07.npy,2213,black,older,male,neutral,7,
C:\MyProjects\Project-Proposal\PrivateCoach\Project-EchoesofEquity\data/wav\2213_bom_n08.wav,C:\MyProjects\Project-Proposal\PrivateCoach\Project-EchoesofEquity\data/melspec\2213_bom_n08.npy,2213,black,older,male,neutral,8,
C:\MyProjects\Project-Proposal\PrivateCoach\Project-EchoesofEquity\data/wav\2213_bom_n09.wav,C:\MyProjects\Project-Proposal\PrivateCoach\Project-EchoesofEquity\data/melspec\2213_bom_n09.npy,2213,black,older,male,neutral,9,
C:\MyProjects\Project-Proposal\PrivateCoach\Project-EchoesofEquity\data/wav\2213_bom_n10.wav,C:\MyProjects\Project-Proposal\PrivateCoach\Project-EchoesofEquity\data/melspec\2213_bom_n10.npy,2213,black,older,male,neutral,10,
C:\MyProjects\Project-Proposal\PrivateCoach\Project-EchoesofEquity\data/wav\2213_bom_n11.wav,C:\MyProjects\Project-Proposal\PrivateCoach\Project-EchoesofEquity\data/melspec\2213_bom_n11.npy,2213,black,older,male,neutral,11,
C:\MyProjects\Project-Proposal\PrivateCoach\Project-EchoesofEquity\data/wav\2213_bom_n12.wav,C:\MyProjects\Project-Proposal\PrivateCoach\Project-EchoesofEquity\data/melspec\2213_bom_n12.npy,2213,black,older,male,neutral,12,
C:\MyProjects\Project-Proposal\PrivateCoach\Project-EchoesofEquity\data/wav\2213_bom_t07.wav,C:\MyProjects\Project-Proposal\PrivateCoach\Project-EchoesofEquity\data/melspec\2213_bom_t07.npy,2213,black,older,male,trustworthy,7,
C:\MyProjects\Project-Proposal\PrivateCoach\Project-EchoesofEquity\data/wav\2213_bom_t08.wav,C:\MyProjects\Project-Proposal\PrivateCoach\Project-EchoesofEquity\data/melspec\2213_bom_t08.npy,2213,black,older,male,trustworthy,8,
C:\MyProjects\Project-Proposal\PrivateCoach\Project-EchoesofEquity\data/wav\2213_bom_t09.wav,C:\MyProjects\Project-Proposal\PrivateCoach\Project-EchoesofEquity\data/melspec\2213_bom_t09.npy,2213,black,older,male,trustworthy,9,
C:\MyProjects\Project-Proposal\PrivateCoach\Project-EchoesofEquity\data/wav\2213_bom_t10.wav,C:\MyProjects\Project-Proposal\PrivateCoach\Project-EchoesofEquity\data/melspec\2213_bom_t10.npy,2213,black,older,male,trustworthy,10,
C:\MyProjects\Project-Proposal\PrivateCoach\Project-EchoesofEquity\data/wav\2213_bom_t11.wav,C:\MyProjects\Project-Proposal\PrivateCoach\Project-EchoesofEquity\data/melspec\2213_bom_t11.npy,2213,black,older,male,trustworthy,11,
C:\MyProjects\Project-Proposal\PrivateCoach\Project-EchoesofEquity\data/wav\2213_bom_t12.wav,C:\MyProjects\Project-Proposal\PrivateCoach\Project-EchoesofEquity\data/melspec\2213_bom_t12.npy,2213,black,older,male,trustworthy,12,
C:\MyProjects\Project-Proposal\PrivateCoach\Project-EchoesofEquity\data/wav\2230_bof_n01.wav,C:\MyProjects\Project-Proposal\PrivateCoach\Project-EchoesofEquity\data/melspec\2230_bof_n01.npy,2230,black,older,female,neutral,1,
C:\MyProjects\Project-Proposal\PrivateCoach\Project-EchoesofEquity\data/wav\2230_bof_n02c.wav,C:\MyProjects\Project-Proposal\PrivateCoach\Project-EchoesofEquity\data/melspec\2230_bof_n02c.npy,2230,black,older,female,neutral,2,c
C:\MyProjects\Project-Proposal\PrivateCoach\Project-EchoesofEquity\data/wav\2230_bof_n03c.wav,C:\MyProjects\Project-Proposal\PrivateCoach\Project-EchoesofEquity\data/melspec\2230_bof_n03c.npy,2230,black,older,female,neutral,3,c
C:\MyProjects\Project-Proposal\PrivateCoach\Project-EchoesofEquity\data/wav\2230_bof_n04.wav,C:\MyProjects\Project-Proposal\PrivateCoach\Project-EchoesofEquity\data/melspec\2230_bof_n04.npy,2230,black,older,female,neutral,4,
C:\MyProjects\Project-Proposal\PrivateCoach\Project-EchoesofEquity\data/wav\2230_bof_n05c.wav,C:\MyProjects\Project-Proposal\PrivateCoach\Project-EchoesofEquity\data/melspec\2230_bof_n05c.npy,2230,black,older,female,neutral,5,c
C:\MyProjects\Project-Proposal\PrivateCoach\Project-EchoesofEquity\data/wav\2230_bof_n06.wav,C:\MyProjects\Project-Proposal\PrivateCoach\Project-EchoesofEquity\data/melspec\2230_bof_n06.npy,2230,black,older,female,neutral,6,
C:\MyProjects\Project-Proposal\PrivateCoach\Project-EchoesofEquity\data/wav\2230_bof_t01.wav,C:\MyProjects\Project-Proposal\PrivateCoach\Project-EchoesofEquity\data/melspec\2230_bof_t01.npy,2230,black,older,female,trustworthy,1,
C:\MyProjects\Project-Proposal\PrivateCoach\Project-EchoesofEquity\data/wav\2230_bof_t02c.wav,C:\MyProjects\Project-Proposal\PrivateCoach\Project-EchoesofEquity\data/melspec\2230_bof_t02c.npy,2230,black,older,female,trustworthy,2,c
C:\MyProjects\Project-Proposal\PrivateCoach\Project-EchoesofEquity\data/wav\2230_bof_t03.wav,C:\MyProjects\Project-Proposal\PrivateCoach\Project-EchoesofEquity\data/melspec\2230_bof_t03.npy,2230,black,older,female,trustworthy,3,
C:\MyProjects\Project-Proposal\PrivateCoach\Project-EchoesofEquity\data/wav\2230_bof_t04.wav,C:\MyProjects\Project-Proposal\PrivateCoach\Project-EchoesofEquity\data/melspec\2230_bof_t04.npy,2230,black,older,female,trustworthy,4,
C:\MyProjects\Project-Proposal\PrivateCoach\Project-EchoesofEquity\data/wav\2230_bof_t05c.wav,C:\MyProjects\Project-Proposal\PrivateCoach\Project-EchoesofEquity\data/melspec\2230_bof_t05c.npy,2230,black,older,female,trustworthy,5,c
C:\MyProjects\Project-Proposal\PrivateCoach\Project-EchoesofEquity\data/wav\2230_bof_t06c.wav,C:\MyProjects\Project-Proposal\PrivateCoach\Project-EchoesofEquity\data/melspec\2230_bof_t06c.npy,2230,black,older,female,trustworthy,6,c
C:\MyProjects\Project-Proposal\PrivateCoach\Project-EchoesofEquity\data/wav\2233_bom_n05.wav,C:\MyProjects\Project-Proposal\PrivateCoach\Project-EchoesofEquity\data/melspec\2233_bom_n05.npy,2233,black,older,male,neutral,5,
C:\MyProjects\Project-Proposal\PrivateCoach\Project-EchoesofEquity\data/wav\2233_bom_n06c.wav,C:\MyProjects\Project-Proposal\PrivateCoach\Project-EchoesofEquity\data/melspec\2233_bom_n06c.npy,2233,black,older,male,neutral,6,c
C:\MyProjects\Project-Proposal\PrivateCoach\Project-EchoesofEquity\data/wav\2233_bom_n07.wav,C:\MyProjects\Project-Proposal\PrivateCoach\Project-EchoesofEquity\data/melspec\2233_bom_n07.npy,2233,black,older,male,neutral,7,
C:\MyProjects\Project-Proposal\PrivateCoach\Project-EchoesofEquity\data/wav\2233_bom_n08c.wav,C:\MyProjects\Project-Proposal\PrivateCoach\Project-EchoesofEquity\data/melspec\2233_bom_n08c.npy,2233,black,older,male,neutral,8,c
C:\MyProjects\Project-Proposal\PrivateCoach\Project-EchoesofEquity\data/wav\2233_bom_n09c.wav,C:\MyProjects\Project-Proposal\PrivateCoach\Project-EchoesofEquity\data/melspec\2233_bom_n09c.npy,2233,black,older,male,neutral,9,c
C:\MyProjects\Project-Proposal\PrivateCoach\Project-EchoesofEquity\data/wav\2233_bom_n10c.wav,C:\MyProjects\Project-Proposal\PrivateCoach\Project-EchoesofEquity\data/melspec\2233_bom_n10c.npy,2233,black,older,male,neutral,10,c
C:\MyProjects\Project-Proposal\PrivateCoach\Project-EchoesofEquity\data/wav\2233_bom_t05.wav,C:\MyProjects\Project-Proposal\PrivateCoach\Project-EchoesofEquity\data/melspec\2233_bom_t05.npy,2233,black,older,male,trustworthy,5,
C:\MyProjects\Project-Proposal\PrivateCoach\Project-EchoesofEquity\data/wav\2233_bom_t06c.wav,C:\MyProjects\Project-Proposal\PrivateCoach\Project-EchoesofEquity\data/melspec\2233_bom_t06c.npy,2233,black,older,male,trustworthy,6,c
C:\MyProjects\Project-Proposal\PrivateCoach\Project-EchoesofEquity\data/wav\2233_bom_t07c.wav,C:\MyProjects\Project-Proposal\PrivateCoach\Project-EchoesofEquity\data/melspec\2233_bom_t07c.npy,2233,black,older,male,trustworthy,7,c
C:\MyProjects\Project-Proposal\PrivateCoach\Project-EchoesofEquity\data/wav\2233_bom_t08.wav,C:\MyProjects\Project-Proposal\PrivateCoach\Project-EchoesofEquity\data/melspec\2233_bom_t08.npy,2233,black,older,male,trustworthy,8,
C:\MyProjects\Project-Proposal\PrivateCoach\Project-EchoesofEquity\data/wav\2233_bom_t09.wav,C:\MyProjects\Project-Proposal\PrivateCoach\Project-EchoesofEquity\data/melspec\2233_bom_t09.npy,2233,black,older,male,trustworthy,9,
C:\MyProjects\Project-Proposal\PrivateCoach\Project-EchoesofEquity\data/wav\2233_bom_t10c.wav,C:\MyProjects\Project-Proposal\PrivateCoach\Project-EchoesofEquity\data/melspec\2233_bom_t10c.npy,2233,black,older,male,trustworthy,10,c
C:\MyProjects\Project-Proposal\PrivateCoach\Project-EchoesofEquity\data/wav\2240_bof_n07.wav,C:\MyProjects\Project-Proposal\PrivateCoach\Project-EchoesofEquity\data/melspec\2240_bof_n07.npy,2240,black,older,female,neutral,7,
C:\MyProjects\Project-Proposal\PrivateCoach\Project-EchoesofEquity\data/wav\2240_bof_n08.wav,C:\MyProjects\Project-Proposal\PrivateCoach\Project-EchoesofEquity\data/melspec\2240_bof_n08.npy,2240,black,older,female,neutral,8,
C:\MyProjects\Project-Proposal\PrivateCoach\Project-EchoesofEquity\data/wav\2240_bof_n09.wav,C:\MyProjects\Project-Proposal\PrivateCoach\Project-EchoesofEquity\data/melspec\2240_bof_n09.npy,2240,black,older,female,neutral,9,
C:\MyProjects\Project-Proposal\PrivateCoach\Project-EchoesofEquity\data/wav\2240_bof_n10.wav,C:\MyProjects\Project-Proposal\PrivateCoach\Project-EchoesofEquity\data/melspec\2240_bof_n10.npy,2240,black,older,female,neutral,10,
C:\MyProjects\Project-Proposal\PrivateCoach\Project-EchoesofEquity\data/wav\2240_bof_n11.wav,C:\MyProjects\Project-Proposal\PrivateCoach\Project-EchoesofEquity\data/melspec\2240_bof_n11.npy,2240,black,older,female,neutral,11,
C:\MyProjects\Project-Proposal\PrivateCoach\Project-EchoesofEquity\data/wav\2240_bof_n12.wav,C:\MyProjects\Project-Proposal\PrivateCoach\Project-EchoesofEquity\data/melspec\2240_bof_n12.npy,2240,black,older,female,neutral,12,
C:\MyProjects\Project-Proposal\PrivateCoach\Project-EchoesofEquity\data/wav\2240_bof_t07.wav,C:\MyProjects\Project-Proposal\PrivateCoach\Project-EchoesofEquity\data/melspec\2240_bof_t07.npy,2240,black,older,female,trustworthy,7,
C:\MyProjects\Project-Proposal\PrivateCoach\Project-EchoesofEquity\data/wav\2240_bof_t08.wav,C:\MyProjects\Project-Proposal\PrivateCoach\Project-EchoesofEquity\data/melspec\2240_bof_t08.npy,2240,black,older,female,trustworthy,8,
C:\MyProjects\Project-Proposal\PrivateCoach\Project-EchoesofEquity\data/wav\2240_bof_t09.wav,C:\MyProjects\Project-Proposal\PrivateCoach\Project-EchoesofEquity\data/melspec\2240_bof_t09.npy,2240,black,older,female,trustworthy,9,
C:\MyProjects\Project-Proposal\PrivateCoach\Project-EchoesofEquity\data/wav\2240_bof_t10.wav,C:\MyProjects\Project-Proposal\PrivateCoach\Project-EchoesofEquity\data/melspec\2240_bof_t10.npy,2240,black,older,female,trustworthy,10,
C:\MyProjects\Project-Proposal\PrivateCoach\Project-EchoesofEquity\data/wav\2240_bof_t11.wav,C:\MyProjects\Project-Proposal\PrivateCoach\Project-EchoesofEquity\data/melspec\2240_bof_t11.npy,2240,black,older,female,trustworthy,11,
C:\MyProjects\Project-Proposal\PrivateCoach\Project-EchoesofEquity\data/wav\2240_bof_t12.wav,C:\MyProjects\Project-Proposal\PrivateCoach\Project-EchoesofEquity\data/melspec\2240_bof_t12.npy,2240,black,older,female,trustworthy,12,
C:\MyProjects\Project-Proposal\PrivateCoach\Project-EchoesofEquity\data/wav\2241_aom_n09.wav,C:\MyProjects\Project-Proposal\PrivateCoach\Project-EchoesofEquity\data/melspec\2241_aom_n09.npy,2241,south_asian,older,male,neutral,9,
C:\MyProjects\Project-Proposal\PrivateCoach\Project-EchoesofEquity\data/wav\2241_aom_n10.wav,C:\MyProjects\Project-Proposal\PrivateCoach\Project-EchoesofEquity\data/melspec\2241_aom_n10.npy,2241,south_asian,older,male,neutral,10,
C:\MyProjects\Project-Proposal\PrivateCoach\Project-EchoesofEquity\data/wav\2241_aom_n11.wav,C:\MyProjects\Project-Proposal\PrivateCoach\Project-EchoesofEquity\data/melspec\2241_aom_n11.npy,2241,south_asian,older,male,neutral,11,
C:\MyProjects\Project-Proposal\PrivateCoach\Project-EchoesofEquity\data/wav\2241_aom_n12.wav,C:\MyProjects\Project-Proposal\PrivateCoach\Project-EchoesofEquity\data/melspec\2241_aom_n12.npy,2241,south_asian,older,male,neutral,12,
C:\MyProjects\Project-Proposal\PrivateCoach\Project-EchoesofEquity\data/wav\2241_aom_n13.wav,C:\MyProjects\Project-Proposal\PrivateCoach\Project-EchoesofEquity\data/melspec\2241_aom_n13.npy,2241,south_asian,older,male,neutral,13,
C:\MyProjects\Project-Proposal\PrivateCoach\Project-EchoesofEquity\data/wav\2241_aom_n14.wav,C:\MyProjects\Project-Proposal\PrivateCoach\Project-EchoesofEquity\data/melspec\2241_aom_n14.npy,2241,south_asian,older,male,neutral,14,
C:\MyProjects\Project-Proposal\PrivateCoach\Project-EchoesofEquity\data/wav\2241_aom_t09.wav,C:\MyProjects\Project-Proposal\PrivateCoach\Project-EchoesofEquity\data/melspec\2241_aom_t09.npy,2241,south_asian,older,male,trustworthy,9,
C:\MyProjects\Project-Proposal\PrivateCoach\Project-EchoesofEquity\data/wav\2241_aom_t10.wav,C:\MyProjects\Project-Proposal\PrivateCoach\Project-EchoesofEquity\data/melspec\2241_aom_t10.npy,2241,south_asian,older,male,trustworthy,10,
C:\MyProjects\Project-Proposal\PrivateCoach\Project-EchoesofEquity\data/wav\2241_aom_t11.wav,C:\MyProjects\Project-Proposal\PrivateCoach\Project-EchoesofEquity\data/melspec\2241_aom_t11.npy,2241,south_asian,older,male,trustworthy,11,
C:\MyProjects\Project-Proposal\PrivateCoach\Project-EchoesofEquity\data/wav\2241_aom_t12.wav,C:\MyProjects\Project-Proposal\PrivateCoach\Project-EchoesofEquity\data/melspec\2241_aom_t12.npy,2241,south_asian,older,male,trustworthy,12,
C:\MyProjects\Project-Proposal\PrivateCoach\Project-EchoesofEquity\data/wav\2241_aom_t13.wav,C:\MyProjects\Project-Proposal\PrivateCoach\Project-EchoesofEquity\data/melspec\2241_aom_t13.npy,2241,south_asian,older,male,trustworthy,13,
C:\MyProjects\Project-Proposal\PrivateCoach\Project-EchoesofEquity\data/wav\2241_aom_t14.wav,C:\MyProjects\Project-Proposal\PrivateCoach\Project-EchoesofEquity\data/melspec\2241_aom_t14.npy,2241,south_asian,older,male,trustworthy,14,
C:\MyProjects\Project-Proposal\PrivateCoach\Project-EchoesofEquity\data/wav\2244_bof_n03.wav,C:\MyProjects\Project-Proposal\PrivateCoach\Project-EchoesofEquity\data/melspec\2244_bof_n03.npy,2244,black,older,female,neutral,3,
C:\MyProjects\Project-Proposal\PrivateCoach\Project-EchoesofEquity\data/wav\2244_bof_n06.wav,C:\MyProjects\Project-Proposal\PrivateCoach\Project-EchoesofEquity\data/melspec\2244_bof_n06.npy,2244,black,older,female,neutral,6,
C:\MyProjects\Project-Proposal\PrivateCoach\Project-EchoesofEquity\data/wav\2244_bof_n08.wav,C:\MyProjects\Project-Proposal\PrivateCoach\Project-EchoesofEquity\data/melspec\2244_bof_n08.npy,2244,black,older,female,neutral,8,
C:\MyProjects\Project-Proposal\PrivateCoach\Project-EchoesofEquity\data/wav\2244_bof_n11.wav,C:\MyProjects\Project-Proposal\PrivateCoach\Project-EchoesofEquity\data/melspec\2244_bof_n11.npy,2244,black,older,female,neutral,11,
C:\MyProjects\Project-Proposal\PrivateCoach\Project-EchoesofEquity\data/wav\2244_bof_n12c.wav,C:\MyProjects\Project-Proposal\PrivateCoach\Project-EchoesofEquity\data/melspec\2244_bof_n12c.npy,2244,black,older,female,neutral,12,c
C:\MyProjects\Project-Proposal\PrivateCoach\Project-EchoesofEquity\data/wav\2244_bof_n13c.wav,C:\MyProjects\Project-Proposal\PrivateCoach\Project-EchoesofEquity\data/melspec\2244_bof_n13c.npy,2244,black,older,female,neutral,13,c
C:\MyProjects\Project-Proposal\PrivateCoach\Project-EchoesofEquity\data/wav\2244_bof_t03.wav,C:\MyProjects\Project-Proposal\PrivateCoach\Project-EchoesofEquity\data/melspec\2244_bof_t03.npy,2244,black,older,female,trustworthy,3,
C:\MyProjects\Project-Proposal\PrivateCoach\Project-EchoesofEquity\data/wav\2244_bof_t06c.wav,C:\MyProjects\Project-Proposal\PrivateCoach\Project-EchoesofEquity\data/melspec\2244_bof_t06c.npy,2244,black,older,female,trustworthy,6,c
C:\MyProjects\Project-Proposal\PrivateCoach\Project-EchoesofEquity\data/wav\2244_bof_t08.wav,C:\MyProjects\Project-Proposal\PrivateCoach\Project-EchoesofEquity\data/melspec\2244_bof_t08.npy,2244,black,older,female,trustworthy,8,
C:\MyProjects\Project-Proposal\PrivateCoach\Project-EchoesofEquity\data/wav\2244_bof_t11.wav,C:\MyProjects\Project-Proposal\PrivateCoach\Project-EchoesofEquity\data/melspec\2244_bof_t11.npy,2244,black,older,female,trustworthy,11,
C:\MyProjects\Project-Proposal\PrivateCoach\Project-EchoesofEquity\data/wav\2244_bof_t12.wav,C:\MyProjects\Project-Proposal\PrivateCoach\Project-EchoesofEquity\data/melspec\2244_bof_t12.npy,2244,black,older,female,trustworthy,12,
C:\MyProjects\Project-Proposal\PrivateCoach\Project-EchoesofEquity\data/wav\2244_bof_t13c.wav,C:\MyProjects\Project-Proposal\PrivateCoach\Project-EchoesofEquity\data/melspec\2244_bof_t13c.npy,2244,black,older,female,trustworthy,13,c
C:\MyProjects\Project-Proposal\PrivateCoach\Project-EchoesofEquity\data/wav\2254_aom_n05.wav,C:\MyProjects\Project-Proposal\PrivateCoach\Project-EchoesofEquity\data/melspec\2254_aom_n05.npy,2254,south_asian,older,male,neutral,5,
C:\MyProjects\Project-Proposal\PrivateCoach\Project-EchoesofEquity\data/wav\2254_aom_n06.wav,C:\MyProjects\Project-Proposal\PrivateCoach\Project-EchoesofEquity\data/melspec\2254_aom_n06.npy,2254,south_asian,older,male,neutral,6,
C:\MyProjects\Project-Proposal\PrivateCoach\Project-EchoesofEquity\data/wav\2254_aom_n07.wav,C:\MyProjects\Project-Proposal\PrivateCoach\Project-EchoesofEquity\data/melspec\2254_aom_n07.npy,2254,south_asian,older,male,neutral,7,
C:\MyProjects\Project-Proposal\PrivateCoach\Project-EchoesofEquity\data/wav\2254_aom_n08.wav,C:\MyProjects\Project-Proposal\PrivateCoach\Project-EchoesofEquity\data/melspec\2254_aom_n08.npy,2254,south_asian,older,male,neutral,8,
C:\MyProjects\Project-Proposal\PrivateCoach\Project-EchoesofEquity\data/wav\2254_aom_n09.wav,C:\MyProjects\Project-Proposal\PrivateCoach\Project-EchoesofEquity\data/melspec\2254_aom_n09.npy,2254,south_asian,older,male,neutral,9,
C:\MyProjects\Project-Proposal\PrivateCoach\Project-EchoesofEquity\data/wav\2254_aom_n10.wav,C:\MyProjects\Project-Proposal\PrivateCoach\Project-EchoesofEquity\data/melspec\2254_aom_n10.npy,2254,south_asian,older,male,neutral,10,
C:\MyProjects\Project-Proposal\PrivateCoach\Project-EchoesofEquity\data/wav\2254_aom_t05.wav,C:\MyProjects\Project-Proposal\PrivateCoach\Project-EchoesofEquity\data/melspec\2254_aom_t05.npy,2254,south_asian,older,male,trustworthy,5,
C:\MyProjects\Project-Proposal\PrivateCoach\Project-EchoesofEquity\data/wav\2254_aom_t06.wav,C:\MyProjects\Project-Proposal\PrivateCoach\Project-EchoesofEquity\data/melspec\2254_aom_t06.npy,2254,south_asian,older,male,trustworthy,6,
C:\MyProjects\Project-Proposal\PrivateCoach\Project-EchoesofEquity\data/wav\2254_aom_t07.wav,C:\MyProjects\Project-Proposal\PrivateCoach\Project-EchoesofEquity\data/melspec\2254_aom_t07.npy,2254,south_asian,older,male,trustworthy,7,
C:\MyProjects\Project-Proposal\PrivateCoach\Project-EchoesofEquity\data/wav\2254_aom_t08.wav,C:\MyProjects\Project-Proposal\PrivateCoach\Project-EchoesofEquity\data/melspec\2254_aom_t08.npy,2254,south_asian,older,male,trustworthy,8,
C:\MyProjects\Project-Proposal\PrivateCoach\Project-EchoesofEquity\data/wav\2254_aom_t09.wav,C:\MyProjects\Project-Proposal\PrivateCoach\Project-EchoesofEquity\data/melspec\2254_aom_t09.npy,2254,south_asian,older,male,trustworthy,9,
C:\MyProjects\Project-Proposal\PrivateCoach\Project-EchoesofEquity\data/wav\2254_aom_t10.wav,C:\MyProjects\Project-Proposal\PrivateCoach\Project-EchoesofEquity\data/melspec\2254_aom_t10.npy,2254,south_asian,older,male,trustworthy,10,
C:\MyProjects\Project-Proposal\PrivateCoach\Project-EchoesofEquity\data/wav\2271_aof_n07.wav,C:\MyProjects\Project-Proposal\PrivateCoach\Project-EchoesofEquity\data/melspec\2271_aof_n07.npy,2271,south_asian,older,female,neutral,7,
C:\MyProjects\Project-Proposal\PrivateCoach\Project-EchoesofEquity\data/wav\2271_aof_n09c.wav,C:\MyProjects\Project-Proposal\PrivateCoach\Project-EchoesofEquity\data/melspec\2271_aof_n09c.npy,2271,south_asian,older,female,neutral,9,c
C:\MyProjects\Project-Proposal\PrivateCoach\Project-EchoesofEquity\data/wav\2271_aof_n10c.wav,C:\MyProjects\Project-Proposal\PrivateCoach\Project-EchoesofEquity\data/melspec\2271_aof_n10c.npy,2271,south_asian,older,female,neutral,10,c
C:\MyProjects\Project-Proposal\PrivateCoach\Project-EchoesofEquity\data/wav\2271_aof_n11c.wav,C:\MyProjects\Project-Proposal\PrivateCoach\Project-EchoesofEquity\data/melspec\2271_aof_n11c.npy,2271,south_asian,older,female,neutral,11,c
C:\MyProjects\Project-Proposal\PrivateCoach\Project-EchoesofEquity\data/wav\2271_aof_n12.wav,C:\MyProjects\Project-Proposal\PrivateCoach\Project-EchoesofEquity\data/melspec\2271_aof_n12.npy,2271,south_asian,older,female,neutral,12,
C:\MyProjects\Project-Proposal\PrivateCoach\Project-EchoesofEquity\data/wav\2271_aof_n13.wav,C:\MyProjects\Project-Proposal\PrivateCoach\Project-EchoesofEquity\data/melspec\2271_aof_n13.npy,2271,south_asian,older,female,neutral,13,
C:\MyProjects\Project-Proposal\PrivateCoach\Project-EchoesofEquity\data/wav\2271_aof_t07.wav,C:\MyProjects\Project-Proposal\PrivateCoach\Project-EchoesofEquity\data/melspec\2271_aof_t07.npy,2271,south_asian,older,female,trustworthy,7,
C:\MyProjects\Project-Proposal\PrivateCoach\Project-EchoesofEquity\data/wav\2271_aof_t09c.wav,C:\MyProjects\Project-Proposal\PrivateCoach\Project-EchoesofEquity\data/melspec\2271_aof_t09c.npy,2271,south_asian,older,female,trustworthy,9,c
C:\MyProjects\Project-Proposal\PrivateCoach\Project-EchoesofEquity\data/wav\2271_aof_t10.wav,C:\MyProjects\Project-Proposal\PrivateCoach\Project-EchoesofEquity\data/melspec\2271_aof_t10.npy,2271,south_asian,older,female,trustworthy,10,
C:\MyProjects\Project-Proposal\PrivateCoach\Project-EchoesofEquity\data/wav\2271_aof_t11.wav,C:\MyProjects\Project-Proposal\PrivateCoach\Project-EchoesofEquity\data/melspec\2271_aof_t11.npy,2271,south_asian,older,female,trustworthy,11,
C:\MyProjects\Project-Proposal\PrivateCoach\Project-EchoesofEquity\data/wav\2271_aof_t12.wav,C:\MyProjects\Project-Proposal\PrivateCoach\Project-EchoesofEquity\data/melspec\2271_aof_t12.npy,2271,south_asian,older,female,trustworthy,12,
C:\MyProjects\Project-Proposal\PrivateCoach\Project-EchoesofEquity\data/wav\2271_aof_t13c.wav,C:\MyProjects\Project-Proposal\PrivateCoach\Project-EchoesofEquity\data/melspec\2271_aof_t13c.npy,2271,south_asian,older,female,trustworthy,13,c
C:\MyProjects\Project-Proposal\PrivateCoach\Project-EchoesofEquity\data/wav\2297_bof_n05.wav,C:\MyProjects\Project-Proposal\PrivateCoach\Project-EchoesofEquity\data/melspec\2297_bof_n05.npy,2297,black,older,female,neutral,5,
C:\MyProjects\Project-Proposal\PrivateCoach\Project-EchoesofEquity\data/wav\2297_bof_n06.wav,C:\MyProjects\Project-Proposal\PrivateCoach\Project-EchoesofEquity\data/melspec\2297_bof_n06.npy,2297,black,older,female,neutral,6,
C:\MyProjects\Project-Proposal\PrivateCoach\Project-EchoesofEquity\data/wav\2297_bof_n07.wav,C:\MyProjects\Project-Proposal\PrivateCoach\Project-EchoesofEquity\data/melspec\2297_bof_n07.npy,2297,black,older,female,neutral,7,
C:\MyProjects\Project-Proposal\PrivateCoach\Project-EchoesofEquity\data/wav\2297_bof_n08.wav,C:\MyProjects\Project-Proposal\PrivateCoach\Project-EchoesofEquity\data/melspec\2297_bof_n08.npy,2297,black,older,female,neutral,8,
C:\MyProjects\Project-Proposal\PrivateCoach\Project-EchoesofEquity\data/wav\2297_bof_n09.wav,C:\MyProjects\Project-Proposal\PrivateCoach\Project-EchoesofEquity\data/melspec\2297_bof_n09.npy,2297,black,older,female,neutral,9,
C:\MyProjects\Project-Proposal\PrivateCoach\Project-EchoesofEquity\data/wav\2297_bof_n10.wav,C:\MyProjects\Project-Proposal\PrivateCoach\Project-EchoesofEquity\data/melspec\2297_bof_n10.npy,2297,black,older,female,neutral,10,
C:\MyProjects\Project-Proposal\PrivateCoach\Project-EchoesofEquity\data/wav\2297_bof_t05.wav,C:\MyProjects\Project-Proposal\PrivateCoach\Project-EchoesofEquity\data/melspec\2297_bof_t05.npy,2297,black,older,female,trustworthy,5,
C:\MyProjects\Project-Proposal\PrivateCoach\Project-EchoesofEquity\data/wav\2297_bof_t06.wav,C:\MyProjects\Project-Proposal\PrivateCoach\Project-EchoesofEquity\data/melspec\2297_bof_t06.npy,2297,black,older,female,trustworthy,6,
C:\MyProjects\Project-Proposal\PrivateCoach\Project-EchoesofEquity\data/wav\2297_bof_t07.wav,C:\MyProjects\Project-Proposal\PrivateCoach\Project-EchoesofEquity\data/melspec\2297_bof_t07.npy,2297,black,older,female,trustworthy,7,
C:\MyProjects\Project-Proposal\PrivateCoach\Project-EchoesofEquity\data/wav\2297_bof_t08.wav,C:\MyProjects\Project-Proposal\PrivateCoach\Project-EchoesofEquity\data/melspec\2297_bof_t08.npy,2297,black,older,female,trustworthy,8,
C:\MyProjects\Project-Proposal\PrivateCoach\Project-EchoesofEquity\data/wav\2297_bof_t09.wav,C:\MyProjects\Project-Proposal\PrivateCoach\Project-EchoesofEquity\data/melspec\2297_bof_t09.npy,2297,black,older,female,trustworthy,9,
C:\MyProjects\Project-Proposal\PrivateCoach\Project-EchoesofEquity\data/wav\2297_bof_t10.wav,C:\MyProjects\Project-Proposal\PrivateCoach\Project-EchoesofEquity\data/melspec\2297_bof_t10.npy,2297,black,older,female,trustworthy,10,
C:\MyProjects\Project-Proposal\PrivateCoach\Project-EchoesofEquity\data/wav\2301_bom_n11.wav,C:\MyProjects\Project-Proposal\PrivateCoach\Project-EchoesofEquity\data/melspec\2301_bom_n11.npy,2301,black,older,male,neutral,11,
C:\MyProjects\Project-Proposal\PrivateCoach\Project-EchoesofEquity\data/wav\2301_bom_n12.wav,C:\MyProjects\Project-Proposal\PrivateCoach\Project-EchoesofEquity\data/melspec\2301_bom_n12.npy,2301,black,older,male,neutral,12,
C:\MyProjects\Project-Proposal\PrivateCoach\Project-EchoesofEquity\data/wav\2301_bom_n13.wav,C:\MyProjects\Project-Proposal\PrivateCoach\Project-EchoesofEquity\data/melspec\2301_bom_n13.npy,2301,black,older,male,neutral,13,
C:\MyProjects\Project-Proposal\PrivateCoach\Project-EchoesofEquity\data/wav\2301_bom_n14.wav,C:\MyProjects\Project-Proposal\PrivateCoach\Project-EchoesofEquity\data/melspec\2301_bom_n14.npy,2301,black,older,male,neutral,14,
C:\MyProjects\Project-Proposal\PrivateCoach\Project-EchoesofEquity\data/wav\2301_bom_n15.wav,C:\MyProjects\Project-Proposal\PrivateCoach\Project-EchoesofEquity\data/melspec\2301_bom_n15.npy,2301,black,older,male,neutral,15,
C:\MyProjects\Project-Proposal\PrivateCoach\Project-EchoesofEquity\data/wav\2301_bom_n16.wav,C:\MyProjects\Project-Proposal\PrivateCoach\Project-EchoesofEquity\data/melspec\2301_bom_n16.npy,2301,black,older,male,neutral,16,
C:\MyProjects\Project-Proposal\PrivateCoach\Project-EchoesofEquity\data/wav\2301_bom_t11.wav,C:\MyProjects\Project-Proposal\PrivateCoach\Project-EchoesofEquity\data/melspec\2301_bom_t11.npy,2301,black,older,male,trustworthy,11,
C:\MyProjects\Project-Proposal\PrivateCoach\Project-EchoesofEquity\data/wav\2301_bom_t12.wav,C:\MyProjects\Project-Proposal\PrivateCoach\Project-EchoesofEquity\data/melspec\2301_bom_t12.npy,2301,black,older,male,trustworthy,12,
C:\MyProjects\Project-Proposal\PrivateCoach\Project-EchoesofEquity\data/wav\2301_bom_t13.wav,C:\MyProjects\Project-Proposal\PrivateCoach\Project-EchoesofEquity\data/melspec\2301_bom_t13.npy,2301,black,older,male,trustworthy,13,
C:\MyProjects\Project-Proposal\PrivateCoach\Project-EchoesofEquity\data/wav\2301_bom_t14.wav,C:\MyProjects\Project-Proposal\PrivateCoach\Project-EchoesofEquity\data/melspec\2301_bom_t14.npy,2301,black,older,male,trustworthy,14,
C:\MyProjects\Project-Proposal\PrivateCoach\Project-EchoesofEquity\data/wav\2301_bom_t15.wav,C:\MyProjects\Project-Proposal\PrivateCoach\Project-EchoesofEquity\data/melspec\2301_bom_t15.npy,2301,black,older,male,trustworthy,15,
C:\MyProjects\Project-Proposal\PrivateCoach\Project-EchoesofEquity\data/wav\2301_bom_t16.wav,C:\MyProjects\Project-Proposal\PrivateCoach\Project-EchoesofEquity\data/melspec\2301_bom_t16.npy,2301,black,older,male,trustworthy,16,
C:\MyProjects\Project-Proposal\PrivateCoach\Project-EchoesofEquity\data/wav\3125_bym_n15.wav,C:\MyProjects\Project-Proposal\PrivateCoach\Project-EchoesofEquity\data/melspec\3125_bym_n15.npy,3125,black,younger,male,neutral,15,
C:\MyProjects\Project-Proposal\PrivateCoach\Project-EchoesofEquity\data/wav\3125_bym_n16.wav,C:\MyProjects\Project-Proposal\PrivateCoach\Project-EchoesofEquity\data/melspec\3125_bym_n16.npy,3125,black,younger,male,neutral,16,
C:\MyProjects\Project-Proposal\PrivateCoach\Project-EchoesofEquity\data/wav\3125_bym_n17.wav,C:\MyProjects\Project-Proposal\PrivateCoach\Project-EchoesofEquity\data/melspec\3125_bym_n17.npy,3125,black,younger,male,neutral,17,
C:\MyProjects\Project-Proposal\PrivateCoach\Project-EchoesofEquity\data/wav\3125_bym_n18.wav,C:\MyProjects\Project-Proposal\PrivateCoach\Project-EchoesofEquity\data/melspec\3125_bym_n18.npy,3125,black,younger,male,neutral,18,
C:\MyProjects\Project-Proposal\PrivateCoach\Project-EchoesofEquity\data/wav\3125_bym_n19.wav,C:\MyProjects\Project-Proposal\PrivateCoach\Project-EchoesofEquity\data/melspec\3125_bym_n19.npy,3125,black,younger,male,neutral,19,
C:\MyProjects\Project-Proposal\PrivateCoach\Project-EchoesofEquity\data/wav\3125_bym_n20c.wav,C:\MyProjects\Project-Proposal\PrivateCoach\Project-EchoesofEquity\data/melspec\3125_bym_n20c.npy,3125,black,younger,male,neutral,20,c
C:\MyProjects\Project-Proposal\PrivateCoach\Project-EchoesofEquity\data/wav\3125_bym_t15.wav,C:\MyProjects\Project-Proposal\PrivateCoach\Project-EchoesofEquity\data/melspec\3125_bym_t15.npy,3125,black,younger,male,trustworthy,15,
C:\MyProjects\Project-Proposal\PrivateCoach\Project-EchoesofEquity\data/wav\3125_bym_t16c.wav,C:\MyProjects\Project-Proposal\PrivateCoach\Project-EchoesofEquity\data/melspec\3125_bym_t16c.npy,3125,black,younger,male,trustworthy,16,c
C:\MyProjects\Project-Proposal\PrivateCoach\Project-EchoesofEquity\data/wav\3125_bym_t17.wav,C:\MyProjects\Project-Proposal\PrivateCoach\Project-EchoesofEquity\data/melspec\3125_bym_t17.npy,3125,black,younger,male,trustworthy,17,
C:\MyProjects\Project-Proposal\PrivateCoach\Project-EchoesofEquity\data/wav\3125_bym_t18.wav,C:\MyProjects\Project-Proposal\PrivateCoach\Project-EchoesofEquity\data/melspec\3125_bym_t18.npy,3125,black,younger,male,trustworthy,18,
C:\MyProjects\Project-Proposal\PrivateCoach\Project-EchoesofEquity\data/wav\3125_bym_t19.wav,C:\MyProjects\Project-Proposal\PrivateCoach\Project-EchoesofEquity\data/melspec\3125_bym_t19.npy,3125,black,younger,male,trustworthy,19,
C:\MyProjects\Project-Proposal\PrivateCoach\Project-EchoesofEquity\data/wav\3125_bym_t20.wav,C:\MyProjects\Project-Proposal\PrivateCoach\Project-EchoesofEquity\data/melspec\3125_bym_t20.npy,3125,black,younger,male,trustworthy,20,
C:\MyProjects\Project-Proposal\PrivateCoach\Project-EchoesofEquity\data/wav\3126_aym_n01.wav,C:\MyProjects\Project-Proposal\PrivateCoach\Project-EchoesofEquity\data/melspec\3126_aym_n01.npy,3126,south_asian,younger,male,neutral,1,
C:\MyProjects\Project-Proposal\PrivateCoach\Project-EchoesofEquity\data/wav\3126_aym_n02.wav,C:\MyProjects\Project-Proposal\PrivateCoach\Project-EchoesofEquity\data/melspec\3126_aym_n02.npy,3126,south_asian,younger,male,neutral,2,
C:\MyProjects\Project-Proposal\PrivateCoach\Project-EchoesofEquity\data/wav\3126_aym_n03c.wav,C:\MyProjects\Project-Proposal\PrivateCoach\Project-EchoesofEquity\data/melspec\3126_aym_n03c.npy,3126,south_asian,younger,male,neutral,3,c
C:\MyProjects\Project-Proposal\PrivateCoach\Project-EchoesofEquity\data/wav\3126_aym_n04c.wav,C:\MyProjects\Project-Proposal\PrivateCoach\Project-EchoesofEquity\data/melspec\3126_aym_n04c.npy,3126,south_asian,younger,male,neutral,4,c
C:\MyProjects\Project-Proposal\PrivateCoach\Project-EchoesofEquity\data/wav\3126_aym_n19.wav,C:\MyProjects\Project-Proposal\PrivateCoach\Project-EchoesofEquity\data/melspec\3126_aym_n19.npy,3126,south_asian,younger,male,neutral,19,
C:\MyProjects\Project-Proposal\PrivateCoach\Project-EchoesofEquity\data/wav\3126_aym_n20c.wav,C:\MyProjects\Project-Proposal\PrivateCoach\Project-EchoesofEquity\data/melspec\3126_aym_n20c.npy,3126,south_asian,younger,male,neutral,20,c
C:\MyProjects\Project-Proposal\PrivateCoach\Project-EchoesofEquity\data/wav\3126_aym_t01.wav,C:\MyProjects\Project-Proposal\PrivateCoach\Project-EchoesofEquity\data/melspec\3126_aym_t01.npy,3126,south_asian,younger,male,trustworthy,1,
C:\MyProjects\Project-Proposal\PrivateCoach\Project-EchoesofEquity\data/wav\3126_aym_t02.wav,C:\MyProjects\Project-Proposal\PrivateCoach\Project-EchoesofEquity\data/melspec\3126_aym_t02.npy,3126,south_asian,younger,male,trustworthy,2,
C:\MyProjects\Project-Proposal\PrivateCoach\Project-EchoesofEquity\data/wav\3126_aym_t03.wav,C:\MyProjects\Project-Proposal\PrivateCoach\Project-EchoesofEquity\data/melspec\3126_aym_t03.npy,3126,south_asian,younger,male,trustworthy,3,
C:\MyProjects\Project-Proposal\PrivateCoach\Project-EchoesofEquity\data/wav\3126_aym_t04.wav,C:\MyProjects\Project-Proposal\PrivateCoach\Project-EchoesofEquity\data/melspec\3126_aym_t04.npy,3126,south_asian,younger,male,trustworthy,4,
C:\MyProjects\Project-Proposal\PrivateCoach\Project-EchoesofEquity\data/wav\3126_aym_t19c.wav,C:\MyProjects\Project-Proposal\PrivateCoach\Project-EchoesofEquity\data/melspec\3126_aym_t19c.npy,3126,south_asian,younger,male,trustworthy,19,c
C:\MyProjects\Project-Proposal\PrivateCoach\Project-EchoesofEquity\data/wav\3126_aym_t20c.wav,C:\MyProjects\Project-Proposal\PrivateCoach\Project-EchoesofEquity\data/melspec\3126_aym_t20c.npy,3126,south_asian,younger,male,trustworthy,20,c
C:\MyProjects\Project-Proposal\PrivateCoach\Project-EchoesofEquity\data/wav\3130_wof_n13c.wav,C:\MyProjects\Project-Proposal\PrivateCoach\Project-EchoesofEquity\data/melspec\3130_wof_n13c.npy,3130,white,older,female,neutral,13,c
C:\MyProjects\Project-Proposal\PrivateCoach\Project-EchoesofEquity\data/wav\3130_wof_n14c.wav,C:\MyProjects\Project-Proposal\PrivateCoach\Project-EchoesofEquity\data/melspec\3130_wof_n14c.npy,3130,white,older,female,neutral,14,c
C:\MyProjects\Project-Proposal\PrivateCoach\Project-EchoesofEquity\data/wav\3130_wof_n15.wav,C:\MyProjects\Project-Proposal\PrivateCoach\Project-EchoesofEquity\data/melspec\3130_wof_n15.npy,3130,white,older,female,neutral,15,
C:\MyProjects\Project-Proposal\PrivateCoach\Project-EchoesofEquity\data/wav\3130_wof_n16.wav,C:\MyProjects\Project-Proposal\PrivateCoach\Project-EchoesofEquity\data/melspec\3130_wof_n16.npy,3130,white,older,female,neutral,16,
C:\MyProjects\Project-Proposal\PrivateCoach\Project-EchoesofEquity\data/wav\3130_wof_n17.wav,C:\MyProjects\Project-Proposal\PrivateCoach\Project-EchoesofEquity\data/melspec\3130_wof_n17.npy,3130,white,older,female,neutral,17,
C:\MyProjects\Project-Proposal\PrivateCoach\Project-EchoesofEquity\data/wav\3130_wof_n18.wav,C:\MyProjects\Project-Proposal\PrivateCoach\Project-EchoesofEquity\data/melspec\3130_wof_n18.npy,3130,white,older,female,neutral,18,
C:\MyProjects\Project-Proposal\PrivateCoach\Project-EchoesofEquity\data/wav\3130_wof_t13.wav,C:\MyProjects\Project-Proposal\PrivateCoach\Project-EchoesofEquity\data/melspec\3130_wof_t13.npy,3130,white,older,female,trustworthy,13,
C:\MyProjects\Project-Proposal\PrivateCoach\Project-EchoesofEquity\data/wav\3130_wof_t14c.wav,C:\MyProjects\Project-Proposal\PrivateCoach\Project-EchoesofEquity\data/melspec\3130_wof_t14c.npy,3130,white,older,female,trustworthy,14,c
C:\MyProjects\Project-Proposal\PrivateCoach\Project-EchoesofEquity\data/wav\3130_wof_t15.wav,C:\MyProjects\Project-Proposal\PrivateCoach\Project-EchoesofEquity\data/melspec\3130_wof_t15.npy,3130,white,older,female,trustworthy,15,
C:\MyProjects\Project-Proposal\PrivateCoach\Project-EchoesofEquity\data/wav\3130_wof_t16c.wav,C:\MyProjects\Project-Proposal\PrivateCoach\Project-EchoesofEquity\data/melspec\3130_wof_t16c.npy,3130,white,older,female,trustworthy,16,c
C:\MyProjects\Project-Proposal\PrivateCoach\Project-EchoesofEquity\data/wav\3130_wof_t17c.wav,C:\MyProjects\Project-Proposal\PrivateCoach\Project-EchoesofEquity\data/melspec\3130_wof_t17c.npy,3130,white,older,female,trustworthy,17,c
C:\MyProjects\Project-Proposal\PrivateCoach\Project-EchoesofEquity\data/wav\3130_wof_t18c.wav,C:\MyProjects\Project-Proposal\PrivateCoach\Project-EchoesofEquity\data/melspec\3130_wof_t18c.npy,3130,white,older,female,trustworthy,18,c
C:\MyProjects\Project-Proposal\PrivateCoach\Project-EchoesofEquity\data/wav\3132_aym_n11.wav,C:\MyProjects\Project-Proposal\PrivateCoach\Project-EchoesofEquity\data/melspec\3132_aym_n11.npy,3132,south_asian,younger,male,neutral,11,
C:\MyProjects\Project-Proposal\PrivateCoach\Project-EchoesofEquity\data/wav\3132_aym_n12.wav,C:\MyProjects\Project-Proposal\PrivateCoach\Project-EchoesofEquity\data/melspec\3132_aym_n12.npy,3132,south_asian,younger,male,neutral,12,
C:\MyProjects\Project-Proposal\PrivateCoach\Project-EchoesofEquity\data/wav\3132_aym_n13c.wav,C:\MyProjects\Project-Proposal\PrivateCoach\Project-EchoesofEquity\data/melspec\3132_aym_n13c.npy,3132,south_asian,younger,male,neutral,13,c
C:\MyProjects\Project-Proposal\PrivateCoach\Project-EchoesofEquity\data/wav\3132_aym_n14c.wav,C:\MyProjects\Project-Proposal\PrivateCoach\Project-EchoesofEquity\data/melspec\3132_aym_n14c.npy,3132,south_asian,younger,male,neutral,14,c
C:\MyProjects\Project-Proposal\PrivateCoach\Project-EchoesofEquity\data/wav\3132_aym_n15c.wav,C:\MyProjects\Project-Proposal\PrivateCoach\Project-EchoesofEquity\data/melspec\3132_aym_n15c.npy,3132,south_asian,younger,male,neutral,15,c
C:\MyProjects\Project-Proposal\PrivateCoach\Project-EchoesofEquity\data/wav\3132_aym_n16.wav,C:\MyProjects\Project-Proposal\PrivateCoach\Project-EchoesofEquity\data/melspec\3132_aym_n16.npy,3132,south_asian,younger,male,neutral,16,
C:\MyProjects\Project-Proposal\PrivateCoach\Project-EchoesofEquity\data/wav\3132_aym_t11.wav,C:\MyProjects\Project-Proposal\PrivateCoach\Project-EchoesofEquity\data/melspec\3132_aym_t11.npy,3132,south_asian,younger,male,trustworthy,11,
C:\MyProjects\Project-Proposal\PrivateCoach\Project-EchoesofEquity\data/wav\3132_aym_t12.wav,C:\MyProjects\Project-Proposal\PrivateCoach\Project-EchoesofEquity\data/melspec\3132_aym_t12.npy,3132,south_asian,younger,male,trustworthy,12,
C:\MyProjects\Project-Proposal\PrivateCoach\Project-EchoesofEquity\data/wav\3132_aym_t13.wav,C:\MyProjects\Project-Proposal\PrivateCoach\Project-EchoesofEquity\data/melspec\3132_aym_t13.npy,3132,south_asian,younger,male,trustworthy,13,
C:\MyProjects\Project-Proposal\PrivateCoach\Project-EchoesofEquity\data/wav\3132_aym_t14.wav,C:\MyProjects\Project-Proposal\PrivateCoach\Project-EchoesofEquity\data/melspec\3132_aym_t14.npy,3132,south_asian,younger,male,trustworthy,14,
C:\MyProjects\Project-Proposal\PrivateCoach\Project-EchoesofEquity\data/wav\3132_aym_t15.wav,C:\MyProjects\Project-Proposal\PrivateCoach\Project-EchoesofEquity\data/melspec\3132_aym_t15.npy,3132,south_asian,younger,male,trustworthy,15,
C:\MyProjects\Project-Proposal\PrivateCoach\Project-EchoesofEquity\data/wav\3132_aym_t16.wav,C:\MyProjects\Project-Proposal\PrivateCoach\Project-EchoesofEquity\data/melspec\3132_aym_t16.npy,3132,south_asian,younger,male,trustworthy,16,
