wav_path,spec_path,speaker_id,ethnicity,age_group,sex,intent,sentence_id,suffix,duration_sec,f0_mean_hz,f0_std_hz,hnr_mean_db,jitter_local,cpp_mean_db
C:\MyProjects\Project-Proposal\PrivateCoach\Project-EchoesofEquity\data/wav\1893_wof_n01.wav,C:\MyProjects\Project-Proposal\PrivateCoach\Project-EchoesofEquity\data/melspec\1893_wof_n01.npy,1893,white,older,female,neutral,1,,1.9125208333333332,178.90797623864668,47.25518432689915,11.53742193538636,0.021282968636851505,11.53742193538636
C:\MyProjects\Project-Proposal\PrivateCoach\Project-EchoesofEquity\data/wav\1893_wof_n02.wav,C:\MyProjects\Project-Proposal\PrivateCoach\Project-EchoesofEquity\data/melspec\1893_wof_n02.npy,1893,white,older,female,neutral,2,,1.7111666666666667,160.27285077149727,21.788926171902794,14.083007793243187,0.015239340403238617,14.083007793243187
C:\MyProjects\Project-Proposal\PrivateCoach\Project-EchoesofEquity\data/wav\1893_wof_n03.wav,C:\MyProjects\Project-Proposal\PrivateCoach\Project-EchoesofEquity\data/melspec\1893_wof_n03.npy,1893,white,older,female,neutral,3,,1.4842708333333334,163.54393578988646,33.299955101950715,13.355818974739764,0.01825371665104859,13.355818974739764
C:\MyProjects\Project-Proposal\PrivateCoach\Project-EchoesofEquity\data/wav\1893_wof_n04cc.wav,C:\MyProjects\Project-Proposal\PrivateCoach\Project-EchoesofEquity\data/melspec\1893_wof_n04cc.npy,1893,white,older,female,neutral,4,cc,1.2954583333333334,141.34281754872876,13.84635500654636,12.916838227225579,0.01388449882367306,12.916838227225579
C:\MyProjects\Project-Proposal\PrivateCoach\Project-EchoesofEquity\data/wav\1893_wof_n05.wav,C:\MyProjects\Project-Proposal\PrivateCoach\Project-EchoesofEquity\data/melspec\1893_wof_n05.npy,1893,white,older,female,neutral,5,,1.4412083333333334,167.71714081662884,43.95476084046537,8.829787045051235,0.0377372105858809,8.829787045051235
C:\MyProjects\Project-Proposal\PrivateCoach\Project-EchoesofEquity\data/wav\1893_wof_n06c.wav,C:\MyProjects\Project-Proposal\PrivateCoach\Project-EchoesofEquity\data/melspec\1893_wof_n06c.npy,1893,white,older,female,neutral,6,c,1.2537708333333333,151.39899335627058,14.001349711914374,12.054281031006834,0.023265187104047125,12.054281031006834
C:\MyProjects\Project-Proposal\PrivateCoach\Project-EchoesofEquity\data/wav\1893_wof_t01.wav,C:\MyProjects\Project-Proposal\PrivateCoach\Project-EchoesofEquity\data/melspec\1893_wof_t01.npy,1893,white,older,female,trustworthy,1,,1.54,180.03683068848002,29.283796043084827,10.581107451783046,0.025259954796611556,10.581107451783046
C:\MyProjects\Project-Proposal\PrivateCoach\Project-EchoesofEquity\data/wav\1893_wof_t02.wav,C:\MyProjects\Project-Proposal\PrivateCoach\Project-EchoesofEquity\data/melspec\1893_wof_t02.npy,1893,white,older,female,trustworthy,2,,1.3933333333333333,206.91136100198747,76.56767406476335,11.608399215426846,0.028320508698476986,11.608399215426846
C:\MyProjects\Project-Proposal\PrivateCoach\Project-EchoesofEquity\data/wav\1893_wof_t03.wav,C:\MyProjects\Project-Proposal\PrivateCoach\Project-EchoesofEquity\data/melspec\1893_wof_t03.npy,1893,white,older,female,trustworthy,3,,1.4337083333333334,178.76203869252652,32.125043782690824,11.531073717274921,0.020890030121034436,11.531073717274921
C:\MyProjects\Project-Proposal\PrivateCoach\Project-EchoesofEquity\data/wav\1893_wof_t04.wav,C:\MyProjects\Project-Proposal\PrivateCoach\Project-EchoesofEquity\data/melspec\1893_wof_t04.npy,1893,white,older,female,trustworthy,4,,1.423375,163.02513388595412,27.07196776083665,11.914940669095419,0.020025534107858334,11.914940669095419
C:\MyProjects\Project-Proposal\PrivateCoach\Project-EchoesofEquity\data/wav\1893_wof_t05.wav,C:\MyProjects\Project-Proposal\PrivateCoach\Project-EchoesofEquity\data/melspec\1893_wof_t05.npy,1893,white,older,female,trustworthy,5,,1.2625416666666667,195.87223406643596,37.918685466867046,10.283277395998002,0.030938057747674087,10.283277395998002
C:\MyProjects\Project-Proposal\PrivateCoach\Project-EchoesofEquity\data/wav\1893_wof_t06.wav,C:\MyProjects\Project-Proposal\PrivateCoach\Project-EchoesofEquity\data/melspec\1893_wof_t06.npy,1893,white,older,female,trustworthy,6,,1.4951875,193.3486540411806,24.56182855417573,13.131758837985535,0.021797246805147368,13.131758837985535
C:\MyProjects\Project-Proposal\PrivateCoach\Project-EchoesofEquity\data/wav\1896_ayf_n01.wav,C:\MyProjects\Project-Proposal\PrivateCoach\Project-EchoesofEquity\data/melspec\1896_ayf_n01.npy,1896,south_asian,younger,female,neutral,1,,1.793,212.5012539339003,30.001369642689784,16.726222117381646,0.019532069234651755,16.726222117381646
C:\MyProjects\Project-Proposal\PrivateCoach\Project-EchoesofEquity\data/wav\1896_ayf_n02.wav,C:\MyProjects\Project-Proposal\PrivateCoach\Project-EchoesofEquity\data/melspec\1896_ayf_n02.npy,1896,south_asian,younger,female,neutral,2,,2.1825,226.69453937713257,46.107784092069046,18.454564879959356,0.019095256852723765,18.454564879959356
C:\MyProjects\Project-Proposal\PrivateCoach\Project-EchoesofEquity\data/wav\1896_ayf_n03.wav,C:\MyProjects\Project-Proposal\PrivateCoach\Project-EchoesofEquity\data/melspec\1896_ayf_n03.npy,1896,south_asian,younger,female,neutral,3,,1.8604791666666667,214.0805193687971,32.485040325227615,13.78150964535303,0.02174746162965403,13.78150964535303
C:\MyProjects\Project-Proposal\PrivateCoach\Project-EchoesofEquity\data/wav\1896_ayf_n04.wav,C:\MyProjects\Project-Proposal\PrivateCoach\Project-EchoesofEquity\data/melspec\1896_ayf_n04.npy,1896,south_asian,younger,female,neutral,4,,2.0929583333333333,211.4885550080951,69.37465425216709,14.970398177925896,0.025661621912797063,14.970398177925896
C:\MyProjects\Project-Proposal\PrivateCoach\Project-EchoesofEquity\data/wav\1896_ayf_n05c.wav,C:\MyProjects\Project-Proposal\PrivateCoach\Project-EchoesofEquity\data/melspec\1896_ayf_n05c.npy,1896,south_asian,younger,female,neutral,5,c,1.5728958333333334,199.17865945009186,34.98245547482583,14.890664669713589,0.028828708637196544,14.890664669713589
C:\MyProjects\Project-Proposal\PrivateCoach\Project-EchoesofEquity\data/wav\1896_ayf_n06c.wav,C:\MyProjects\Project-Proposal\PrivateCoach\Project-EchoesofEquity\data/melspec\1896_ayf_n06c.npy,1896,south_asian,younger,female,neutral,6,c,1.3697916666666667,214.51668113622569,41.457831817982495,14.23615725934783,0.022717413432928133,14.23615725934783
C:\MyProjects\Project-Proposal\PrivateCoach\Project-EchoesofEquity\data/wav\1896_ayf_t01c.wav,C:\MyProjects\Project-Proposal\PrivateCoach\Project-EchoesofEquity\data/melspec\1896_ayf_t01c.npy,1896,south_asian,younger,female,trustworthy,1,c,1.8813125,241.28791693268823,46.39975018451759,14.946508170243364,0.02531522390330582,14.946508170243364
C:\MyProjects\Project-Proposal\PrivateCoach\Project-EchoesofEquity\data/wav\1896_ayf_t02.wav,C:\MyProjects\Project-Proposal\PrivateCoach\Project-EchoesofEquity\data/melspec\1896_ayf_t02.npy,1896,south_asian,younger,female,trustworthy,2,,1.45175,243.7567674736024,68.78294896438905,15.192913594776162,0.028649394003892593,15.192913594776162
C:\MyProjects\Project-Proposal\PrivateCoach\Project-EchoesofEquity\data/wav\1896_ayf_t03c.wav,C:\MyProjects\Project-Proposal\PrivateCoach\Project-EchoesofEquity\data/melspec\1896_ayf_t03c.npy,1896,south_asian,younger,female,trustworthy,3,c,1.7314166666666666,245.31037273144,77.19503453501467,16.149966930126762,0.022304920245152095,16.149966930126762
C:\MyProjects\Project-Proposal\PrivateCoach\Project-EchoesofEquity\data/wav\1896_ayf_t04c.wav,C:\MyProjects\Project-Proposal\PrivateCoach\Project-EchoesofEquity\data/melspec\1896_ayf_t04c.npy,1896,south_asian,younger,female,trustworthy,4,c,1.7326666666666666,217.03878998706136,82.10024602210481,15.770883481416309,0.018712483082959745,15.770883481416309
C:\MyProjects\Project-Proposal\PrivateCoach\Project-EchoesofEquity\data/wav\1896_ayf_t05.wav,C:\MyProjects\Project-Proposal\PrivateCoach\Project-EchoesofEquity\data/melspec\1896_ayf_t05.npy,1896,south_asian,younger,female,trustworthy,5,,1.449625,227.07890325328376,39.827847638679565,13.798188456471907,0.029681247944173848,13.798188456471907
C:\MyProjects\Project-Proposal\PrivateCoach\Project-EchoesofEquity\data/wav\1896_ayf_t06.wav,C:\MyProjects\Project-Proposal\PrivateCoach\Project-EchoesofEquity\data/melspec\1896_ayf_t06.npy,1896,south_asian,younger,female,trustworthy,6,,1.2884166666666668,188.0415422191687,45.858959184601545,12.285932751814896,0.034390300764331555,12.285932751814896
C:\MyProjects\Project-Proposal\PrivateCoach\Project-EchoesofEquity\data/wav\1898_wym_n01c.wav,C:\MyProjects\Project-Proposal\PrivateCoach\Project-EchoesofEquity\data/melspec\1898_wym_n01c.npy,1898,white,younger,male,neutral,1,c,1.4750833333333333,110.81772038409724,15.635832341988714,8.53077331578716,0.02594390642310662,8.53077331578716
C:\MyProjects\Project-Proposal\PrivateCoach\Project-EchoesofEquity\data/wav\1898_wym_n02c.wav,C:\MyProjects\Project-Proposal\PrivateCoach\Project-EchoesofEquity\data/melspec\1898_wym_n02c.npy,1898,white,younger,male,neutral,2,c,1.380625,108.35129872340366,9.64838780473559,9.990222423062445,0.022790225581050427,9.990222423062445
C:\MyProjects\Project-Proposal\PrivateCoach\Project-EchoesofEquity\data/wav\1898_wym_n03.wav,C:\MyProjects\Project-Proposal\PrivateCoach\Project-EchoesofEquity\data/melspec\1898_wym_n03.npy,1898,white,younger,male,neutral,3,,1.519,113.53329145764451,14.099299566179397,10.406555243387741,0.03400761202382994,10.406555243387741
C:\MyProjects\Project-Proposal\PrivateCoach\Project-EchoesofEquity\data/wav\1898_wym_n04c.wav,C:\MyProjects\Project-Proposal\PrivateCoach\Project-EchoesofEquity\data/melspec\1898_wym_n04c.npy,1898,white,younger,male,neutral,4,c,1.0750833333333334,107.5436431024527,15.304918008213024,9.660225409700498,0.04124877558830251,9.660225409700498
C:\MyProjects\Project-Proposal\PrivateCoach\Project-EchoesofEquity\data/wav\1898_wym_n05c.wav,C:\MyProjects\Project-Proposal\PrivateCoach\Project-EchoesofEquity\data/melspec\1898_wym_n05c.npy,1898,white,younger,male,neutral,5,c,1.2206875,109.50409663359486,11.775075980556288,8.805308107135449,0.04061859995318289,8.805308107135449
C:\MyProjects\Project-Proposal\PrivateCoach\Project-EchoesofEquity\data/wav\1898_wym_n06.wav,C:\MyProjects\Project-Proposal\PrivateCoach\Project-EchoesofEquity\data/melspec\1898_wym_n06.npy,1898,white,younger,male,neutral,6,,1.2420416666666667,109.2866473832756,12.720670664062075,12.628380296542995,0.026912138115311297,12.628380296542995
C:\MyProjects\Project-Proposal\PrivateCoach\Project-EchoesofEquity\data/wav\1898_wym_t01c.wav,C:\MyProjects\Project-Proposal\PrivateCoach\Project-EchoesofEquity\data/melspec\1898_wym_t01c.npy,1898,white,younger,male,trustworthy,1,c,1.201375,165.3422955887793,35.63408236366034,9.188963514547984,0.02885318280939397,9.188963514547984
C:\MyProjects\Project-Proposal\PrivateCoach\Project-EchoesofEquity\data/wav\1898_wym_t02c.wav,C:\MyProjects\Project-Proposal\PrivateCoach\Project-EchoesofEquity\data/melspec\1898_wym_t02c.npy,1898,white,younger,male,trustworthy,2,c,1.264125,130.8151436267403,28.798270703032518,10.216189999225417,0.03345964223871904,10.216189999225417
C:\MyProjects\Project-Proposal\PrivateCoach\Project-EchoesofEquity\data/wav\1898_wym_t03.wav,C:\MyProjects\Project-Proposal\PrivateCoach\Project-EchoesofEquity\data/melspec\1898_wym_t03.npy,1898,white,younger,male,trustworthy,3,,1.5445,156.44955016456808,42.90636514652189,9.627917823962617,0.027164735984608397,9.627917823962617
C:\MyProjects\Project-Proposal\PrivateCoach\Project-EchoesofEquity\data/wav\1898_wym_t04.wav,C:\MyProjects\Project-Proposal\PrivateCoach\Project-EchoesofEquity\data/melspec\1898_wym_t04.npy,1898,white,younger,male,trustworthy,4,,1.001125,145.37392180996972,65.95104331580309,9.663281864411557,0.039978731883314196,9.663281864411557
C:\MyProjects\Project-Proposal\PrivateCoach\Project-EchoesofEquity\data/wav\1898_wym_t05.wav,C:\MyProjects\Project-Proposal\PrivateCoach\Project-EchoesofEquity\data/melspec\1898_wym_t05.npy,1898,white,younger,male,trustworthy,5,,1.1305625,220.24109446465206,98.30875103849132,9.288601478643892,0.03275174237479703,9.288601478643892
C:\MyProjects\Project-Proposal\PrivateCoach\Project-EchoesofEquity\data/wav\1898_wym_t06.wav,C:\MyProjects\Project-Proposal\PrivateCoach\Project-EchoesofEquity\data/melspec\1898_wym_t06.npy,1898,white,younger,male,trustworthy,6,,1.1170416666666667,157.26098209676522,74.46679179210379,9.00149071989249,0.0313461747613906,9.00149071989249
C:\MyProjects\Project-Proposal\PrivateCoach\Project-EchoesofEquity\data/wav\1899_aym_n01.wav,C:\MyProjects\Project-Proposal\PrivateCoach\Project-EchoesofEquity\data/melspec\1899_aym_n01.npy,1899,south_asian,younger,male,neutral,1,,1.3422916666666667,123.99446875371491,13.379971346333496,13.03979282383838,0.022672799378663275,13.03979282383838
C:\MyProjects\Project-Proposal\PrivateCoach\Project-EchoesofEquity\data/wav\1899_aym_n02.wav,C:\MyProjects\Project-Proposal\PrivateCoach\Project-EchoesofEquity\data/melspec\1899_aym_n02.npy,1899,south_asian,younger,male,neutral,2,,1.4713541666666667,126.41849746596004,9.094092222202873,15.320840069768266,0.02296678288089046,15.320840069768266
C:\MyProjects\Project-Proposal\PrivateCoach\Project-EchoesofEquity\data/wav\1899_aym_n03c.wav,C:\MyProjects\Project-Proposal\PrivateCoach\Project-EchoesofEquity\data/melspec\1899_aym_n03c.npy,1899,south_asian,younger,male,neutral,3,c,1.7673541666666666,123.93874357479108,10.735139202776281,13.034304107695931,0.01849939492896107,13.034304107695931
C:\MyProjects\Project-Proposal\PrivateCoach\Project-EchoesofEquity\data/wav\1899_aym_n04c.wav,C:\MyProjects\Project-Proposal\PrivateCoach\Project-EchoesofEquity\data/melspec\1899_aym_n04c.npy,1899,south_asian,younger,male,neutral,4,c,1.2141875,131.52521460594429,15.545178172292925,13.215572891081708,0.02306686622660067,13.215572891081708
C:\MyProjects\Project-Proposal\PrivateCoach\Project-EchoesofEquity\data/wav\1899_aym_n05.wav,C:\MyProjects\Project-Proposal\PrivateCoach\Project-EchoesofEquity\data/melspec\1899_aym_n05.npy,1899,south_asian,younger,male,neutral,5,,1.2160416666666667,138.71531933296913,13.925032580358986,9.771273637396453,0.03325594066041126,9.771273637396453
C:\MyProjects\Project-Proposal\PrivateCoach\Project-EchoesofEquity\data/wav\1899_aym_n06.wav,C:\MyProjects\Project-Proposal\PrivateCoach\Project-EchoesofEquity\data/melspec\1899_aym_n06.npy,1899,south_asian,younger,male,neutral,6,,1.1811875,125.72546642443335,11.928208372012824,14.87501521879156,0.013020331261520494,14.87501521879156
C:\MyProjects\Project-Proposal\PrivateCoach\Project-EchoesofEquity\data/wav\1899_aym_t01.wav,C:\MyProjects\Project-Proposal\PrivateCoach\Project-EchoesofEquity\data/melspec\1899_aym_t01.npy,1899,south_asian,younger,male,trustworthy,1,,1.7809166666666667,133.20771882207376,18.065582159560645,15.929738516111934,0.017556906153631147,15.929738516111934
C:\MyProjects\Project-Proposal\PrivateCoach\Project-EchoesofEquity\data/wav\1899_aym_t02c.wav,C:\MyProjects\Project-Proposal\PrivateCoach\Project-EchoesofEquity\data/melspec\1899_aym_t02c.npy,1899,south_asian,younger,male,trustworthy,2,c,1.3560416666666666,144.21445693660456,18.06263017773702,12.175743449176226,0.029970913001518485,12.175743449176226
C:\MyProjects\Project-Proposal\PrivateCoach\Project-EchoesofEquity\data/wav\1899_aym_t03.wav,C:\MyProjects\Project-Proposal\PrivateCoach\Project-EchoesofEquity\data/melspec\1899_aym_t03.npy,1899,south_asian,younger,male,trustworthy,3,,1.6546041666666667,132.11201739685143,17.072717998326514,16.59225981820585,0.015734247996846817,16.59225981820585
C:\MyProjects\Project-Proposal\PrivateCoach\Project-EchoesofEquity\data/wav\1899_aym_t04c.wav,C:\MyProjects\Project-Proposal\PrivateCoach\Project-EchoesofEquity\data/melspec\1899_aym_t04c.npy,1899,south_asian,younger,male,trustworthy,4,c,1.2598541666666667,146.0264286862491,18.200334256539026,16.446210365489456,0.012987622767491717,16.446210365489456
C:\MyProjects\Project-Proposal\PrivateCoach\Project-EchoesofEquity\data/wav\1899_aym_t05c.wav,C:\MyProjects\Project-Proposal\PrivateCoach\Project-EchoesofEquity\data/melspec\1899_aym_t05c.npy,1899,south_asian,younger,male,trustworthy,5,c,1.2596458333333334,184.56168989881903,34.087734255905495,12.550394145734124,0.030804098703884262,12.550394145734124
C:\MyProjects\Project-Proposal\PrivateCoach\Project-EchoesofEquity\data/wav\1899_aym_t06.wav,C:\MyProjects\Project-Proposal\PrivateCoach\Project-EchoesofEquity\data/melspec\1899_aym_t06.npy,1899,south_asian,younger,male,trustworthy,6,,1.1640208333333333,162.19188126493773,26.47662388580439,14.67705625297489,0.02659833950029563,14.67705625297489
C:\MyProjects\Project-Proposal\PrivateCoach\Project-EchoesofEquity\data/wav\1901_bof_n01c.wav,C:\MyProjects\Project-Proposal\PrivateCoach\Project-EchoesofEquity\data/melspec\1901_bof_n01c.npy,1901,black,older,female,neutral,1,c,2.3482291666666666,201.02824189207516,84.2151298769214,14.818517310091611,0.017471362670927863,14.818517310091611
C:\MyProjects\Project-Proposal\PrivateCoach\Project-EchoesofEquity\data/wav\1901_bof_n02c.wav,C:\MyProjects\Project-Proposal\PrivateCoach\Project-EchoesofEquity\data/melspec\1901_bof_n02c.npy,1901,black,older,female,neutral,2,c,2.537916666666667,189.30099816401108,29.425406195892688,18.71460699071641,0.009876192852926024,18.71460699071641
C:\MyProjects\Project-Proposal\PrivateCoach\Project-EchoesofEquity\data/wav\1901_bof_n03c.wav,C:\MyProjects\Project-Proposal\PrivateCoach\Project-EchoesofEquity\data/melspec\1901_bof_n03c.npy,1901,black,older,female,neutral,3,c,2.9514791666666667,187.9028681725298,29.552685962077312,16.90377785865329,0.009352145952460445,16.90377785865329
C:\MyProjects\Project-Proposal\PrivateCoach\Project-EchoesofEquity\data/wav\1901_bof_n04c.wav,C:\MyProjects\Project-Proposal\PrivateCoach\Project-EchoesofEquity\data/melspec\1901_bof_n04c.npy,1901,black,older,female,neutral,4,c,2.4934791666666665,186.03990482266576,28.537510456544727,18.125500291648486,0.00978829324006782,18.125500291648486
C:\MyProjects\Project-Proposal\PrivateCoach\Project-EchoesofEquity\data/wav\1901_bof_n05.wav,C:\MyProjects\Project-Proposal\PrivateCoach\Project-EchoesofEquity\data/melspec\1901_bof_n05.npy,1901,black,older,female,neutral,5,,2.2710416666666666,181.78974742849934,37.28557906569365,14.005163483721748,0.020440171073214584,14.005163483721748
C:\MyProjects\Project-Proposal\PrivateCoach\Project-EchoesofEquity\data/wav\1901_bof_n06c.wav,C:\MyProjects\Project-Proposal\PrivateCoach\Project-EchoesofEquity\data/melspec\1901_bof_n06c.npy,1901,black,older,female,neutral,6,c,1.9569375,186.13949867222314,23.128382180836482,16.50860808437338,0.014276715140129771,16.50860808437338
C:\MyProjects\Project-Proposal\PrivateCoach\Project-EchoesofEquity\data/wav\1901_bof_t01c.wav,C:\MyProjects\Project-Proposal\PrivateCoach\Project-EchoesofEquity\data/melspec\1901_bof_t01c.npy,1901,black,older,female,trustworthy,1,c,2.1884166666666665,192.89108280042396,48.37636519761456,14.516877676220032,0.018731500336050443,14.516877676220032
C:\MyProjects\Project-Proposal\PrivateCoach\Project-EchoesofEquity\data/wav\1901_bof_t02.wav,C:\MyProjects\Project-Proposal\PrivateCoach\Project-EchoesofEquity\data/melspec\1901_bof_t02.npy,1901,black,older,female,trustworthy,2,,2.25,233.79334290977766,70.82299811746417,17.405733457902773,0.01134490603629379,17.405733457902773
C:\MyProjects\Project-Proposal\PrivateCoach\Project-EchoesofEquity\data/wav\1901_bof_t03.wav,C:\MyProjects\Project-Proposal\PrivateCoach\Project-EchoesofEquity\data/melspec\1901_bof_t03.npy,1901,black,older,female,trustworthy,3,,3.0134791666666665,260.40909752827196,46.22766649463707,19.03260229540723,0.009575386659190815,19.03260229540723
C:\MyProjects\Project-Proposal\PrivateCoach\Project-EchoesofEquity\data/wav\1901_bof_t04.wav,C:\MyProjects\Project-Proposal\PrivateCoach\Project-EchoesofEquity\data/melspec\1901_bof_t04.npy,1901,black,older,female,trustworthy,4,,1.9330833333333333,210.52780514016928,47.941848250757815,17.69278254280191,0.01531972694502478,17.69278254280191
C:\MyProjects\Project-Proposal\PrivateCoach\Project-EchoesofEquity\data/wav\1901_bof_t05c.wav,C:\MyProjects\Project-Proposal\PrivateCoach\Project-EchoesofEquity\data/melspec\1901_bof_t05c.npy,1901,black,older,female,trustworthy,5,c,2.60025,216.69500402817934,74.45203682379699,14.742914818218877,0.015885426851466426,14.742914818218877
C:\MyProjects\Project-Proposal\PrivateCoach\Project-EchoesofEquity\data/wav\1901_bof_t06.wav,C:\MyProjects\Project-Proposal\PrivateCoach\Project-EchoesofEquity\data/melspec\1901_bof_t06.npy,1901,black,older,female,trustworthy,6,,1.8751875,219.51501913415535,39.732879312282094,17.74621871547015,0.01338855703695678,17.74621871547015
C:\MyProjects\Project-Proposal\PrivateCoach\Project-EchoesofEquity\data/wav\1904_bym_n01.wav,C:\MyProjects\Project-Proposal\PrivateCoach\Project-EchoesofEquity\data/melspec\1904_bym_n01.npy,1904,black,younger,male,neutral,1,,1.8669166666666666,106.58223706345069,27.755402285505383,11.45068966174513,0.024704163230878984,11.45068966174513
C:\MyProjects\Project-Proposal\PrivateCoach\Project-EchoesofEquity\data/wav\1904_bym_n02c.wav,C:\MyProjects\Project-Proposal\PrivateCoach\Project-EchoesofEquity\data/melspec\1904_bym_n02c.npy,1904,black,younger,male,neutral,2,c,1.8500208333333332,128.33954848297955,110.32338391063644,11.951553906806561,0.023135212784566643,11.951553906806561
C:\MyProjects\Project-Proposal\PrivateCoach\Project-EchoesofEquity\data/wav\1904_bym_n03.wav,C:\MyProjects\Project-Proposal\PrivateCoach\Project-EchoesofEquity\data/melspec\1904_bym_n03.npy,1904,black,younger,male,neutral,3,,2.1408541666666667,129.28986012928704,102.30529826365846,11.699773708173518,0.015627560794023772,11.699773708173518
C:\MyProjects\Project-Proposal\PrivateCoach\Project-EchoesofEquity\data/wav\1904_bym_n04c.wav,C:\MyProjects\Project-Proposal\PrivateCoach\Project-EchoesofEquity\data/melspec\1904_bym_n04c.npy,1904,black,younger,male,neutral,4,c,1.5401041666666666,99.98894909556331,10.47507539769634,11.007249272867048,0.020934792452232558,11.007249272867048
C:\MyProjects\Project-Proposal\PrivateCoach\Project-EchoesofEquity\data/wav\1904_bym_n05c.wav,C:\MyProjects\Project-Proposal\PrivateCoach\Project-EchoesofEquity\data/melspec\1904_bym_n05c.npy,1904,black,younger,male,neutral,5,c,1.5449791666666666,123.20688766397171,95.84679171840475,9.995823340701516,0.03658072352043619,9.995823340701516
C:\MyProjects\Project-Proposal\PrivateCoach\Project-EchoesofEquity\data/wav\1904_bym_n06c.wav,C:\MyProjects\Project-Proposal\PrivateCoach\Project-EchoesofEquity\data/melspec\1904_bym_n06c.npy,1904,black,younger,male,neutral,6,c,1.5661041666666666,113.98427934270683,84.79589406099765,11.155086587708908,0.016437291690842258,11.155086587708908
C:\MyProjects\Project-Proposal\PrivateCoach\Project-EchoesofEquity\data/wav\1904_bym_t01c.wav,C:\MyProjects\Project-Proposal\PrivateCoach\Project-EchoesofEquity\data/melspec\1904_bym_t01c.npy,1904,black,younger,male,trustworthy,1,c,1.3018958333333333,103.4041713482371,12.217451649692721,8.28678535993246,0.030851143761727765,8.28678535993246
C:\MyProjects\Project-Proposal\PrivateCoach\Project-EchoesofEquity\data/wav\1904_bym_t02.wav,C:\MyProjects\Project-Proposal\PrivateCoach\Project-EchoesofEquity\data/melspec\1904_bym_t02.npy,1904,black,younger,male,trustworthy,2,,1.3172291666666667,113.24035622522692,13.579452488476758,12.246454466517198,0.02993661531274881,12.246454466517198
C:\MyProjects\Project-Proposal\PrivateCoach\Project-EchoesofEquity\data/wav\1904_bym_t03c.wav,C:\MyProjects\Project-Proposal\PrivateCoach\Project-EchoesofEquity\data/melspec\1904_bym_t03c.npy,1904,black,younger,male,trustworthy,3,c,1.3583125,110.98959816933467,6.876776608590028,12.939747324015245,0.01673596105556828,12.939747324015245
C:\MyProjects\Project-Proposal\PrivateCoach\Project-EchoesofEquity\data/wav\1904_bym_t04c.wav,C:\MyProjects\Project-Proposal\PrivateCoach\Project-EchoesofEquity\data/melspec\1904_bym_t04c.npy,1904,black,younger,male,trustworthy,4,c,1.0773125,161.74350173203308,139.5235341414339,10.25719413510834,0.02837557525372464,10.25719413510834
C:\MyProjects\Project-Proposal\PrivateCoach\Project-EchoesofEquity\data/wav\1904_bym_t05.wav,C:\MyProjects\Project-Proposal\PrivateCoach\Project-EchoesofEquity\data/melspec\1904_bym_t05.npy,1904,black,younger,male,trustworthy,5,,1.1625625,132.55497129176692,19.39575011401378,11.424519411819308,0.029664030907741553,11.424519411819308
C:\MyProjects\Project-Proposal\PrivateCoach\Project-EchoesofEquity\data/wav\1904_bym_t06c.wav,C:\MyProjects\Project-Proposal\PrivateCoach\Project-EchoesofEquity\data/melspec\1904_bym_t06c.npy,1904,black,younger,male,trustworthy,6,c,1.1064583333333333,115.0888219431982,36.48449550991082,9.277516215079457,0.02557587250657717,9.277516215079457
C:\MyProjects\Project-Proposal\PrivateCoach\Project-EchoesofEquity\data/wav\1906_byf_n01.wav,C:\MyProjects\Project-Proposal\PrivateCoach\Project-EchoesofEquity\data/melspec\1906_byf_n01.npy,1906,black,younger,female,neutral,1,,1.5500625,199.70394790015604,83.41881006623957,10.12308276878702,0.031230558516144608,10.12308276878702
C:\MyProjects\Project-Proposal\PrivateCoach\Project-EchoesofEquity\data/wav\1906_byf_n02c.wav,C:\MyProjects\Project-Proposal\PrivateCoach\Project-EchoesofEquity\data/melspec\1906_byf_n02c.npy,1906,black,younger,female,neutral,2,c,1.4951041666666667,179.07218956874863,34.35098217247556,11.221753944337609,0.026876000549373922,11.221753944337609
C:\MyProjects\Project-Proposal\PrivateCoach\Project-EchoesofEquity\data/wav\1906_byf_n03c.wav,C:\MyProjects\Project-Proposal\PrivateCoach\Project-EchoesofEquity\data/melspec\1906_byf_n03c.npy,1906,black,younger,female,neutral,3,c,1.7087083333333333,166.73040269454432,39.58346116449853,11.038817947558524,0.020394925426209735,11.038817947558524
C:\MyProjects\Project-Proposal\PrivateCoach\Project-EchoesofEquity\data/wav\1906_byf_n04c.wav,C:\MyProjects\Project-Proposal\PrivateCoach\Project-EchoesofEquity\data/melspec\1906_byf_n04c.npy,1906,black,younger,female,neutral,4,c,1.2928125,185.0822721048231,25.78890069299069,12.71243962325076,0.01683379120299443,12.71243962325076
C:\MyProjects\Project-Proposal\PrivateCoach\Project-EchoesofEquity\data/wav\1906_byf_n05.wav,C:\MyProjects\Project-Proposal\PrivateCoach\Project-EchoesofEquity\data/melspec\1906_byf_n05.npy,1906,black,younger,female,neutral,5,,1.4851875,189.67290088172544,26.295147660030207,10.658481907442567,0.024364838745370918,10.658481907442567
C:\MyProjects\Project-Proposal\PrivateCoach\Project-EchoesofEquity\data/wav\1906_byf_n06c.wav,C:\MyProjects\Project-Proposal\PrivateCoach\Project-EchoesofEquity\data/melspec\1906_byf_n06c.npy,1906,black,younger,female,neutral,6,c,1.32975,152.79119508082854,28.297352613131626,10.007457620220794,0.02347833986999889,10.007457620220794
C:\MyProjects\Project-Proposal\PrivateCoach\Project-EchoesofEquity\data/wav\1906_byf_t01.wav,C:\MyProjects\Project-Proposal\PrivateCoach\Project-EchoesofEquity\data/melspec\1906_byf_t01.npy,1906,black,younger,female,trustworthy,1,,1.6323125,218.3971213540373,74.03022483214494,10.647181379427872,0.02516331979656744,10.647181379427872
C:\MyProjects\Project-Proposal\PrivateCoach\Project-EchoesofEquity\data/wav\1906_byf_t02.wav,C:\MyProjects\Project-Proposal\PrivateCoach\Project-EchoesofEquity\data/melspec\1906_byf_t02.npy,1906,black,younger,female,trustworthy,2,,1.4458958333333334,190.41364246287318,43.7517927994175,10.704349208745485,0.037176983481990854,10.704349208745485
C:\MyProjects\Project-Proposal\PrivateCoach\Project-EchoesofEquity\data/wav\1906_byf_t03.wav,C:\MyProjects\Project-Proposal\PrivateCoach\Project-EchoesofEquity\data/melspec\1906_byf_t03.npy,1906,black,younger,female,trustworthy,3,,1.7559791666666666,188.54802519181575,59.62865683631724,9.79490536214366,0.020448867534231197,9.79490536214366
C:\MyProjects\Project-Proposal\PrivateCoach\Project-EchoesofEquity\data/wav\1906_byf_t04.wav,C:\MyProjects\Project-Proposal\PrivateCoach\Project-EchoesofEquity\data/melspec\1906_byf_t04.npy,1906,black,younger,female,trustworthy,4,,1.3047916666666666,202.14787442234982,54.74463770996803,11.03510036305955,0.03293968789055943,11.03510036305955
C:\MyProjects\Project-Proposal\PrivateCoach\Project-EchoesofEquity\data/wav\1906_byf_t05.wav,C:\MyProjects\Project-Proposal\PrivateCoach\Project-EchoesofEquity\data/melspec\1906_byf_t05.npy,1906,black,younger,female,trustworthy,5,,1.5626041666666666,192.32342793457838,42.787049026574856,9.393543151382318,0.02772635461144397,9.393543151382318
C:\MyProjects\Project-Proposal\PrivateCoach\Project-EchoesofEquity\data/wav\1906_byf_t06.wav,C:\MyProjects\Project-Proposal\PrivateCoach\Project-EchoesofEquity\data/melspec\1906_byf_t06.npy,1906,black,younger,female,trustworthy,6,,1.2719166666666666,200.431874867567,51.59535314885003,9.529507605242141,0.026544325558374278,9.529507605242141
C:\MyProjects\Project-Proposal\PrivateCoach\Project-EchoesofEquity\data/wav\1909_wom_n01.wav,C:\MyProjects\Project-Proposal\PrivateCoach\Project-EchoesofEquity\data/melspec\1909_wom_n01.npy,1909,white,older,male,neutral,1,,1.4306875,103.40171954095555,9.942964634836871,10.986954586048974,0.022191140069606353,10.986954586048974
C:\MyProjects\Project-Proposal\PrivateCoach\Project-EchoesofEquity\data/wav\1909_wom_n02c.wav,C:\MyProjects\Project-Proposal\PrivateCoach\Project-EchoesofEquity\data/melspec\1909_wom_n02c.npy,1909,white,older,male,neutral,2,c,1.3259583333333333,124.71566001058123,104.15500168571387,10.414131734451804,0.012253564793110698,10.414131734451804
C:\MyProjects\Project-Proposal\PrivateCoach\Project-EchoesofEquity\data/wav\1909_wom_n03.wav,C:\MyProjects\Project-Proposal\PrivateCoach\Project-EchoesofEquity\data/melspec\1909_wom_n03.npy,1909,white,older,male,neutral,3,,1.2508125,102.0636845281618,7.097319861112259,13.667846161197634,0.018678044665331135,13.667846161197634
C:\MyProjects\Project-Proposal\PrivateCoach\Project-EchoesofEquity\data/wav\1909_wom_n04.wav,C:\MyProjects\Project-Proposal\PrivateCoach\Project-EchoesofEquity\data/melspec\1909_wom_n04.npy,1909,white,older,male,neutral,4,,1.3009375,103.27991677852552,7.187849476803056,11.980552083117468,0.018531207765009404,11.980552083117468
C:\MyProjects\Project-Proposal\PrivateCoach\Project-EchoesofEquity\data/wav\1909_wom_n05c.wav,C:\MyProjects\Project-Proposal\PrivateCoach\Project-EchoesofEquity\data/melspec\1909_wom_n05c.npy,1909,white,older,male,neutral,5,c,1.25625,138.90766234944442,106.97385836175705,10.964863088436774,0.02912128892688465,10.964863088436774
C:\MyProjects\Project-Proposal\PrivateCoach\Project-EchoesofEquity\data/wav\1909_wom_n06.wav,C:\MyProjects\Project-Proposal\PrivateCoach\Project-EchoesofEquity\data/melspec\1909_wom_n06.npy,1909,white,older,male,neutral,6,,1.2332708333333333,129.34084041224878,92.94680436400954,10.728957475857284,0.01794384628223023,10.728957475857284
C:\MyProjects\Project-Proposal\PrivateCoach\Project-EchoesofEquity\data/wav\1909_wom_t01c.wav,C:\MyProjects\Project-Proposal\PrivateCoach\Project-EchoesofEquity\data/melspec\1909_wom_t01c.npy,1909,white,older,male,trustworthy,1,c,1.193875,129.7448136943122,93.39582748553502,10.543168257627594,0.03380600432987697,10.543168257627594
C:\MyProjects\Project-Proposal\PrivateCoach\Project-EchoesofEquity\data/wav\1909_wom_t02.wav,C:\MyProjects\Project-Proposal\PrivateCoach\Project-EchoesofEquity\data/melspec\1909_wom_t02.npy,1909,white,older,male,trustworthy,2,,1.4807916666666667,119.61064091954158,65.37616279724087,10.76761995752577,0.02077092301332247,10.76761995752577
C:\MyProjects\Project-Proposal\PrivateCoach\Project-EchoesofEquity\data/wav\1909_wom_t03.wav,C:\MyProjects\Project-Proposal\PrivateCoach\Project-EchoesofEquity\data/melspec\1909_wom_t03.npy,1909,white,older,male,trustworthy,3,,1.5342708333333333,149.8946366089689,79.13868532019791,13.72989633285175,0.03034174013205034,13.72989633285175
C:\MyProjects\Project-Proposal\PrivateCoach\Project-EchoesofEquity\data/wav\1909_wom_t04c.wav,C:\MyProjects\Project-Proposal\PrivateCoach\Project-EchoesofEquity\data/melspec\1909_wom_t04c.npy,1909,white,older,male,trustworthy,4,c,1.176625,144.83257734634702,89.53954290088063,9.261789721003675,0.04386943719586349,9.261789721003675
C:\MyProjects\Project-Proposal\PrivateCoach\Project-EchoesofEquity\data/wav\1909_wom_t05.wav,C:\MyProjects\Project-Proposal\PrivateCoach\Project-EchoesofEquity\data/melspec\1909_wom_t05.npy,1909,white,older,male,trustworthy,5,,1.4145208333333332,142.9072026203758,99.20543156105958,7.3968083746431486,0.03245993784508422,7.3968083746431486
C:\MyProjects\Project-Proposal\PrivateCoach\Project-EchoesofEquity\data/wav\1909_wom_t06.wav,C:\MyProjects\Project-Proposal\PrivateCoach\Project-EchoesofEquity\data/melspec\1909_wom_t06.npy,1909,white,older,male,trustworthy,6,,1.2293125,106.52457579820145,12.214220608552141,8.141565616022188,0.021808445958395435,8.141565616022188
C:\MyProjects\Project-Proposal\PrivateCoach\Project-EchoesofEquity\data/wav\1911_wom_n03c.wav,C:\MyProjects\Project-Proposal\PrivateCoach\Project-EchoesofEquity\data/melspec\1911_wom_n03c.npy,1911,white,older,male,neutral,3,c,1.9372708333333333,111.80200109623956,57.60115925014661,8.48195737635104,0.018468585013796557,8.48195737635104
C:\MyProjects\Project-Proposal\PrivateCoach\Project-EchoesofEquity\data/wav\1911_wom_n04c.wav,C:\MyProjects\Project-Proposal\PrivateCoach\Project-EchoesofEquity\data/melspec\1911_wom_n04c.npy,1911,white,older,male,neutral,4,c,1.8573333333333333,105.5876289497301,12.569808351685982,8.602965945814669,0.02144816037398446,8.602965945814669
C:\MyProjects\Project-Proposal\PrivateCoach\Project-EchoesofEquity\data/wav\1911_wom_n05.wav,C:\MyProjects\Project-Proposal\PrivateCoach\Project-EchoesofEquity\data/melspec\1911_wom_n05.npy,1911,white,older,male,neutral,5,,1.5911458333333333,131.95697607588647,82.42760659409107,9.899138449373664,0.03174281704394535,9.899138449373664
C:\MyProjects\Project-Proposal\PrivateCoach\Project-EchoesofEquity\data/wav\1911_wom_n06.wav,C:\MyProjects\Project-Proposal\PrivateCoach\Project-EchoesofEquity\data/melspec\1911_wom_n06.npy,1911,white,older,male,neutral,6,,1.5367291666666667,137.00446223724666,107.0323553705059,8.785210740745736,0.018025736435190544,8.785210740745736
C:\MyProjects\Project-Proposal\PrivateCoach\Project-EchoesofEquity\data/wav\1911_wom_n07c.wav,C:\MyProjects\Project-Proposal\PrivateCoach\Project-EchoesofEquity\data/melspec\1911_wom_n07c.npy,1911,white,older,male,neutral,7,c,1.501125,103.0297436637292,9.95127914808633,8.423403795542642,0.028856992755298353,8.423403795542642
C:\MyProjects\Project-Proposal\PrivateCoach\Project-EchoesofEquity\data/wav\1911_wom_n08c.wav,C:\MyProjects\Project-Proposal\PrivateCoach\Project-EchoesofEquity\data/melspec\1911_wom_n08c.npy,1911,white,older,male,neutral,8,c,1.6184375,121.40929420020805,64.17928609962134,6.522249821606052,0.0295250825216313,6.522249821606052
C:\MyProjects\Project-Proposal\PrivateCoach\Project-EchoesofEquity\data/wav\1911_wom_t03c.wav,C:\MyProjects\Project-Proposal\PrivateCoach\Project-EchoesofEquity\data/melspec\1911_wom_t03c.npy,1911,white,older,male,trustworthy,3,c,2.1799375,147.8700482353797,31.598919269589523,11.388796437644451,0.017214843180847417,11.388796437644451
C:\MyProjects\Project-Proposal\PrivateCoach\Project-EchoesofEquity\data/wav\1911_wom_t04.wav,C:\MyProjects\Project-Proposal\PrivateCoach\Project-EchoesofEquity\data/melspec\1911_wom_t04.npy,1911,white,older,male,trustworthy,4,,1.5664375,126.82817100883817,77.94350845139999,6.4680698689095095,0.03313721441288015,6.4680698689095095
C:\MyProjects\Project-Proposal\PrivateCoach\Project-EchoesofEquity\data/wav\1911_wom_t05c.wav,C:\MyProjects\Project-Proposal\PrivateCoach\Project-EchoesofEquity\data/melspec\1911_wom_t05c.npy,1911,white,older,male,trustworthy,5,c,1.4993958333333333,116.80580336926089,23.244335366763316,6.117564357924936,0.0351753120771843,6.117564357924936
C:\MyProjects\Project-Proposal\PrivateCoach\Project-EchoesofEquity\data/wav\1911_wom_t06c.wav,C:\MyProjects\Project-Proposal\PrivateCoach\Project-EchoesofEquity\data/melspec\1911_wom_t06c.npy,1911,white,older,male,trustworthy,6,c,1.4028333333333334,131.91962253204758,44.17755192713199,8.774020754894543,0.028328641229743143,8.774020754894543
C:\MyProjects\Project-Proposal\PrivateCoach\Project-EchoesofEquity\data/wav\1911_wom_t07.wav,C:\MyProjects\Project-Proposal\PrivateCoach\Project-EchoesofEquity\data/melspec\1911_wom_t07.npy,1911,white,older,male,trustworthy,7,,1.4005833333333333,114.96939288150303,24.537429006243638,7.888111093090966,0.03395100500849412,7.888111093090966
C:\MyProjects\Project-Proposal\PrivateCoach\Project-EchoesofEquity\data/wav\1912_wof_n03.wav,C:\MyProjects\Project-Proposal\PrivateCoach\Project-EchoesofEquity\data/melspec\1912_wof_n03.npy,1912,white,older,female,neutral,3,,1.9812916666666667,204.44421934098,40.040910234615026,12.688122348506083,0.016344678346415908,12.688122348506083
C:\MyProjects\Project-Proposal\PrivateCoach\Project-EchoesofEquity\data/wav\1912_wof_n04c.wav,C:\MyProjects\Project-Proposal\PrivateCoach\Project-EchoesofEquity\data/melspec\1912_wof_n04c.npy,1912,white,older,female,neutral,4,c,2.0949583333333335,183.0751233727312,59.6193165471384,12.107317322761267,0.020340290440206615,12.107317322761267
C:\MyProjects\Project-Proposal\PrivateCoach\Project-EchoesofEquity\data/wav\1912_wof_n05.wav,C:\MyProjects\Project-Proposal\PrivateCoach\Project-EchoesofEquity\data/melspec\1912_wof_n05.npy,1912,white,older,female,neutral,5,,1.7782916666666666,197.88024315883519,44.26580104392601,12.811485136369999,0.03848469934809161,12.811485136369999
C:\MyProjects\Project-Proposal\PrivateCoach\Project-EchoesofEquity\data/wav\1912_wof_n06c.wav,C:\MyProjects\Project-Proposal\PrivateCoach\Project-EchoesofEquity\data/melspec\1912_wof_n06c.npy,1912,white,older,female,neutral,6,c,1.6166041666666666,184.56481485100602,35.16853141970596,14.69005360303547,0.022813890766239048,14.69005360303547
C:\MyProjects\Project-Proposal\PrivateCoach\Project-EchoesofEquity\data/wav\1912_wof_n07.wav,C:\MyProjects\Project-Proposal\PrivateCoach\Project-EchoesofEquity\data/melspec\1912_wof_n07.npy,1912,white,older,female,neutral,7,,2.125,187.43259552709458,48.71586803743752,13.06225440837826,0.020063570487906135,13.06225440837826
C:\MyProjects\Project-Proposal\PrivateCoach\Project-EchoesofEquity\data/wav\1912_wof_n08.wav,C:\MyProjects\Project-Proposal\PrivateCoach\Project-EchoesofEquity\data/melspec\1912_wof_n08.npy,1912,white,older,female,neutral,8,,2.0005,205.84637195000252,47.47970517139982,8.914529227632102,0.021983265614555117,8.914529227632102
C:\MyProjects\Project-Proposal\PrivateCoach\Project-EchoesofEquity\data/wav\1912_wof_t03.wav,C:\MyProjects\Project-Proposal\PrivateCoach\Project-EchoesofEquity\data/melspec\1912_wof_t03.npy,1912,white,older,female,trustworthy,3,,2.14175,216.45595353057203,62.1296640455486,13.472319601657784,0.02588448534084931,13.472319601657784
C:\MyProjects\Project-Proposal\PrivateCoach\Project-EchoesofEquity\data/wav\1912_wof_t04c.wav,C:\MyProjects\Project-Proposal\PrivateCoach\Project-EchoesofEquity\data/melspec\1912_wof_t04c.npy,1912,white,older,female,trustworthy,4,c,1.6029375,201.97698866149992,73.30742112655525,10.625008289092394,0.03394104025460747,10.625008289092394
C:\MyProjects\Project-Proposal\PrivateCoach\Project-EchoesofEquity\data/wav\1912_wof_t05c.wav,C:\MyProjects\Project-Proposal\PrivateCoach\Project-EchoesofEquity\data/melspec\1912_wof_t05c.npy,1912,white,older,female,trustworthy,5,c,1.6364791666666667,214.61280769874548,78.3953567051224,10.194154751788156,0.03808344647798395,10.194154751788156
C:\MyProjects\Project-Proposal\PrivateCoach\Project-EchoesofEquity\data/wav\1912_wof_t06c.wav,C:\MyProjects\Project-Proposal\PrivateCoach\Project-EchoesofEquity\data/melspec\1912_wof_t06c.npy,1912,white,older,female,trustworthy,6,c,1.5776458333333334,223.86821401113008,59.902368927244936,11.143929883743814,0.02622537578361868,11.143929883743814
C:\MyProjects\Project-Proposal\PrivateCoach\Project-EchoesofEquity\data/wav\1912_wof_t07.wav,C:\MyProjects\Project-Proposal\PrivateCoach\Project-EchoesofEquity\data/melspec\1912_wof_t07.npy,1912,white,older,female,trustworthy,7,,1.9584375,210.3494641061867,60.620048658010575,17.500441049274706,0.01999326635818483,17.500441049274706
C:\MyProjects\Project-Proposal\PrivateCoach\Project-EchoesofEquity\data/wav\1912_wof_t08c.wav,C:\MyProjects\Project-Proposal\PrivateCoach\Project-EchoesofEquity\data/melspec\1912_wof_t08c.npy,1912,white,older,female,trustworthy,8,c,1.9174583333333333,192.09765908359205,68.17611688243409,10.396589725508173,0.024402498604905808,10.396589725508173
C:\MyProjects\Project-Proposal\PrivateCoach\Project-EchoesofEquity\data/wav\1913_aym_n03.wav,C:\MyProjects\Project-Proposal\PrivateCoach\Project-EchoesofEquity\data/melspec\1913_aym_n03.npy,1913,south_asian,younger,male,neutral,3,,1.804,128.8090184904166,24.212765274192893,12.510530912233111,0.02479942500777243,12.510530912233111
C:\MyProjects\Project-Proposal\PrivateCoach\Project-EchoesofEquity\data/wav\1913_aym_n04c.wav,C:\MyProjects\Project-Proposal\PrivateCoach\Project-EchoesofEquity\data/melspec\1913_aym_n04c.npy,1913,south_asian,younger,male,neutral,4,c,1.8759166666666667,136.76852357461433,32.4981053664659,12.963193148640217,0.026020400747302032,12.963193148640217
C:\MyProjects\Project-Proposal\PrivateCoach\Project-EchoesofEquity\data/wav\1913_aym_n05c.wav,C:\MyProjects\Project-Proposal\PrivateCoach\Project-EchoesofEquity\data/melspec\1913_aym_n05c.npy,1913,south_asian,younger,male,neutral,5,c,1.6115208333333333,161.17469605638883,101.12104633511402,11.612805128293388,0.023873768831936138,11.612805128293388
C:\MyProjects\Project-Proposal\PrivateCoach\Project-EchoesofEquity\data/wav\1913_aym_n06c.wav,C:\MyProjects\Project-Proposal\PrivateCoach\Project-EchoesofEquity\data/melspec\1913_aym_n06c.npy,1913,south_asian,younger,male,neutral,6,c,1.454,133.24722192422507,22.284922109446473,14.784185781162154,0.018352410500760575,14.784185781162154
C:\MyProjects\Project-Proposal\PrivateCoach\Project-EchoesofEquity\data/wav\1913_aym_n07.wav,C:\MyProjects\Project-Proposal\PrivateCoach\Project-EchoesofEquity\data/melspec\1913_aym_n07.npy,1913,south_asian,younger,male,neutral,7,,1.5709166666666667,155.23236470796283,32.38401908402182,14.831421785823089,0.026140082545904216,14.831421785823089
C:\MyProjects\Project-Proposal\PrivateCoach\Project-EchoesofEquity\data/wav\1913_aym_n08.wav,C:\MyProjects\Project-Proposal\PrivateCoach\Project-EchoesofEquity\data/melspec\1913_aym_n08.npy,1913,south_asian,younger,male,neutral,8,,1.6799375,148.191273409962,34.75881059004485,16.018003457643626,0.018236081703320337,16.018003457643626
C:\MyProjects\Project-Proposal\PrivateCoach\Project-EchoesofEquity\data/wav\1913_aym_t03c.wav,C:\MyProjects\Project-Proposal\PrivateCoach\Project-EchoesofEquity\data/melspec\1913_aym_t03c.npy,1913,south_asian,younger,male,trustworthy,3,c,2.0163125,139.67155345187385,44.575154824742114,11.430977161196656,0.027060340565643864,11.430977161196656
C:\MyProjects\Project-Proposal\PrivateCoach\Project-EchoesofEquity\data/wav\1913_aym_t04c.wav,C:\MyProjects\Project-Proposal\PrivateCoach\Project-EchoesofEquity\data/melspec\1913_aym_t04c.npy,1913,south_asian,younger,male,trustworthy,4,c,1.2979583333333333,148.23094612572928,43.77105463281497,13.858903807939368,0.019439784137046064,13.858903807939368
C:\MyProjects\Project-Proposal\PrivateCoach\Project-EchoesofEquity\data/wav\1913_aym_t05c.wav,C:\MyProjects\Project-Proposal\PrivateCoach\Project-EchoesofEquity\data/melspec\1913_aym_t05c.npy,1913,south_asian,younger,male,trustworthy,5,c,1.3124375,123.75489971531654,21.095880473527238,12.087021889363625,0.025602009233063994,12.087021889363625
C:\MyProjects\Project-Proposal\PrivateCoach\Project-EchoesofEquity\data/wav\1913_aym_t06.wav,C:\MyProjects\Project-Proposal\PrivateCoach\Project-EchoesofEquity\data/melspec\1913_aym_t06.npy,1913,south_asian,younger,male,trustworthy,6,,1.1156875,158.07901419527155,68.31469499616281,13.643947419471948,0.02339829742345345,13.643947419471948
C:\MyProjects\Project-Proposal\PrivateCoach\Project-EchoesofEquity\data/wav\1913_aym_t07c.wav,C:\MyProjects\Project-Proposal\PrivateCoach\Project-EchoesofEquity\data/melspec\1913_aym_t07c.npy,1913,south_asian,younger,male,trustworthy,7,c,1.525375,167.37739443392795,50.186961167841694,15.132678088546793,0.02668717155627025,15.132678088546793
C:\MyProjects\Project-Proposal\PrivateCoach\Project-EchoesofEquity\data/wav\1913_aym_t08c.wav,C:\MyProjects\Project-Proposal\PrivateCoach\Project-EchoesofEquity\data/melspec\1913_aym_t08c.npy,1913,south_asian,younger,male,trustworthy,8,c,1.2755208333333334,139.64582475526748,42.17835826696929,13.67234127859262,0.02097383575180739,13.67234127859262
C:\MyProjects\Project-Proposal\PrivateCoach\Project-EchoesofEquity\data/wav\1914_wof_n05c.wav,C:\MyProjects\Project-Proposal\PrivateCoach\Project-EchoesofEquity\data/melspec\1914_wof_n05c.npy,1914,white,older,female,neutral,5,c,1.4817291666666668,186.35439095985834,46.85148744390499,16.591680881096387,0.03706138968446152,16.591680881096387
C:\MyProjects\Project-Proposal\PrivateCoach\Project-EchoesofEquity\data/wav\1914_wof_n06c.wav,C:\MyProjects\Project-Proposal\PrivateCoach\Project-EchoesofEquity\data/melspec\1914_wof_n06c.npy,1914,white,older,female,neutral,6,c,1.5889583333333333,231.12338370341058,60.613909154825436,17.10986732954841,0.03523716197931931,17.10986732954841
C:\MyProjects\Project-Proposal\PrivateCoach\Project-EchoesofEquity\data/wav\1914_wof_n07c.wav,C:\MyProjects\Project-Proposal\PrivateCoach\Project-EchoesofEquity\data/melspec\1914_wof_n07c.npy,1914,white,older,female,neutral,7,c,1.4402291666666667,192.42602026620438,78.98951326735721,17.707022691032222,0.04092232025910577,17.707022691032222
C:\MyProjects\Project-Proposal\PrivateCoach\Project-EchoesofEquity\data/wav\1914_wof_n08c.wav,C:\MyProjects\Project-Proposal\PrivateCoach\Project-EchoesofEquity\data/melspec\1914_wof_n08c.npy,1914,white,older,female,neutral,8,c,1.7088541666666666,190.20087798808606,102.51264723670103,16.065929989636604,0.0411229004869977,16.065929989636604
C:\MyProjects\Project-Proposal\PrivateCoach\Project-EchoesofEquity\data/wav\1914_wof_n09.wav,C:\MyProjects\Project-Proposal\PrivateCoach\Project-EchoesofEquity\data/melspec\1914_wof_n09.npy,1914,white,older,female,neutral,9,,1.7235208333333334,148.1685344989991,23.178136284135324,17.861452586528518,0.03160977325533083,17.861452586528518
C:\MyProjects\Project-Proposal\PrivateCoach\Project-EchoesofEquity\data/wav\1914_wof_n10c.wav,C:\MyProjects\Project-Proposal\PrivateCoach\Project-EchoesofEquity\data/melspec\1914_wof_n10c.npy,1914,white,older,female,neutral,10,c,2.253833333333333,196.56407274032222,33.86629119954874,14.703124239065106,0.03562184483455171,14.703124239065106
C:\MyProjects\Project-Proposal\PrivateCoach\Project-EchoesofEquity\data/wav\1914_wof_t05.wav,C:\MyProjects\Project-Proposal\PrivateCoach\Project-EchoesofEquity\data/melspec\1914_wof_t05.npy,1914,white,older,female,trustworthy,5,,1.8436666666666666,194.74483440276344,61.29409278030849,16.029827512100248,0.035195872188980196,16.029827512100248
C:\MyProjects\Project-Proposal\PrivateCoach\Project-EchoesofEquity\data/wav\1914_wof_t06.wav,C:\MyProjects\Project-Proposal\PrivateCoach\Project-EchoesofEquity\data/melspec\1914_wof_t06.npy,1914,white,older,female,trustworthy,6,,1.5186458333333333,187.63920973859922,64.76456600094187,16.49764568474108,0.03197409651008178,16.49764568474108
C:\MyProjects\Project-Proposal\PrivateCoach\Project-EchoesofEquity\data/wav\1914_wof_t07cc.wav,C:\MyProjects\Project-Proposal\PrivateCoach\Project-EchoesofEquity\data/melspec\1914_wof_t07cc.npy,1914,white,older,female,trustworthy,7,cc,1.3252916666666668,192.68345332219337,86.89363469037286,14.150729479229401,0.04637782024259693,14.150729479229401
C:\MyProjects\Project-Proposal\PrivateCoach\Project-EchoesofEquity\data/wav\1914_wof_t08cc.wav,C:\MyProjects\Project-Proposal\PrivateCoach\Project-EchoesofEquity\data/melspec\1914_wof_t08cc.npy,1914,white,older,female,trustworthy,8,cc,1.5063125,155.36895967227437,41.760785765931296,15.21931388443189,0.030796607665358147,15.21931388443189
C:\MyProjects\Project-Proposal\PrivateCoach\Project-EchoesofEquity\data/wav\1914_wof_t09.wav,C:\MyProjects\Project-Proposal\PrivateCoach\Project-EchoesofEquity\data/melspec\1914_wof_t09.npy,1914,white,older,female,trustworthy,9,,1.5739166666666666,148.11935170655403,41.39959865281759,16.72500315028337,0.03294172776000357,16.72500315028337
C:\MyProjects\Project-Proposal\PrivateCoach\Project-EchoesofEquity\data/wav\1914_wof_t10.wav,C:\MyProjects\Project-Proposal\PrivateCoach\Project-EchoesofEquity\data/melspec\1914_wof_t10.npy,1914,white,older,female,trustworthy,10,,1.791,205.79297133598376,53.49099066474458,15.066192631953362,0.032236051654123375,15.066192631953362
C:\MyProjects\Project-Proposal\PrivateCoach\Project-EchoesofEquity\data/wav\1915_bym_n03.wav,C:\MyProjects\Project-Proposal\PrivateCoach\Project-EchoesofEquity\data/melspec\1915_bym_n03.npy,1915,black,younger,male,neutral,3,,1.7689375,122.46359302095749,12.313747787583802,11.116926414494628,0.01488984732777921,11.116926414494628
C:\MyProjects\Project-Proposal\PrivateCoach\Project-EchoesofEquity\data/wav\1915_bym_n04.wav,C:\MyProjects\Project-Proposal\PrivateCoach\Project-EchoesofEquity\data/melspec\1915_bym_n04.npy,1915,black,younger,male,neutral,4,,1.2232083333333332,126.78986376686419,17.641945922642133,10.954602280373019,0.018096125109260786,10.954602280373019
C:\MyProjects\Project-Proposal\PrivateCoach\Project-EchoesofEquity\data/wav\1915_bym_n05.wav,C:\MyProjects\Project-Proposal\PrivateCoach\Project-EchoesofEquity\data/melspec\1915_bym_n05.npy,1915,black,younger,male,neutral,5,,1.2903125,153.0226718813836,97.56413167342706,10.831592183395058,0.018802007101735435,10.831592183395058
C:\MyProjects\Project-Proposal\PrivateCoach\Project-EchoesofEquity\data/wav\1915_bym_n06.wav,C:\MyProjects\Project-Proposal\PrivateCoach\Project-EchoesofEquity\data/melspec\1915_bym_n06.npy,1915,black,younger,male,neutral,6,,1.2733541666666666,132.06187770973537,12.579124056899351,12.412820959013144,0.018142988979024298,12.412820959013144
C:\MyProjects\Project-Proposal\PrivateCoach\Project-EchoesofEquity\data/wav\1915_bym_n07.wav,C:\MyProjects\Project-Proposal\PrivateCoach\Project-EchoesofEquity\data/melspec\1915_bym_n07.npy,1915,black,younger,male,neutral,7,,1.2634375,129.99533320655772,18.030436463119212,12.423084430584133,0.016410633704175042,12.423084430584133
C:\MyProjects\Project-Proposal\PrivateCoach\Project-EchoesofEquity\data/wav\1915_bym_n08.wav,C:\MyProjects\Project-Proposal\PrivateCoach\Project-EchoesofEquity\data/melspec\1915_bym_n08.npy,1915,black,younger,male,neutral,8,,1.1617916666666666,123.01534100515016,15.35352744101223,8.599334379255913,0.013339279859279548,8.599334379255913
C:\MyProjects\Project-Proposal\PrivateCoach\Project-EchoesofEquity\data/wav\1915_bym_t03c.wav,C:\MyProjects\Project-Proposal\PrivateCoach\Project-EchoesofEquity\data/melspec\1915_bym_t03c.npy,1915,black,younger,male,trustworthy,3,c,1.9537708333333332,138.51036990212796,15.166947801966051,13.094274977201529,0.013896964047383652,13.094274977201529
C:\MyProjects\Project-Proposal\PrivateCoach\Project-EchoesofEquity\data/wav\1915_bym_t04.wav,C:\MyProjects\Project-Proposal\PrivateCoach\Project-EchoesofEquity\data/melspec\1915_bym_t04.npy,1915,black,younger,male,trustworthy,4,,1.2172291666666666,134.08874605707405,29.352451678604456,10.402031278210298,0.02769127116372173,10.402031278210298
C:\MyProjects\Project-Proposal\PrivateCoach\Project-EchoesofEquity\data/wav\1915_bym_t05c.wav,C:\MyProjects\Project-Proposal\PrivateCoach\Project-EchoesofEquity\data/melspec\1915_bym_t05c.npy,1915,black,younger,male,trustworthy,5,c,1.4055208333333333,149.5704662219618,40.7131322254356,9.778927443241743,0.02673551719147887,9.778927443241743
C:\MyProjects\Project-Proposal\PrivateCoach\Project-EchoesofEquity\data/wav\1915_bym_t06c.wav,C:\MyProjects\Project-Proposal\PrivateCoach\Project-EchoesofEquity\data/melspec\1915_bym_t06c.npy,1915,black,younger,male,trustworthy,6,c,1.3446875,203.24389915839566,100.33564607339594,11.302246080516063,0.02370596045901066,11.302246080516063
C:\MyProjects\Project-Proposal\PrivateCoach\Project-EchoesofEquity\data/wav\1915_bym_t07c.wav,C:\MyProjects\Project-Proposal\PrivateCoach\Project-EchoesofEquity\data/melspec\1915_bym_t07c.npy,1915,black,younger,male,trustworthy,7,c,1.3663541666666668,161.061347882231,28.534028681682322,10.149540405100337,0.023400838680389228,10.149540405100337
C:\MyProjects\Project-Proposal\PrivateCoach\Project-EchoesofEquity\data/wav\1915_bym_t08.wav,C:\MyProjects\Project-Proposal\PrivateCoach\Project-EchoesofEquity\data/melspec\1915_bym_t08.npy,1915,black,younger,male,trustworthy,8,,1.268375,129.6057422316426,27.614257337244275,6.974666899349758,0.01719705516669817,6.974666899349758
C:\MyProjects\Project-Proposal\PrivateCoach\Project-EchoesofEquity\data/wav\1916_wom_n05.wav,C:\MyProjects\Project-Proposal\PrivateCoach\Project-EchoesofEquity\data/melspec\1916_wom_n05.npy,1916,white,older,male,neutral,5,,1.5276666666666667,134.9590241600949,15.41557924470853,10.534525048591492,0.025930707982119588,10.534525048591492
C:\MyProjects\Project-Proposal\PrivateCoach\Project-EchoesofEquity\data/wav\1916_wom_n06.wav,C:\MyProjects\Project-Proposal\PrivateCoach\Project-EchoesofEquity\data/melspec\1916_wom_n06.npy,1916,white,older,male,neutral,6,,1.5031875,127.60260303638549,8.538276322701924,12.408661456707083,0.02167877868245168,12.408661456707083
C:\MyProjects\Project-Proposal\PrivateCoach\Project-EchoesofEquity\data/wav\1916_wom_n07.wav,C:\MyProjects\Project-Proposal\PrivateCoach\Project-EchoesofEquity\data/melspec\1916_wom_n07.npy,1916,white,older,male,neutral,7,,1.6035208333333333,133.88017316363167,11.714026657093065,12.75755675955223,0.029860302433904716,12.75755675955223
C:\MyProjects\Project-Proposal\PrivateCoach\Project-EchoesofEquity\data/wav\1916_wom_n08c.wav,C:\MyProjects\Project-Proposal\PrivateCoach\Project-EchoesofEquity\data/melspec\1916_wom_n08c.npy,1916,white,older,male,neutral,8,c,1.4407291666666666,132.1271326950208,12.285941928863338,8.615386989928554,0.019582495831120084,8.615386989928554
C:\MyProjects\Project-Proposal\PrivateCoach\Project-EchoesofEquity\data/wav\1916_wom_n09c.wav,C:\MyProjects\Project-Proposal\PrivateCoach\Project-EchoesofEquity\data/melspec\1916_wom_n09c.npy,1916,white,older,male,neutral,9,c,1.2759375,126.18107701394736,8.557551867680573,8.814130117541179,0.025485249419426457,8.814130117541179
C:\MyProjects\Project-Proposal\PrivateCoach\Project-EchoesofEquity\data/wav\1916_wom_n10c.wav,C:\MyProjects\Project-Proposal\PrivateCoach\Project-EchoesofEquity\data/melspec\1916_wom_n10c.npy,1916,white,older,male,neutral,10,c,1.942125,134.21735090750184,26.338018083504274,7.536981757501193,0.03423153070644973,7.536981757501193
C:\MyProjects\Project-Proposal\PrivateCoach\Project-EchoesofEquity\data/wav\1916_wom_t05.wav,C:\MyProjects\Project-Proposal\PrivateCoach\Project-EchoesofEquity\data/melspec\1916_wom_t05.npy,1916,white,older,male,trustworthy,5,,1.4551875,154.18558699611447,30.12118254200275,11.306520478381143,0.030720487319808757,11.306520478381143
C:\MyProjects\Project-Proposal\PrivateCoach\Project-EchoesofEquity\data/wav\1916_wom_t06.wav,C:\MyProjects\Project-Proposal\PrivateCoach\Project-EchoesofEquity\data/melspec\1916_wom_t06.npy,1916,white,older,male,trustworthy,6,,1.2906041666666668,162.53161407493133,18.605965920396297,11.745896266348229,0.020813051037142066,11.745896266348229
C:\MyProjects\Project-Proposal\PrivateCoach\Project-EchoesofEquity\data/wav\1916_wom_t07.wav,C:\MyProjects\Project-Proposal\PrivateCoach\Project-EchoesofEquity\data/melspec\1916_wom_t07.npy,1916,white,older,male,trustworthy,7,,1.3444791666666667,163.5470946744195,20.215376434870645,13.883234362266306,0.021515247658645844,13.883234362266306
C:\MyProjects\Project-Proposal\PrivateCoach\Project-EchoesofEquity\data/wav\1916_wom_t08.wav,C:\MyProjects\Project-Proposal\PrivateCoach\Project-EchoesofEquity\data/melspec\1916_wom_t08.npy,1916,white,older,male,trustworthy,8,,1.7253125,142.18602234194606,27.161177119519564,9.584496010928074,0.021217715962864606,9.584496010928074
C:\MyProjects\Project-Proposal\PrivateCoach\Project-EchoesofEquity\data/wav\1916_wom_t09c.wav,C:\MyProjects\Project-Proposal\PrivateCoach\Project-EchoesofEquity\data/melspec\1916_wom_t09c.npy,1916,white,older,male,trustworthy,9,c,1.2274166666666666,121.6187559126708,23.80381162233742,9.567816648767629,0.025648443711919905,9.567816648767629
C:\MyProjects\Project-Proposal\PrivateCoach\Project-EchoesofEquity\data/wav\1916_wom_t10c.wav,C:\MyProjects\Project-Proposal\PrivateCoach\Project-EchoesofEquity\data/melspec\1916_wom_t10c.npy,1916,white,older,male,trustworthy,10,c,2.3910416666666667,144.99759857744962,23.450403575579127,7.253332618337547,0.029793988335545613,7.253332618337547
C:\MyProjects\Project-Proposal\PrivateCoach\Project-EchoesofEquity\data/wav\1917_byf_n03c.wav,C:\MyProjects\Project-Proposal\PrivateCoach\Project-EchoesofEquity\data/melspec\1917_byf_n03c.npy,1917,black,younger,female,neutral,3,c,1.3805833333333333,196.21095712963606,112.5440588380059,12.997557807496628,0.014059896234803807,12.997557807496628
C:\MyProjects\Project-Proposal\PrivateCoach\Project-EchoesofEquity\data/wav\1917_byf_n04.wav,C:\MyProjects\Project-Proposal\PrivateCoach\Project-EchoesofEquity\data/melspec\1917_byf_n04.npy,1917,black,younger,female,neutral,4,,1.4574583333333333,173.9210725972654,59.04962998849162,14.540101062427977,0.016677593132990557,14.540101062427977
C:\MyProjects\Project-Proposal\PrivateCoach\Project-EchoesofEquity\data/wav\1917_byf_n05.wav,C:\MyProjects\Project-Proposal\PrivateCoach\Project-EchoesofEquity\data/melspec\1917_byf_n05.npy,1917,black,younger,female,neutral,5,,1.3825416666666666,166.55507124743554,21.396845381680688,9.674777636407555,0.023551739778525326,9.674777636407555
C:\MyProjects\Project-Proposal\PrivateCoach\Project-EchoesofEquity\data/wav\1917_byf_n06.wav,C:\MyProjects\Project-Proposal\PrivateCoach\Project-EchoesofEquity\data/melspec\1917_byf_n06.npy,1917,black,younger,female,neutral,6,,1.3561666666666667,155.87300645974548,21.912795093660193,11.62491501809407,0.017742820163100265,11.62491501809407
C:\MyProjects\Project-Proposal\PrivateCoach\Project-EchoesofEquity\data/wav\1917_byf_n07.wav,C:\MyProjects\Project-Proposal\PrivateCoach\Project-EchoesofEquity\data/melspec\1917_byf_n07.npy,1917,black,younger,female,neutral,7,,1.3384583333333333,163.8952275314707,5.88923634826463,14.840467737243081,0.02018921413770441,14.840467737243081
C:\MyProjects\Project-Proposal\PrivateCoach\Project-EchoesofEquity\data/wav\1917_byf_n08.wav,C:\MyProjects\Project-Proposal\PrivateCoach\Project-EchoesofEquity\data/melspec\1917_byf_n08.npy,1917,black,younger,female,neutral,8,,1.3186666666666667,153.42990202076683,19.4506747701474,13.538192025771979,0.012702141030420474,13.538192025771979
C:\MyProjects\Project-Proposal\PrivateCoach\Project-EchoesofEquity\data/wav\1917_byf_t03.wav,C:\MyProjects\Project-Proposal\PrivateCoach\Project-EchoesofEquity\data/melspec\1917_byf_t03.npy,1917,black,younger,female,trustworthy,3,,1.6676875,206.61763750149217,43.30283473424515,15.143989154075179,0.01341346709287462,15.143989154075179
C:\MyProjects\Project-Proposal\PrivateCoach\Project-EchoesofEquity\data/wav\1917_byf_t04.wav,C:\MyProjects\Project-Proposal\PrivateCoach\Project-EchoesofEquity\data/melspec\1917_byf_t04.npy,1917,black,younger,female,trustworthy,4,,1.1890625,196.53559805517955,22.678459745650265,13.697539076140876,0.01659176291742393,13.697539076140876
C:\MyProjects\Project-Proposal\PrivateCoach\Project-EchoesofEquity\data/wav\1917_byf_t05.wav,C:\MyProjects\Project-Proposal\PrivateCoach\Project-EchoesofEquity\data/melspec\1917_byf_t05.npy,1917,black,younger,female,trustworthy,5,,1.2346666666666666,207.15632370060257,52.15259309524535,11.02617296261328,0.022106426835832412,11.02617296261328
C:\MyProjects\Project-Proposal\PrivateCoach\Project-EchoesofEquity\data/wav\1917_byf_t06.wav,C:\MyProjects\Project-Proposal\PrivateCoach\Project-EchoesofEquity\data/melspec\1917_byf_t06.npy,1917,black,younger,female,trustworthy,6,,1.195625,211.21230118297208,70.81591563098031,10.45812419807076,0.025880733243036597,10.45812419807076
C:\MyProjects\Project-Proposal\PrivateCoach\Project-EchoesofEquity\data/wav\1917_byf_t07.wav,C:\MyProjects\Project-Proposal\PrivateCoach\Project-EchoesofEquity\data/melspec\1917_byf_t07.npy,1917,black,younger,female,trustworthy,7,,1.1420208333333333,234.4813281449865,52.38067866313196,13.435793257889456,0.020390896949277603,13.435793257889456
C:\MyProjects\Project-Proposal\PrivateCoach\Project-EchoesofEquity\data/wav\1917_byf_t08.wav,C:\MyProjects\Project-Proposal\PrivateCoach\Project-EchoesofEquity\data/melspec\1917_byf_t08.npy,1917,black,younger,female,trustworthy,8,,1.4833125,194.33181801480876,36.23139636096549,13.026286806127958,0.013086701695264632,13.026286806127958
C:\MyProjects\Project-Proposal\PrivateCoach\Project-EchoesofEquity\data/wav\1918_ayf_n03c.wav,C:\MyProjects\Project-Proposal\PrivateCoach\Project-EchoesofEquity\data/melspec\1918_ayf_n03c.npy,1918,south_asian,younger,female,neutral,3,c,1.7474791666666667,197.5406583716309,34.34915774128608,15.775780234353928,0.017719766420593443,15.775780234353928
C:\MyProjects\Project-Proposal\PrivateCoach\Project-EchoesofEquity\data/wav\1918_ayf_n04.wav,C:\MyProjects\Project-Proposal\PrivateCoach\Project-EchoesofEquity\data/melspec\1918_ayf_n04.npy,1918,south_asian,younger,female,neutral,4,,1.3207916666666666,191.5742382733539,11.597776045117723,17.091997126054554,0.015670910564223643,17.091997126054554
C:\MyProjects\Project-Proposal\PrivateCoach\Project-EchoesofEquity\data/wav\1918_ayf_n05.wav,C:\MyProjects\Project-Proposal\PrivateCoach\Project-EchoesofEquity\data/melspec\1918_ayf_n05.npy,1918,south_asian,younger,female,neutral,5,,1.431,199.72082989831958,25.878024999991634,15.516039099512529,0.021364877373081962,15.516039099512529
C:\MyProjects\Project-Proposal\PrivateCoach\Project-EchoesofEquity\data/wav\1918_ayf_n06.wav,C:\MyProjects\Project-Proposal\PrivateCoach\Project-EchoesofEquity\data/melspec\1918_ayf_n06.npy,1918,south_asian,younger,female,neutral,6,,1.0883333333333334,188.23264499048057,23.07279283632546,13.887013140520272,0.028717108528423865,13.887013140520272
C:\MyProjects\Project-Proposal\PrivateCoach\Project-EchoesofEquity\data/wav\1918_ayf_n07.wav,C:\MyProjects\Project-Proposal\PrivateCoach\Project-EchoesofEquity\data/melspec\1918_ayf_n07.npy,1918,south_asian,younger,female,neutral,7,,1.5369375,196.63918833733823,22.60643478774795,15.303909657714456,0.021923918433322975,15.303909657714456
C:\MyProjects\Project-Proposal\PrivateCoach\Project-EchoesofEquity\data/wav\1918_ayf_n08c.wav,C:\MyProjects\Project-Proposal\PrivateCoach\Project-EchoesofEquity\data/melspec\1918_ayf_n08c.npy,1918,south_asian,younger,female,neutral,8,c,1.5794375,176.37115659796095,35.69822165072399,17.2486818610594,0.022777599025142883,17.2486818610594
C:\MyProjects\Project-Proposal\PrivateCoach\Project-EchoesofEquity\data/wav\1918_ayf_t03.wav,C:\MyProjects\Project-Proposal\PrivateCoach\Project-EchoesofEquity\data/melspec\1918_ayf_t03.npy,1918,south_asian,younger,female,trustworthy,3,,1.416125,211.77532407604755,51.774291694771165,14.087214401287824,0.016272323318714803,14.087214401287824
C:\MyProjects\Project-Proposal\PrivateCoach\Project-EchoesofEquity\data/wav\1918_ayf_t04.wav,C:\MyProjects\Project-Proposal\PrivateCoach\Project-EchoesofEquity\data/melspec\1918_ayf_t04.npy,1918,south_asian,younger,female,trustworthy,4,,1.2222291666666667,254.11688891829917,69.65927269540589,18.48757249979497,0.014424828367038345,18.48757249979497
C:\MyProjects\Project-Proposal\PrivateCoach\Project-EchoesofEquity\data/wav\1918_ayf_t05.wav,C:\MyProjects\Project-Proposal\PrivateCoach\Project-EchoesofEquity\data/melspec\1918_ayf_t05.npy,1918,south_asian,younger,female,trustworthy,5,,1.3451875,290.19463092902777,60.12988066415491,14.755303226911337,0.024509626832950947,14.755303226911337
C:\MyProjects\Project-Proposal\PrivateCoach\Project-EchoesofEquity\data/wav\1918_ayf_t06.wav,C:\MyProjects\Project-Proposal\PrivateCoach\Project-EchoesofEquity\data/melspec\1918_ayf_t06.npy,1918,south_asian,younger,female,trustworthy,6,,1.0456875,276.51978992143745,81.29548590561993,15.742072638737676,0.020309276906571572,15.742072638737676
C:\MyProjects\Project-Proposal\PrivateCoach\Project-EchoesofEquity\data/wav\1918_ayf_t07.wav,C:\MyProjects\Project-Proposal\PrivateCoach\Project-EchoesofEquity\data/melspec\1918_ayf_t07.npy,1918,south_asian,younger,female,trustworthy,7,,1.2639375,242.95149492213372,58.226278895707885,16.095676307786434,0.01812712747378231,16.095676307786434
C:\MyProjects\Project-Proposal\PrivateCoach\Project-EchoesofEquity\data/wav\1918_ayf_t08.wav,C:\MyProjects\Project-Proposal\PrivateCoach\Project-EchoesofEquity\data/melspec\1918_ayf_t08.npy,1918,south_asian,younger,female,trustworthy,8,,1.1339583333333334,210.09533589185133,81.14962950380038,10.69655689598075,0.02849683343296633,10.69655689598075
C:\MyProjects\Project-Proposal\PrivateCoach\Project-EchoesofEquity\data/wav\1923_wom_n07c.wav,C:\MyProjects\Project-Proposal\PrivateCoach\Project-EchoesofEquity\data/melspec\1923_wom_n07c.npy,1923,white,older,male,neutral,7,c,1.8712916666666666,96.05871062835749,8.58964418298772,12.749545394449575,0.019195788117841193,12.749545394449575
C:\MyProjects\Project-Proposal\PrivateCoach\Project-EchoesofEquity\data/wav\1923_wom_n08c.wav,C:\MyProjects\Project-Proposal\PrivateCoach\Project-EchoesofEquity\data/melspec\1923_wom_n08c.npy,1923,white,older,male,neutral,8,c,1.8399375,92.89211763130287,9.985005408129743,9.340348400226642,0.02874756903556628,9.340348400226642
C:\MyProjects\Project-Proposal\PrivateCoach\Project-EchoesofEquity\data/wav\1923_wom_n09c.wav,C:\MyProjects\Project-Proposal\PrivateCoach\Project-EchoesofEquity\data/melspec\1923_wom_n09c.npy,1923,white,older,male,neutral,9,c,1.8028333333333333,86.94250051152709,8.138285008418347,9.962386224657688,0.01758898171143601,9.962386224657688
C:\MyProjects\Project-Proposal\PrivateCoach\Project-EchoesofEquity\data/wav\1923_wom_n10.wav,C:\MyProjects\Project-Proposal\PrivateCoach\Project-EchoesofEquity\data/melspec\1923_wom_n10.npy,1923,white,older,male,neutral,10,,1.981375,94.6794678108364,12.889262897674644,11.04550599630179,0.019835569388814523,11.04550599630179
C:\MyProjects\Project-Proposal\PrivateCoach\Project-EchoesofEquity\data/wav\1923_wom_n11.wav,C:\MyProjects\Project-Proposal\PrivateCoach\Project-EchoesofEquity\data/melspec\1923_wom_n11.npy,1923,white,older,male,neutral,11,,1.971,91.6581250321826,8.762041844769156,10.633536207081551,0.019352870571089774,10.633536207081551
C:\MyProjects\Project-Proposal\PrivateCoach\Project-EchoesofEquity\data/wav\1923_wom_n12c.wav,C:\MyProjects\Project-Proposal\PrivateCoach\Project-EchoesofEquity\data/melspec\1923_wom_n12c.npy,1923,white,older,male,neutral,12,c,1.861125,86.31259262331618,13.095056403505856,6.007792745730254,0.017961655303547066,6.007792745730254
C:\MyProjects\Project-Proposal\PrivateCoach\Project-EchoesofEquity\data/wav\1923_wom_t07c_version2.wav,C:\MyProjects\Project-Proposal\PrivateCoach\Project-EchoesofEquity\data/melspec\1923_wom_t07c_version2.npy,1923,white,older,male,trustworthy,7,c_version2,1.6875625,95.12667906598142,19.932660826796678,10.863498246354332,0.020196035117469306,10.863498246354332
C:\MyProjects\Project-Proposal\PrivateCoach\Project-EchoesofEquity\data/wav\1923_wom_t08.wav,C:\MyProjects\Project-Proposal\PrivateCoach\Project-EchoesofEquity\data/melspec\1923_wom_t08.npy,1923,white,older,male,trustworthy,8,,1.5283541666666667,116.41135599458552,27.019376387754065,8.463126772036619,0.019969198592053938,8.463126772036619
C:\MyProjects\Project-Proposal\PrivateCoach\Project-EchoesofEquity\data/wav\1923_wom_t09.wav,C:\MyProjects\Project-Proposal\PrivateCoach\Project-EchoesofEquity\data/melspec\1923_wom_t09.npy,1923,white,older,male,trustworthy,9,,2.0655,98.56600686577934,16.10030633220521,9.50097853201214,0.024234820064086726,9.50097853201214
C:\MyProjects\Project-Proposal\PrivateCoach\Project-EchoesofEquity\data/wav\1923_wom_t10.wav,C:\MyProjects\Project-Proposal\PrivateCoach\Project-EchoesofEquity\data/melspec\1923_wom_t10.npy,1923,white,older,male,trustworthy,10,,2.487979166666667,108.3955998118143,19.74977112107231,8.030930514777193,0.03162493948731601,8.030930514777193
C:\MyProjects\Project-Proposal\PrivateCoach\Project-EchoesofEquity\data/wav\1923_wom_t11.wav,C:\MyProjects\Project-Proposal\PrivateCoach\Project-EchoesofEquity\data/melspec\1923_wom_t11.npy,1923,white,older,male,trustworthy,11,,2.1266875,100.2406948101956,14.985169651398444,7.515627946947969,0.03449425498917451,7.515627946947969
C:\MyProjects\Project-Proposal\PrivateCoach\Project-EchoesofEquity\data/wav\1923_wom_t12c_version2.wav,C:\MyProjects\Project-Proposal\PrivateCoach\Project-EchoesofEquity\data/melspec\1923_wom_t12c_version2.npy,1923,white,older,male,trustworthy,12,c_version2,1.7926041666666668,94.42532805816404,27.495577831214785,9.094755908555005,0.018020170612479413,9.094755908555005
C:\MyProjects\Project-Proposal\PrivateCoach\Project-EchoesofEquity\data/wav\1924_bym_n05.wav,C:\MyProjects\Project-Proposal\PrivateCoach\Project-EchoesofEquity\data/melspec\1924_bym_n05.npy,1924,black,younger,male,neutral,5,,2.180833333333333,166.81181726246578,56.921637320526905,15.559797188954036,0.024175811699869605,15.559797188954036
C:\MyProjects\Project-Proposal\PrivateCoach\Project-EchoesofEquity\data/wav\1924_bym_n06.wav,C:\MyProjects\Project-Proposal\PrivateCoach\Project-EchoesofEquity\data/melspec\1924_bym_n06.npy,1924,black,younger,male,neutral,6,,2.1946458333333334,158.37951550213805,13.356655900684592,17.797828266889148,0.019882363143935735,17.797828266889148
C:\MyProjects\Project-Proposal\PrivateCoach\Project-EchoesofEquity\data/wav\1924_bym_n07.wav,C:\MyProjects\Project-Proposal\PrivateCoach\Project-EchoesofEquity\data/melspec\1924_bym_n07.npy,1924,black,younger,male,neutral,7,,2.191875,154.9280476090471,55.02534034780376,16.32199408427391,0.025780373710124482,16.32199408427391
C:\MyProjects\Project-Proposal\PrivateCoach\Project-EchoesofEquity\data/wav\1924_bym_n08.wav,C:\MyProjects\Project-Proposal\PrivateCoach\Project-EchoesofEquity\data/melspec\1924_bym_n08.npy,1924,black,younger,male,neutral,8,,2.6473958333333334,167.96709744799418,77.32328288491993,16.333149440809926,0.01654851380559849,16.333149440809926
C:\MyProjects\Project-Proposal\PrivateCoach\Project-EchoesofEquity\data/wav\1924_bym_n09.wav,C:\MyProjects\Project-Proposal\PrivateCoach\Project-EchoesofEquity\data/melspec\1924_bym_n09.npy,1924,black,younger,male,neutral,9,,2.8447291666666668,163.268026025514,64.86427386304906,16.726400232640433,0.013923462610323381,16.726400232640433
C:\MyProjects\Project-Proposal\PrivateCoach\Project-EchoesofEquity\data/wav\1924_bym_n10.wav,C:\MyProjects\Project-Proposal\PrivateCoach\Project-EchoesofEquity\data/melspec\1924_bym_n10.npy,1924,black,younger,male,neutral,10,,2.997895833333333,151.19383439137206,25.741209828845072,11.360450416614668,0.023016692246367626,11.360450416614668
C:\MyProjects\Project-Proposal\PrivateCoach\Project-EchoesofEquity\data/wav\1924_bym_t05c.wav,C:\MyProjects\Project-Proposal\PrivateCoach\Project-EchoesofEquity\data/melspec\1924_bym_t05c.npy,1924,black,younger,male,trustworthy,5,c,1.5125833333333334,162.6212242570658,31.9703282361096,15.786004803935226,0.0224179791287998,15.786004803935226
C:\MyProjects\Project-Proposal\PrivateCoach\Project-EchoesofEquity\data/wav\1924_bym_t06c.wav,C:\MyProjects\Project-Proposal\PrivateCoach\Project-EchoesofEquity\data/melspec\1924_bym_t06c.npy,1924,black,younger,male,trustworthy,6,c,1.2957708333333333,159.22069292630607,58.6792890127526,15.215823940838314,0.01939119536972648,15.215823940838314
C:\MyProjects\Project-Proposal\PrivateCoach\Project-EchoesofEquity\data/wav\1924_bym_t07c.wav,C:\MyProjects\Project-Proposal\PrivateCoach\Project-EchoesofEquity\data/melspec\1924_bym_t07c.npy,1924,black,younger,male,trustworthy,7,c,1.3331666666666666,159.30910372448818,30.12503154265003,16.637592716368953,0.023086882669335094,16.637592716368953
C:\MyProjects\Project-Proposal\PrivateCoach\Project-EchoesofEquity\data/wav\1924_bym_t08c.wav,C:\MyProjects\Project-Proposal\PrivateCoach\Project-EchoesofEquity\data/melspec\1924_bym_t08c.npy,1924,black,younger,male,trustworthy,8,c,1.4564583333333334,155.72259271596698,28.312886038279906,16.21439433020418,0.019925274159729642,16.21439433020418
C:\MyProjects\Project-Proposal\PrivateCoach\Project-EchoesofEquity\data/wav\1924_bym_t09c.wav,C:\MyProjects\Project-Proposal\PrivateCoach\Project-EchoesofEquity\data/melspec\1924_bym_t09c.npy,1924,black,younger,male,trustworthy,9,c,1.2798125,189.77654195253737,107.1753439733074,12.151622224036705,0.03074238157729931,12.151622224036705
C:\MyProjects\Project-Proposal\PrivateCoach\Project-EchoesofEquity\data/wav\1924_bym_t10c.wav,C:\MyProjects\Project-Proposal\PrivateCoach\Project-EchoesofEquity\data/melspec\1924_bym_t10c.npy,1924,black,younger,male,trustworthy,10,c,1.7674583333333334,174.05173498216067,49.21824568790894,11.987744703413801,0.024839923562316672,11.987744703413801
C:\MyProjects\Project-Proposal\PrivateCoach\Project-EchoesofEquity\data/wav\1925_byf_n05c.wav,C:\MyProjects\Project-Proposal\PrivateCoach\Project-EchoesofEquity\data/melspec\1925_byf_n05c.npy,1925,black,younger,female,neutral,5,c,1.3082291666666668,166.64938173773294,19.0173547555137,10.84535944197734,0.029903498014339218,10.84535944197734
C:\MyProjects\Project-Proposal\PrivateCoach\Project-EchoesofEquity\data/wav\1925_byf_n06c.wav,C:\MyProjects\Project-Proposal\PrivateCoach\Project-EchoesofEquity\data/melspec\1925_byf_n06c.npy,1925,black,younger,female,neutral,6,c,1.22475,165.0946232111152,10.66339255176415,15.360524180066424,0.021006941560352353,15.360524180066424
C:\MyProjects\Project-Proposal\PrivateCoach\Project-EchoesofEquity\data/wav\1925_byf_n07c.wav,C:\MyProjects\Project-Proposal\PrivateCoach\Project-EchoesofEquity\data/melspec\1925_byf_n07c.npy,1925,black,younger,female,neutral,7,c,1.3628125,158.14644179109712,21.003097632012086,16.772945276453786,0.01912442994324958,16.772945276453786
C:\MyProjects\Project-Proposal\PrivateCoach\Project-EchoesofEquity\data/wav\1925_byf_n08.wav,C:\MyProjects\Project-Proposal\PrivateCoach\Project-EchoesofEquity\data/melspec\1925_byf_n08.npy,1925,black,younger,female,neutral,8,,1.5998333333333334,157.2264391441128,24.068256635957695,10.350555250092823,0.02418517634685209,10.350555250092823
C:\MyProjects\Project-Proposal\PrivateCoach\Project-EchoesofEquity\data/wav\1925_byf_n09.wav,C:\MyProjects\Project-Proposal\PrivateCoach\Project-EchoesofEquity\data/melspec\1925_byf_n09.npy,1925,black,younger,female,neutral,9,,1.4277083333333334,157.04807644159007,26.615326112969804,11.999924818308845,0.028995751875219595,11.999924818308845
C:\MyProjects\Project-Proposal\PrivateCoach\Project-EchoesofEquity\data/wav\1925_byf_n10.wav,C:\MyProjects\Project-Proposal\PrivateCoach\Project-EchoesofEquity\data/melspec\1925_byf_n10.npy,1925,black,younger,female,neutral,10,,1.9353958333333334,159.6112212478401,59.275794360236155,7.39476472152731,0.04154993462157566,7.39476472152731
C:\MyProjects\Project-Proposal\PrivateCoach\Project-EchoesofEquity\data/wav\1925_byf_t05.wav,C:\MyProjects\Project-Proposal\PrivateCoach\Project-EchoesofEquity\data/melspec\1925_byf_t05.npy,1925,black,younger,female,trustworthy,5,,1.6360833333333333,194.85421831773738,28.401375793416886,8.222709646879583,0.028034977541324793,8.222709646879583
C:\MyProjects\Project-Proposal\PrivateCoach\Project-EchoesofEquity\data/wav\1925_byf_t06.wav,C:\MyProjects\Project-Proposal\PrivateCoach\Project-EchoesofEquity\data/melspec\1925_byf_t06.npy,1925,black,younger,female,trustworthy,6,,1.193,210.08372777500648,20.39400471206598,13.979954962685504,0.02264402506713172,13.979954962685504
C:\MyProjects\Project-Proposal\PrivateCoach\Project-EchoesofEquity\data/wav\1925_byf_t07c.wav,C:\MyProjects\Project-Proposal\PrivateCoach\Project-EchoesofEquity\data/melspec\1925_byf_t07c.npy,1925,black,younger,female,trustworthy,7,c,1.3840625,214.60956694621777,23.167636819349376,17.594209495412212,0.018950836863550976,17.594209495412212
C:\MyProjects\Project-Proposal\PrivateCoach\Project-EchoesofEquity\data/wav\1925_byf_t08.wav,C:\MyProjects\Project-Proposal\PrivateCoach\Project-EchoesofEquity\data/melspec\1925_byf_t08.npy,1925,black,younger,female,trustworthy,8,,1.3094791666666667,177.74107307902608,35.40482142204681,11.320493696155301,0.018909563578119615,11.320493696155301
C:\MyProjects\Project-Proposal\PrivateCoach\Project-EchoesofEquity\data/wav\1925_byf_t09c.wav,C:\MyProjects\Project-Proposal\PrivateCoach\Project-EchoesofEquity\data/melspec\1925_byf_t09c.npy,1925,black,younger,female,trustworthy,9,c,1.5412708333333334,185.33420984583893,21.44419217583712,13.385678264347822,0.019394603837568872,13.385678264347822
C:\MyProjects\Project-Proposal\PrivateCoach\Project-EchoesofEquity\data/wav\1925_byf_t10.wav,C:\MyProjects\Project-Proposal\PrivateCoach\Project-EchoesofEquity\data/melspec\1925_byf_t10.npy,1925,black,younger,female,trustworthy,10,,1.6244791666666667,242.3757887027756,56.47915431592503,15.260643828576109,0.022594968582250092,15.260643828576109
C:\MyProjects\Project-Proposal\PrivateCoach\Project-EchoesofEquity\data/wav\1926_byf_n07c.wav,C:\MyProjects\Project-Proposal\PrivateCoach\Project-EchoesofEquity\data/melspec\1926_byf_n07c.npy,1926,black,younger,female,neutral,7,c,2.5611875,171.55981452167265,29.28023024003702,16.507465549195583,0.013712616157171257,16.507465549195583
C:\MyProjects\Project-Proposal\PrivateCoach\Project-EchoesofEquity\data/wav\1926_byf_n08c.wav,C:\MyProjects\Project-Proposal\PrivateCoach\Project-EchoesofEquity\data/melspec\1926_byf_n08c.npy,1926,black,younger,female,neutral,8,c,1.5143333333333333,178.76775303346759,34.628608645943,11.249343938247305,0.021085165103243392,11.249343938247305
C:\MyProjects\Project-Proposal\PrivateCoach\Project-EchoesofEquity\data/wav\1926_byf_n09.wav,C:\MyProjects\Project-Proposal\PrivateCoach\Project-EchoesofEquity\data/melspec\1926_byf_n09.npy,1926,black,younger,female,neutral,9,,1.60625,169.27562469324988,16.538299593956015,15.159703465444283,0.014696563798378769,15.159703465444283
C:\MyProjects\Project-Proposal\PrivateCoach\Project-EchoesofEquity\data/wav\1926_byf_n10.wav,C:\MyProjects\Project-Proposal\PrivateCoach\Project-EchoesofEquity\data/melspec\1926_byf_n10.npy,1926,black,younger,female,neutral,10,,1.7731875,180.30620584845826,16.92641367934946,10.246773970863266,0.02033072813423363,10.246773970863266
C:\MyProjects\Project-Proposal\PrivateCoach\Project-EchoesofEquity\data/wav\1926_byf_n11.wav,C:\MyProjects\Project-Proposal\PrivateCoach\Project-EchoesofEquity\data/melspec\1926_byf_n11.npy,1926,black,younger,female,neutral,11,,1.7559791666666666,173.05710806635028,15.35705055942448,11.813389805028851,0.01959642324241724,11.813389805028851
C:\MyProjects\Project-Proposal\PrivateCoach\Project-EchoesofEquity\data/wav\1926_byf_n12c.wav,C:\MyProjects\Project-Proposal\PrivateCoach\Project-EchoesofEquity\data/melspec\1926_byf_n12c.npy,1926,black,younger,female,neutral,12,c,1.6269791666666666,170.3686005243606,19.46176843563192,13.587970416730638,0.02697127335895449,13.587970416730638
C:\MyProjects\Project-Proposal\PrivateCoach\Project-EchoesofEquity\data/wav\1926_byf_t07c.wav,C:\MyProjects\Project-Proposal\PrivateCoach\Project-EchoesofEquity\data/melspec\1926_byf_t07c.npy,1926,black,younger,female,trustworthy,7,c,1.6030208333333333,168.2908146617405,35.98754951463025,13.653652823732367,0.01627136298563049,13.653652823732367
C:\MyProjects\Project-Proposal\PrivateCoach\Project-EchoesofEquity\data/wav\1926_byf_t08.wav,C:\MyProjects\Project-Proposal\PrivateCoach\Project-EchoesofEquity\data/melspec\1926_byf_t08.npy,1926,black,younger,female,trustworthy,8,,1.4732916666666667,241.36704167696595,53.40150801821656,10.160550805391642,0.02497971413132169,10.160550805391642
C:\MyProjects\Project-Proposal\PrivateCoach\Project-EchoesofEquity\data/wav\1926_byf_t09.wav,C:\MyProjects\Project-Proposal\PrivateCoach\Project-EchoesofEquity\data/melspec\1926_byf_t09.npy,1926,black,younger,female,trustworthy,9,,1.9489375,180.93964465270375,29.62563648423652,9.384599685954829,0.014727774193803358,9.384599685954829
C:\MyProjects\Project-Proposal\PrivateCoach\Project-EchoesofEquity\data/wav\1926_byf_t10.wav,C:\MyProjects\Project-Proposal\PrivateCoach\Project-EchoesofEquity\data/melspec\1926_byf_t10.npy,1926,black,younger,female,trustworthy,10,,2.2288958333333335,212.71687553882316,54.66829424732042,9.763235317724794,0.019416049450141425,9.763235317724794
C:\MyProjects\Project-Proposal\PrivateCoach\Project-EchoesofEquity\data/wav\1926_byf_t11c.wav,C:\MyProjects\Project-Proposal\PrivateCoach\Project-EchoesofEquity\data/melspec\1926_byf_t11c.npy,1926,black,younger,female,trustworthy,11,c,2.1305,183.8469771014783,34.86992929679028,9.844673970448216,0.02169226075097805,9.844673970448216
C:\MyProjects\Project-Proposal\PrivateCoach\Project-EchoesofEquity\data/wav\1926_byf_t12.wav,C:\MyProjects\Project-Proposal\PrivateCoach\Project-EchoesofEquity\data/melspec\1926_byf_t12.npy,1926,black,younger,female,trustworthy,12,,1.99225,199.4385606602278,23.048657611839676,13.662591512702638,0.014870165222578577,13.662591512702638
C:\MyProjects\Project-Proposal\PrivateCoach\Project-EchoesofEquity\data/wav\1927_aym_n05.wav,C:\MyProjects\Project-Proposal\PrivateCoach\Project-EchoesofEquity\data/melspec\1927_aym_n05.npy,1927,south_asian,younger,male,neutral,5,,1.3440625,129.42857855365796,9.001416728307216,11.668085685865368,0.026845482526094686,11.668085685865368
C:\MyProjects\Project-Proposal\PrivateCoach\Project-EchoesofEquity\data/wav\1927_aym_n06.wav,C:\MyProjects\Project-Proposal\PrivateCoach\Project-EchoesofEquity\data/melspec\1927_aym_n06.npy,1927,south_asian,younger,male,neutral,6,,1.1302708333333333,144.97956980950505,90.83142267260145,10.004729640146596,0.038431098405664985,10.004729640146596
C:\MyProjects\Project-Proposal\PrivateCoach\Project-EchoesofEquity\data/wav\1927_aym_n07.wav,C:\MyProjects\Project-Proposal\PrivateCoach\Project-EchoesofEquity\data/melspec\1927_aym_n07.npy,1927,south_asian,younger,male,neutral,7,,1.2417083333333334,130.2788302800824,20.646881229550438,8.741684228303475,0.03620063744779124,8.741684228303475
C:\MyProjects\Project-Proposal\PrivateCoach\Project-EchoesofEquity\data/wav\1927_aym_n08.wav,C:\MyProjects\Project-Proposal\PrivateCoach\Project-EchoesofEquity\data/melspec\1927_aym_n08.npy,1927,south_asian,younger,male,neutral,8,,1.2781666666666667,126.49887967363777,12.641505382019222,5.844572183911958,0.026910532486076125,5.844572183911958
C:\MyProjects\Project-Proposal\PrivateCoach\Project-EchoesofEquity\data/wav\1927_aym_n09.wav,C:\MyProjects\Project-Proposal\PrivateCoach\Project-EchoesofEquity\data/melspec\1927_aym_n09.npy,1927,south_asian,younger,male,neutral,9,,1.312375,136.17123759631835,19.996563997673583,6.038019100400557,0.05117084517161528,6.038019100400557
C:\MyProjects\Project-Proposal\PrivateCoach\Project-EchoesofEquity\data/wav\1927_aym_n10.wav,C:\MyProjects\Project-Proposal\PrivateCoach\Project-EchoesofEquity\data/melspec\1927_aym_n10.npy,1927,south_asian,younger,male,neutral,10,,1.0749375,127.91057235278582,13.162895289643204,3.398034590707909,0.060667407519108776,3.398034590707909
C:\MyProjects\Project-Proposal\PrivateCoach\Project-EchoesofEquity\data/wav\1927_aym_t05.wav,C:\MyProjects\Project-Proposal\PrivateCoach\Project-EchoesofEquity\data/melspec\1927_aym_t05.npy,1927,south_asian,younger,male,trustworthy,5,,1.3222708333333333,138.3070875818691,17.788507788365056,10.465784618265797,0.04085025493357953,10.465784618265797
C:\MyProjects\Project-Proposal\PrivateCoach\Project-EchoesofEquity\data/wav\1927_aym_t06.wav,C:\MyProjects\Project-Proposal\PrivateCoach\Project-EchoesofEquity\data/melspec\1927_aym_t06.npy,1927,south_asian,younger,male,trustworthy,6,,1.2554583333333333,134.67994909947862,53.486382935666555,13.043003426020515,0.03649372419639519,13.043003426020515
C:\MyProjects\Project-Proposal\PrivateCoach\Project-EchoesofEquity\data/wav\1927_aym_t07.wav,C:\MyProjects\Project-Proposal\PrivateCoach\Project-EchoesofEquity\data/melspec\1927_aym_t07.npy,1927,south_asian,younger,male,trustworthy,7,,1.2423541666666666,147.53200919217656,29.9157387473837,15.527009051262617,0.040767156749113874,15.527009051262617
C:\MyProjects\Project-Proposal\PrivateCoach\Project-EchoesofEquity\data/wav\1927_aym_t08.wav,C:\MyProjects\Project-Proposal\PrivateCoach\Project-EchoesofEquity\data/melspec\1927_aym_t08.npy,1927,south_asian,younger,male,trustworthy,8,,1.3053958333333333,134.51956461574986,8.956004570826625,8.762084809549862,0.03776755755557131,8.762084809549862
C:\MyProjects\Project-Proposal\PrivateCoach\Project-EchoesofEquity\data/wav\1927_aym_t09.wav,C:\MyProjects\Project-Proposal\PrivateCoach\Project-EchoesofEquity\data/melspec\1927_aym_t09.npy,1927,south_asian,younger,male,trustworthy,9,,1.2620416666666667,136.82544346269782,14.581196812221718,12.05735207577264,0.02866053424841034,12.05735207577264
C:\MyProjects\Project-Proposal\PrivateCoach\Project-EchoesofEquity\data/wav\1927_aym_t10.wav,C:\MyProjects\Project-Proposal\PrivateCoach\Project-EchoesofEquity\data/melspec\1927_aym_t10.npy,1927,south_asian,younger,male,trustworthy,10,,1.0643958333333334,147.0499961130283,74.1482786951484,7.622366272522881,0.04322687768940275,7.622366272522881
C:\MyProjects\Project-Proposal\PrivateCoach\Project-EchoesofEquity\data/wav\1929_wof_n07.wav,C:\MyProjects\Project-Proposal\PrivateCoach\Project-EchoesofEquity\data/melspec\1929_wof_n07.npy,1929,white,older,female,neutral,7,,1.9265833333333333,214.7370423353608,42.741941973191174,18.0758562568727,0.014768265186767006,18.0758562568727
C:\MyProjects\Project-Proposal\PrivateCoach\Project-EchoesofEquity\data/wav\1929_wof_n08.wav,C:\MyProjects\Project-Proposal\PrivateCoach\Project-EchoesofEquity\data/melspec\1929_wof_n08.npy,1929,white,older,female,neutral,8,,1.9607708333333334,183.62828484652724,56.887832611687045,17.13796026511076,0.011063044611932351,17.13796026511076
C:\MyProjects\Project-Proposal\PrivateCoach\Project-EchoesofEquity\data/wav\1929_wof_n09c.wav,C:\MyProjects\Project-Proposal\PrivateCoach\Project-EchoesofEquity\data/melspec\1929_wof_n09c.npy,1929,white,older,female,neutral,9,c,1.9735833333333332,199.41648250834865,72.59635710165706,18.293623749748363,0.014719637213691858,18.293623749748363
C:\MyProjects\Project-Proposal\PrivateCoach\Project-EchoesofEquity\data/wav\1929_wof_n10c.wav,C:\MyProjects\Project-Proposal\PrivateCoach\Project-EchoesofEquity\data/melspec\1929_wof_n10c.npy,1929,white,older,female,neutral,10,c,2.3903541666666666,193.29940542254704,23.44507294694046,14.408229688794417,0.01564463670769463,14.408229688794417
C:\MyProjects\Project-Proposal\PrivateCoach\Project-EchoesofEquity\data/wav\1929_wof_n11c.wav,C:\MyProjects\Project-Proposal\PrivateCoach\Project-EchoesofEquity\data/melspec\1929_wof_n11c.npy,1929,white,older,female,neutral,11,c,2.406375,192.28382485400024,47.09163663219808,17.72064956126132,0.01364358343875042,17.72064956126132
C:\MyProjects\Project-Proposal\PrivateCoach\Project-EchoesofEquity\data/wav\1929_wof_n12.wav,C:\MyProjects\Project-Proposal\PrivateCoach\Project-EchoesofEquity\data/melspec\1929_wof_n12.npy,1929,white,older,female,neutral,12,,1.8772708333333334,207.2574662980602,31.20056035096944,16.926943727513937,0.01627291508691531,16.926943727513937
C:\MyProjects\Project-Proposal\PrivateCoach\Project-EchoesofEquity\data/wav\1929_wof_t07.wav,C:\MyProjects\Project-Proposal\PrivateCoach\Project-EchoesofEquity\data/melspec\1929_wof_t07.npy,1929,white,older,female,trustworthy,7,,1.8241458333333334,235.03491207397093,49.24594995905054,17.24136732839741,0.01833481671463162,17.24136732839741
C:\MyProjects\Project-Proposal\PrivateCoach\Project-EchoesofEquity\data/wav\1929_wof_t08.wav,C:\MyProjects\Project-Proposal\PrivateCoach\Project-EchoesofEquity\data/melspec\1929_wof_t08.npy,1929,white,older,female,trustworthy,8,,2.0830208333333333,211.2553210115616,42.27421204582694,16.859671493760818,0.015288406234633595,16.859671493760818
C:\MyProjects\Project-Proposal\PrivateCoach\Project-EchoesofEquity\data/wav\1929_wof_t09c.wav,C:\MyProjects\Project-Proposal\PrivateCoach\Project-EchoesofEquity\data/melspec\1929_wof_t09c.npy,1929,white,older,female,trustworthy,9,c,2.1254583333333334,199.46842190870635,36.66267278525931,18.04751350834376,0.014405549189403271,18.04751350834376
C:\MyProjects\Project-Proposal\PrivateCoach\Project-EchoesofEquity\data/wav\1929_wof_t10.wav,C:\MyProjects\Project-Proposal\PrivateCoach\Project-EchoesofEquity\data/melspec\1929_wof_t10.npy,1929,white,older,female,trustworthy,10,,2.3859583333333334,232.69973585847234,51.82592164801486,11.632020741031182,0.020185433139791792,11.632020741031182
C:\MyProjects\Project-Proposal\PrivateCoach\Project-EchoesofEquity\data/wav\1929_wof_t11c.wav,C:\MyProjects\Project-Proposal\PrivateCoach\Project-EchoesofEquity\data/melspec\1929_wof_t11c.npy,1929,white,older,female,trustworthy,11,c,2.757875,202.1377272799185,49.30258944345902,17.309335339833176,0.012440282971688706,17.309335339833176
C:\MyProjects\Project-Proposal\PrivateCoach\Project-EchoesofEquity\data/wav\1929_wof_t12.wav,C:\MyProjects\Project-Proposal\PrivateCoach\Project-EchoesofEquity\data/melspec\1929_wof_t12.npy,1929,white,older,female,trustworthy,12,,1.9403333333333332,206.51877530842555,37.932967407721485,15.795993137552323,0.015287565147905531,15.795993137552323
C:\MyProjects\Project-Proposal\PrivateCoach\Project-EchoesofEquity\data/wav\1931_byf_n07c.wav,C:\MyProjects\Project-Proposal\PrivateCoach\Project-EchoesofEquity\data/melspec\1931_byf_n07c.npy,1931,black,younger,female,neutral,7,c,1.4576666666666667,170.2104314439594,25.287257675010025,15.95160757587922,0.015331710703681146,15.95160757587922
C:\MyProjects\Project-Proposal\PrivateCoach\Project-EchoesofEquity\data/wav\1931_byf_n08c.wav,C:\MyProjects\Project-Proposal\PrivateCoach\Project-EchoesofEquity\data/melspec\1931_byf_n08c.npy,1931,black,younger,female,neutral,8,c,1.4478125,170.20520585688428,28.544520604482592,14.563436036517473,0.014612314470365291,14.563436036517473
C:\MyProjects\Project-Proposal\PrivateCoach\Project-EchoesofEquity\data/wav\1931_byf_n09c.wav,C:\MyProjects\Project-Proposal\PrivateCoach\Project-EchoesofEquity\data/melspec\1931_byf_n09c.npy,1931,black,younger,female,neutral,9,c,1.7426041666666667,165.02202754322812,66.22636523832693,14.956717798806961,0.017186421478984717,14.956717798806961
C:\MyProjects\Project-Proposal\PrivateCoach\Project-EchoesofEquity\data/wav\1931_byf_n10.wav,C:\MyProjects\Project-Proposal\PrivateCoach\Project-EchoesofEquity\data/melspec\1931_byf_n10.npy,1931,black,younger,female,neutral,10,,1.9363333333333332,173.98786807836788,92.28695519328085,8.709668376365201,0.03897928703372556,8.709668376365201
C:\MyProjects\Project-Proposal\PrivateCoach\Project-EchoesofEquity\data/wav\1931_byf_n11c.wav,C:\MyProjects\Project-Proposal\PrivateCoach\Project-EchoesofEquity\data/melspec\1931_byf_n11c.npy,1931,black,younger,female,neutral,11,c,1.8070208333333333,144.261279527506,45.3602310265142,12.113503319807382,0.015267512347622178,12.113503319807382
C:\MyProjects\Project-Proposal\PrivateCoach\Project-EchoesofEquity\data/wav\1931_byf_n12c.wav,C:\MyProjects\Project-Proposal\PrivateCoach\Project-EchoesofEquity\data/melspec\1931_byf_n12c.npy,1931,black,younger,female,neutral,12,c,1.4365208333333332,170.0687225747667,62.17512941175898,8.832906430676893,0.03352533284272273,8.832906430676893
C:\MyProjects\Project-Proposal\PrivateCoach\Project-EchoesofEquity\data/wav\1931_byf_t07.wav,C:\MyProjects\Project-Proposal\PrivateCoach\Project-EchoesofEquity\data/melspec\1931_byf_t07.npy,1931,black,younger,female,trustworthy,7,,1.2976041666666667,211.83853294468295,29.857118777885823,12.3079277852685,0.024382006601513143,12.3079277852685
C:\MyProjects\Project-Proposal\PrivateCoach\Project-EchoesofEquity\data/wav\1931_byf_t08.wav,C:\MyProjects\Project-Proposal\PrivateCoach\Project-EchoesofEquity\data/melspec\1931_byf_t08.npy,1931,black,younger,female,trustworthy,8,,1.2441458333333333,164.18091131339872,66.717365030105,10.504787482045794,0.024178011117295475,10.504787482045794
C:\MyProjects\Project-Proposal\PrivateCoach\Project-EchoesofEquity\data/wav\1931_byf_t09.wav,C:\MyProjects\Project-Proposal\PrivateCoach\Project-EchoesofEquity\data/melspec\1931_byf_t09.npy,1931,black,younger,female,trustworthy,9,,1.4550208333333334,181.82533195654318,91.46464493313272,14.05129204757678,0.014065625573305615,14.05129204757678
C:\MyProjects\Project-Proposal\PrivateCoach\Project-EchoesofEquity\data/wav\1931_byf_t10.wav,C:\MyProjects\Project-Proposal\PrivateCoach\Project-EchoesofEquity\data/melspec\1931_byf_t10.npy,1931,black,younger,female,trustworthy,10,,1.6975416666666667,243.90665503521973,81.69668822141487,10.452724969488791,0.03449508724472118,10.452724969488791
C:\MyProjects\Project-Proposal\PrivateCoach\Project-EchoesofEquity\data/wav\1931_byf_t11c.wav,C:\MyProjects\Project-Proposal\PrivateCoach\Project-EchoesofEquity\data/melspec\1931_byf_t11c.npy,1931,black,younger,female,trustworthy,11,c,1.7242708333333334,183.7232439548459,79.15480495777541,11.167460322930458,0.028987675243660964,11.167460322930458
C:\MyProjects\Project-Proposal\PrivateCoach\Project-EchoesofEquity\data/wav\1931_byf_t12.wav,C:\MyProjects\Project-Proposal\PrivateCoach\Project-EchoesofEquity\data/melspec\1931_byf_t12.npy,1931,black,younger,female,trustworthy,12,,1.3319791666666667,212.18351270290805,23.524813738393018,11.88530080836004,0.0293969174620073,11.88530080836004
C:\MyProjects\Project-Proposal\PrivateCoach\Project-EchoesofEquity\data/wav\1932_aym_n05.wav,C:\MyProjects\Project-Proposal\PrivateCoach\Project-EchoesofEquity\data/melspec\1932_aym_n05.npy,1932,south_asian,younger,male,neutral,5,,1.3947291666666666,108.96358649943666,10.755740680486085,5.599207832132098,0.03395622135686056,5.599207832132098
C:\MyProjects\Project-Proposal\PrivateCoach\Project-EchoesofEquity\data/wav\1932_aym_n06.wav,C:\MyProjects\Project-Proposal\PrivateCoach\Project-EchoesofEquity\data/melspec\1932_aym_n06.npy,1932,south_asian,younger,male,neutral,6,,1.3165625,107.93404179395546,22.26560711413466,10.737565179002742,0.027784512623862313,10.737565179002742
C:\MyProjects\Project-Proposal\PrivateCoach\Project-EchoesofEquity\data/wav\1932_aym_n07.wav,C:\MyProjects\Project-Proposal\PrivateCoach\Project-EchoesofEquity\data/melspec\1932_aym_n07.npy,1932,south_asian,younger,male,neutral,7,,1.5783541666666667,118.13208244517794,73.68405509526117,11.063285312604888,0.023647257563939286,11.063285312604888
C:\MyProjects\Project-Proposal\PrivateCoach\Project-EchoesofEquity\data/wav\1932_aym_n08.wav,C:\MyProjects\Project-Proposal\PrivateCoach\Project-EchoesofEquity\data/melspec\1932_aym_n08.npy,1932,south_asian,younger,male,neutral,8,,1.2541041666666666,101.7280484243804,8.258103986986253,10.508738846954447,0.02425295359131727,10.508738846954447
C:\MyProjects\Project-Proposal\PrivateCoach\Project-EchoesofEquity\data/wav\1932_aym_n09.wav,C:\MyProjects\Project-Proposal\PrivateCoach\Project-EchoesofEquity\data/melspec\1932_aym_n09.npy,1932,south_asian,younger,male,neutral,9,,1.5848333333333333,119.9244708269005,89.61388288935183,10.352510840626087,0.020004188382506987,10.352510840626087
C:\MyProjects\Project-Proposal\PrivateCoach\Project-EchoesofEquity\data/wav\1932_aym_n10.wav,C:\MyProjects\Project-Proposal\PrivateCoach\Project-EchoesofEquity\data/melspec\1932_aym_n10.npy,1932,south_asian,younger,male,neutral,10,,1.610625,152.1352351840974,106.46332710095638,5.6401254096738915,0.03660769903786736,5.6401254096738915
C:\MyProjects\Project-Proposal\PrivateCoach\Project-EchoesofEquity\data/wav\1932_aym_t05c.wav,C:\MyProjects\Project-Proposal\PrivateCoach\Project-EchoesofEquity\data/melspec\1932_aym_t05c.npy,1932,south_asian,younger,male,trustworthy,5,c,1.1778541666666666,127.3336497977862,57.47569108788872,7.166587056230463,0.03566931228277581,7.166587056230463
C:\MyProjects\Project-Proposal\PrivateCoach\Project-EchoesofEquity\data/wav\1932_aym_t06.wav,C:\MyProjects\Project-Proposal\PrivateCoach\Project-EchoesofEquity\data/melspec\1932_aym_t06.npy,1932,south_asian,younger,male,trustworthy,6,,1.092375,150.62118321129202,118.5007679199338,11.33465711384974,0.030051942028885364,11.33465711384974
C:\MyProjects\Project-Proposal\PrivateCoach\Project-EchoesofEquity\data/wav\1932_aym_t07.wav,C:\MyProjects\Project-Proposal\PrivateCoach\Project-EchoesofEquity\data/melspec\1932_aym_t07.npy,1932,south_asian,younger,male,trustworthy,7,,1.33175,109.73393639211568,14.892122116940335,8.994264490692997,0.032189447834521816,8.994264490692997
C:\MyProjects\Project-Proposal\PrivateCoach\Project-EchoesofEquity\data/wav\1932_aym_t08.wav,C:\MyProjects\Project-Proposal\PrivateCoach\Project-EchoesofEquity\data/melspec\1932_aym_t08.npy,1932,south_asian,younger,male,trustworthy,8,,1.1636041666666668,132.3016168395028,35.72957609595705,9.462335758361137,0.03123437578663242,9.462335758361137
C:\MyProjects\Project-Proposal\PrivateCoach\Project-EchoesofEquity\data/wav\1932_aym_t09.wav,C:\MyProjects\Project-Proposal\PrivateCoach\Project-EchoesofEquity\data/melspec\1932_aym_t09.npy,1932,south_asian,younger,male,trustworthy,9,,1.2840625,115.7358275226334,16.22417856785948,11.15778436848875,0.018642217125831684,11.15778436848875
C:\MyProjects\Project-Proposal\PrivateCoach\Project-EchoesofEquity\data/wav\1932_aym_t10.wav,C:\MyProjects\Project-Proposal\PrivateCoach\Project-EchoesofEquity\data/melspec\1932_aym_t10.npy,1932,south_asian,younger,male,trustworthy,10,,1.8448958333333334,148.2401507537682,100.60435908424026,5.233940588789583,0.034955882188063274,5.233940588789583
C:\MyProjects\Project-Proposal\PrivateCoach\Project-EchoesofEquity\data/wav\1935_wof_n09c.wav,C:\MyProjects\Project-Proposal\PrivateCoach\Project-EchoesofEquity\data/melspec\1935_wof_n09c.npy,1935,white,older,female,neutral,9,c,1.6296458333333332,156.19568623669008,14.104274528397855,11.887422653907224,0.0108445165327176,11.887422653907224
C:\MyProjects\Project-Proposal\PrivateCoach\Project-EchoesofEquity\data/wav\1935_wof_n10.wav,C:\MyProjects\Project-Proposal\PrivateCoach\Project-EchoesofEquity\data/melspec\1935_wof_n10.npy,1935,white,older,female,neutral,10,,1.9137708333333334,165.65425665912662,73.6935348955883,9.020559614603677,0.02561379422930421,9.020559614603677
C:\MyProjects\Project-Proposal\PrivateCoach\Project-EchoesofEquity\data/wav\1935_wof_n11.wav,C:\MyProjects\Project-Proposal\PrivateCoach\Project-EchoesofEquity\data/melspec\1935_wof_n11.npy,1935,white,older,female,neutral,11,,2.376895833333333,150.2686977698241,12.388406922478133,15.137606154934893,0.014470923311835578,15.137606154934893
C:\MyProjects\Project-Proposal\PrivateCoach\Project-EchoesofEquity\data/wav\1935_wof_n12c.wav,C:\MyProjects\Project-Proposal\PrivateCoach\Project-EchoesofEquity\data/melspec\1935_wof_n12c.npy,1935,white,older,female,neutral,12,c,1.6125,152.16953261991162,9.852780462918657,12.20398693247653,0.019958191354146008,12.20398693247653
C:\MyProjects\Project-Proposal\PrivateCoach\Project-EchoesofEquity\data/wav\1935_wof_n13.wav,C:\MyProjects\Project-Proposal\PrivateCoach\Project-EchoesofEquity\data/melspec\1935_wof_n13.npy,1935,white,older,female,neutral,13,,1.5276041666666667,151.3546134285142,14.715089564463085,13.73376708925772,0.013533152300524052,13.73376708925772
C:\MyProjects\Project-Proposal\PrivateCoach\Project-EchoesofEquity\data/wav\1935_wof_n14c.wav,C:\MyProjects\Project-Proposal\PrivateCoach\Project-EchoesofEquity\data/melspec\1935_wof_n14c.npy,1935,white,older,female,neutral,14,c,1.5365625,145.6429962510159,12.155700463115043,11.357608920823646,0.02379336554611519,11.357608920823646
C:\MyProjects\Project-Proposal\PrivateCoach\Project-EchoesofEquity\data/wav\1935_wof_t09.wav,C:\MyProjects\Project-Proposal\PrivateCoach\Project-EchoesofEquity\data/melspec\1935_wof_t09.npy,1935,white,older,female,trustworthy,9,,1.4919583333333333,162.0492460533228,24.267325922852514,11.2161870714171,0.01825598901258643,11.2161870714171
C:\MyProjects\Project-Proposal\PrivateCoach\Project-EchoesofEquity\data/wav\1935_wof_t10cc.wav,C:\MyProjects\Project-Proposal\PrivateCoach\Project-EchoesofEquity\data/melspec\1935_wof_t10cc.npy,1935,white,older,female,trustworthy,10,cc,2.2440625,186.39657140490039,24.327118846251103,11.66374150763004,0.028077695071610342,11.66374150763004
C:\MyProjects\Project-Proposal\PrivateCoach\Project-EchoesofEquity\data/wav\1935_wof_t11.wav,C:\MyProjects\Project-Proposal\PrivateCoach\Project-EchoesofEquity\data/melspec\1935_wof_t11.npy,1935,white,older,female,trustworthy,11,,2.4048541666666665,167.95112565796865,32.92780487031402,14.910987412800656,0.015585072405893605,14.910987412800656
C:\MyProjects\Project-Proposal\PrivateCoach\Project-EchoesofEquity\data/wav\1935_wof_t12.wav,C:\MyProjects\Project-Proposal\PrivateCoach\Project-EchoesofEquity\data/melspec\1935_wof_t12.npy,1935,white,older,female,trustworthy,12,,2.0624375,175.12446620062556,27.733233156728605,13.139029875369651,0.026402156381738717,13.139029875369651
C:\MyProjects\Project-Proposal\PrivateCoach\Project-EchoesofEquity\data/wav\1935_wof_t13.wav,C:\MyProjects\Project-Proposal\PrivateCoach\Project-EchoesofEquity\data/melspec\1935_wof_t13.npy,1935,white,older,female,trustworthy,13,,2.1229791666666666,170.7528597461651,25.812817549691918,15.21375082770497,0.015708466381909994,15.21375082770497
C:\MyProjects\Project-Proposal\PrivateCoach\Project-EchoesofEquity\data/wav\1935_wof_t14c.wav,C:\MyProjects\Project-Proposal\PrivateCoach\Project-EchoesofEquity\data/melspec\1935_wof_t14c.npy,1935,white,older,female,trustworthy,14,c,1.5009583333333334,159.44806982588878,20.084502961471667,11.27232647114177,0.015517190544366018,11.27232647114177
C:\MyProjects\Project-Proposal\PrivateCoach\Project-EchoesofEquity\data/wav\1936_wom_n09c.wav,C:\MyProjects\Project-Proposal\PrivateCoach\Project-EchoesofEquity\data/melspec\1936_wom_n09c.npy,1936,white,older,male,neutral,9,c,1.4559375,108.47265520560556,88.73293680968737,7.450262133358035,0.020438579392551868,7.450262133358035
C:\MyProjects\Project-Proposal\PrivateCoach\Project-EchoesofEquity\data/wav\1936_wom_n10.wav,C:\MyProjects\Project-Proposal\PrivateCoach\Project-EchoesofEquity\data/melspec\1936_wom_n10.npy,1936,white,older,male,neutral,10,,1.7574375,177.3577656696183,169.5975689709405,6.812830512469726,0.02719645741335575,6.812830512469726
C:\MyProjects\Project-Proposal\PrivateCoach\Project-EchoesofEquity\data/wav\1936_wom_n11.wav,C:\MyProjects\Project-Proposal\PrivateCoach\Project-EchoesofEquity\data/melspec\1936_wom_n11.npy,1936,white,older,male,neutral,11,,1.6508125,87.71555363596289,7.861439242988134,7.7164480388591805,0.018468438032516646,7.7164480388591805
C:\MyProjects\Project-Proposal\PrivateCoach\Project-EchoesofEquity\data/wav\1936_wom_n12.wav,C:\MyProjects\Project-Proposal\PrivateCoach\Project-EchoesofEquity\data/melspec\1936_wom_n12.npy,1936,white,older,male,neutral,12,,1.5795625,86.46050046854907,14.36344178859753,9.233130623550034,0.021587355883045296,9.233130623550034
C:\MyProjects\Project-Proposal\PrivateCoach\Project-EchoesofEquity\data/wav\1936_wom_n13.wav,C:\MyProjects\Project-Proposal\PrivateCoach\Project-EchoesofEquity\data/melspec\1936_wom_n13.npy,1936,white,older,male,neutral,13,,1.6353958333333334,100.07832585834241,65.69144764131653,10.414285447024955,0.013738673058454479,10.414285447024955
C:\MyProjects\Project-Proposal\PrivateCoach\Project-EchoesofEquity\data/wav\1936_wom_n14.wav,C:\MyProjects\Project-Proposal\PrivateCoach\Project-EchoesofEquity\data/melspec\1936_wom_n14.npy,1936,white,older,male,neutral,14,,1.3818541666666666,83.34840273449879,4.215536490083447,7.744432041340306,0.0233056682130158,7.744432041340306
C:\MyProjects\Project-Proposal\PrivateCoach\Project-EchoesofEquity\data/wav\1936_wom_t09.wav,C:\MyProjects\Project-Proposal\PrivateCoach\Project-EchoesofEquity\data/melspec\1936_wom_t09.npy,1936,white,older,male,trustworthy,9,,1.7148541666666666,114.55644603237307,21.338356183209452,5.747229804454405,0.02795297925224459,5.747229804454405
C:\MyProjects\Project-Proposal\PrivateCoach\Project-EchoesofEquity\data/wav\1936_wom_t10.wav,C:\MyProjects\Project-Proposal\PrivateCoach\Project-EchoesofEquity\data/melspec\1936_wom_t10.npy,1936,white,older,male,trustworthy,10,,3.0335625,179.449950230233,130.0674766272386,6.674601001570148,0.021964273728648166,6.674601001570148
C:\MyProjects\Project-Proposal\PrivateCoach\Project-EchoesofEquity\data/wav\1936_wom_t11.wav,C:\MyProjects\Project-Proposal\PrivateCoach\Project-EchoesofEquity\data/melspec\1936_wom_t11.npy,1936,white,older,male,trustworthy,11,,2.6308541666666665,124.59886799332094,24.606702236612588,6.726304763131518,0.024270015841062663,6.726304763131518
C:\MyProjects\Project-Proposal\PrivateCoach\Project-EchoesofEquity\data/wav\1936_wom_t12.wav,C:\MyProjects\Project-Proposal\PrivateCoach\Project-EchoesofEquity\data/melspec\1936_wom_t12.npy,1936,white,older,male,trustworthy,12,,1.775625,117.4487547252982,27.680677045875925,8.413350719990003,0.024096268790741886,8.413350719990003
C:\MyProjects\Project-Proposal\PrivateCoach\Project-EchoesofEquity\data/wav\1936_wom_t13.wav,C:\MyProjects\Project-Proposal\PrivateCoach\Project-EchoesofEquity\data/melspec\1936_wom_t13.npy,1936,white,older,male,trustworthy,13,,1.4519375,142.63933312797718,40.049574303124395,9.893959382867347,0.013627809764547118,9.893959382867347
C:\MyProjects\Project-Proposal\PrivateCoach\Project-EchoesofEquity\data/wav\1936_wom_t14c.wav,C:\MyProjects\Project-Proposal\PrivateCoach\Project-EchoesofEquity\data/melspec\1936_wom_t14c.npy,1936,white,older,male,trustworthy,14,c,1.6119375,151.4563663505184,117.53445851599093,7.141404444319592,0.026146440829431995,7.141404444319592
C:\MyProjects\Project-Proposal\PrivateCoach\Project-EchoesofEquity\data/wav\1941_wom_n11c.wav,C:\MyProjects\Project-Proposal\PrivateCoach\Project-EchoesofEquity\data/melspec\1941_wom_n11c.npy,1941,white,older,male,neutral,11,c,1.998375,102.54885099638749,5.372045813396052,9.176853389175283,0.015384991903615884,9.176853389175283
C:\MyProjects\Project-Proposal\PrivateCoach\Project-EchoesofEquity\data/wav\1941_wom_n12c.wav,C:\MyProjects\Project-Proposal\PrivateCoach\Project-EchoesofEquity\data/melspec\1941_wom_n12c.npy,1941,white,older,male,neutral,12,c,1.6481875,98.70443286629053,9.424326872231916,8.32700204217019,0.02142122090500002,8.32700204217019
C:\MyProjects\Project-Proposal\PrivateCoach\Project-EchoesofEquity\data/wav\1941_wom_n13.wav,C:\MyProjects\Project-Proposal\PrivateCoach\Project-EchoesofEquity\data/melspec\1941_wom_n13.npy,1941,white,older,male,neutral,13,,1.5543541666666667,98.86402711930845,8.632393440103618,8.703792032567105,0.02518204919794622,8.703792032567105
C:\MyProjects\Project-Proposal\PrivateCoach\Project-EchoesofEquity\data/wav\1941_wom_n14c.wav,C:\MyProjects\Project-Proposal\PrivateCoach\Project-EchoesofEquity\data/melspec\1941_wom_n14c.npy,1941,white,older,male,neutral,14,c,1.5665416666666667,113.48584690131065,63.31453217445592,10.127677511131358,0.014380237726956832,10.127677511131358
C:\MyProjects\Project-Proposal\PrivateCoach\Project-EchoesofEquity\data/wav\1941_wom_n15c.wav,C:\MyProjects\Project-Proposal\PrivateCoach\Project-EchoesofEquity\data/melspec\1941_wom_n15c.npy,1941,white,older,male,neutral,15,c,1.4743958333333333,113.62193609733308,69.27585502112315,9.583988104790503,0.024520904830742676,9.583988104790503
C:\MyProjects\Project-Proposal\PrivateCoach\Project-EchoesofEquity\data/wav\1941_wom_n16c.wav,C:\MyProjects\Project-Proposal\PrivateCoach\Project-EchoesofEquity\data/melspec\1941_wom_n16c.npy,1941,white,older,male,neutral,16,c,1.5657708333333333,119.66331877551283,72.4171978856391,7.770403256217935,0.030381698189614347,7.770403256217935
C:\MyProjects\Project-Proposal\PrivateCoach\Project-EchoesofEquity\data/wav\1941_wom_t11.wav,C:\MyProjects\Project-Proposal\PrivateCoach\Project-EchoesofEquity\data/melspec\1941_wom_t11.npy,1941,white,older,male,trustworthy,11,,1.9607708333333334,110.05789935757612,27.40646447253,8.82501857161831,0.01832220808044754,8.82501857161831
C:\MyProjects\Project-Proposal\PrivateCoach\Project-EchoesofEquity\data/wav\1941_wom_t12.wav,C:\MyProjects\Project-Proposal\PrivateCoach\Project-EchoesofEquity\data/melspec\1941_wom_t12.npy,1941,white,older,male,trustworthy,12,,1.6070416666666667,114.87479994441793,25.83897931730169,8.510412006887847,0.03539717767393426,8.510412006887847
C:\MyProjects\Project-Proposal\PrivateCoach\Project-EchoesofEquity\data/wav\1941_wom_t13c.wav,C:\MyProjects\Project-Proposal\PrivateCoach\Project-EchoesofEquity\data/melspec\1941_wom_t13c.npy,1941,white,older,male,trustworthy,13,c,1.5707708333333332,102.91961545929435,56.18563746617652,9.888487348633465,0.019845609155429343,9.888487348633465
C:\MyProjects\Project-Proposal\PrivateCoach\Project-EchoesofEquity\data/wav\1941_wom_t14.wav,C:\MyProjects\Project-Proposal\PrivateCoach\Project-EchoesofEquity\data/melspec\1941_wom_t14.npy,1941,white,older,male,trustworthy,14,,1.4932708333333333,118.55438539981925,27.625939363913574,10.710820185745044,0.019712896704293735,10.710820185745044
C:\MyProjects\Project-Proposal\PrivateCoach\Project-EchoesofEquity\data/wav\1941_wom_t15.wav,C:\MyProjects\Project-Proposal\PrivateCoach\Project-EchoesofEquity\data/melspec\1941_wom_t15.npy,1941,white,older,male,trustworthy,15,,1.3783541666666668,108.29169141561715,67.61142666666744,8.312192323278492,0.025097832152613506,8.312192323278492
C:\MyProjects\Project-Proposal\PrivateCoach\Project-EchoesofEquity\data/wav\1941_wom_t16.wav,C:\MyProjects\Project-Proposal\PrivateCoach\Project-EchoesofEquity\data/melspec\1941_wom_t16.npy,1941,white,older,male,trustworthy,16,,1.5793125,116.49287133449396,52.40063925377293,8.631511674397906,0.024309619456707673,8.631511674397906
C:\MyProjects\Project-Proposal\PrivateCoach\Project-EchoesofEquity\data/wav\1942_wof_n11c.wav,C:\MyProjects\Project-Proposal\PrivateCoach\Project-EchoesofEquity\data/melspec\1942_wof_n11c.npy,1942,white,older,female,neutral,11,c,2.435395833333333,190.83657920836188,35.151847032955494,11.067017212342972,0.025671656592446208,11.067017212342972
C:\MyProjects\Project-Proposal\PrivateCoach\Project-EchoesofEquity\data/wav\1942_wof_n12.wav,C:\MyProjects\Project-Proposal\PrivateCoach\Project-EchoesofEquity\data/melspec\1942_wof_n12.npy,1942,white,older,female,neutral,12,,1.597625,210.3697656867388,45.244579565867255,11.425716785059715,0.030884471231685567,11.425716785059715
C:\MyProjects\Project-Proposal\PrivateCoach\Project-EchoesofEquity\data/wav\1942_wof_n13c.wav,C:\MyProjects\Project-Proposal\PrivateCoach\Project-EchoesofEquity\data/melspec\1942_wof_n13c.npy,1942,white,older,female,neutral,13,c,1.5355416666666666,221.65072345229157,40.50888769493684,17.048389811033438,0.01743594805778623,17.048389811033438
C:\MyProjects\Project-Proposal\PrivateCoach\Project-EchoesofEquity\data/wav\1942_wof_n14.wav,C:\MyProjects\Project-Proposal\PrivateCoach\Project-EchoesofEquity\data/melspec\1942_wof_n14.npy,1942,white,older,female,neutral,14,,1.2739375,234.93181659134402,67.71851052903114,11.380555062471966,0.025944645222345027,11.380555062471966
C:\MyProjects\Project-Proposal\PrivateCoach\Project-EchoesofEquity\data/wav\1942_wof_n15c.wav,C:\MyProjects\Project-Proposal\PrivateCoach\Project-EchoesofEquity\data/melspec\1942_wof_n15c.npy,1942,white,older,female,neutral,15,c,1.3950625,236.78832478452944,40.51113373968983,13.879309267278117,0.017557836921578814,13.879309267278117
C:\MyProjects\Project-Proposal\PrivateCoach\Project-EchoesofEquity\data/wav\1942_wof_n16c.wav,C:\MyProjects\Project-Proposal\PrivateCoach\Project-EchoesofEquity\data/melspec\1942_wof_n16c.npy,1942,white,older,female,neutral,16,c,1.6608333333333334,211.65838454037404,32.00414125943664,10.726570399453042,0.036126000166863216,10.726570399453042
C:\MyProjects\Project-Proposal\PrivateCoach\Project-EchoesofEquity\data/wav\1942_wof_t11.wav,C:\MyProjects\Project-Proposal\PrivateCoach\Project-EchoesofEquity\data/melspec\1942_wof_t11.npy,1942,white,older,female,trustworthy,11,,3.935875,236.641581286366,43.139727020012046,16.006993851348216,0.02006504584588884,16.006993851348216
C:\MyProjects\Project-Proposal\PrivateCoach\Project-EchoesofEquity\data/wav\1942_wof_t12.wav,C:\MyProjects\Project-Proposal\PrivateCoach\Project-EchoesofEquity\data/melspec\1942_wof_t12.npy,1942,white,older,female,trustworthy,12,,2.1673125,252.23050918116706,48.675488442233394,12.710123821834914,0.023747970598679818,12.710123821834914
C:\MyProjects\Project-Proposal\PrivateCoach\Project-EchoesofEquity\data/wav\1942_wof_t13ccc.wav,C:\MyProjects\Project-Proposal\PrivateCoach\Project-EchoesofEquity\data/melspec\1942_wof_t13ccc.npy,1942,white,older,female,trustworthy,13,ccc,2.652833333333333,218.53530652595177,61.990116950869876,16.338037856423025,0.018640223620007373,16.338037856423025
C:\MyProjects\Project-Proposal\PrivateCoach\Project-EchoesofEquity\data/wav\1942_wof_t14c.wav,C:\MyProjects\Project-Proposal\PrivateCoach\Project-EchoesofEquity\data/melspec\1942_wof_t14c.npy,1942,white,older,female,trustworthy,14,c,2.043229166666667,229.55773539462405,65.9914808235323,14.199150821508324,0.02120695978672484,14.199150821508324
C:\MyProjects\Project-Proposal\PrivateCoach\Project-EchoesofEquity\data/wav\1942_wof_t15cc.wav,C:\MyProjects\Project-Proposal\PrivateCoach\Project-EchoesofEquity\data/melspec\1942_wof_t15cc.npy,1942,white,older,female,trustworthy,15,cc,2.105625,233.4442525913313,55.817080279491634,15.02466257537778,0.018509184734188694,15.02466257537778
C:\MyProjects\Project-Proposal\PrivateCoach\Project-EchoesofEquity\data/wav\1942_wof_t16.wav,C:\MyProjects\Project-Proposal\PrivateCoach\Project-EchoesofEquity\data/melspec\1942_wof_t16.npy,1942,white,older,female,trustworthy,16,,1.5749791666666666,219.4172570805929,41.61689942459134,10.129302470768788,0.035445432467713436,10.129302470768788
C:\MyProjects\Project-Proposal\PrivateCoach\Project-EchoesofEquity\data/wav\1945_wom_n13.wav,C:\MyProjects\Project-Proposal\PrivateCoach\Project-EchoesofEquity\data/melspec\1945_wom_n13.npy,1945,white,older,male,neutral,13,,1.5974583333333334,146.5896499894922,33.838184412449,11.507010917131922,0.026712386567152097,11.507010917131922
C:\MyProjects\Project-Proposal\PrivateCoach\Project-EchoesofEquity\data/wav\1945_wom_n14c.wav,C:\MyProjects\Project-Proposal\PrivateCoach\Project-EchoesofEquity\data/melspec\1945_wom_n14c.npy,1945,white,older,male,neutral,14,c,1.605625,211.88922755775945,150.49905845019526,7.806874507084449,0.029906145924662,7.806874507084449
C:\MyProjects\Project-Proposal\PrivateCoach\Project-EchoesofEquity\data/wav\1945_wom_n15.wav,C:\MyProjects\Project-Proposal\PrivateCoach\Project-EchoesofEquity\data/melspec\1945_wom_n15.npy,1945,white,older,male,neutral,15,,1.4193958333333334,218.05609726687078,155.85636975520114,7.328921293239118,0.0349126202718365,7.328921293239118
C:\MyProjects\Project-Proposal\PrivateCoach\Project-EchoesofEquity\data/wav\1945_wom_n16c.wav,C:\MyProjects\Project-Proposal\PrivateCoach\Project-EchoesofEquity\data/melspec\1945_wom_n16c.npy,1945,white,older,male,neutral,16,c,1.3776458333333332,183.83951633782485,140.8624336296527,9.209098359547427,0.03152329476892568,9.209098359547427
C:\MyProjects\Project-Proposal\PrivateCoach\Project-EchoesofEquity\data/wav\1945_wom_n17c.wav,C:\MyProjects\Project-Proposal\PrivateCoach\Project-EchoesofEquity\data/melspec\1945_wom_n17c.npy,1945,white,older,male,neutral,17,c,1.629375,131.34415500719064,18.990271263011216,7.939224229927708,0.03233053008541116,7.939224229927708
C:\MyProjects\Project-Proposal\PrivateCoach\Project-EchoesofEquity\data/wav\1945_wom_n18c.wav,C:\MyProjects\Project-Proposal\PrivateCoach\Project-EchoesofEquity\data/melspec\1945_wom_n18c.npy,1945,white,older,male,neutral,18,c,1.7035416666666667,180.37088917019528,119.77317160632953,8.911551685614379,0.02952273375143372,8.911551685614379
C:\MyProjects\Project-Proposal\PrivateCoach\Project-EchoesofEquity\data/wav\1945_wom_t13c.wav,C:\MyProjects\Project-Proposal\PrivateCoach\Project-EchoesofEquity\data/melspec\1945_wom_t13c.npy,1945,white,older,male,trustworthy,13,c,1.6452291666666667,211.7127219941369,116.68089255734762,8.632627280737326,0.02799645141613206,8.632627280737326
C:\MyProjects\Project-Proposal\PrivateCoach\Project-EchoesofEquity\data/wav\1945_wom_t14.wav,C:\MyProjects\Project-Proposal\PrivateCoach\Project-EchoesofEquity\data/melspec\1945_wom_t14.npy,1945,white,older,male,trustworthy,14,,1.3230208333333333,269.3058540526849,164.92381378629855,4.26572875638691,0.03281578951747129,4.26572875638691
C:\MyProjects\Project-Proposal\PrivateCoach\Project-EchoesofEquity\data/wav\1945_wom_t15.wav,C:\MyProjects\Project-Proposal\PrivateCoach\Project-EchoesofEquity\data/melspec\1945_wom_t15.npy,1945,white,older,male,trustworthy,15,,1.281625,289.07255019256274,178.48650405590703,5.847224776574796,0.03455024572031606,5.847224776574796
C:\MyProjects\Project-Proposal\PrivateCoach\Project-EchoesofEquity\data/wav\1945_wom_t16.wav,C:\MyProjects\Project-Proposal\PrivateCoach\Project-EchoesofEquity\data/melspec\1945_wom_t16.npy,1945,white,older,male,trustworthy,16,,1.4039583333333334,281.39346282088337,158.5929688783464,6.149802428632441,0.04849377435001717,6.149802428632441
C:\MyProjects\Project-Proposal\PrivateCoach\Project-EchoesofEquity\data/wav\1945_wom_t17.wav,C:\MyProjects\Project-Proposal\PrivateCoach\Project-EchoesofEquity\data/melspec\1945_wom_t17.npy,1945,white,older,male,trustworthy,17,,1.4119791666666666,172.4106722076356,29.940432411919318,6.214689840829687,0.04066480166275672,6.214689840829687
C:\MyProjects\Project-Proposal\PrivateCoach\Project-EchoesofEquity\data/wav\1945_wom_t18c.wav,C:\MyProjects\Project-Proposal\PrivateCoach\Project-EchoesofEquity\data/melspec\1945_wom_t18c.npy,1945,white,older,male,trustworthy,18,c,1.4805833333333334,169.0521059157199,66.60373478719026,5.511082692229494,0.043155525957336634,5.511082692229494
C:\MyProjects\Project-Proposal\PrivateCoach\Project-EchoesofEquity\data/wav\1948_ayf_n07.wav,C:\MyProjects\Project-Proposal\PrivateCoach\Project-EchoesofEquity\data/melspec\1948_ayf_n07.npy,1948,south_asian,younger,female,neutral,7,,1.51675,138.56815735562532,56.60618360895278,13.432514350758465,0.016505731191903877,13.432514350758465
C:\MyProjects\Project-Proposal\PrivateCoach\Project-EchoesofEquity\data/wav\1948_ayf_n08.wav,C:\MyProjects\Project-Proposal\PrivateCoach\Project-EchoesofEquity\data/melspec\1948_ayf_n08.npy,1948,south_asian,younger,female,neutral,8,,1.4137708333333334,178.80942646061527,25.844133714084034,10.470677724117433,0.017519997605084037,10.470677724117433
C:\MyProjects\Project-Proposal\PrivateCoach\Project-EchoesofEquity\data/wav\1948_ayf_n09.wav,C:\MyProjects\Project-Proposal\PrivateCoach\Project-EchoesofEquity\data/melspec\1948_ayf_n09.npy,1948,south_asian,younger,female,neutral,9,,1.4367291666666666,177.8521693218057,29.210693043298402,12.188749313363145,0.018321058186205306,12.188749313363145
C:\MyProjects\Project-Proposal\PrivateCoach\Project-EchoesofEquity\data/wav\1948_ayf_n10.wav,C:\MyProjects\Project-Proposal\PrivateCoach\Project-EchoesofEquity\data/melspec\1948_ayf_n10.npy,1948,south_asian,younger,female,neutral,10,,1.929375,157.80324103979453,49.79704279944754,8.272199825031306,0.04013521001215589,8.272199825031306
C:\MyProjects\Project-Proposal\PrivateCoach\Project-EchoesofEquity\data/wav\1948_ayf_n11.wav,C:\MyProjects\Project-Proposal\PrivateCoach\Project-EchoesofEquity\data/melspec\1948_ayf_n11.npy,1948,south_asian,younger,female,neutral,11,,2.1546875,194.99542570004974,99.19521289102423,12.924191559415359,0.014883840416344355,12.924191559415359
C:\MyProjects\Project-Proposal\PrivateCoach\Project-EchoesofEquity\data/wav\1948_ayf_n12.wav,C:\MyProjects\Project-Proposal\PrivateCoach\Project-EchoesofEquity\data/melspec\1948_ayf_n12.npy,1948,south_asian,younger,female,neutral,12,,1.3638541666666666,168.50640944423938,30.748946709348708,12.879240747024346,0.014498901739854313,12.879240747024346
C:\MyProjects\Project-Proposal\PrivateCoach\Project-EchoesofEquity\data/wav\1948_ayf_t07.wav,C:\MyProjects\Project-Proposal\PrivateCoach\Project-EchoesofEquity\data/melspec\1948_ayf_t07.npy,1948,south_asian,younger,female,trustworthy,7,,1.3813541666666667,223.27558505256042,77.1513990067175,18.092814501290047,0.012673401748470385,18.092814501290047
C:\MyProjects\Project-Proposal\PrivateCoach\Project-EchoesofEquity\data/wav\1948_ayf_t08.wav,C:\MyProjects\Project-Proposal\PrivateCoach\Project-EchoesofEquity\data/melspec\1948_ayf_t08.npy,1948,south_asian,younger,female,trustworthy,8,,1.2359375,170.92195257995544,70.5698676068626,10.205241199825622,0.014192359308581122,10.205241199825622
C:\MyProjects\Project-Proposal\PrivateCoach\Project-EchoesofEquity\data/wav\1948_ayf_t09.wav,C:\MyProjects\Project-Proposal\PrivateCoach\Project-EchoesofEquity\data/melspec\1948_ayf_t09.npy,1948,south_asian,younger,female,trustworthy,9,,1.28725,182.4047630922027,76.4327969833438,11.746280942135009,0.019142647529180042,11.746280942135009
C:\MyProjects\Project-Proposal\PrivateCoach\Project-EchoesofEquity\data/wav\1948_ayf_t10.wav,C:\MyProjects\Project-Proposal\PrivateCoach\Project-EchoesofEquity\data/melspec\1948_ayf_t10.npy,1948,south_asian,younger,female,trustworthy,10,,1.6148125,194.3807135620131,71.35741026699526,9.835240879548596,0.0227309135141712,9.835240879548596
C:\MyProjects\Project-Proposal\PrivateCoach\Project-EchoesofEquity\data/wav\1948_ayf_t11.wav,C:\MyProjects\Project-Proposal\PrivateCoach\Project-EchoesofEquity\data/melspec\1948_ayf_t11.npy,1948,south_asian,younger,female,trustworthy,11,,2.269604166666667,220.63763680760934,40.97667316981557,12.673891545103297,0.021186349778652764,12.673891545103297
C:\MyProjects\Project-Proposal\PrivateCoach\Project-EchoesofEquity\data/wav\1948_ayf_t12.wav,C:\MyProjects\Project-Proposal\PrivateCoach\Project-EchoesofEquity\data/melspec\1948_ayf_t12.npy,1948,south_asian,younger,female,trustworthy,12,,1.2575208333333334,183.35040412197625,74.99525854214585,12.983186538126589,0.020616681568782685,12.983186538126589
C:\MyProjects\Project-Proposal\PrivateCoach\Project-EchoesofEquity\data/wav\1951_wof_n15c.wav,C:\MyProjects\Project-Proposal\PrivateCoach\Project-EchoesofEquity\data/melspec\1951_wof_n15c.npy,1951,white,older,female,neutral,15,c,1.9535625,189.90782397635013,55.84439215844522,14.363887470052061,0.017066830871928736,14.363887470052061
C:\MyProjects\Project-Proposal\PrivateCoach\Project-EchoesofEquity\data/wav\1951_wof_n16c.wav,C:\MyProjects\Project-Proposal\PrivateCoach\Project-EchoesofEquity\data/melspec\1951_wof_n16c.npy,1951,white,older,female,neutral,16,c,2.0050625,174.26628430940644,15.686230360629958,10.008961497764558,0.02839742351262547,10.008961497764558
C:\MyProjects\Project-Proposal\PrivateCoach\Project-EchoesofEquity\data/wav\1951_wof_n17c.wav,C:\MyProjects\Project-Proposal\PrivateCoach\Project-EchoesofEquity\data/melspec\1951_wof_n17c.npy,1951,white,older,female,neutral,17,c,1.8039166666666666,160.58286223455437,26.037075631916082,9.447948890917166,0.021352278466094447,9.447948890917166
C:\MyProjects\Project-Proposal\PrivateCoach\Project-EchoesofEquity\data/wav\1951_wof_n18c.wav,C:\MyProjects\Project-Proposal\PrivateCoach\Project-EchoesofEquity\data/melspec\1951_wof_n18c.npy,1951,white,older,female,neutral,18,c,2.2330833333333335,179.14532346225454,19.2851839881759,10.12677984374006,0.03034098781845555,10.12677984374006
C:\MyProjects\Project-Proposal\PrivateCoach\Project-EchoesofEquity\data/wav\1951_wof_n19.wav,C:\MyProjects\Project-Proposal\PrivateCoach\Project-EchoesofEquity\data/melspec\1951_wof_n19.npy,1951,white,older,female,neutral,19,,2.307916666666667,178.3014886621828,21.11936182768138,12.14087584477584,0.0184640466432596,12.14087584477584
C:\MyProjects\Project-Proposal\PrivateCoach\Project-EchoesofEquity\data/wav\1951_wof_n20c.wav,C:\MyProjects\Project-Proposal\PrivateCoach\Project-EchoesofEquity\data/melspec\1951_wof_n20c.npy,1951,white,older,female,neutral,20,c,2.724833333333333,169.95585162265783,13.464134276855024,12.994166505698564,0.014510126691930438,12.994166505698564
C:\MyProjects\Project-Proposal\PrivateCoach\Project-EchoesofEquity\data/wav\1951_wof_t15.wav,C:\MyProjects\Project-Proposal\PrivateCoach\Project-EchoesofEquity\data/melspec\1951_wof_t15.npy,1951,white,older,female,trustworthy,15,,2.146375,204.21232330420165,42.667433763714705,12.953419923464756,0.01689044237465251,12.953419923464756
C:\MyProjects\Project-Proposal\PrivateCoach\Project-EchoesofEquity\data/wav\1951_wof_t16.wav,C:\MyProjects\Project-Proposal\PrivateCoach\Project-EchoesofEquity\data/melspec\1951_wof_t16.npy,1951,white,older,female,trustworthy,16,,1.8424791666666667,220.8108298195348,55.9999596075388,13.093043638020381,0.01675393233064341,13.093043638020381
C:\MyProjects\Project-Proposal\PrivateCoach\Project-EchoesofEquity\data/wav\1951_wof_t17.wav,C:\MyProjects\Project-Proposal\PrivateCoach\Project-EchoesofEquity\data/melspec\1951_wof_t17.npy,1951,white,older,female,trustworthy,17,,1.8300625,206.55217976388536,37.6023158528488,10.576698667590005,0.0282217584912553,10.576698667590005
C:\MyProjects\Project-Proposal\PrivateCoach\Project-EchoesofEquity\data/wav\1951_wof_t18.wav,C:\MyProjects\Project-Proposal\PrivateCoach\Project-EchoesofEquity\data/melspec\1951_wof_t18.npy,1951,white,older,female,trustworthy,18,,2.1105625,210.7302473727062,40.98769233573265,10.030922852998263,0.02469398873279244,10.030922852998263
C:\MyProjects\Project-Proposal\PrivateCoach\Project-EchoesofEquity\data/wav\1951_wof_t19c.wav,C:\MyProjects\Project-Proposal\PrivateCoach\Project-EchoesofEquity\data/melspec\1951_wof_t19c.npy,1951,white,older,female,trustworthy,19,c,2.8634791666666666,210.6263991905412,71.26232886399455,14.070134615936492,0.018175418907375125,14.070134615936492
C:\MyProjects\Project-Proposal\PrivateCoach\Project-EchoesofEquity\data/wav\1951_wof_t20.wav,C:\MyProjects\Project-Proposal\PrivateCoach\Project-EchoesofEquity\data/melspec\1951_wof_t20.npy,1951,white,older,female,trustworthy,20,,2.6788125,185.85926603743414,22.146917666463995,13.010439345400028,0.01756250494201585,13.010439345400028
C:\MyProjects\Project-Proposal\PrivateCoach\Project-EchoesofEquity\data/wav\1957_byf_n09c.wav,C:\MyProjects\Project-Proposal\PrivateCoach\Project-EchoesofEquity\data/melspec\1957_byf_n09c.npy,1957,black,younger,female,neutral,9,c,1.2975,184.3028983343164,21.932806867233374,13.52898248222116,0.01634096496997996,13.52898248222116
C:\MyProjects\Project-Proposal\PrivateCoach\Project-EchoesofEquity\data/wav\1957_byf_n10.wav,C:\MyProjects\Project-Proposal\PrivateCoach\Project-EchoesofEquity\data/melspec\1957_byf_n10.npy,1957,black,younger,female,neutral,10,,1.7109375,206.83112667629297,74.81227458778493,10.25866951025851,0.02475102654773636,10.25866951025851
C:\MyProjects\Project-Proposal\PrivateCoach\Project-EchoesofEquity\data/wav\1957_byf_n11.wav,C:\MyProjects\Project-Proposal\PrivateCoach\Project-EchoesofEquity\data/melspec\1957_byf_n11.npy,1957,black,younger,female,neutral,11,,1.6545,186.7096625419047,22.991193945584982,13.139540347629266,0.014837292806555156,13.139540347629266
C:\MyProjects\Project-Proposal\PrivateCoach\Project-EchoesofEquity\data/wav\1957_byf_n12.wav,C:\MyProjects\Project-Proposal\PrivateCoach\Project-EchoesofEquity\data/melspec\1957_byf_n12.npy,1957,black,younger,female,neutral,12,,1.4662083333333333,190.68031464087488,24.216259035900297,13.485002474379199,0.015662986007963658,13.485002474379199
C:\MyProjects\Project-Proposal\PrivateCoach\Project-EchoesofEquity\data/wav\1957_byf_n13.wav,C:\MyProjects\Project-Proposal\PrivateCoach\Project-EchoesofEquity\data/melspec\1957_byf_n13.npy,1957,black,younger,female,neutral,13,,1.3655833333333334,190.4098591540081,29.599878825185414,14.173569844740085,0.016468710463943104,14.173569844740085
C:\MyProjects\Project-Proposal\PrivateCoach\Project-EchoesofEquity\data/wav\1957_byf_n14c.wav,C:\MyProjects\Project-Proposal\PrivateCoach\Project-EchoesofEquity\data/melspec\1957_byf_n14c.npy,1957,black,younger,female,neutral,14,c,1.3300208333333334,175.91186582965844,15.515943430706251,11.788946082946449,0.01487452747199945,11.788946082946449
C:\MyProjects\Project-Proposal\PrivateCoach\Project-EchoesofEquity\data/wav\1957_byf_t09.wav,C:\MyProjects\Project-Proposal\PrivateCoach\Project-EchoesofEquity\data/melspec\1957_byf_t09.npy,1957,black,younger,female,trustworthy,9,,1.2375208333333334,230.89777798590382,102.59052013977272,8.114272647491331,0.024581912948038916,8.114272647491331
C:\MyProjects\Project-Proposal\PrivateCoach\Project-EchoesofEquity\data/wav\1957_byf_t10.wav,C:\MyProjects\Project-Proposal\PrivateCoach\Project-EchoesofEquity\data/melspec\1957_byf_t10.npy,1957,black,younger,female,trustworthy,10,,1.5170208333333333,196.38644370233928,48.98148474477801,8.643936456730344,0.027845091981163438,8.643936456730344
C:\MyProjects\Project-Proposal\PrivateCoach\Project-EchoesofEquity\data/wav\1957_byf_t11.wav,C:\MyProjects\Project-Proposal\PrivateCoach\Project-EchoesofEquity\data/melspec\1957_byf_t11.npy,1957,black,younger,female,trustworthy,11,,1.6097083333333333,184.2151127982107,34.06178853465368,10.60241903552686,0.015776982797858084,10.60241903552686
C:\MyProjects\Project-Proposal\PrivateCoach\Project-EchoesofEquity\data/wav\1957_byf_t12.wav,C:\MyProjects\Project-Proposal\PrivateCoach\Project-EchoesofEquity\data/melspec\1957_byf_t12.npy,1957,black,younger,female,trustworthy,12,,1.2989375,191.48923984304443,60.63353649719305,13.433277096386185,0.023297465472735743,13.433277096386185
C:\MyProjects\Project-Proposal\PrivateCoach\Project-EchoesofEquity\data/wav\1957_byf_t13.wav,C:\MyProjects\Project-Proposal\PrivateCoach\Project-EchoesofEquity\data/melspec\1957_byf_t13.npy,1957,black,younger,female,trustworthy,13,,1.2443333333333333,221.4238932559222,60.643745262961765,12.2890828429186,0.018730823550235635,12.2890828429186
C:\MyProjects\Project-Proposal\PrivateCoach\Project-EchoesofEquity\data/wav\1957_byf_t14.wav,C:\MyProjects\Project-Proposal\PrivateCoach\Project-EchoesofEquity\data/melspec\1957_byf_t14.npy,1957,black,younger,female,trustworthy,14,,1.2471875,196.84326409428795,36.91872678600308,11.415211737265068,0.01749379985085435,11.415211737265068
C:\MyProjects\Project-Proposal\PrivateCoach\Project-EchoesofEquity\data/wav\1958_byf_n09.wav,C:\MyProjects\Project-Proposal\PrivateCoach\Project-EchoesofEquity\data/melspec\1958_byf_n09.npy,1958,black,younger,female,neutral,9,,1.7813958333333333,192.90416329587765,21.176795874099227,16.468435705355688,0.018159283293916542,16.468435705355688
C:\MyProjects\Project-Proposal\PrivateCoach\Project-EchoesofEquity\data/wav\1958_byf_n10.wav,C:\MyProjects\Project-Proposal\PrivateCoach\Project-EchoesofEquity\data/melspec\1958_byf_n10.npy,1958,black,younger,female,neutral,10,,2.1978333333333335,185.41491239984023,37.468484940672056,12.276403280983088,0.02446999628312423,12.276403280983088
C:\MyProjects\Project-Proposal\PrivateCoach\Project-EchoesofEquity\data/wav\1958_byf_n11.wav,C:\MyProjects\Project-Proposal\PrivateCoach\Project-EchoesofEquity\data/melspec\1958_byf_n11.npy,1958,black,younger,female,neutral,11,,2.0223541666666667,174.64692049970336,39.47023737111339,17.623803051723055,0.019451215077914606,17.623803051723055
C:\MyProjects\Project-Proposal\PrivateCoach\Project-EchoesofEquity\data/wav\1958_byf_n12.wav,C:\MyProjects\Project-Proposal\PrivateCoach\Project-EchoesofEquity\data/melspec\1958_byf_n12.npy,1958,black,younger,female,neutral,12,,1.4992291666666666,169.90437407512943,47.62810861961377,14.98496501695741,0.02024811900064481,14.98496501695741
C:\MyProjects\Project-Proposal\PrivateCoach\Project-EchoesofEquity\data/wav\1958_byf_n13.wav,C:\MyProjects\Project-Proposal\PrivateCoach\Project-EchoesofEquity\data/melspec\1958_byf_n13.npy,1958,black,younger,female,neutral,13,,1.492875,171.55424643947597,47.46146255587723,17.035257108605713,0.01512855389888631,17.035257108605713
C:\MyProjects\Project-Proposal\PrivateCoach\Project-EchoesofEquity\data/wav\1958_byf_n14.wav,C:\MyProjects\Project-Proposal\PrivateCoach\Project-EchoesofEquity\data/melspec\1958_byf_n14.npy,1958,black,younger,female,neutral,14,,1.788125,194.59824316531433,20.00151449560563,16.799211679216626,0.02251231854603743,16.799211679216626
C:\MyProjects\Project-Proposal\PrivateCoach\Project-EchoesofEquity\data/wav\1958_byf_t09.wav,C:\MyProjects\Project-Proposal\PrivateCoach\Project-EchoesofEquity\data/melspec\1958_byf_t09.npy,1958,black,younger,female,trustworthy,9,,1.5751875,204.43771022770102,68.35547438461995,15.120588501412252,0.01687225458511989,15.120588501412252
C:\MyProjects\Project-Proposal\PrivateCoach\Project-EchoesofEquity\data/wav\1958_byf_t10.wav,C:\MyProjects\Project-Proposal\PrivateCoach\Project-EchoesofEquity\data/melspec\1958_byf_t10.npy,1958,black,younger,female,trustworthy,10,,1.906625,262.2971406373202,73.39790403861811,11.399893733184859,0.025682044270429007,11.399893733184859
C:\MyProjects\Project-Proposal\PrivateCoach\Project-EchoesofEquity\data/wav\1958_byf_t11c.wav,C:\MyProjects\Project-Proposal\PrivateCoach\Project-EchoesofEquity\data/melspec\1958_byf_t11c.npy,1958,black,younger,female,trustworthy,11,c,1.7321458333333333,227.73295626661047,58.3883079058188,17.001585078668633,0.019081894477694306,17.001585078668633
C:\MyProjects\Project-Proposal\PrivateCoach\Project-EchoesofEquity\data/wav\1958_byf_t12c.wav,C:\MyProjects\Project-Proposal\PrivateCoach\Project-EchoesofEquity\data/melspec\1958_byf_t12c.npy,1958,black,younger,female,trustworthy,12,c,1.4067708333333333,230.7259435949326,45.55874722225737,15.887995902013403,0.025359215883050554,15.887995902013403
C:\MyProjects\Project-Proposal\PrivateCoach\Project-EchoesofEquity\data/wav\1958_byf_t13c.wav,C:\MyProjects\Project-Proposal\PrivateCoach\Project-EchoesofEquity\data/melspec\1958_byf_t13c.npy,1958,black,younger,female,trustworthy,13,c,1.580625,230.24319326244458,35.68991178515736,20.054081810014676,0.019145281377670294,20.054081810014676
C:\MyProjects\Project-Proposal\PrivateCoach\Project-EchoesofEquity\data/wav\1958_byf_t14.wav,C:\MyProjects\Project-Proposal\PrivateCoach\Project-EchoesofEquity\data/melspec\1958_byf_t14.npy,1958,black,younger,female,trustworthy,14,,1.2961041666666666,223.58702971911578,65.55768909635991,13.290677574028905,0.01681221639598742,13.290677574028905
C:\MyProjects\Project-Proposal\PrivateCoach\Project-EchoesofEquity\data/wav\1959_wof_n01.wav,C:\MyProjects\Project-Proposal\PrivateCoach\Project-EchoesofEquity\data/melspec\1959_wof_n01.npy,1959,white,older,female,neutral,1,,1.7043958333333333,179.0713934585653,66.07387098963528,14.401952069160064,0.02317934698996985,14.401952069160064
C:\MyProjects\Project-Proposal\PrivateCoach\Project-EchoesofEquity\data/wav\1959_wof_n02.wav,C:\MyProjects\Project-Proposal\PrivateCoach\Project-EchoesofEquity\data/melspec\1959_wof_n02.npy,1959,white,older,female,neutral,2,,1.8016875,170.41980923267093,64.51479247805533,14.788357453513038,0.015239843736677573,14.788357453513038
C:\MyProjects\Project-Proposal\PrivateCoach\Project-EchoesofEquity\data/wav\1959_wof_n03.wav,C:\MyProjects\Project-Proposal\PrivateCoach\Project-EchoesofEquity\data/melspec\1959_wof_n03.npy,1959,white,older,female,neutral,3,,1.7223333333333333,147.20793398406252,28.39010939767754,14.764704022264045,0.011563362437764273,14.764704022264045
C:\MyProjects\Project-Proposal\PrivateCoach\Project-EchoesofEquity\data/wav\1959_wof_n04.wav,C:\MyProjects\Project-Proposal\PrivateCoach\Project-EchoesofEquity\data/melspec\1959_wof_n04.npy,1959,white,older,female,neutral,4,,1.4773125,156.70077801240964,27.215058562449002,15.392332339016793,0.015450611343896421,15.392332339016793
C:\MyProjects\Project-Proposal\PrivateCoach\Project-EchoesofEquity\data/wav\1959_wof_n19.wav,C:\MyProjects\Project-Proposal\PrivateCoach\Project-EchoesofEquity\data/melspec\1959_wof_n19.npy,1959,white,older,female,neutral,19,,2.1855,169.89702273672978,35.75756195120437,14.887542207684021,0.015359279570392195,14.887542207684021
C:\MyProjects\Project-Proposal\PrivateCoach\Project-EchoesofEquity\data/wav\1959_wof_n20.wav,C:\MyProjects\Project-Proposal\PrivateCoach\Project-EchoesofEquity\data/melspec\1959_wof_n20.npy,1959,white,older,female,neutral,20,,1.9317708333333334,183.57680287658852,58.91060653444238,14.149386886061114,0.014826392299854699,14.149386886061114
C:\MyProjects\Project-Proposal\PrivateCoach\Project-EchoesofEquity\data/wav\1959_wof_t01.wav,C:\MyProjects\Project-Proposal\PrivateCoach\Project-EchoesofEquity\data/melspec\1959_wof_t01.npy,1959,white,older,female,trustworthy,1,,1.8561041666666667,217.48680807069235,73.07770203341576,15.475163157175592,0.019163267948844875,15.475163157175592
C:\MyProjects\Project-Proposal\PrivateCoach\Project-EchoesofEquity\data/wav\1959_wof_t02.wav,C:\MyProjects\Project-Proposal\PrivateCoach\Project-EchoesofEquity\data/melspec\1959_wof_t02.npy,1959,white,older,female,trustworthy,2,,1.6135416666666667,258.6854739537888,82.10114746435265,15.164048843522194,0.01522753323364178,15.164048843522194
C:\MyProjects\Project-Proposal\PrivateCoach\Project-EchoesofEquity\data/wav\1959_wof_t03.wav,C:\MyProjects\Project-Proposal\PrivateCoach\Project-EchoesofEquity\data/melspec\1959_wof_t03.npy,1959,white,older,female,trustworthy,3,,2.3053958333333333,204.6598262165961,71.27578924426297,20.160202168357124,0.010591344267986682,20.160202168357124
C:\MyProjects\Project-Proposal\PrivateCoach\Project-EchoesofEquity\data/wav\1959_wof_t04.wav,C:\MyProjects\Project-Proposal\PrivateCoach\Project-EchoesofEquity\data/melspec\1959_wof_t04.npy,1959,white,older,female,trustworthy,4,,1.5484791666666666,221.94819491892835,94.40982972185553,15.900105506436253,0.022237433643738307,15.900105506436253
C:\MyProjects\Project-Proposal\PrivateCoach\Project-EchoesofEquity\data/wav\1959_wof_t19.wav,C:\MyProjects\Project-Proposal\PrivateCoach\Project-EchoesofEquity\data/melspec\1959_wof_t19.npy,1959,white,older,female,trustworthy,19,,2.466666666666667,257.45427119400466,88.00858613595923,17.425645397636014,0.017526825178510775,17.425645397636014
C:\MyProjects\Project-Proposal\PrivateCoach\Project-EchoesofEquity\data/wav\1959_wof_t20.wav,C:\MyProjects\Project-Proposal\PrivateCoach\Project-EchoesofEquity\data/melspec\1959_wof_t20.npy,1959,white,older,female,trustworthy,20,,2.2902291666666668,282.52790489559806,130.61338948847524,11.41175688548795,0.022741240687027663,11.41175688548795
C:\MyProjects\Project-Proposal\PrivateCoach\Project-EchoesofEquity\data/wav\1963_wom_n15c.wav,C:\MyProjects\Project-Proposal\PrivateCoach\Project-EchoesofEquity\data/melspec\1963_wom_n15c.npy,1963,white,older,male,neutral,15,c,1.3330208333333333,135.64323020610337,67.89092927941181,10.155699553157502,0.023082448312574375,10.155699553157502
C:\MyProjects\Project-Proposal\PrivateCoach\Project-EchoesofEquity\data/wav\1963_wom_n16c.wav,C:\MyProjects\Project-Proposal\PrivateCoach\Project-EchoesofEquity\data/melspec\1963_wom_n16c.npy,1963,white,older,male,neutral,16,c,1.2837083333333332,124.8059584255707,70.58092404532223,8.724198585411967,0.028797094707030745,8.724198585411967
C:\MyProjects\Project-Proposal\PrivateCoach\Project-EchoesofEquity\data/wav\1963_wom_n17c.wav,C:\MyProjects\Project-Proposal\PrivateCoach\Project-EchoesofEquity\data/melspec\1963_wom_n17c.npy,1963,white,older,male,neutral,17,c,1.421,134.54567858365894,64.53975147297325,9.527454471039878,0.02340251661500241,9.527454471039878
C:\MyProjects\Project-Proposal\PrivateCoach\Project-EchoesofEquity\data/wav\1963_wom_n18c.wav,C:\MyProjects\Project-Proposal\PrivateCoach\Project-EchoesofEquity\data/melspec\1963_wom_n18c.npy,1963,white,older,male,neutral,18,c,1.5806041666666666,111.79906519820938,6.189111084238841,8.860252247700462,0.0338866457106977,8.860252247700462
C:\MyProjects\Project-Proposal\PrivateCoach\Project-EchoesofEquity\data/wav\1963_wom_n19c.wav,C:\MyProjects\Project-Proposal\PrivateCoach\Project-EchoesofEquity\data/melspec\1963_wom_n19c.npy,1963,white,older,male,neutral,19,c,1.4591875,118.11979804347705,54.63110972034497,8.235471166063627,0.024056840576293047,8.235471166063627
C:\MyProjects\Project-Proposal\PrivateCoach\Project-EchoesofEquity\data/wav\1963_wom_n20c.wav,C:\MyProjects\Project-Proposal\PrivateCoach\Project-EchoesofEquity\data/melspec\1963_wom_n20c.npy,1963,white,older,male,neutral,20,c,1.68475,124.76391470391069,47.28878769826664,11.683276733196763,0.021788029398622573,11.683276733196763
C:\MyProjects\Project-Proposal\PrivateCoach\Project-EchoesofEquity\data/wav\1963_wom_t15.wav,C:\MyProjects\Project-Proposal\PrivateCoach\Project-EchoesofEquity\data/melspec\1963_wom_t15.npy,1963,white,older,male,trustworthy,15,,1.2705416666666667,176.1289695958992,80.42257888899748,5.833742206031465,0.03792550343912151,5.833742206031465
C:\MyProjects\Project-Proposal\PrivateCoach\Project-EchoesofEquity\data/wav\1963_wom_t16c_version2.wav,C:\MyProjects\Project-Proposal\PrivateCoach\Project-EchoesofEquity\data/melspec\1963_wom_t16c_version2.npy,1963,white,older,male,trustworthy,16,c_version2,1.8487916666666666,223.65850811404823,118.60989114844136,8.32296087879432,0.03736197851542254,8.32296087879432
C:\MyProjects\Project-Proposal\PrivateCoach\Project-EchoesofEquity\data/wav\1963_wom_t17c_version2.wav,C:\MyProjects\Project-Proposal\PrivateCoach\Project-EchoesofEquity\data/melspec\1963_wom_t17c_version2.npy,1963,white,older,male,trustworthy,17,c_version2,1.0817708333333333,139.06501890977006,31.766560293289267,6.58323885261291,0.03498980409795798,6.58323885261291
C:\MyProjects\Project-Proposal\PrivateCoach\Project-EchoesofEquity\data/wav\1963_wom_t18c.wav,C:\MyProjects\Project-Proposal\PrivateCoach\Project-EchoesofEquity\data/melspec\1963_wom_t18c.npy,1963,white,older,male,trustworthy,18,c,1.7011875,166.02059576675228,55.87876638858086,9.192891402771492,0.025910004298379676,9.192891402771492
C:\MyProjects\Project-Proposal\PrivateCoach\Project-EchoesofEquity\data/wav\1963_wom_t19c.wav,C:\MyProjects\Project-Proposal\PrivateCoach\Project-EchoesofEquity\data/melspec\1963_wom_t19c.npy,1963,white,older,male,trustworthy,19,c,2.098708333333333,165.23832608688332,57.01595162440036,6.327384545598029,0.03262812085387524,6.327384545598029
C:\MyProjects\Project-Proposal\PrivateCoach\Project-EchoesofEquity\data/wav\1963_wom_t20c_version2.wav,C:\MyProjects\Project-Proposal\PrivateCoach\Project-EchoesofEquity\data/melspec\1963_wom_t20c_version2.npy,1963,white,older,male,trustworthy,20,c_version2,2.0305,176.6965752644587,97.2648300388384,9.396093152105909,0.025114759520469106,9.396093152105909
C:\MyProjects\Project-Proposal\PrivateCoach\Project-EchoesofEquity\data/wav\1965_bym_n11c.wav,C:\MyProjects\Project-Proposal\PrivateCoach\Project-EchoesofEquity\data/melspec\1965_bym_n11c.npy,1965,black,younger,male,neutral,11,c,2.4151041666666666,133.15886144794067,118.98564247220978,8.418380139637415,0.023567183753431226,8.418380139637415
C:\MyProjects\Project-Proposal\PrivateCoach\Project-EchoesofEquity\data/wav\1965_bym_n12c.wav,C:\MyProjects\Project-Proposal\PrivateCoach\Project-EchoesofEquity\data/melspec\1965_bym_n12c.npy,1965,black,younger,male,neutral,12,c,1.4183958333333333,85.1699527273162,12.355946122779942,4.249623034133825,0.026433891753918897,4.249623034133825
C:\MyProjects\Project-Proposal\PrivateCoach\Project-EchoesofEquity\data/wav\1965_bym_n13c.wav,C:\MyProjects\Project-Proposal\PrivateCoach\Project-EchoesofEquity\data/melspec\1965_bym_n13c.npy,1965,black,younger,male,neutral,13,c,1.2955208333333332,100.40706741403146,76.44080425610206,10.119674540908646,0.018300289597010567,10.119674540908646
C:\MyProjects\Project-Proposal\PrivateCoach\Project-EchoesofEquity\data/wav\1965_bym_n14.wav,C:\MyProjects\Project-Proposal\PrivateCoach\Project-EchoesofEquity\data/melspec\1965_bym_n14.npy,1965,black,younger,male,neutral,14,,1.2708958333333333,118.04748806671432,98.02798354347408,6.940686201588836,0.01822289951373243,6.940686201588836
C:\MyProjects\Project-Proposal\PrivateCoach\Project-EchoesofEquity\data/wav\1965_bym_n15.wav,C:\MyProjects\Project-Proposal\PrivateCoach\Project-EchoesofEquity\data/melspec\1965_bym_n15.npy,1965,black,younger,male,neutral,15,,1.1875833333333334,188.1712460622982,132.936142419497,5.626695204826159,0.03461416242516877,5.626695204826159
C:\MyProjects\Project-Proposal\PrivateCoach\Project-EchoesofEquity\data/wav\1965_bym_n16c.wav,C:\MyProjects\Project-Proposal\PrivateCoach\Project-EchoesofEquity\data/melspec\1965_bym_n16c.npy,1965,black,younger,male,neutral,16,c,1.4440416666666667,84.852219156896,5.801764369308915,7.8200203629856215,0.0412685299337816,7.8200203629856215
C:\MyProjects\Project-Proposal\PrivateCoach\Project-EchoesofEquity\data/wav\1965_bym_t11c.wav,C:\MyProjects\Project-Proposal\PrivateCoach\Project-EchoesofEquity\data/melspec\1965_bym_t11c.npy,1965,black,younger,male,trustworthy,11,c,2.2934375,124.96013790399401,82.24334889514233,7.396133898476486,0.03274311605461947,7.396133898476486
C:\MyProjects\Project-Proposal\PrivateCoach\Project-EchoesofEquity\data/wav\1965_bym_t12.wav,C:\MyProjects\Project-Proposal\PrivateCoach\Project-EchoesofEquity\data/melspec\1965_bym_t12.npy,1965,black,younger,male,trustworthy,12,,1.2600208333333334,104.59638227248318,25.027342499384037,7.1366130813527,0.033917026337435825,7.1366130813527
C:\MyProjects\Project-Proposal\PrivateCoach\Project-EchoesofEquity\data/wav\1965_bym_t13c.wav,C:\MyProjects\Project-Proposal\PrivateCoach\Project-EchoesofEquity\data/melspec\1965_bym_t13c.npy,1965,black,younger,male,trustworthy,13,c,1.6243541666666668,121.2425125156755,100.34765404492998,12.798930357501328,0.025224954481368644,12.798930357501328
C:\MyProjects\Project-Proposal\PrivateCoach\Project-EchoesofEquity\data/wav\1965_bym_t14c.wav,C:\MyProjects\Project-Proposal\PrivateCoach\Project-EchoesofEquity\data/melspec\1965_bym_t14c.npy,1965,black,younger,male,trustworthy,14,c,1.1829166666666666,132.8742301363532,89.64670796032763,10.617657966076345,0.027148980282119824,10.617657966076345
C:\MyProjects\Project-Proposal\PrivateCoach\Project-EchoesofEquity\data/wav\1965_bym_t15c.wav,C:\MyProjects\Project-Proposal\PrivateCoach\Project-EchoesofEquity\data/melspec\1965_bym_t15c.npy,1965,black,younger,male,trustworthy,15,c,1.1304583333333333,164.74759043196266,118.04461168349552,6.636221921323353,0.06120435222600441,6.636221921323353
C:\MyProjects\Project-Proposal\PrivateCoach\Project-EchoesofEquity\data/wav\1965_bym_t16.wav,C:\MyProjects\Project-Proposal\PrivateCoach\Project-EchoesofEquity\data/melspec\1965_bym_t16.npy,1965,black,younger,male,trustworthy,16,,1.2044375,144.9785624264903,52.700866681882346,6.500986611402895,0.037686689116604624,6.500986611402895
C:\MyProjects\Project-Proposal\PrivateCoach\Project-EchoesofEquity\data/wav\1968_wym_n03.wav,C:\MyProjects\Project-Proposal\PrivateCoach\Project-EchoesofEquity\data/melspec\1968_wym_n03.npy,1968,white,younger,male,neutral,3,,1.8923958333333333,102.58369872823015,9.715335870284859,10.714347512923863,0.016962324337772512,10.714347512923863
C:\MyProjects\Project-Proposal\PrivateCoach\Project-EchoesofEquity\data/wav\1968_wym_n04.wav,C:\MyProjects\Project-Proposal\PrivateCoach\Project-EchoesofEquity\data/melspec\1968_wym_n04.npy,1968,white,younger,male,neutral,4,,1.3363125,96.39333525919291,7.274365555788441,11.309735500970286,0.015964126648779185,11.309735500970286
C:\MyProjects\Project-Proposal\PrivateCoach\Project-EchoesofEquity\data/wav\1968_wym_n05.wav,C:\MyProjects\Project-Proposal\PrivateCoach\Project-EchoesofEquity\data/melspec\1968_wym_n05.npy,1968,white,younger,male,neutral,5,,1.39425,128.6148540617125,81.77501352346553,9.110695264359723,0.024040470015741586,9.110695264359723
C:\MyProjects\Project-Proposal\PrivateCoach\Project-EchoesofEquity\data/wav\1968_wym_n06.wav,C:\MyProjects\Project-Proposal\PrivateCoach\Project-EchoesofEquity\data/melspec\1968_wym_n06.npy,1968,white,younger,male,neutral,6,,1.3553541666666666,100.75343134600102,10.315708621202148,11.393718865781194,0.015011133187697806,11.393718865781194
C:\MyProjects\Project-Proposal\PrivateCoach\Project-EchoesofEquity\data/wav\1968_wym_n07.wav,C:\MyProjects\Project-Proposal\PrivateCoach\Project-EchoesofEquity\data/melspec\1968_wym_n07.npy,1968,white,younger,male,neutral,7,,1.5062083333333334,108.42395505957047,32.48435261875637,12.27752222368007,0.02111887284549795,12.27752222368007
C:\MyProjects\Project-Proposal\PrivateCoach\Project-EchoesofEquity\data/wav\1968_wym_n08.wav,C:\MyProjects\Project-Proposal\PrivateCoach\Project-EchoesofEquity\data/melspec\1968_wym_n08.npy,1968,white,younger,male,neutral,8,,1.8736041666666667,102.51247480676139,26.880059824690733,13.26844812773873,0.014575741408633087,13.26844812773873
C:\MyProjects\Project-Proposal\PrivateCoach\Project-EchoesofEquity\data/wav\1968_wym_t03.wav,C:\MyProjects\Project-Proposal\PrivateCoach\Project-EchoesofEquity\data/melspec\1968_wym_t03.npy,1968,white,younger,male,trustworthy,3,,1.7144791666666668,131.22767823355858,23.80390823944549,7.7956526331516445,0.019060770262799807,7.7956526331516445
C:\MyProjects\Project-Proposal\PrivateCoach\Project-EchoesofEquity\data/wav\1968_wym_t04.wav,C:\MyProjects\Project-Proposal\PrivateCoach\Project-EchoesofEquity\data/melspec\1968_wym_t04.npy,1968,white,younger,male,trustworthy,4,,1.3349375,148.71014136289787,70.85936301319468,10.927178600548228,0.018010361355318413,10.927178600548228
C:\MyProjects\Project-Proposal\PrivateCoach\Project-EchoesofEquity\data/wav\1968_wym_t05c.wav,C:\MyProjects\Project-Proposal\PrivateCoach\Project-EchoesofEquity\data/melspec\1968_wym_t05c.npy,1968,white,younger,male,trustworthy,5,c,1.3632291666666667,151.10657855300525,68.89299018237482,11.440698526003692,0.022961774389752207,11.440698526003692
C:\MyProjects\Project-Proposal\PrivateCoach\Project-EchoesofEquity\data/wav\1968_wym_t06.wav,C:\MyProjects\Project-Proposal\PrivateCoach\Project-EchoesofEquity\data/melspec\1968_wym_t06.npy,1968,white,younger,male,trustworthy,6,,1.3477708333333334,138.17318891639368,29.289242544429356,11.233702229277478,0.02091750033882108,11.233702229277478
C:\MyProjects\Project-Proposal\PrivateCoach\Project-EchoesofEquity\data/wav\1968_wym_t07.wav,C:\MyProjects\Project-Proposal\PrivateCoach\Project-EchoesofEquity\data/melspec\1968_wym_t07.npy,1968,white,younger,male,trustworthy,7,,1.4994375,129.21487515862825,56.99012926382207,12.3357004946059,0.01999201389207937,12.3357004946059
C:\MyProjects\Project-Proposal\PrivateCoach\Project-EchoesofEquity\data/wav\1968_wym_t08c.wav,C:\MyProjects\Project-Proposal\PrivateCoach\Project-EchoesofEquity\data/melspec\1968_wym_t08c.npy,1968,white,younger,male,trustworthy,8,c,1.7819166666666666,111.08488923588746,16.479739575018346,10.426984439600067,0.020476500161921336,10.426984439600067
C:\MyProjects\Project-Proposal\PrivateCoach\Project-EchoesofEquity\data/wav\1969_wof_n01c.wav,C:\MyProjects\Project-Proposal\PrivateCoach\Project-EchoesofEquity\data/melspec\1969_wof_n01c.npy,1969,white,older,female,neutral,1,c,1.5498125,160.54299700014525,21.654385489793103,11.053476214740506,0.01979544064070843,11.053476214740506
C:\MyProjects\Project-Proposal\PrivateCoach\Project-EchoesofEquity\data/wav\1969_wof_n02c.wav,C:\MyProjects\Project-Proposal\PrivateCoach\Project-EchoesofEquity\data/melspec\1969_wof_n02c.npy,1969,white,older,female,neutral,2,c,1.7966041666666666,152.73427364251785,23.648027966207245,14.231686134324105,0.014295656672221005,14.231686134324105
C:\MyProjects\Project-Proposal\PrivateCoach\Project-EchoesofEquity\data/wav\1969_wof_n17cc.wav,C:\MyProjects\Project-Proposal\PrivateCoach\Project-EchoesofEquity\data/melspec\1969_wof_n17cc.npy,1969,white,older,female,neutral,17,cc,1.703,170.67382653141308,20.25253162410901,9.384549905726638,0.014125254583198056,9.384549905726638
C:\MyProjects\Project-Proposal\PrivateCoach\Project-EchoesofEquity\data/wav\1969_wof_n18cc.wav,C:\MyProjects\Project-Proposal\PrivateCoach\Project-EchoesofEquity\data/melspec\1969_wof_n18cc.npy,1969,white,older,female,neutral,18,cc,1.9109375,164.09916824095586,21.824197115327113,9.311071730582924,0.021350206001572978,9.311071730582924
C:\MyProjects\Project-Proposal\PrivateCoach\Project-EchoesofEquity\data/wav\1969_wof_n19c.wav,C:\MyProjects\Project-Proposal\PrivateCoach\Project-EchoesofEquity\data/melspec\1969_wof_n19c.npy,1969,white,older,female,neutral,19,c,1.789,159.9037607960892,36.45557778136098,9.992193034432521,0.036986018594764344,9.992193034432521
C:\MyProjects\Project-Proposal\PrivateCoach\Project-EchoesofEquity\data/wav\1969_wof_n20.wav,C:\MyProjects\Project-Proposal\PrivateCoach\Project-EchoesofEquity\data/melspec\1969_wof_n20.npy,1969,white,older,female,neutral,20,,1.7332291666666666,203.3729490055989,58.244682811755055,11.148506000019882,0.019964126257713943,11.148506000019882
C:\MyProjects\Project-Proposal\PrivateCoach\Project-EchoesofEquity\data/wav\1969_wof_t01.wav,C:\MyProjects\Project-Proposal\PrivateCoach\Project-EchoesofEquity\data/melspec\1969_wof_t01.npy,1969,white,older,female,trustworthy,1,,1.2810833333333334,207.10778732271928,73.31192542821368,10.966787558615938,0.019549280904806857,10.966787558615938
C:\MyProjects\Project-Proposal\PrivateCoach\Project-EchoesofEquity\data/wav\1969_wof_t02c.wav,C:\MyProjects\Project-Proposal\PrivateCoach\Project-EchoesofEquity\data/melspec\1969_wof_t02c.npy,1969,white,older,female,trustworthy,2,c,1.8231041666666667,204.4067009984168,40.44673028328675,11.732592455226843,0.015520636861799688,11.732592455226843
C:\MyProjects\Project-Proposal\PrivateCoach\Project-EchoesofEquity\data/wav\1969_wof_t17.wav,C:\MyProjects\Project-Proposal\PrivateCoach\Project-EchoesofEquity\data/melspec\1969_wof_t17.npy,1969,white,older,female,trustworthy,17,,1.7969375,201.8787823292793,69.9373355135937,11.320334165344837,0.01888617624010079,11.320334165344837
C:\MyProjects\Project-Proposal\PrivateCoach\Project-EchoesofEquity\data/wav\1969_wof_t18c.wav,C:\MyProjects\Project-Proposal\PrivateCoach\Project-EchoesofEquity\data/melspec\1969_wof_t18c.npy,1969,white,older,female,trustworthy,18,c,1.75975,211.4639428105396,54.45953268191304,11.157613770565721,0.020720548551387725,11.157613770565721
C:\MyProjects\Project-Proposal\PrivateCoach\Project-EchoesofEquity\data/wav\1969_wof_t19c.wav,C:\MyProjects\Project-Proposal\PrivateCoach\Project-EchoesofEquity\data/melspec\1969_wof_t19c.npy,1969,white,older,female,trustworthy,19,c,2.664645833333333,247.28896783659812,82.14200719294308,11.582592108148893,0.017952164169678854,11.582592108148893
C:\MyProjects\Project-Proposal\PrivateCoach\Project-EchoesofEquity\data/wav\1969_wof_t20.wav,C:\MyProjects\Project-Proposal\PrivateCoach\Project-EchoesofEquity\data/melspec\1969_wof_t20.npy,1969,white,older,female,trustworthy,20,,1.7566666666666666,212.3435136937496,58.29290395599461,12.779458066504587,0.018403450729474295,12.779458066504587
C:\MyProjects\Project-Proposal\PrivateCoach\Project-EchoesofEquity\data/wav\1970_wyf_n03.wav,C:\MyProjects\Project-Proposal\PrivateCoach\Project-EchoesofEquity\data/melspec\1970_wyf_n03.npy,1970,white,younger,female,neutral,3,,1.5884375,196.8054938001336,22.068075619977197,11.360249012131675,0.022836485940065984,11.360249012131675
C:\MyProjects\Project-Proposal\PrivateCoach\Project-EchoesofEquity\data/wav\1970_wyf_n04c.wav,C:\MyProjects\Project-Proposal\PrivateCoach\Project-EchoesofEquity\data/melspec\1970_wyf_n04c.npy,1970,white,younger,female,neutral,4,c,1.2428333333333332,193.16005957851158,31.001013840624324,12.776335211634684,0.023984252578183003,12.776335211634684
C:\MyProjects\Project-Proposal\PrivateCoach\Project-EchoesofEquity\data/wav\1970_wyf_n05c.wav,C:\MyProjects\Project-Proposal\PrivateCoach\Project-EchoesofEquity\data/melspec\1970_wyf_n05c.npy,1970,white,younger,female,neutral,5,c,1.3070625,189.34086309907215,39.381961004849636,8.19910973894541,0.040264994522862294,8.19910973894541
C:\MyProjects\Project-Proposal\PrivateCoach\Project-EchoesofEquity\data/wav\1970_wyf_n06.wav,C:\MyProjects\Project-Proposal\PrivateCoach\Project-EchoesofEquity\data/melspec\1970_wyf_n06.npy,1970,white,younger,female,neutral,6,,1.2077708333333332,189.63302012625934,30.297857101938813,10.64903627090465,0.034266460563577614,10.64903627090465
C:\MyProjects\Project-Proposal\PrivateCoach\Project-EchoesofEquity\data/wav\1970_wyf_n07.wav,C:\MyProjects\Project-Proposal\PrivateCoach\Project-EchoesofEquity\data/melspec\1970_wyf_n07.npy,1970,white,younger,female,neutral,7,,1.2824583333333333,202.6748165805881,17.071194446832017,12.58704037281602,0.031067693882557416,12.58704037281602
C:\MyProjects\Project-Proposal\PrivateCoach\Project-EchoesofEquity\data/wav\1970_wyf_n08.wav,C:\MyProjects\Project-Proposal\PrivateCoach\Project-EchoesofEquity\data/melspec\1970_wyf_n08.npy,1970,white,younger,female,neutral,8,,1.3065833333333334,188.59304930208526,36.642405873167434,8.495000808927447,0.03571432928479021,8.495000808927447
C:\MyProjects\Project-Proposal\PrivateCoach\Project-EchoesofEquity\data/wav\1970_wyf_t03c.wav,C:\MyProjects\Project-Proposal\PrivateCoach\Project-EchoesofEquity\data/melspec\1970_wyf_t03c.npy,1970,white,younger,female,trustworthy,3,c,2.2622708333333335,241.7296483884851,16.10346430873138,17.170119685075395,0.017733653572138998,17.170119685075395
C:\MyProjects\Project-Proposal\PrivateCoach\Project-EchoesofEquity\data/wav\1970_wyf_t04c.wav,C:\MyProjects\Project-Proposal\PrivateCoach\Project-EchoesofEquity\data/melspec\1970_wyf_t04c.npy,1970,white,younger,female,trustworthy,4,c,1.4646666666666666,205.24651804755908,14.729925233203673,13.776825883682799,0.025859940107443483,13.776825883682799
C:\MyProjects\Project-Proposal\PrivateCoach\Project-EchoesofEquity\data/wav\1970_wyf_t05c.wav,C:\MyProjects\Project-Proposal\PrivateCoach\Project-EchoesofEquity\data/melspec\1970_wyf_t05c.npy,1970,white,younger,female,trustworthy,5,c,1.5837083333333333,193.90048707697122,83.80704649176639,8.100085988993621,0.0415658216069485,8.100085988993621
C:\MyProjects\Project-Proposal\PrivateCoach\Project-EchoesofEquity\data/wav\1970_wyf_t06.wav,C:\MyProjects\Project-Proposal\PrivateCoach\Project-EchoesofEquity\data/melspec\1970_wyf_t06.npy,1970,white,younger,female,trustworthy,6,,1.097875,232.84201822311772,34.28636958707365,17.36376876489975,0.018271458999689832,17.36376876489975
C:\MyProjects\Project-Proposal\PrivateCoach\Project-EchoesofEquity\data/wav\1970_wyf_t07.wav,C:\MyProjects\Project-Proposal\PrivateCoach\Project-EchoesofEquity\data/melspec\1970_wyf_t07.npy,1970,white,younger,female,trustworthy,7,,1.522875,222.12925002268148,14.216671285763903,17.751672871792675,0.02108853755110992,17.751672871792675
C:\MyProjects\Project-Proposal\PrivateCoach\Project-EchoesofEquity\data/wav\1970_wyf_t08c.wav,C:\MyProjects\Project-Proposal\PrivateCoach\Project-EchoesofEquity\data/melspec\1970_wyf_t08c.npy,1970,white,younger,female,trustworthy,8,c,1.559875,214.041569511459,24.28170140097422,14.137388239496799,0.02401485649737045,14.137388239496799
C:\MyProjects\Project-Proposal\PrivateCoach\Project-EchoesofEquity\data/wav\1971_wyf_n05.wav,C:\MyProjects\Project-Proposal\PrivateCoach\Project-EchoesofEquity\data/melspec\1971_wyf_n05.npy,1971,white,younger,female,neutral,5,,1.3632916666666666,239.56118161622592,106.93335687920224,12.841029212587793,0.024509181437630277,12.841029212587793
C:\MyProjects\Project-Proposal\PrivateCoach\Project-EchoesofEquity\data/wav\1971_wyf_n06.wav,C:\MyProjects\Project-Proposal\PrivateCoach\Project-EchoesofEquity\data/melspec\1971_wyf_n06.npy,1971,white,younger,female,neutral,6,,1.1993958333333334,173.9411804548057,18.648203024268977,15.195193715646049,0.01888124639158731,15.195193715646049
C:\MyProjects\Project-Proposal\PrivateCoach\Project-EchoesofEquity\data/wav\1971_wyf_n07.wav,C:\MyProjects\Project-Proposal\PrivateCoach\Project-EchoesofEquity\data/melspec\1971_wyf_n07.npy,1971,white,younger,female,neutral,7,,1.3622083333333332,196.6002145561038,47.61021673736589,14.23620592079408,0.01705033751909508,14.23620592079408
C:\MyProjects\Project-Proposal\PrivateCoach\Project-EchoesofEquity\data/wav\1971_wyf_n08c.wav,C:\MyProjects\Project-Proposal\PrivateCoach\Project-EchoesofEquity\data/melspec\1971_wyf_n08c.npy,1971,white,younger,female,neutral,8,c,1.2643333333333333,214.51479328174312,111.87571878354618,10.184347539370728,0.020448385859387616,10.184347539370728
C:\MyProjects\Project-Proposal\PrivateCoach\Project-EchoesofEquity\data/wav\1971_wyf_n09.wav,C:\MyProjects\Project-Proposal\PrivateCoach\Project-EchoesofEquity\data/melspec\1971_wyf_n09.npy,1971,white,younger,female,neutral,9,,1.4247708333333333,217.985316364205,119.71823792408694,12.17036406534405,0.016040066333070827,12.17036406534405
C:\MyProjects\Project-Proposal\PrivateCoach\Project-EchoesofEquity\data/wav\1971_wyf_n10.wav,C:\MyProjects\Project-Proposal\PrivateCoach\Project-EchoesofEquity\data/melspec\1971_wyf_n10.npy,1971,white,younger,female,neutral,10,,1.5219583333333333,230.28056051277184,126.432295924762,9.234885813031543,0.022422395401012356,9.234885813031543
C:\MyProjects\Project-Proposal\PrivateCoach\Project-EchoesofEquity\data/wav\1971_wyf_t05.wav,C:\MyProjects\Project-Proposal\PrivateCoach\Project-EchoesofEquity\data/melspec\1971_wyf_t05.npy,1971,white,younger,female,trustworthy,5,,1.40075,231.77040490818402,64.74964824642952,12.355421742297501,0.026322887845592655,12.355421742297501
C:\MyProjects\Project-Proposal\PrivateCoach\Project-EchoesofEquity\data/wav\1971_wyf_t06c.wav,C:\MyProjects\Project-Proposal\PrivateCoach\Project-EchoesofEquity\data/melspec\1971_wyf_t06c.npy,1971,white,younger,female,trustworthy,6,c,1.1666666666666667,214.90804273744982,86.54463992216866,12.566662081542981,0.01824017625500197,12.566662081542981
C:\MyProjects\Project-Proposal\PrivateCoach\Project-EchoesofEquity\data/wav\1971_wyf_t07c.wav,C:\MyProjects\Project-Proposal\PrivateCoach\Project-EchoesofEquity\data/melspec\1971_wyf_t07c.npy,1971,white,younger,female,trustworthy,7,c,1.3454166666666667,243.58204722770085,85.20258095480371,14.417144233337263,0.01784033992652906,14.417144233337263
C:\MyProjects\Project-Proposal\PrivateCoach\Project-EchoesofEquity\data/wav\1971_wyf_t08.wav,C:\MyProjects\Project-Proposal\PrivateCoach\Project-EchoesofEquity\data/melspec\1971_wyf_t08.npy,1971,white,younger,female,trustworthy,8,,1.918875,235.5790505550899,43.70048263455819,11.004671481775164,0.022495722603806636,11.004671481775164
C:\MyProjects\Project-Proposal\PrivateCoach\Project-EchoesofEquity\data/wav\1971_wyf_t09.wav,C:\MyProjects\Project-Proposal\PrivateCoach\Project-EchoesofEquity\data/melspec\1971_wyf_t09.npy,1971,white,younger,female,trustworthy,9,,1.4576458333333333,231.70744013604622,67.22421231929529,10.830747396014264,0.018977411306538,10.830747396014264
C:\MyProjects\Project-Proposal\PrivateCoach\Project-EchoesofEquity\data/wav\1971_wyf_t10c.wav,C:\MyProjects\Project-Proposal\PrivateCoach\Project-EchoesofEquity\data/melspec\1971_wyf_t10c.npy,1971,white,younger,female,trustworthy,10,c,2.1054583333333334,275.5127382166886,91.68043580815802,9.611966847936577,0.027915316416415977,9.611966847936577
C:\MyProjects\Project-Proposal\PrivateCoach\Project-EchoesofEquity\data/wav\1972_wym_n05.wav,C:\MyProjects\Project-Proposal\PrivateCoach\Project-EchoesofEquity\data/melspec\1972_wym_n05.npy,1972,white,younger,male,neutral,5,,1.3153958333333333,109.56967422133194,12.068806530095202,8.133126565856259,0.02721266791744618,8.133126565856259
C:\MyProjects\Project-Proposal\PrivateCoach\Project-EchoesofEquity\data/wav\1972_wym_n06.wav,C:\MyProjects\Project-Proposal\PrivateCoach\Project-EchoesofEquity\data/melspec\1972_wym_n06.npy,1972,white,younger,male,neutral,6,,1.3683333333333334,109.0082746224466,5.560725340094652,10.8015361534289,0.020928824715624197,10.8015361534289
C:\MyProjects\Project-Proposal\PrivateCoach\Project-EchoesofEquity\data/wav\1972_wym_n07.wav,C:\MyProjects\Project-Proposal\PrivateCoach\Project-EchoesofEquity\data/melspec\1972_wym_n07.npy,1972,white,younger,male,neutral,7,,1.3197916666666667,111.99314824881465,10.020648864666706,12.08243893503741,0.01766256832836451,12.08243893503741
C:\MyProjects\Project-Proposal\PrivateCoach\Project-EchoesofEquity\data/wav\1972_wym_n08c.wav,C:\MyProjects\Project-Proposal\PrivateCoach\Project-EchoesofEquity\data/melspec\1972_wym_n08c.npy,1972,white,younger,male,neutral,8,c,1.2690625,119.7772171953013,31.442328723433643,7.530744225603076,0.032985873188030854,7.530744225603076
C:\MyProjects\Project-Proposal\PrivateCoach\Project-EchoesofEquity\data/wav\1972_wym_n09c.wav,C:\MyProjects\Project-Proposal\PrivateCoach\Project-EchoesofEquity\data/melspec\1972_wym_n09c.npy,1972,white,younger,male,neutral,9,c,1.4698333333333333,109.23091443920963,9.550698238070897,8.43023810611422,0.016847061972763467,8.43023810611422
C:\MyProjects\Project-Proposal\PrivateCoach\Project-EchoesofEquity\data/wav\1972_wym_n10.wav,C:\MyProjects\Project-Proposal\PrivateCoach\Project-EchoesofEquity\data/melspec\1972_wym_n10.npy,1972,white,younger,male,neutral,10,,1.6163125,122.2544181071982,80.3422211692839,9.451869708191468,0.01698264469412825,9.451869708191468
C:\MyProjects\Project-Proposal\PrivateCoach\Project-EchoesofEquity\data/wav\1972_wym_t05.wav,C:\MyProjects\Project-Proposal\PrivateCoach\Project-EchoesofEquity\data/melspec\1972_wym_t05.npy,1972,white,younger,male,trustworthy,5,,1.2416041666666666,120.60848143797624,20.34322833966294,6.78676323761867,0.03296155153336746,6.78676323761867
C:\MyProjects\Project-Proposal\PrivateCoach\Project-EchoesofEquity\data/wav\1972_wym_t06c.wav,C:\MyProjects\Project-Proposal\PrivateCoach\Project-EchoesofEquity\data/melspec\1972_wym_t06c.npy,1972,white,younger,male,trustworthy,6,c,1.0892291666666667,128.3209643608378,15.120683379825785,10.527481075465321,0.018040857153734866,10.527481075465321
C:\MyProjects\Project-Proposal\PrivateCoach\Project-EchoesofEquity\data/wav\1972_wym_t07c.wav,C:\MyProjects\Project-Proposal\PrivateCoach\Project-EchoesofEquity\data/melspec\1972_wym_t07c.npy,1972,white,younger,male,trustworthy,7,c,1.0515,119.45607389106178,21.267726175657607,9.320573979266367,0.01894238837314381,9.320573979266367
C:\MyProjects\Project-Proposal\PrivateCoach\Project-EchoesofEquity\data/wav\1972_wym_t08c.wav,C:\MyProjects\Project-Proposal\PrivateCoach\Project-EchoesofEquity\data/melspec\1972_wym_t08c.npy,1972,white,younger,male,trustworthy,8,c,1.36025,112.92647764237238,56.884800587727234,6.892757703983219,0.03199242714982954,6.892757703983219
C:\MyProjects\Project-Proposal\PrivateCoach\Project-EchoesofEquity\data/wav\1972_wym_t09.wav,C:\MyProjects\Project-Proposal\PrivateCoach\Project-EchoesofEquity\data/melspec\1972_wym_t09.npy,1972,white,younger,male,trustworthy,9,,1.1542708333333334,116.90590711248815,17.479516919699837,8.125416177317522,0.014666261692704125,8.125416177317522
C:\MyProjects\Project-Proposal\PrivateCoach\Project-EchoesofEquity\data/wav\1972_wym_t10.wav,C:\MyProjects\Project-Proposal\PrivateCoach\Project-EchoesofEquity\data/melspec\1972_wym_t10.npy,1972,white,younger,male,trustworthy,10,,2.0788541666666664,158.4636404112961,125.61855379370037,7.154472320998197,0.02053325907294254,7.154472320998197
C:\MyProjects\Project-Proposal\PrivateCoach\Project-EchoesofEquity\data/wav\1973_wyf_n07c.wav,C:\MyProjects\Project-Proposal\PrivateCoach\Project-EchoesofEquity\data/melspec\1973_wyf_n07c.npy,1973,white,younger,female,neutral,7,c,1.7357083333333334,182.0075991573362,17.395153737535473,16.795984873763807,0.020785511655978046,16.795984873763807
C:\MyProjects\Project-Proposal\PrivateCoach\Project-EchoesofEquity\data/wav\1973_wyf_n08.wav,C:\MyProjects\Project-Proposal\PrivateCoach\Project-EchoesofEquity\data/melspec\1973_wyf_n08.npy,1973,white,younger,female,neutral,8,,1.5878125,172.5775660667084,17.83204986051497,12.62172648528387,0.014425191784471502,12.62172648528387
C:\MyProjects\Project-Proposal\PrivateCoach\Project-EchoesofEquity\data/wav\1973_wyf_n09c.wav,C:\MyProjects\Project-Proposal\PrivateCoach\Project-EchoesofEquity\data/melspec\1973_wyf_n09c.npy,1973,white,younger,female,neutral,9,c,1.5374791666666667,161.2482510858449,14.549590989309293,7.1653765689973135,0.018710774428677884,7.1653765689973135
C:\MyProjects\Project-Proposal\PrivateCoach\Project-EchoesofEquity\data/wav\1973_wyf_n10c.wav,C:\MyProjects\Project-Proposal\PrivateCoach\Project-EchoesofEquity\data/melspec\1973_wyf_n10c.npy,1973,white,younger,female,neutral,10,c,1.9985625,208.36129392416416,97.08519997734632,9.573451114992917,0.017355458297447023,9.573451114992917
C:\MyProjects\Project-Proposal\PrivateCoach\Project-EchoesofEquity\data/wav\1973_wyf_n11.wav,C:\MyProjects\Project-Proposal\PrivateCoach\Project-EchoesofEquity\data/melspec\1973_wyf_n11.npy,1973,white,younger,female,neutral,11,,2.0047291666666665,180.01182551017558,24.90626447683775,13.674123231428066,0.018134947654227494,13.674123231428066
C:\MyProjects\Project-Proposal\PrivateCoach\Project-EchoesofEquity\data/wav\1973_wyf_n12.wav,C:\MyProjects\Project-Proposal\PrivateCoach\Project-EchoesofEquity\data/melspec\1973_wyf_n12.npy,1973,white,younger,female,neutral,12,,1.5866666666666667,186.78237524239591,19.112829365148674,13.967440865884406,0.016260966159585166,13.967440865884406
C:\MyProjects\Project-Proposal\PrivateCoach\Project-EchoesofEquity\data/wav\1973_wyf_t07c.wav,C:\MyProjects\Project-Proposal\PrivateCoach\Project-EchoesofEquity\data/melspec\1973_wyf_t07c.npy,1973,white,younger,female,trustworthy,7,c,1.5960833333333333,202.46407280470774,39.195766974058216,16.514608217126653,0.014757312939609857,16.514608217126653
C:\MyProjects\Project-Proposal\PrivateCoach\Project-EchoesofEquity\data/wav\1973_wyf_t08.wav,C:\MyProjects\Project-Proposal\PrivateCoach\Project-EchoesofEquity\data/melspec\1973_wyf_t08.npy,1973,white,younger,female,trustworthy,8,,1.5371666666666666,206.02664390911872,38.80758827356115,12.47451061811021,0.01573310320123493,12.47451061811021
C:\MyProjects\Project-Proposal\PrivateCoach\Project-EchoesofEquity\data/wav\1973_wyf_t09.wav,C:\MyProjects\Project-Proposal\PrivateCoach\Project-EchoesofEquity\data/melspec\1973_wyf_t09.npy,1973,white,younger,female,trustworthy,9,,1.5415416666666666,217.82329806394256,91.45137156068793,11.567137621960882,0.019398440031094543,11.567137621960882
C:\MyProjects\Project-Proposal\PrivateCoach\Project-EchoesofEquity\data/wav\1973_wyf_t10c.wav,C:\MyProjects\Project-Proposal\PrivateCoach\Project-EchoesofEquity\data/melspec\1973_wyf_t10c.npy,1973,white,younger,female,trustworthy,10,c,1.9575416666666667,218.3602535176349,38.36895392722551,9.17674395551814,0.021642554906434037,9.17674395551814
C:\MyProjects\Project-Proposal\PrivateCoach\Project-EchoesofEquity\data/wav\1973_wyf_t11c.wav,C:\MyProjects\Project-Proposal\PrivateCoach\Project-EchoesofEquity\data/melspec\1973_wyf_t11c.npy,1973,white,younger,female,trustworthy,11,c,2.2425,207.2113826006093,32.21794204742789,14.090928512019168,0.015205094598812627,14.090928512019168
C:\MyProjects\Project-Proposal\PrivateCoach\Project-EchoesofEquity\data/wav\1973_wyf_t12c.wav,C:\MyProjects\Project-Proposal\PrivateCoach\Project-EchoesofEquity\data/melspec\1973_wyf_t12c.npy,1973,white,younger,female,trustworthy,12,c,1.5989791666666666,194.85553466750835,32.66031682934583,13.186227130802692,0.02167263229496281,13.186227130802692
C:\MyProjects\Project-Proposal\PrivateCoach\Project-EchoesofEquity\data/wav\1974_wym_n07c.wav,C:\MyProjects\Project-Proposal\PrivateCoach\Project-EchoesofEquity\data/melspec\1974_wym_n07c.npy,1974,white,younger,male,neutral,7,c,1.3815625,90.94384523252707,8.275772246899917,7.3639800867802645,0.02310477127472707,7.3639800867802645
C:\MyProjects\Project-Proposal\PrivateCoach\Project-EchoesofEquity\data/wav\1974_wym_n08c.wav,C:\MyProjects\Project-Proposal\PrivateCoach\Project-EchoesofEquity\data/melspec\1974_wym_n08c.npy,1974,white,younger,male,neutral,8,c,1.3743125,85.81687439813258,4.046116067738474,6.882724557073419,0.02725430865330357,6.882724557073419
C:\MyProjects\Project-Proposal\PrivateCoach\Project-EchoesofEquity\data/wav\1974_wym_n09c.wav,C:\MyProjects\Project-Proposal\PrivateCoach\Project-EchoesofEquity\data/melspec\1974_wym_n09c.npy,1974,white,younger,male,neutral,9,c,1.315875,115.50456318349866,102.96169423669916,6.696299264985779,0.01821099184135165,6.696299264985779
C:\MyProjects\Project-Proposal\PrivateCoach\Project-EchoesofEquity\data/wav\1974_wym_n10c.wav,C:\MyProjects\Project-Proposal\PrivateCoach\Project-EchoesofEquity\data/melspec\1974_wym_n10c.npy,1974,white,younger,male,neutral,10,c,1.7080625,165.47634677577028,147.6813295207878,4.613361613044195,0.021860621131634225,4.613361613044195
C:\MyProjects\Project-Proposal\PrivateCoach\Project-EchoesofEquity\data/wav\1974_wym_n11c.wav,C:\MyProjects\Project-Proposal\PrivateCoach\Project-EchoesofEquity\data/melspec\1974_wym_n11c.npy,1974,white,younger,male,neutral,11,c,1.8761458333333334,88.0240076473902,7.510027493330043,6.685900994096351,0.02648685254539527,6.685900994096351
C:\MyProjects\Project-Proposal\PrivateCoach\Project-EchoesofEquity\data/wav\1974_wym_n12c.wav,C:\MyProjects\Project-Proposal\PrivateCoach\Project-EchoesofEquity\data/melspec\1974_wym_n12c.npy,1974,white,younger,male,neutral,12,c,1.3623958333333333,89.65762044257778,5.991165988300313,9.146506375906418,0.02511264626326294,9.146506375906418
C:\MyProjects\Project-Proposal\PrivateCoach\Project-EchoesofEquity\data/wav\1974_wym_t07.wav,C:\MyProjects\Project-Proposal\PrivateCoach\Project-EchoesofEquity\data/melspec\1974_wym_t07.npy,1974,white,younger,male,trustworthy,7,,1.1059375,111.14296371492158,30.16785609900437,5.621080841603037,0.03220167618500077,5.621080841603037
C:\MyProjects\Project-Proposal\PrivateCoach\Project-EchoesofEquity\data/wav\1974_wym_t08.wav,C:\MyProjects\Project-Proposal\PrivateCoach\Project-EchoesofEquity\data/melspec\1974_wym_t08.npy,1974,white,younger,male,trustworthy,8,,1.3774166666666667,194.96161117274434,121.88522520527779,4.2825178358078215,0.05063962202378288,4.2825178358078215
C:\MyProjects\Project-Proposal\PrivateCoach\Project-EchoesofEquity\data/wav\1974_wym_t09c.wav,C:\MyProjects\Project-Proposal\PrivateCoach\Project-EchoesofEquity\data/melspec\1974_wym_t09c.npy,1974,white,younger,male,trustworthy,9,c,1.3734166666666667,174.2404681174981,141.50877208746687,5.9240227556634455,0.038553637905403094,5.9240227556634455
C:\MyProjects\Project-Proposal\PrivateCoach\Project-EchoesofEquity\data/wav\1974_wym_t10.wav,C:\MyProjects\Project-Proposal\PrivateCoach\Project-EchoesofEquity\data/melspec\1974_wym_t10.npy,1974,white,younger,male,trustworthy,10,,1.584625,150.24234566254395,30.912300220517256,6.022202477819899,0.024483185948759797,6.022202477819899
C:\MyProjects\Project-Proposal\PrivateCoach\Project-EchoesofEquity\data/wav\1974_wym_t11c.wav,C:\MyProjects\Project-Proposal\PrivateCoach\Project-EchoesofEquity\data/melspec\1974_wym_t11c.npy,1974,white,younger,male,trustworthy,11,c,1.5228125,119.07461439423992,24.794649060057104,8.076101708430112,0.021578265555339277,8.076101708430112
C:\MyProjects\Project-Proposal\PrivateCoach\Project-EchoesofEquity\data/wav\1974_wym_t12c.wav,C:\MyProjects\Project-Proposal\PrivateCoach\Project-EchoesofEquity\data/melspec\1974_wym_t12c.npy,1974,white,younger,male,trustworthy,12,c,1.2865833333333334,125.04290712351064,27.303603469553188,7.94078737996298,0.032838882904071255,7.94078737996298
C:\MyProjects\Project-Proposal\PrivateCoach\Project-EchoesofEquity\data/wav\1976_bym_n11c.wav,C:\MyProjects\Project-Proposal\PrivateCoach\Project-EchoesofEquity\data/melspec\1976_bym_n11c.npy,1976,black,younger,male,neutral,11,c,1.2268958333333333,112.4546946821863,5.016745177965763,7.607861482762428,0.011121435729046092,7.607861482762428
C:\MyProjects\Project-Proposal\PrivateCoach\Project-EchoesofEquity\data/wav\1976_bym_n12.wav,C:\MyProjects\Project-Proposal\PrivateCoach\Project-EchoesofEquity\data/melspec\1976_bym_n12.npy,1976,black,younger,male,neutral,12,,1.1730625,115.43112550383142,5.798877445045071,7.281642315150875,0.020691504847666804,7.281642315150875
C:\MyProjects\Project-Proposal\PrivateCoach\Project-EchoesofEquity\data/wav\1976_bym_n13.wav,C:\MyProjects\Project-Proposal\PrivateCoach\Project-EchoesofEquity\data/melspec\1976_bym_n13.npy,1976,black,younger,male,neutral,13,,1.0853125,114.34522769669825,5.35104140316422,9.588193570840495,0.009920772260441227,9.588193570840495
C:\MyProjects\Project-Proposal\PrivateCoach\Project-EchoesofEquity\data/wav\1976_bym_n14c.wav,C:\MyProjects\Project-Proposal\PrivateCoach\Project-EchoesofEquity\data/melspec\1976_bym_n14c.npy,1976,black,younger,male,neutral,14,c,1.1530625,117.24004444440892,6.215342714599171,9.489521539168194,0.014839604887822646,9.489521539168194
C:\MyProjects\Project-Proposal\PrivateCoach\Project-EchoesofEquity\data/wav\1976_bym_n15.wav,C:\MyProjects\Project-Proposal\PrivateCoach\Project-EchoesofEquity\data/melspec\1976_bym_n15.npy,1976,black,younger,male,neutral,15,,1.1398958333333333,115.41881145655401,6.554385587537823,8.239467582280703,0.01516720281388834,8.239467582280703
C:\MyProjects\Project-Proposal\PrivateCoach\Project-EchoesofEquity\data/wav\1976_bym_n16.wav,C:\MyProjects\Project-Proposal\PrivateCoach\Project-EchoesofEquity\data/melspec\1976_bym_n16.npy,1976,black,younger,male,neutral,16,,1.1652916666666666,115.1437114749954,5.6053239823395895,6.317431966255093,0.021918888595315905,6.317431966255093
C:\MyProjects\Project-Proposal\PrivateCoach\Project-EchoesofEquity\data/wav\1976_bym_t11.wav,C:\MyProjects\Project-Proposal\PrivateCoach\Project-EchoesofEquity\data/melspec\1976_bym_t11.npy,1976,black,younger,male,trustworthy,11,,1.1891041666666666,157.89445906052558,97.90704299519625,11.258762944550849,0.011957360295791515,11.258762944550849
C:\MyProjects\Project-Proposal\PrivateCoach\Project-EchoesofEquity\data/wav\1976_bym_t12.wav,C:\MyProjects\Project-Proposal\PrivateCoach\Project-EchoesofEquity\data/melspec\1976_bym_t12.npy,1976,black,younger,male,trustworthy,12,,1.1318541666666666,134.28098834276423,16.878895110581123,8.730463574636426,0.02561854039393569,8.730463574636426
C:\MyProjects\Project-Proposal\PrivateCoach\Project-EchoesofEquity\data/wav\1976_bym_t13c.wav,C:\MyProjects\Project-Proposal\PrivateCoach\Project-EchoesofEquity\data/melspec\1976_bym_t13c.npy,1976,black,younger,male,trustworthy,13,c,1.1811041666666666,138.0813976725129,14.013606570949962,13.185591986776457,0.014111603436106755,13.185591986776457
C:\MyProjects\Project-Proposal\PrivateCoach\Project-EchoesofEquity\data/wav\1976_bym_t14c.wav,C:\MyProjects\Project-Proposal\PrivateCoach\Project-EchoesofEquity\data/melspec\1976_bym_t14c.npy,1976,black,younger,male,trustworthy,14,c,1.0677083333333333,129.01112893576516,8.860844102871342,8.749950472093312,0.012244418564400122,8.749950472093312
C:\MyProjects\Project-Proposal\PrivateCoach\Project-EchoesofEquity\data/wav\1976_bym_t15.wav,C:\MyProjects\Project-Proposal\PrivateCoach\Project-EchoesofEquity\data/melspec\1976_bym_t15.npy,1976,black,younger,male,trustworthy,15,,1.1040833333333333,163.3589453882472,84.67310333808263,9.861027883987827,0.019817914768803173,9.861027883987827
C:\MyProjects\Project-Proposal\PrivateCoach\Project-EchoesofEquity\data/wav\1976_bym_t16c.wav,C:\MyProjects\Project-Proposal\PrivateCoach\Project-EchoesofEquity\data/melspec\1976_bym_t16c.npy,1976,black,younger,male,trustworthy,16,c,1.2253958333333332,129.96292925512458,13.32057201349356,9.383571513469473,0.01911956391738649,9.383571513469473
C:\MyProjects\Project-Proposal\PrivateCoach\Project-EchoesofEquity\data/wav\1977_wom_n01.wav,C:\MyProjects\Project-Proposal\PrivateCoach\Project-EchoesofEquity\data/melspec\1977_wom_n01.npy,1977,white,older,male,neutral,1,,2.094708333333333,105.17076106010028,9.904899392145515,7.742985511451994,0.026504778255391947,7.742985511451994
C:\MyProjects\Project-Proposal\PrivateCoach\Project-EchoesofEquity\data/wav\1977_wom_n02c.wav,C:\MyProjects\Project-Proposal\PrivateCoach\Project-EchoesofEquity\data/melspec\1977_wom_n02c.npy,1977,white,older,male,neutral,2,c,2.07025,103.16571671222196,4.232704025031976,7.594665637188505,0.01837017636020244,7.594665637188505
C:\MyProjects\Project-Proposal\PrivateCoach\Project-EchoesofEquity\data/wav\1977_wom_n17c.wav,C:\MyProjects\Project-Proposal\PrivateCoach\Project-EchoesofEquity\data/melspec\1977_wom_n17c.npy,1977,white,older,male,neutral,17,c,1.8255,108.1384156369607,9.85138741957434,7.024884568372395,0.030556542471714757,7.024884568372395
C:\MyProjects\Project-Proposal\PrivateCoach\Project-EchoesofEquity\data/wav\1977_wom_n18c.wav,C:\MyProjects\Project-Proposal\PrivateCoach\Project-EchoesofEquity\data/melspec\1977_wom_n18c.npy,1977,white,older,male,neutral,18,c,2.1015208333333333,99.37482794271217,6.366924140309803,7.6053324900794435,0.022150587098394292,7.6053324900794435
C:\MyProjects\Project-Proposal\PrivateCoach\Project-EchoesofEquity\data/wav\1977_wom_n19.wav,C:\MyProjects\Project-Proposal\PrivateCoach\Project-EchoesofEquity\data/melspec\1977_wom_n19.npy,1977,white,older,male,neutral,19,,2.1376666666666666,97.33415541511305,9.246225440172504,8.592129415551824,0.03493478110683672,8.592129415551824
C:\MyProjects\Project-Proposal\PrivateCoach\Project-EchoesofEquity\data/wav\1977_wom_n20.wav,C:\MyProjects\Project-Proposal\PrivateCoach\Project-EchoesofEquity\data/melspec\1977_wom_n20.npy,1977,white,older,male,neutral,20,,2.02675,120.12180296449296,72.51466157427147,10.339545597962479,0.02194179495645809,10.339545597962479
C:\MyProjects\Project-Proposal\PrivateCoach\Project-EchoesofEquity\data/wav\1977_wom_t01.wav,C:\MyProjects\Project-Proposal\PrivateCoach\Project-EchoesofEquity\data/melspec\1977_wom_t01.npy,1977,white,older,male,trustworthy,1,,1.7042083333333333,131.7884139192593,58.92650523315147,6.468648873269188,0.043037196333276476,6.468648873269188
C:\MyProjects\Project-Proposal\PrivateCoach\Project-EchoesofEquity\data/wav\1977_wom_t02.wav,C:\MyProjects\Project-Proposal\PrivateCoach\Project-EchoesofEquity\data/melspec\1977_wom_t02.npy,1977,white,older,male,trustworthy,2,,2.0109375,176.44137568918526,50.966380756346055,12.159369191833457,0.02528450035328667,12.159369191833457
C:\MyProjects\Project-Proposal\PrivateCoach\Project-EchoesofEquity\data/wav\1977_wom_t17.wav,C:\MyProjects\Project-Proposal\PrivateCoach\Project-EchoesofEquity\data/melspec\1977_wom_t17.npy,1977,white,older,male,trustworthy,17,,1.4453125,123.86170303775744,50.961623794978514,6.5216110920424395,0.025837631924571527,6.5216110920424395
C:\MyProjects\Project-Proposal\PrivateCoach\Project-EchoesofEquity\data/wav\1977_wom_t18.wav,C:\MyProjects\Project-Proposal\PrivateCoach\Project-EchoesofEquity\data/melspec\1977_wom_t18.npy,1977,white,older,male,trustworthy,18,,1.9067708333333333,138.1151910282048,42.038329972622826,8.161664335559374,0.027428019132563156,8.161664335559374
C:\MyProjects\Project-Proposal\PrivateCoach\Project-EchoesofEquity\data/wav\1977_wom_t19c.wav,C:\MyProjects\Project-Proposal\PrivateCoach\Project-EchoesofEquity\data/melspec\1977_wom_t19c.npy,1977,white,older,male,trustworthy,19,c,2.2769583333333334,116.30280655346138,32.52798548196292,9.300611761461344,0.02752738247313168,9.300611761461344
C:\MyProjects\Project-Proposal\PrivateCoach\Project-EchoesofEquity\data/wav\1977_wom_t20c.wav,C:\MyProjects\Project-Proposal\PrivateCoach\Project-EchoesofEquity\data/melspec\1977_wom_t20c.npy,1977,white,older,male,trustworthy,20,c,2.0715625,157.85468123397987,50.3188099692191,11.521935542039788,0.02583795555846854,11.521935542039788
C:\MyProjects\Project-Proposal\PrivateCoach\Project-EchoesofEquity\data/wav\1980_wyf_n09c.wav,C:\MyProjects\Project-Proposal\PrivateCoach\Project-EchoesofEquity\data/melspec\1980_wyf_n09c.npy,1980,white,younger,female,neutral,9,c,1.4683541666666666,183.2001399476163,17.655036053204505,14.117168758912985,0.01396457645040012,14.117168758912985
C:\MyProjects\Project-Proposal\PrivateCoach\Project-EchoesofEquity\data/wav\1980_wyf_n10.wav,C:\MyProjects\Project-Proposal\PrivateCoach\Project-EchoesofEquity\data/melspec\1980_wyf_n10.npy,1980,white,younger,female,neutral,10,,1.8512291666666667,212.42768667429618,93.7426894742692,10.715266666210999,0.028200333877086432,10.715266666210999
C:\MyProjects\Project-Proposal\PrivateCoach\Project-EchoesofEquity\data/wav\1980_wyf_n11c.wav,C:\MyProjects\Project-Proposal\PrivateCoach\Project-EchoesofEquity\data/melspec\1980_wyf_n11c.npy,1980,white,younger,female,neutral,11,c,1.8266041666666666,187.00849794188406,22.086970143058167,14.089091036056768,0.01944131382042611,14.089091036056768
C:\MyProjects\Project-Proposal\PrivateCoach\Project-EchoesofEquity\data/wav\1980_wyf_n12.wav,C:\MyProjects\Project-Proposal\PrivateCoach\Project-EchoesofEquity\data/melspec\1980_wyf_n12.npy,1980,white,younger,female,neutral,12,,1.6511666666666667,186.30382800570823,15.554191732867604,12.948893325001,0.030322983728297143,12.948893325001
C:\MyProjects\Project-Proposal\PrivateCoach\Project-EchoesofEquity\data/wav\1980_wyf_n13c.wav,C:\MyProjects\Project-Proposal\PrivateCoach\Project-EchoesofEquity\data/melspec\1980_wyf_n13c.npy,1980,white,younger,female,neutral,13,c,1.5123958333333334,197.8838026372837,58.20276406278111,15.697951984832855,0.017410341261311458,15.697951984832855
C:\MyProjects\Project-Proposal\PrivateCoach\Project-EchoesofEquity\data/wav\1980_wyf_n14c.wav,C:\MyProjects\Project-Proposal\PrivateCoach\Project-EchoesofEquity\data/melspec\1980_wyf_n14c.npy,1980,white,younger,female,neutral,14,c,1.4022083333333333,201.00854967911707,55.23069030515697,14.403857021197737,0.020651088596681976,14.403857021197737
C:\MyProjects\Project-Proposal\PrivateCoach\Project-EchoesofEquity\data/wav\1980_wyf_t09.wav,C:\MyProjects\Project-Proposal\PrivateCoach\Project-EchoesofEquity\data/melspec\1980_wyf_t09.npy,1980,white,younger,female,trustworthy,9,,1.7195625,214.6408640118396,51.40981403000565,14.909594139467208,0.018945626879184465,14.909594139467208
C:\MyProjects\Project-Proposal\PrivateCoach\Project-EchoesofEquity\data/wav\1980_wyf_t10c.wav,C:\MyProjects\Project-Proposal\PrivateCoach\Project-EchoesofEquity\data/melspec\1980_wyf_t10c.npy,1980,white,younger,female,trustworthy,10,c,2.1268541666666665,265.4680540669395,66.93468530702413,10.965423697988285,0.029058644225659232,10.965423697988285
C:\MyProjects\Project-Proposal\PrivateCoach\Project-EchoesofEquity\data/wav\1980_wyf_t11c.wav,C:\MyProjects\Project-Proposal\PrivateCoach\Project-EchoesofEquity\data/melspec\1980_wyf_t11c.npy,1980,white,younger,female,trustworthy,11,c,2.123854166666667,193.2468751797284,29.672324254613756,14.724789085491055,0.019120366247117805,14.724789085491055
C:\MyProjects\Project-Proposal\PrivateCoach\Project-EchoesofEquity\data/wav\1980_wyf_t12c.wav,C:\MyProjects\Project-Proposal\PrivateCoach\Project-EchoesofEquity\data/melspec\1980_wyf_t12c.npy,1980,white,younger,female,trustworthy,12,c,1.652,243.1697094621619,84.49032848201432,13.069191657602495,0.029047087661318367,13.069191657602495
C:\MyProjects\Project-Proposal\PrivateCoach\Project-EchoesofEquity\data/wav\1980_wyf_t13c.wav,C:\MyProjects\Project-Proposal\PrivateCoach\Project-EchoesofEquity\data/melspec\1980_wyf_t13c.npy,1980,white,younger,female,trustworthy,13,c,1.7012916666666666,199.90400658247202,46.398190431931134,15.247502795783001,0.01844519707364863,15.247502795783001
C:\MyProjects\Project-Proposal\PrivateCoach\Project-EchoesofEquity\data/wav\1980_wyf_t14c.wav,C:\MyProjects\Project-Proposal\PrivateCoach\Project-EchoesofEquity\data/melspec\1980_wyf_t14c.npy,1980,white,younger,female,trustworthy,14,c,1.47725,239.85940495310692,92.60462690783342,13.364693229956924,0.02308732378640379,13.364693229956924
C:\MyProjects\Project-Proposal\PrivateCoach\Project-EchoesofEquity\data/wav\1983_wym_n09.wav,C:\MyProjects\Project-Proposal\PrivateCoach\Project-EchoesofEquity\data/melspec\1983_wym_n09.npy,1983,white,younger,male,neutral,9,,2.187854166666667,116.98985849695865,15.439663906608804,13.391203076313479,0.025831404382459306,13.391203076313479
C:\MyProjects\Project-Proposal\PrivateCoach\Project-EchoesofEquity\data/wav\1983_wym_n10.wav,C:\MyProjects\Project-Proposal\PrivateCoach\Project-EchoesofEquity\data/melspec\1983_wym_n10.npy,1983,white,younger,male,neutral,10,,2.9348958333333335,128.38340049465054,19.83205276866909,8.862740907110323,0.025787724852727397,8.862740907110323
C:\MyProjects\Project-Proposal\PrivateCoach\Project-EchoesofEquity\data/wav\1983_wym_n11.wav,C:\MyProjects\Project-Proposal\PrivateCoach\Project-EchoesofEquity\data/melspec\1983_wym_n11.npy,1983,white,younger,male,neutral,11,,2.6067916666666666,124.87972327116118,19.13759480258333,10.814241163935883,0.02832896575790412,10.814241163935883
C:\MyProjects\Project-Proposal\PrivateCoach\Project-EchoesofEquity\data/wav\1983_wym_n12.wav,C:\MyProjects\Project-Proposal\PrivateCoach\Project-EchoesofEquity\data/melspec\1983_wym_n12.npy,1983,white,younger,male,neutral,12,,2.1449583333333333,120.22478220153091,13.63100829929698,13.04259326811407,0.02730418558469255,13.04259326811407
C:\MyProjects\Project-Proposal\PrivateCoach\Project-EchoesofEquity\data/wav\1983_wym_n13.wav,C:\MyProjects\Project-Proposal\PrivateCoach\Project-EchoesofEquity\data/melspec\1983_wym_n13.npy,1983,white,younger,male,neutral,13,,2.1245625,134.68731975280167,61.0512721779492,14.378446026825989,0.02255773961244032,14.378446026825989
C:\MyProjects\Project-Proposal\PrivateCoach\Project-EchoesofEquity\data/wav\1983_wym_n14.wav,C:\MyProjects\Project-Proposal\PrivateCoach\Project-EchoesofEquity\data/melspec\1983_wym_n14.npy,1983,white,younger,male,neutral,14,,2.0454791666666665,126.84083835560313,57.93977018198532,11.452433079653897,0.022352029626700215,11.452433079653897
C:\MyProjects\Project-Proposal\PrivateCoach\Project-EchoesofEquity\data/wav\1983_wym_t09.wav,C:\MyProjects\Project-Proposal\PrivateCoach\Project-EchoesofEquity\data/melspec\1983_wym_t09.npy,1983,white,younger,male,trustworthy,9,,1.6535,159.71781117717603,36.96979323216781,10.287051181454371,0.022787873217375892,10.287051181454371
C:\MyProjects\Project-Proposal\PrivateCoach\Project-EchoesofEquity\data/wav\1983_wym_t10.wav,C:\MyProjects\Project-Proposal\PrivateCoach\Project-EchoesofEquity\data/melspec\1983_wym_t10.npy,1983,white,younger,male,trustworthy,10,,1.8372291666666667,176.08372360333874,48.14529171337621,8.62350521095569,0.04182136883634474,8.62350521095569
C:\MyProjects\Project-Proposal\PrivateCoach\Project-EchoesofEquity\data/wav\1983_wym_t11.wav,C:\MyProjects\Project-Proposal\PrivateCoach\Project-EchoesofEquity\data/melspec\1983_wym_t11.npy,1983,white,younger,male,trustworthy,11,,2.064791666666667,165.66616818005713,48.738610222037984,12.261778895702806,0.03401974344094023,12.261778895702806
C:\MyProjects\Project-Proposal\PrivateCoach\Project-EchoesofEquity\data/wav\1983_wym_t12.wav,C:\MyProjects\Project-Proposal\PrivateCoach\Project-EchoesofEquity\data/melspec\1983_wym_t12.npy,1983,white,younger,male,trustworthy,12,,1.7620416666666667,120.10419177580164,20.309813782569726,10.048959745084376,0.034202340779622614,10.048959745084376
C:\MyProjects\Project-Proposal\PrivateCoach\Project-EchoesofEquity\data/wav\1983_wym_t13.wav,C:\MyProjects\Project-Proposal\PrivateCoach\Project-EchoesofEquity\data/melspec\1983_wym_t13.npy,1983,white,younger,male,trustworthy,13,,1.7039791666666666,147.68741169468672,36.526054192494044,12.396092744637158,0.03525726170747235,12.396092744637158
C:\MyProjects\Project-Proposal\PrivateCoach\Project-EchoesofEquity\data/wav\1983_wym_t14.wav,C:\MyProjects\Project-Proposal\PrivateCoach\Project-EchoesofEquity\data/melspec\1983_wym_t14.npy,1983,white,younger,male,trustworthy,14,,1.4655833333333332,140.32190276203684,61.798188049503636,9.253746573961003,0.02473002760457427,9.253746573961003
C:\MyProjects\Project-Proposal\PrivateCoach\Project-EchoesofEquity\data/wav\1984_wyf_n11cc.wav,C:\MyProjects\Project-Proposal\PrivateCoach\Project-EchoesofEquity\data/melspec\1984_wyf_n11cc.npy,1984,white,younger,female,neutral,11,cc,1.8336666666666666,190.81873584525434,39.82597444766876,5.859589548224131,0.03067346504653004,5.859589548224131
C:\MyProjects\Project-Proposal\PrivateCoach\Project-EchoesofEquity\data/wav\1984_wyf_n12cc.wav,C:\MyProjects\Project-Proposal\PrivateCoach\Project-EchoesofEquity\data/melspec\1984_wyf_n12cc.npy,1984,white,younger,female,neutral,12,cc,1.36225,173.39097635284375,22.74280714712836,10.454615460840024,0.018882688188306712,10.454615460840024
C:\MyProjects\Project-Proposal\PrivateCoach\Project-EchoesofEquity\data/wav\1984_wyf_n13cc.wav,C:\MyProjects\Project-Proposal\PrivateCoach\Project-EchoesofEquity\data/melspec\1984_wyf_n13cc.npy,1984,white,younger,female,neutral,13,cc,1.221125,221.32483050952496,95.37752041499768,9.990568327850943,0.026710562156386335,9.990568327850943
C:\MyProjects\Project-Proposal\PrivateCoach\Project-EchoesofEquity\data/wav\1984_wyf_n14c.wav,C:\MyProjects\Project-Proposal\PrivateCoach\Project-EchoesofEquity\data/melspec\1984_wyf_n14c.npy,1984,white,younger,female,neutral,14,c,1.3758125,187.36184744835694,88.74001139599234,10.292030412429472,0.020513117816876508,10.292030412429472
C:\MyProjects\Project-Proposal\PrivateCoach\Project-EchoesofEquity\data/wav\1984_wyf_n15c.wav,C:\MyProjects\Project-Proposal\PrivateCoach\Project-EchoesofEquity\data/melspec\1984_wyf_n15c.npy,1984,white,younger,female,neutral,15,c,1.1928958333333333,178.9136091726714,92.99603571685964,7.823220406631319,0.020879877574692465,7.823220406631319
C:\MyProjects\Project-Proposal\PrivateCoach\Project-EchoesofEquity\data/wav\1984_wyf_n16c.wav,C:\MyProjects\Project-Proposal\PrivateCoach\Project-EchoesofEquity\data/melspec\1984_wyf_n16c.npy,1984,white,younger,female,neutral,16,c,1.2233958333333332,166.10457314924003,11.270639846369614,6.641837145812075,0.018641228352210944,6.641837145812075
C:\MyProjects\Project-Proposal\PrivateCoach\Project-EchoesofEquity\data/wav\1984_wyf_t11c.wav,C:\MyProjects\Project-Proposal\PrivateCoach\Project-EchoesofEquity\data/melspec\1984_wyf_t11c.npy,1984,white,younger,female,trustworthy,11,c,1.7569791666666668,190.9705179422453,90.12251201572624,9.170416950610067,0.017643494740681203,9.170416950610067
C:\MyProjects\Project-Proposal\PrivateCoach\Project-EchoesofEquity\data/wav\1984_wyf_t12c.wav,C:\MyProjects\Project-Proposal\PrivateCoach\Project-EchoesofEquity\data/melspec\1984_wyf_t12c.npy,1984,white,younger,female,trustworthy,12,c,1.3878958333333333,205.2348130604495,97.31555780507883,9.455174095790111,0.02774615594982342,9.455174095790111
C:\MyProjects\Project-Proposal\PrivateCoach\Project-EchoesofEquity\data/wav\1984_wyf_t13.wav,C:\MyProjects\Project-Proposal\PrivateCoach\Project-EchoesofEquity\data/melspec\1984_wyf_t13.npy,1984,white,younger,female,trustworthy,13,,1.1871041666666666,194.79825755135565,56.665550150971185,10.42293957730156,0.02017788349995312,10.42293957730156
C:\MyProjects\Project-Proposal\PrivateCoach\Project-EchoesofEquity\data/wav\1984_wyf_t14c.wav,C:\MyProjects\Project-Proposal\PrivateCoach\Project-EchoesofEquity\data/melspec\1984_wyf_t14c.npy,1984,white,younger,female,trustworthy,14,c,1.3527291666666668,184.43065167612028,26.154406711212022,8.536475507983015,0.01773897387913077,8.536475507983015
C:\MyProjects\Project-Proposal\PrivateCoach\Project-EchoesofEquity\data/wav\1984_wyf_t15.wav,C:\MyProjects\Project-Proposal\PrivateCoach\Project-EchoesofEquity\data/melspec\1984_wyf_t15.npy,1984,white,younger,female,trustworthy,15,,1.1217291666666667,229.77369942831066,70.35371587112222,9.190509518951899,0.019208048528993493,9.190509518951899
C:\MyProjects\Project-Proposal\PrivateCoach\Project-EchoesofEquity\data/wav\1984_wyf_t16.wav,C:\MyProjects\Project-Proposal\PrivateCoach\Project-EchoesofEquity\data/melspec\1984_wyf_t16.npy,1984,white,younger,female,trustworthy,16,,1.2585,202.96914793692298,54.06061826844627,7.552251635606467,0.03244465960188794,7.552251635606467
C:\MyProjects\Project-Proposal\PrivateCoach\Project-EchoesofEquity\data/wav\1985_byf_n13c.wav,C:\MyProjects\Project-Proposal\PrivateCoach\Project-EchoesofEquity\data/melspec\1985_byf_n13c.npy,1985,black,younger,female,neutral,13,c,1.9045625,179.83188532546433,10.236690442079482,16.406472209516746,0.018261152433460177,16.406472209516746
C:\MyProjects\Project-Proposal\PrivateCoach\Project-EchoesofEquity\data/wav\1985_byf_n14.wav,C:\MyProjects\Project-Proposal\PrivateCoach\Project-EchoesofEquity\data/melspec\1985_byf_n14.npy,1985,black,younger,female,neutral,14,,1.589,202.9749601473052,33.71247547256492,12.923163344925962,0.013012167915245256,12.923163344925962
C:\MyProjects\Project-Proposal\PrivateCoach\Project-EchoesofEquity\data/wav\1985_byf_n15c.wav,C:\MyProjects\Project-Proposal\PrivateCoach\Project-EchoesofEquity\data/melspec\1985_byf_n15c.npy,1985,black,younger,female,neutral,15,c,1.4131041666666666,183.35856742717897,12.174348539247148,16.99832996086717,0.0179624197285981,16.99832996086717
C:\MyProjects\Project-Proposal\PrivateCoach\Project-EchoesofEquity\data/wav\1985_byf_n16c.wav,C:\MyProjects\Project-Proposal\PrivateCoach\Project-EchoesofEquity\data/melspec\1985_byf_n16c.npy,1985,black,younger,female,neutral,16,c,1.4541666666666666,181.2466322590448,13.118341376424889,12.91663437573608,0.020569533303675485,12.91663437573608
C:\MyProjects\Project-Proposal\PrivateCoach\Project-EchoesofEquity\data/wav\1985_byf_n17.wav,C:\MyProjects\Project-Proposal\PrivateCoach\Project-EchoesofEquity\data/melspec\1985_byf_n17.npy,1985,black,younger,female,neutral,17,,1.6367708333333333,219.62986073446717,56.9927960724532,11.095418660631104,0.02303914021462434,11.095418660631104
C:\MyProjects\Project-Proposal\PrivateCoach\Project-EchoesofEquity\data/wav\1985_byf_n18.wav,C:\MyProjects\Project-Proposal\PrivateCoach\Project-EchoesofEquity\data/melspec\1985_byf_n18.npy,1985,black,younger,female,neutral,18,,1.739125,183.805005130224,38.74271257429916,9.563107346442353,0.019803161273417153,9.563107346442353
C:\MyProjects\Project-Proposal\PrivateCoach\Project-EchoesofEquity\data/wav\1985_byf_t13c.wav,C:\MyProjects\Project-Proposal\PrivateCoach\Project-EchoesofEquity\data/melspec\1985_byf_t13c.npy,1985,black,younger,female,trustworthy,13,c,1.7962916666666666,211.094908170434,20.64504747184816,17.621068265009146,0.013713755405210547,17.621068265009146
C:\MyProjects\Project-Proposal\PrivateCoach\Project-EchoesofEquity\data/wav\1985_byf_t14.wav,C:\MyProjects\Project-Proposal\PrivateCoach\Project-EchoesofEquity\data/melspec\1985_byf_t14.npy,1985,black,younger,female,trustworthy,14,,1.6626666666666667,207.9215590099501,24.91582706773303,15.432244753911377,0.013426212962548756,15.432244753911377
C:\MyProjects\Project-Proposal\PrivateCoach\Project-EchoesofEquity\data/wav\1985_byf_t15c.wav,C:\MyProjects\Project-Proposal\PrivateCoach\Project-EchoesofEquity\data/melspec\1985_byf_t15c.npy,1985,black,younger,female,trustworthy,15,c,1.7053541666666667,241.54800383330323,62.342747824551296,17.631289273028944,0.022224724169540223,17.631289273028944
C:\MyProjects\Project-Proposal\PrivateCoach\Project-EchoesofEquity\data/wav\1985_byf_t16.wav,C:\MyProjects\Project-Proposal\PrivateCoach\Project-EchoesofEquity\data/melspec\1985_byf_t16.npy,1985,black,younger,female,trustworthy,16,,1.3860625,243.98512518328235,38.50045435552355,13.87557027013418,0.021288977402942923,13.87557027013418
C:\MyProjects\Project-Proposal\PrivateCoach\Project-EchoesofEquity\data/wav\1985_byf_t17.wav,C:\MyProjects\Project-Proposal\PrivateCoach\Project-EchoesofEquity\data/melspec\1985_byf_t17.npy,1985,black,younger,female,trustworthy,17,,1.3766666666666667,239.6477443554167,91.62471677275255,8.364762344346063,0.04176970468853808,8.364762344346063
C:\MyProjects\Project-Proposal\PrivateCoach\Project-EchoesofEquity\data/wav\1985_byf_t18.wav,C:\MyProjects\Project-Proposal\PrivateCoach\Project-EchoesofEquity\data/melspec\1985_byf_t18.npy,1985,black,younger,female,trustworthy,18,,1.7267708333333334,233.59924662006782,49.734529829319015,13.426962552491583,0.02297365301573935,13.426962552491583
C:\MyProjects\Project-Proposal\PrivateCoach\Project-EchoesofEquity\data/wav\1987_wym_n11c.wav,C:\MyProjects\Project-Proposal\PrivateCoach\Project-EchoesofEquity\data/melspec\1987_wym_n11c.npy,1987,white,younger,male,neutral,11,c,1.9874166666666666,92.13863611809191,9.207739262612582,9.329490091170005,0.016957035871083694,9.329490091170005
C:\MyProjects\Project-Proposal\PrivateCoach\Project-EchoesofEquity\data/wav\1987_wym_n12c.wav,C:\MyProjects\Project-Proposal\PrivateCoach\Project-EchoesofEquity\data/melspec\1987_wym_n12c.npy,1987,white,younger,male,neutral,12,c,1.6019583333333334,87.69231237569447,4.536733232349351,11.992095337978482,0.018410086653981035,11.992095337978482
C:\MyProjects\Project-Proposal\PrivateCoach\Project-EchoesofEquity\data/wav\1987_wym_n13c.wav,C:\MyProjects\Project-Proposal\PrivateCoach\Project-EchoesofEquity\data/melspec\1987_wym_n13c.npy,1987,white,younger,male,neutral,13,c,1.4681458333333333,85.2821385416534,6.272590929012123,8.376820378383096,0.02599432799485527,8.376820378383096
C:\MyProjects\Project-Proposal\PrivateCoach\Project-EchoesofEquity\data/wav\1987_wym_n14c.wav,C:\MyProjects\Project-Proposal\PrivateCoach\Project-EchoesofEquity\data/melspec\1987_wym_n14c.npy,1987,white,younger,male,neutral,14,c,1.3693541666666667,126.57541231601962,116.15855848383785,9.531096625067562,0.02523957465667947,9.531096625067562
C:\MyProjects\Project-Proposal\PrivateCoach\Project-EchoesofEquity\data/wav\1987_wym_n15c.wav,C:\MyProjects\Project-Proposal\PrivateCoach\Project-EchoesofEquity\data/melspec\1987_wym_n15c.npy,1987,white,younger,male,neutral,15,c,1.4632916666666667,141.02494597144258,144.1769237143182,7.847978291969845,0.023360593464397263,7.847978291969845
C:\MyProjects\Project-Proposal\PrivateCoach\Project-EchoesofEquity\data/wav\1987_wym_n16c.wav,C:\MyProjects\Project-Proposal\PrivateCoach\Project-EchoesofEquity\data/melspec\1987_wym_n16c.npy,1987,white,younger,male,neutral,16,c,1.6312916666666666,172.35957596086413,170.22043878123526,8.032381504681812,0.01971025089236461,8.032381504681812
C:\MyProjects\Project-Proposal\PrivateCoach\Project-EchoesofEquity\data/wav\1987_wym_t11c.wav,C:\MyProjects\Project-Proposal\PrivateCoach\Project-EchoesofEquity\data/melspec\1987_wym_t11c.npy,1987,white,younger,male,trustworthy,11,c,2.1841458333333335,109.50908852247233,19.016367489575075,10.334974028971736,0.019685603547258654,10.334974028971736
C:\MyProjects\Project-Proposal\PrivateCoach\Project-EchoesofEquity\data/wav\1987_wym_t12c.wav,C:\MyProjects\Project-Proposal\PrivateCoach\Project-EchoesofEquity\data/melspec\1987_wym_t12c.npy,1987,white,younger,male,trustworthy,12,c,1.6645208333333332,99.47520596076414,11.660160579868377,8.177746754102287,0.02920312770116877,8.177746754102287
C:\MyProjects\Project-Proposal\PrivateCoach\Project-EchoesofEquity\data/wav\1987_wym_t13.wav,C:\MyProjects\Project-Proposal\PrivateCoach\Project-EchoesofEquity\data/melspec\1987_wym_t13.npy,1987,white,younger,male,trustworthy,13,,1.6728125,142.63685087414254,72.35826755724332,11.205116926751696,0.021688153623972337,11.205116926751696
C:\MyProjects\Project-Proposal\PrivateCoach\Project-EchoesofEquity\data/wav\1987_wym_t14.wav,C:\MyProjects\Project-Proposal\PrivateCoach\Project-EchoesofEquity\data/melspec\1987_wym_t14.npy,1987,white,younger,male,trustworthy,14,,1.1107916666666666,188.62250367416772,107.45099491050757,9.557624522873967,0.017254293780605612,9.557624522873967
C:\MyProjects\Project-Proposal\PrivateCoach\Project-EchoesofEquity\data/wav\1987_wym_t15.wav,C:\MyProjects\Project-Proposal\PrivateCoach\Project-EchoesofEquity\data/melspec\1987_wym_t15.npy,1987,white,younger,male,trustworthy,15,,1.7108958333333333,195.7007357733733,152.02176406206402,8.495314495365442,0.02695560377046705,8.495314495365442
C:\MyProjects\Project-Proposal\PrivateCoach\Project-EchoesofEquity\data/wav\1987_wym_t16.wav,C:\MyProjects\Project-Proposal\PrivateCoach\Project-EchoesofEquity\data/melspec\1987_wym_t16.npy,1987,white,younger,male,trustworthy,16,,1.430625,101.02796964241267,10.462728277561657,6.886998742185375,0.02669112590175161,6.886998742185375
C:\MyProjects\Project-Proposal\PrivateCoach\Project-EchoesofEquity\data/wav\1989_wyf_n13.wav,C:\MyProjects\Project-Proposal\PrivateCoach\Project-EchoesofEquity\data/melspec\1989_wyf_n13.npy,1989,white,younger,female,neutral,13,,1.6903541666666666,190.36190027397646,37.507095292853215,15.997157423368789,0.0091779721111591,15.997157423368789
C:\MyProjects\Project-Proposal\PrivateCoach\Project-EchoesofEquity\data/wav\1989_wyf_n14.wav,C:\MyProjects\Project-Proposal\PrivateCoach\Project-EchoesofEquity\data/melspec\1989_wyf_n14.npy,1989,white,younger,female,neutral,14,,1.8877291666666667,182.5266634293573,34.88063349894622,13.31369011346768,0.01356383827974452,13.31369011346768
C:\MyProjects\Project-Proposal\PrivateCoach\Project-EchoesofEquity\data/wav\1989_wyf_n15c.wav,C:\MyProjects\Project-Proposal\PrivateCoach\Project-EchoesofEquity\data/melspec\1989_wyf_n15c.npy,1989,white,younger,female,neutral,15,c,1.8888333333333334,193.13638179116705,41.09296041487681,13.699791140220585,0.012010623257512914,13.699791140220585
C:\MyProjects\Project-Proposal\PrivateCoach\Project-EchoesofEquity\data/wav\1989_wyf_n16.wav,C:\MyProjects\Project-Proposal\PrivateCoach\Project-EchoesofEquity\data/melspec\1989_wyf_n16.npy,1989,white,younger,female,neutral,16,,1.959375,192.56589329270597,38.647706473663845,10.385087368550314,0.014037810331653473,10.385087368550314
C:\MyProjects\Project-Proposal\PrivateCoach\Project-EchoesofEquity\data/wav\1989_wyf_n17.wav,C:\MyProjects\Project-Proposal\PrivateCoach\Project-EchoesofEquity\data/melspec\1989_wyf_n17.npy,1989,white,younger,female,neutral,17,,2.0619375,187.58320714795929,27.63842738985332,12.47241467770014,0.013183199053853432,12.47241467770014
C:\MyProjects\Project-Proposal\PrivateCoach\Project-EchoesofEquity\data/wav\1989_wyf_n18c.wav,C:\MyProjects\Project-Proposal\PrivateCoach\Project-EchoesofEquity\data/melspec\1989_wyf_n18c.npy,1989,white,younger,female,neutral,18,c,2.2363541666666666,187.24826023682576,36.77616726703699,11.52958532915239,0.016234649777179068,11.52958532915239
C:\MyProjects\Project-Proposal\PrivateCoach\Project-EchoesofEquity\data/wav\1989_wyf_t13.wav,C:\MyProjects\Project-Proposal\PrivateCoach\Project-EchoesofEquity\data/melspec\1989_wyf_t13.npy,1989,white,younger,female,trustworthy,13,,2.5724791666666667,215.78325759688477,40.98347621821192,19.212012681529917,0.010196223999183953,19.212012681529917
C:\MyProjects\Project-Proposal\PrivateCoach\Project-EchoesofEquity\data/wav\1989_wyf_t14c.wav,C:\MyProjects\Project-Proposal\PrivateCoach\Project-EchoesofEquity\data/melspec\1989_wyf_t14c.npy,1989,white,younger,female,trustworthy,14,c,2.0737083333333333,200.13805096950585,33.984789534037894,15.803192297284093,0.009726497683778623,15.803192297284093
C:\MyProjects\Project-Proposal\PrivateCoach\Project-EchoesofEquity\data/wav\1989_wyf_t15c.wav,C:\MyProjects\Project-Proposal\PrivateCoach\Project-EchoesofEquity\data/melspec\1989_wyf_t15c.npy,1989,white,younger,female,trustworthy,15,c,1.8302083333333334,198.2436616697691,53.086496385412666,16.46193084419312,0.012788435095745048,16.46193084419312
C:\MyProjects\Project-Proposal\PrivateCoach\Project-EchoesofEquity\data/wav\1989_wyf_t16.wav,C:\MyProjects\Project-Proposal\PrivateCoach\Project-EchoesofEquity\data/melspec\1989_wyf_t16.npy,1989,white,younger,female,trustworthy,16,,2.07575,222.04134773414086,43.29299993450817,15.37848257632198,0.01699157220919337,15.37848257632198
C:\MyProjects\Project-Proposal\PrivateCoach\Project-EchoesofEquity\data/wav\1989_wyf_t17.wav,C:\MyProjects\Project-Proposal\PrivateCoach\Project-EchoesofEquity\data/melspec\1989_wyf_t17.npy,1989,white,younger,female,trustworthy,17,,1.58125,202.48119056360392,65.83857943706494,12.721083716890965,0.018157133635682905,12.721083716890965
C:\MyProjects\Project-Proposal\PrivateCoach\Project-EchoesofEquity\data/wav\1989_wyf_t18c.wav,C:\MyProjects\Project-Proposal\PrivateCoach\Project-EchoesofEquity\data/melspec\1989_wyf_t18c.npy,1989,white,younger,female,trustworthy,18,c,2.1402916666666667,199.16751118966405,38.182162260167686,12.397178168696305,0.02145519343021109,12.397178168696305
C:\MyProjects\Project-Proposal\PrivateCoach\Project-EchoesofEquity\data/wav\1991_wym_n13.wav,C:\MyProjects\Project-Proposal\PrivateCoach\Project-EchoesofEquity\data/melspec\1991_wym_n13.npy,1991,white,younger,male,neutral,13,,1.8022708333333333,123.04909854552554,27.989772001565566,14.845880987254397,0.0236315138444211,14.845880987254397
C:\MyProjects\Project-Proposal\PrivateCoach\Project-EchoesofEquity\data/wav\1991_wym_n14.wav,C:\MyProjects\Project-Proposal\PrivateCoach\Project-EchoesofEquity\data/melspec\1991_wym_n14.npy,1991,white,younger,male,neutral,14,,1.5214791666666667,166.3193637829054,98.67972861637925,11.191691363628014,0.03657464113227686,11.191691363628014
C:\MyProjects\Project-Proposal\PrivateCoach\Project-EchoesofEquity\data/wav\1991_wym_n15.wav,C:\MyProjects\Project-Proposal\PrivateCoach\Project-EchoesofEquity\data/melspec\1991_wym_n15.npy,1991,white,younger,male,neutral,15,,1.500125,125.20226649125267,21.631956408519024,15.026551338330673,0.016631193891294527,15.026551338330673
C:\MyProjects\Project-Proposal\PrivateCoach\Project-EchoesofEquity\data/wav\1991_wym_n16.wav,C:\MyProjects\Project-Proposal\PrivateCoach\Project-EchoesofEquity\data/melspec\1991_wym_n16.npy,1991,white,younger,male,neutral,16,,1.7006041666666667,121.83699663547867,23.277863208464883,10.579278317367905,0.02679243061796197,10.579278317367905
C:\MyProjects\Project-Proposal\PrivateCoach\Project-EchoesofEquity\data/wav\1991_wym_n17.wav,C:\MyProjects\Project-Proposal\PrivateCoach\Project-EchoesofEquity\data/melspec\1991_wym_n17.npy,1991,white,younger,male,neutral,17,,1.2164375,150.79529210250334,88.97619443368876,9.34285870535293,0.027690846065516736,9.34285870535293
C:\MyProjects\Project-Proposal\PrivateCoach\Project-EchoesofEquity\data/wav\1991_wym_n18.wav,C:\MyProjects\Project-Proposal\PrivateCoach\Project-EchoesofEquity\data/melspec\1991_wym_n18.npy,1991,white,younger,male,neutral,18,,1.7107708333333334,122.42208321884074,18.51694403892935,11.354273356013138,0.024099027828115464,11.354273356013138
C:\MyProjects\Project-Proposal\PrivateCoach\Project-EchoesofEquity\data/wav\1991_wym_t13.wav,C:\MyProjects\Project-Proposal\PrivateCoach\Project-EchoesofEquity\data/melspec\1991_wym_t13.npy,1991,white,younger,male,trustworthy,13,,1.2701875,164.795963456837,42.80324128621113,12.50084803722595,0.02550137559461827,12.50084803722595
C:\MyProjects\Project-Proposal\PrivateCoach\Project-EchoesofEquity\data/wav\1991_wym_t14.wav,C:\MyProjects\Project-Proposal\PrivateCoach\Project-EchoesofEquity\data/melspec\1991_wym_t14.npy,1991,white,younger,male,trustworthy,14,,1.0919375,179.79117208140988,49.456692486025936,10.683334042508477,0.03198654725835308,10.683334042508477
C:\MyProjects\Project-Proposal\PrivateCoach\Project-EchoesofEquity\data/wav\1991_wym_t15.wav,C:\MyProjects\Project-Proposal\PrivateCoach\Project-EchoesofEquity\data/melspec\1991_wym_t15.npy,1991,white,younger,male,trustworthy,15,,1.2217916666666666,172.99836628431694,70.61808870474272,9.745997047573011,0.0326813767173179,9.745997047573011
C:\MyProjects\Project-Proposal\PrivateCoach\Project-EchoesofEquity\data/wav\1991_wym_t16.wav,C:\MyProjects\Project-Proposal\PrivateCoach\Project-EchoesofEquity\data/melspec\1991_wym_t16.npy,1991,white,younger,male,trustworthy,16,,1.2187708333333334,149.99963735019992,37.739358242783865,10.608584883520388,0.03398424645517219,10.608584883520388
C:\MyProjects\Project-Proposal\PrivateCoach\Project-EchoesofEquity\data/wav\1991_wym_t17.wav,C:\MyProjects\Project-Proposal\PrivateCoach\Project-EchoesofEquity\data/melspec\1991_wym_t17.npy,1991,white,younger,male,trustworthy,17,,1.1338125,213.99179512597962,112.20092907999377,8.946991031914191,0.03864426688900879,8.946991031914191
C:\MyProjects\Project-Proposal\PrivateCoach\Project-EchoesofEquity\data/wav\1991_wym_t18.wav,C:\MyProjects\Project-Proposal\PrivateCoach\Project-EchoesofEquity\data/melspec\1991_wym_t18.npy,1991,white,younger,male,trustworthy,18,,1.2909166666666667,215.06995802485642,44.17884422032279,14.388101648081598,0.03402898271037418,14.388101648081598
C:\MyProjects\Project-Proposal\PrivateCoach\Project-EchoesofEquity\data/wav\1992_wyf_n15.wav,C:\MyProjects\Project-Proposal\PrivateCoach\Project-EchoesofEquity\data/melspec\1992_wyf_n15.npy,1992,white,younger,female,neutral,15,,1.9643125,233.65258652286835,80.16509677627228,15.805158524064245,0.013112216221696362,15.805158524064245
C:\MyProjects\Project-Proposal\PrivateCoach\Project-EchoesofEquity\data/wav\1992_wyf_n16.wav,C:\MyProjects\Project-Proposal\PrivateCoach\Project-EchoesofEquity\data/melspec\1992_wyf_n16.npy,1992,white,younger,female,neutral,16,,1.866125,228.4674090957285,79.88653355326046,15.635318933696373,0.017544551476051096,15.635318933696373
C:\MyProjects\Project-Proposal\PrivateCoach\Project-EchoesofEquity\data/wav\1992_wyf_n17.wav,C:\MyProjects\Project-Proposal\PrivateCoach\Project-EchoesofEquity\data/melspec\1992_wyf_n17.npy,1992,white,younger,female,neutral,17,,1.8488541666666667,227.64778079516807,34.069524706649226,15.904982807168794,0.024762948533283136,15.904982807168794
C:\MyProjects\Project-Proposal\PrivateCoach\Project-EchoesofEquity\data/wav\1992_wyf_n18c.wav,C:\MyProjects\Project-Proposal\PrivateCoach\Project-EchoesofEquity\data/melspec\1992_wyf_n18c.npy,1992,white,younger,female,neutral,18,c,1.9639791666666666,203.92212183223745,39.72401352783667,14.385137074541896,0.01715645452711376,14.385137074541896
C:\MyProjects\Project-Proposal\PrivateCoach\Project-EchoesofEquity\data/wav\1992_wyf_n19c.wav,C:\MyProjects\Project-Proposal\PrivateCoach\Project-EchoesofEquity\data/melspec\1992_wyf_n19c.npy,1992,white,younger,female,neutral,19,c,1.8586875,219.04555714176848,30.205592017523728,15.423111756288757,0.017763739732354046,15.423111756288757
C:\MyProjects\Project-Proposal\PrivateCoach\Project-EchoesofEquity\data/wav\1992_wyf_n20c.wav,C:\MyProjects\Project-Proposal\PrivateCoach\Project-EchoesofEquity\data/melspec\1992_wyf_n20c.npy,1992,white,younger,female,neutral,20,c,2.045729166666667,202.11117711263287,25.260154567133988,18.786426420058316,0.012901031186621942,18.786426420058316
C:\MyProjects\Project-Proposal\PrivateCoach\Project-EchoesofEquity\data/wav\1992_wyf_t15.wav,C:\MyProjects\Project-Proposal\PrivateCoach\Project-EchoesofEquity\data/melspec\1992_wyf_t15.npy,1992,white,younger,female,trustworthy,15,,2.0011875,244.49398289992757,75.76802781516939,16.523546853171094,0.016750778955272515,16.523546853171094
C:\MyProjects\Project-Proposal\PrivateCoach\Project-EchoesofEquity\data/wav\1992_wyf_t16.wav,C:\MyProjects\Project-Proposal\PrivateCoach\Project-EchoesofEquity\data/melspec\1992_wyf_t16.npy,1992,white,younger,female,trustworthy,16,,2.4125833333333335,250.60644958679705,81.49213972775112,18.66532869282989,0.014778310022454043,18.66532869282989
C:\MyProjects\Project-Proposal\PrivateCoach\Project-EchoesofEquity\data/wav\1992_wyf_t17c.wav,C:\MyProjects\Project-Proposal\PrivateCoach\Project-EchoesofEquity\data/melspec\1992_wyf_t17c.npy,1992,white,younger,female,trustworthy,17,c,1.95825,237.04112756745343,54.17323470129481,18.401106719791795,0.012303695220747554,18.401106719791795
C:\MyProjects\Project-Proposal\PrivateCoach\Project-EchoesofEquity\data/wav\1992_wyf_t18c.wav,C:\MyProjects\Project-Proposal\PrivateCoach\Project-EchoesofEquity\data/melspec\1992_wyf_t18c.npy,1992,white,younger,female,trustworthy,18,c,1.9426458333333334,241.19338970930892,61.67411788420286,17.840321890911206,0.01556180832704147,17.840321890911206
C:\MyProjects\Project-Proposal\PrivateCoach\Project-EchoesofEquity\data/wav\1992_wyf_t19.wav,C:\MyProjects\Project-Proposal\PrivateCoach\Project-EchoesofEquity\data/melspec\1992_wyf_t19.npy,1992,white,younger,female,trustworthy,19,,1.8563958333333332,284.20524433363926,78.80893089439077,16.183330400938893,0.02005998501110606,16.183330400938893
C:\MyProjects\Project-Proposal\PrivateCoach\Project-EchoesofEquity\data/wav\1992_wyf_t20.wav,C:\MyProjects\Project-Proposal\PrivateCoach\Project-EchoesofEquity\data/melspec\1992_wyf_t20.npy,1992,white,younger,female,trustworthy,20,,2.202,263.83536002934756,73.81780379059273,18.93376764646117,0.015061337509204851,18.93376764646117
C:\MyProjects\Project-Proposal\PrivateCoach\Project-EchoesofEquity\data/wav\1996_bym_n13c.wav,C:\MyProjects\Project-Proposal\PrivateCoach\Project-EchoesofEquity\data/melspec\1996_bym_n13c.npy,1996,black,younger,male,neutral,13,c,1.4912708333333333,92.85769381980565,5.423090751593454,8.058971110092218,0.017355166068612447,8.058971110092218
C:\MyProjects\Project-Proposal\PrivateCoach\Project-EchoesofEquity\data/wav\1996_bym_n14c.wav,C:\MyProjects\Project-Proposal\PrivateCoach\Project-EchoesofEquity\data/melspec\1996_bym_n14c.npy,1996,black,younger,male,neutral,14,c,1.3102291666666666,129.0019292568688,122.78286513344173,8.737848874511485,0.014383733513895727,8.737848874511485
C:\MyProjects\Project-Proposal\PrivateCoach\Project-EchoesofEquity\data/wav\1996_bym_n15.wav,C:\MyProjects\Project-Proposal\PrivateCoach\Project-EchoesofEquity\data/melspec\1996_bym_n15.npy,1996,black,younger,male,neutral,15,,1.5111875,90.72643601554948,6.2283552449213575,9.611821011549686,0.015793589969903883,9.611821011549686
C:\MyProjects\Project-Proposal\PrivateCoach\Project-EchoesofEquity\data/wav\1996_bym_n16.wav,C:\MyProjects\Project-Proposal\PrivateCoach\Project-EchoesofEquity\data/melspec\1996_bym_n16.npy,1996,black,younger,male,neutral,16,,1.3683125,106.12656400372327,83.03721900958654,7.0641852378580445,0.01597474928044048,7.0641852378580445
C:\MyProjects\Project-Proposal\PrivateCoach\Project-EchoesofEquity\data/wav\1996_bym_n17.wav,C:\MyProjects\Project-Proposal\PrivateCoach\Project-EchoesofEquity\data/melspec\1996_bym_n17.npy,1996,black,younger,male,neutral,17,,1.4094791666666666,90.16756059682241,5.14076792688231,7.710669483234227,0.011051089986715066,7.710669483234227
C:\MyProjects\Project-Proposal\PrivateCoach\Project-EchoesofEquity\data/wav\1996_bym_n18.wav,C:\MyProjects\Project-Proposal\PrivateCoach\Project-EchoesofEquity\data/melspec\1996_bym_n18.npy,1996,black,younger,male,neutral,18,,1.5856041666666667,119.9644748662573,101.87117683983047,7.376623479366971,0.025349050497628648,7.376623479366971
C:\MyProjects\Project-Proposal\PrivateCoach\Project-EchoesofEquity\data/wav\1996_bym_t13.wav,C:\MyProjects\Project-Proposal\PrivateCoach\Project-EchoesofEquity\data/melspec\1996_bym_t13.npy,1996,black,younger,male,trustworthy,13,,1.4537916666666666,105.90981462825245,12.77425840257825,9.167378762589381,0.01925153070495713,9.167378762589381
C:\MyProjects\Project-Proposal\PrivateCoach\Project-EchoesofEquity\data/wav\1996_bym_t14c.wav,C:\MyProjects\Project-Proposal\PrivateCoach\Project-EchoesofEquity\data/melspec\1996_bym_t14c.npy,1996,black,younger,male,trustworthy,14,c,1.3246666666666667,111.46278039427234,12.122949258640789,10.610480354602302,0.01734118168878252,10.610480354602302
C:\MyProjects\Project-Proposal\PrivateCoach\Project-EchoesofEquity\data/wav\1996_bym_t15.wav,C:\MyProjects\Project-Proposal\PrivateCoach\Project-EchoesofEquity\data/melspec\1996_bym_t15.npy,1996,black,younger,male,trustworthy,15,,1.2480833333333334,115.26395836907538,15.97787222485213,9.029925634445211,0.02591502674145764,9.029925634445211
C:\MyProjects\Project-Proposal\PrivateCoach\Project-EchoesofEquity\data/wav\1996_bym_t16c.wav,C:\MyProjects\Project-Proposal\PrivateCoach\Project-EchoesofEquity\data/melspec\1996_bym_t16c.npy,1996,black,younger,male,trustworthy,16,c,1.1924166666666667,163.94666502592418,128.80815134635057,9.768285870583526,0.01867049945943927,9.768285870583526
C:\MyProjects\Project-Proposal\PrivateCoach\Project-EchoesofEquity\data/wav\1996_bym_t17.wav,C:\MyProjects\Project-Proposal\PrivateCoach\Project-EchoesofEquity\data/melspec\1996_bym_t17.npy,1996,black,younger,male,trustworthy,17,,1.4026875,124.34608347877,60.899576621251555,9.976871766128019,0.015163470382418108,9.976871766128019
C:\MyProjects\Project-Proposal\PrivateCoach\Project-EchoesofEquity\data/wav\1996_bym_t18.wav,C:\MyProjects\Project-Proposal\PrivateCoach\Project-EchoesofEquity\data/melspec\1996_bym_t18.npy,1996,black,younger,male,trustworthy,18,,1.5963333333333334,124.026930568198,65.64610762447433,8.829222163813988,0.017101912338808423,8.829222163813988
C:\MyProjects\Project-Proposal\PrivateCoach\Project-EchoesofEquity\data/wav\1997_wym_n15c.wav,C:\MyProjects\Project-Proposal\PrivateCoach\Project-EchoesofEquity\data/melspec\1997_wym_n15c.npy,1997,white,younger,male,neutral,15,c,1.2069166666666666,134.65772724879497,118.11255248844223,8.677046238393565,0.02455958178722695,8.677046238393565
C:\MyProjects\Project-Proposal\PrivateCoach\Project-EchoesofEquity\data/wav\1997_wym_n16c.wav,C:\MyProjects\Project-Proposal\PrivateCoach\Project-EchoesofEquity\data/melspec\1997_wym_n16c.npy,1997,white,younger,male,neutral,16,c,1.3600833333333333,153.7938659736834,167.16166884097146,6.603309690728788,0.03561773395082217,6.603309690728788
C:\MyProjects\Project-Proposal\PrivateCoach\Project-EchoesofEquity\data/wav\1997_wym_n17c.wav,C:\MyProjects\Project-Proposal\PrivateCoach\Project-EchoesofEquity\data/melspec\1997_wym_n17c.npy,1997,white,younger,male,neutral,17,c,1.3360208333333334,127.9627802783199,96.92684998665301,9.121132704389144,0.03578134302669123,9.121132704389144
C:\MyProjects\Project-Proposal\PrivateCoach\Project-EchoesofEquity\data/wav\1997_wym_n18c.wav,C:\MyProjects\Project-Proposal\PrivateCoach\Project-EchoesofEquity\data/melspec\1997_wym_n18c.npy,1997,white,younger,male,neutral,18,c,1.4279166666666667,95.16694446687673,9.010047745694228,7.953935371852983,0.026187090127432436,7.953935371852983
C:\MyProjects\Project-Proposal\PrivateCoach\Project-EchoesofEquity\data/wav\1997_wym_n19c.wav,C:\MyProjects\Project-Proposal\PrivateCoach\Project-EchoesofEquity\data/melspec\1997_wym_n19c.npy,1997,white,younger,male,neutral,19,c,1.3913958333333334,93.79894424515629,8.988873286046955,8.708499885009182,0.03227529305217298,8.708499885009182
C:\MyProjects\Project-Proposal\PrivateCoach\Project-EchoesofEquity\data/wav\1997_wym_n20.wav,C:\MyProjects\Project-Proposal\PrivateCoach\Project-EchoesofEquity\data/melspec\1997_wym_n20.npy,1997,white,younger,male,neutral,20,,1.5671458333333332,96.82315468492774,9.45952122586441,10.14772865444915,0.023244594736398134,10.14772865444915
C:\MyProjects\Project-Proposal\PrivateCoach\Project-EchoesofEquity\data/wav\1997_wym_t15.wav,C:\MyProjects\Project-Proposal\PrivateCoach\Project-EchoesofEquity\data/melspec\1997_wym_t15.npy,1997,white,younger,male,trustworthy,15,,1.1082916666666667,141.14923617291484,74.58296783365998,6.737217831165625,0.0354221405968744,6.737217831165625
C:\MyProjects\Project-Proposal\PrivateCoach\Project-EchoesofEquity\data/wav\1997_wym_t16.wav,C:\MyProjects\Project-Proposal\PrivateCoach\Project-EchoesofEquity\data/melspec\1997_wym_t16.npy,1997,white,younger,male,trustworthy,16,,1.2383333333333333,141.16805199798682,42.35860495031673,9.606712328073773,0.036129373169446824,9.606712328073773
C:\MyProjects\Project-Proposal\PrivateCoach\Project-EchoesofEquity\data/wav\1997_wym_t17.wav,C:\MyProjects\Project-Proposal\PrivateCoach\Project-EchoesofEquity\data/melspec\1997_wym_t17.npy,1997,white,younger,male,trustworthy,17,,1.18875,119.20319983295427,28.69575113528779,9.003397815709615,0.03746042760627251,9.003397815709615
C:\MyProjects\Project-Proposal\PrivateCoach\Project-EchoesofEquity\data/wav\1997_wym_t18c.wav,C:\MyProjects\Project-Proposal\PrivateCoach\Project-EchoesofEquity\data/melspec\1997_wym_t18c.npy,1997,white,younger,male,trustworthy,18,c,1.4589791666666667,111.07725011669076,9.152993977829246,8.620109548372968,0.0328963584421098,8.620109548372968
C:\MyProjects\Project-Proposal\PrivateCoach\Project-EchoesofEquity\data/wav\1997_wym_t19c.wav,C:\MyProjects\Project-Proposal\PrivateCoach\Project-EchoesofEquity\data/melspec\1997_wym_t19c.npy,1997,white,younger,male,trustworthy,19,c,1.7404375,132.2126998047298,24.945777448241856,9.433028395896361,0.0351296571886869,9.433028395896361
C:\MyProjects\Project-Proposal\PrivateCoach\Project-EchoesofEquity\data/wav\1997_wym_t20c.wav,C:\MyProjects\Project-Proposal\PrivateCoach\Project-EchoesofEquity\data/melspec\1997_wym_t20c.npy,1997,white,younger,male,trustworthy,20,c,1.5321458333333333,108.19355215715706,19.31886501564408,7.780842310184979,0.027164114303371865,7.780842310184979
C:\MyProjects\Project-Proposal\PrivateCoach\Project-EchoesofEquity\data/wav\1999_wom_n01c.wav,C:\MyProjects\Project-Proposal\PrivateCoach\Project-EchoesofEquity\data/melspec\1999_wom_n01c.npy,1999,white,older,male,neutral,1,c,1.8784583333333333,117.90833737939104,44.686565036821385,9.076997665530392,0.03242365345649607,9.076997665530392
C:\MyProjects\Project-Proposal\PrivateCoach\Project-EchoesofEquity\data/wav\1999_wom_n02c.wav,C:\MyProjects\Project-Proposal\PrivateCoach\Project-EchoesofEquity\data/melspec\1999_wom_n02c.npy,1999,white,older,male,neutral,2,c,1.7856666666666667,114.45672189616315,13.064111321965928,9.960064788909438,0.01798784166494746,9.960064788909438
C:\MyProjects\Project-Proposal\PrivateCoach\Project-EchoesofEquity\data/wav\1999_wom_n03c.wav,C:\MyProjects\Project-Proposal\PrivateCoach\Project-EchoesofEquity\data/melspec\1999_wom_n03c.npy,1999,white,older,male,neutral,3,c,2.197979166666667,107.71228035082868,9.12782019376241,8.832490141743882,0.01733451025959728,8.832490141743882
C:\MyProjects\Project-Proposal\PrivateCoach\Project-EchoesofEquity\data/wav\1999_wom_n04c.wav,C:\MyProjects\Project-Proposal\PrivateCoach\Project-EchoesofEquity\data/melspec\1999_wom_n04c.npy,1999,white,older,male,neutral,4,c,1.7446458333333332,119.00871710137847,75.3647688031984,9.355687778512156,0.02804785964121192,9.355687778512156
C:\MyProjects\Project-Proposal\PrivateCoach\Project-EchoesofEquity\data/wav\1999_wom_n19c.wav,C:\MyProjects\Project-Proposal\PrivateCoach\Project-EchoesofEquity\data/melspec\1999_wom_n19c.npy,1999,white,older,male,neutral,19,c,2.7559791666666666,150.31704923735322,107.13764573025453,8.691738357385573,0.031736408234097374,8.691738357385573
C:\MyProjects\Project-Proposal\PrivateCoach\Project-EchoesofEquity\data/wav\1999_wom_n20c.wav,C:\MyProjects\Project-Proposal\PrivateCoach\Project-EchoesofEquity\data/melspec\1999_wom_n20c.npy,1999,white,older,male,neutral,20,c,1.9365416666666666,113.13873073961283,12.525464858116562,12.410058050906937,0.018226674584269218,12.410058050906937
C:\MyProjects\Project-Proposal\PrivateCoach\Project-EchoesofEquity\data/wav\1999_wom_t01c.wav,C:\MyProjects\Project-Proposal\PrivateCoach\Project-EchoesofEquity\data/melspec\1999_wom_t01c.npy,1999,white,older,male,trustworthy,1,c,1.6286666666666667,144.46116736395675,40.37871569006571,8.152939113343903,0.029862720122120344,8.152939113343903
C:\MyProjects\Project-Proposal\PrivateCoach\Project-EchoesofEquity\data/wav\1999_wom_t02c.wav,C:\MyProjects\Project-Proposal\PrivateCoach\Project-EchoesofEquity\data/melspec\1999_wom_t02c.npy,1999,white,older,male,trustworthy,2,c,1.6073333333333333,166.42587840042853,55.67494152901218,9.57130465232176,0.027678451863888422,9.57130465232176
C:\MyProjects\Project-Proposal\PrivateCoach\Project-EchoesofEquity\data/wav\1999_wom_t03c.wav,C:\MyProjects\Project-Proposal\PrivateCoach\Project-EchoesofEquity\data/melspec\1999_wom_t03c.npy,1999,white,older,male,trustworthy,3,c,1.7735,110.18497673426045,11.715896053773413,8.501337921154786,0.01929881681561882,8.501337921154786
C:\MyProjects\Project-Proposal\PrivateCoach\Project-EchoesofEquity\data/wav\1999_wom_t04c.wav,C:\MyProjects\Project-Proposal\PrivateCoach\Project-EchoesofEquity\data/melspec\1999_wom_t04c.npy,1999,white,older,male,trustworthy,4,c,1.4094791666666666,123.97005962109954,32.52266964541057,9.1284515910223,0.02329949519545172,9.1284515910223
C:\MyProjects\Project-Proposal\PrivateCoach\Project-EchoesofEquity\data/wav\1999_wom_t19c.wav,C:\MyProjects\Project-Proposal\PrivateCoach\Project-EchoesofEquity\data/melspec\1999_wom_t19c.npy,1999,white,older,male,trustworthy,19,c,2.1692291666666668,147.47210958161918,38.67425887772777,8.932939447724673,0.03389819974858466,8.932939447724673
C:\MyProjects\Project-Proposal\PrivateCoach\Project-EchoesofEquity\data/wav\1999_wom_t20.wav,C:\MyProjects\Project-Proposal\PrivateCoach\Project-EchoesofEquity\data/melspec\1999_wom_t20.npy,1999,white,older,male,trustworthy,20,,1.6456875,144.98400963967322,42.27822538673368,7.786402571259521,0.02989021610135284,7.786402571259521
C:\MyProjects\Project-Proposal\PrivateCoach\Project-EchoesofEquity\data/wav\2000_wyf_n01c.wav,C:\MyProjects\Project-Proposal\PrivateCoach\Project-EchoesofEquity\data/melspec\2000_wyf_n01c.npy,2000,white,younger,female,neutral,1,c,0.7815833333333333,222.42007174580385,29.094971700386242,13.476378841231826,0.03573609995101785,13.476378841231826
C:\MyProjects\Project-Proposal\PrivateCoach\Project-EchoesofEquity\data/wav\2000_wyf_n02c.wav,C:\MyProjects\Project-Proposal\PrivateCoach\Project-EchoesofEquity\data/melspec\2000_wyf_n02c.npy,2000,white,younger,female,neutral,2,c,1.1971875,190.98145707756163,20.940693682636958,13.273028633798518,0.01816864244125454,13.273028633798518
C:\MyProjects\Project-Proposal\PrivateCoach\Project-EchoesofEquity\data/wav\2000_wyf_n17c.wav,C:\MyProjects\Project-Proposal\PrivateCoach\Project-EchoesofEquity\data/melspec\2000_wyf_n17c.npy,2000,white,younger,female,neutral,17,c,1.0363541666666667,228.23557175619598,64.56489164807309,10.978967948264362,0.02911824436755835,10.978967948264362
C:\MyProjects\Project-Proposal\PrivateCoach\Project-EchoesofEquity\data/wav\2000_wyf_n18c.wav,C:\MyProjects\Project-Proposal\PrivateCoach\Project-EchoesofEquity\data/melspec\2000_wyf_n18c.npy,2000,white,younger,female,neutral,18,c,1.2377083333333334,200.65960832810939,16.147848696068603,10.354729778041545,0.023750331631553975,10.354729778041545
C:\MyProjects\Project-Proposal\PrivateCoach\Project-EchoesofEquity\data/wav\2000_wyf_n19.wav,C:\MyProjects\Project-Proposal\PrivateCoach\Project-EchoesofEquity\data/melspec\2000_wyf_n19.npy,2000,white,younger,female,neutral,19,,1.2077083333333334,246.19772883774976,27.270324281115098,13.062452837115282,0.019344452165255138,13.062452837115282
C:\MyProjects\Project-Proposal\PrivateCoach\Project-EchoesofEquity\data/wav\2000_wyf_n20c.wav,C:\MyProjects\Project-Proposal\PrivateCoach\Project-EchoesofEquity\data/melspec\2000_wyf_n20c.npy,2000,white,younger,female,neutral,20,c,1.4019791666666668,230.9800710457018,92.56039306051846,11.188065526351258,0.017127990130820423,11.188065526351258
C:\MyProjects\Project-Proposal\PrivateCoach\Project-EchoesofEquity\data/wav\2000_wyf_t01c.wav,C:\MyProjects\Project-Proposal\PrivateCoach\Project-EchoesofEquity\data/melspec\2000_wyf_t01c.npy,2000,white,younger,female,trustworthy,1,c,0.9320416666666667,251.50406165097965,67.92886554153246,11.40268738063748,0.021560440980575045,11.40268738063748
C:\MyProjects\Project-Proposal\PrivateCoach\Project-EchoesofEquity\data/wav\2000_wyf_t02.wav,C:\MyProjects\Project-Proposal\PrivateCoach\Project-EchoesofEquity\data/melspec\2000_wyf_t02.npy,2000,white,younger,female,trustworthy,2,,1.2051041666666666,224.0955917246737,76.42792628700612,12.746914259637135,0.019780223356326617,12.746914259637135
C:\MyProjects\Project-Proposal\PrivateCoach\Project-EchoesofEquity\data/wav\2000_wyf_t17.wav,C:\MyProjects\Project-Proposal\PrivateCoach\Project-EchoesofEquity\data/melspec\2000_wyf_t17.npy,2000,white,younger,female,trustworthy,17,,0.8842708333333333,263.96649550649386,88.95445941938507,11.970549193823143,0.01842397943247693,11.970549193823143
C:\MyProjects\Project-Proposal\PrivateCoach\Project-EchoesofEquity\data/wav\2000_wyf_t18c.wav,C:\MyProjects\Project-Proposal\PrivateCoach\Project-EchoesofEquity\data/melspec\2000_wyf_t18c.npy,2000,white,younger,female,trustworthy,18,c,1.1390416666666667,188.396337134984,33.16968113063003,9.636634640575586,0.03781569180486104,9.636634640575586
C:\MyProjects\Project-Proposal\PrivateCoach\Project-EchoesofEquity\data/wav\2000_wyf_t19.wav,C:\MyProjects\Project-Proposal\PrivateCoach\Project-EchoesofEquity\data/melspec\2000_wyf_t19.npy,2000,white,younger,female,trustworthy,19,,1.2341666666666666,289.0553397888807,58.027509643616014,14.786074225500624,0.014662154658880565,14.786074225500624
C:\MyProjects\Project-Proposal\PrivateCoach\Project-EchoesofEquity\data/wav\2000_wyf_t20.wav,C:\MyProjects\Project-Proposal\PrivateCoach\Project-EchoesofEquity\data/melspec\2000_wyf_t20.npy,2000,white,younger,female,trustworthy,20,,1.1082083333333332,257.8975250498443,98.94178590415251,10.465416590981393,0.022848362550861034,10.465416590981393
C:\MyProjects\Project-Proposal\PrivateCoach\Project-EchoesofEquity\data/wav\2001_wym_n01c.wav,C:\MyProjects\Project-Proposal\PrivateCoach\Project-EchoesofEquity\data/melspec\2001_wym_n01c.npy,2001,white,younger,male,neutral,1,c,1.42775,85.68073895910464,17.52660449901357,6.819639769507292,0.025316952858471638,6.819639769507292
C:\MyProjects\Project-Proposal\PrivateCoach\Project-EchoesofEquity\data/wav\2001_wym_n02c.wav,C:\MyProjects\Project-Proposal\PrivateCoach\Project-EchoesofEquity\data/melspec\2001_wym_n02c.npy,2001,white,younger,male,neutral,2,c,1.4618541666666667,123.32709537497155,106.24477297757794,6.386105402714452,0.029544075452761408,6.386105402714452
C:\MyProjects\Project-Proposal\PrivateCoach\Project-EchoesofEquity\data/wav\2001_wym_n17c.wav,C:\MyProjects\Project-Proposal\PrivateCoach\Project-EchoesofEquity\data/melspec\2001_wym_n17c.npy,2001,white,younger,male,neutral,17,c,1.3693541666666667,83.63457449033294,4.085785752719742,7.612148214442684,0.02357306849807054,7.612148214442684
C:\MyProjects\Project-Proposal\PrivateCoach\Project-EchoesofEquity\data/wav\2001_wym_n18.wav,C:\MyProjects\Project-Proposal\PrivateCoach\Project-EchoesofEquity\data/melspec\2001_wym_n18.npy,2001,white,younger,male,neutral,18,,1.5339375,110.80317316752259,82.43796544969089,6.929292621768503,0.03569624655360329,6.929292621768503
C:\MyProjects\Project-Proposal\PrivateCoach\Project-EchoesofEquity\data/wav\2001_wym_n19.wav,C:\MyProjects\Project-Proposal\PrivateCoach\Project-EchoesofEquity\data/melspec\2001_wym_n19.npy,2001,white,younger,male,neutral,19,,1.4581875,93.9542960971196,21.61615852250739,9.458011082810044,0.02131494086038412,9.458011082810044
C:\MyProjects\Project-Proposal\PrivateCoach\Project-EchoesofEquity\data/wav\2001_wym_n20.wav,C:\MyProjects\Project-Proposal\PrivateCoach\Project-EchoesofEquity\data/melspec\2001_wym_n20.npy,2001,white,younger,male,neutral,20,,1.86525,134.78447716983365,139.34396912934614,8.363656347262657,0.02204362792812427,8.363656347262657
C:\MyProjects\Project-Proposal\PrivateCoach\Project-EchoesofEquity\data/wav\2001_wym_t01.wav,C:\MyProjects\Project-Proposal\PrivateCoach\Project-EchoesofEquity\data/melspec\2001_wym_t01.npy,2001,white,younger,male,trustworthy,1,,1.2920416666666668,112.006902284414,29.899814462415755,9.253457141484292,0.03182416539801362,9.253457141484292
C:\MyProjects\Project-Proposal\PrivateCoach\Project-EchoesofEquity\data/wav\2001_wym_t02.wav,C:\MyProjects\Project-Proposal\PrivateCoach\Project-EchoesofEquity\data/melspec\2001_wym_t02.npy,2001,white,younger,male,trustworthy,2,,1.37475,120.55907324248611,98.6395750518589,6.671675245981968,0.02973903368764295,6.671675245981968
C:\MyProjects\Project-Proposal\PrivateCoach\Project-EchoesofEquity\data/wav\2001_wym_t17.wav,C:\MyProjects\Project-Proposal\PrivateCoach\Project-EchoesofEquity\data/melspec\2001_wym_t17.npy,2001,white,younger,male,trustworthy,17,,1.3516875,128.47658423732662,78.92661036114337,7.589990078668208,0.03606135469991615,7.589990078668208
C:\MyProjects\Project-Proposal\PrivateCoach\Project-EchoesofEquity\data/wav\2001_wym_t18.wav,C:\MyProjects\Project-Proposal\PrivateCoach\Project-EchoesofEquity\data/melspec\2001_wym_t18.npy,2001,white,younger,male,trustworthy,18,,1.4499166666666667,122.16318182659283,17.604531446400504,9.014934099733876,0.03287383074341313,9.014934099733876
C:\MyProjects\Project-Proposal\PrivateCoach\Project-EchoesofEquity\data/wav\2001_wym_t19c.wav,C:\MyProjects\Project-Proposal\PrivateCoach\Project-EchoesofEquity\data/melspec\2001_wym_t19c.npy,2001,white,younger,male,trustworthy,19,c,1.6972916666666666,106.61469823570823,17.080841315671105,9.737614431467044,0.03061135471136218,9.737614431467044
C:\MyProjects\Project-Proposal\PrivateCoach\Project-EchoesofEquity\data/wav\2001_wym_t20.wav,C:\MyProjects\Project-Proposal\PrivateCoach\Project-EchoesofEquity\data/melspec\2001_wym_t20.npy,2001,white,younger,male,trustworthy,20,,1.5987708333333333,143.09985030722896,97.84769089866525,8.96334655923345,0.03556727530187933,8.96334655923345
C:\MyProjects\Project-Proposal\PrivateCoach\Project-EchoesofEquity\data/wav\2003_wym_n01c.wav,C:\MyProjects\Project-Proposal\PrivateCoach\Project-EchoesofEquity\data/melspec\2003_wym_n01c.npy,2003,white,younger,male,neutral,1,c,1.0121041666666666,125.01543357928986,10.742691127433206,4.352717392934745,0.036323519942784974,4.352717392934745
C:\MyProjects\Project-Proposal\PrivateCoach\Project-EchoesofEquity\data/wav\2003_wym_n02.wav,C:\MyProjects\Project-Proposal\PrivateCoach\Project-EchoesofEquity\data/melspec\2003_wym_n02.npy,2003,white,younger,male,neutral,2,,1.2066458333333334,115.89028808262475,14.592435952229655,8.895027259109492,0.027711623008842924,8.895027259109492
C:\MyProjects\Project-Proposal\PrivateCoach\Project-EchoesofEquity\data/wav\2003_wym_n03c.wav,C:\MyProjects\Project-Proposal\PrivateCoach\Project-EchoesofEquity\data/melspec\2003_wym_n03c.npy,2003,white,younger,male,neutral,3,c,1.83375,112.24649946315537,12.466383689932904,7.580578286247064,0.02814055867997188,7.580578286247064
C:\MyProjects\Project-Proposal\PrivateCoach\Project-EchoesofEquity\data/wav\2003_wym_n04c.wav,C:\MyProjects\Project-Proposal\PrivateCoach\Project-EchoesofEquity\data/melspec\2003_wym_n04c.npy,2003,white,younger,male,neutral,4,c,0.9652916666666667,103.19076675189925,6.494699336365078,4.778599569123859,0.049516600374852615,4.778599569123859
C:\MyProjects\Project-Proposal\PrivateCoach\Project-EchoesofEquity\data/wav\2003_wym_n19.wav,C:\MyProjects\Project-Proposal\PrivateCoach\Project-EchoesofEquity\data/melspec\2003_wym_n19.npy,2003,white,younger,male,neutral,19,,1.5268333333333333,126.96077657212632,14.706532527366205,8.289904955964708,0.03378468911660549,8.289904955964708
C:\MyProjects\Project-Proposal\PrivateCoach\Project-EchoesofEquity\data/wav\2003_wym_n20.wav,C:\MyProjects\Project-Proposal\PrivateCoach\Project-EchoesofEquity\data/melspec\2003_wym_n20.npy,2003,white,younger,male,neutral,20,,1.2107916666666667,146.6392962613661,94.78736971185789,5.969053022371858,0.03903916918130703,5.969053022371858
C:\MyProjects\Project-Proposal\PrivateCoach\Project-EchoesofEquity\data/wav\2003_wym_t01cc.wav,C:\MyProjects\Project-Proposal\PrivateCoach\Project-EchoesofEquity\data/melspec\2003_wym_t01cc.npy,2003,white,younger,male,trustworthy,1,cc,0.8496458333333333,112.83808963901477,14.724246709444232,3.7441440459574333,0.03271945581651652,3.7441440459574333
C:\MyProjects\Project-Proposal\PrivateCoach\Project-EchoesofEquity\data/wav\2003_wym_t02ccc.wav,C:\MyProjects\Project-Proposal\PrivateCoach\Project-EchoesofEquity\data/melspec\2003_wym_t02ccc.npy,2003,white,younger,male,trustworthy,2,ccc,0.9955625,142.05326606892476,34.18600091744309,2.3290759150915537,0.06158138588963423,2.3290759150915537
C:\MyProjects\Project-Proposal\PrivateCoach\Project-EchoesofEquity\data/wav\2003_wym_t03c.wav,C:\MyProjects\Project-Proposal\PrivateCoach\Project-EchoesofEquity\data/melspec\2003_wym_t03c.npy,2003,white,younger,male,trustworthy,3,c,1.7264583333333334,126.03350533494492,24.41086787843706,10.018719278221504,0.023981860523399845,10.018719278221504
C:\MyProjects\Project-Proposal\PrivateCoach\Project-EchoesofEquity\data/wav\2003_wym_t04c.wav,C:\MyProjects\Project-Proposal\PrivateCoach\Project-EchoesofEquity\data/melspec\2003_wym_t04c.npy,2003,white,younger,male,trustworthy,4,c,0.8475416666666666,125.02256914155687,21.934811406348864,6.265669663593195,0.05205530925133139,6.265669663593195
C:\MyProjects\Project-Proposal\PrivateCoach\Project-EchoesofEquity\data/wav\2003_wym_t19.wav,C:\MyProjects\Project-Proposal\PrivateCoach\Project-EchoesofEquity\data/melspec\2003_wym_t19.npy,2003,white,younger,male,trustworthy,19,,1.5010833333333333,137.87656050145011,38.528648266738195,5.253742796471414,0.04352761376647828,5.253742796471414
C:\MyProjects\Project-Proposal\PrivateCoach\Project-EchoesofEquity\data/wav\2003_wym_t20.wav,C:\MyProjects\Project-Proposal\PrivateCoach\Project-EchoesofEquity\data/melspec\2003_wym_t20.npy,2003,white,younger,male,trustworthy,20,,1.06425,142.59961371491207,31.88804416838212,5.165416113204074,0.04160622308312165,5.165416113204074
C:\MyProjects\Project-Proposal\PrivateCoach\Project-EchoesofEquity\data/wav\2004_wyf_n01c.wav,C:\MyProjects\Project-Proposal\PrivateCoach\Project-EchoesofEquity\data/melspec\2004_wyf_n01c.npy,2004,white,younger,female,neutral,1,c,1.5006458333333332,195.051362900208,17.935279960943824,14.723044957608888,0.019065661736490307,14.723044957608888
C:\MyProjects\Project-Proposal\PrivateCoach\Project-EchoesofEquity\data/wav\2004_wyf_n02c.wav,C:\MyProjects\Project-Proposal\PrivateCoach\Project-EchoesofEquity\data/melspec\2004_wyf_n02c.npy,2004,white,younger,female,neutral,2,c,1.6360416666666666,193.718342277735,40.59150531497708,16.088656186605064,0.01143943367565773,16.088656186605064
C:\MyProjects\Project-Proposal\PrivateCoach\Project-EchoesofEquity\data/wav\2004_wyf_n03c.wav,C:\MyProjects\Project-Proposal\PrivateCoach\Project-EchoesofEquity\data/melspec\2004_wyf_n03c.npy,2004,white,younger,female,neutral,3,c,1.9369583333333333,190.64076518167113,57.01895976885432,11.219212835148685,0.012394789016104009,11.219212835148685
C:\MyProjects\Project-Proposal\PrivateCoach\Project-EchoesofEquity\data/wav\2004_wyf_n04c.wav,C:\MyProjects\Project-Proposal\PrivateCoach\Project-EchoesofEquity\data/melspec\2004_wyf_n04c.npy,2004,white,younger,female,neutral,4,c,1.3925625,190.9198676713099,18.36600508520454,13.180392281027942,0.014680344180465604,13.180392281027942
C:\MyProjects\Project-Proposal\PrivateCoach\Project-EchoesofEquity\data/wav\2004_wyf_n19.wav,C:\MyProjects\Project-Proposal\PrivateCoach\Project-EchoesofEquity\data/melspec\2004_wyf_n19.npy,2004,white,younger,female,neutral,19,,1.9457708333333332,207.27037911792164,58.967370915423494,14.673407066276148,0.014580925330986963,14.673407066276148
C:\MyProjects\Project-Proposal\PrivateCoach\Project-EchoesofEquity\data/wav\2004_wyf_n20c.wav,C:\MyProjects\Project-Proposal\PrivateCoach\Project-EchoesofEquity\data/melspec\2004_wyf_n20c.npy,2004,white,younger,female,neutral,20,c,1.9090833333333332,205.9967194968662,51.95185056296084,15.027359129735451,0.018744854142968715,15.027359129735451
C:\MyProjects\Project-Proposal\PrivateCoach\Project-EchoesofEquity\data/wav\2004_wyf_t01.wav,C:\MyProjects\Project-Proposal\PrivateCoach\Project-EchoesofEquity\data/melspec\2004_wyf_t01.npy,2004,white,younger,female,trustworthy,1,,1.5256041666666667,237.6607814612712,59.22024290373331,13.27025543891089,0.019105646827786933,13.27025543891089
C:\MyProjects\Project-Proposal\PrivateCoach\Project-EchoesofEquity\data/wav\2004_wyf_t02.wav,C:\MyProjects\Project-Proposal\PrivateCoach\Project-EchoesofEquity\data/melspec\2004_wyf_t02.npy,2004,white,younger,female,trustworthy,2,,1.6332291666666667,223.7476410612465,60.227286106361746,14.275733365509607,0.014540786703946913,14.275733365509607
C:\MyProjects\Project-Proposal\PrivateCoach\Project-EchoesofEquity\data/wav\2004_wyf_t03c.wav,C:\MyProjects\Project-Proposal\PrivateCoach\Project-EchoesofEquity\data/melspec\2004_wyf_t03c.npy,2004,white,younger,female,trustworthy,3,c,1.8419375,187.40002957682924,65.69381172275217,11.912460910940679,0.008776357769205894,11.912460910940679
C:\MyProjects\Project-Proposal\PrivateCoach\Project-EchoesofEquity\data/wav\2004_wyf_t04c.wav,C:\MyProjects\Project-Proposal\PrivateCoach\Project-EchoesofEquity\data/melspec\2004_wyf_t04c.npy,2004,white,younger,female,trustworthy,4,c,1.3500416666666666,215.96049271927566,64.17077552544006,15.025110471242874,0.01522770629630396,15.025110471242874
C:\MyProjects\Project-Proposal\PrivateCoach\Project-EchoesofEquity\data/wav\2004_wyf_t19c.wav,C:\MyProjects\Project-Proposal\PrivateCoach\Project-EchoesofEquity\data/melspec\2004_wyf_t19c.npy,2004,white,younger,female,trustworthy,19,c,1.9191041666666666,232.42005224957364,50.61859316457825,14.013496025386205,0.016056549467256435,14.013496025386205
C:\MyProjects\Project-Proposal\PrivateCoach\Project-EchoesofEquity\data/wav\2004_wyf_t20.wav,C:\MyProjects\Project-Proposal\PrivateCoach\Project-EchoesofEquity\data/melspec\2004_wyf_t20.npy,2004,white,younger,female,trustworthy,20,,1.8715625,245.32031527517643,40.1712709272051,15.307783469202706,0.010111885829834093,15.307783469202706
C:\MyProjects\Project-Proposal\PrivateCoach\Project-EchoesofEquity\data/wav\2007_wyf_n01c.wav,C:\MyProjects\Project-Proposal\PrivateCoach\Project-EchoesofEquity\data/melspec\2007_wyf_n01c.npy,2007,white,younger,female,neutral,1,c,1.4167083333333332,173.23948128240121,15.395076520804514,12.915912060529143,0.013574506966413187,12.915912060529143
C:\MyProjects\Project-Proposal\PrivateCoach\Project-EchoesofEquity\data/wav\2007_wyf_n02c.wav,C:\MyProjects\Project-Proposal\PrivateCoach\Project-EchoesofEquity\data/melspec\2007_wyf_n02c.npy,2007,white,younger,female,neutral,2,c,1.806125,169.59508812320792,12.323860908741839,11.695301009472187,0.013303135045979247,11.695301009472187
C:\MyProjects\Project-Proposal\PrivateCoach\Project-EchoesofEquity\data/wav\2007_wyf_n03c.wav,C:\MyProjects\Project-Proposal\PrivateCoach\Project-EchoesofEquity\data/melspec\2007_wyf_n03c.npy,2007,white,younger,female,neutral,3,c,1.376,162.42274096289367,11.7242360261602,11.41134131846031,0.01179091789532692,11.41134131846031
C:\MyProjects\Project-Proposal\PrivateCoach\Project-EchoesofEquity\data/wav\2007_wyf_n04c.wav,C:\MyProjects\Project-Proposal\PrivateCoach\Project-EchoesofEquity\data/melspec\2007_wyf_n04c.npy,2007,white,younger,female,neutral,4,c,1.5712916666666668,206.52150627375806,111.60302832426248,12.182738697594448,0.019779587583113642,12.182738697594448
C:\MyProjects\Project-Proposal\PrivateCoach\Project-EchoesofEquity\data/wav\2007_wyf_n05.wav,C:\MyProjects\Project-Proposal\PrivateCoach\Project-EchoesofEquity\data/melspec\2007_wyf_n05.npy,2007,white,younger,female,neutral,5,,1.3772708333333334,173.2339525485778,25.40044653240438,10.168282056119958,0.02646812729207268,10.168282056119958
C:\MyProjects\Project-Proposal\PrivateCoach\Project-EchoesofEquity\data/wav\2007_wyf_n06c.wav,C:\MyProjects\Project-Proposal\PrivateCoach\Project-EchoesofEquity\data/melspec\2007_wyf_n06c.npy,2007,white,younger,female,neutral,6,c,1.6119166666666667,178.13122607347384,66.54052007783885,12.266335825426248,0.014945461873914254,12.266335825426248
C:\MyProjects\Project-Proposal\PrivateCoach\Project-EchoesofEquity\data/wav\2007_wyf_t01.wav,C:\MyProjects\Project-Proposal\PrivateCoach\Project-EchoesofEquity\data/melspec\2007_wyf_t01.npy,2007,white,younger,female,trustworthy,1,,1.1937083333333334,240.70900246903025,69.7399893067234,10.983919054767274,0.02019296665302987,10.983919054767274
C:\MyProjects\Project-Proposal\PrivateCoach\Project-EchoesofEquity\data/wav\2007_wyf_t02.wav,C:\MyProjects\Project-Proposal\PrivateCoach\Project-EchoesofEquity\data/melspec\2007_wyf_t02.npy,2007,white,younger,female,trustworthy,2,,1.4498333333333333,214.53028102312962,69.84634408036499,10.373047912771556,0.022210306629470645,10.373047912771556
C:\MyProjects\Project-Proposal\PrivateCoach\Project-EchoesofEquity\data/wav\2007_wyf_t03c.wav,C:\MyProjects\Project-Proposal\PrivateCoach\Project-EchoesofEquity\data/melspec\2007_wyf_t03c.npy,2007,white,younger,female,trustworthy,3,c,1.435625,239.41726708285108,42.383226548449414,14.236856143915604,0.011370176565986488,14.236856143915604
C:\MyProjects\Project-Proposal\PrivateCoach\Project-EchoesofEquity\data/wav\2007_wyf_t04c.wav,C:\MyProjects\Project-Proposal\PrivateCoach\Project-EchoesofEquity\data/melspec\2007_wyf_t04c.npy,2007,white,younger,female,trustworthy,4,c,1.2097291666666667,201.39648407857982,46.518178905681985,11.679839007496192,0.019547909910774642,11.679839007496192
C:\MyProjects\Project-Proposal\PrivateCoach\Project-EchoesofEquity\data/wav\2007_wyf_t05c.wav,C:\MyProjects\Project-Proposal\PrivateCoach\Project-EchoesofEquity\data/melspec\2007_wyf_t05c.npy,2007,white,younger,female,trustworthy,5,c,1.45575,236.0205220648243,62.06109011210171,10.142058189051738,0.020756131227725724,10.142058189051738
C:\MyProjects\Project-Proposal\PrivateCoach\Project-EchoesofEquity\data/wav\2007_wyf_t06.wav,C:\MyProjects\Project-Proposal\PrivateCoach\Project-EchoesofEquity\data/melspec\2007_wyf_t06.npy,2007,white,younger,female,trustworthy,6,,1.2279166666666668,233.25711114840172,54.94272825845668,10.754384114322296,0.024669045807590013,10.754384114322296
C:\MyProjects\Project-Proposal\PrivateCoach\Project-EchoesofEquity\data/wav\2009_ayf_n09c.wav,C:\MyProjects\Project-Proposal\PrivateCoach\Project-EchoesofEquity\data/melspec\2009_ayf_n09c.npy,2009,south_asian,younger,female,neutral,9,c,1.5851875,206.626143976328,39.50662359957944,19.745828981718756,0.0149148394258801,19.745828981718756
C:\MyProjects\Project-Proposal\PrivateCoach\Project-EchoesofEquity\data/wav\2009_ayf_n10c.wav,C:\MyProjects\Project-Proposal\PrivateCoach\Project-EchoesofEquity\data/melspec\2009_ayf_n10c.npy,2009,south_asian,younger,female,neutral,10,c,2.0570625,201.04556403345143,25.58563042764477,17.329331814190034,0.019006019101196557,17.329331814190034
C:\MyProjects\Project-Proposal\PrivateCoach\Project-EchoesofEquity\data/wav\2009_ayf_n11c.wav,C:\MyProjects\Project-Proposal\PrivateCoach\Project-EchoesofEquity\data/melspec\2009_ayf_n11c.npy,2009,south_asian,younger,female,neutral,11,c,1.995625,199.21342673174786,27.674149842216934,21.166304499759168,0.014691033499991242,21.166304499759168
C:\MyProjects\Project-Proposal\PrivateCoach\Project-EchoesofEquity\data/wav\2009_ayf_n12c.wav,C:\MyProjects\Project-Proposal\PrivateCoach\Project-EchoesofEquity\data/melspec\2009_ayf_n12c.npy,2009,south_asian,younger,female,neutral,12,c,1.6266041666666666,205.55898872741113,35.9104702402992,19.831524881002604,0.014195859004624351,19.831524881002604
C:\MyProjects\Project-Proposal\PrivateCoach\Project-EchoesofEquity\data/wav\2009_ayf_n13c.wav,C:\MyProjects\Project-Proposal\PrivateCoach\Project-EchoesofEquity\data/melspec\2009_ayf_n13c.npy,2009,south_asian,younger,female,neutral,13,c,1.4651875,199.46190245259083,31.61053476235083,22.631615465848736,0.013368069281359725,22.631615465848736
C:\MyProjects\Project-Proposal\PrivateCoach\Project-EchoesofEquity\data/wav\2009_ayf_n14.wav,C:\MyProjects\Project-Proposal\PrivateCoach\Project-EchoesofEquity\data/melspec\2009_ayf_n14.npy,2009,south_asian,younger,female,neutral,14,,1.44375,210.93851163026332,41.152999521427354,21.449969669909276,0.011270500988169526,21.449969669909276
C:\MyProjects\Project-Proposal\PrivateCoach\Project-EchoesofEquity\data/wav\2009_ayf_t09.wav,C:\MyProjects\Project-Proposal\PrivateCoach\Project-EchoesofEquity\data/melspec\2009_ayf_t09.npy,2009,south_asian,younger,female,trustworthy,9,,1.5509375,237.16638409287407,67.71914132546173,18.64001520035422,0.01734563656920284,18.64001520035422
C:\MyProjects\Project-Proposal\PrivateCoach\Project-EchoesofEquity\data/wav\2009_ayf_t10.wav,C:\MyProjects\Project-Proposal\PrivateCoach\Project-EchoesofEquity\data/melspec\2009_ayf_t10.npy,2009,south_asian,younger,female,trustworthy,10,,2.0934166666666667,297.66526898268535,71.69203550467091,20.07991935234381,0.016106973097085177,20.07991935234381
C:\MyProjects\Project-Proposal\PrivateCoach\Project-EchoesofEquity\data/wav\2009_ayf_t11.wav,C:\MyProjects\Project-Proposal\PrivateCoach\Project-EchoesofEquity\data/melspec\2009_ayf_t11.npy,2009,south_asian,younger,female,trustworthy,11,,1.8867708333333333,250.58249114840592,81.20403004585273,19.873173160313527,0.01629169916476091,19.873173160313527
C:\MyProjects\Project-Proposal\PrivateCoach\Project-EchoesofEquity\data/wav\2009_ayf_t12.wav,C:\MyProjects\Project-Proposal\PrivateCoach\Project-EchoesofEquity\data/melspec\2009_ayf_t12.npy,2009,south_asian,younger,female,trustworthy,12,,1.7484166666666667,251.42300884764774,87.5122826053897,18.976920901325407,0.015082705118368242,18.976920901325407
C:\MyProjects\Project-Proposal\PrivateCoach\Project-EchoesofEquity\data/wav\2009_ayf_t13.wav,C:\MyProjects\Project-Proposal\PrivateCoach\Project-EchoesofEquity\data/melspec\2009_ayf_t13.npy,2009,south_asian,younger,female,trustworthy,13,,1.7513125,319.43806846526945,79.9438626854161,23.127190727907607,0.012059337183735079,23.127190727907607
C:\MyProjects\Project-Proposal\PrivateCoach\Project-EchoesofEquity\data/wav\2009_ayf_t14.wav,C:\MyProjects\Project-Proposal\PrivateCoach\Project-EchoesofEquity\data/melspec\2009_ayf_t14.npy,2009,south_asian,younger,female,trustworthy,14,,1.271125,270.1926952579563,107.54639642292064,17.76368498932691,0.01603072069315361,17.76368498932691
C:\MyProjects\Project-Proposal\PrivateCoach\Project-EchoesofEquity\data/wav\2010_aof_n01.wav,C:\MyProjects\Project-Proposal\PrivateCoach\Project-EchoesofEquity\data/melspec\2010_aof_n01.npy,2010,south_asian,older,female,neutral,1,,2.1734791666666666,213.0042289790851,44.981213816949506,16.771800063841066,0.018365648324851908,16.771800063841066
C:\MyProjects\Project-Proposal\PrivateCoach\Project-EchoesofEquity\data/wav\2010_aof_n02c.wav,C:\MyProjects\Project-Proposal\PrivateCoach\Project-EchoesofEquity\data/melspec\2010_aof_n02c.npy,2010,south_asian,older,female,neutral,2,c,2.157979166666667,195.5224579909536,51.412422616306806,17.92707004060117,0.013761222148004274,17.92707004060117
C:\MyProjects\Project-Proposal\PrivateCoach\Project-EchoesofEquity\data/wav\2010_aof_n03.wav,C:\MyProjects\Project-Proposal\PrivateCoach\Project-EchoesofEquity\data/melspec\2010_aof_n03.npy,2010,south_asian,older,female,neutral,3,,2.7096875,185.9393672689522,35.15942394943598,12.783517961321142,0.014141364694570962,12.783517961321142
C:\MyProjects\Project-Proposal\PrivateCoach\Project-EchoesofEquity\data/wav\2010_aof_n04c.wav,C:\MyProjects\Project-Proposal\PrivateCoach\Project-EchoesofEquity\data/melspec\2010_aof_n04c.npy,2010,south_asian,older,female,neutral,4,c,1.9252083333333334,175.29189510240263,43.09504006739418,16.65109682927286,0.01624435851579951,16.65109682927286
C:\MyProjects\Project-Proposal\PrivateCoach\Project-EchoesofEquity\data/wav\2010_aof_n05c.wav,C:\MyProjects\Project-Proposal\PrivateCoach\Project-EchoesofEquity\data/melspec\2010_aof_n05c.npy,2010,south_asian,older,female,neutral,5,c,1.9162916666666667,188.76779887497614,58.84058438711327,11.208449378134695,0.02305844205362712,11.208449378134695
C:\MyProjects\Project-Proposal\PrivateCoach\Project-EchoesofEquity\data/wav\2010_aof_n06.wav,C:\MyProjects\Project-Proposal\PrivateCoach\Project-EchoesofEquity\data/melspec\2010_aof_n06.npy,2010,south_asian,older,female,neutral,6,,1.6881041666666667,188.11372210484768,13.485279319154591,15.059171806946125,0.01798466700583024,15.059171806946125
C:\MyProjects\Project-Proposal\PrivateCoach\Project-EchoesofEquity\data/wav\2010_aof_t01c.wav,C:\MyProjects\Project-Proposal\PrivateCoach\Project-EchoesofEquity\data/melspec\2010_aof_t01c.npy,2010,south_asian,older,female,trustworthy,1,c,1.7187916666666667,243.47415644961612,76.50416589128504,12.72175681039981,0.025979117496748517,12.72175681039981
C:\MyProjects\Project-Proposal\PrivateCoach\Project-EchoesofEquity\data/wav\2010_aof_t02c.wav,C:\MyProjects\Project-Proposal\PrivateCoach\Project-EchoesofEquity\data/melspec\2010_aof_t02c.npy,2010,south_asian,older,female,trustworthy,2,c,1.614375,247.5567647733323,49.919512317211414,19.406236527366968,0.017832870940496494,19.406236527366968
C:\MyProjects\Project-Proposal\PrivateCoach\Project-EchoesofEquity\data/wav\2010_aof_t03c.wav,C:\MyProjects\Project-Proposal\PrivateCoach\Project-EchoesofEquity\data/melspec\2010_aof_t03c.npy,2010,south_asian,older,female,trustworthy,3,c,3.209229166666667,267.87523861418816,46.73868564914738,16.414049744826826,0.0147035336696229,16.414049744826826
C:\MyProjects\Project-Proposal\PrivateCoach\Project-EchoesofEquity\data/wav\2010_aof_t04c.wav,C:\MyProjects\Project-Proposal\PrivateCoach\Project-EchoesofEquity\data/melspec\2010_aof_t04c.npy,2010,south_asian,older,female,trustworthy,4,c,1.952375,281.43381370292013,51.065011965435254,20.904821798566687,0.010498510926537008,20.904821798566687
C:\MyProjects\Project-Proposal\PrivateCoach\Project-EchoesofEquity\data/wav\2010_aof_t05c.wav,C:\MyProjects\Project-Proposal\PrivateCoach\Project-EchoesofEquity\data/melspec\2010_aof_t05c.npy,2010,south_asian,older,female,trustworthy,5,c,1.9218333333333333,311.9614914342184,61.92122600354577,16.20958490476921,0.02239465911843285,16.20958490476921
C:\MyProjects\Project-Proposal\PrivateCoach\Project-EchoesofEquity\data/wav\2010_aof_t06c.wav,C:\MyProjects\Project-Proposal\PrivateCoach\Project-EchoesofEquity\data/melspec\2010_aof_t06c.npy,2010,south_asian,older,female,trustworthy,6,c,1.9426666666666668,224.8088871936173,24.162576533780204,16.954047786875385,0.015748078898604752,16.954047786875385
C:\MyProjects\Project-Proposal\PrivateCoach\Project-EchoesofEquity\data/wav\2011_aom_n01c.wav,C:\MyProjects\Project-Proposal\PrivateCoach\Project-EchoesofEquity\data/melspec\2011_aom_n01c.npy,2011,south_asian,older,male,neutral,1,c,1.4483333333333333,140.97652172247584,83.20453743223483,9.056796706841617,0.030561331837142835,9.056796706841617
C:\MyProjects\Project-Proposal\PrivateCoach\Project-EchoesofEquity\data/wav\2011_aom_n02c.wav,C:\MyProjects\Project-Proposal\PrivateCoach\Project-EchoesofEquity\data/melspec\2011_aom_n02c.npy,2011,south_asian,older,male,neutral,2,c,1.3456875,123.64700957153886,20.11776130814011,9.643418960471982,0.0243012800724268,9.643418960471982
C:\MyProjects\Project-Proposal\PrivateCoach\Project-EchoesofEquity\data/wav\2011_aom_n03c.wav,C:\MyProjects\Project-Proposal\PrivateCoach\Project-EchoesofEquity\data/melspec\2011_aom_n03c.npy,2011,south_asian,older,male,neutral,3,c,1.8222291666666666,128.2245629113811,59.2976110843358,9.331452182168057,0.02822234080667954,9.331452182168057
C:\MyProjects\Project-Proposal\PrivateCoach\Project-EchoesofEquity\data/wav\2011_aom_n04c.wav,C:\MyProjects\Project-Proposal\PrivateCoach\Project-EchoesofEquity\data/melspec\2011_aom_n04c.npy,2011,south_asian,older,male,neutral,4,c,1.1095208333333333,116.95248138636343,18.05122919174919,9.644286766456522,0.03225076977128695,9.644286766456522
C:\MyProjects\Project-Proposal\PrivateCoach\Project-EchoesofEquity\data/wav\2011_aom_n05c.wav,C:\MyProjects\Project-Proposal\PrivateCoach\Project-EchoesofEquity\data/melspec\2011_aom_n05c.npy,2011,south_asian,older,male,neutral,5,c,1.1995,117.7806012963313,17.984687355890912,10.16750191890532,0.03218196360473522,10.16750191890532
C:\MyProjects\Project-Proposal\PrivateCoach\Project-EchoesofEquity\data/wav\2011_aom_n06c.wav,C:\MyProjects\Project-Proposal\PrivateCoach\Project-EchoesofEquity\data/melspec\2011_aom_n06c.npy,2011,south_asian,older,male,neutral,6,c,1.0419375,114.4059633822144,14.955599417604143,9.554005744005579,0.029361967055651854,9.554005744005579
C:\MyProjects\Project-Proposal\PrivateCoach\Project-EchoesofEquity\data/wav\2011_aom_t01.wav,C:\MyProjects\Project-Proposal\PrivateCoach\Project-EchoesofEquity\data/melspec\2011_aom_t01.npy,2011,south_asian,older,male,trustworthy,1,,1.5847708333333332,147.24877701759237,73.05376598663234,8.958214612639113,0.03671580838744965,8.958214612639113
C:\MyProjects\Project-Proposal\PrivateCoach\Project-EchoesofEquity\data/wav\2011_aom_t02.wav,C:\MyProjects\Project-Proposal\PrivateCoach\Project-EchoesofEquity\data/melspec\2011_aom_t02.npy,2011,south_asian,older,male,trustworthy,2,,1.5336666666666667,128.0242853575056,43.9228329561339,10.067563734893339,0.027292273816245268,10.067563734893339
C:\MyProjects\Project-Proposal\PrivateCoach\Project-EchoesofEquity\data/wav\2011_aom_t03.wav,C:\MyProjects\Project-Proposal\PrivateCoach\Project-EchoesofEquity\data/melspec\2011_aom_t03.npy,2011,south_asian,older,male,trustworthy,3,,1.8646458333333333,134.10560175238277,75.40791629353822,9.744893214178871,0.023655816693158842,9.744893214178871
C:\MyProjects\Project-Proposal\PrivateCoach\Project-EchoesofEquity\data/wav\2011_aom_t04c.wav,C:\MyProjects\Project-Proposal\PrivateCoach\Project-EchoesofEquity\data/melspec\2011_aom_t04c.npy,2011,south_asian,older,male,trustworthy,4,c,1.1930625,108.80372070823763,32.10049795503712,8.057064974573844,0.03162322633498535,8.057064974573844
C:\MyProjects\Project-Proposal\PrivateCoach\Project-EchoesofEquity\data/wav\2011_aom_t05c.wav,C:\MyProjects\Project-Proposal\PrivateCoach\Project-EchoesofEquity\data/melspec\2011_aom_t05c.npy,2011,south_asian,older,male,trustworthy,5,c,1.2855833333333333,110.87977939348636,34.47011326010979,7.305601204672465,0.04032944854709952,7.305601204672465
C:\MyProjects\Project-Proposal\PrivateCoach\Project-EchoesofEquity\data/wav\2011_aom_t06c.wav,C:\MyProjects\Project-Proposal\PrivateCoach\Project-EchoesofEquity\data/melspec\2011_aom_t06c.npy,2011,south_asian,older,male,trustworthy,6,c,1.0547083333333334,131.20473448767527,110.94727959125397,9.017713788731355,0.02217363873555864,9.017713788731355
C:\MyProjects\Project-Proposal\PrivateCoach\Project-EchoesofEquity\data/wav\2013_aym_n09.wav,C:\MyProjects\Project-Proposal\PrivateCoach\Project-EchoesofEquity\data/melspec\2013_aym_n09.npy,2013,south_asian,younger,male,neutral,9,,1.5970833333333334,117.96879038852231,60.9304510726157,12.067571277327977,0.01969011430671538,12.067571277327977
C:\MyProjects\Project-Proposal\PrivateCoach\Project-EchoesofEquity\data/wav\2013_aym_n10.wav,C:\MyProjects\Project-Proposal\PrivateCoach\Project-EchoesofEquity\data/melspec\2013_aym_n10.npy,2013,south_asian,younger,male,neutral,10,,1.9227708333333333,133.72131970731618,86.49571796986348,6.186883167360154,0.032926584195601745,6.186883167360154
C:\MyProjects\Project-Proposal\PrivateCoach\Project-EchoesofEquity\data/wav\2013_aym_n11.wav,C:\MyProjects\Project-Proposal\PrivateCoach\Project-EchoesofEquity\data/melspec\2013_aym_n11.npy,2013,south_asian,younger,male,neutral,11,,2.1030416666666665,114.74478903838816,28.137810312820292,9.002119131406452,0.026042401171071646,9.002119131406452
C:\MyProjects\Project-Proposal\PrivateCoach\Project-EchoesofEquity\data/wav\2013_aym_n12.wav,C:\MyProjects\Project-Proposal\PrivateCoach\Project-EchoesofEquity\data/melspec\2013_aym_n12.npy,2013,south_asian,younger,male,neutral,12,,1.5125625,107.6874111894262,15.953827796567111,10.202835773943539,0.019977352953234204,10.202835773943539
C:\MyProjects\Project-Proposal\PrivateCoach\Project-EchoesofEquity\data/wav\2013_aym_n13.wav,C:\MyProjects\Project-Proposal\PrivateCoach\Project-EchoesofEquity\data/melspec\2013_aym_n13.npy,2013,south_asian,younger,male,neutral,13,,1.2503958333333334,126.99752148882888,62.22528788709421,10.167576331052066,0.01916832607839384,10.167576331052066
C:\MyProjects\Project-Proposal\PrivateCoach\Project-EchoesofEquity\data/wav\2013_aym_n14.wav,C:\MyProjects\Project-Proposal\PrivateCoach\Project-EchoesofEquity\data/melspec\2013_aym_n14.npy,2013,south_asian,younger,male,neutral,14,,1.2348125,112.88137596706436,66.33592073001134,10.036372122575623,0.021774526425746038,10.036372122575623
C:\MyProjects\Project-Proposal\PrivateCoach\Project-EchoesofEquity\data/wav\2013_aym_t09c.wav,C:\MyProjects\Project-Proposal\PrivateCoach\Project-EchoesofEquity\data/melspec\2013_aym_t09c.npy,2013,south_asian,younger,male,trustworthy,9,c,1.3849375,100.5936459964614,11.55159117990255,9.054804491204242,0.03612899094218815,9.054804491204242
C:\MyProjects\Project-Proposal\PrivateCoach\Project-EchoesofEquity\data/wav\2013_aym_t10.wav,C:\MyProjects\Project-Proposal\PrivateCoach\Project-EchoesofEquity\data/melspec\2013_aym_t10.npy,2013,south_asian,younger,male,trustworthy,10,,2.10225,143.24802774735693,45.26566479007248,8.173854896964565,0.036996763054937806,8.173854896964565
C:\MyProjects\Project-Proposal\PrivateCoach\Project-EchoesofEquity\data/wav\2013_aym_t11.wav,C:\MyProjects\Project-Proposal\PrivateCoach\Project-EchoesofEquity\data/melspec\2013_aym_t11.npy,2013,south_asian,younger,male,trustworthy,11,,1.9380625,118.98414280280826,18.712382334348813,11.00815978017542,0.019594615607296934,11.00815978017542
C:\MyProjects\Project-Proposal\PrivateCoach\Project-EchoesofEquity\data/wav\2013_aym_t12.wav,C:\MyProjects\Project-Proposal\PrivateCoach\Project-EchoesofEquity\data/melspec\2013_aym_t12.npy,2013,south_asian,younger,male,trustworthy,12,,1.5749375,131.50684861033974,75.26740705574717,9.498643362359706,0.03866675437515686,9.498643362359706
C:\MyProjects\Project-Proposal\PrivateCoach\Project-EchoesofEquity\data/wav\2013_aym_t13.wav,C:\MyProjects\Project-Proposal\PrivateCoach\Project-EchoesofEquity\data/melspec\2013_aym_t13.npy,2013,south_asian,younger,male,trustworthy,13,,1.5646041666666666,122.52720565674093,68.88181972278758,9.87647347411485,0.023827671163935804,9.87647347411485
C:\MyProjects\Project-Proposal\PrivateCoach\Project-EchoesofEquity\data/wav\2013_aym_t14.wav,C:\MyProjects\Project-Proposal\PrivateCoach\Project-EchoesofEquity\data/melspec\2013_aym_t14.npy,2013,south_asian,younger,male,trustworthy,14,,1.2823541666666667,128.73049186232996,63.01587540349898,7.512039173305735,0.041542311999467584,7.512039173305735
C:\MyProjects\Project-Proposal\PrivateCoach\Project-EchoesofEquity\data/wav\2015_aof_n03.wav,C:\MyProjects\Project-Proposal\PrivateCoach\Project-EchoesofEquity\data/melspec\2015_aof_n03.npy,2015,south_asian,older,female,neutral,3,,2.407208333333333,187.7675347069615,62.54947470568356,15.218364928363107,0.015030543632244665,15.218364928363107
C:\MyProjects\Project-Proposal\PrivateCoach\Project-EchoesofEquity\data/wav\2015_aof_n04.wav,C:\MyProjects\Project-Proposal\PrivateCoach\Project-EchoesofEquity\data/melspec\2015_aof_n04.npy,2015,south_asian,older,female,neutral,4,,2.1752083333333334,192.93613669143792,41.831471787187546,20.57983699131244,0.014355231138392906,20.57983699131244
C:\MyProjects\Project-Proposal\PrivateCoach\Project-EchoesofEquity\data/wav\2015_aof_n05.wav,C:\MyProjects\Project-Proposal\PrivateCoach\Project-EchoesofEquity\data/melspec\2015_aof_n05.npy,2015,south_asian,older,female,neutral,5,,1.64575,210.5231740791018,75.76711322691948,14.56023315441567,0.023726523204788404,14.56023315441567
C:\MyProjects\Project-Proposal\PrivateCoach\Project-EchoesofEquity\data/wav\2015_aof_n06.wav,C:\MyProjects\Project-Proposal\PrivateCoach\Project-EchoesofEquity\data/melspec\2015_aof_n06.npy,2015,south_asian,older,female,neutral,6,,1.4753125,165.39631894190694,27.48495612888716,14.509889191377985,0.027511147086827538,14.509889191377985
C:\MyProjects\Project-Proposal\PrivateCoach\Project-EchoesofEquity\data/wav\2015_aof_n07.wav,C:\MyProjects\Project-Proposal\PrivateCoach\Project-EchoesofEquity\data/melspec\2015_aof_n07.npy,2015,south_asian,older,female,neutral,7,,1.6625833333333333,193.66587490087988,39.929724375758504,16.416644417529664,0.019123172482406706,16.416644417529664
C:\MyProjects\Project-Proposal\PrivateCoach\Project-EchoesofEquity\data/wav\2015_aof_n08.wav,C:\MyProjects\Project-Proposal\PrivateCoach\Project-EchoesofEquity\data/melspec\2015_aof_n08.npy,2015,south_asian,older,female,neutral,8,,1.6675208333333333,162.9916043242188,32.56808503557145,14.621276237967953,0.02001488943220311,14.621276237967953
C:\MyProjects\Project-Proposal\PrivateCoach\Project-EchoesofEquity\data/wav\2015_aof_t03.wav,C:\MyProjects\Project-Proposal\PrivateCoach\Project-EchoesofEquity\data/melspec\2015_aof_t03.npy,2015,south_asian,older,female,trustworthy,3,,2.2698125,221.55226338377952,22.0219044863238,21.095461720733567,0.011690980779811481,21.095461720733567
C:\MyProjects\Project-Proposal\PrivateCoach\Project-EchoesofEquity\data/wav\2015_aof_t04.wav,C:\MyProjects\Project-Proposal\PrivateCoach\Project-EchoesofEquity\data/melspec\2015_aof_t04.npy,2015,south_asian,older,female,trustworthy,4,,1.523875,170.6225944243716,46.567678851493056,14.620835384235487,0.025913469630586623,14.620835384235487
C:\MyProjects\Project-Proposal\PrivateCoach\Project-EchoesofEquity\data/wav\2015_aof_t05.wav,C:\MyProjects\Project-Proposal\PrivateCoach\Project-EchoesofEquity\data/melspec\2015_aof_t05.npy,2015,south_asian,older,female,trustworthy,5,,1.4412708333333333,226.38353159776514,66.06199542790864,13.69553450859917,0.03168745553049216,13.69553450859917
C:\MyProjects\Project-Proposal\PrivateCoach\Project-EchoesofEquity\data/wav\2015_aof_t06.wav,C:\MyProjects\Project-Proposal\PrivateCoach\Project-EchoesofEquity\data/melspec\2015_aof_t06.npy,2015,south_asian,older,female,trustworthy,6,,1.4811458333333334,193.01116162167173,45.183661634182606,16.11149152169018,0.022523985431483394,16.11149152169018
C:\MyProjects\Project-Proposal\PrivateCoach\Project-EchoesofEquity\data/wav\2015_aof_t07.wav,C:\MyProjects\Project-Proposal\PrivateCoach\Project-EchoesofEquity\data/melspec\2015_aof_t07.npy,2015,south_asian,older,female,trustworthy,7,,1.6321875,194.60409338997312,52.16711040698207,16.734969158809243,0.02071308720508391,16.734969158809243
C:\MyProjects\Project-Proposal\PrivateCoach\Project-EchoesofEquity\data/wav\2015_aof_t08.wav,C:\MyProjects\Project-Proposal\PrivateCoach\Project-EchoesofEquity\data/melspec\2015_aof_t08.npy,2015,south_asian,older,female,trustworthy,8,,1.7021458333333332,161.37187028461716,64.03668188612656,13.112765831847119,0.020291873870676446,13.112765831847119
C:\MyProjects\Project-Proposal\PrivateCoach\Project-EchoesofEquity\data/wav\2016_byf_n01.wav,C:\MyProjects\Project-Proposal\PrivateCoach\Project-EchoesofEquity\data/melspec\2016_byf_n01.npy,2016,black,younger,female,neutral,1,,1.7109375,154.54146980606683,11.661438386369017,17.23516981089983,0.02252296088880931,17.23516981089983
C:\MyProjects\Project-Proposal\PrivateCoach\Project-EchoesofEquity\data/wav\2016_byf_n02.wav,C:\MyProjects\Project-Proposal\PrivateCoach\Project-EchoesofEquity\data/melspec\2016_byf_n02.npy,2016,black,younger,female,neutral,2,,1.7094583333333333,146.0373932559998,27.06365092292015,16.65108625525822,0.01181828618035242,16.65108625525822
C:\MyProjects\Project-Proposal\PrivateCoach\Project-EchoesofEquity\data/wav\2016_byf_n17c.wav,C:\MyProjects\Project-Proposal\PrivateCoach\Project-EchoesofEquity\data/melspec\2016_byf_n17c.npy,2016,black,younger,female,neutral,17,c,1.5680208333333334,161.85337117833154,23.98031795497714,14.946250440103631,0.01482086588901887,14.946250440103631
C:\MyProjects\Project-Proposal\PrivateCoach\Project-EchoesofEquity\data/wav\2016_byf_n18.wav,C:\MyProjects\Project-Proposal\PrivateCoach\Project-EchoesofEquity\data/melspec\2016_byf_n18.npy,2016,black,younger,female,neutral,18,,1.7575416666666666,183.43698767145506,77.96981649992466,15.273258146904894,0.027275058765427053,15.273258146904894
C:\MyProjects\Project-Proposal\PrivateCoach\Project-EchoesofEquity\data/wav\2016_byf_n19.wav,C:\MyProjects\Project-Proposal\PrivateCoach\Project-EchoesofEquity\data/melspec\2016_byf_n19.npy,2016,black,younger,female,neutral,19,,2.1761875,162.40957947079679,9.319733804331896,17.371635295751723,0.02219029525415539,17.371635295751723
C:\MyProjects\Project-Proposal\PrivateCoach\Project-EchoesofEquity\data/wav\2016_byf_n20.wav,C:\MyProjects\Project-Proposal\PrivateCoach\Project-EchoesofEquity\data/melspec\2016_byf_n20.npy,2016,black,younger,female,neutral,20,,1.9007083333333334,168.39996256439727,62.36140203473785,14.950876075639252,0.02132752558531498,14.950876075639252
C:\MyProjects\Project-Proposal\PrivateCoach\Project-EchoesofEquity\data/wav\2016_byf_t01c.wav,C:\MyProjects\Project-Proposal\PrivateCoach\Project-EchoesofEquity\data/melspec\2016_byf_t01c.npy,2016,black,younger,female,trustworthy,1,c,1.494,181.71235127818036,28.977464201128203,15.222502962499206,0.019062171080100457,15.222502962499206
C:\MyProjects\Project-Proposal\PrivateCoach\Project-EchoesofEquity\data/wav\2016_byf_t02c.wav,C:\MyProjects\Project-Proposal\PrivateCoach\Project-EchoesofEquity\data/melspec\2016_byf_t02c.npy,2016,black,younger,female,trustworthy,2,c,1.6080833333333333,209.3444033030069,77.30556358567033,16.492033612155247,0.018594285972740335,16.492033612155247
C:\MyProjects\Project-Proposal\PrivateCoach\Project-EchoesofEquity\data/wav\2016_byf_t17.wav,C:\MyProjects\Project-Proposal\PrivateCoach\Project-EchoesofEquity\data/melspec\2016_byf_t17.npy,2016,black,younger,female,trustworthy,17,,1.3047916666666666,216.32581258165737,78.23409150319566,14.851248456842324,0.019892656430741718,14.851248456842324
C:\MyProjects\Project-Proposal\PrivateCoach\Project-EchoesofEquity\data/wav\2016_byf_t18.wav,C:\MyProjects\Project-Proposal\PrivateCoach\Project-EchoesofEquity\data/melspec\2016_byf_t18.npy,2016,black,younger,female,trustworthy,18,,1.7443125,185.33175103779286,25.71459048519598,16.191738364222132,0.013338984842642516,16.191738364222132
C:\MyProjects\Project-Proposal\PrivateCoach\Project-EchoesofEquity\data/wav\2016_byf_t19c.wav,C:\MyProjects\Project-Proposal\PrivateCoach\Project-EchoesofEquity\data/melspec\2016_byf_t19c.npy,2016,black,younger,female,trustworthy,19,c,2.1518125,237.46691648441737,68.27717669109872,17.663308896907523,0.01890920526785609,17.663308896907523
C:\MyProjects\Project-Proposal\PrivateCoach\Project-EchoesofEquity\data/wav\2016_byf_t20.wav,C:\MyProjects\Project-Proposal\PrivateCoach\Project-EchoesofEquity\data/melspec\2016_byf_t20.npy,2016,black,younger,female,trustworthy,20,,1.9078958333333333,239.28841646939958,81.00660754529041,16.109438436351212,0.017338276273398377,16.109438436351212
C:\MyProjects\Project-Proposal\PrivateCoach\Project-EchoesofEquity\data/wav\2017_aof_n03.wav,C:\MyProjects\Project-Proposal\PrivateCoach\Project-EchoesofEquity\data/melspec\2017_aof_n03.npy,2017,south_asian,older,female,neutral,3,,1.9218333333333333,185.8424180571532,32.23360745071295,14.236888716275512,0.022135339644274495,14.236888716275512
C:\MyProjects\Project-Proposal\PrivateCoach\Project-EchoesofEquity\data/wav\2017_aof_n04.wav,C:\MyProjects\Project-Proposal\PrivateCoach\Project-EchoesofEquity\data/melspec\2017_aof_n04.npy,2017,south_asian,older,female,neutral,4,,1.2833333333333334,174.0955712263601,27.881569791910128,15.211052947536075,0.023250911779171247,15.211052947536075
C:\MyProjects\Project-Proposal\PrivateCoach\Project-EchoesofEquity\data/wav\2017_aof_n05.wav,C:\MyProjects\Project-Proposal\PrivateCoach\Project-EchoesofEquity\data/melspec\2017_aof_n05.npy,2017,south_asian,older,female,neutral,5,,1.4748541666666666,175.70926288516003,52.64646021389749,12.815590862596952,0.02695739068359444,12.815590862596952
C:\MyProjects\Project-Proposal\PrivateCoach\Project-EchoesofEquity\data/wav\2017_aof_n06.wav,C:\MyProjects\Project-Proposal\PrivateCoach\Project-EchoesofEquity\data/melspec\2017_aof_n06.npy,2017,south_asian,older,female,neutral,6,,1.4825625,169.01247422428395,11.50788509631223,17.652682298358314,0.018670889111292034,17.652682298358314
C:\MyProjects\Project-Proposal\PrivateCoach\Project-EchoesofEquity\data/wav\2017_aof_n07.wav,C:\MyProjects\Project-Proposal\PrivateCoach\Project-EchoesofEquity\data/melspec\2017_aof_n07.npy,2017,south_asian,older,female,neutral,7,,1.446625,189.84889690033174,48.06169404098649,16.597432186131147,0.016889915719870984,16.597432186131147
C:\MyProjects\Project-Proposal\PrivateCoach\Project-EchoesofEquity\data/wav\2017_aof_n08.wav,C:\MyProjects\Project-Proposal\PrivateCoach\Project-EchoesofEquity\data/melspec\2017_aof_n08.npy,2017,south_asian,older,female,neutral,8,,1.7906875,195.956192635602,56.65644650223542,14.202251515944951,0.021266657423412726,14.202251515944951
C:\MyProjects\Project-Proposal\PrivateCoach\Project-EchoesofEquity\data/wav\2017_aof_t03.wav,C:\MyProjects\Project-Proposal\PrivateCoach\Project-EchoesofEquity\data/melspec\2017_aof_t03.npy,2017,south_asian,older,female,trustworthy,3,,2.0652083333333335,199.11483749510379,35.32782225039752,14.916845952173404,0.021703299686012097,14.916845952173404
C:\MyProjects\Project-Proposal\PrivateCoach\Project-EchoesofEquity\data/wav\2017_aof_t04.wav,C:\MyProjects\Project-Proposal\PrivateCoach\Project-EchoesofEquity\data/melspec\2017_aof_t04.npy,2017,south_asian,older,female,trustworthy,4,,1.0375208333333332,205.55565046644145,67.03507733219406,13.760350700006198,0.02504295028641064,13.760350700006198
C:\MyProjects\Project-Proposal\PrivateCoach\Project-EchoesofEquity\data/wav\2017_aof_t05.wav,C:\MyProjects\Project-Proposal\PrivateCoach\Project-EchoesofEquity\data/melspec\2017_aof_t05.npy,2017,south_asian,older,female,trustworthy,5,,1.5813125,169.58194524071166,49.89325843608889,8.422830566456767,0.04443710951624224,8.422830566456767
C:\MyProjects\Project-Proposal\PrivateCoach\Project-EchoesofEquity\data/wav\2017_aof_t06.wav,C:\MyProjects\Project-Proposal\PrivateCoach\Project-EchoesofEquity\data/melspec\2017_aof_t06.npy,2017,south_asian,older,female,trustworthy,6,,1.2916458333333334,190.3981886085166,63.33618113591748,13.905644792241372,0.03274263628730428,13.905644792241372
C:\MyProjects\Project-Proposal\PrivateCoach\Project-EchoesofEquity\data/wav\2017_aof_t07.wav,C:\MyProjects\Project-Proposal\PrivateCoach\Project-EchoesofEquity\data/melspec\2017_aof_t07.npy,2017,south_asian,older,female,trustworthy,7,,1.4627083333333333,189.4304255885212,53.714222619168034,14.040582643353144,0.033084286558552535,14.040582643353144
C:\MyProjects\Project-Proposal\PrivateCoach\Project-EchoesofEquity\data/wav\2017_aof_t08.wav,C:\MyProjects\Project-Proposal\PrivateCoach\Project-EchoesofEquity\data/melspec\2017_aof_t08.npy,2017,south_asian,older,female,trustworthy,8,,1.2372708333333333,222.8299267025588,67.98416303831138,13.231171662397388,0.028922228183062188,13.231171662397388
C:\MyProjects\Project-Proposal\PrivateCoach\Project-EchoesofEquity\data/wav\2019_ayf_n07.wav,C:\MyProjects\Project-Proposal\PrivateCoach\Project-EchoesofEquity\data/melspec\2019_ayf_n07.npy,2019,south_asian,younger,female,neutral,7,,1.4246875,170.1104649225031,37.96078734466984,19.0173881010633,0.018021512555365694,19.0173881010633
C:\MyProjects\Project-Proposal\PrivateCoach\Project-EchoesofEquity\data/wav\2019_ayf_n08c.wav,C:\MyProjects\Project-Proposal\PrivateCoach\Project-EchoesofEquity\data/melspec\2019_ayf_n08c.npy,2019,south_asian,younger,female,neutral,8,c,1.4058125,152.0743434130578,14.827465332309883,14.069133316713183,0.022670826769271894,14.069133316713183
C:\MyProjects\Project-Proposal\PrivateCoach\Project-EchoesofEquity\data/wav\2019_ayf_n09c.wav,C:\MyProjects\Project-Proposal\PrivateCoach\Project-EchoesofEquity\data/melspec\2019_ayf_n09c.npy,2019,south_asian,younger,female,neutral,9,c,1.4112083333333334,158.97663404019,78.45545275467222,12.82421345248653,0.033575122482520675,12.82421345248653
C:\MyProjects\Project-Proposal\PrivateCoach\Project-EchoesofEquity\data/wav\2019_ayf_n10.wav,C:\MyProjects\Project-Proposal\PrivateCoach\Project-EchoesofEquity\data/melspec\2019_ayf_n10.npy,2019,south_asian,younger,female,neutral,10,,1.4519375,164.41162173051845,21.790749612290213,10.926126056658989,0.0300865039573347,10.926126056658989
C:\MyProjects\Project-Proposal\PrivateCoach\Project-EchoesofEquity\data/wav\2019_ayf_n11.wav,C:\MyProjects\Project-Proposal\PrivateCoach\Project-EchoesofEquity\data/melspec\2019_ayf_n11.npy,2019,south_asian,younger,female,neutral,11,,1.38175,160.08716307169718,15.67898925663526,16.259795714342097,0.02559444635736124,16.259795714342097
C:\MyProjects\Project-Proposal\PrivateCoach\Project-EchoesofEquity\data/wav\2019_ayf_n12c.wav,C:\MyProjects\Project-Proposal\PrivateCoach\Project-EchoesofEquity\data/melspec\2019_ayf_n12c.npy,2019,south_asian,younger,female,neutral,12,c,1.4638958333333334,154.29741265114004,19.789861490011212,16.655896109997474,0.01792131405658013,16.655896109997474
C:\MyProjects\Project-Proposal\PrivateCoach\Project-EchoesofEquity\data/wav\2019_ayf_t07c.wav,C:\MyProjects\Project-Proposal\PrivateCoach\Project-EchoesofEquity\data/melspec\2019_ayf_t07c.npy,2019,south_asian,younger,female,trustworthy,7,c,1.582125,205.56549319576183,45.13059845845157,18.864777129175966,0.02542276047175524,18.864777129175966
C:\MyProjects\Project-Proposal\PrivateCoach\Project-EchoesofEquity\data/wav\2019_ayf_t08c.wav,C:\MyProjects\Project-Proposal\PrivateCoach\Project-EchoesofEquity\data/melspec\2019_ayf_t08c.npy,2019,south_asian,younger,female,trustworthy,8,c,1.5484375,165.14376183130102,18.243928937024744,16.956232398478953,0.014209782401264609,16.956232398478953
C:\MyProjects\Project-Proposal\PrivateCoach\Project-EchoesofEquity\data/wav\2019_ayf_t09.wav,C:\MyProjects\Project-Proposal\PrivateCoach\Project-EchoesofEquity\data/melspec\2019_ayf_t09.npy,2019,south_asian,younger,female,trustworthy,9,,1.2670625,189.54354492444148,80.81804712127737,12.158016161380269,0.029362080186332414,12.158016161380269
C:\MyProjects\Project-Proposal\PrivateCoach\Project-EchoesofEquity\data/wav\2019_ayf_t10.wav,C:\MyProjects\Project-Proposal\PrivateCoach\Project-EchoesofEquity\data/melspec\2019_ayf_t10.npy,2019,south_asian,younger,female,trustworthy,10,,1.6045833333333333,175.74372153041557,22.01031741072105,13.378719331740623,0.028442260856381664,13.378719331740623
C:\MyProjects\Project-Proposal\PrivateCoach\Project-EchoesofEquity\data/wav\2019_ayf_t11.wav,C:\MyProjects\Project-Proposal\PrivateCoach\Project-EchoesofEquity\data/melspec\2019_ayf_t11.npy,2019,south_asian,younger,female,trustworthy,11,,1.4119375,191.54427866112601,40.16874405784899,15.596074483439924,0.02226894399932549,15.596074483439924
C:\MyProjects\Project-Proposal\PrivateCoach\Project-EchoesofEquity\data/wav\2019_ayf_t12c.wav,C:\MyProjects\Project-Proposal\PrivateCoach\Project-EchoesofEquity\data/melspec\2019_ayf_t12c.npy,2019,south_asian,younger,female,trustworthy,12,c,1.3739375,185.37146097539707,49.33177592981692,14.131681985540125,0.029093671317428724,14.131681985540125
C:\MyProjects\Project-Proposal\PrivateCoach\Project-EchoesofEquity\data/wav\2023_ayf_n11.wav,C:\MyProjects\Project-Proposal\PrivateCoach\Project-EchoesofEquity\data/melspec\2023_ayf_n11.npy,2023,south_asian,younger,female,neutral,11,,1.8436041666666667,156.56182035170096,20.86809219279941,10.9163664710437,0.016161850410929764,10.9163664710437
C:\MyProjects\Project-Proposal\PrivateCoach\Project-EchoesofEquity\data/wav\2023_ayf_n12.wav,C:\MyProjects\Project-Proposal\PrivateCoach\Project-EchoesofEquity\data/melspec\2023_ayf_n12.npy,2023,south_asian,younger,female,neutral,12,,1.4566875,169.497254021148,68.53424024782007,11.189426048949963,0.024019564845575485,11.189426048949963
C:\MyProjects\Project-Proposal\PrivateCoach\Project-EchoesofEquity\data/wav\2023_ayf_n13.wav,C:\MyProjects\Project-Proposal\PrivateCoach\Project-EchoesofEquity\data/melspec\2023_ayf_n13.npy,2023,south_asian,younger,female,neutral,13,,1.2626041666666667,191.0893294216867,99.09355578743772,10.302364274482631,0.020444938704918102,10.302364274482631
C:\MyProjects\Project-Proposal\PrivateCoach\Project-EchoesofEquity\data/wav\2023_ayf_n14c.wav,C:\MyProjects\Project-Proposal\PrivateCoach\Project-EchoesofEquity\data/melspec\2023_ayf_n14c.npy,2023,south_asian,younger,female,neutral,14,c,1.3047916666666666,186.42669259426114,99.74490394424926,12.749818834095363,0.020110387730727305,12.749818834095363
C:\MyProjects\Project-Proposal\PrivateCoach\Project-EchoesofEquity\data/wav\2023_ayf_n15.wav,C:\MyProjects\Project-Proposal\PrivateCoach\Project-EchoesofEquity\data/melspec\2023_ayf_n15.npy,2023,south_asian,younger,female,neutral,15,,1.3389375,224.37956276737506,145.15463422725725,9.630870889048428,0.01962979037092056,9.630870889048428
C:\MyProjects\Project-Proposal\PrivateCoach\Project-EchoesofEquity\data/wav\2023_ayf_n16c.wav,C:\MyProjects\Project-Proposal\PrivateCoach\Project-EchoesofEquity\data/melspec\2023_ayf_n16c.npy,2023,south_asian,younger,female,neutral,16,c,1.428125,198.07607501469715,140.0771729517226,7.344195656125249,0.0491795353027101,7.344195656125249
C:\MyProjects\Project-Proposal\PrivateCoach\Project-EchoesofEquity\data/wav\2023_ayf_t11c.wav,C:\MyProjects\Project-Proposal\PrivateCoach\Project-EchoesofEquity\data/melspec\2023_ayf_t11c.npy,2023,south_asian,younger,female,trustworthy,11,c,1.8234166666666667,176.64330177597532,34.91434941411107,13.412492473369594,0.016876141795880747,13.412492473369594
C:\MyProjects\Project-Proposal\PrivateCoach\Project-EchoesofEquity\data/wav\2023_ayf_t12c.wav,C:\MyProjects\Project-Proposal\PrivateCoach\Project-EchoesofEquity\data/melspec\2023_ayf_t12c.npy,2023,south_asian,younger,female,trustworthy,12,c,1.3743125,144.25060174204555,19.428255867012194,10.397960497734276,0.01889244871814651,10.397960497734276
C:\MyProjects\Project-Proposal\PrivateCoach\Project-EchoesofEquity\data/wav\2023_ayf_t13c.wav,C:\MyProjects\Project-Proposal\PrivateCoach\Project-EchoesofEquity\data/melspec\2023_ayf_t13c.npy,2023,south_asian,younger,female,trustworthy,13,c,1.2469791666666667,200.9368428977279,80.70729526834542,10.47641357146644,0.02420655949147536,10.47641357146644
C:\MyProjects\Project-Proposal\PrivateCoach\Project-EchoesofEquity\data/wav\2023_ayf_t14.wav,C:\MyProjects\Project-Proposal\PrivateCoach\Project-EchoesofEquity\data/melspec\2023_ayf_t14.npy,2023,south_asian,younger,female,trustworthy,14,,1.2713333333333334,207.29854006915357,69.81312154983316,10.64227125082584,0.022196064806673573,10.64227125082584
C:\MyProjects\Project-Proposal\PrivateCoach\Project-EchoesofEquity\data/wav\2023_ayf_t15.wav,C:\MyProjects\Project-Proposal\PrivateCoach\Project-EchoesofEquity\data/melspec\2023_ayf_t15.npy,2023,south_asian,younger,female,trustworthy,15,,1.3333541666666666,220.2753114437262,117.33316377388172,8.962110004195317,0.03718317796049232,8.962110004195317
C:\MyProjects\Project-Proposal\PrivateCoach\Project-EchoesofEquity\data/wav\2023_ayf_t16.wav,C:\MyProjects\Project-Proposal\PrivateCoach\Project-EchoesofEquity\data/melspec\2023_ayf_t16.npy,2023,south_asian,younger,female,trustworthy,16,,1.1735208333333333,234.1521264158798,49.08329507576975,11.34319254979739,0.02638085228080046,11.34319254979739
C:\MyProjects\Project-Proposal\PrivateCoach\Project-EchoesofEquity\data/wav\2024_bym_n01.wav,C:\MyProjects\Project-Proposal\PrivateCoach\Project-EchoesofEquity\data/melspec\2024_bym_n01.npy,2024,black,younger,male,neutral,1,,2.046333333333333,134.98949233622497,44.97967201917255,9.36213715658545,0.03495131153002505,9.36213715658545
C:\MyProjects\Project-Proposal\PrivateCoach\Project-EchoesofEquity\data/wav\2024_bym_n02.wav,C:\MyProjects\Project-Proposal\PrivateCoach\Project-EchoesofEquity\data/melspec\2024_bym_n02.npy,2024,black,younger,male,neutral,2,,1.7860833333333332,132.41781552864592,44.82181734972944,14.58729992987482,0.015072674646357222,14.58729992987482
C:\MyProjects\Project-Proposal\PrivateCoach\Project-EchoesofEquity\data/wav\2024_bym_n17.wav,C:\MyProjects\Project-Proposal\PrivateCoach\Project-EchoesofEquity\data/melspec\2024_bym_n17.npy,2024,black,younger,male,neutral,17,,1.7864583333333333,167.04934403620922,138.1607550077873,7.980905149663336,0.03576102241634162,7.980905149663336
C:\MyProjects\Project-Proposal\PrivateCoach\Project-EchoesofEquity\data/wav\2024_bym_n18.wav,C:\MyProjects\Project-Proposal\PrivateCoach\Project-EchoesofEquity\data/melspec\2024_bym_n18.npy,2024,black,younger,male,neutral,18,,1.9748541666666666,127.81447373657247,50.50864372425902,10.501657388593362,0.028768872419599214,10.501657388593362
C:\MyProjects\Project-Proposal\PrivateCoach\Project-EchoesofEquity\data/wav\2024_bym_n19.wav,C:\MyProjects\Project-Proposal\PrivateCoach\Project-EchoesofEquity\data/melspec\2024_bym_n19.npy,2024,black,younger,male,neutral,19,,2.237979166666667,124.87162457892445,11.984772056726829,10.447163182246287,0.03734256606308388,10.447163182246287
C:\MyProjects\Project-Proposal\PrivateCoach\Project-EchoesofEquity\data/wav\2024_bym_n20.wav,C:\MyProjects\Project-Proposal\PrivateCoach\Project-EchoesofEquity\data/melspec\2024_bym_n20.npy,2024,black,younger,male,neutral,20,,2.5870208333333333,129.25796417792952,32.2817505610364,15.47063336310023,0.022598237105352154,15.47063336310023
C:\MyProjects\Project-Proposal\PrivateCoach\Project-EchoesofEquity\data/wav\2024_bym_t01.wav,C:\MyProjects\Project-Proposal\PrivateCoach\Project-EchoesofEquity\data/melspec\2024_bym_t01.npy,2024,black,younger,male,trustworthy,1,,1.4938541666666667,143.9790993363349,39.34781086797409,11.535907644176605,0.0272547726446999,11.535907644176605
C:\MyProjects\Project-Proposal\PrivateCoach\Project-EchoesofEquity\data/wav\2024_bym_t02.wav,C:\MyProjects\Project-Proposal\PrivateCoach\Project-EchoesofEquity\data/melspec\2024_bym_t02.npy,2024,black,younger,male,trustworthy,2,,1.5143958333333334,131.41333585009147,64.77827702438823,12.056147109003469,0.0262623172863401,12.056147109003469
C:\MyProjects\Project-Proposal\PrivateCoach\Project-EchoesofEquity\data/wav\2024_bym_t17.wav,C:\MyProjects\Project-Proposal\PrivateCoach\Project-EchoesofEquity\data/melspec\2024_bym_t17.npy,2024,black,younger,male,trustworthy,17,,2.0460625,142.42785444696557,20.97415903825466,16.21046520463792,0.018321342107975657,16.21046520463792
C:\MyProjects\Project-Proposal\PrivateCoach\Project-EchoesofEquity\data/wav\2024_bym_t18.wav,C:\MyProjects\Project-Proposal\PrivateCoach\Project-EchoesofEquity\data/melspec\2024_bym_t18.npy,2024,black,younger,male,trustworthy,18,,2.373104166666667,135.80351584063087,34.214577748041634,15.233268513227417,0.023391641713497304,15.233268513227417
C:\MyProjects\Project-Proposal\PrivateCoach\Project-EchoesofEquity\data/wav\2024_bym_t19.wav,C:\MyProjects\Project-Proposal\PrivateCoach\Project-EchoesofEquity\data/melspec\2024_bym_t19.npy,2024,black,younger,male,trustworthy,19,,2.2004791666666668,148.54663885842433,89.32018139507709,9.354286979471237,0.03647729790009495,9.354286979471237
C:\MyProjects\Project-Proposal\PrivateCoach\Project-EchoesofEquity\data/wav\2024_bym_t20.wav,C:\MyProjects\Project-Proposal\PrivateCoach\Project-EchoesofEquity\data/melspec\2024_bym_t20.npy,2024,black,younger,male,trustworthy,20,,1.8445416666666667,143.84786329700214,77.13154819475004,15.211474567315857,0.019272537244618065,15.211474567315857
C:\MyProjects\Project-Proposal\PrivateCoach\Project-EchoesofEquity\data/wav\2025_aym_n13c.wav,C:\MyProjects\Project-Proposal\PrivateCoach\Project-EchoesofEquity\data/melspec\2025_aym_n13c.npy,2025,south_asian,younger,male,neutral,13,c,1.433125,123.40804055664844,110.71905787197592,10.209405598643869,0.02562588525397909,10.209405598643869
C:\MyProjects\Project-Proposal\PrivateCoach\Project-EchoesofEquity\data/wav\2025_aym_n14c.wav,C:\MyProjects\Project-Proposal\PrivateCoach\Project-EchoesofEquity\data/melspec\2025_aym_n14c.npy,2025,south_asian,younger,male,neutral,14,c,1.4173333333333333,151.68908331524557,138.285029425007,8.975251942221593,0.02514727940354876,8.975251942221593
C:\MyProjects\Project-Proposal\PrivateCoach\Project-EchoesofEquity\data/wav\2025_aym_n15.wav,C:\MyProjects\Project-Proposal\PrivateCoach\Project-EchoesofEquity\data/melspec\2025_aym_n15.npy,2025,south_asian,younger,male,neutral,15,,1.173375,161.7091584097089,147.41118501349,8.972533139093176,0.0291102357128298,8.972533139093176
C:\MyProjects\Project-Proposal\PrivateCoach\Project-EchoesofEquity\data/wav\2025_aym_n16c.wav,C:\MyProjects\Project-Proposal\PrivateCoach\Project-EchoesofEquity\data/melspec\2025_aym_n16c.npy,2025,south_asian,younger,male,neutral,16,c,1.2529166666666667,125.72119427175463,92.6226944614444,7.709800057423411,0.044435915661029925,7.709800057423411
C:\MyProjects\Project-Proposal\PrivateCoach\Project-EchoesofEquity\data/wav\2025_aym_n17.wav,C:\MyProjects\Project-Proposal\PrivateCoach\Project-EchoesofEquity\data/melspec\2025_aym_n17.npy,2025,south_asian,younger,male,neutral,17,,1.343875,151.19604024257336,139.56537485871814,8.949279982251815,0.0245900039871812,8.949279982251815
C:\MyProjects\Project-Proposal\PrivateCoach\Project-EchoesofEquity\data/wav\2025_aym_n18.wav,C:\MyProjects\Project-Proposal\PrivateCoach\Project-EchoesofEquity\data/melspec\2025_aym_n18.npy,2025,south_asian,younger,male,neutral,18,,1.3017708333333333,183.52267352546906,176.27140129247928,8.10548790894262,0.029431826933936683,8.10548790894262
C:\MyProjects\Project-Proposal\PrivateCoach\Project-EchoesofEquity\data/wav\2025_aym_t13.wav,C:\MyProjects\Project-Proposal\PrivateCoach\Project-EchoesofEquity\data/melspec\2025_aym_t13.npy,2025,south_asian,younger,male,trustworthy,13,,1.2587708333333334,141.21265957554627,95.26901209089654,12.905906423602714,0.026701234426352007,12.905906423602714
C:\MyProjects\Project-Proposal\PrivateCoach\Project-EchoesofEquity\data/wav\2025_aym_t14c.wav,C:\MyProjects\Project-Proposal\PrivateCoach\Project-EchoesofEquity\data/melspec\2025_aym_t14c.npy,2025,south_asian,younger,male,trustworthy,14,c,1.1836875,144.24251698297576,17.425334064417978,11.519384656911472,0.022426030090721454,11.519384656911472
C:\MyProjects\Project-Proposal\PrivateCoach\Project-EchoesofEquity\data/wav\2025_aym_t15.wav,C:\MyProjects\Project-Proposal\PrivateCoach\Project-EchoesofEquity\data/melspec\2025_aym_t15.npy,2025,south_asian,younger,male,trustworthy,15,,1.3339791666666667,202.99890517836175,151.76682390962208,6.462548696192082,0.055278896038300905,6.462548696192082
C:\MyProjects\Project-Proposal\PrivateCoach\Project-EchoesofEquity\data/wav\2025_aym_t16.wav,C:\MyProjects\Project-Proposal\PrivateCoach\Project-EchoesofEquity\data/melspec\2025_aym_t16.npy,2025,south_asian,younger,male,trustworthy,16,,1.2894583333333334,225.39627168331032,120.45655850580441,10.512516976478667,0.03307581308632372,10.512516976478667
C:\MyProjects\Project-Proposal\PrivateCoach\Project-EchoesofEquity\data/wav\2025_aym_t17.wav,C:\MyProjects\Project-Proposal\PrivateCoach\Project-EchoesofEquity\data/melspec\2025_aym_t17.npy,2025,south_asian,younger,male,trustworthy,17,,1.2142083333333333,151.6305379149615,76.98573469271008,10.200253050933622,0.033277384533758066,10.200253050933622
C:\MyProjects\Project-Proposal\PrivateCoach\Project-EchoesofEquity\data/wav\2025_aym_t18.wav,C:\MyProjects\Project-Proposal\PrivateCoach\Project-EchoesofEquity\data/melspec\2025_aym_t18.npy,2025,south_asian,younger,male,trustworthy,18,,1.3649375,120.04133276614748,96.79388352443368,8.473839401083655,0.04584811556848318,8.473839401083655
C:\MyProjects\Project-Proposal\PrivateCoach\Project-EchoesofEquity\data/wav\2026_ayf_n13.wav,C:\MyProjects\Project-Proposal\PrivateCoach\Project-EchoesofEquity\data/melspec\2026_ayf_n13.npy,2026,south_asian,younger,female,neutral,13,,1.6479375,200.4528525494234,34.8410700422024,15.289455012836038,0.029011212604070653,15.289455012836038
C:\MyProjects\Project-Proposal\PrivateCoach\Project-EchoesofEquity\data/wav\2026_ayf_n14.wav,C:\MyProjects\Project-Proposal\PrivateCoach\Project-EchoesofEquity\data/melspec\2026_ayf_n14.npy,2026,south_asian,younger,female,neutral,14,,2.082625,222.8639957697081,75.82957116242223,15.042477238797682,0.011393645962511786,15.042477238797682
C:\MyProjects\Project-Proposal\PrivateCoach\Project-EchoesofEquity\data/wav\2026_ayf_n15.wav,C:\MyProjects\Project-Proposal\PrivateCoach\Project-EchoesofEquity\data/melspec\2026_ayf_n15.npy,2026,south_asian,younger,female,neutral,15,,1.7304375,194.0841387493479,39.355989803139984,15.388240024184539,0.018720498775960125,15.388240024184539
C:\MyProjects\Project-Proposal\PrivateCoach\Project-EchoesofEquity\data/wav\2026_ayf_n16c.wav,C:\MyProjects\Project-Proposal\PrivateCoach\Project-EchoesofEquity\data/melspec\2026_ayf_n16c.npy,2026,south_asian,younger,female,neutral,16,c,1.7716458333333334,189.89350372892508,41.129251459531474,9.373436620305094,0.025348038269750198,9.373436620305094
C:\MyProjects\Project-Proposal\PrivateCoach\Project-EchoesofEquity\data/wav\2026_ayf_n17c.wav,C:\MyProjects\Project-Proposal\PrivateCoach\Project-EchoesofEquity\data/melspec\2026_ayf_n17c.npy,2026,south_asian,younger,female,neutral,17,c,1.5656875,197.6261408043372,49.33810614730676,13.229472720895838,0.022892918100782846,13.229472720895838
C:\MyProjects\Project-Proposal\PrivateCoach\Project-EchoesofEquity\data/wav\2026_ayf_n18c.wav,C:\MyProjects\Project-Proposal\PrivateCoach\Project-EchoesofEquity\data/melspec\2026_ayf_n18c.npy,2026,south_asian,younger,female,neutral,18,c,1.7545,169.57034547974442,75.44651311816125,8.798598842838247,0.024359827850272433,8.798598842838247
C:\MyProjects\Project-Proposal\PrivateCoach\Project-EchoesofEquity\data/wav\2026_ayf_t13c.wav,C:\MyProjects\Project-Proposal\PrivateCoach\Project-EchoesofEquity\data/melspec\2026_ayf_t13c.npy,2026,south_asian,younger,female,trustworthy,13,c,1.3919375,209.89314607947313,57.95280132754639,14.011630561625056,0.025552150543084125,14.011630561625056
C:\MyProjects\Project-Proposal\PrivateCoach\Project-EchoesofEquity\data/wav\2026_ayf_t14.wav,C:\MyProjects\Project-Proposal\PrivateCoach\Project-EchoesofEquity\data/melspec\2026_ayf_t14.npy,2026,south_asian,younger,female,trustworthy,14,,1.3404375,190.96807820686215,65.84321395464173,8.835922539956538,0.028762315282909925,8.835922539956538
C:\MyProjects\Project-Proposal\PrivateCoach\Project-EchoesofEquity\data/wav\2026_ayf_t15c.wav,C:\MyProjects\Project-Proposal\PrivateCoach\Project-EchoesofEquity\data/melspec\2026_ayf_t15c.npy,2026,south_asian,younger,female,trustworthy,15,c,1.0753541666666666,231.64979922356142,66.64260434317573,10.673030891936595,0.024823726521283593,10.673030891936595
C:\MyProjects\Project-Proposal\PrivateCoach\Project-EchoesofEquity\data/wav\2026_ayf_t16.wav,C:\MyProjects\Project-Proposal\PrivateCoach\Project-EchoesofEquity\data/melspec\2026_ayf_t16.npy,2026,south_asian,younger,female,trustworthy,16,,1.7931458333333334,275.57387899085285,57.98153855421449,13.425638592568164,0.026500941998346985,13.425638592568164
C:\MyProjects\Project-Proposal\PrivateCoach\Project-EchoesofEquity\data/wav\2026_ayf_t17c.wav,C:\MyProjects\Project-Proposal\PrivateCoach\Project-EchoesofEquity\data/melspec\2026_ayf_t17c.npy,2026,south_asian,younger,female,trustworthy,17,c,1.3302708333333333,193.15118479307213,71.72251634039641,14.615805347021276,0.017370589785826007,14.615805347021276
C:\MyProjects\Project-Proposal\PrivateCoach\Project-EchoesofEquity\data/wav\2026_ayf_t18c.wav,C:\MyProjects\Project-Proposal\PrivateCoach\Project-EchoesofEquity\data/melspec\2026_ayf_t18c.npy,2026,south_asian,younger,female,trustworthy,18,c,1.503125,225.5640206085582,78.08120658334767,10.367702532238425,0.03226087610047307,10.367702532238425
C:\MyProjects\Project-Proposal\PrivateCoach\Project-EchoesofEquity\data/wav\2029_ayf_n15.wav,C:\MyProjects\Project-Proposal\PrivateCoach\Project-EchoesofEquity\data/melspec\2029_ayf_n15.npy,2029,south_asian,younger,female,neutral,15,,1.1116666666666666,181.63798058431658,34.06092812704635,12.713926587744478,0.03070960644577585,12.713926587744478
C:\MyProjects\Project-Proposal\PrivateCoach\Project-EchoesofEquity\data/wav\2029_ayf_n16.wav,C:\MyProjects\Project-Proposal\PrivateCoach\Project-EchoesofEquity\data/melspec\2029_ayf_n16.npy,2029,south_asian,younger,female,neutral,16,,1.2129375,164.97775999785316,26.921286185419113,10.69520406922393,0.028331950711428126,10.69520406922393
C:\MyProjects\Project-Proposal\PrivateCoach\Project-EchoesofEquity\data/wav\2029_ayf_n17.wav,C:\MyProjects\Project-Proposal\PrivateCoach\Project-EchoesofEquity\data/melspec\2029_ayf_n17.npy,2029,south_asian,younger,female,neutral,17,,1.396875,171.03763246012804,28.461929702879083,10.876573574698307,0.030123911643009826,10.876573574698307
C:\MyProjects\Project-Proposal\PrivateCoach\Project-EchoesofEquity\data/wav\2029_ayf_n18.wav,C:\MyProjects\Project-Proposal\PrivateCoach\Project-EchoesofEquity\data/melspec\2029_ayf_n18.npy,2029,south_asian,younger,female,neutral,18,,1.4975833333333333,168.5335146578464,32.45349149137825,9.874769834128923,0.04595363831940592,9.874769834128923
C:\MyProjects\Project-Proposal\PrivateCoach\Project-EchoesofEquity\data/wav\2029_ayf_n19.wav,C:\MyProjects\Project-Proposal\PrivateCoach\Project-EchoesofEquity\data/melspec\2029_ayf_n19.npy,2029,south_asian,younger,female,neutral,19,,1.4510625,177.8427635887134,76.35403829135812,12.261753741779234,0.03183543027236497,12.261753741779234
C:\MyProjects\Project-Proposal\PrivateCoach\Project-EchoesofEquity\data/wav\2029_ayf_n20.wav,C:\MyProjects\Project-Proposal\PrivateCoach\Project-EchoesofEquity\data/melspec\2029_ayf_n20.npy,2029,south_asian,younger,female,neutral,20,,1.5714166666666667,177.0578504610111,66.34897835427722,11.14382055748653,0.02776083012472424,11.14382055748653
C:\MyProjects\Project-Proposal\PrivateCoach\Project-EchoesofEquity\data/wav\2029_ayf_t15.wav,C:\MyProjects\Project-Proposal\PrivateCoach\Project-EchoesofEquity\data/melspec\2029_ayf_t15.npy,2029,south_asian,younger,female,trustworthy,15,,1.0681875,214.43486241663842,45.9698070778649,13.914662539188678,0.028970345677870178,13.914662539188678
C:\MyProjects\Project-Proposal\PrivateCoach\Project-EchoesofEquity\data/wav\2029_ayf_t16.wav,C:\MyProjects\Project-Proposal\PrivateCoach\Project-EchoesofEquity\data/melspec\2029_ayf_t16.npy,2029,south_asian,younger,female,trustworthy,16,,1.2805208333333333,192.4783032151067,39.08687648645576,10.70954716741207,0.03609833803617337,10.70954716741207
C:\MyProjects\Project-Proposal\PrivateCoach\Project-EchoesofEquity\data/wav\2029_ayf_t17.wav,C:\MyProjects\Project-Proposal\PrivateCoach\Project-EchoesofEquity\data/melspec\2029_ayf_t17.npy,2029,south_asian,younger,female,trustworthy,17,,1.1815833333333334,216.68028780348314,56.929604432045565,12.578600567412145,0.03779324082956903,12.578600567412145
C:\MyProjects\Project-Proposal\PrivateCoach\Project-EchoesofEquity\data/wav\2029_ayf_t18.wav,C:\MyProjects\Project-Proposal\PrivateCoach\Project-EchoesofEquity\data/melspec\2029_ayf_t18.npy,2029,south_asian,younger,female,trustworthy,18,,1.3753333333333333,200.0925755473516,37.98679021214464,12.430739555093673,0.02771162584632326,12.430739555093673
C:\MyProjects\Project-Proposal\PrivateCoach\Project-EchoesofEquity\data/wav\2029_ayf_t19.wav,C:\MyProjects\Project-Proposal\PrivateCoach\Project-EchoesofEquity\data/melspec\2029_ayf_t19.npy,2029,south_asian,younger,female,trustworthy,19,,1.4833333333333334,239.05010522105135,64.98159360895491,12.168493706103245,0.04071811961342394,12.168493706103245
C:\MyProjects\Project-Proposal\PrivateCoach\Project-EchoesofEquity\data/wav\2029_ayf_t20.wav,C:\MyProjects\Project-Proposal\PrivateCoach\Project-EchoesofEquity\data/melspec\2029_ayf_t20.npy,2029,south_asian,younger,female,trustworthy,20,,1.4457708333333332,194.94483552503465,28.42470205076662,12.17557237954436,0.03334848446724076,12.17557237954436
C:\MyProjects\Project-Proposal\PrivateCoach\Project-EchoesofEquity\data/wav\2030_aym_n15.wav,C:\MyProjects\Project-Proposal\PrivateCoach\Project-EchoesofEquity\data/melspec\2030_aym_n15.npy,2030,south_asian,younger,male,neutral,15,,1.6859583333333332,151.70272154247345,107.48817851168093,13.204704919702683,0.02134694146275306,13.204704919702683
C:\MyProjects\Project-Proposal\PrivateCoach\Project-EchoesofEquity\data/wav\2030_aym_n16c.wav,C:\MyProjects\Project-Proposal\PrivateCoach\Project-EchoesofEquity\data/melspec\2030_aym_n16c.npy,2030,south_asian,younger,male,neutral,16,c,1.5077916666666666,161.37557300407246,122.16217423205434,11.527066216874116,0.03140291041102401,11.527066216874116
C:\MyProjects\Project-Proposal\PrivateCoach\Project-EchoesofEquity\data/wav\2030_aym_n17.wav,C:\MyProjects\Project-Proposal\PrivateCoach\Project-EchoesofEquity\data/melspec\2030_aym_n17.npy,2030,south_asian,younger,male,neutral,17,,1.7935208333333332,149.10725236986463,98.99797394855864,8.602193018357024,0.01926640255695756,8.602193018357024
C:\MyProjects\Project-Proposal\PrivateCoach\Project-EchoesofEquity\data/wav\2030_aym_n18c.wav,C:\MyProjects\Project-Proposal\PrivateCoach\Project-EchoesofEquity\data/melspec\2030_aym_n18c.npy,2030,south_asian,younger,male,neutral,18,c,1.6851458333333333,119.758390933028,3.78472862753174,9.119418010539553,0.03290795982653283,9.119418010539553
C:\MyProjects\Project-Proposal\PrivateCoach\Project-EchoesofEquity\data/wav\2030_aym_n19c.wav,C:\MyProjects\Project-Proposal\PrivateCoach\Project-EchoesofEquity\data/melspec\2030_aym_n19c.npy,2030,south_asian,younger,male,neutral,19,c,1.8985,152.17296530681867,109.77789195136943,9.5741543207216,0.029614218903288997,9.5741543207216
C:\MyProjects\Project-Proposal\PrivateCoach\Project-EchoesofEquity\data/wav\2030_aym_n20c.wav,C:\MyProjects\Project-Proposal\PrivateCoach\Project-EchoesofEquity\data/melspec\2030_aym_n20c.npy,2030,south_asian,younger,male,neutral,20,c,1.7374791666666667,115.8888525232378,18.47056045934473,9.647331393582977,0.02407345484303606,9.647331393582977
C:\MyProjects\Project-Proposal\PrivateCoach\Project-EchoesofEquity\data/wav\2030_aym_t15.wav,C:\MyProjects\Project-Proposal\PrivateCoach\Project-EchoesofEquity\data/melspec\2030_aym_t15.npy,2030,south_asian,younger,male,trustworthy,15,,1.604625,123.25262597930023,12.436365382402776,12.654150828137187,0.02758076536307926,12.654150828137187
C:\MyProjects\Project-Proposal\PrivateCoach\Project-EchoesofEquity\data/wav\2030_aym_t16.wav,C:\MyProjects\Project-Proposal\PrivateCoach\Project-EchoesofEquity\data/melspec\2030_aym_t16.npy,2030,south_asian,younger,male,trustworthy,16,,1.6238541666666666,206.5084304365547,146.6545958614622,8.113064144609037,0.039494910416057946,8.113064144609037
C:\MyProjects\Project-Proposal\PrivateCoach\Project-EchoesofEquity\data/wav\2030_aym_t17.wav,C:\MyProjects\Project-Proposal\PrivateCoach\Project-EchoesofEquity\data/melspec\2030_aym_t17.npy,2030,south_asian,younger,male,trustworthy,17,,1.4306875,151.28600092271932,108.3650328842909,11.561928202207062,0.027433170764291918,11.561928202207062
C:\MyProjects\Project-Proposal\PrivateCoach\Project-EchoesofEquity\data/wav\2030_aym_t18.wav,C:\MyProjects\Project-Proposal\PrivateCoach\Project-EchoesofEquity\data/melspec\2030_aym_t18.npy,2030,south_asian,younger,male,trustworthy,18,,1.6181458333333334,130.7389197732583,13.18464254742627,5.566392802406323,0.03465007882782934,5.566392802406323
C:\MyProjects\Project-Proposal\PrivateCoach\Project-EchoesofEquity\data/wav\2030_aym_t19.wav,C:\MyProjects\Project-Proposal\PrivateCoach\Project-EchoesofEquity\data/melspec\2030_aym_t19.npy,2030,south_asian,younger,male,trustworthy,19,,1.9333541666666667,114.71528160728762,20.043035125728256,10.805940306387294,0.029477769726749193,10.805940306387294
C:\MyProjects\Project-Proposal\PrivateCoach\Project-EchoesofEquity\data/wav\2030_aym_t20c.wav,C:\MyProjects\Project-Proposal\PrivateCoach\Project-EchoesofEquity\data/melspec\2030_aym_t20c.npy,2030,south_asian,younger,male,trustworthy,20,c,1.7778958333333332,125.39831873583334,72.26979787452707,9.31471013579217,0.01893732987097385,9.31471013579217
C:\MyProjects\Project-Proposal\PrivateCoach\Project-EchoesofEquity\data/wav\2034_aym_n01.wav,C:\MyProjects\Project-Proposal\PrivateCoach\Project-EchoesofEquity\data/melspec\2034_aym_n01.npy,2034,south_asian,younger,male,neutral,1,,1.480625,131.11474249899157,36.91985065428023,10.20746966618539,0.04397120181290722,10.20746966618539
C:\MyProjects\Project-Proposal\PrivateCoach\Project-EchoesofEquity\data/wav\2034_aym_n02c.wav,C:\MyProjects\Project-Proposal\PrivateCoach\Project-EchoesofEquity\data/melspec\2034_aym_n02c.npy,2034,south_asian,younger,male,neutral,2,c,1.7055,133.21994974582853,5.9363115453564435,12.889771695187264,0.021047029770867795,12.889771695187264
C:\MyProjects\Project-Proposal\PrivateCoach\Project-EchoesofEquity\data/wav\2034_aym_n17.wav,C:\MyProjects\Project-Proposal\PrivateCoach\Project-EchoesofEquity\data/melspec\2034_aym_n17.npy,2034,south_asian,younger,male,neutral,17,,1.432375,134.8631926567109,10.07664814782574,12.273208666161965,0.022079994465580143,12.273208666161965
C:\MyProjects\Project-Proposal\PrivateCoach\Project-EchoesofEquity\data/wav\2034_aym_n18.wav,C:\MyProjects\Project-Proposal\PrivateCoach\Project-EchoesofEquity\data/melspec\2034_aym_n18.npy,2034,south_asian,younger,male,neutral,18,,1.6535208333333333,141.32247770602623,17.24507052816825,13.739721076565083,0.017034710016455068,13.739721076565083
C:\MyProjects\Project-Proposal\PrivateCoach\Project-EchoesofEquity\data/wav\2034_aym_n19.wav,C:\MyProjects\Project-Proposal\PrivateCoach\Project-EchoesofEquity\data/melspec\2034_aym_n19.npy,2034,south_asian,younger,male,neutral,19,,2.0621875,127.85828031566973,15.498003037730316,9.14321376066999,0.023234602988511818,9.14321376066999
C:\MyProjects\Project-Proposal\PrivateCoach\Project-EchoesofEquity\data/wav\2034_aym_n20.wav,C:\MyProjects\Project-Proposal\PrivateCoach\Project-EchoesofEquity\data/melspec\2034_aym_n20.npy,2034,south_asian,younger,male,neutral,20,,1.7368333333333332,131.83837326585112,23.801589918379463,11.299890448738063,0.018532139709696447,11.299890448738063
C:\MyProjects\Project-Proposal\PrivateCoach\Project-EchoesofEquity\data/wav\2034_aym_t01c.wav,C:\MyProjects\Project-Proposal\PrivateCoach\Project-EchoesofEquity\data/melspec\2034_aym_t01c.npy,2034,south_asian,younger,male,trustworthy,1,c,1.3527916666666666,139.8587625426679,16.42745230730143,10.461440503753673,0.0321243255752695,10.461440503753673
C:\MyProjects\Project-Proposal\PrivateCoach\Project-EchoesofEquity\data/wav\2034_aym_t02.wav,C:\MyProjects\Project-Proposal\PrivateCoach\Project-EchoesofEquity\data/melspec\2034_aym_t02.npy,2034,south_asian,younger,male,trustworthy,2,,1.4715416666666667,136.59506591800547,25.237818131553777,12.554936773634328,0.022642342090221295,12.554936773634328
C:\MyProjects\Project-Proposal\PrivateCoach\Project-EchoesofEquity\data/wav\2034_aym_t17.wav,C:\MyProjects\Project-Proposal\PrivateCoach\Project-EchoesofEquity\data/melspec\2034_aym_t17.npy,2034,south_asian,younger,male,trustworthy,17,,1.4121041666666667,136.43690786826534,23.321994251642757,10.05111231888653,0.02188187363125695,10.05111231888653
C:\MyProjects\Project-Proposal\PrivateCoach\Project-EchoesofEquity\data/wav\2034_aym_t18.wav,C:\MyProjects\Project-Proposal\PrivateCoach\Project-EchoesofEquity\data/melspec\2034_aym_t18.npy,2034,south_asian,younger,male,trustworthy,18,,1.4655,123.34610621930554,10.401360667262306,10.814067895398932,0.032250206325036855,10.814067895398932
C:\MyProjects\Project-Proposal\PrivateCoach\Project-EchoesofEquity\data/wav\2034_aym_t19c.wav,C:\MyProjects\Project-Proposal\PrivateCoach\Project-EchoesofEquity\data/melspec\2034_aym_t19c.npy,2034,south_asian,younger,male,trustworthy,19,c,1.6949375,159.3586515993316,50.231114261774664,10.075164323604914,0.025413868655821636,10.075164323604914
C:\MyProjects\Project-Proposal\PrivateCoach\Project-EchoesofEquity\data/wav\2034_aym_t20.wav,C:\MyProjects\Project-Proposal\PrivateCoach\Project-EchoesofEquity\data/melspec\2034_aym_t20.npy,2034,south_asian,younger,male,trustworthy,20,,1.5685833333333334,147.45459740868117,70.25417566726657,10.85743242641046,0.029120452952584412,10.85743242641046
C:\MyProjects\Project-Proposal\PrivateCoach\Project-EchoesofEquity\data/wav\2035_ayf_n01c.wav,C:\MyProjects\Project-Proposal\PrivateCoach\Project-EchoesofEquity\data/melspec\2035_ayf_n01c.npy,2035,south_asian,younger,female,neutral,1,c,2.1229791666666666,210.72687039071067,66.33731621516145,18.336177705387847,0.020589720242189642,18.336177705387847
C:\MyProjects\Project-Proposal\PrivateCoach\Project-EchoesofEquity\data/wav\2035_ayf_n02c.wav,C:\MyProjects\Project-Proposal\PrivateCoach\Project-EchoesofEquity\data/melspec\2035_ayf_n02c.npy,2035,south_asian,younger,female,neutral,2,c,1.9595416666666667,204.6758746586693,20.366871786502266,20.26541150486012,0.008821757194642002,20.26541150486012
C:\MyProjects\Project-Proposal\PrivateCoach\Project-EchoesofEquity\data/wav\2035_ayf_n17c.wav,C:\MyProjects\Project-Proposal\PrivateCoach\Project-EchoesofEquity\data/melspec\2035_ayf_n17c.npy,2035,south_asian,younger,female,neutral,17,c,1.5651458333333332,190.42216141625946,49.11052411725868,15.936787334899353,0.015881716744593946,15.936787334899353
C:\MyProjects\Project-Proposal\PrivateCoach\Project-EchoesofEquity\data/wav\2035_ayf_n18c.wav,C:\MyProjects\Project-Proposal\PrivateCoach\Project-EchoesofEquity\data/melspec\2035_ayf_n18c.npy,2035,south_asian,younger,female,neutral,18,c,1.814125,191.90505192796337,44.52066294232395,14.130074488816087,0.016586093224796972,14.130074488816087
C:\MyProjects\Project-Proposal\PrivateCoach\Project-EchoesofEquity\data/wav\2035_ayf_n19c.wav,C:\MyProjects\Project-Proposal\PrivateCoach\Project-EchoesofEquity\data/melspec\2035_ayf_n19c.npy,2035,south_asian,younger,female,neutral,19,c,1.93325,220.98262566567328,70.77798960642237,17.609900109933047,0.01826568378135191,17.609900109933047
C:\MyProjects\Project-Proposal\PrivateCoach\Project-EchoesofEquity\data/wav\2035_ayf_n20c.wav,C:\MyProjects\Project-Proposal\PrivateCoach\Project-EchoesofEquity\data/melspec\2035_ayf_n20c.npy,2035,south_asian,younger,female,neutral,20,c,2.078145833333333,216.77681126521028,60.62497987618276,20.598848810672134,0.01208110068451838,20.598848810672134
C:\MyProjects\Project-Proposal\PrivateCoach\Project-EchoesofEquity\data/wav\2035_ayf_t01.wav,C:\MyProjects\Project-Proposal\PrivateCoach\Project-EchoesofEquity\data/melspec\2035_ayf_t01.npy,2035,south_asian,younger,female,trustworthy,1,,1.6119375,257.0496116497914,57.48260358743972,18.924859275641303,0.015538897072259994,18.924859275641303
C:\MyProjects\Project-Proposal\PrivateCoach\Project-EchoesofEquity\data/wav\2035_ayf_t02.wav,C:\MyProjects\Project-Proposal\PrivateCoach\Project-EchoesofEquity\data/melspec\2035_ayf_t02.npy,2035,south_asian,younger,female,trustworthy,2,,1.3419791666666667,307.1320957516981,41.59757378995137,18.278605981310168,0.011302377983034944,18.278605981310168
C:\MyProjects\Project-Proposal\PrivateCoach\Project-EchoesofEquity\data/wav\2035_ayf_t17.wav,C:\MyProjects\Project-Proposal\PrivateCoach\Project-EchoesofEquity\data/melspec\2035_ayf_t17.npy,2035,south_asian,younger,female,trustworthy,17,,1.49075,254.89092624573317,73.82305627963244,13.396440818777215,0.019876963033655774,13.396440818777215
C:\MyProjects\Project-Proposal\PrivateCoach\Project-EchoesofEquity\data/wav\2035_ayf_t18.wav,C:\MyProjects\Project-Proposal\PrivateCoach\Project-EchoesofEquity\data/melspec\2035_ayf_t18.npy,2035,south_asian,younger,female,trustworthy,18,,1.6149375,259.7115594093144,83.1054783994055,13.492532992196871,0.025462099351016832,13.492532992196871
C:\MyProjects\Project-Proposal\PrivateCoach\Project-EchoesofEquity\data/wav\2035_ayf_t19.wav,C:\MyProjects\Project-Proposal\PrivateCoach\Project-EchoesofEquity\data/melspec\2035_ayf_t19.npy,2035,south_asian,younger,female,trustworthy,19,,1.6449375,282.61486093850345,57.929584470111394,23.951227590484695,0.009698083282907416,23.951227590484695
C:\MyProjects\Project-Proposal\PrivateCoach\Project-EchoesofEquity\data/wav\2035_ayf_t20.wav,C:\MyProjects\Project-Proposal\PrivateCoach\Project-EchoesofEquity\data/melspec\2035_ayf_t20.npy,2035,south_asian,younger,female,trustworthy,20,,1.7135208333333334,234.42133268250737,53.349475298149834,19.158180102218296,0.01750405610940894,19.158180102218296
C:\MyProjects\Project-Proposal\PrivateCoach\Project-EchoesofEquity\data/wav\2037_byf_n15c.wav,C:\MyProjects\Project-Proposal\PrivateCoach\Project-EchoesofEquity\data/melspec\2037_byf_n15c.npy,2037,black,younger,female,neutral,15,c,1.8247708333333332,193.97656795400485,64.89685278860166,17.474966294312182,0.012327333253778166,17.474966294312182
C:\MyProjects\Project-Proposal\PrivateCoach\Project-EchoesofEquity\data/wav\2037_byf_n16c.wav,C:\MyProjects\Project-Proposal\PrivateCoach\Project-EchoesofEquity\data/melspec\2037_byf_n16c.npy,2037,black,younger,female,neutral,16,c,1.5647083333333334,188.53467171273883,62.20596277531409,10.39652322358013,0.01983506436236897,10.39652322358013
C:\MyProjects\Project-Proposal\PrivateCoach\Project-EchoesofEquity\data/wav\2037_byf_n17c.wav,C:\MyProjects\Project-Proposal\PrivateCoach\Project-EchoesofEquity\data/melspec\2037_byf_n17c.npy,2037,black,younger,female,neutral,17,c,1.5847083333333334,187.28835298134027,71.31427156544277,10.988888189974372,0.024505112500872395,10.988888189974372
C:\MyProjects\Project-Proposal\PrivateCoach\Project-EchoesofEquity\data/wav\2037_byf_n18.wav,C:\MyProjects\Project-Proposal\PrivateCoach\Project-EchoesofEquity\data/melspec\2037_byf_n18.npy,2037,black,younger,female,neutral,18,,1.5316458333333334,185.76437494175758,107.7247194682233,9.298400578471615,0.02639199188609848,9.298400578471615
C:\MyProjects\Project-Proposal\PrivateCoach\Project-EchoesofEquity\data/wav\2037_byf_n19c.wav,C:\MyProjects\Project-Proposal\PrivateCoach\Project-EchoesofEquity\data/melspec\2037_byf_n19c.npy,2037,black,younger,female,neutral,19,c,1.4578958333333334,180.98711985879848,137.9358663159426,9.174808389049504,0.04046935155508973,9.174808389049504
C:\MyProjects\Project-Proposal\PrivateCoach\Project-EchoesofEquity\data/wav\2037_byf_n20.wav,C:\MyProjects\Project-Proposal\PrivateCoach\Project-EchoesofEquity\data/melspec\2037_byf_n20.npy,2037,black,younger,female,neutral,20,,1.6432291666666667,164.05174026129208,122.65062980530045,11.397547323474678,0.022407303543137302,11.397547323474678
C:\MyProjects\Project-Proposal\PrivateCoach\Project-EchoesofEquity\data/wav\2037_byf_t15.wav,C:\MyProjects\Project-Proposal\PrivateCoach\Project-EchoesofEquity\data/melspec\2037_byf_t15.npy,2037,black,younger,female,trustworthy,15,,1.349375,195.1646085315842,32.46780892825788,16.431710765110978,0.015499744405370327,16.431710765110978
C:\MyProjects\Project-Proposal\PrivateCoach\Project-EchoesofEquity\data/wav\2037_byf_t16.wav,C:\MyProjects\Project-Proposal\PrivateCoach\Project-EchoesofEquity\data/melspec\2037_byf_t16.npy,2037,black,younger,female,trustworthy,16,,1.6186875,203.67161980754238,34.39937476084823,12.906349334934855,0.022584035736274474,12.906349334934855
C:\MyProjects\Project-Proposal\PrivateCoach\Project-EchoesofEquity\data/wav\2037_byf_t17c.wav,C:\MyProjects\Project-Proposal\PrivateCoach\Project-EchoesofEquity\data/melspec\2037_byf_t17c.npy,2037,black,younger,female,trustworthy,17,c,1.3944791666666667,201.77572346504496,32.156622272097735,12.867060031293729,0.013609705583659102,12.867060031293729
C:\MyProjects\Project-Proposal\PrivateCoach\Project-EchoesofEquity\data/wav\2037_byf_t18.wav,C:\MyProjects\Project-Proposal\PrivateCoach\Project-EchoesofEquity\data/melspec\2037_byf_t18.npy,2037,black,younger,female,trustworthy,18,,1.6217083333333333,199.32128164781514,89.05781452820872,11.188898540376567,0.02953346468115926,11.188898540376567
C:\MyProjects\Project-Proposal\PrivateCoach\Project-EchoesofEquity\data/wav\2037_byf_t19.wav,C:\MyProjects\Project-Proposal\PrivateCoach\Project-EchoesofEquity\data/melspec\2037_byf_t19.npy,2037,black,younger,female,trustworthy,19,,1.626375,198.56467709955893,28.18539850402313,13.233815400599118,0.020006078372360497,13.233815400599118
C:\MyProjects\Project-Proposal\PrivateCoach\Project-EchoesofEquity\data/wav\2037_byf_t20.wav,C:\MyProjects\Project-Proposal\PrivateCoach\Project-EchoesofEquity\data/melspec\2037_byf_t20.npy,2037,black,younger,female,trustworthy,20,,1.6357708333333334,192.18480247578498,27.34261537179185,15.01171088499062,0.012501198686490536,15.01171088499062
C:\MyProjects\Project-Proposal\PrivateCoach\Project-EchoesofEquity\data/wav\2041_byf_n01c.wav,C:\MyProjects\Project-Proposal\PrivateCoach\Project-EchoesofEquity\data/melspec\2041_byf_n01c.npy,2041,black,younger,female,neutral,1,c,1.356,214.31310495760997,12.149427175981213,14.427653051548846,0.019308770900304934,14.427653051548846
C:\MyProjects\Project-Proposal\PrivateCoach\Project-EchoesofEquity\data/wav\2041_byf_n02.wav,C:\MyProjects\Project-Proposal\PrivateCoach\Project-EchoesofEquity\data/melspec\2041_byf_n02.npy,2041,black,younger,female,neutral,2,,1.414625,211.42699246045592,14.639023521745248,18.22457104342577,0.01575494563076518,18.22457104342577
C:\MyProjects\Project-Proposal\PrivateCoach\Project-EchoesofEquity\data/wav\2041_byf_n03c.wav,C:\MyProjects\Project-Proposal\PrivateCoach\Project-EchoesofEquity\data/melspec\2041_byf_n03c.npy,2041,black,younger,female,neutral,3,c,1.2237916666666666,209.89322041330752,35.23412576210565,15.687930082732757,0.02021964559420417,15.687930082732757
C:\MyProjects\Project-Proposal\PrivateCoach\Project-EchoesofEquity\data/wav\2041_byf_n04.wav,C:\MyProjects\Project-Proposal\PrivateCoach\Project-EchoesofEquity\data/melspec\2041_byf_n04.npy,2041,black,younger,female,neutral,4,,0.98525,193.70530945152072,28.558876476096493,12.611311899963141,0.022011669709976877,12.611311899963141
C:\MyProjects\Project-Proposal\PrivateCoach\Project-EchoesofEquity\data/wav\2041_byf_n19.wav,C:\MyProjects\Project-Proposal\PrivateCoach\Project-EchoesofEquity\data/melspec\2041_byf_n19.npy,2041,black,younger,female,neutral,19,,1.5537708333333333,248.0005303662465,43.157008198367556,15.380424755673832,0.017976795185436517,15.380424755673832
C:\MyProjects\Project-Proposal\PrivateCoach\Project-EchoesofEquity\data/wav\2041_byf_n20.wav,C:\MyProjects\Project-Proposal\PrivateCoach\Project-EchoesofEquity\data/melspec\2041_byf_n20.npy,2041,black,younger,female,neutral,20,,1.4758541666666667,219.94396490023243,12.087520946660959,13.857351515095953,0.014458805293317075,13.857351515095953
C:\MyProjects\Project-Proposal\PrivateCoach\Project-EchoesofEquity\data/wav\2041_byf_t01c.wav,C:\MyProjects\Project-Proposal\PrivateCoach\Project-EchoesofEquity\data/melspec\2041_byf_t01c.npy,2041,black,younger,female,trustworthy,1,c,1.52075,219.7625658793394,43.13422271606889,14.65473365567756,0.021261840251667972,14.65473365567756
C:\MyProjects\Project-Proposal\PrivateCoach\Project-EchoesofEquity\data/wav\2041_byf_t02.wav,C:\MyProjects\Project-Proposal\PrivateCoach\Project-EchoesofEquity\data/melspec\2041_byf_t02.npy,2041,black,younger,female,trustworthy,2,,1.7046666666666668,229.35695141355825,52.745367772436715,16.104862664748616,0.013345022476775962,16.104862664748616
C:\MyProjects\Project-Proposal\PrivateCoach\Project-EchoesofEquity\data/wav\2041_byf_t03c.wav,C:\MyProjects\Project-Proposal\PrivateCoach\Project-EchoesofEquity\data/melspec\2041_byf_t03c.npy,2041,black,younger,female,trustworthy,3,c,2.2318125,238.9957045955488,41.40291029061025,17.444174610442136,0.01478346714931716,17.444174610442136
C:\MyProjects\Project-Proposal\PrivateCoach\Project-EchoesofEquity\data/wav\2041_byf_t04.wav,C:\MyProjects\Project-Proposal\PrivateCoach\Project-EchoesofEquity\data/melspec\2041_byf_t04.npy,2041,black,younger,female,trustworthy,4,,1.2160208333333333,228.96917834245576,58.2330415884833,18.095279760739572,0.015783749183488287,18.095279760739572
C:\MyProjects\Project-Proposal\PrivateCoach\Project-EchoesofEquity\data/wav\2041_byf_t19c.wav,C:\MyProjects\Project-Proposal\PrivateCoach\Project-EchoesofEquity\data/melspec\2041_byf_t19c.npy,2041,black,younger,female,trustworthy,19,c,2.534854166666667,250.0827880618413,45.95419902351765,15.418278747060501,0.019771469373530613,15.418278747060501
C:\MyProjects\Project-Proposal\PrivateCoach\Project-EchoesofEquity\data/wav\2041_byf_t20c.wav,C:\MyProjects\Project-Proposal\PrivateCoach\Project-EchoesofEquity\data/melspec\2041_byf_t20c.npy,2041,black,younger,female,trustworthy,20,c,1.5178125,252.11426965590246,37.982693893841315,13.21744618788641,0.01693750322948867,13.21744618788641
C:\MyProjects\Project-Proposal\PrivateCoach\Project-EchoesofEquity\data/wav\2043_bym_n01.wav,C:\MyProjects\Project-Proposal\PrivateCoach\Project-EchoesofEquity\data/melspec\2043_bym_n01.npy,2043,black,younger,male,neutral,1,,1.7008333333333334,115.65506834661838,59.647475201829835,9.588996967294088,0.022828404479545462,9.588996967294088
C:\MyProjects\Project-Proposal\PrivateCoach\Project-EchoesofEquity\data/wav\2043_bym_n02c.wav,C:\MyProjects\Project-Proposal\PrivateCoach\Project-EchoesofEquity\data/melspec\2043_bym_n02c.npy,2043,black,younger,male,neutral,2,c,1.4628125,103.07082388478007,13.665787253910699,10.084259765371273,0.019506743545843346,10.084259765371273
C:\MyProjects\Project-Proposal\PrivateCoach\Project-EchoesofEquity\data/wav\2043_bym_n03c.wav,C:\MyProjects\Project-Proposal\PrivateCoach\Project-EchoesofEquity\data/melspec\2043_bym_n03c.npy,2043,black,younger,male,neutral,3,c,2.0126666666666666,97.24276952712853,9.03972813237652,10.438520186515834,0.0171764751017134,10.438520186515834
C:\MyProjects\Project-Proposal\PrivateCoach\Project-EchoesofEquity\data/wav\2043_bym_n04c.wav,C:\MyProjects\Project-Proposal\PrivateCoach\Project-EchoesofEquity\data/melspec\2043_bym_n04c.npy,2043,black,younger,male,neutral,4,c,1.7054583333333333,109.77584637198765,47.659510698906125,9.820077187314256,0.031210061247693856,9.820077187314256
C:\MyProjects\Project-Proposal\PrivateCoach\Project-EchoesofEquity\data/wav\2043_bym_n19.wav,C:\MyProjects\Project-Proposal\PrivateCoach\Project-EchoesofEquity\data/melspec\2043_bym_n19.npy,2043,black,younger,male,neutral,19,,1.6976041666666666,107.79399390695997,14.125368724808604,9.261412651664891,0.018735567748673927,9.261412651664891
C:\MyProjects\Project-Proposal\PrivateCoach\Project-EchoesofEquity\data/wav\2043_bym_n20c.wav,C:\MyProjects\Project-Proposal\PrivateCoach\Project-EchoesofEquity\data/melspec\2043_bym_n20c.npy,2043,black,younger,male,neutral,20,c,1.7163333333333333,110.3869771541753,8.942310201929816,13.799698064683486,0.012319921895942353,13.799698064683486
C:\MyProjects\Project-Proposal\PrivateCoach\Project-EchoesofEquity\data/wav\2043_bym_t01.wav,C:\MyProjects\Project-Proposal\PrivateCoach\Project-EchoesofEquity\data/melspec\2043_bym_t01.npy,2043,black,younger,male,trustworthy,1,,1.9535833333333332,119.71837593986116,67.70135105148985,9.341004099310812,0.026568644585322446,9.341004099310812
C:\MyProjects\Project-Proposal\PrivateCoach\Project-EchoesofEquity\data/wav\2043_bym_t02c.wav,C:\MyProjects\Project-Proposal\PrivateCoach\Project-EchoesofEquity\data/melspec\2043_bym_t02c.npy,2043,black,younger,male,trustworthy,2,c,2.2880416666666665,118.7704812743582,74.47607230884329,8.411091718660533,0.028814381768805172,8.411091718660533
C:\MyProjects\Project-Proposal\PrivateCoach\Project-EchoesofEquity\data/wav\2043_bym_t03.wav,C:\MyProjects\Project-Proposal\PrivateCoach\Project-EchoesofEquity\data/melspec\2043_bym_t03.npy,2043,black,younger,male,trustworthy,3,,2.0603125,119.40299798891242,65.64410403328759,8.292976127043987,0.0325001732677888,8.292976127043987
C:\MyProjects\Project-Proposal\PrivateCoach\Project-EchoesofEquity\data/wav\2043_bym_t04.wav,C:\MyProjects\Project-Proposal\PrivateCoach\Project-EchoesofEquity\data/melspec\2043_bym_t04.npy,2043,black,younger,male,trustworthy,4,,1.8761458333333334,108.13825922795995,21.449658883191766,9.768786120040158,0.02880433493043755,9.768786120040158
C:\MyProjects\Project-Proposal\PrivateCoach\Project-EchoesofEquity\data/wav\2043_bym_t19.wav,C:\MyProjects\Project-Proposal\PrivateCoach\Project-EchoesofEquity\data/melspec\2043_bym_t19.npy,2043,black,younger,male,trustworthy,19,,2.0105625,146.37838272764276,91.45896983130076,9.006412236309801,0.03182041103865551,9.006412236309801
C:\MyProjects\Project-Proposal\PrivateCoach\Project-EchoesofEquity\data/wav\2043_bym_t20.wav,C:\MyProjects\Project-Proposal\PrivateCoach\Project-EchoesofEquity\data/melspec\2043_bym_t20.npy,2043,black,younger,male,trustworthy,20,,1.7491458333333334,117.0025104478721,17.484882743462094,12.643975424052435,0.02263737476106256,12.643975424052435
C:\MyProjects\Project-Proposal\PrivateCoach\Project-EchoesofEquity\data/wav\2044_ayf_n01.wav,C:\MyProjects\Project-Proposal\PrivateCoach\Project-EchoesofEquity\data/melspec\2044_ayf_n01.npy,2044,south_asian,younger,female,neutral,1,,1.3632708333333334,211.66850989442491,12.579852326289192,15.850745913464507,0.017843412495155562,15.850745913464507
C:\MyProjects\Project-Proposal\PrivateCoach\Project-EchoesofEquity\data/wav\2044_ayf_n02.wav,C:\MyProjects\Project-Proposal\PrivateCoach\Project-EchoesofEquity\data/melspec\2044_ayf_n02.npy,2044,south_asian,younger,female,neutral,2,,1.3356666666666666,203.01450704807633,43.607092182629025,15.004389089027178,0.017075504584613106,15.004389089027178
C:\MyProjects\Project-Proposal\PrivateCoach\Project-EchoesofEquity\data/wav\2044_ayf_n03.wav,C:\MyProjects\Project-Proposal\PrivateCoach\Project-EchoesofEquity\data/melspec\2044_ayf_n03.npy,2044,south_asian,younger,female,neutral,3,,1.3119583333333333,227.85675070239756,89.6950316153966,14.790091039547464,0.01665218006515494,14.790091039547464
C:\MyProjects\Project-Proposal\PrivateCoach\Project-EchoesofEquity\data/wav\2044_ayf_n04.wav,C:\MyProjects\Project-Proposal\PrivateCoach\Project-EchoesofEquity\data/melspec\2044_ayf_n04.npy,2044,south_asian,younger,female,neutral,4,,1.288125,207.78843253907257,12.33100208257449,17.7136346177629,0.011189881202228717,17.7136346177629
C:\MyProjects\Project-Proposal\PrivateCoach\Project-EchoesofEquity\data/wav\2044_ayf_n19.wav,C:\MyProjects\Project-Proposal\PrivateCoach\Project-EchoesofEquity\data/melspec\2044_ayf_n19.npy,2044,south_asian,younger,female,neutral,19,,1.435,226.39126620556232,24.483172170752752,15.21486400674858,0.018563670216543503,15.21486400674858
C:\MyProjects\Project-Proposal\PrivateCoach\Project-EchoesofEquity\data/wav\2044_ayf_n20.wav,C:\MyProjects\Project-Proposal\PrivateCoach\Project-EchoesofEquity\data/melspec\2044_ayf_n20.npy,2044,south_asian,younger,female,neutral,20,,1.480625,230.10516196918653,36.08575087342127,14.362801335298068,0.01859861242561909,14.362801335298068
C:\MyProjects\Project-Proposal\PrivateCoach\Project-EchoesofEquity\data/wav\2044_ayf_t01.wav,C:\MyProjects\Project-Proposal\PrivateCoach\Project-EchoesofEquity\data/melspec\2044_ayf_t01.npy,2044,south_asian,younger,female,trustworthy,1,,1.0917291666666666,238.0747702942479,41.681250850642236,14.259613861774682,0.01856175287718799,14.259613861774682
C:\MyProjects\Project-Proposal\PrivateCoach\Project-EchoesofEquity\data/wav\2044_ayf_t02.wav,C:\MyProjects\Project-Proposal\PrivateCoach\Project-EchoesofEquity\data/melspec\2044_ayf_t02.npy,2044,south_asian,younger,female,trustworthy,2,,1.3144375,257.01902992208386,22.823599952471543,14.432645946300985,0.012654475646178496,14.432645946300985
C:\MyProjects\Project-Proposal\PrivateCoach\Project-EchoesofEquity\data/wav\2044_ayf_t03.wav,C:\MyProjects\Project-Proposal\PrivateCoach\Project-EchoesofEquity\data/melspec\2044_ayf_t03.npy,2044,south_asian,younger,female,trustworthy,3,,1.4287083333333332,248.1745372350852,34.36983269908877,15.50458584439047,0.00930131265406583,15.50458584439047
C:\MyProjects\Project-Proposal\PrivateCoach\Project-EchoesofEquity\data/wav\2044_ayf_t04c.wav,C:\MyProjects\Project-Proposal\PrivateCoach\Project-EchoesofEquity\data/melspec\2044_ayf_t04c.npy,2044,south_asian,younger,female,trustworthy,4,c,1.2417083333333334,248.11067864620745,24.540388949208925,16.23828584494176,0.012053774468064141,16.23828584494176
C:\MyProjects\Project-Proposal\PrivateCoach\Project-EchoesofEquity\data/wav\2044_ayf_t19.wav,C:\MyProjects\Project-Proposal\PrivateCoach\Project-EchoesofEquity\data/melspec\2044_ayf_t19.npy,2044,south_asian,younger,female,trustworthy,19,,1.5065,258.71042652602216,24.356174793908426,18.721993868139737,0.011897726620551833,18.721993868139737
C:\MyProjects\Project-Proposal\PrivateCoach\Project-EchoesofEquity\data/wav\2044_ayf_t20.wav,C:\MyProjects\Project-Proposal\PrivateCoach\Project-EchoesofEquity\data/melspec\2044_ayf_t20.npy,2044,south_asian,younger,female,trustworthy,20,,1.3529166666666668,267.3178799717057,77.56284362976722,14.813022904931438,0.018585390550618204,14.813022904931438
C:\MyProjects\Project-Proposal\PrivateCoach\Project-EchoesofEquity\data/wav\2188_aom_n07c.wav,C:\MyProjects\Project-Proposal\PrivateCoach\Project-EchoesofEquity\data/melspec\2188_aom_n07c.npy,2188,south_asian,older,male,neutral,7,c,1.752375,111.98645608591178,81.24031840603517,8.76964127376283,0.016628818816981108,8.76964127376283
C:\MyProjects\Project-Proposal\PrivateCoach\Project-EchoesofEquity\data/wav\2188_aom_n08c.wav,C:\MyProjects\Project-Proposal\PrivateCoach\Project-EchoesofEquity\data/melspec\2188_aom_n08c.npy,2188,south_asian,older,male,neutral,8,c,1.739375,116.25934143709553,108.9623294036909,4.121433587250766,0.02325817875572387,4.121433587250766
C:\MyProjects\Project-Proposal\PrivateCoach\Project-EchoesofEquity\data/wav\2188_aom_n09.wav,C:\MyProjects\Project-Proposal\PrivateCoach\Project-EchoesofEquity\data/melspec\2188_aom_n09.npy,2188,south_asian,older,male,neutral,9,,1.7907083333333333,172.88317438521685,157.85113454395787,5.531345422255346,0.028550921285357935,5.531345422255346
C:\MyProjects\Project-Proposal\PrivateCoach\Project-EchoesofEquity\data/wav\2188_aom_n10.wav,C:\MyProjects\Project-Proposal\PrivateCoach\Project-EchoesofEquity\data/melspec\2188_aom_n10.npy,2188,south_asian,older,male,neutral,10,,2.3561875,213.93222756736893,182.97486990859537,7.261995188805055,0.032125583155978306,7.261995188805055
C:\MyProjects\Project-Proposal\PrivateCoach\Project-EchoesofEquity\data/wav\2188_aom_n11c.wav,C:\MyProjects\Project-Proposal\PrivateCoach\Project-EchoesofEquity\data/melspec\2188_aom_n11c.npy,2188,south_asian,older,male,neutral,11,c,2.0123333333333333,139.79518213101343,133.8084621260577,7.178797027696373,0.01967893764088359,7.178797027696373
C:\MyProjects\Project-Proposal\PrivateCoach\Project-EchoesofEquity\data/wav\2188_aom_n12c.wav,C:\MyProjects\Project-Proposal\PrivateCoach\Project-EchoesofEquity\data/melspec\2188_aom_n12c.npy,2188,south_asian,older,male,neutral,12,c,1.5431458333333334,137.89895619670546,115.69194864893747,7.051178175613087,0.030281329984733252,7.051178175613087
C:\MyProjects\Project-Proposal\PrivateCoach\Project-EchoesofEquity\data/wav\2188_aom_t07.wav,C:\MyProjects\Project-Proposal\PrivateCoach\Project-EchoesofEquity\data/melspec\2188_aom_t07.npy,2188,south_asian,older,male,trustworthy,7,,1.4779375,125.35500220196977,30.997594233912274,8.657524405161341,0.026089080900204436,8.657524405161341
C:\MyProjects\Project-Proposal\PrivateCoach\Project-EchoesofEquity\data/wav\2188_aom_t08.wav,C:\MyProjects\Project-Proposal\PrivateCoach\Project-EchoesofEquity\data/melspec\2188_aom_t08.npy,2188,south_asian,older,male,trustworthy,8,,1.4768541666666666,220.38246462567486,125.95232213100137,6.779239545589116,0.046217231235760825,6.779239545589116
C:\MyProjects\Project-Proposal\PrivateCoach\Project-EchoesofEquity\data/wav\2188_aom_t09.wav,C:\MyProjects\Project-Proposal\PrivateCoach\Project-EchoesofEquity\data/melspec\2188_aom_t09.npy,2188,south_asian,older,male,trustworthy,9,,1.6259166666666667,114.26312701536507,29.974542171106044,6.586554710019781,0.02690091623378389,6.586554710019781
C:\MyProjects\Project-Proposal\PrivateCoach\Project-EchoesofEquity\data/wav\2188_aom_t10.wav,C:\MyProjects\Project-Proposal\PrivateCoach\Project-EchoesofEquity\data/melspec\2188_aom_t10.npy,2188,south_asian,older,male,trustworthy,10,,2.244104166666667,216.8375184806363,94.66572539637158,4.859941038304544,0.043005845123041696,4.859941038304544
C:\MyProjects\Project-Proposal\PrivateCoach\Project-EchoesofEquity\data/wav\2188_aom_t11c.wav,C:\MyProjects\Project-Proposal\PrivateCoach\Project-EchoesofEquity\data/melspec\2188_aom_t11c.npy,2188,south_asian,older,male,trustworthy,11,c,2.0616041666666667,139.6284426326968,102.71018706925076,6.182413233041697,0.021969278735748294,6.182413233041697
C:\MyProjects\Project-Proposal\PrivateCoach\Project-EchoesofEquity\data/wav\2188_aom_t12c.wav,C:\MyProjects\Project-Proposal\PrivateCoach\Project-EchoesofEquity\data/melspec\2188_aom_t12c.npy,2188,south_asian,older,male,trustworthy,12,c,1.742,174.0614554146132,122.38777908289875,7.5871862179515315,0.026180371898263322,7.5871862179515315
C:\MyProjects\Project-Proposal\PrivateCoach\Project-EchoesofEquity\data/wav\2213_bom_n07.wav,C:\MyProjects\Project-Proposal\PrivateCoach\Project-EchoesofEquity\data/melspec\2213_bom_n07.npy,2213,black,older,male,neutral,7,,1.6205833333333333,115.43383263825913,10.203408723410037,13.24989516229099,0.014602427168808468,13.24989516229099
C:\MyProjects\Project-Proposal\PrivateCoach\Project-EchoesofEquity\data/wav\2213_bom_n08.wav,C:\MyProjects\Project-Proposal\PrivateCoach\Project-EchoesofEquity\data/melspec\2213_bom_n08.npy,2213,black,older,male,neutral,8,,1.6496666666666666,138.99492230432148,91.34937036327068,11.10561337106505,0.017368506028617624,11.10561337106505
C:\MyProjects\Project-Proposal\PrivateCoach\Project-EchoesofEquity\data/wav\2213_bom_n09.wav,C:\MyProjects\Project-Proposal\PrivateCoach\Project-EchoesofEquity\data/melspec\2213_bom_n09.npy,2213,black,older,male,neutral,9,,1.6344375,113.11408650518548,8.985019695479973,10.430286168245935,0.012789171315981862,10.430286168245935
C:\MyProjects\Project-Proposal\PrivateCoach\Project-EchoesofEquity\data/wav\2213_bom_n10.wav,C:\MyProjects\Project-Proposal\PrivateCoach\Project-EchoesofEquity\data/melspec\2213_bom_n10.npy,2213,black,older,male,neutral,10,,1.8636666666666666,149.01819366429882,117.54694332301861,10.171454411976558,0.021593573472067248,10.171454411976558
C:\MyProjects\Project-Proposal\PrivateCoach\Project-EchoesofEquity\data/wav\2213_bom_n11.wav,C:\MyProjects\Project-Proposal\PrivateCoach\Project-EchoesofEquity\data/melspec\2213_bom_n11.npy,2213,black,older,male,neutral,11,,2.0854583333333334,116.64272135216466,11.69739067112354,10.809075192374394,0.024592792831831505,10.809075192374394
C:\MyProjects\Project-Proposal\PrivateCoach\Project-EchoesofEquity\data/wav\2213_bom_n12.wav,C:\MyProjects\Project-Proposal\PrivateCoach\Project-EchoesofEquity\data/melspec\2213_bom_n12.npy,2213,black,older,male,neutral,12,,1.4340833333333334,117.417405603885,9.213794681670764,13.550622272563063,0.018295436498058183,13.550622272563063
C:\MyProjects\Project-Proposal\PrivateCoach\Project-EchoesofEquity\data/wav\2213_bom_t07.wav,C:\MyProjects\Project-Proposal\PrivateCoach\Project-EchoesofEquity\data/melspec\2213_bom_t07.npy,2213,black,older,male,trustworthy,7,,1.6426666666666667,107.34844997444428,11.283051219119978,10.742204782223595,0.017165054444305113,10.742204782223595
C:\MyProjects\Project-Proposal\PrivateCoach\Project-EchoesofEquity\data/wav\2213_bom_t08.wav,C:\MyProjects\Project-Proposal\PrivateCoach\Project-EchoesofEquity\data/melspec\2213_bom_t08.npy,2213,black,older,male,trustworthy,8,,1.6028958333333334,123.11118469782126,58.92751409031575,8.905396402473631,0.02041370412236649,8.905396402473631
C:\MyProjects\Project-Proposal\PrivateCoach\Project-EchoesofEquity\data/wav\2213_bom_t09.wav,C:\MyProjects\Project-Proposal\PrivateCoach\Project-EchoesofEquity\data/melspec\2213_bom_t09.npy,2213,black,older,male,trustworthy,9,,1.6602291666666666,134.5673629771178,93.63332310975909,8.882646669010366,0.024197893849640162,8.882646669010366
C:\MyProjects\Project-Proposal\PrivateCoach\Project-EchoesofEquity\data/wav\2213_bom_t10.wav,C:\MyProjects\Project-Proposal\PrivateCoach\Project-EchoesofEquity\data/melspec\2213_bom_t10.npy,2213,black,older,male,trustworthy,10,,2.0787291666666667,110.30907433647775,9.424265554960394,8.577156262020976,0.018679983495251268,8.577156262020976
C:\MyProjects\Project-Proposal\PrivateCoach\Project-EchoesofEquity\data/wav\2213_bom_t11.wav,C:\MyProjects\Project-Proposal\PrivateCoach\Project-EchoesofEquity\data/melspec\2213_bom_t11.npy,2213,black,older,male,trustworthy,11,,1.8042708333333333,108.87253867050899,8.70397756925381,9.795486348526522,0.01712176842325243,9.795486348526522
C:\MyProjects\Project-Proposal\PrivateCoach\Project-EchoesofEquity\data/wav\2213_bom_t12.wav,C:\MyProjects\Project-Proposal\PrivateCoach\Project-EchoesofEquity\data/melspec\2213_bom_t12.npy,2213,black,older,male,trustworthy,12,,1.4183958333333333,110.89649164670782,11.158956185653132,11.649860536988136,0.01507828991482647,11.649860536988136
C:\MyProjects\Project-Proposal\PrivateCoach\Project-EchoesofEquity\data/wav\2230_bof_n01.wav,C:\MyProjects\Project-Proposal\PrivateCoach\Project-EchoesofEquity\data/melspec\2230_bof_n01.npy,2230,black,older,female,neutral,1,,2.7924375,143.29602107717196,30.47560268259648,16.75740213344071,0.018812831088402135,16.75740213344071
C:\MyProjects\Project-Proposal\PrivateCoach\Project-EchoesofEquity\data/wav\2230_bof_n02c.wav,C:\MyProjects\Project-Proposal\PrivateCoach\Project-EchoesofEquity\data/melspec\2230_bof_n02c.npy,2230,black,older,female,neutral,2,c,2.253416666666667,145.23304359574473,22.27496869699015,12.737207118637945,0.027943593948450026,12.737207118637945
C:\MyProjects\Project-Proposal\PrivateCoach\Project-EchoesofEquity\data/wav\2230_bof_n03c.wav,C:\MyProjects\Project-Proposal\PrivateCoach\Project-EchoesofEquity\data/melspec\2230_bof_n03c.npy,2230,black,older,female,neutral,3,c,3.6523958333333333,139.81641604311267,23.45435956706613,13.258987157045922,0.017739414764221893,13.258987157045922
C:\MyProjects\Project-Proposal\PrivateCoach\Project-EchoesofEquity\data/wav\2230_bof_n04.wav,C:\MyProjects\Project-Proposal\PrivateCoach\Project-EchoesofEquity\data/melspec\2230_bof_n04.npy,2230,black,older,female,neutral,4,,2.2954375,143.1810923421083,18.45584878493804,13.771050681505335,0.028547009325463984,13.771050681505335
C:\MyProjects\Project-Proposal\PrivateCoach\Project-EchoesofEquity\data/wav\2230_bof_n05c.wav,C:\MyProjects\Project-Proposal\PrivateCoach\Project-EchoesofEquity\data/melspec\2230_bof_n05c.npy,2230,black,older,female,neutral,5,c,1.9133125,144.6102150290497,33.71113953044208,8.396475258551927,0.029145951522000148,8.396475258551927
C:\MyProjects\Project-Proposal\PrivateCoach\Project-EchoesofEquity\data/wav\2230_bof_n06.wav,C:\MyProjects\Project-Proposal\PrivateCoach\Project-EchoesofEquity\data/melspec\2230_bof_n06.npy,2230,black,older,female,neutral,6,,2.0470208333333333,186.62648651346973,52.731412197343715,8.121472516480624,0.028587616605787514,8.121472516480624
C:\MyProjects\Project-Proposal\PrivateCoach\Project-EchoesofEquity\data/wav\2230_bof_t01.wav,C:\MyProjects\Project-Proposal\PrivateCoach\Project-EchoesofEquity\data/melspec\2230_bof_t01.npy,2230,black,older,female,trustworthy,1,,2.3602083333333335,161.2051494265195,35.1552846948801,14.402317891373846,0.01751154457337044,14.402317891373846
C:\MyProjects\Project-Proposal\PrivateCoach\Project-EchoesofEquity\data/wav\2230_bof_t02c.wav,C:\MyProjects\Project-Proposal\PrivateCoach\Project-EchoesofEquity\data/melspec\2230_bof_t02c.npy,2230,black,older,female,trustworthy,2,c,2.0341875,215.17570852226743,52.57945212157994,16.455015440585537,0.01756178465389929,16.455015440585537
C:\MyProjects\Project-Proposal\PrivateCoach\Project-EchoesofEquity\data/wav\2230_bof_t03.wav,C:\MyProjects\Project-Proposal\PrivateCoach\Project-EchoesofEquity\data/melspec\2230_bof_t03.npy,2230,black,older,female,trustworthy,3,,3.3228958333333334,214.75945623940567,76.4091397466853,17.136439883717966,0.012937439367641456,17.136439883717966
C:\MyProjects\Project-Proposal\PrivateCoach\Project-EchoesofEquity\data/wav\2230_bof_t04.wav,C:\MyProjects\Project-Proposal\PrivateCoach\Project-EchoesofEquity\data/melspec\2230_bof_t04.npy,2230,black,older,female,trustworthy,4,,1.7554166666666666,221.49419611445813,71.43758877919153,14.215324370329899,0.024653501065833153,14.215324370329899
C:\MyProjects\Project-Proposal\PrivateCoach\Project-EchoesofEquity\data/wav\2230_bof_t05c.wav,C:\MyProjects\Project-Proposal\PrivateCoach\Project-EchoesofEquity\data/melspec\2230_bof_t05c.npy,2230,black,older,female,trustworthy,5,c,1.8533958333333334,210.77445324193238,95.42049329503433,11.285466373569664,0.03614772499119271,11.285466373569664
C:\MyProjects\Project-Proposal\PrivateCoach\Project-EchoesofEquity\data/wav\2230_bof_t06c.wav,C:\MyProjects\Project-Proposal\PrivateCoach\Project-EchoesofEquity\data/melspec\2230_bof_t06c.npy,2230,black,older,female,trustworthy,6,c,1.7569375,208.4585217048169,80.88037505627129,13.843333336925934,0.024381842827150006,13.843333336925934
C:\MyProjects\Project-Proposal\PrivateCoach\Project-EchoesofEquity\data/wav\2233_bom_n05.wav,C:\MyProjects\Project-Proposal\PrivateCoach\Project-EchoesofEquity\data/melspec\2233_bom_n05.npy,2233,black,older,male,neutral,5,,1.5242916666666666,93.0935766101256,21.389917834382132,5.084586520339363,0.03653967097283702,5.084586520339363
C:\MyProjects\Project-Proposal\PrivateCoach\Project-EchoesofEquity\data/wav\2233_bom_n06c.wav,C:\MyProjects\Project-Proposal\PrivateCoach\Project-EchoesofEquity\data/melspec\2233_bom_n06c.npy,2233,black,older,male,neutral,6,c,1.2745416666666667,117.80729053450021,102.50043073752776,6.3615151471721845,0.021942090868147104,6.3615151471721845
C:\MyProjects\Project-Proposal\PrivateCoach\Project-EchoesofEquity\data/wav\2233_bom_n07.wav,C:\MyProjects\Project-Proposal\PrivateCoach\Project-EchoesofEquity\data/melspec\2233_bom_n07.npy,2233,black,older,male,neutral,7,,1.3940625,126.44033347959262,134.87442778559227,8.316400618924897,0.026216296032537608,8.316400618924897
C:\MyProjects\Project-Proposal\PrivateCoach\Project-EchoesofEquity\data/wav\2233_bom_n08c.wav,C:\MyProjects\Project-Proposal\PrivateCoach\Project-EchoesofEquity\data/melspec\2233_bom_n08c.npy,2233,black,older,male,neutral,8,c,1.3295208333333333,157.0119417778589,152.33662578021804,6.660186363338512,0.04881518960904108,6.660186363338512
C:\MyProjects\Project-Proposal\PrivateCoach\Project-EchoesofEquity\data/wav\2233_bom_n09c.wav,C:\MyProjects\Project-Proposal\PrivateCoach\Project-EchoesofEquity\data/melspec\2233_bom_n09c.npy,2233,black,older,male,neutral,9,c,1.5588541666666667,132.95389168462026,145.9440194357635,7.23433476921108,0.03133836945526397,7.23433476921108
C:\MyProjects\Project-Proposal\PrivateCoach\Project-EchoesofEquity\data/wav\2233_bom_n10c.wav,C:\MyProjects\Project-Proposal\PrivateCoach\Project-EchoesofEquity\data/melspec\2233_bom_n10c.npy,2233,black,older,male,neutral,10,c,2.250166666666667,157.71034248695818,167.71941879258458,4.887583683756709,0.05065295993050364,4.887583683756709
C:\MyProjects\Project-Proposal\PrivateCoach\Project-EchoesofEquity\data/wav\2233_bom_t05.wav,C:\MyProjects\Project-Proposal\PrivateCoach\Project-EchoesofEquity\data/melspec\2233_bom_t05.npy,2233,black,older,male,trustworthy,5,,1.3208958333333334,146.74810735297675,69.31190353739498,9.702188265065255,0.038433890444955446,9.702188265065255
C:\MyProjects\Project-Proposal\PrivateCoach\Project-EchoesofEquity\data/wav\2233_bom_t06c.wav,C:\MyProjects\Project-Proposal\PrivateCoach\Project-EchoesofEquity\data/melspec\2233_bom_t06c.npy,2233,black,older,male,trustworthy,6,c,1.3830416666666667,200.85197492794796,116.29242816412142,13.653929345994396,0.02016124798347218,13.653929345994396
C:\MyProjects\Project-Proposal\PrivateCoach\Project-EchoesofEquity\data/wav\2233_bom_t07c.wav,C:\MyProjects\Project-Proposal\PrivateCoach\Project-EchoesofEquity\data/melspec\2233_bom_t07c.npy,2233,black,older,male,trustworthy,7,c,1.138375,206.46989529623843,98.37605095306311,12.59169365382651,0.03786178324694284,12.59169365382651
C:\MyProjects\Project-Proposal\PrivateCoach\Project-EchoesofEquity\data/wav\2233_bom_t08.wav,C:\MyProjects\Project-Proposal\PrivateCoach\Project-EchoesofEquity\data/melspec\2233_bom_t08.npy,2233,black,older,male,trustworthy,8,,1.3987708333333333,220.95009764838616,72.69335082413326,10.355283426457403,0.03995952365712724,10.355283426457403
C:\MyProjects\Project-Proposal\PrivateCoach\Project-EchoesofEquity\data/wav\2233_bom_t09.wav,C:\MyProjects\Project-Proposal\PrivateCoach\Project-EchoesofEquity\data/melspec\2233_bom_t09.npy,2233,black,older,male,trustworthy,9,,1.3259791666666667,187.38363555404254,59.01202172275402,10.451978552382919,0.021591644303062738,10.451978552382919
C:\MyProjects\Project-Proposal\PrivateCoach\Project-EchoesofEquity\data/wav\2233_bom_t10c.wav,C:\MyProjects\Project-Proposal\PrivateCoach\Project-EchoesofEquity\data/melspec\2233_bom_t10c.npy,2233,black,older,male,trustworthy,10,c,2.0237708333333333,267.3542462280764,131.28382713147192,6.2698112249340365,0.04443472153767128,6.2698112249340365
C:\MyProjects\Project-Proposal\PrivateCoach\Project-EchoesofEquity\data/wav\2240_bof_n07.wav,C:\MyProjects\Project-Proposal\PrivateCoach\Project-EchoesofEquity\data/melspec\2240_bof_n07.npy,2240,black,older,female,neutral,7,,2.0031666666666665,220.03645506109788,34.99522951382081,18.577934063213444,0.014520782468800354,18.577934063213444
C:\MyProjects\Project-Proposal\PrivateCoach\Project-EchoesofEquity\data/wav\2240_bof_n08.wav,C:\MyProjects\Project-Proposal\PrivateCoach\Project-EchoesofEquity\data/melspec\2240_bof_n08.npy,2240,black,older,female,neutral,8,,1.9870208333333332,219.69422705914377,36.96232224356322,14.214030983664413,0.01066798823538224,14.214030983664413
C:\MyProjects\Project-Proposal\PrivateCoach\Project-EchoesofEquity\data/wav\2240_bof_n09.wav,C:\MyProjects\Project-Proposal\PrivateCoach\Project-EchoesofEquity\data/melspec\2240_bof_n09.npy,2240,black,older,female,neutral,9,,1.9363333333333332,225.17294032394577,62.39208621223344,14.12010329344468,0.013194548886189936,14.12010329344468
C:\MyProjects\Project-Proposal\PrivateCoach\Project-EchoesofEquity\data/wav\2240_bof_n10.wav,C:\MyProjects\Project-Proposal\PrivateCoach\Project-EchoesofEquity\data/melspec\2240_bof_n10.npy,2240,black,older,female,neutral,10,,2.0974166666666667,223.8396001896749,40.984896049348926,10.065984445780542,0.016968015374803923,10.065984445780542
C:\MyProjects\Project-Proposal\PrivateCoach\Project-EchoesofEquity\data/wav\2240_bof_n11.wav,C:\MyProjects\Project-Proposal\PrivateCoach\Project-EchoesofEquity\data/melspec\2240_bof_n11.npy,2240,black,older,female,neutral,11,,1.9049375,215.93699597529533,32.83939163272692,15.558341143299108,0.01459336559816578,15.558341143299108
C:\MyProjects\Project-Proposal\PrivateCoach\Project-EchoesofEquity\data/wav\2240_bof_n12.wav,C:\MyProjects\Project-Proposal\PrivateCoach\Project-EchoesofEquity\data/melspec\2240_bof_n12.npy,2240,black,older,female,neutral,12,,1.90725,232.49083668152562,37.08361039913807,15.483704382675198,0.010625604979771828,15.483704382675198
C:\MyProjects\Project-Proposal\PrivateCoach\Project-EchoesofEquity\data/wav\2240_bof_t07.wav,C:\MyProjects\Project-Proposal\PrivateCoach\Project-EchoesofEquity\data/melspec\2240_bof_t07.npy,2240,black,older,female,trustworthy,7,,1.6630416666666668,250.43733184107415,62.5252172950395,16.18653132848711,0.015449849532163232,16.18653132848711
C:\MyProjects\Project-Proposal\PrivateCoach\Project-EchoesofEquity\data/wav\2240_bof_t08.wav,C:\MyProjects\Project-Proposal\PrivateCoach\Project-EchoesofEquity\data/melspec\2240_bof_t08.npy,2240,black,older,female,trustworthy,8,,1.6603958333333333,262.43792179528936,43.811201577326514,12.303700382433663,0.011184427042906123,12.303700382433663
C:\MyProjects\Project-Proposal\PrivateCoach\Project-EchoesofEquity\data/wav\2240_bof_t09.wav,C:\MyProjects\Project-Proposal\PrivateCoach\Project-EchoesofEquity\data/melspec\2240_bof_t09.npy,2240,black,older,female,trustworthy,9,,1.8070833333333334,252.27532935272407,47.969846371283026,10.616115160491997,0.014264066757055351,10.616115160491997
C:\MyProjects\Project-Proposal\PrivateCoach\Project-EchoesofEquity\data/wav\2240_bof_t10.wav,C:\MyProjects\Project-Proposal\PrivateCoach\Project-EchoesofEquity\data/melspec\2240_bof_t10.npy,2240,black,older,female,trustworthy,10,,2.3863958333333333,269.7945070736009,122.19928704631799,8.26556664499378,0.02289272123649893,8.26556664499378
C:\MyProjects\Project-Proposal\PrivateCoach\Project-EchoesofEquity\data/wav\2240_bof_t11.wav,C:\MyProjects\Project-Proposal\PrivateCoach\Project-EchoesofEquity\data/melspec\2240_bof_t11.npy,2240,black,older,female,trustworthy,11,,2.302604166666667,230.25842755988626,40.3772197585931,11.187633087931482,0.012146048359496169,11.187633087931482
C:\MyProjects\Project-Proposal\PrivateCoach\Project-EchoesofEquity\data/wav\2240_bof_t12.wav,C:\MyProjects\Project-Proposal\PrivateCoach\Project-EchoesofEquity\data/melspec\2240_bof_t12.npy,2240,black,older,female,trustworthy,12,,1.5124166666666667,252.50330951490133,76.60475971607097,13.444133244877666,0.016617023451729475,13.444133244877666
C:\MyProjects\Project-Proposal\PrivateCoach\Project-EchoesofEquity\data/wav\2241_aom_n09.wav,C:\MyProjects\Project-Proposal\PrivateCoach\Project-EchoesofEquity\data/melspec\2241_aom_n09.npy,2241,south_asian,older,male,neutral,9,,2.263708333333333,149.66711200317027,24.027902521763732,11.699086058119905,0.03485380100320878,11.699086058119905
C:\MyProjects\Project-Proposal\PrivateCoach\Project-EchoesofEquity\data/wav\2241_aom_n10.wav,C:\MyProjects\Project-Proposal\PrivateCoach\Project-EchoesofEquity\data/melspec\2241_aom_n10.npy,2241,south_asian,older,male,neutral,10,,2.126625,153.60368034273307,20.449163270405773,8.69165628263498,0.025399218491663652,8.69165628263498
C:\MyProjects\Project-Proposal\PrivateCoach\Project-EchoesofEquity\data/wav\2241_aom_n11.wav,C:\MyProjects\Project-Proposal\PrivateCoach\Project-EchoesofEquity\data/melspec\2241_aom_n11.npy,2241,south_asian,older,male,neutral,11,,2.1750416666666665,149.46220242276056,24.28979474662068,11.130428725401558,0.028145583398165967,11.130428725401558
C:\MyProjects\Project-Proposal\PrivateCoach\Project-EchoesofEquity\data/wav\2241_aom_n12.wav,C:\MyProjects\Project-Proposal\PrivateCoach\Project-EchoesofEquity\data/melspec\2241_aom_n12.npy,2241,south_asian,older,male,neutral,12,,3.0195833333333333,145.76563662980595,16.329554678546934,12.027707339927241,0.03132397965255803,12.027707339927241
C:\MyProjects\Project-Proposal\PrivateCoach\Project-EchoesofEquity\data/wav\2241_aom_n13.wav,C:\MyProjects\Project-Proposal\PrivateCoach\Project-EchoesofEquity\data/melspec\2241_aom_n13.npy,2241,south_asian,older,male,neutral,13,,1.5810833333333334,144.8643805622073,10.950316337584303,14.597039759543984,0.021432919112534116,14.597039759543984
C:\MyProjects\Project-Proposal\PrivateCoach\Project-EchoesofEquity\data/wav\2241_aom_n14.wav,C:\MyProjects\Project-Proposal\PrivateCoach\Project-EchoesofEquity\data/melspec\2241_aom_n14.npy,2241,south_asian,older,male,neutral,14,,2.0585625,153.89681519800257,40.43532338162319,11.865647890442792,0.028947101385690423,11.865647890442792
C:\MyProjects\Project-Proposal\PrivateCoach\Project-EchoesofEquity\data/wav\2241_aom_t09.wav,C:\MyProjects\Project-Proposal\PrivateCoach\Project-EchoesofEquity\data/melspec\2241_aom_t09.npy,2241,south_asian,older,male,trustworthy,9,,2.0784583333333333,155.0332544127414,25.03167278441157,12.311555288231,0.030188385293826992,12.311555288231
C:\MyProjects\Project-Proposal\PrivateCoach\Project-EchoesofEquity\data/wav\2241_aom_t10.wav,C:\MyProjects\Project-Proposal\PrivateCoach\Project-EchoesofEquity\data/melspec\2241_aom_t10.npy,2241,south_asian,older,male,trustworthy,10,,2.1144791666666665,179.81639686289657,57.201421243731374,9.408772194008877,0.03497578856564899,9.408772194008877
C:\MyProjects\Project-Proposal\PrivateCoach\Project-EchoesofEquity\data/wav\2241_aom_t11.wav,C:\MyProjects\Project-Proposal\PrivateCoach\Project-EchoesofEquity\data/melspec\2241_aom_t11.npy,2241,south_asian,older,male,trustworthy,11,,1.9260208333333333,172.48432266098817,63.32598272665569,12.650348226131499,0.03236120774595479,12.650348226131499
C:\MyProjects\Project-Proposal\PrivateCoach\Project-EchoesofEquity\data/wav\2241_aom_t12.wav,C:\MyProjects\Project-Proposal\PrivateCoach\Project-EchoesofEquity\data/melspec\2241_aom_t12.npy,2241,south_asian,older,male,trustworthy,12,,1.7870625,183.22385449134467,48.89536390397015,12.614950070397274,0.035963427955238866,12.614950070397274
C:\MyProjects\Project-Proposal\PrivateCoach\Project-EchoesofEquity\data/wav\2241_aom_t13.wav,C:\MyProjects\Project-Proposal\PrivateCoach\Project-EchoesofEquity\data/melspec\2241_aom_t13.npy,2241,south_asian,older,male,trustworthy,13,,1.6225208333333334,198.1136479923046,26.343534006087168,13.36158863041594,0.03046358145234262,13.36158863041594
C:\MyProjects\Project-Proposal\PrivateCoach\Project-EchoesofEquity\data/wav\2241_aom_t14.wav,C:\MyProjects\Project-Proposal\PrivateCoach\Project-EchoesofEquity\data/melspec\2241_aom_t14.npy,2241,south_asian,older,male,trustworthy,14,,1.8109791666666666,195.17947292596259,35.79335108377568,11.128520913616386,0.037257857889027975,11.128520913616386
C:\MyProjects\Project-Proposal\PrivateCoach\Project-EchoesofEquity\data/wav\2244_bof_n03.wav,C:\MyProjects\Project-Proposal\PrivateCoach\Project-EchoesofEquity\data/melspec\2244_bof_n03.npy,2244,black,older,female,neutral,3,,3.3896041666666665,137.23171104591373,27.843576493055718,12.420020929893079,0.018084494477069987,12.420020929893079
C:\MyProjects\Project-Proposal\PrivateCoach\Project-EchoesofEquity\data/wav\2244_bof_n06.wav,C:\MyProjects\Project-Proposal\PrivateCoach\Project-EchoesofEquity\data/melspec\2244_bof_n06.npy,2244,black,older,female,neutral,6,,2.3573333333333335,156.71076739911436,74.75598611271003,14.265173620866877,0.01961586648386259,14.265173620866877
C:\MyProjects\Project-Proposal\PrivateCoach\Project-EchoesofEquity\data/wav\2244_bof_n08.wav,C:\MyProjects\Project-Proposal\PrivateCoach\Project-EchoesofEquity\data/melspec\2244_bof_n08.npy,2244,black,older,female,neutral,8,,2.6735625,142.84166150424707,16.56197276232917,11.003178776289577,0.020524333221291977,11.003178776289577
C:\MyProjects\Project-Proposal\PrivateCoach\Project-EchoesofEquity\data/wav\2244_bof_n11.wav,C:\MyProjects\Project-Proposal\PrivateCoach\Project-EchoesofEquity\data/melspec\2244_bof_n11.npy,2244,black,older,female,neutral,11,,2.61525,157.23824009252513,44.109947084955834,10.021396171067341,0.01224405369698257,10.021396171067341
C:\MyProjects\Project-Proposal\PrivateCoach\Project-EchoesofEquity\data/wav\2244_bof_n12c.wav,C:\MyProjects\Project-Proposal\PrivateCoach\Project-EchoesofEquity\data/melspec\2244_bof_n12c.npy,2244,black,older,female,neutral,12,c,2.624375,150.92623785188502,57.860662875570455,11.986559028140308,0.017364988878377847,11.986559028140308
C:\MyProjects\Project-Proposal\PrivateCoach\Project-EchoesofEquity\data/wav\2244_bof_n13c.wav,C:\MyProjects\Project-Proposal\PrivateCoach\Project-EchoesofEquity\data/melspec\2244_bof_n13c.npy,2244,black,older,female,neutral,13,c,1.8591666666666666,156.39068709301242,36.555339548780196,13.297533349060306,0.017923071025495965,13.297533349060306
C:\MyProjects\Project-Proposal\PrivateCoach\Project-EchoesofEquity\data/wav\2244_bof_t03.wav,C:\MyProjects\Project-Proposal\PrivateCoach\Project-EchoesofEquity\data/melspec\2244_bof_t03.npy,2244,black,older,female,trustworthy,3,,2.3480833333333333,180.53973341084884,95.22438912717199,9.528088479722461,0.021234460847378015,9.528088479722461
C:\MyProjects\Project-Proposal\PrivateCoach\Project-EchoesofEquity\data/wav\2244_bof_t06c.wav,C:\MyProjects\Project-Proposal\PrivateCoach\Project-EchoesofEquity\data/melspec\2244_bof_t06c.npy,2244,black,older,female,trustworthy,6,c,2.066375,148.29412575355596,25.41076072345925,10.581224152731227,0.01942462247573755,10.581224152731227
C:\MyProjects\Project-Proposal\PrivateCoach\Project-EchoesofEquity\data/wav\2244_bof_t08.wav,C:\MyProjects\Project-Proposal\PrivateCoach\Project-EchoesofEquity\data/melspec\2244_bof_t08.npy,2244,black,older,female,trustworthy,8,,2.818020833333333,149.6692479519397,31.534048843032846,11.498207518923918,0.02079532963753287,11.498207518923918
C:\MyProjects\Project-Proposal\PrivateCoach\Project-EchoesofEquity\data/wav\2244_bof_t11.wav,C:\MyProjects\Project-Proposal\PrivateCoach\Project-EchoesofEquity\data/melspec\2244_bof_t11.npy,2244,black,older,female,trustworthy,11,,2.4379166666666667,150.31067068328835,32.33710401470232,9.921166811108407,0.01905049072839053,9.921166811108407
C:\MyProjects\Project-Proposal\PrivateCoach\Project-EchoesofEquity\data/wav\2244_bof_t12.wav,C:\MyProjects\Project-Proposal\PrivateCoach\Project-EchoesofEquity\data/melspec\2244_bof_t12.npy,2244,black,older,female,trustworthy,12,,1.6918541666666667,177.8484286089065,44.25504181303273,12.9860370991721,0.02237647134516145,12.9860370991721
C:\MyProjects\Project-Proposal\PrivateCoach\Project-EchoesofEquity\data/wav\2244_bof_t13c.wav,C:\MyProjects\Project-Proposal\PrivateCoach\Project-EchoesofEquity\data/melspec\2244_bof_t13c.npy,2244,black,older,female,trustworthy,13,c,1.7595208333333334,157.09824366894347,50.97258112659547,12.319548732767915,0.01626310492238004,12.319548732767915
C:\MyProjects\Project-Proposal\PrivateCoach\Project-EchoesofEquity\data/wav\2254_aom_n05.wav,C:\MyProjects\Project-Proposal\PrivateCoach\Project-EchoesofEquity\data/melspec\2254_aom_n05.npy,2254,south_asian,older,male,neutral,5,,2.01575,148.22649104189253,23.532199937143307,13.663852065237771,0.029155126072814275,13.663852065237771
C:\MyProjects\Project-Proposal\PrivateCoach\Project-EchoesofEquity\data/wav\2254_aom_n06.wav,C:\MyProjects\Project-Proposal\PrivateCoach\Project-EchoesofEquity\data/melspec\2254_aom_n06.npy,2254,south_asian,older,male,neutral,6,,1.7796666666666667,142.55836883824858,15.073531234546412,13.474838008291728,0.02648870129318911,13.474838008291728
C:\MyProjects\Project-Proposal\PrivateCoach\Project-EchoesofEquity\data/wav\2254_aom_n07.wav,C:\MyProjects\Project-Proposal\PrivateCoach\Project-EchoesofEquity\data/melspec\2254_aom_n07.npy,2254,south_asian,older,male,neutral,7,,1.7440833333333334,141.4458389743269,13.55252148083224,16.87232082044388,0.025934292327520467,16.87232082044388
C:\MyProjects\Project-Proposal\PrivateCoach\Project-EchoesofEquity\data/wav\2254_aom_n08.wav,C:\MyProjects\Project-Proposal\PrivateCoach\Project-EchoesofEquity\data/melspec\2254_aom_n08.npy,2254,south_asian,older,male,neutral,8,,1.9961041666666666,154.20167194480524,17.8031122912253,14.256473258179808,0.016755647384377972,14.256473258179808
C:\MyProjects\Project-Proposal\PrivateCoach\Project-EchoesofEquity\data/wav\2254_aom_n09.wav,C:\MyProjects\Project-Proposal\PrivateCoach\Project-EchoesofEquity\data/melspec\2254_aom_n09.npy,2254,south_asian,older,male,neutral,9,,1.8663333333333334,145.9835799760832,16.79682890759898,14.618195944843778,0.02649991802512923,14.618195944843778
C:\MyProjects\Project-Proposal\PrivateCoach\Project-EchoesofEquity\data/wav\2254_aom_n10.wav,C:\MyProjects\Project-Proposal\PrivateCoach\Project-EchoesofEquity\data/melspec\2254_aom_n10.npy,2254,south_asian,older,male,neutral,10,,2.617395833333333,152.727016370598,21.61756736183672,11.40812295523558,0.024169063909841828,11.40812295523558
C:\MyProjects\Project-Proposal\PrivateCoach\Project-EchoesofEquity\data/wav\2254_aom_t05.wav,C:\MyProjects\Project-Proposal\PrivateCoach\Project-EchoesofEquity\data/melspec\2254_aom_t05.npy,2254,south_asian,older,male,trustworthy,5,,2.9644583333333334,169.97467409070836,34.22307822307272,17.721050422521472,0.020740524095053843,17.721050422521472
C:\MyProjects\Project-Proposal\PrivateCoach\Project-EchoesofEquity\data/wav\2254_aom_t06.wav,C:\MyProjects\Project-Proposal\PrivateCoach\Project-EchoesofEquity\data/melspec\2254_aom_t06.npy,2254,south_asian,older,male,trustworthy,6,,3.8037083333333332,163.06119135674098,28.26288630124597,18.607234470914268,0.017506753897262427,18.607234470914268
C:\MyProjects\Project-Proposal\PrivateCoach\Project-EchoesofEquity\data/wav\2254_aom_t07.wav,C:\MyProjects\Project-Proposal\PrivateCoach\Project-EchoesofEquity\data/melspec\2254_aom_t07.npy,2254,south_asian,older,male,trustworthy,7,,2.5125,163.68180447620045,21.025728001512885,19.601898621415284,0.020646334117662143,19.601898621415284
C:\MyProjects\Project-Proposal\PrivateCoach\Project-EchoesofEquity\data/wav\2254_aom_t08.wav,C:\MyProjects\Project-Proposal\PrivateCoach\Project-EchoesofEquity\data/melspec\2254_aom_t08.npy,2254,south_asian,older,male,trustworthy,8,,3.357,172.8082583358261,19.223696959577705,12.897577843814958,0.01832923961948726,12.897577843814958
C:\MyProjects\Project-Proposal\PrivateCoach\Project-EchoesofEquity\data/wav\2254_aom_t09.wav,C:\MyProjects\Project-Proposal\PrivateCoach\Project-EchoesofEquity\data/melspec\2254_aom_t09.npy,2254,south_asian,older,male,trustworthy,9,,2.9709583333333334,165.58633630572945,32.10950944279204,17.45690408989596,0.019916298958069862,17.45690408989596
C:\MyProjects\Project-Proposal\PrivateCoach\Project-EchoesofEquity\data/wav\2254_aom_t10.wav,C:\MyProjects\Project-Proposal\PrivateCoach\Project-EchoesofEquity\data/melspec\2254_aom_t10.npy,2254,south_asian,older,male,trustworthy,10,,3.058125,189.7599485186417,40.96976976878071,12.757222375506263,0.026658692341656343,12.757222375506263
C:\MyProjects\Project-Proposal\PrivateCoach\Project-EchoesofEquity\data/wav\2271_aof_n07.wav,C:\MyProjects\Project-Proposal\PrivateCoach\Project-EchoesofEquity\data/melspec\2271_aof_n07.npy,2271,south_asian,older,female,neutral,7,,2.344375,207.7575222678792,39.102007303335085,15.485969073797916,0.016801839510571927,15.485969073797916
C:\MyProjects\Project-Proposal\PrivateCoach\Project-EchoesofEquity\data/wav\2271_aof_n09c.wav,C:\MyProjects\Project-Proposal\PrivateCoach\Project-EchoesofEquity\data/melspec\2271_aof_n09c.npy,2271,south_asian,older,female,neutral,9,c,2.192041666666667,188.7815289794603,34.02511432961494,12.968773964769074,0.01901454245602515,12.968773964769074
C:\MyProjects\Project-Proposal\PrivateCoach\Project-EchoesofEquity\data/wav\2271_aof_n10c.wav,C:\MyProjects\Project-Proposal\PrivateCoach\Project-EchoesofEquity\data/melspec\2271_aof_n10c.npy,2271,south_asian,older,female,neutral,10,c,2.6835833333333334,208.32926488740117,72.43678449037125,12.649025080124453,0.0220224634439382,12.649025080124453
C:\MyProjects\Project-Proposal\PrivateCoach\Project-EchoesofEquity\data/wav\2271_aof_n11c.wav,C:\MyProjects\Project-Proposal\PrivateCoach\Project-EchoesofEquity\data/melspec\2271_aof_n11c.npy,2271,south_asian,older,female,neutral,11,c,2.37725,191.459582211997,43.75690537835011,14.971314605869685,0.014576826106998895,14.971314605869685
C:\MyProjects\Project-Proposal\PrivateCoach\Project-EchoesofEquity\data/wav\2271_aof_n12.wav,C:\MyProjects\Project-Proposal\PrivateCoach\Project-EchoesofEquity\data/melspec\2271_aof_n12.npy,2271,south_asian,older,female,neutral,12,,2.533520833333333,186.78648899566122,40.845531170094176,14.566252584168547,0.015623683315583817,14.566252584168547
C:\MyProjects\Project-Proposal\PrivateCoach\Project-EchoesofEquity\data/wav\2271_aof_n13.wav,C:\MyProjects\Project-Proposal\PrivateCoach\Project-EchoesofEquity\data/melspec\2271_aof_n13.npy,2271,south_asian,older,female,neutral,13,,1.99775,201.18965691407814,28.644905442138224,13.96297659689071,0.013978288299388767,13.96297659689071
C:\MyProjects\Project-Proposal\PrivateCoach\Project-EchoesofEquity\data/wav\2271_aof_t07.wav,C:\MyProjects\Project-Proposal\PrivateCoach\Project-EchoesofEquity\data/melspec\2271_aof_t07.npy,2271,south_asian,older,female,trustworthy,7,,2.2652083333333333,221.16476393459794,59.41611254604376,12.124395566597308,0.02102012094477859,12.124395566597308
C:\MyProjects\Project-Proposal\PrivateCoach\Project-EchoesofEquity\data/wav\2271_aof_t09c.wav,C:\MyProjects\Project-Proposal\PrivateCoach\Project-EchoesofEquity\data/melspec\2271_aof_t09c.npy,2271,south_asian,older,female,trustworthy,9,c,2.0345416666666667,258.639763064913,57.06116127405914,10.756488612281162,0.016262935681854246,10.756488612281162
C:\MyProjects\Project-Proposal\PrivateCoach\Project-EchoesofEquity\data/wav\2271_aof_t10.wav,C:\MyProjects\Project-Proposal\PrivateCoach\Project-EchoesofEquity\data/melspec\2271_aof_t10.npy,2271,south_asian,older,female,trustworthy,10,,2.2041041666666668,299.08640673416534,50.22290432084376,12.591833663136802,0.017742867511369383,12.591833663136802
C:\MyProjects\Project-Proposal\PrivateCoach\Project-EchoesofEquity\data/wav\2271_aof_t11.wav,C:\MyProjects\Project-Proposal\PrivateCoach\Project-EchoesofEquity\data/melspec\2271_aof_t11.npy,2271,south_asian,older,female,trustworthy,11,,2.477333333333333,240.1755549939237,51.97736581333343,12.891258396135095,0.01570895318141407,12.891258396135095
C:\MyProjects\Project-Proposal\PrivateCoach\Project-EchoesofEquity\data/wav\2271_aof_t12.wav,C:\MyProjects\Project-Proposal\PrivateCoach\Project-EchoesofEquity\data/melspec\2271_aof_t12.npy,2271,south_asian,older,female,trustworthy,12,,2.432729166666667,236.0045410363054,57.326830511036974,13.593908708288788,0.014149145579598066,13.593908708288788
C:\MyProjects\Project-Proposal\PrivateCoach\Project-EchoesofEquity\data/wav\2271_aof_t13c.wav,C:\MyProjects\Project-Proposal\PrivateCoach\Project-EchoesofEquity\data/melspec\2271_aof_t13c.npy,2271,south_asian,older,female,trustworthy,13,c,1.8948125,182.02802486264645,52.69024989765111,13.994395081432977,0.011906655897648402,13.994395081432977
C:\MyProjects\Project-Proposal\PrivateCoach\Project-EchoesofEquity\data/wav\2297_bof_n05.wav,C:\MyProjects\Project-Proposal\PrivateCoach\Project-EchoesofEquity\data/melspec\2297_bof_n05.npy,2297,black,older,female,neutral,5,,1.523375,188.7129463547236,17.751139315591523,13.603709026256267,0.02077052787903017,13.603709026256267
C:\MyProjects\Project-Proposal\PrivateCoach\Project-EchoesofEquity\data/wav\2297_bof_n06.wav,C:\MyProjects\Project-Proposal\PrivateCoach\Project-EchoesofEquity\data/melspec\2297_bof_n06.npy,2297,black,older,female,neutral,6,,1.3675625,186.6591508257884,10.299484571882854,15.988222475321896,0.0186942487578005,15.988222475321896
C:\MyProjects\Project-Proposal\PrivateCoach\Project-EchoesofEquity\data/wav\2297_bof_n07.wav,C:\MyProjects\Project-Proposal\PrivateCoach\Project-EchoesofEquity\data/melspec\2297_bof_n07.npy,2297,black,older,female,neutral,7,,1.490125,190.21131541335683,14.289425341701456,16.99098848865592,0.01642521438590093,16.99098848865592
C:\MyProjects\Project-Proposal\PrivateCoach\Project-EchoesofEquity\data/wav\2297_bof_n08.wav,C:\MyProjects\Project-Proposal\PrivateCoach\Project-EchoesofEquity\data/melspec\2297_bof_n08.npy,2297,black,older,female,neutral,8,,1.4877083333333334,187.5558850468649,17.589713938400383,15.964164717644186,0.010516396804978668,15.964164717644186
C:\MyProjects\Project-Proposal\PrivateCoach\Project-EchoesofEquity\data/wav\2297_bof_n09.wav,C:\MyProjects\Project-Proposal\PrivateCoach\Project-EchoesofEquity\data/melspec\2297_bof_n09.npy,2297,black,older,female,neutral,9,,1.4013333333333333,189.04358873454407,18.300507381611308,15.311747494417421,0.016797498739029325,15.311747494417421
C:\MyProjects\Project-Proposal\PrivateCoach\Project-EchoesofEquity\data/wav\2297_bof_n10.wav,C:\MyProjects\Project-Proposal\PrivateCoach\Project-EchoesofEquity\data/melspec\2297_bof_n10.npy,2297,black,older,female,neutral,10,,2.0726875,193.09122084679555,26.04537658031776,10.163566579631214,0.021657950568154574,10.163566579631214
C:\MyProjects\Project-Proposal\PrivateCoach\Project-EchoesofEquity\data/wav\2297_bof_t05.wav,C:\MyProjects\Project-Proposal\PrivateCoach\Project-EchoesofEquity\data/melspec\2297_bof_t05.npy,2297,black,older,female,trustworthy,5,,1.45125,201.7705357593624,38.05632606282228,11.999037739681368,0.021901849569014878,11.999037739681368
C:\MyProjects\Project-Proposal\PrivateCoach\Project-EchoesofEquity\data/wav\2297_bof_t06.wav,C:\MyProjects\Project-Proposal\PrivateCoach\Project-EchoesofEquity\data/melspec\2297_bof_t06.npy,2297,black,older,female,trustworthy,6,,1.2534166666666666,294.30336046242206,58.62806454108236,14.117385170018864,0.01728936668737313,14.117385170018864
C:\MyProjects\Project-Proposal\PrivateCoach\Project-EchoesofEquity\data/wav\2297_bof_t07.wav,C:\MyProjects\Project-Proposal\PrivateCoach\Project-EchoesofEquity\data/melspec\2297_bof_t07.npy,2297,black,older,female,trustworthy,7,,1.3799375,203.65245523833553,23.183204334434112,16.806999837982023,0.02363642216682962,16.806999837982023
C:\MyProjects\Project-Proposal\PrivateCoach\Project-EchoesofEquity\data/wav\2297_bof_t08.wav,C:\MyProjects\Project-Proposal\PrivateCoach\Project-EchoesofEquity\data/melspec\2297_bof_t08.npy,2297,black,older,female,trustworthy,8,,1.2803541666666667,316.73674673701186,104.20899157247061,14.298310798820543,0.015575857524303785,14.298310798820543
C:\MyProjects\Project-Proposal\PrivateCoach\Project-EchoesofEquity\data/wav\2297_bof_t09.wav,C:\MyProjects\Project-Proposal\PrivateCoach\Project-EchoesofEquity\data/melspec\2297_bof_t09.npy,2297,black,older,female,trustworthy,9,,1.5312291666666666,254.0871106362411,40.17406671324305,16.562395640763558,0.01577861079131232,16.562395640763558
C:\MyProjects\Project-Proposal\PrivateCoach\Project-EchoesofEquity\data/wav\2297_bof_t10.wav,C:\MyProjects\Project-Proposal\PrivateCoach\Project-EchoesofEquity\data/melspec\2297_bof_t10.npy,2297,black,older,female,trustworthy,10,,1.9248958333333333,316.48662301527503,102.28200877341874,11.249786936323757,0.016281210283777745,11.249786936323757
C:\MyProjects\Project-Proposal\PrivateCoach\Project-EchoesofEquity\data/wav\2301_bom_n11.wav,C:\MyProjects\Project-Proposal\PrivateCoach\Project-EchoesofEquity\data/melspec\2301_bom_n11.npy,2301,black,older,male,neutral,11,,1.6799375,102.39331878801521,7.610049794037303,12.708579907428941,0.020629815192505986,12.708579907428941
C:\MyProjects\Project-Proposal\PrivateCoach\Project-EchoesofEquity\data/wav\2301_bom_n12.wav,C:\MyProjects\Project-Proposal\PrivateCoach\Project-EchoesofEquity\data/melspec\2301_bom_n12.npy,2301,black,older,male,neutral,12,,1.650625,106.83325421241288,9.00242340940178,15.24332904158579,0.017382174000431183,15.24332904158579
C:\MyProjects\Project-Proposal\PrivateCoach\Project-EchoesofEquity\data/wav\2301_bom_n13.wav,C:\MyProjects\Project-Proposal\PrivateCoach\Project-EchoesofEquity\data/melspec\2301_bom_n13.npy,2301,black,older,male,neutral,13,,1.4683125,105.21582528289436,8.582220315229526,13.812745504151174,0.017428977515528802,13.812745504151174
C:\MyProjects\Project-Proposal\PrivateCoach\Project-EchoesofEquity\data/wav\2301_bom_n14.wav,C:\MyProjects\Project-Proposal\PrivateCoach\Project-EchoesofEquity\data/melspec\2301_bom_n14.npy,2301,black,older,male,neutral,14,,1.6118541666666666,101.70784852784793,7.725341901305937,12.845262314165094,0.02140309384313037,12.845262314165094
C:\MyProjects\Project-Proposal\PrivateCoach\Project-EchoesofEquity\data/wav\2301_bom_n15.wav,C:\MyProjects\Project-Proposal\PrivateCoach\Project-EchoesofEquity\data/melspec\2301_bom_n15.npy,2301,black,older,male,neutral,15,,1.4016458333333333,105.39886582190618,6.471028583141487,13.456928119923383,0.026664873330773022,13.456928119923383
C:\MyProjects\Project-Proposal\PrivateCoach\Project-EchoesofEquity\data/wav\2301_bom_n16.wav,C:\MyProjects\Project-Proposal\PrivateCoach\Project-EchoesofEquity\data/melspec\2301_bom_n16.npy,2301,black,older,male,neutral,16,,1.4997916666666666,107.09082909902725,8.05878760286819,12.23961897133516,0.021427359391424445,12.23961897133516
C:\MyProjects\Project-Proposal\PrivateCoach\Project-EchoesofEquity\data/wav\2301_bom_t11.wav,C:\MyProjects\Project-Proposal\PrivateCoach\Project-EchoesofEquity\data/melspec\2301_bom_t11.npy,2301,black,older,male,trustworthy,11,,1.8326666666666667,139.30131122374556,84.40626287366258,14.158572227793906,0.017763392980617635,14.158572227793906
C:\MyProjects\Project-Proposal\PrivateCoach\Project-EchoesofEquity\data/wav\2301_bom_t12.wav,C:\MyProjects\Project-Proposal\PrivateCoach\Project-EchoesofEquity\data/melspec\2301_bom_t12.npy,2301,black,older,male,trustworthy,12,,2.36725,121.92426437158554,33.49837276532863,13.771750998021485,0.02142171444874495,13.771750998021485
C:\MyProjects\Project-Proposal\PrivateCoach\Project-EchoesofEquity\data/wav\2301_bom_t13.wav,C:\MyProjects\Project-Proposal\PrivateCoach\Project-EchoesofEquity\data/melspec\2301_bom_t13.npy,2301,black,older,male,trustworthy,13,,1.6089791666666666,113.71302787078909,7.420188096949603,15.006294149835457,0.016509891714290376,15.006294149835457
C:\MyProjects\Project-Proposal\PrivateCoach\Project-EchoesofEquity\data/wav\2301_bom_t14.wav,C:\MyProjects\Project-Proposal\PrivateCoach\Project-EchoesofEquity\data/melspec\2301_bom_t14.npy,2301,black,older,male,trustworthy,14,,1.605625,109.52360739019063,9.974211675285847,11.509528403202504,0.01982916461024536,11.509528403202504
C:\MyProjects\Project-Proposal\PrivateCoach\Project-EchoesofEquity\data/wav\2301_bom_t15.wav,C:\MyProjects\Project-Proposal\PrivateCoach\Project-EchoesofEquity\data/melspec\2301_bom_t15.npy,2301,black,older,male,trustworthy,15,,1.5146666666666666,108.65447953676654,8.30506184097017,13.096902910455373,0.03015328194077629,13.096902910455373
C:\MyProjects\Project-Proposal\PrivateCoach\Project-EchoesofEquity\data/wav\2301_bom_t16.wav,C:\MyProjects\Project-Proposal\PrivateCoach\Project-EchoesofEquity\data/melspec\2301_bom_t16.npy,2301,black,older,male,trustworthy,16,,1.5850833333333334,104.69267786904327,7.629981439194052,12.951029975186124,0.019632359892424983,12.951029975186124
C:\MyProjects\Project-Proposal\PrivateCoach\Project-EchoesofEquity\data/wav\3125_bym_n15.wav,C:\MyProjects\Project-Proposal\PrivateCoach\Project-EchoesofEquity\data/melspec\3125_bym_n15.npy,3125,black,younger,male,neutral,15,,1.3016875,110.61837174489699,87.85785649990974,8.532559175040479,0.04190570836321326,8.532559175040479
C:\MyProjects\Project-Proposal\PrivateCoach\Project-EchoesofEquity\data/wav\3125_bym_n16.wav,C:\MyProjects\Project-Proposal\PrivateCoach\Project-EchoesofEquity\data/melspec\3125_bym_n16.npy,3125,black,younger,male,neutral,16,,1.37125,99.82321518262683,11.040444840720477,9.706536183331782,0.0264525173638374,9.706536183331782
C:\MyProjects\Project-Proposal\PrivateCoach\Project-EchoesofEquity\data/wav\3125_bym_n17.wav,C:\MyProjects\Project-Proposal\PrivateCoach\Project-EchoesofEquity\data/melspec\3125_bym_n17.npy,3125,black,younger,male,neutral,17,,1.3145416666666667,98.21415582534695,6.865583996885601,7.0981418029680174,0.030420458398951602,7.0981418029680174
C:\MyProjects\Project-Proposal\PrivateCoach\Project-EchoesofEquity\data/wav\3125_bym_n18.wav,C:\MyProjects\Project-Proposal\PrivateCoach\Project-EchoesofEquity\data/melspec\3125_bym_n18.npy,3125,black,younger,male,neutral,18,,1.4773541666666667,117.2252456971427,87.06062884793363,9.01038258120678,0.0355413738167617,9.01038258120678
C:\MyProjects\Project-Proposal\PrivateCoach\Project-EchoesofEquity\data/wav\3125_bym_n19.wav,C:\MyProjects\Project-Proposal\PrivateCoach\Project-EchoesofEquity\data/melspec\3125_bym_n19.npy,3125,black,younger,male,neutral,19,,1.6689791666666667,127.23928163208075,111.90525640136565,7.59496401510649,0.04339830418004889,7.59496401510649
C:\MyProjects\Project-Proposal\PrivateCoach\Project-EchoesofEquity\data/wav\3125_bym_n20c.wav,C:\MyProjects\Project-Proposal\PrivateCoach\Project-EchoesofEquity\data/melspec\3125_bym_n20c.npy,3125,black,younger,male,neutral,20,c,1.2974583333333334,112.7989793056366,82.38085144002552,10.592730825594618,0.03606815310003715,10.592730825594618
C:\MyProjects\Project-Proposal\PrivateCoach\Project-EchoesofEquity\data/wav\3125_bym_t15.wav,C:\MyProjects\Project-Proposal\PrivateCoach\Project-EchoesofEquity\data/melspec\3125_bym_t15.npy,3125,black,younger,male,trustworthy,15,,1.1116666666666666,146.09304772176958,70.78958179125976,8.658107665799312,0.023089395690013156,8.658107665799312
C:\MyProjects\Project-Proposal\PrivateCoach\Project-EchoesofEquity\data/wav\3125_bym_t16c.wav,C:\MyProjects\Project-Proposal\PrivateCoach\Project-EchoesofEquity\data/melspec\3125_bym_t16c.npy,3125,black,younger,male,trustworthy,16,c,1.1030625,157.0084073745856,27.68883336028714,10.552691885323235,0.02810723664776837,10.552691885323235
C:\MyProjects\Project-Proposal\PrivateCoach\Project-EchoesofEquity\data/wav\3125_bym_t17.wav,C:\MyProjects\Project-Proposal\PrivateCoach\Project-EchoesofEquity\data/melspec\3125_bym_t17.npy,3125,black,younger,male,trustworthy,17,,1.2752291666666666,143.17382348163213,31.50659558609732,9.53093601176688,0.030797731615165483,9.53093601176688
C:\MyProjects\Project-Proposal\PrivateCoach\Project-EchoesofEquity\data/wav\3125_bym_t18.wav,C:\MyProjects\Project-Proposal\PrivateCoach\Project-EchoesofEquity\data/melspec\3125_bym_t18.npy,3125,black,younger,male,trustworthy,18,,1.2270833333333333,137.13992393023764,26.131147536563795,10.229825833939925,0.026874667966495937,10.229825833939925
C:\MyProjects\Project-Proposal\PrivateCoach\Project-EchoesofEquity\data/wav\3125_bym_t19.wav,C:\MyProjects\Project-Proposal\PrivateCoach\Project-EchoesofEquity\data/melspec\3125_bym_t19.npy,3125,black,younger,male,trustworthy,19,,1.5774166666666667,127.2453705502085,21.930208243577354,8.600870591121833,0.03442979692520436,8.600870591121833
C:\MyProjects\Project-Proposal\PrivateCoach\Project-EchoesofEquity\data/wav\3125_bym_t20.wav,C:\MyProjects\Project-Proposal\PrivateCoach\Project-EchoesofEquity\data/melspec\3125_bym_t20.npy,3125,black,younger,male,trustworthy,20,,1.0076875,155.42153219638777,112.51776726927889,7.716815725923613,0.03246969428968871,7.716815725923613
C:\MyProjects\Project-Proposal\PrivateCoach\Project-EchoesofEquity\data/wav\3126_aym_n01.wav,C:\MyProjects\Project-Proposal\PrivateCoach\Project-EchoesofEquity\data/melspec\3126_aym_n01.npy,3126,south_asian,younger,male,neutral,1,,1.78875,128.7948887853377,7.766181829348555,14.943941566735395,0.018078188497877568,14.943941566735395
C:\MyProjects\Project-Proposal\PrivateCoach\Project-EchoesofEquity\data/wav\3126_aym_n02.wav,C:\MyProjects\Project-Proposal\PrivateCoach\Project-EchoesofEquity\data/melspec\3126_aym_n02.npy,3126,south_asian,younger,male,neutral,2,,1.6162708333333333,134.89837184259846,6.5643664023224195,18.061410248668167,0.008926395644687678,18.061410248668167
C:\MyProjects\Project-Proposal\PrivateCoach\Project-EchoesofEquity\data/wav\3126_aym_n03c.wav,C:\MyProjects\Project-Proposal\PrivateCoach\Project-EchoesofEquity\data/melspec\3126_aym_n03c.npy,3126,south_asian,younger,male,neutral,3,c,1.7463333333333333,129.32271571737743,8.401133416457265,15.470157692341397,0.012755010737924344,15.470157692341397
C:\MyProjects\Project-Proposal\PrivateCoach\Project-EchoesofEquity\data/wav\3126_aym_n04c.wav,C:\MyProjects\Project-Proposal\PrivateCoach\Project-EchoesofEquity\data/melspec\3126_aym_n04c.npy,3126,south_asian,younger,male,neutral,4,c,1.48075,128.31715180380021,6.437418618661507,16.760230357754697,0.010722570063137817,16.760230357754697
C:\MyProjects\Project-Proposal\PrivateCoach\Project-EchoesofEquity\data/wav\3126_aym_n19.wav,C:\MyProjects\Project-Proposal\PrivateCoach\Project-EchoesofEquity\data/melspec\3126_aym_n19.npy,3126,south_asian,younger,male,neutral,19,,1.748,131.56660570912075,12.336791155075026,13.987139902003927,0.018336243848048002,13.987139902003927
C:\MyProjects\Project-Proposal\PrivateCoach\Project-EchoesofEquity\data/wav\3126_aym_n20c.wav,C:\MyProjects\Project-Proposal\PrivateCoach\Project-EchoesofEquity\data/melspec\3126_aym_n20c.npy,3126,south_asian,younger,male,neutral,20,c,1.9154791666666666,129.84873599179957,7.221664050303043,14.136510254488583,0.015267539604564858,14.136510254488583
C:\MyProjects\Project-Proposal\PrivateCoach\Project-EchoesofEquity\data/wav\3126_aym_t01.wav,C:\MyProjects\Project-Proposal\PrivateCoach\Project-EchoesofEquity\data/melspec\3126_aym_t01.npy,3126,south_asian,younger,male,trustworthy,1,,1.43925,135.24062394971207,16.90434594611523,11.68249374360905,0.018456424212183818,11.68249374360905
C:\MyProjects\Project-Proposal\PrivateCoach\Project-EchoesofEquity\data/wav\3126_aym_t02.wav,C:\MyProjects\Project-Proposal\PrivateCoach\Project-EchoesofEquity\data/melspec\3126_aym_t02.npy,3126,south_asian,younger,male,trustworthy,2,,1.525375,137.3425084906509,15.394203648912972,13.195831106723348,0.015946753015487945,13.195831106723348
C:\MyProjects\Project-Proposal\PrivateCoach\Project-EchoesofEquity\data/wav\3126_aym_t03.wav,C:\MyProjects\Project-Proposal\PrivateCoach\Project-EchoesofEquity\data/melspec\3126_aym_t03.npy,3126,south_asian,younger,male,trustworthy,3,,1.6781041666666667,146.85013477414736,12.573399123597664,13.575525437489553,0.01399898471150995,13.575525437489553
C:\MyProjects\Project-Proposal\PrivateCoach\Project-EchoesofEquity\data/wav\3126_aym_t04.wav,C:\MyProjects\Project-Proposal\PrivateCoach\Project-EchoesofEquity\data/melspec\3126_aym_t04.npy,3126,south_asian,younger,male,trustworthy,4,,1.2149166666666666,136.6771096465993,16.619549087758667,12.1931212501199,0.015014387657091621,12.1931212501199
C:\MyProjects\Project-Proposal\PrivateCoach\Project-EchoesofEquity\data/wav\3126_aym_t19c.wav,C:\MyProjects\Project-Proposal\PrivateCoach\Project-EchoesofEquity\data/melspec\3126_aym_t19c.npy,3126,south_asian,younger,male,trustworthy,19,c,1.5647083333333334,144.0226394140891,11.310582318139776,14.69365490147259,0.018747779815431822,14.69365490147259
C:\MyProjects\Project-Proposal\PrivateCoach\Project-EchoesofEquity\data/wav\3126_aym_t20c.wav,C:\MyProjects\Project-Proposal\PrivateCoach\Project-EchoesofEquity\data/melspec\3126_aym_t20c.npy,3126,south_asian,younger,male,trustworthy,20,c,1.6019583333333334,146.7596061876261,40.17412204921101,12.106293432760989,0.022895882395661322,12.106293432760989
C:\MyProjects\Project-Proposal\PrivateCoach\Project-EchoesofEquity\data/wav\3130_wof_n13c.wav,C:\MyProjects\Project-Proposal\PrivateCoach\Project-EchoesofEquity\data/melspec\3130_wof_n13c.npy,3130,white,older,female,neutral,13,c,2.163104166666667,200.46658020232846,39.90655409541635,15.900322440982375,0.02079785688278487,15.900322440982375
C:\MyProjects\Project-Proposal\PrivateCoach\Project-EchoesofEquity\data/wav\3130_wof_n14c.wav,C:\MyProjects\Project-Proposal\PrivateCoach\Project-EchoesofEquity\data/melspec\3130_wof_n14c.npy,3130,white,older,female,neutral,14,c,2.518291666666667,201.3490678869169,31.19394938453325,16.809022034315028,0.01413186790500578,16.809022034315028
C:\MyProjects\Project-Proposal\PrivateCoach\Project-EchoesofEquity\data/wav\3130_wof_n15.wav,C:\MyProjects\Project-Proposal\PrivateCoach\Project-EchoesofEquity\data/melspec\3130_wof_n15.npy,3130,white,older,female,neutral,15,,2.147125,194.6812092206876,36.9654441216849,11.874912595270352,0.024204140108788737,11.874912595270352
C:\MyProjects\Project-Proposal\PrivateCoach\Project-EchoesofEquity\data/wav\3130_wof_n16.wav,C:\MyProjects\Project-Proposal\PrivateCoach\Project-EchoesofEquity\data/melspec\3130_wof_n16.npy,3130,white,older,female,neutral,16,,2.3311875,200.10039730176393,25.931993698721715,12.95831287836478,0.02696934811601031,12.95831287836478
C:\MyProjects\Project-Proposal\PrivateCoach\Project-EchoesofEquity\data/wav\3130_wof_n17.wav,C:\MyProjects\Project-Proposal\PrivateCoach\Project-EchoesofEquity\data/melspec\3130_wof_n17.npy,3130,white,older,female,neutral,17,,2.3323958333333334,195.00371661754676,35.988819997555204,11.558006021190234,0.030133358023311792,11.558006021190234
C:\MyProjects\Project-Proposal\PrivateCoach\Project-EchoesofEquity\data/wav\3130_wof_n18.wav,C:\MyProjects\Project-Proposal\PrivateCoach\Project-EchoesofEquity\data/melspec\3130_wof_n18.npy,3130,white,older,female,neutral,18,,2.783916666666667,209.11467522142786,90.31136518227824,11.065194063277685,0.029150504376045838,11.065194063277685
C:\MyProjects\Project-Proposal\PrivateCoach\Project-EchoesofEquity\data/wav\3130_wof_t13.wav,C:\MyProjects\Project-Proposal\PrivateCoach\Project-EchoesofEquity\data/melspec\3130_wof_t13.npy,3130,white,older,female,trustworthy,13,,1.6950416666666666,241.6445454058292,56.540751805968036,14.839362316755803,0.016999733516646392,14.839362316755803
C:\MyProjects\Project-Proposal\PrivateCoach\Project-EchoesofEquity\data/wav\3130_wof_t14c.wav,C:\MyProjects\Project-Proposal\PrivateCoach\Project-EchoesofEquity\data/melspec\3130_wof_t14c.npy,3130,white,older,female,trustworthy,14,c,1.6354791666666666,228.7044060237297,55.21454770186783,13.26306219164453,0.017655833369564066,13.26306219164453
C:\MyProjects\Project-Proposal\PrivateCoach\Project-EchoesofEquity\data/wav\3130_wof_t15.wav,C:\MyProjects\Project-Proposal\PrivateCoach\Project-EchoesofEquity\data/melspec\3130_wof_t15.npy,3130,white,older,female,trustworthy,15,,1.9323333333333332,199.37480771727775,23.588331477594394,12.506172776921666,0.025155559472877616,12.506172776921666
C:\MyProjects\Project-Proposal\PrivateCoach\Project-EchoesofEquity\data/wav\3130_wof_t16c.wav,C:\MyProjects\Project-Proposal\PrivateCoach\Project-EchoesofEquity\data/melspec\3130_wof_t16c.npy,3130,white,older,female,trustworthy,16,c,1.8704583333333333,228.62348532041602,52.399096502270545,13.445449931056698,0.02299956672704345,13.445449931056698
C:\MyProjects\Project-Proposal\PrivateCoach\Project-EchoesofEquity\data/wav\3130_wof_t17c.wav,C:\MyProjects\Project-Proposal\PrivateCoach\Project-EchoesofEquity\data/melspec\3130_wof_t17c.npy,3130,white,older,female,trustworthy,17,c,1.9290833333333333,263.2797513978195,72.84916726659338,12.745356637852547,0.024382918826821462,12.745356637852547
C:\MyProjects\Project-Proposal\PrivateCoach\Project-EchoesofEquity\data/wav\3130_wof_t18c.wav,C:\MyProjects\Project-Proposal\PrivateCoach\Project-EchoesofEquity\data/melspec\3130_wof_t18c.npy,3130,white,older,female,trustworthy,18,c,2.795375,227.30193533804575,65.03169558129963,13.411154677981012,0.02756039252092755,13.411154677981012
C:\MyProjects\Project-Proposal\PrivateCoach\Project-EchoesofEquity\data/wav\3132_aym_n11.wav,C:\MyProjects\Project-Proposal\PrivateCoach\Project-EchoesofEquity\data/melspec\3132_aym_n11.npy,3132,south_asian,younger,male,neutral,11,,2.1226041666666666,132.55674944686228,9.360165211781755,12.923990713080213,0.017153731801675932,12.923990713080213
C:\MyProjects\Project-Proposal\PrivateCoach\Project-EchoesofEquity\data/wav\3132_aym_n12.wav,C:\MyProjects\Project-Proposal\PrivateCoach\Project-EchoesofEquity\data/melspec\3132_aym_n12.npy,3132,south_asian,younger,male,neutral,12,,1.9728958333333333,131.16934391917908,9.490540786164592,13.026743549856546,0.021471084820441775,13.026743549856546
C:\MyProjects\Project-Proposal\PrivateCoach\Project-EchoesofEquity\data/wav\3132_aym_n13c.wav,C:\MyProjects\Project-Proposal\PrivateCoach\Project-EchoesofEquity\data/melspec\3132_aym_n13c.npy,3132,south_asian,younger,male,neutral,13,c,1.8678333333333332,127.30177719774166,8.36204143524065,15.278416548094672,0.02307636534216368,15.278416548094672
C:\MyProjects\Project-Proposal\PrivateCoach\Project-EchoesofEquity\data/wav\3132_aym_n14c.wav,C:\MyProjects\Project-Proposal\PrivateCoach\Project-EchoesofEquity\data/melspec\3132_aym_n14c.npy,3132,south_asian,younger,male,neutral,14,c,1.370875,162.20043822152374,115.88295093195659,10.122736645770038,0.026378919852375237,10.122736645770038
C:\MyProjects\Project-Proposal\PrivateCoach\Project-EchoesofEquity\data/wav\3132_aym_n15c.wav,C:\MyProjects\Project-Proposal\PrivateCoach\Project-EchoesofEquity\data/melspec\3132_aym_n15c.npy,3132,south_asian,younger,male,neutral,15,c,1.5788541666666667,167.91320198102915,115.01278985882134,11.93746342234534,0.02426633360650641,11.93746342234534
C:\MyProjects\Project-Proposal\PrivateCoach\Project-EchoesofEquity\data/wav\3132_aym_n16.wav,C:\MyProjects\Project-Proposal\PrivateCoach\Project-EchoesofEquity\data/melspec\3132_aym_n16.npy,3132,south_asian,younger,male,neutral,16,,2.0435416666666666,148.81441613454814,73.69517741982224,11.934587348989279,0.03556703777406697,11.934587348989279
C:\MyProjects\Project-Proposal\PrivateCoach\Project-EchoesofEquity\data/wav\3132_aym_t11.wav,C:\MyProjects\Project-Proposal\PrivateCoach\Project-EchoesofEquity\data/melspec\3132_aym_t11.npy,3132,south_asian,younger,male,trustworthy,11,,1.6377083333333333,166.40330454308997,16.702377416285103,15.694133759483414,0.014448588289690995,15.694133759483414
C:\MyProjects\Project-Proposal\PrivateCoach\Project-EchoesofEquity\data/wav\3132_aym_t12.wav,C:\MyProjects\Project-Proposal\PrivateCoach\Project-EchoesofEquity\data/melspec\3132_aym_t12.npy,3132,south_asian,younger,male,trustworthy,12,,1.850375,162.88509532712538,57.50656450921149,12.574749975135697,0.022344452186411252,12.574749975135697
C:\MyProjects\Project-Proposal\PrivateCoach\Project-EchoesofEquity\data/wav\3132_aym_t13.wav,C:\MyProjects\Project-Proposal\PrivateCoach\Project-EchoesofEquity\data/melspec\3132_aym_t13.npy,3132,south_asian,younger,male,trustworthy,13,,1.8112083333333333,149.57108698080052,47.23632493314544,14.839900868520125,0.020821237085298382,14.839900868520125
C:\MyProjects\Project-Proposal\PrivateCoach\Project-EchoesofEquity\data/wav\3132_aym_t14.wav,C:\MyProjects\Project-Proposal\PrivateCoach\Project-EchoesofEquity\data/melspec\3132_aym_t14.npy,3132,south_asian,younger,male,trustworthy,14,,1.4418333333333333,144.67620591723104,36.50567184639715,9.908027746412118,0.025233977606629265,9.908027746412118
C:\MyProjects\Project-Proposal\PrivateCoach\Project-EchoesofEquity\data/wav\3132_aym_t15.wav,C:\MyProjects\Project-Proposal\PrivateCoach\Project-EchoesofEquity\data/melspec\3132_aym_t15.npy,3132,south_asian,younger,male,trustworthy,15,,2.0030208333333333,126.868577914887,36.749022728340044,13.117599959728773,0.020147991104857956,13.117599959728773
C:\MyProjects\Project-Proposal\PrivateCoach\Project-EchoesofEquity\data/wav\3132_aym_t16.wav,C:\MyProjects\Project-Proposal\PrivateCoach\Project-EchoesofEquity\data/melspec\3132_aym_t16.npy,3132,south_asian,younger,male,trustworthy,16,,2.1713541666666667,125.50728007471172,23.356480157329656,13.99142434854765,0.022768885484082214,13.99142434854765
