,Acetoanaerobium,Acidaminococcus,Acidiferrobacter,Acidihalobacter,Acinetobacter,Actinobacillus,Actinomyces,Agathobacter,Aggregatibacter,Akkermansia,Alicyclobacillus,Alistipes,Alkalitalea,Alpha3microvirus,Aminobacterium,Anaerobutyricum,Anaerolinea,Anaerostipes,Anaerotignum,Aneurinibacillus,Anoxybacillus,Arcticibacterium,Aristaeella,Arsenophonus,Asticcacaulis,Aureibaculum,Bacillus,Bacteroides,Barnesiella,Bartonella,Basfia,Bifidobacterium,Blautia,Brochothrix,Burkholderia,Butyrivibrio,Caldicellulosiruptor,Campylobacter,Candidatus,Candidatus Amoebophilus,Candidatus Azobacteroides,Candidatus Blochmannia,Candidatus Cardinium,Candidatus Fukatsuia,Candidatus Hamiltonella,Candidatus Izimaplasma,Candidatus Koribacter,Candidatus Moranella,Candidatus Nucleicultrix,Candidatus Phaeomarinobacter,Candidatus Phytoplasma,Candidatus Promineofilum,Candidatus Purcelliella,Candidatus Solibacter,Candidatus Sulcia,Candidatus Tachikawaea,Capnocytophaga,Caulobacter,Cellulomonas,Cellulosilyticum,Chakrabartyella,Chlamydia,Chloroflexus,Chordicoccus,Chthonomonas,Cloacibacillus,Clostridioides,Clostridium,Collinsella,Comamonas,Coprobacter,Coprococcus,Coraliomargarita,Coriobacterium,Corynebacterium,Dehalobacterium,Dehalococcoides,Deinococcus,Desulfococcus,Desulfofarcimen,Desulfomonile,Desulfotomaculum,Desulfovibrio,Devosia,Dialister,Dichelobacter,Dorea,Draconibacterium,Eggerthella,Elusimicrobium,Emergencia,Enterobacter,Enterococcus,Enterovibrio,Erwinia,Erysipelothrix,Escherichia,Ethanoligenens,Eubacterium,Ezakiella,Faecalibacillus,Faecalibacterium,Faecalibaculum,Fastidiosipila,Fibrobacter,Filifactor,Finegoldia,Flammeovirga,Flavonifractor,Frankia,Fusobacterium,Gemmatimonas,Geoalkalibacter,Geobacillus,Geobacter,Gordonibacter,Haemophilus,Halomicrobium,Halothiobacillus,Helicobacter,Herbinix,Homo,Hungateiclostridium,Hungatella,Ichthyobacterium,Intestinibacillus,Intestinimonas,Jeotgalibaca,Kineothrix,Kiritimatiella,Klebsiella,Kosmotoga,Lachnoanaerobaculum,Lachnoclostridium,Lachnospira,Lactobacillus,Lactococcus,Lawsonibacter,Leuconostoc,Libanicoccus,Liberibacter,Limnochorda,Listeria,Longicatena,Lysinibacillus,Mageeibacillus,Magnetospira,Mahella,Massilia,Mediterraneibacter,Megamonas,Megasphaera,Melioribacter,Methanobrevibacter,Methylobacter,Mogibacterium,Monoglobus,Mordavella,Morganella,Muribaculum,Muricauda,Mycoplasma,Neisseria,Niabella,Nitrosomonas,Nitrospira,Nocardia,Novibacillus,Novisyntrophococcus,Odoribacter,Oenococcus,Olsenella,Oscillibacter,Paenibacillus,Paeniclostridium,Paludicola,Pantoea,Parabacteroides,Paraphotobacterium,Paraprevotella,Parvimonas,Pasteurella,Paucibacter,Peptoclostridium,Peptoniphilus,Petroclostridium,Phascolarctobacterium,Phocaeicola,Photobacterium,Porphyromonas,Pragia,Prevotella,Propionimicrobium,Prosthecochloris,Proteus,Pseudarcicella,Pseudomonas,Pseudopedobacter,Psychrobacter,Rhodomicrobium,Rickettsia,Roseburia,Rothia,Rubrobacter,Ruminococcus,Ruthenibacterium,Salmonella,Sandaracinus,Sarcina,Segatella,Selenomonas,Sellimonas,Serratia,Shewanella,Shigella,Sneathia,Sodalis,Solibaculum,Sphaerobacter,Sphingobium,Spiroplasma,Staphylococcus,Steroidobacter,Streptobacillus,Streptococcus,Streptomyces,Sutterella,Symbiobacterium,Synechococcus,Syntrophomonas,Tannerella,Terrisporobacter,Tessaracoccus,Thalassolituus,Thermobifida,Thermobispora,Thermodesulfatator,Thermus,Thioalkalivibrio,Thioflavicoccus,Thiomonas,Thomasclavelia,Tistrella,Treponema,Trichodesmium,Turicibacter,Ureaplasma,Vagococcus,Veillonella,Vescimonas,Vibrio,Virgibacillus,Wansuia,Weissella,Xanthomonas,Yersinia,[Clostridium],[Ruminococcus],uncultured
SRR2143521,0.0,0.0,0.0,0.0,0.0,0.0,0.0,0.00133,0.0,0.06097,0.0,0.0,0.0,0.0,0.0,0.13309,0.0,0.14154999999999998,0.0,0.0,0.0,0.0,0.0,0.0,0.0,0.00538,0.0,0.0,0.0,0.0,0.0,0.09449,0.14994,0.0,0.0,0.0,0.0,0.0,0.0,0.0,0.0,0.0,0.0,0.0,0.0,0.0,0.0,0.0,0.0,0.0,0.0,0.0,0.0,0.0,0.0,0.0,0.0,0.0,0.0,0.0,0.0,0.0,0.0,0.01318,0.0,0.0,0.0,0.00682,0.02657,0.0,0.00022,0.0,0.0,0.0,0.0,0.0,0.0,0.0,0.0,0.0,0.0,0.0,0.0,0.0,0.0,0.0,0.0731,0.0,0.0,0.0,0.00076,0.0,0.0,0.0,0.0,0.0,0.0,0.0,0.0,0.0,0.01893,0.00544,0.0,0.0,0.0,0.0,0.0,0.0,0.0024,0.0,0.0,0.0,0.0,0.0,0.0,0.00118,0.0,0.0,0.0,0.0,0.0,0.0,0.0,0.0,0.0,0.01945,0.0,0.0,0.0,0.00033,0.0,0.0,0.0,0.0,0.00317,0.0,0.0,0.00192,0.0,0.0,0.0,0.0,0.0,0.00288,0.0,0.0,0.0,0.0,0.0,0.024,0.0,0.00151,0.0,0.0,0.00184,0.0,0.0,0.0,0.0,0.0,0.0,0.0,0.0,0.00037,0.0,0.0,0.0,0.0,0.00085,0.0,0.0,0.0,0.0,0.00245,0.0,0.00396,0.0,0.06333,0.0,0.0,0.0,0.0,0.0,0.0,0.0,0.0,0.0,0.01888,0.0,0.0,0.0,0.0,0.0,0.0,0.0,0.0,0.0,0.0,0.0,0.0,0.0,0.0,0.0,0.0,0.0,0.01143,0.0,0.0,0.0,0.04093,0.0,0.00096,0.0,0.0,0.0,0.0,0.0,0.03606,0.0,0.0,0.0,0.0,0.0,0.0,0.0,0.0,0.0,0.0,0.0,0.0,0.0,0.0,0.0,0.0,0.0,0.0,0.0,0.0,0.0,0.0,0.0,0.00028,0.0,0.0,0.0,0.0,0.0,0.0,0.0,0.0,0.0,0.0,0.0,0.0,0.0,0.0,0.00081,0.01091,0.0
SRR2143523,0.0,0.00431,0.0,0.0,0.0,0.0,0.0,0.00078,0.0,0.05129,0.0,0.02327,0.0,0.0,0.0,0.03607,0.0,0.01514,0.0,0.0,0.0,0.0,0.00351,0.0,0.0,0.0,0.0,0.04163,0.00127,0.0,0.0,0.0,0.03774,0.0,0.0,0.0,0.0,0.0,0.0,0.0,0.0,0.0,0.0,0.0,0.0,0.0,0.0,0.0,0.0,0.0,0.0,0.0,0.0,0.0,0.0,0.0,0.0,0.0,0.0,0.0,0.0,0.0,0.0,0.0,0.0,0.00039,0.0,0.0208,0.00665,0.0,0.00039,0.00793,0.0,0.0,0.0,0.0,0.0,0.0,0.0,0.00036,0.0,0.0,0.0,0.0,0.0,0.0,0.07638,0.0,0.0,0.0,0.0,0.0,0.0,0.0,0.0,0.0,0.0,0.0,0.01382,0.0,0.00109,0.01592,0.0,0.0,0.0,0.0,0.0,0.0,0.0013,0.0,0.0,0.0,0.0,0.0,0.0,0.0,0.0,0.0,0.0,0.0,0.0,0.0,0.0,0.0,0.0,0.00249,0.0,0.0,0.0,0.0014,0.0,0.0,0.0,0.0,0.00457,0.0,0.0,0.0,0.0,0.0,0.0,0.0,0.0,0.0,0.0,0.0,0.0,0.0,0.0,0.0,0.0,0.0,0.00073,0.0,0.00036,0.0,0.0,0.0,0.0,0.0,0.0,0.0,0.0,0.00106,0.0,0.0,0.0,0.0,0.0,0.01322,0.0,0.0,0.0,0.0,0.0,0.00265,0.0,0.00851,0.0,0.00099,0.0,0.00353,0.0,0.0,0.0,0.00761,0.0,0.0187,0.0,0.0074,0.0,0.00042,0.0,0.0,0.0,0.0,0.0,0.0,0.0,0.0,0.0,0.0,0.0,0.0,0.00047,0.0,0.0,0.0,0.0,0.0,0.0,0.0,0.0,0.0,0.0,0.0,0.0,0.12033,0.0,0.0,0.0,0.0,0.0,0.0,0.0,0.0,0.0,0.0,0.0,0.0,0.0,0.01319,0.0,0.0,0.0,0.0,0.0,0.0,0.0,0.0,0.0,0.0,0.00678,0.0,0.0,0.0,0.0,0.0,0.0,0.08825,0.0,0.0,0.0,0.0,0.0,0.0,0.00234,0.20564000000000002,0.0
SRR2143524,0.0,0.0,0.0,0.0,0.0,0.0,0.0,0.0,0.0,0.00186,0.0,0.0248,0.0,0.0,0.0,0.12197,0.0,0.13148,0.0,0.0,0.00078,0.0,0.0118,0.0,0.0,0.0,0.0,0.035199999999999995,0.00442,0.0,0.0,0.21101000000000003,0.08546000000000001,0.0,0.0,0.00361,0.0,0.0,0.0,0.0,0.0,0.0,0.0,0.0,0.0,0.0,0.0,0.0,0.0,0.0,0.0,0.0,0.0,0.0,0.0,0.0,0.0,0.0,0.00827,0.0,0.0,0.0,0.0,0.00097,0.0,0.00039,0.0,0.0076500000000000005,0.03438,0.0,0.0,0.05359,0.0,0.0,0.0,0.0,0.0,0.0,0.0,0.0,0.0,0.0,0.0,0.0,0.0,0.0,0.02794,0.0,0.0,0.0,0.0,0.0,0.0,0.0,0.0,0.0,0.0,0.0,0.00392,0.0,0.00609,0.08336,0.0,0.0,0.0,0.0,0.0,0.0,0.0,0.0,0.0,0.0,0.0,0.0,0.0,0.0,0.0,0.0,0.0,0.0,0.0,0.0,0.0,0.0,0.0,0.0097,0.0,0.0,0.0,0.0,0.0,0.0,0.0,0.0,0.00361,0.0,0.0,0.00066,0.0,0.0,0.0,0.0,0.0,0.0,0.0,0.0,0.0,0.0,0.0,0.0,0.0,0.0,0.00062,0.0,0.0,0.0,0.00081,0.0,0.0,0.0,0.0,0.0,0.0,0.0,0.0,0.0,0.0,0.0,0.0,0.00047,0.0,0.0,0.00097,0.0,0.0,0.00473,0.0,0.0,0.0,0.0,0.0,0.00283,0.0,0.0,0.0,0.00252,0.00105,0.01599,0.0,0.0,0.0,0.0,0.0,0.0,0.0,0.0,0.0,0.0,0.0,0.0,0.0,0.0,0.0,0.0,0.0,0.00066,0.0,0.0,0.0,0.0,0.0,0.0,0.0,0.0,0.0,0.0,0.0,0.03695,0.0,0.0,0.0,0.0,0.0,0.0,0.0,0.0,0.0,0.0,0.0,0.0,0.0,0.0,0.0,0.0,0.0,0.0,0.0,0.0,0.0,0.0,0.0,0.00062,0.00136,0.0,0.0,0.0,0.0,0.0,0.0,0.0137,0.0,0.0,0.0,0.0,0.0,0.0,0.00058,0.04149,0.0
SRR2143526,0.0,0.00053,0.0,0.0,0.0,0.0,0.0,0.00071,0.0,0.02706,0.0,0.00617,0.0,0.0,0.0,0.00851,0.0,0.07756,0.0,0.0,0.0,0.0,0.0,0.0,0.0,0.0008,0.0,0.03244,0.00071,0.0,0.0,0.029070000000000002,0.25892,0.0,0.0,0.0,0.0,0.00075,0.0,0.0,0.0,0.0,0.0,0.0,0.0,0.0,0.0,0.0,0.0,0.0,0.0,0.0,0.0,0.0,0.0,0.0,0.0,0.0,0.0,0.0,0.0,0.0,0.0,0.00077,0.0,0.0,0.0,0.0,0.00721,0.0,0.0,0.01264,0.0,0.0,0.0,0.0,0.0,0.0,0.0,0.0,0.0,0.0,0.00071,0.0,0.0,0.0,0.0193,0.0,0.0,0.0,0.00118,0.0,0.0,0.0,0.0,0.0,0.0027,0.0,0.0,0.0,0.00062,0.00495,0.0,0.0,0.0,0.0,0.0,0.0,0.00352,0.0,0.0,0.0,0.0,0.0,0.0,0.0008,0.0,0.0,0.0,0.0,0.0,0.0,0.0,0.00113,0.0,0.00577,0.00062,0.0,0.0,0.0,0.0,0.0,0.0,0.0,0.00584,0.04413,0.00119,0.0,0.0,0.0,0.0,0.0,0.0,0.00161,0.0,0.0,0.0,0.0,0.0,0.00937,0.0,0.0,0.00031,0.0,0.00024,0.0,0.0,0.0,0.0,0.0,0.0,0.0,0.0,0.00031,0.0,0.0,0.0,0.0,0.0,0.0,0.0,0.0,0.0,0.0,0.0,0.00051,0.0,0.010190000000000001,0.0,0.0,0.0,0.00243,0.0,0.0,0.0,0.0,0.00283,0.01663,0.0,0.0,0.0,0.0,0.0,0.0,0.00084,0.0,0.0,0.0,0.0,0.0,0.0,0.0,0.0,0.0,0.00073,0.0008,0.02503,0.0,0.0,0.0,0.0,0.00926,0.0,0.0,0.0,0.0,0.0,0.04349,0.0,0.0,0.0,0.0,0.0,0.0,0.24292,0.0,0.0,0.0,0.0,0.0,0.0,0.0,0.0,0.0,0.0,0.0,0.0,0.0,0.0,0.0,0.0,0.00051,0.0,0.0,0.0,0.0,0.0,0.0,0.0,0.0,0.00027,0.0,0.0,0.0,0.0,0.0,0.00333,0.04643,0.0
SRR2143527,0.0,0.0,0.0,0.0,0.0,0.0,0.0,0.0,0.0,0.18085,0.0,0.0,0.0,0.0,0.0,0.05117,0.0,0.05013,0.0,0.0,0.0,0.0,0.0,0.0,0.0,0.0,0.0,0.11635999999999999,0.0,0.0,0.0,0.0,0.16957,0.0,0.0,0.00446,0.0,0.0,0.0,0.0,0.0,0.0,0.0,0.0,0.0,0.0,0.0,0.0,0.0,0.0,0.0,0.0,0.0,0.0,0.0,0.0,0.0,0.0,0.0,0.0,0.0,0.0,0.0,0.0,0.0,0.0,0.0,0.0,0.0,0.0,0.0,0.06379,0.0,0.0,0.0,0.0,0.0,0.0,0.0,0.0,0.0,0.0,0.0,0.0,0.0,0.0,0.044340000000000004,0.0,0.0,0.0,0.0,0.0,0.0,0.0,0.0,0.0,0.0,0.0,0.0053,0.0,0.01367,0.08854,0.0,0.0,0.0,0.0,0.0,0.0,0.0,0.0,0.0,0.0,0.0,0.0,0.0,0.0,0.0,0.0,0.0,0.0,0.0,0.0,0.0,0.0,0.0,0.00481,0.0,0.0,0.0,0.0,0.0,0.0,0.0,0.0,0.00537,0.0,0.0,0.0,0.0,0.0,0.0,0.0,0.0,0.0,0.0,0.0,0.0,0.0,0.0,0.0,0.0,0.0,0.0,0.0,0.0,0.0,0.0,0.0,0.0,0.0,0.0,0.0,0.0,0.0,0.0,0.0,0.0,0.0,0.0,0.0,0.0,0.0,0.0,0.0,0.0,0.00105,0.0,0.0,0.0,0.0,0.0,0.0,0.0,0.0,0.0,0.0,0.0,0.0,0.0,0.0,0.0,0.0,0.0,0.0,0.0,0.0,0.0,0.0,0.0,0.0,0.0,0.0,0.0,0.0,0.02196,0.0,0.0,0.0,0.0,0.0,0.0,0.0,0.0,0.0,0.0,0.0,0.0,0.05013,0.0,0.0,0.0,0.0,0.0,0.0,0.0,0.0,0.0,0.0,0.0,0.0,0.0,0.0,0.0,0.0,0.0,0.0,0.0,0.0,0.0,0.0,0.0,0.00202,0.00593,0.0,0.0,0.0,0.0,0.0,0.0,0.042039999999999994,0.0,0.0,0.00132,0.0,0.0,0.0,0.0,0.07495,0.0
SRR2143530,0.0,0.0,0.0,0.0,0.0,0.00655,0.0,0.0,0.0,0.00577,0.0,0.037430000000000005,0.0,0.0,0.0,0.04048,0.0,0.036149999999999995,0.0,0.0,0.00079,0.0,0.0,0.0,0.0,0.00154,0.0,0.17192,0.01198,0.0,0.0,0.0,0.05938,0.0,0.0,0.0,0.0,0.0,0.00503,0.0,0.0,0.0,0.0,0.0,0.0,0.0,0.0,0.0,0.0,0.0,0.0,0.0,0.0,0.0,0.0,0.0,0.0,0.0,0.0312,0.0,0.00091,0.0,0.0,0.00688,0.0,0.00041,0.0,0.0,0.0091,0.0,0.00235,0.03162,0.0,0.0,0.0,0.0,0.0,0.0,0.0,0.0,0.0,0.0,0.01325,0.0,0.0,0.0,0.044020000000000004,0.0,0.0,0.0,0.00025,0.0,0.0,0.0,0.0,0.0,0.0,0.0,0.0087,0.0,0.0171,0.01584,0.0,0.0,0.0,0.0,0.0,0.0,0.00062,0.0,0.0,0.0,0.0,0.0,0.0,0.0,0.00285,0.0,0.0,0.0,0.0,0.0,0.0,0.00045,0.0,0.01489,0.0,0.0,0.00033,0.00036,0.0,0.0,0.0,0.0,0.02974,0.0,0.0,0.0,0.0,0.0,0.0,0.0,0.0,0.0,0.0,0.0,0.0,0.0,0.0,0.00183,0.0,0.0,0.00036,0.0,0.0,0.0,0.0,0.0,0.0,0.0,0.0,0.0,0.0,0.00021,0.0,0.0,0.0,0.0,0.0,0.00568,0.0,0.0,0.00131,0.0,0.0,0.00408,0.0,0.01652,0.0,0.07087,0.0,0.09608,0.0,0.0,0.0,0.00215,0.01927,0.02841,0.0,0.0,0.0,0.0,0.0,0.0,0.00536,0.0,0.0,0.0,0.0,0.0,0.0,0.0,0.0,0.0,0.0,0.00025,0.0,0.0,0.0,0.0,0.0,0.0,0.0,0.0,0.0,0.0,0.0,0.06886,0.0,0.0,0.0,0.0,0.0,0.0,0.00929,0.0,0.0,0.0,0.00022,0.0,0.0,0.0,0.0,0.0,0.0,0.0,0.0,0.0,0.0,0.0,0.0,0.00019,0.0,0.0,0.0,0.0,0.0,0.0,0.0,0.01273,0.0,0.0,0.00116,0.0,0.0,0.0,0.00174,0.0265,0.00014
SRR2143533,0.0,0.0,0.0,0.0,0.0,0.0,0.0,0.00079,0.0,0.00369,0.0,0.00476,0.0,0.0,0.0,0.04072,0.0,0.0557,0.0,0.0,0.0,0.0,0.01005,0.0,0.0,0.0,0.0,0.00218,0.00048,0.0,0.0,0.01455,0.26865,0.0,0.0,0.00488,0.0,0.0,0.0,0.0,0.0,0.0,0.0,0.0,0.0,0.0,0.0,0.0,0.0,0.0,0.0,0.0,0.0,0.0,0.0,0.0,0.0,0.0,0.00065,0.0,0.0,0.0,0.0,0.00071,0.0,0.0,0.05347,0.0226,0.07601,0.0,0.0,0.03987,0.0,0.0,0.0,0.0,0.0,0.0,0.0,0.0,0.0,0.0,0.00234,0.0,0.0,0.0,0.08194000000000001,0.0,0.0,0.0,0.0,0.0,0.0,0.0,0.0,0.0,0.0,0.0,0.00333,0.0,0.0,0.02044,0.0,0.0,0.0,0.0,0.0,0.0,0.0,0.0,0.00301,0.0,0.0,0.0,0.0,0.0,0.0,0.0,0.0,0.0,0.0,0.0,0.0,0.0,0.0,0.00276,0.0,0.0,0.0,0.0,0.0,0.0,0.0,0.0,0.02185,0.0,0.0,0.0003,0.0,0.0,0.0,0.0,0.0,0.0,0.0,0.0,0.0,0.0,0.0,0.00476,0.0,0.0,0.0003,0.0,0.00061,0.0,0.0,0.0,0.0,0.0,0.0,0.0,0.0,0.00032,0.0,0.0,0.0,0.0,0.00026,0.0,0.0,0.0,0.0004,0.0,0.0,0.00432,0.0,0.0,0.0,0.00244,0.0,0.0,0.0,0.0,0.0,0.00428,0.0,0.00319,0.0,0.0,0.0,0.0,0.0,0.0,0.0,0.0,0.0,0.0,0.0,0.0,0.0,0.0,0.0,0.0,0.0,0.0,0.0,0.0,0.0,0.02006,0.0,0.0,0.0,0.0,0.0,0.0,0.0,0.01763,0.0,0.0,0.0,0.0,0.0,0.0,0.0,0.0,0.0,0.0,0.0,0.0,0.0,0.08977,0.0,0.0,0.0,0.0,0.0,0.0,0.0,0.0,0.0,0.00028,0.00375,0.0,0.0,0.0,0.0,0.0,0.0,0.01929,0.0,0.0,0.0,0.0,0.0,0.0,0.00028,0.06472,0.0
SRR2143534,0.0,0.0,0.0,0.0,0.0,0.0,0.0,0.0,0.0,0.09867,0.0,0.05862,0.0,0.0,0.0,0.05183,0.0,0.02087,0.0,0.0,0.0,0.0,0.00267,0.0,0.0,0.00145,0.0,0.18158,0.00208,0.0,0.0,0.0,0.06698,0.0,0.0,0.00039,0.0,0.0,0.0,0.0,0.0,0.0,0.0,0.0,0.0,0.0,0.0,0.0,0.0,0.0,0.0,0.0,0.0,0.0,0.0,0.0,0.0,0.0,0.00161,0.0,0.00204,0.0,0.0,0.00047,0.0,0.0,0.0,0.0206,0.0,0.0,0.00039,0.02221,0.0,0.0,0.0,0.0,0.0,0.0,0.0,0.0,0.0,0.0,0.0,0.0,0.0,0.0,0.04931,0.0,0.0,0.0,0.00051,0.0,0.0,0.0,0.0,0.0,0.0,0.0,0.00459,0.0,0.00455,0.01989,0.0,0.0,0.0,0.0,0.0,0.0,0.00961,0.0,0.0,0.0,0.0,0.0,0.0,0.0,0.0,0.0,0.0,0.0,0.0,0.0,0.0,0.0,0.0,0.00432,0.0009,0.0,0.00059,0.0,0.0,0.0,0.0,0.0,0.01667,0.0,0.0,0.00051,0.0,0.0,0.0,0.0,0.0,0.0,0.0,0.0,0.0,0.0,0.0,0.0,0.0,0.0,0.00043,0.0,0.0,0.0,0.0,0.0,0.0,0.0,0.0,0.0,0.0,0.0,0.0,0.0,0.0,0.0,0.0,0.00965,0.0,0.0,0.00071,0.0,0.0,0.00184,0.0,0.016120000000000002,0.0,0.0,0.0,0.0,0.0,0.0,0.00235,0.00075,0.03468,0.11892,0.0,0.0,0.0,0.0,0.0,0.0,0.0,0.0,0.0,0.0,0.0,0.0,0.0,0.0,0.0,0.0,0.019110000000000002,0.0009,0.0,0.0,0.00047,0.0,0.0,0.0,0.0,0.0,0.0,0.0,0.0,0.05238,0.0,0.0,0.0,0.0,0.0,0.0,0.02601,0.0,0.0,0.0,0.0,0.0,0.0,0.0,0.0,0.0,0.0,0.0,0.0,0.0,0.0,0.0,0.0,0.00196,0.0,0.0,0.0,0.0,0.0,0.0,0.0,0.01326,0.0,0.0,0.0,0.0,0.0,0.0,0.00071,0.047740000000000005,0.00071
SRR2143536,0.0,0.0,0.0,0.0,0.0,0.0,0.0,0.0,0.0,0.0141,0.00054,0.06757,0.0,0.0,0.0,0.06414,0.0,0.03996,0.0,0.0,0.00065,0.0,0.01229,0.0,0.0,0.00127,0.02748,0.09007000000000001,0.00999,0.0,0.0,0.0,0.05567,0.0,0.0,0.0,0.0,0.0,0.0,0.0,0.0,0.0,0.0,0.0,0.0,0.0,0.0,0.0,0.0,0.0,0.0,0.0,0.0,0.0,0.0,0.0,0.0,0.0,0.00075,0.0,0.00067,0.0,0.0,0.0,0.0,0.0,0.0,0.01507,0.02547,0.0,0.00168,0.00749,0.0,0.0,0.0,0.0,0.0,0.0,0.0,0.0,0.0,0.0,0.0,0.0,0.0,0.0,0.01026,0.0,0.0,0.0,0.0075,0.0,0.0,0.0,0.0,0.0,0.01344,0.0,0.00106,0.0,0.01046,0.07589,0.0,0.0,0.0,0.0,0.0,0.0,0.0016,0.0,0.0,0.0,0.0,0.0,0.0,0.0,0.0,0.0,0.0,0.0,0.0,0.0,0.0,0.0,0.0,0.01033,0.00185,0.0,0.00071,0.0,0.0,0.0,0.0,0.0,0.00914,0.0,0.0,0.00205,0.0,0.0,0.0,0.0,0.0,0.0,0.0,0.0,0.0,0.0,0.0,0.0,0.0,0.0,0.00039,0.10042,0.0,0.0,0.00462,0.0,0.0,0.0,0.0,0.0,0.0,0.0,0.0,0.0,0.0,0.0,0.0,0.00487,0.0,0.0,0.00233,0.00735,0.0,0.0094,0.0,0.01531,0.0,0.0,0.0,0.0,0.0,0.0,0.00035,0.00237,0.01031,0.0671,0.0,0.0,0.0,0.0,0.0,0.0,0.0,0.0,0.0,0.0,0.0,0.0,0.0,0.00863,0.0,0.0,0.01557,0.00175,0.0,0.0,0.0,0.0,0.0,0.0,0.0,0.0,0.0,0.0,0.0,0.02584,0.0,0.0,0.0,0.00142,0.0,0.0,0.00863,0.0,0.0,0.0,0.0,0.0,0.0,0.02006,0.0,0.0,0.0,0.0,0.0,0.0,0.0,0.0,0.0,0.00684,0.0,0.0,0.0,0.0,0.0,0.0,0.0,0.05194,0.0,0.0,0.00026,0.0,0.00069,0.0,0.0018700000000000001,0.03871,0.00024
SRR2143537,0.0,0.0,0.0,0.0,0.0,0.0,0.0,0.0,0.0,0.00089,0.0,0.06247,0.0,0.0,0.0,0.0656,0.0,0.10255,0.0,0.0,0.0,0.0,0.0,0.0,0.0,0.0,0.0,0.03318,0.02036,0.0,0.0,0.10472000000000001,0.14390999999999998,0.0,0.0,0.0,0.0,0.0,0.0,0.0,0.0,0.0,0.0,0.0,0.0,0.0,0.0,0.0,0.0,0.0,0.0,0.0,0.0,0.0,0.0,0.0,0.0,0.0,0.0,0.0,0.00077,0.0,0.0,0.00332,0.0,0.0,0.0,0.0,0.09592,0.0,0.00491,0.04645,0.0,0.0,0.0,0.0,0.0,0.0,0.0,0.0,0.0,0.0,0.00134,0.0,0.0,0.0,0.046329999999999996,0.0,0.0,0.0,0.0,0.0,0.0,0.0,0.0,0.0,0.0,0.0,0.0,0.0,0.04231,0.02489,0.0,0.0,0.0,0.0,0.0,0.0,0.0,0.0,0.0,0.0,0.0,0.0,0.0,0.0,0.0,0.0,0.0,0.0,0.0,0.0,0.0,0.0,0.0,0.00459,0.0,0.0,0.0,0.0,0.0,0.0,0.0,0.0,0.0,0.0,0.0,0.0,0.0,0.0,0.0,0.0,0.0,0.0,0.0,0.0,0.0,0.0,0.0,0.0,0.0,0.0,0.0,0.0,0.0,0.0,0.0,0.0,0.0,0.0,0.0,0.0,0.0,0.0,0.0,0.0,0.0,0.0,0.0,0.00562,0.0,0.0,0.0,0.0,0.0,0.00434,0.0,0.00696,0.0,0.00574,0.0,0.0,0.0,0.0,0.0,0.00064,0.0,0.00421,0.0,0.0,0.0,0.0,0.0,0.0,0.0,0.0,0.0,0.0,0.0,0.0,0.0,0.0,0.0,0.0,0.0,0.0,0.0,0.0,0.0,0.04212,0.0,0.0,0.0,0.0,0.0,0.0,0.0,0.00319,0.0,0.0,0.0,0.0,0.0,0.0,0.0,0.0,0.0,0.0,0.0,0.0,0.0,0.0,0.0,0.0,0.0,0.0,0.0,0.0,0.0,0.0,0.0,0.0,0.0,0.0,0.0,0.0,0.0,0.0,0.0,0.0261,0.0,0.0,0.0,0.0,0.0,0.0,0.0,0.0956,0.0
SRR2143538,0.0,0.0,0.0,0.0,0.0,0.0,0.0,0.00187,0.0,0.0005,0.0,0.0,0.0,0.0,0.0,0.0541,0.0,0.09885,0.0,0.0,0.0,0.0,0.0,0.0,0.0,0.0,0.0,0.00173,0.0,0.0,0.0,0.0,0.24078,0.0,0.0,0.0,0.0,0.0,0.0,0.0,0.0,0.0,0.0,0.0,0.0,0.0,0.0,0.0,0.0,0.0,0.0,0.0,0.0,0.0,0.0,0.0,0.0,0.0,0.0,0.0,0.0,0.0,0.0,0.01671,0.0,0.0,0.0,0.00355,0.00043,0.0,0.0,0.08761,0.0,0.0,0.0,0.0,0.0,0.0,0.0,0.0,0.0,0.0,0.0,0.0,0.0,0.0,0.028980000000000002,0.0,0.0,0.0,0.0,0.0,0.0,0.0,0.0,0.0,0.0,0.0,0.0004,0.0,0.0,0.00126,0.0,0.0,0.0,0.0,0.0,0.0,0.0,0.0,0.0,0.0,0.0,0.0,0.0,0.0,0.0,0.0,0.0,0.0,0.0,0.0,0.0,0.0,0.0,0.0004,0.0,0.0,0.0,0.0,0.0,0.0,0.0,0.0,0.0,0.0,0.0,0.0,0.0,0.0,0.0,0.0,0.0,0.00043,0.0,0.0,0.0,0.0,0.0,0.03813,0.0,0.0,0.0,0.0,0.00422,0.0,0.0,0.0,0.0,0.0,0.0,0.0,0.0,0.0009,0.0,0.0,0.0,0.0,0.00069,0.0,0.0,0.0,0.0,0.0,0.0,0.0,0.0,0.0,0.0,0.0,0.0,0.0,0.0,0.0,0.0,0.0,0.00033,0.00318,0.0,0.0,0.0,0.0,0.0,0.0,0.0,0.0,0.0,0.0,0.0,0.0,0.0,0.0,0.00218,0.0,0.00045,0.0,0.0,0.0,0.0,0.0,0.0,0.0,0.0,0.0,0.0,0.0,0.0,0.00164,0.0,0.0,0.0,0.0,0.0,0.0,0.17707,0.0,0.0,0.0,0.0,0.0,0.0,0.0,0.0,0.0,0.0,0.0,0.0,0.0,0.0,0.0,0.0,0.00164,0.0,0.0,0.0,0.0,0.0,0.0,0.0,0.0,0.0,0.0,0.0,0.0,0.0,0.0,0.00028,0.23013,0.0
SRR2143540,0.0,0.0,0.0,0.0,0.0,0.0,0.0,0.00042,0.0,0.00856,0.0,0.036800000000000006,0.0,0.0,0.0,0.01728,0.0,0.00764,0.0,0.0,0.0,0.0,0.01257,0.0,0.0,0.00081,0.0,0.10003999999999999,0.01785,0.0,0.0,0.0,0.14668,0.0,0.0,0.00117,0.0,0.0,0.0,0.0,0.0,0.0,0.0,0.0,0.0,0.0,0.0,0.0,0.0,0.0,0.0,0.0,0.0,0.0,0.0,0.0,0.0,0.0,0.0,0.0,0.0,0.0,0.0,0.00262,0.0,0.00127,0.00657,0.016,0.03348,0.0,0.0,0.032229999999999995,0.0,0.0,0.0,0.0,0.0,0.0,0.0,0.0,0.0,0.0,0.0,0.0,0.0,0.0,0.04412,0.0,0.0,0.0,0.00189,0.0,0.0,0.0,0.0,0.0,0.0,0.0,0.00351,0.0,0.00091,0.03634,0.0,0.0,0.0,0.0,0.0,0.0,0.01622,0.0,0.0,0.0,0.0,0.0,0.0,0.0,0.0,0.0,0.0,0.0,0.0,0.0,0.0,0.0,0.0,0.00234,0.0,0.0,0.0,0.0,0.0,0.0,0.0,0.0,0.01028,0.0,0.0,0.0007,0.0,0.0,0.0,0.0,0.0,0.00078,0.0,0.0,0.0,0.0,0.0,0.0,0.0,0.0,0.00043,0.02901,0.0,0.0,0.0,0.0,0.0,0.0,0.0,0.0,0.0,0.00019,0.0,0.0,0.0,0.0,0.00019,0.0059,0.0,0.0,0.00121,0.00019,0.0,0.01066,0.0,0.011980000000000001,0.0,0.01676,0.0,0.0,0.0,0.0,0.0,0.0017,0.02918,0.07684,0.0,0.0,0.0,0.0,0.0,0.0,0.0,0.0,0.0,0.0,0.0,0.0,0.0,0.0,0.0,0.0,0.01261,0.00052,0.0,0.0,0.00033,0.0,0.0,0.0,0.0,0.0,0.0,0.0,0.0,0.01028,0.0,0.0,0.0,0.0,0.0,0.0,0.0,0.0,0.0,0.0,0.0,0.0,0.0,0.01983,0.0,0.0,0.0,0.0,0.0,0.0,0.0,0.0,0.0,0.0,0.0,0.0,0.0,0.0,0.0,0.0,0.0,0.04068,0.0,0.0,0.0,0.0,0.0,0.0,0.00033,0.03678,0.00047000000000000004
SRR2143542,0.0,0.08006,0.0,0.0,0.0,0.0,0.0,0.00081,0.0,0.00195,0.0,0.00117,0.0,0.0,0.0,0.08401,0.0,0.07118999999999999,0.0,0.0,0.0,0.0,0.0,0.0,0.0,0.0,0.0,0.12483,0.0,0.0,0.0,0.0425,0.02722,0.0,0.0,0.00191,0.0,0.00014,0.00014,0.0,0.0,0.0,0.0,0.0,0.0,0.0,0.0,0.0,0.0,0.0,0.0,0.0,0.0,0.0,0.0,0.0,0.0,0.0,0.00704,0.0,0.0,0.0,0.0,0.00086,0.0,0.0,0.03718,0.01661,0.0,0.0,0.0,0.06533,0.0,0.0,0.0,0.0,0.0,0.0,0.0,0.0,0.0,0.0,0.0,0.0,0.0,0.0,0.03805,0.0,0.0,0.0,0.00019,0.0,0.0,0.0,0.0,0.0,0.0,0.0,0.00242,0.0,0.00321,0.04714,0.0,0.0,0.0,0.0,0.0,0.0,0.00118,0.0,0.0,0.0,0.0,0.0,0.0,0.00046,0.0,0.0,0.0,0.0,0.0,0.0,0.0,0.0,0.0,0.00967,0.0023,0.0,0.00022,0.00013,0.0,0.0,0.0,0.0,0.02122,0.0,0.0,0.00083,0.0,0.0,0.0,0.0,0.0,0.00196,0.0,0.0,0.0,0.0,0.0,0.0,0.0,0.00353,0.00014,0.0,0.0,0.0,0.0042,0.0,0.0,0.0,0.0,0.0,0.0,0.00042,0.0,0.0,0.0,0.0,0.00036,0.00065,0.0,0.0,0.00022,0.0,0.0,0.00185,0.0,0.02375,0.0,0.0,0.0,0.0,0.0,0.0,0.0,0.00263,0.00017,0.12525,0.0,0.0,0.0,0.00017,0.0,0.0,0.0,0.0,0.0,0.0,0.0,0.0,0.0,0.0,0.0,0.0,0.01608,0.00069,0.0,0.0,0.00044,0.0,0.0,0.0,0.0,0.0,0.0,0.0,0.0,0.04774,0.0,0.0,0.0,0.0,0.0,0.0,0.0,0.0,0.0,0.0,0.0,0.0,0.0,0.0,0.0,0.0,0.0,0.0,0.0,0.0,0.0,0.0,0.0,0.00237,0.0,0.0,0.0,0.0,0.0,0.0,0.0,0.0,0.0,0.0,0.00017,0.0,0.0,0.0,0.0004,0.05757,0.00018
SRR2143543,0.0,0.0,0.0,0.0,0.0,0.0,0.0,0.00068,0.0,0.01094,0.0,0.08615999999999999,0.0,0.0,0.0,0.07951,0.0,0.03437,0.0,0.0,0.0,0.0,0.0,0.0,0.0,0.00082,0.0,0.048299999999999996,0.0,0.0,0.0,0.0,0.23274999999999998,0.0,0.0,0.00247,0.0,0.0,0.0,0.0,0.0,0.0,0.0,0.0,0.0,0.0,0.0,0.0,0.0,0.0,0.0,0.0,0.0,0.0,0.0,0.0,0.0,0.0,0.0,0.0,0.00051,0.0,0.0,0.00342,0.0,0.0,0.0,0.0,0.04621,0.0,0.0,0.03341,0.00015,0.0,0.0,0.0,0.0,0.0,0.0,0.0,0.0,0.00062,0.00031,0.0,0.0,0.0,0.07988,0.0,0.0,0.0,0.00044,0.0,0.0,0.0,0.0,0.0,0.0,0.0,0.00303,0.0,0.0,0.01968,0.0,0.0,0.0,0.0,0.0,0.0,0.01362,0.0,0.0,0.0,0.0,0.0,0.0,0.00112,0.0,0.0,0.0,0.0,0.0,0.0,0.0,0.0,0.0,0.02497,0.0,0.0,0.0,0.0,0.0,0.0,0.0,0.0,0.00833,0.0,0.0,0.00234,0.0,0.0,0.0,0.0,0.0,0.0,0.0,0.0,0.0,0.0,0.0,0.00126,0.0,0.0,0.00048,0.0,0.00029,0.0,0.0,0.0,0.0,0.0,0.0,0.0,0.0,0.00046,0.0,0.0,0.0,0.0,0.0,0.01162,0.0,0.0,0.0,0.0,0.0,0.0212,0.0,0.0,0.0,0.0,0.0,0.00564,0.0,0.0,0.0,0.00051,0.02375,0.06238,0.0,0.0,0.0,0.0,0.0,0.0,0.00085,0.0,0.0,0.0,0.0,0.0,0.0,0.00225,0.0,0.0,0.00024,0.00231,0.0,0.0,0.0,0.0,0.0,0.0,0.0,0.0,0.0,0.0,0.0,0.08632,0.0,0.0,0.0,0.0,0.0,0.0,0.0089,0.0,0.0,0.0,0.0,0.0,0.0,0.0,0.0,0.0,0.0,0.0,0.0,0.0,0.0,0.0,0.0,0.00043,0.0,0.0,0.0,0.0,0.0,0.0,0.0,0.0039,0.0,0.0,0.0,0.0,0.0,0.0,0.00094,0.0278,0.0
SRR2143544,0.0,0.00655,0.0,0.0,0.0,0.0,0.0,0.0,0.0,0.0,0.0,0.03181,0.0,0.0,0.0,0.05584,0.0,0.20155,0.0,0.0,0.0,0.0,0.00077,0.0,0.0,0.0,0.0,0.08507,0.00075,0.0,0.0,0.07042999999999999,0.16176000000000001,0.0,0.0,0.0,0.0,0.0,0.0,0.0,0.0,0.0,0.0,0.0,0.0,0.0,0.0,0.0,0.0,0.0,0.0,0.0,0.0,0.0,0.0,0.0,0.0,0.0,0.00044,0.0,0.0,0.0,0.0,0.00334,0.0,0.0,0.0,0.00957,0.03086,0.0,0.00066,0.00602,0.0,0.0,0.00075,0.0,0.0,0.00022,0.0,0.0,0.0,0.0,0.0,0.0,0.0,0.0,0.011479999999999999,0.0,0.0,0.0,0.0,0.0,0.0,0.0,0.0,0.0,0.00707,0.0,0.00073,0.0,0.0,0.00814,0.0,0.0,0.0,0.0,0.0,0.0,0.00038,0.0,0.0,0.0,0.0,0.0,0.0,0.0,0.0,0.0,0.0,0.0,0.0,0.0003,0.0,0.00052,0.0,0.00294,0.0,0.0,0.00165,0.0,0.00161,0.0,0.0,0.0,0.01114,0.0,0.0,0.0,0.0,0.0,0.0,0.0,0.0,0.00026,0.0,0.0,0.0,0.0,0.0,0.08092,0.0,0.0,0.0,0.0,0.0,0.0,0.0,0.0,0.0,0.0,0.0,0.0,0.0,0.0,0.0,0.0,0.0,0.0,0.0,0.00411,0.0,0.0,0.00083,0.0,0.0,0.00038,0.0,0.01539,0.0,0.00038,0.0,0.0,0.0,0.0,0.0,0.0,0.00796,0.11372,0.0,0.0,0.0,0.00056,0.0,0.0,0.0,0.0,0.0,0.0,0.0,0.0,0.0,0.0,0.0,0.0,0.00394,0.0,0.00796,0.0,0.0,0.00032,0.0,0.0,0.0,0.0,0.00203,0.0,0.0,0.00324,0.0,0.0,0.0,0.0,0.0,0.0,0.013179999999999999,0.0,0.0,0.0,0.0,0.0,0.0,0.02079,0.0,0.0,0.0,0.0,0.0,0.0,0.0,0.0,0.0,0.00022,0.0,0.0,0.0,0.0,0.0,0.0,0.0,0.00332,0.0,0.0,0.0,0.0,0.0,0.0,0.0,0.00437,0.00032
SRR2143545,0.0,0.0,0.0,0.0,0.00015,0.0,0.0,0.00031,0.0,0.00296,0.0,0.00027,0.0,0.0,0.0,0.00053,0.0,0.0462,0.0,0.0,0.0,0.0,0.0,0.0,0.0,0.0,0.0010899999999999998,0.0038,0.0,0.0,0.0,0.0,0.05303,0.0,0.0,0.0,0.0,0.0,0.00036,0.0,0.0,0.0,0.0,0.0,0.0,0.0,0.0,0.0,0.0,0.0,0.0,0.0,0.0,0.0,0.0,0.0,0.0,0.0,0.0,0.0,0.0,0.0,0.0,0.0224,0.0,0.0,0.0,0.00114,0.0001,0.0,0.0,0.00018,0.0,0.0,0.0,0.0,0.0,0.0,0.0,0.0,0.0,0.0,0.0,0.0,0.0,0.0,0.04253,0.0,0.0,0.0,0.00014,0.00038,0.0,0.0,0.0,0.0,0.02129,0.0,0.00042,0.0,0.0,0.00185,0.0,0.0,0.0,0.0,0.0,0.0,0.0,0.0,0.0,0.0,0.0,0.0,0.0,0.0,0.0,0.0,0.0,0.0,0.0,0.0001,0.0,0.0003,0.0,9e-05,0.0,0.0,0.00052,0.0,0.00088,0.0,0.0,0.0,0.00249,0.0,0.0,0.0,0.0,0.0,0.0,0.0,0.0,0.0,0.0,0.0,0.0,0.0,0.0,0.66524,0.0,0.00015,0.0,0.0,0.0,0.0,0.00017,0.0,0.0,0.00023,0.0,0.0,0.0,0.00047,0.0,0.0,0.00012,0.0,6e-05,0.0,0.0,0.0,0.00173,0.0,0.0,0.00014,0.0,0.00073,0.0,0.00081,0.0,0.0,0.0,0.0,0.0,0.0,9e-05,0.00213,0.0,6e-05,0.0,0.0,0.0,0.0,0.0,0.0,0.0007300000000000001,0.0,0.0,0.00013,0.0,0.0,0.00011,0.0,0.0,0.0,0.0495,0.0,0.0,0.0,0.0,8e-05,0.0,0.0015,0.00656,0.0,0.0,0.00361,0.0,0.0,0.0,0.0,0.0,0.0,0.00846,0.0,0.0,0.0,0.0,0.0,0.0,0.00344,0.0,0.0,0.0,0.0,0.0,0.0,0.0,5e-05,0.0,0.01433,0.0,0.0,0.0,0.0,0.0,0.0,0.0,0.0024,0.00025,0.0,0.0,0.0,0.0,0.0156,0.00021,0.00085,0.0
SRR2143546,0.0,0.0,0.0,0.0,0.02766,0.0,0.0,0.0,0.0,0.00684,0.0,0.00193,0.0,0.0,0.0,0.04724,0.0,0.0071,0.0,0.0,0.0016,0.0,0.00171,0.0,0.0,0.00104,0.0,0.01549,0.00152,0.0,0.0,0.00034,0.10576,0.0,0.0,0.0,0.0,0.0,0.00038,0.0,0.0,0.0,0.0,0.0,0.0,0.0,0.0,0.0,0.0,0.0,0.0,0.0,0.0,0.0,0.0,0.0,0.0,0.0,0.0,0.0,0.00017,0.0,0.0,0.00128,0.0,0.00191,0.0,0.03176,0.0,0.0,0.0,0.00398,0.0,0.0,0.0,0.0,0.0,0.0,0.0,0.0,0.0,0.0,0.00181,0.0,0.0,0.0,0.03469,0.0,0.0,0.0,0.0,0.00058,0.0,0.0,0.0,0.0,0.02619,0.0,0.00251,0.0,0.00514,0.06348,0.0,0.0,0.0,0.0,0.0,0.0,0.00049,0.0,0.0,0.0,0.0,0.0,0.0,0.00558,0.0,0.0,0.0,0.0,0.0,0.0,0.0,0.0,0.0,0.00843,0.0,0.0,0.0,0.0,0.00225,0.0,0.0,0.0,0.00157,0.0,0.0,0.00043,0.0,0.0,0.0,0.0,0.0,0.0,0.0,0.0,0.0,0.0,0.0,0.0,0.0,0.0,0.00031,0.16388,0.0,0.0,0.00401,0.0,0.0,0.0,0.0,0.0,0.0,0.00017,0.0,0.0,0.00038,0.0,0.0,0.00142,0.0,0.0,0.00068,0.0009,0.0,0.00316,0.0,0.00113,0.0,0.00138,0.0,0.00039,0.0,0.0,0.0,0.00203,0.0,0.00515,0.0,0.00053,0.0,0.0,0.0,0.0,0.0,0.0,0.0,0.0,0.0,0.0,0.0,0.0,0.0,0.0,0.00283,0.00478,0.12574,0.0,0.0146,0.0,0.0,0.00044,0.00046,0.0,0.00457,0.0,0.0,0.03943,0.0,0.0,0.0,0.0,0.0,0.0,0.0,0.0,0.0,0.0,0.0,0.0,0.0,0.0,0.0,0.0,0.0,0.0,0.0,0.0,0.0,0.00089,0.0,0.00092,0.0,0.00024,0.0,0.0,0.0,0.0,0.0,0.09985,0.00205,0.0,0.00438,0.0,0.00068,0.04589,0.00502,0.03506,0.005
SRR2143547,0.0,0.0,0.0,0.0,0.0,0.0,0.0,0.001,0.0,0.2132,0.00018,0.01654,0.0,0.0,0.0,0.07895,0.0,0.09329,0.0,0.0,0.00086,0.0,0.0134,0.0,0.0,0.0,0.00193,0.03424,0.00515,0.0,0.0,0.00095,0.12533,0.0,0.0,0.0009599999999999999,0.0,0.0,0.0025,0.0,0.0,0.0,0.0,0.0,0.0,0.0,0.0,0.0,0.0,0.0,0.0,0.0,0.0,0.0,0.0,0.0,0.0,0.0,0.0,0.0,0.0,0.0,0.0,0.0002,0.0,0.0,0.0,0.023139999999999997,0.0,0.0,0.0,0.01696,0.0,0.0,0.0,0.0,0.0,0.00028,0.0,0.0,0.0,0.0,0.0,0.0,0.0,0.0,0.062259999999999996,0.0,0.0,0.0,0.00045,0.0,0.0,0.0,0.0,0.0,0.0,0.0,0.00249,0.0,0.02698,0.04027,0.0,0.0,0.0,0.0,0.00015,0.0,0.0,0.0,0.0,0.0,0.0,0.0,0.0,0.0,0.0,0.0,0.0,0.0,0.0,0.0,0.0,0.0,0.0,0.00349,0.0,0.0,0.00063,0.0,0.0,0.0,0.0,0.0,0.00394,0.0,0.0,0.00166,0.0,0.0,0.0,0.0,0.0,0.0,0.0,0.0,0.0,0.0,0.0,0.0,0.0,0.0,0.00015,0.04435,0.00154,0.0,0.0,0.0,0.0,0.0,0.0,0.00087,0.0,0.00054,0.0,0.0,0.0,0.0,0.0,0.00234,0.0,0.0,0.00241,0.0,0.0,0.003,0.0,0.00441,0.0,0.00593,0.0,0.0,0.0,0.0,0.0,0.00606,0.0,0.01183,0.0,0.00044,0.0,0.0,0.0,0.0,0.0,0.0,0.0,0.0,0.0,0.0,0.0,0.00153,0.00027,0.0,0.0043300000000000005,0.00016,0.0,0.0,0.00048,0.00019,0.0002,0.0,0.0,0.0,0.0,0.0,0.0,0.01285,0.0,0.0,0.00648,0.0,0.0,0.0,0.0065,0.0,0.0,0.0,0.00012,0.0,0.0,0.01098,0.0,0.0,0.0,0.0,0.0,0.0,0.0,0.0,0.0,0.00426,0.00108,0.0,0.0,0.0,0.0,0.0,0.0,0.02545,0.0,0.0,0.00019,0.0,0.00073,0.0,0.00051,0.05413,0.0
SRR2143549,0.0,0.0,0.0,0.0,0.0,0.0,0.0,0.00124,0.0,0.0,0.0,0.14267,0.0,0.0,0.0,0.0452,0.0,0.055369999999999996,0.0,0.0,0.0,0.0,0.0,0.0,0.0,0.00129,0.0,0.26456,0.0,0.0,0.0,0.01299,0.12097999999999999,0.0,0.0,0.0,0.0,0.0,0.0,0.0,0.0,0.0,0.0,0.0,0.0,0.0,0.0,0.0,0.0,0.0,0.0,0.0,0.0,0.0,0.0,0.0,0.0,0.0,0.0,0.0,0.0,0.0,0.0,0.00961,0.0,0.0,0.0,0.0,0.01833,0.0,0.0,0.03604,0.00037,0.0,0.0,0.0,0.0,0.0,0.0,0.0,0.0,0.00087,0.0,0.0,0.0,0.0,0.02561,0.0,0.0,0.0,0.0,0.0,0.0,0.0,0.0,0.0,0.0,0.0,0.0,0.0,0.00381,0.00519,0.0,0.0,0.0,0.0,0.0,0.0,0.00089,0.0,0.0,0.0,0.0,0.0,0.0,0.00044,0.0,0.0,0.0,0.0,0.0,0.0,0.0,0.00207,0.0,0.01064,0.0029,0.0,0.0,0.00052,0.0,0.0,0.0,0.0,0.001,0.0,0.0,0.01387,0.0,0.0,0.0,0.0,0.0,0.0,0.0,0.0,0.0,0.0,0.0,0.00447,0.0,0.0,0.00018,0.0,0.00183,0.0,0.0,0.0,0.0,0.0,0.0,0.0,0.0,0.00081,0.0,0.0,0.0,0.0,0.0,0.0,0.0,0.0,0.0014,0.0,0.0,0.00102,0.0,0.0,0.0,0.0,0.0,0.0,0.0,0.0,0.0,0.00024,0.0,0.13173,0.0,0.0,0.0,0.0,0.0,0.0,0.0,0.0,0.0,0.0,0.0,0.0,0.0,0.0,0.0,0.0,0.0,0.00172,0.0,0.0,0.0,0.0,0.0,0.0,0.0,0.0,0.0,0.0,0.0,0.00964,0.0,0.0,0.0,0.0,0.0,0.0,0.0,0.0,0.0,0.0,0.0,0.0,0.0,0.0,0.0,0.0,0.0,0.0,0.0,0.0,0.0,0.0,0.0,0.0,0.0,0.0,0.0,0.0,0.0,0.0,0.0,0.00314,0.0,0.0,0.0,0.0,0.0,0.0,0.0,0.06392,0.00031
SRR2143551,0.0,0.05406,0.0,0.0,0.0,0.0,0.0,0.0002,0.00012,0.0,0.0,0.07114,0.0,0.0,0.0,0.02945,0.0,0.009219999999999999,0.0,0.0,0.0,0.0,0.0,0.0,0.0,0.0,0.0,0.13489,0.0,0.0,0.0,0.021990000000000003,0.04811,0.0,0.0,0.0103,0.0,0.0,0.0,0.0,0.0,0.0,0.0,0.0,0.0,0.0,0.0,0.0,0.0,0.0,0.0,0.0,0.0,0.0,0.0,0.0,0.0,0.0,0.0,0.0,0.001,0.0,0.0,0.003,0.0,0.0,0.0,0.00056,0.01049,0.0,0.008709999999999999,0.01524,0.0,0.0,0.0,0.0,0.0,0.0,0.0,0.0,0.0,0.0,0.0,0.0,0.0,0.0,0.009300000000000001,0.0,0.0,0.0,0.0,0.0,0.0,0.0,0.0,0.0,0.00633,0.0,0.00326,0.0,0.0,0.05633,0.0,0.0,0.0,0.0,0.0,0.0,0.0005,0.0,0.0,0.0,0.0,0.0,0.0,0.0,0.0,0.0,0.0,0.0,0.0,0.0,0.0,0.0,0.00013,0.00219,0.0,0.0,0.0,0.00017,0.0,0.0,0.0,0.0,0.00321,0.0,0.0,0.00012,0.0,0.0,0.0,0.0,0.0,0.0,0.0,0.0,0.0,0.0,0.0,0.0,0.0,0.0,0.0,0.0,0.0,0.0,0.0,0.0,0.0,0.0,0.0,0.0,0.0,0.00034,0.0,0.0,0.0,0.0,0.00011,0.0,0.0,0.0,0.00177,0.0,0.0,0.00478,0.0,0.01197,0.0,0.0,0.0,0.0037,0.0,0.0,0.0,0.0,0.0,0.13199999999999998,0.0,0.0,0.0,0.0,0.0,0.0,0.0,0.0,0.0,0.0,0.0,0.0,0.0,0.0,0.0,0.0,0.0,0.00042,0.05175,0.0,0.0,0.20042,0.0,0.0,0.0,0.0,0.0,0.0,0.0,0.0021,0.0,0.0,0.0,0.0,0.0,0.0,0.00396,0.0,0.0,0.0,0.0,0.0,0.0,0.0,0.0,0.0,0.0,0.0,0.0,0.0,0.0,0.0,0.0,0.0,0.0,0.0,0.0,0.0,0.0,0.0,0.0,0.00574,0.0,0.0,0.0,0.0,0.00011,0.0,0.00024,0.06508,0.0005499999999999999
SRR2143552,0.0,0.0,0.0,0.0,0.0,0.0,0.0,0.0008,0.0,0.00888,0.0,0.008,0.0,0.0,0.0,0.09951,0.0,0.03219,0.0,0.0,0.0,0.0,0.0,0.0,0.0,0.0,0.0,0.05806,0.00246,0.0,0.0,0.0,0.19646999999999998,0.0,0.0,0.01094,0.0,0.0,0.0,0.0,0.0,0.0,0.0,0.0,0.0,0.0,0.0,0.0,0.0,0.0,0.0,0.0,0.0,0.0,0.0,0.0,0.0,0.0,0.02258,0.0,0.0,0.0,0.0,0.00095,0.0,0.0,0.00693,0.03548,0.0,0.0,0.00023,0.07907,0.0,0.0,0.00013,0.0,0.0,0.0,0.0,0.0,0.0,0.0,0.0,0.0,0.0,0.0,0.07246000000000001,0.0,0.0,0.0,0.0,0.0,0.0,0.0,0.0,0.0,0.00418,0.0,0.00084,0.0,0.0063,0.02256,0.0,0.0,0.0,0.0,0.0,0.0,0.0,0.0,0.0,0.0,0.0,0.0,0.0,0.00041,0.0,0.0,0.0,0.0,0.0,0.0,0.0,0.0,0.0,0.0063,0.0,0.0,0.0,0.00285,0.0,0.0,0.0,0.0,0.00371,0.0,0.0,0.0007,0.0,0.0,0.0,0.0,0.0,0.0,0.0,0.0,0.0,0.0,0.0,0.0,0.0,0.0,0.0,0.0,0.0,0.0,0.0,0.0,0.0,0.0,0.0,0.0,0.0,0.00037,0.0,0.0,0.0,0.0,0.00042,0.0,0.0,0.0,0.00057,0.0,0.0,0.00014,0.0,0.00213,0.0,0.0,0.0,0.00526,0.0,0.0,0.0,0.0,0.00148,0.0,0.0,0.0,0.0,0.0,0.0,0.0,0.00051,0.0,0.0,0.0,0.0,0.0,0.0,0.00063,0.0,0.0,0.01199,0.0002,0.07731,0.0,0.00015,0.0,0.0,0.00018,0.0,0.0,0.0,0.0,0.0,0.04517,0.0,0.0,0.0,0.0,0.0,0.0,0.00447,0.0,0.0,0.0,0.0,0.0,0.0,0.06797,0.0,0.0,0.0,0.0,0.0,0.0,0.0,0.0,0.0,0.00022,0.0,0.0,0.0,0.0,0.0,0.0,0.0,0.00215,0.0,0.0,0.00019,0.0,0.0,0.0,0.00046,0.08994999999999999,0.00023
SRR2143553,0.0,0.0,0.0,0.0,0.0,0.0,0.0,0.0,0.0,0.01412,0.0,0.017349999999999997,0.0,0.0,0.0,0.05654,0.0,0.01859,0.0,0.0,0.0,0.0,0.0,0.0,0.0,0.0,0.0,0.17830000000000001,0.0,0.0,0.0,0.0,0.07703,0.0,0.0,0.0,0.0,0.0,0.0,0.0,0.0,0.0,0.0,0.0,0.0,0.0,0.0,0.0,0.0,0.0,0.0,0.0,0.0,0.0,0.0,0.0,0.0,0.0,0.0,0.0,0.0,0.0,0.0,0.00048,0.0,0.0,0.0,0.00285,0.0,0.0,0.0,0.03096,0.0,0.0,0.0,0.0,0.0,0.0,0.0,0.0,0.0,0.0,0.0,0.0,0.0,0.0,0.0109,0.0,0.0,0.0,0.00492,0.0,0.0,0.0,0.0,0.0,0.0,0.0,0.0,0.0,0.01144,0.06695,0.0,0.0,0.0,0.0,0.0,0.0,0.01768,0.0,0.0,0.0,0.0,0.0,0.0,0.0,0.0,0.0,0.0,0.0,0.0,0.0,0.0,0.00051,0.0,0.00325,0.00357,0.0,0.0,0.0,0.0,0.0,0.0,0.0,0.00944,0.00041,0.0,0.00103,0.0,0.0,0.0,0.0,0.0,0.0,0.0,0.0,0.0,0.0,0.0,0.04145,0.0,0.0,0.00022,0.0,0.0,0.0,0.00024,0.0,0.0,0.0,0.0,0.0,0.0,0.0003,0.0,0.0,0.0,0.0,0.00033,0.0,0.0,0.0,0.0,0.0,0.0,0.0045,0.0,0.009389999999999999,0.0,0.0,0.0,0.02138,0.0,0.0,0.0,0.0,0.03943,0.06133,0.0,0.0,0.0,0.0,0.0,0.0,0.0,0.0,0.0,0.0,0.0,0.0,0.0,0.0,0.00073,0.0,0.01511,0.00344,0.0,0.0,0.0,0.0,0.0,0.00546,0.0,0.0,0.0,0.0,0.0,0.03887,0.0,0.0,0.0,0.0,0.0,0.0,0.12479,0.0,0.0,0.0,0.0,0.0,0.0,0.00409,0.0,0.0,0.0,0.0,0.0,0.0,0.0,0.0,0.0,0.00126,0.0,0.0,0.0,0.0,0.0,0.0,0.0,0.00333,0.0,0.0,0.0006,0.0,0.00059,0.0,0.0030099999999999997,0.047369999999999995,0.00018
SRR2143555,0.0,0.0,0.0,0.0,0.0,0.0,0.0,0.00074,0.0,0.0,0.0,0.00106,0.0,0.0,0.0,0.1557,0.0,0.04592,0.0,0.0,0.0,0.0,0.0,0.0,0.0,0.00078,0.0,0.00841,0.00019,0.0,0.0,0.18832999999999997,0.10086,0.0,0.0,0.00062,0.0,0.0,0.0,0.0,0.0,0.0,0.0,0.0,0.0,0.0,0.0,0.0,0.0,0.0,0.0,0.0,0.0,0.0,0.0,0.0,0.0,0.0,0.0,0.0,0.0,0.0,0.0,0.0,0.0,0.00017,0.0,0.00131,0.10983,0.0,0.0,0.043910000000000005,0.0,0.0,0.0,0.0,0.0,0.0,0.0,0.0,0.0,0.0,0.0,0.0,0.0,0.0,0.11271,0.0,0.00222,0.00029,0.0,0.0,0.0,0.0,0.0,0.0,0.0,0.0,0.0,0.0,0.00201,0.01475,0.0,0.0,0.0,0.0,0.0,0.0,0.0,0.0,0.0,0.0,0.0,0.0,0.0,0.0,0.0,0.0,0.0,0.0,0.0,0.0,0.0,0.0,0.0,0.00822,0.00668,0.0,0.0,0.0,0.0,0.0,0.0,0.0,0.00242,0.0,0.0,0.0,0.0,0.0,0.0,0.0,0.0,0.0,0.0,0.0,0.0,0.0,0.0,0.01617,0.0,0.0,0.00027,0.0,0.00027,0.0,0.0,0.0,0.0,0.0,0.0,0.0,0.0,0.00032,0.0,0.0,0.0,0.0,0.00041,0.0,0.0,0.0,0.0,0.0,0.0,0.0,0.0,0.0,0.0,0.0,0.0,0.00226,0.0,0.0,0.0,0.0,0.0,0.00377,0.0,0.0,0.0,0.0,0.0,0.0,0.00049,0.0,0.0,0.0,0.0,0.0,0.0,0.00082,0.0,0.0,0.0004,0.00098,0.0,0.0,0.0,0.0,0.0,0.0,0.0,0.0,0.0,0.0,0.0,0.00261,0.0,0.0,0.0,0.0,0.0,0.0,0.06782,0.0,0.0,0.0,0.0,0.0,0.0,0.01283,0.0,0.0,0.0,0.0,0.0,0.0,0.0,0.0,0.0,0.0,0.0,0.0,0.0,0.0,0.0,0.0,0.0,0.00152,0.0,0.0,0.0,0.0,0.0,0.0,0.00236,0.07897,0.0
SRR2143557,0.0,0.0,0.0,0.0,0.0,0.0,0.0,0.0,0.0,0.09823,0.0,0.0,0.0,0.0,0.0,0.05833,0.0,0.08379,0.0,0.0,0.0,0.0,0.0,0.0,0.0,0.0,0.0,0.24115999999999999,0.0,0.0,0.0,0.14914,0.08157,0.0,0.0,0.0,0.0,0.0,0.0,0.0,0.0,0.0,0.0,0.0,0.0,0.0,0.0,0.0,0.0,0.0,0.0,0.0,0.0,0.0,0.0,0.0,0.0,0.0,0.0,0.0,0.0,0.0,0.0,0.0,0.0,0.0,0.0,0.0,0.0,0.0,0.0,0.0,0.0,0.0,0.0,0.0,0.0,0.0,0.0,0.0,0.0,0.0,0.0,0.0,0.0,0.0,0.00538,0.0,0.0,0.0,0.00061,0.0,0.0,0.0,0.0,0.0,0.0,0.0,0.0,0.0,0.0,0.02574,0.0,0.0,0.0,0.0,0.0,0.0,0.00171,0.0,0.0,0.0,0.0,0.0,0.0,0.0,0.0,0.0,0.0,0.0,0.0,0.0,0.0,0.00167,0.0,0.00477,0.0,0.0,0.00061,0.0,0.0,0.0,0.0,0.0,0.00273,0.0,0.0,0.00122,0.0,0.0,0.0,0.0,0.0,0.0,0.0,0.0,0.0,0.0,0.0,0.02835,0.0,0.0,0.0,0.0,0.00196,0.0,0.0,0.0,0.0,0.0,0.0,0.0,0.0,0.0,0.0,0.0,0.0,0.0,0.0,0.0,0.0,0.0,0.0,0.0,0.0,0.0,0.0,0.0,0.0,0.0,0.0,0.0,0.0,0.0,0.0,0.0,0.0,0.13021,0.0,0.0,0.0,0.0,0.0,0.0,0.0,0.0,0.0,0.0,0.0,0.0,0.0,0.0,0.0,0.0,0.00392,0.00086,0.0,0.0,0.0,0.0,0.0,0.00404,0.0,0.0,0.0,0.0,0.0,0.02994,0.0,0.0,0.0,0.0,0.0,0.0,0.03483,0.0,0.0,0.0,0.0,0.0,0.0,0.0,0.0,0.0,0.0,0.0,0.0,0.0,0.0,0.0,0.0,0.0012699999999999999,0.0,0.0,0.0,0.0,0.0,0.0,0.0,0.0,0.0,0.0,0.0,0.0,0.0,0.0,0.0,0.00135,0.00057
SRR2143558,0.0,0.0,0.0,0.0,0.0,0.0,0.0,0.0,0.0,0.07027,0.0,0.06552,0.0,0.0,0.0,0.0384,0.0,0.00975,0.0,0.0,0.00101,0.0,0.0,0.0,0.0,0.0,0.0,0.06578,0.0,0.0,0.0,0.02885,0.05475,0.0,0.0,0.00617,0.0,0.0,0.00226,0.0,0.0,0.0,0.0,0.0,0.0,0.0,0.0,0.0,0.0,0.0,0.0,0.0,0.0,0.0,0.0,0.0,0.0,0.0,0.00034,0.0,0.0,0.0,0.0,0.0,0.0,0.0,0.0,0.01103,0.02483,0.0,0.0,0.04689,0.0,0.0,0.0,0.0,0.0,0.0,0.0,0.0,0.0,0.0,0.0,0.0,0.0,0.0,0.044660000000000005,0.0,0.0,0.0,0.0,0.0,0.0,0.0,0.0,0.0,0.0,0.0,0.0,0.0,0.0007,0.03003,0.0,0.0,0.0,0.0,0.0,0.0,0.00059,0.0,0.0,0.0,0.0,0.0,0.0,0.0,0.0,0.0,0.0,0.0,0.0,0.0,0.0,0.0,0.0,0.00304,0.0,0.0,0.0,0.0,0.0,0.0,0.0,0.0,0.00816,0.0,0.0,0.0,0.0,0.0,0.0,0.0,0.0,0.0,0.0,0.0,0.0,0.0,0.0,0.0,0.0,0.0,0.0,0.0,0.0,0.0,0.00053,0.0,0.0,0.0,0.0,0.0,0.0,0.0,0.0,0.0,0.0,0.0,0.0,0.00656,0.0,0.0,0.0,0.0,0.0,0.0036,0.0,0.02938,0.0,0.0,0.0,0.00288,0.0,0.0,0.0,0.00229,0.00374,0.03701,0.0,0.0,0.0,0.0,0.0,0.0,0.0,0.0,0.0,0.0,0.0,0.0,0.0,0.0,0.0,0.0,0.01078,0.0,0.0,0.0,0.0,0.2585,0.0,0.0,0.0,0.0,0.0,0.0,0.0,0.04678,0.0,0.0,0.0,0.0,0.0,0.0,0.0,0.0,0.0,0.0,0.0,0.0,0.0,0.02623,0.0,0.0,0.0,0.0,0.0,0.0,0.0,0.0,0.0,0.0,0.0,0.0,0.0,0.0,0.0,0.0,0.0,0.01008,0.0,0.0,0.0,0.0,0.0,0.0,0.00039,0.03039,0.0
SRR2143559,0.0,0.0,0.0,0.0,0.0,0.0,0.0,0.0,0.0,0.00194,0.0,0.05547,0.0,0.0,0.0,0.06865,0.0,0.06128,0.0,0.0,0.00204,0.0,0.01042,0.0,0.0,0.00247,0.0,0.10779,0.00381,0.0,0.0,0.0,0.06625,0.0,0.0,0.0,0.0,0.0,0.00044,0.0,0.0,0.0,0.0,0.0,0.0,0.0,0.0,0.0,0.0,0.0,0.0,0.0,0.0,0.0,0.0,0.0,0.0,0.0,0.00082,0.0,0.00056,0.0,0.0,0.00172,0.0,0.0,0.0,0.01508,0.0,0.0,0.0,0.02022,0.0,0.0,0.0,0.0,0.0,0.0,0.0,0.0,0.0,0.0,0.00788,0.0,0.0,0.0,0.00994,0.0,0.0,0.00024,0.00126,0.0,0.0,0.0,0.0,0.0,0.0,0.0,0.00584,0.0,0.02165,0.10186,0.0,0.0,0.0,0.0,0.0,0.0,0.00053,0.0,0.0,0.0,0.0,0.0,0.0,0.00456,0.0,0.0,0.0,0.0,0.0,0.0,0.0,0.00107,0.0,0.01135,0.0007,0.0,0.00063,0.0,0.0,0.0,0.0,0.0,0.01656,0.0,0.0,0.00051,0.0,0.0,0.0,0.0,0.0,0.00313,0.0,0.0,0.0,0.0,0.0,0.0,0.0,0.0,0.00056,0.0,0.0,0.0,0.0023,0.0,0.0,0.0,0.0,0.0,0.0,0.0,0.0,0.0,0.0,0.0,0.0,0.03418,0.0,0.0,0.0015,0.0,0.0,0.00364,0.0,0.00662,0.0,0.0,0.0,0.0,0.0,0.0,0.0,0.00145,0.02378,0.12241999999999999,0.0,0.0,0.0,0.0,0.0,0.0,0.0,0.0,0.0,0.0,0.0,0.0,0.0,0.0,0.0,0.0,0.01789,0.00184,0.0,0.0,0.0,0.0,0.0,0.0,0.0,0.0,0.0,0.0,0.0,0.0598,0.0,0.0,0.0,0.00189,0.0,0.0,0.02318,0.0,0.0,0.0,0.0,0.0,0.0,0.0,0.0,0.0,0.0,0.0,0.0,0.0,0.0,0.0,0.0,0.0,0.0,0.0,0.0,0.0,0.0,0.0,0.0,0.01964,0.0,0.0,0.00051,0.0,0.0,0.0,0.0,0.03891,0.00061
SRR2143560,0.0,0.0,0.0,0.0,0.0,0.0,0.0,0.00073,0.0,0.0,0.00209,0.00443,0.0,0.0,0.0,0.07816,0.0,0.08267,0.0,0.0,0.0,0.0,0.0,0.0,0.0,0.0,0.0,0.03937,0.00149,0.0,0.0,0.0,0.22281,0.0,0.0,0.00031,0.0,0.0,0.0,0.0,0.0,0.0,0.0,0.0,0.0,0.0,0.0,0.0,0.0,0.0,0.0,0.0,0.0,0.0,0.0,0.0,0.0,0.0,0.02145,0.0,0.0,0.0,0.0,0.00029,0.0,0.0,0.05562,0.0242,0.0371,0.0,0.0,0.02469,0.0,0.0,0.0,0.0,0.0,0.0,0.0,0.0,0.0,0.0,0.00173,0.0,0.0,0.0,0.06088,0.0,0.0,0.0,0.0,0.0,0.0,0.0,0.0,0.0,0.0,0.0,0.0,0.0,0.01121,0.06397,0.0,0.0,0.0,0.0,0.0,0.0,0.0,0.0,0.0,0.0,0.0,0.0,0.0,0.0,0.0,0.0,0.0,0.0,0.0,0.0,0.0,0.0,0.0,0.006,0.0,0.0,0.0,0.0,0.0,0.0,0.0,0.0,0.00932,0.0,0.0,0.00065,0.0,0.0,0.0,0.0,0.0,0.0,0.0,0.0,0.0,0.0,0.0,0.00084,0.0,0.04546,0.0,0.0,0.0,0.0,0.0,0.0,0.0,0.0,0.0,0.0,0.0,0.00037,0.0,0.0,0.0,0.0,0.00042,0.00068,0.0,0.0,0.0,0.0,0.0,0.01186,0.0,0.0028,0.0,0.00429,0.0,0.00215,0.0,0.0,0.0,0.00076,0.00071,0.03828,0.0,0.0,0.0,0.0,0.0,0.0,0.0,0.0,0.0,0.0,0.0,0.0,0.0,0.0,0.0,0.0,0.00422,0.0,0.0,0.0,0.00168,0.0,0.0,0.0,0.0,0.0,0.0,0.0,0.0,0.01205,0.0,0.0,0.0,0.0,0.0,0.0,0.0,0.0,0.0,0.0,0.0,0.0,0.0,0.02152,0.0,0.0,0.0,0.0,0.0,0.0,0.0,0.0,0.0,0.00076,0.00149,0.0,0.0,0.0,0.0,0.0,0.0,0.0,0.0,0.0,0.0,0.0,0.0,0.0,0.00047,0.09929,0.0
SRR2143562,0.0,0.00016,0.0,0.0,0.0,0.0,0.0,0.00021,0.0,0.1979,0.0,0.0,0.0,0.0,0.0,0.2662,0.0,0.049,0.0,0.0,0.0,0.0,0.0,0.0,0.0,0.0,0.0,0.0044,0.0,0.0,0.0,0.01633,0.21498,0.0,0.0,0.0,0.0,0.0,0.0,0.0,0.0,0.0,0.0,0.0,0.0,0.0,0.0,0.0,0.0,0.0,0.0,0.0,0.0,0.0,0.0,0.0,0.0,0.0,0.0,0.0,0.0,0.0,0.0,0.00235,0.0,0.0,0.0,0.00056,0.02331,0.0,0.0,0.0,0.0,0.0,0.0,0.0,0.0,0.0,0.0,0.0,0.0,0.0,0.0,0.0,0.0,0.0,0.07923,0.0,0.0,0.0,0.0,0.0,0.0,0.0,0.0,0.0,0.0,0.0,0.0,0.0,0.0,0.04009,0.0,0.0,0.0,0.0,0.0,0.0,0.00022,0.0,0.0,0.0,0.0,0.0,0.0,0.00071,0.0,0.0,0.0,0.0,0.0,0.0,0.0,0.0,0.0,0.00492,0.0,0.0,0.0,0.0,0.0,0.0,0.0,0.0,0.00037,0.0,0.0,0.0,0.0,0.0,0.0,0.0,0.0,0.00082,0.0,0.0,0.0,0.0,0.0,0.00585,0.0,0.0,0.0,0.0,0.0,0.0,0.00059,0.0,0.0,0.0,0.0,0.0,0.0,0.00014,0.0,0.0,0.0,0.0,0.00015,0.0,0.0,0.0,0.0,0.0,0.0,0.00405,0.0,0.0,0.0,0.0,0.0,0.0,0.0,0.0,0.0,0.0,0.00034,0.0,0.0,0.0,0.0,0.0,0.0,0.0,0.0,0.0,0.0,0.0,0.0,0.0,0.0,0.0,0.0,0.0,0.0,0.00173,0.0,0.0,0.0,0.0,0.0,0.00187,0.0,0.0,0.0,0.0,0.0,0.03466,0.0,0.0,0.0,0.0,0.0,0.0,0.00361,0.0,0.0,0.0,0.0,0.0,0.0,0.00541,0.0,0.0,0.0,0.0,0.0,0.0,0.0,0.0,0.0,0.0043,0.0,0.0,0.0,0.0,0.0,0.0,0.0,0.0,0.0,0.0,0.00033,0.0,0.0,0.0,0.01182,0.02296,0.0
SRR2143564,0.0,0.0,0.0,0.0,0.0,0.0,0.0,0.0,0.0,0.12646,0.0,0.0,0.0,0.0,0.0,0.10135,0.0,0.11586,0.0,0.0,0.0,0.0,0.0,0.0,0.0,0.0013,0.0,0.036969999999999996,0.00077,0.0,0.0,0.03864,0.14118999999999998,0.0,0.0,0.0,0.0,0.0,0.0,0.0,0.0,0.0,0.0,0.0,0.0,0.0,0.0,0.0,0.0,0.0,0.0,0.0,0.0,0.0,0.0,0.0,0.0,0.0,0.0,0.0,0.0,0.0,0.0,0.0,0.0,0.0,0.0,0.00224,0.0,0.0,0.0,0.0,0.0,0.0,0.0,0.0,0.0,0.0,0.0,0.0,0.0,0.0,0.0,0.0,0.0,0.0,0.07291,0.0,0.0,0.0,0.0,0.0,0.0,0.0,0.0,0.0,0.0,0.0,0.0,0.0,0.0,0.00565,0.0,0.0,0.0,0.0,0.0,0.0,0.0,0.0,0.0,0.0,0.0,0.0,0.0,0.00193,0.0,0.0,0.0,0.0,0.0,0.0,0.0,0.0,0.0,0.01438,0.0,0.0,0.00105,0.0,0.0,0.0,0.0,0.0,0.00985,0.0,0.0,0.0,0.0,0.0,0.0,0.0,0.0,0.00922,0.0,0.0,0.0,0.0,0.0,0.00305,0.0,0.0,0.00056,0.0,0.0,0.0,0.00046,0.0,0.0,0.0,0.0,0.0,0.0,0.0,0.0,0.0,0.0,0.0,0.0,0.00252,0.0,0.0,0.0,0.0,0.0,0.00337,0.0,0.00221,0.0,0.0,0.0,0.0,0.0,0.0,0.0,0.0,0.0053,0.05113,0.0,0.0,0.0,0.0,0.0,0.0,0.0,0.0,0.0,0.0,0.0,0.0,0.0,0.0,0.00126,0.0,0.00196,0.0,0.0,0.0,0.0,0.0,0.0,0.00558,0.0,0.0,0.0,0.0,0.0,0.0249,0.0,0.0,0.0,0.0,0.0,0.0,0.08704,0.0,0.0,0.0,0.0,0.0,0.0,0.01606,0.0,0.0,0.0,0.0,0.0,0.0,0.0,0.0,0.0,0.01613,0.0,0.0,0.0,0.0,0.0,0.0,0.0,0.0,0.0,0.0,0.00035,0.0,0.0,0.0,0.00155,0.08802,0.0
SRR2143565,0.0,0.0,0.0,0.0,0.0,0.0,0.0,0.0,0.0,0.00173,0.0,0.01756,0.0,0.0,0.0,0.09506,0.0,0.0847,0.0,0.0,0.0,0.0,0.0,0.0,0.0,0.0,0.0,0.01401,0.0,0.0,0.0,0.0,0.20984999999999998,0.0,0.0,0.0,0.0,0.0,0.00605,0.0,0.0,0.0,0.0,0.0,0.0,0.0,0.0,0.0,0.0,0.0,0.0,0.0,0.0,0.0,0.0,0.0,0.0,0.0,0.0,0.0,0.0,0.0,0.0,0.0,0.0,0.0,0.0,0.00168,0.00818,0.0,0.0,0.06298999999999999,0.0,0.0,0.0,0.0,0.0,0.0,0.0,0.0,0.0,0.0,0.0,0.0,0.0,0.0,0.06987,0.0,0.0,0.0,0.0,0.0,0.0,0.0,0.0,0.0,0.08459,0.0,0.00294,0.0,0.01383,0.05349,0.0,0.0,0.0,0.0,0.0,0.0,0.001,0.0,0.0,0.0,0.0,0.0,0.0,0.0006,0.0,0.0,0.0,0.0,0.0,0.0,0.0,0.0,0.0,0.01254,0.0,0.0,0.00045,0.0,0.0,0.0,0.0,0.0,0.0072,0.0,0.0,0.0,0.0,0.0,0.0,0.0,0.0,0.00084,0.0,0.0,0.0,0.0,0.0,0.00084,0.0,0.0,0.0,0.0,0.0,0.0,0.00208,0.0,0.0,0.00045,0.0,0.0,0.0,0.00047,0.0,0.0,0.0,0.0,0.0,0.00039,0.0,0.0,0.0,0.0,0.0,0.00426,0.0,0.00258,0.0,0.00032,0.0,0.0,0.0,0.0,0.0,0.00321,0.0005,0.00833,0.0,0.0,0.0,0.0,0.0,0.0,0.0,0.0,0.0,0.0,0.0,0.0,0.0,0.0,0.0,0.0,0.0,0.00084,0.0,0.0,0.0,0.0,0.0,0.0,0.0,0.0,0.0,0.0,0.0,0.11827,0.0,0.0,0.0,0.00258,0.0,0.0,0.00636,0.0,0.0,0.0,0.0,0.0,0.0,0.0,0.0,0.0,0.0,0.0,0.0,0.0,0.0,0.0,0.0,0.0,0.0,0.0,0.0,0.0,0.0,0.0,0.0,0.02623,0.0,0.0,0.0,0.0,0.0,0.0,0.00047,0.07082,0.0
SRR2143567,0.0,0.0,0.0,0.0,0.0,0.0,0.0,0.00266,0.0,0.0,0.0,0.00586,0.0,0.0,0.0,0.04511,0.0,0.05652,0.0,0.0,0.0,0.0,0.0,0.0,0.0,0.0,0.0,0.01141,0.0,0.0,0.0,0.0,0.37067,0.0,0.0,0.0,0.0,0.0,0.0,0.0,0.0,0.0,0.0,0.0,0.0,0.0,0.0,0.0,0.0,0.0,0.0,0.0,0.0,0.0,0.0,0.0,0.0,0.0,0.0,0.0,0.0,0.0,0.0,0.00095,0.0,0.0,0.0,0.0,0.01534,0.0,0.0,0.02152,0.0,0.0,0.0,0.0,0.0,0.0,0.0,0.0,0.0,0.0,0.0,0.0,0.0,0.0,0.08098999999999999,0.0,0.0,0.0,0.0,0.0,0.0,0.0,0.0,0.0,0.0,0.0,0.0,0.0,0.01544,0.00358,0.0,0.0,0.0,0.0,0.0,0.0,0.00048,0.0,0.0,0.0,0.0,0.0,0.0,0.0007,0.0,0.0,0.0,0.0,0.0,0.0,0.0,0.0,0.0,0.01642,0.0,0.0,0.0,0.0,0.0,0.0,0.0,0.0,0.00092,0.0,0.0,0.0,0.0,0.0,0.0,0.0,0.0,0.0,0.0,0.0,0.0,0.0,0.0,0.00162,0.0,0.0,0.00048,0.0,0.00035,0.0,0.00146,0.0,0.0,0.0,0.0,0.0,0.0,0.00048,0.0,0.0,0.0,0.0,0.00057,0.0,0.0,0.0,0.0,0.0,0.0,0.00155,0.0,0.00586,0.0,0.0,0.0,0.00998,0.0,0.0,0.0,0.0,0.00089,0.00536,0.0,0.0,0.0,0.0,0.0,0.0,0.00479,0.0,0.0,0.0,0.0,0.0,0.0,0.0,0.0,0.0,0.0,0.0,0.0,0.0,0.0,0.0,0.0,0.0,0.0,0.0,0.0,0.0,0.0,0.05411,0.0,0.0,0.0,0.0,0.0,0.0,0.0,0.0,0.0,0.0,0.0,0.0,0.0,0.0,0.0,0.0,0.0,0.0,0.0,0.0,0.0,0.0,0.0,0.00092,0.0,0.0,0.0,0.0,0.0,0.0,0.0,0.0,0.0,0.0,0.0,0.0,0.00095,0.0,0.00054,0.2609,0.0
SRR2143568,0.0,0.0,0.0,0.0,0.0,0.0,0.0,0.0,0.0,0.06653,0.0,0.05171,0.0,0.0,0.0,0.00171,0.0,0.11325,0.0,0.0,0.0,0.0,0.00395,0.0,0.0,0.0,0.0,0.07542,0.00477,0.0,0.0,0.01612,0.01471,0.0,0.0,0.0,0.0,0.0,0.0108,0.0,0.0,0.0,0.0,0.0,0.0,0.0,0.0,0.0,0.0,0.0,0.0,0.0,0.0,0.0,0.0,0.0,0.0,0.0,0.0,0.0,0.0,0.0,0.0,0.0,0.0,0.0,0.0,0.02383,0.01515,0.0,0.0,0.00588,0.0,0.0,0.0,0.0,0.0,0.0,0.0,0.0,0.0,0.0,0.0,0.0,0.0,0.0,0.0024200000000000003,0.0,0.0,0.0,0.01374,0.0,0.0,0.0,0.0,0.0,0.0,0.0,0.0,0.0,0.0045,0.04594,0.0,0.0,0.0,0.0,0.0,0.0,0.00194,0.0,0.0,0.0,0.0,0.0,0.0,0.00354,0.0,0.0,0.0,0.0,0.0,0.0,0.0,0.00112,0.0,0.00786,0.0,0.0,0.00134,0.0,0.0,0.0,0.0,0.0,0.00588,0.0,0.0,0.00082,0.0,0.0,0.0,0.0,0.0,0.00316,0.0,0.0,0.0,0.0,0.0,0.00134,0.0,0.0,0.00056,0.11474,0.0,0.0,0.00093,0.0,0.0,0.0,0.0,0.0,0.0,0.0,0.0,0.0,0.0,0.0,0.0,0.00517,0.0,0.0,0.00093,0.0,0.0,0.00812,0.0,0.00212,0.0,0.0,0.00082,0.0,0.0,0.0,0.0,0.05964,0.02565,0.07896,0.0,0.0,0.0,0.0,0.0,0.0,0.0,0.0,0.0,0.0,0.0,0.0,0.0,0.0,0.0,0.0,0.0075899999999999995,0.00331,0.0,0.0,0.00056,0.0,0.0,0.00071,0.0,0.0,0.0,0.0,0.0,0.10078,0.0,0.0,0.0,0.00119,0.0,0.0,0.02531,0.0,0.0,0.0,0.0,0.0,0.0,0.00253,0.0,0.0,0.0,0.0,0.0,0.0,0.0,0.0,0.0,0.00227,0.0,0.0,0.0,0.0,0.0,0.0,0.0,0.00544,0.0,0.0,0.0,0.0,0.0,0.0,0.0,0.03291,0.00048
SRR2143569,0.0,0.0,0.0,0.0,0.0,0.0,0.0,0.00072,0.0,0.00062,0.0,0.06083,0.0,0.0,0.0,0.00848,0.0,0.049030000000000004,0.0,0.0,0.0,0.0,0.00189,0.0,0.0,0.0,0.0,0.13238,0.00241,0.0,0.0,0.00074,0.12999,0.0,0.0,0.00028,0.0,0.0,0.00019,0.0,0.0,0.0,0.0,0.0,0.0,0.0,0.0,0.0,0.0,0.0,0.0,0.0,0.0,0.0,0.0,0.0,0.0,0.0,0.00166,0.0,0.0007,0.0,0.0,0.0012,0.0,0.0,0.0,0.01981,0.06571,0.0,0.0009400000000000001,0.03962,0.0,0.0,0.0,0.0,0.0,0.0,0.0,0.0,0.0,0.0,0.0,0.0,0.0,0.0,0.014410000000000001,0.0,0.0,0.0,0.00042,0.0,0.0,0.0,0.0,0.0,0.00823,0.0,0.00152,0.0,0.0009,0.01975,0.0,0.0,0.0,0.0,0.0,0.0,0.00085,0.0,0.0,0.0,0.0,0.0,0.0,0.0,0.0,0.0,0.0,0.0,0.0,0.00023,0.0,0.00256,0.0,0.00539,0.0,0.0,0.0012,0.0,0.0,0.0,0.0,0.0,0.02049,0.0,0.0,0.00041,0.0,0.0,0.0,0.0,0.0,0.0,0.0,0.0,0.0,0.0,0.0,0.00754,0.0,0.07155,0.00019,0.0,0.0,0.0,0.00127,0.0,0.0,0.0,0.0,0.0,0.0,0.0,0.0,0.0,0.0,0.0,0.0,0.00879,0.0,0.0,0.0021,0.0,0.0,0.00434,0.0,0.00795,0.0,0.00048,0.0,0.0,0.0,0.0,0.00033,0.00074,0.0341,0.17862999999999998,0.0,0.0,0.0,0.00167,0.0,0.0,0.0,0.0,0.0,0.0,0.0,0.0,0.0,0.00303,0.0,0.0,0.008459999999999999,0.00425,0.0,0.0,0.00028,0.0,0.0,0.00067,0.0,0.0,0.0028,0.0,0.0,0.02383,0.0,0.0,0.0,0.0,0.0,0.0,0.01471,0.0,0.0,0.0,0.0,0.0,0.0,0.0,0.0,0.0,0.0,0.0,0.0,0.0,0.0,0.0,0.0,0.00115,0.0,0.0,0.0,0.0,0.0,0.0,0.0,0.00647,0.0,0.0,0.0,0.0,0.0,0.0,0.0012000000000000001,0.014539999999999999,0.001
SRR2143572,0.0,0.0,0.0,0.0,0.0,0.0,0.0,0.0009,0.0,0.11448,0.0,0.047839999999999994,0.0,0.0,0.0,0.05498,0.0,0.07156,0.0,0.0,0.0,0.0,0.0,0.0,0.0,0.00163,0.0,0.14088,0.00087,0.0,0.0,0.027549999999999998,0.0755,0.0,0.0,0.0,0.0,0.0,0.00027,0.0,0.0,0.0,0.0,0.0,0.0,0.0,0.0,0.0,0.0,0.0,0.0,0.0,0.0,0.0,0.0,0.0,0.0,0.0,0.00221,0.0,0.0,0.0,0.0,0.00306,0.0,0.0,0.0,0.0037600000000000003,0.01311,0.0,0.0,0.01117,0.0,0.0,0.0,0.0,0.0,0.0,0.0,0.0,0.0,0.0,0.0,0.0,0.0,0.0,0.02588,0.0,0.0,0.0,0.00092,0.0,0.0,0.0,0.0,0.0,0.0,0.0,0.00432,0.0,0.01838,0.08979,0.0,0.0,0.0,0.0,0.0,0.0,0.0007,0.0,0.0,0.0,0.0,0.0,0.0,0.00041,0.0,0.0,0.0,0.0,0.0,0.0,0.0,0.0,0.0,0.00769,0.00058,0.0,0.00036,0.0,0.0,0.0,0.0,0.0,0.0116,0.0,0.0,0.01806,0.0,0.0,0.0,0.0,0.0,0.0,0.0,0.0,0.0,0.0,0.0,0.0,0.0,0.0,0.00041,0.0,0.00172,0.0,0.00172,0.0,0.0,0.0,0.0,0.00102,0.0,0.00027,0.0,0.0,0.0,0.0,0.0,0.00568,0.0,0.0,0.00063,0.0,0.0,0.00354,0.0,0.0124,0.0,0.0,0.0,0.0,0.0,0.0,0.00063,0.00032,0.02961,0.09081,0.0,0.0,0.0,0.0,0.0,0.0,0.0,0.0,0.0,0.0,0.0,0.0,0.0,0.0,0.0,0.0,0.017410000000000002,0.00036,0.0,0.0,0.0,0.0,0.0,0.0,0.0,0.0,0.0,0.0,0.0,0.02112,0.0,0.0,0.0,0.0,0.0,0.0,0.023469999999999998,0.0,0.0,0.0,0.0,0.0,0.0,0.0,0.0,0.0,0.0,0.0,0.0,0.0,0.0,0.0,0.0,0.00153,0.0,0.0,0.0,0.0,0.0,0.0,0.0,0.0,0.0,0.0,0.0,0.0,0.0,0.0,0.0,0.03333,0.00058
SRR2143574,0.0,0.00063,0.0,0.0,0.0,0.0,0.0,0.00073,0.0,0.08488,0.0,0.013170000000000001,0.0,0.0,0.0,0.03616,0.0,0.01709,0.0,0.0,0.0,0.0,0.0,0.0,0.0,0.0,0.0,0.008790000000000001,0.0,0.0,0.0,0.04977000000000001,0.23149,0.0,0.0,0.0,0.0,0.0,0.0,0.0,0.0,0.0,0.0,0.0,0.0,0.0,0.0,0.0,0.0,0.0,0.0,0.0,0.0,0.0,0.0,0.0,0.0,0.0,0.0,0.0,0.0,0.0,0.0,0.00049,0.0,0.0,0.0,0.00087,0.03805,0.0,0.00018,0.03823,0.0,0.0,0.0,0.0,0.0,0.0,0.0,0.0,0.0,0.0,0.0,0.0,0.0,0.0,0.12204999999999999,0.0,0.0,0.0,0.00367,0.0,0.0,0.0,0.0,0.0,0.00174,0.0,0.00033,0.0,0.0,0.10056,0.0,0.0,0.0,0.0,0.0,0.0,0.00051,0.0,0.0,0.0,0.0,0.0,0.0,0.00267,0.0,0.0,0.0,0.0,0.0,0.0,0.0,0.00054,0.0,0.00054,0.00037,0.0,0.00019,0.0,0.0,0.0,0.0,0.0,0.00182,0.0,0.0,0.0001,0.0,0.0,0.0,0.0,0.0,0.0027,0.0,0.0,0.0,0.0,0.0,0.02388,0.0,0.0,0.00017,0.0,0.0,0.0,0.00517,0.0,0.0,0.0,0.0,0.0,0.0,0.00031,0.0,0.0,0.0,0.0,0.00068,0.00109,0.0,0.0,0.0,0.0,0.0,0.00797,0.0,0.0,0.0,0.00026,0.0,0.0,0.0,0.0,0.0,0.0,0.00139,0.01535,0.0,0.0,0.0,0.0,0.0,0.0,0.0,0.0,0.0,0.0,0.0,0.0,0.0,0.0,0.00028,0.0,0.06844,0.00401,0.0,0.0,0.0,0.00012,0.0,0.00037,0.0,0.0,0.0,0.0,0.0,0.01301,0.0,0.0,0.0,0.0,0.0,0.0,0.054279999999999995,0.0,0.0,0.0,0.0,0.0,0.0,0.0,0.0,0.0,0.0,0.0,0.0,0.0,0.0,0.0,0.0,0.00127,0.0,0.0,0.0,0.0,0.0,0.0,0.0,0.00715,0.0,0.0,0.00011,0.0,0.00054,0.0,0.00134,0.02324,0.0005
SRR2143576,0.0,0.00012,0.0,0.0,0.0,0.0,0.0,0.00114,0.0,0.04177,0.0,0.00091,0.0,0.0,0.0,0.1084,0.0,0.09875,0.0,0.0,0.0,0.0,0.0,0.0,0.0,0.00018,0.0,0.00893,0.0,0.0,0.0,0.08971,0.34837,0.0,0.0,0.0,0.0,0.0,0.0,0.0,0.0,0.0,0.0,0.0,0.0,0.0,0.0,0.0,0.0,0.0,0.0,0.0,0.0,0.0,0.0,0.0,0.0,0.0,0.0,0.0,0.0,0.0,0.0,0.00065,0.0,0.0,0.0,0.00075,0.03508,0.0,0.00039,0.01252,0.0,0.0,0.0,0.0,0.0,0.0,0.0,0.0,0.0,0.0,0.0,0.0,0.0,0.0,0.09504,0.0,0.0,0.0,0.00074,0.0,0.0,0.0,0.0,0.0,0.00299,0.0,0.00044,0.0,0.0,0.03821,0.0,0.0,0.0,0.0,0.00187,0.0,0.00098,0.0,0.0,0.0,0.0,0.0,0.0,0.0,0.0,0.0,0.0,0.0,0.0,0.0,0.0,0.00026,0.0,0.02872,0.0,0.0,0.00015,0.0,0.0,0.0,0.0,0.0,0.0061,0.0,0.0,0.0,0.0,0.0,0.0,0.0,0.0,0.0,0.0,0.0,0.0,0.0,0.0,0.0119,0.0,0.00829,0.00038,0.0,0.00028,0.0,0.0,0.0,0.0,0.0,0.0,0.0,0.0,0.00021,0.0,0.0,0.0,0.0,0.00086,0.00013,0.0,0.0,0.0,0.0,0.0,0.00258,0.0,0.0,0.0,0.0001,0.0,0.0,0.0,0.0,0.00169,0.00392,0.0024,0.00821,0.0,0.0,0.0,0.0,0.0,0.0,0.0,0.0,0.0,0.0,0.0,0.0,0.0,0.00026,0.0,0.0,0.00017,0.00075,0.0,0.0,0.0,0.0,0.0,0.00015,0.0,0.0,0.0,0.0,0.0,0.00121,0.0,0.0,0.0,0.0,0.0,0.0,0.01771,0.0,0.0,0.0,0.0,0.0,0.0,0.0,0.0,0.0,0.0,0.0,0.0,0.0,0.0,0.0,0.0,0.00995,0.0,0.0,0.0,0.0,0.0,0.0,0.0,0.0,0.0,0.0,0.0,0.0,0.00037,0.0,0.00067,0.00202,0.0
SRR2143578,0.0,0.00086,0.0,0.0,0.0,0.0,0.0,0.0,0.0,0.00183,0.0,0.00088,0.0,0.0,0.0,0.00047,0.0,0.02091,0.0,0.0,0.0,0.0,0.0,0.0,0.0,0.0,0.0,0.1106,0.0,0.0,0.0,0.0,0.050499999999999996,0.0,0.0,0.0,0.0,0.0,0.00022,0.0,0.0,0.0,0.0,0.0,0.0,0.0,0.0,0.0,0.0,0.0,0.0,0.0,0.0,0.0,0.0,0.0,0.0,0.0,0.0,0.0,0.0,0.0,0.0,0.0,0.0,0.0,0.00552,0.00232,0.0,0.0,0.00079,0.0,0.0,0.0,0.0,0.0,0.0,0.0,0.0,0.0,0.0,0.0,0.0,0.0,0.0,0.0,0.00069,0.0,0.0,0.0,0.0,0.00029,0.0,0.0,0.0,0.0,0.00633,0.0,0.00164,0.0,0.00134,0.00058,0.0,0.0,0.0,0.0,0.0,0.0,0.00249,0.0,0.0,0.0,0.0,0.0,0.0,0.0,0.0,0.0,0.0,0.0,0.0,0.0,0.0,0.00049,0.0,0.00436,0.0,0.0,0.0,0.0,0.00098,0.0,0.0,0.0,0.02128,0.0,0.0,0.0,0.0,0.0,0.0,0.0,0.0,0.02216,0.0,0.0,0.0,0.0,0.0,0.0218,0.0,0.00033,0.0,0.0,0.00026,0.0,0.0,0.0,0.0,0.00026,0.0,0.0,0.0,0.00027,0.0,0.0,0.0,0.0,0.0,0.0,0.0,0.0,0.0,0.0,0.0,0.00016,0.0,0.00042,0.0,0.00047,0.0,0.0,0.0,0.0,0.0,0.0,0.0,0.54177,0.0,0.0,0.0,0.00023,0.0,0.0,0.0,0.0,0.0,0.0,0.0,0.0,0.0,0.0,0.0,0.0,0.00605,0.00329,0.0489,0.0,0.0,0.0,0.0,0.0,0.0,0.0,0.00141,0.0,0.0,0.00062,0.0,0.0,0.0,0.0,0.0,0.0,0.057170000000000006,0.0,0.0,0.0,0.0,0.0,0.0,0.0,0.0,0.0,0.0,0.0,0.0,0.0,0.0,0.00024,0.0,0.0075,0.0,0.0,0.0,0.0,0.0,0.0,0.0,0.0,0.00062,0.0,0.0,0.0,0.0,0.03795,0.00164,0.00138,0.0
SRR2143580,0.0,0.0,0.0,0.0,0.0,0.0,0.0,0.0005,0.0,0.02224,0.0,0.1077,0.0,0.0,0.0,0.08412,0.0,0.08422,0.0,0.0,0.00108,0.0,0.00141,0.0,0.0,0.0,0.0,0.0838,0.0,0.0,0.0,0.043519999999999996,0.07024,0.0,0.0,0.00375,0.0,0.0,0.0,0.0,0.0,0.0,0.0,0.0,0.0,0.0,0.0,0.0,0.0,0.0,0.0,0.0,0.0,0.0,0.0,0.0,0.0,0.0,0.00045,0.0,0.00073,0.0,0.0,0.00155,0.0,0.0,0.03134,0.00159,0.00749,0.0,0.00015,0.06777,0.00029,0.0,0.0,0.0,0.0,0.0,0.0,0.0,0.0,0.00017,0.0,0.0,0.0,0.0,0.03331,0.0,0.0,0.0,0.00112,0.0,0.0,0.0,0.0,0.0,0.0,0.0,0.00382,0.0,0.0137,0.07555,0.0,0.0,0.0,0.0,0.0,0.0,0.00055,0.0,0.0,0.0,0.0,0.0,0.0,0.00036,0.0,0.0,0.0,0.0,0.0,0.0,0.0,0.0,0.0,0.0047,0.00319,0.0,0.00101,0.00021,0.0,0.0,0.0,0.0,0.00923,0.0,0.0,0.0,0.0,0.0,0.0,0.0,0.0,0.0013,0.0,0.0,0.0,0.0,0.0,0.00313,0.0,0.0,0.00013,0.0,0.0,0.0,0.00066,0.0,0.0,0.0,0.0,0.0,0.0,0.00029,0.0,0.0,0.0,0.0,0.00015,0.0,0.0,0.0,0.00178,0.0,0.0,0.00162,0.0,0.02459,0.0,0.0,0.0,0.0,0.0,0.0,0.0,9e-05,0.02199,0.1253,0.0,0.0,0.0,0.0,0.0,0.0,0.0,0.0,0.0,0.0,0.0,0.0,0.0,0.0,0.0,0.0,0.020419999999999997,0.00063,0.0,0.0,0.0,0.0002,0.00019,0.0,0.0,0.0,0.0,0.0,0.0,0.00756,0.0,0.0,0.0,0.00027,0.0,0.0,0.0,0.0,0.0,0.0,0.0,0.0,0.0,0.00364,0.0,0.0,0.0,0.0,0.0,0.0,0.0,0.0,0.0,0.00205,0.0,0.0,0.0,0.0,0.0,0.0,0.0,0.008669999999999999,0.0,0.0,0.00018,0.0,0.0,0.0,0.00073,0.00924,0.00053
SRR2143582,0.0,0.0,0.0,0.0,0.0,0.0,0.0,0.0,0.0,0.08445,0.0,0.0,0.0,0.0,0.0,0.03063,0.0,0.01959,0.0,0.0,0.0,0.0,0.0,0.0,0.0,0.00209,0.0,0.07219,0.0,0.0,0.0,0.03222,0.08503999999999999,0.0,0.0,0.01141,0.0,0.0,0.0,0.0,0.0,0.0,0.0,0.0,0.0,0.0,0.0,0.0,0.0,0.0,0.0,0.0,0.0,0.0,0.0,0.0,0.0,0.0,0.0,0.0,0.00051,0.0,0.0,0.00357,0.0,0.0,0.0,0.00176,0.0,0.0,0.00034,0.01755,0.0,0.0,0.0,0.0,0.0,0.0,0.0,0.0,0.0,0.0,0.0,0.0,0.0,0.0,0.03757,0.0,0.0,0.0,0.00065,0.0,0.0,0.0,0.0,0.0,0.0,0.0,0.0,0.0,0.00159,0.05113,0.0,0.0,0.0,0.0,0.0,0.0,0.00068,0.0,0.0,0.0,0.0,0.0,0.0,0.00082,0.0,0.0,0.0,0.0,0.0,0.0,0.0,0.0,0.0,0.00812,0.00272,0.0,0.0,0.0,0.0,0.0,0.0,0.0,0.04258,0.0,0.0,0.00702,0.0,0.0,0.0,0.0,0.0,0.0,0.0,0.0,0.0,0.0,0.0,0.0,0.0,0.0,0.00122,0.0,0.0,0.0,0.00153,0.0,0.0,0.0,0.0,0.0,0.0,0.00028,0.0,0.0,0.0,0.0,0.0,0.03128,0.0,0.0,0.00527,0.0,0.0,0.00419,0.0,0.03876,0.0,0.0,0.0,0.0,0.0,0.0,0.0,0.00201,0.0,0.23904,0.0,0.0,0.0,0.0,0.0,0.0,0.0,0.0,0.0,0.0,0.0,0.0,0.0,0.0,0.0,0.0,0.0,0.00147,0.0,0.0,0.0,0.0,0.0,0.0,0.0,0.0,0.0,0.0,0.0,0.02777,0.0,0.0,0.0,0.0,0.0,0.0,0.0,0.0,0.0,0.0,0.0,0.0,0.0,0.0,0.0,0.0,0.0,0.0,0.0,0.0,0.0,0.0,0.0,0.0,0.02463,0.0,0.0,0.0,0.0,0.0,0.0,0.04462,0.0,0.0,0.00068,0.0,0.0,0.0,0.0,0.05906,0.0
SRR2143583,0.0,0.0,0.0,0.0,0.0,0.0,0.0,0.0006,0.0,0.00316,0.0,0.02331,0.0,0.0,0.0,0.05436,0.0,0.02716,0.0,0.0,0.0,0.0,0.0,0.0,0.0,0.00257,0.0,0.05786,0.0058,0.0,0.0,0.0,0.14547000000000002,0.0,0.0,0.0,0.0,0.0,0.00031,0.0,0.0,0.0,0.0,0.0,0.0,0.0,0.0,0.0,0.0,0.0,0.0,0.0,0.0,0.0,0.0,0.0,0.0,0.0,0.0,0.0,0.0,0.0,0.0,0.00125,0.0,0.0,0.0,0.0015999999999999999,0.0,0.0,0.00041,0.02566,0.00072,0.0,0.0,0.0,0.0,0.0,0.0,0.0,0.0,0.00157,0.0,0.0,0.0,0.0,0.032490000000000005,0.0,0.0,0.0,0.00081,0.0,0.0,0.0,0.0,0.0,0.0161,0.0,0.0,0.0,0.00833,0.01382,0.0,0.0,0.0,0.0,0.0,0.0,0.0011,0.0,0.0,0.0,0.0,0.0,0.0,0.0,0.0,0.0,0.0,0.0,0.0,0.0,0.0,0.0,0.0,0.00338,0.0,0.0,0.0,0.0,0.0005,0.0,0.0,0.0,0.00423,0.0,0.0,0.0,0.0,0.0,0.0,0.0,0.0,0.0,0.0,0.0,0.0,0.0,0.0,0.00341,0.0,0.0,0.0,0.0,0.0,0.0,0.00066,0.0,0.0,0.0,0.0,0.0,0.0,0.00041,0.0,0.0,0.0,0.0,0.0,0.00056,0.0,0.0,0.00511,0.0,0.0,0.0287,0.0,0.02372,0.0,0.0,0.0,0.0,0.0,0.0,0.0,0.00069,0.03731,0.07814,0.0,0.0,0.0,0.00113,0.0,0.0,0.0,0.0,0.0,0.0,0.0,0.0,0.0,0.0,0.0,0.0,0.00213,0.00727,0.12651,0.0,0.0,0.0,0.0,0.0,0.0,0.0,0.00266,0.0,0.0,0.0532,0.0,0.0,0.0,0.0,0.0,0.0,0.037970000000000004,0.0,0.0,0.0,0.0,0.0,0.0,0.00482,0.0,0.0,0.0,0.0,0.0,0.0,0.0,0.00044,0.0,0.00072,0.0,0.0,0.0,0.0,0.0,0.0,0.0,0.00858,0.00091,0.0,0.0,0.0,0.0,0.03812,0.00069,0.07366,0.00034
SRR2143584,0.0,0.04395,0.0,0.0,0.0,0.0,0.0,0.0,0.0,0.02282,0.00014,0.00546,0.0,0.0,0.0,0.05324,0.0,0.01032,0.0,0.0,0.00036,0.0,0.0,0.0,0.0,0.0,0.0,0.018099999999999998,0.0016,0.0,0.0,0.01629,0.07393,0.0,0.0,0.00268,0.0,0.0,0.0,0.0,0.0,0.0,0.0,0.0,0.0,0.0,0.0,0.0,0.0,0.0,0.0,0.0,0.0,0.0,0.0,0.0,0.0,0.0,0.00609,0.0,0.00038,0.0,0.0,0.00105,0.0,0.0,0.0,0.0009299999999999999,0.0456,0.0,0.00304,0.05722,0.0,0.0,0.0,0.0,0.0,0.0,0.0,0.0,0.0,0.0,0.00023,0.0,0.0,0.0,0.06606,0.0,0.0,0.0,0.0055,0.0,0.0,0.0,0.0,0.0,0.00409,0.0,0.00022,0.0,0.01208,0.06134,0.0,0.0,0.0,0.0,0.0,0.0,0.00047,0.0,0.00047,0.0,0.0,0.0,0.0,0.0,0.0,0.0,0.0,0.0,0.0,0.0,0.0,0.00267,0.0,0.01043,0.0,0.0,0.0,0.00011,0.00014,0.0,0.0,0.0,0.00838,0.0,0.0,0.00114,0.0,0.0,0.0,0.0,0.0,0.0,0.0,0.0,0.0,0.0,0.0,0.00763,0.0,0.036270000000000004,0.00031,0.0,0.0,0.0,0.0,0.0,0.0,0.00062,0.0,0.0,0.0,0.00027,0.0,0.0,0.0,0.0,0.0,0.00043,0.0,0.0,0.00015,0.0,0.0,0.00091,0.0,0.0069700000000000005,0.0,0.00368,0.0,0.0,0.0,0.0,0.0,0.00029,0.04287,0.02184,0.0,0.0,0.0,0.001,0.0,0.0,0.0,0.0,0.0,0.0,0.0,0.0,0.0,0.0,0.0,0.0,0.00287,0.00042,0.04309,0.0,0.0,0.09047,0.0,0.0,0.0,0.0,0.0,0.0,0.0,0.07925,0.0,0.0,0.0,0.0,0.0,0.0,0.0,0.0,0.0,0.0,0.0,0.0,0.0,0.0,0.0,0.0,0.0,0.0,0.0,0.0,0.0,0.0,0.0,0.00268,0.0,0.0,0.0,0.0,0.0,0.0,0.0,0.04538,0.00021,0.0,0.0,0.0,0.0,0.0,0.00029,0.06866,0.0
SRR2143585,0.0,0.00147,0.0,0.0,0.0,0.0,0.0,0.0,0.0,0.00541,0.0,0.09588999999999999,0.0,0.0,0.0,0.01508,0.0,0.03135,0.0,0.0,0.00031,0.0,0.00582,0.0,0.0,0.00149,0.0,0.07079,0.03618,0.0,0.0,0.0,0.08993,0.0,0.0,0.0,0.0,0.0,0.0,0.0,0.0,0.0,0.0,0.0,0.0,0.0,0.0,0.0,0.0,0.0,0.0,0.0,0.0,0.0,0.0,0.0,0.0,0.0,0.0,0.0,0.0,0.0,0.0,0.00038,0.0,0.0,0.01891,0.01384,0.01424,0.0,0.00015,0.01187,0.00012,0.0,0.0,0.0,0.0,0.0,0.0,0.00065,0.0,0.0,0.0,0.0,0.0,0.0,0.014799999999999999,0.0,0.0,0.0,0.0019,0.0,0.0,0.0,0.0,0.0,0.0,0.0,0.00462,0.0,0.05161,0.02604,0.0,0.0,0.0,0.0,0.0,0.0,0.00135,0.0,0.0,0.0,0.0,0.0,0.0,0.00099,0.0,0.0,0.0,0.0,0.0,0.0,0.0,0.0,0.0,0.00606,0.00025,0.0,0.00025,0.0,0.0,0.0,0.0,0.0,0.00182,0.0,0.0,0.0009,0.0,0.0,0.0,0.0,0.0,0.00245,0.0,0.0,0.0,0.0,0.0,0.0,0.0,0.0,0.00099,0.0,0.0,0.0,0.00183,0.0,0.0,0.0,0.0,0.0,0.0,0.00022,0.0,0.0,0.0,0.0,0.00029,0.00601,0.0,0.0,0.00231,0.01327,0.0,0.01524,0.0,0.0,0.0,0.00024,0.0,0.00714,0.0,0.0,0.00026,0.00074,0.00962,0.0243,0.0,0.0,0.0,0.0,0.0,0.0,0.00107,0.0,0.0,0.0,0.0,0.0,0.0,0.00167,0.0,0.0,0.0095,0.00062,0.0,0.0,0.00028,0.0,0.00219,0.0,0.0,0.0,0.0,0.0,0.0,0.10282,0.0,0.0,0.0014,0.00042,0.0,0.0,0.13688,0.0,0.0,0.0,0.00035,0.0,0.0,0.00122,0.0,0.0,0.0,0.0,0.0,0.0,0.0,0.0,0.0,0.00976,0.0,0.0,0.0,0.0,0.0,0.0,0.0,0.037149999999999996,0.0,0.0,0.00037,0.0,0.0,0.0,0.00067,0.06763999999999999,0.00349
SRR2143587,0.0,0.0,0.0,0.0,0.0,0.0,0.0,0.0,0.0,0.12287,0.0,0.00671,0.0,0.0,0.0,0.06306,0.0,0.03291,0.0,0.0,0.0,0.0,0.0,0.0,0.0,0.00083,0.0,0.17264000000000002,0.0,0.0,0.0,0.0,0.1277,0.0,0.0,0.00097,0.0,0.0,0.0,0.0,0.0,0.0,0.0,0.0,0.0,0.0,0.0,0.0,0.0,0.0,0.0,0.0,0.0,0.0,0.0,0.0,0.0,0.0,0.0,0.0,0.0,0.0,0.0,0.00643,0.0,0.0,0.0,0.0,0.0,0.0,0.0,0.09549,0.0,0.0,0.0,0.0,0.0,0.0,0.0,0.0,0.0,0.0,0.0,0.0,0.0,0.0,0.01431,0.0,0.00145,0.0,0.0,0.0,0.0,0.0,0.0,0.0,0.0,0.0,0.00228,0.0,0.01376,0.13393,0.0,0.0,0.0,0.0,0.0,0.0,0.0027,0.0,0.0,0.0,0.0,0.0,0.0,0.0,0.0,0.0,0.0,0.0,0.0,0.0,0.0,0.0,0.0,0.00415,0.00532,0.0,0.00076,0.0,0.0,0.0,0.0,0.0,0.01991,0.0,0.0,0.0027,0.0,0.0,0.0,0.0,0.0,0.0,0.0,0.0,0.0,0.0,0.0,0.0,0.0,0.0,0.00111,0.0,0.0,0.0,0.00401,0.0,0.0,0.0,0.0,0.0,0.0,0.0,0.0,0.0,0.0,0.0,0.0,0.00097,0.0,0.0,0.00733,0.0,0.0,0.00325,0.0,0.00906,0.0,0.0,0.0,0.01023,0.0,0.0,0.0,0.00111,0.02676,0.0,0.0,0.0,0.0,0.0,0.0,0.0,0.0,0.0,0.0,0.0,0.0,0.0,0.0,0.00615,0.0,0.0,0.00484,0.0,0.0,0.0,0.0,0.0,0.0,0.00297,0.0,0.0,0.0,0.0,0.0,0.01148,0.0,0.0,0.0,0.0,0.0,0.0,0.0,0.0,0.0,0.0,0.0,0.0,0.0,0.0,0.0,0.0,0.0,0.0,0.0,0.0,0.0,0.0,0.0,0.00207,0.0,0.0,0.0,0.0,0.0,0.0,0.0,0.00691,0.0,0.0,0.0,0.0,0.0,0.0,0.00076,0.06154,0.0
SRR2143589,0.0,0.03329,0.0,0.0,0.0,0.0,0.0,0.00052,0.0,0.05219,0.0,0.0741,0.0,0.0,0.0,0.05278,0.0,0.051179999999999996,0.0,0.0,0.0,0.0,0.0,0.0,0.0,0.0,0.0,0.07458000000000001,0.00234,0.0,0.0,0.02548,0.05158,0.0,0.0,0.00247,0.0,0.0,0.0,0.0,0.0,0.0,0.0,0.0,0.0,0.0,0.0,0.0,0.0,0.0,0.0,0.0,0.0,0.0,0.0,0.0,0.0,0.0,0.01085,0.0,0.00435,0.0,0.0,0.00692,0.0,0.0,0.0,0.00217,0.01737,0.0,0.0,0.03908,0.0,0.0,0.0,0.0,0.0,0.0,0.0,0.0,0.0,0.0,0.0,0.0,0.0,0.0,0.024999999999999998,0.0,0.0,0.0,0.0,0.0,0.0,0.0,0.0,0.0,0.0,0.0,0.00327,0.0,0.00088,0.04175,0.0,0.0,0.0,0.0,0.0,0.0,0.00019,0.0,0.0,0.0,0.0,0.0,0.0,0.0,0.0,0.0,0.0,0.0,0.0,0.0,0.0,0.0,0.0,0.00595,0.00035,0.0,0.00053,0.0,0.0,0.0,0.0,0.0,0.05019,0.0,0.0,0.00083,0.0,0.0,0.0,0.0,0.0,0.0,0.0,0.0,0.0,0.0,0.0,0.0,0.0,0.00665,0.00018,0.0,0.00049,0.0,0.0,0.0,0.0,0.0,0.0,0.0,0.0,0.00045,0.0,0.0,0.0,0.0,0.00027,0.00507,0.0,0.0,0.00885,0.0,0.0,0.00093,0.0,0.0318,0.0,0.0,0.0,0.0,0.0,0.0,0.0,0.0022,0.0,0.10592,0.0,0.0,0.0,0.0,0.0,0.0,0.0,0.0,0.0,0.0,0.0,0.0,0.0,0.0,0.0,0.0,0.0347,0.0,0.0,0.0,0.0,0.0,0.00071,0.0,0.0,0.0,0.0,0.0,0.0,0.08906,0.0,0.0,0.0,0.0,0.0,0.0,0.0,0.0,0.0,0.0,0.0,0.0,0.0,0.0,0.0,0.0,0.0,0.0,0.0,0.0,0.0,0.0,0.0,0.0,0.0,0.0,0.0,0.0,0.0,0.0,0.0,0.02488,0.0,0.0,0.0,0.0,0.00714,0.0,0.00135,0.00495,0.00016
SRR2143591,0.0,0.0,0.0,0.0,0.0,0.0,0.0,0.00077,0.0,0.0021,0.0,0.099,0.0,0.0,0.0,0.04676,0.0,0.02842,0.0,0.0,0.0,0.0,0.0,0.0,0.0,0.00324,0.0,0.32663,0.0,0.0,0.0,0.0,0.076,0.0,0.0,0.00135,0.0,0.0,0.0,0.0,0.0,0.0,0.0,0.0,0.0,0.0,0.0,0.0,0.0,0.0,0.0,0.0,0.0,0.0,0.0,0.0,0.0,0.0,0.0,0.0,0.0,0.0,0.0,0.0057,0.0,0.0,0.0,0.00051,0.0488,0.0,0.0,0.01449,0.00051,0.0,0.0,0.0,0.0,0.0,0.0,0.0,0.0,0.00149,0.0,0.0,0.0,0.0,0.053810000000000004,0.0,0.0,0.0,0.0,0.0,0.0,0.0,0.0,0.0,0.0,0.0,0.01057,0.0,0.00414,0.06114,0.0,0.0,0.0,0.0,0.0,0.0,0.00137,0.0,0.0,0.0,0.0,0.0,0.0,0.00046,0.0,0.0,0.0,0.0,0.0,0.0,0.0,0.0,0.0,0.00668,0.0,0.0,0.0,0.00053,0.0,0.0,0.0,0.0,0.00692,0.0,0.0,0.00019,0.0,0.0,0.0,0.0,0.0,0.00056,0.00031,0.0,0.0,0.0,0.0,0.00833,0.0,0.0,0.00026,0.0,0.0002,0.0,0.00043,0.0,0.0,0.0,0.0,0.0,0.0,0.00053,0.0,0.0,0.0,0.0,0.00034,0.00879,0.0,0.0,0.0,0.0,0.0,0.00879,0.0,0.0,0.0,0.0,0.0,0.00468,0.0,0.0,0.00015,0.00025,0.04207,0.0053100000000000005,0.0,0.0,0.0,0.0,0.0,0.0,0.0018,0.0,0.0,0.0,0.0,0.0,0.0,0.0,0.0,0.0,0.0,0.00175,0.0,0.0,0.0,0.0,0.0,0.0,0.0,0.0,0.0,0.0,0.0,0.01308,0.0,0.0,0.0,0.0,0.0,0.0,0.0,0.0,0.0,0.0,0.0,0.0,0.0,0.0,0.0,0.0,0.0,0.0,0.0,0.0,0.0,0.0,0.0,0.00053,0.0,0.0,0.0,0.0,0.0,0.0,0.0,0.0032700000000000003,0.0,0.0,0.0,0.0,0.0,0.0,0.00032,0.08305,0.00091
SRR2143593,0.0,0.0,0.0,0.0,0.0,0.0,0.0,0.0,0.0,0.09669,0.0,0.03574,0.0,0.0,0.0,0.03168,0.0,0.03498,0.0,0.0,0.0,0.0,0.0,0.0,0.0,0.0,0.0,0.125,0.0,0.0,0.0,0.0,0.06336,0.0,0.0,0.00694,0.0,0.0,0.0,0.0,0.0,0.0,0.0,0.0,0.0,0.0,0.0,0.0,0.0,0.0,0.0,0.0,0.0,0.0,0.0,0.0,0.0,0.0,0.0,0.0,0.0,0.0,0.0,0.0033,0.0,0.0,0.0,0.0,0.02955,0.0,0.0,0.08487,0.0,0.0,0.0,0.0,0.0,0.0,0.0,0.0,0.0,0.0,0.00076,0.0,0.0,0.0,0.02948,0.0,0.0,0.0,0.0,0.0,0.0,0.0,0.0,0.0,0.0,0.0,0.02666,0.0,0.00522,0.10012,0.0,0.0,0.0,0.0,0.0,0.0,0.0,0.0,0.0,0.0,0.0,0.0,0.0,0.0,0.0,0.0,0.0,0.0,0.0,0.0,0.0,0.0,0.0,0.00467,0.0,0.0,0.00076,0.0,0.0,0.0,0.0,0.0,0.03415,0.0,0.0,0.00124,0.0,0.0,0.0,0.0,0.0,0.0,0.0,0.0,0.0,0.0,0.0,0.0,0.0,0.0,0.00103,0.0,0.0,0.0,0.00433,0.0,0.0,0.0,0.0,0.0,0.0,0.0,0.0,0.0,0.0,0.0,0.0,0.0,0.0,0.0,0.0077,0.0,0.0,0.00399,0.0,0.0,0.0,0.0,0.0,0.0035,0.0,0.0,0.0,0.00316,0.0,0.08308,0.0,0.0,0.0,0.0,0.0,0.0,0.0,0.0,0.0,0.0,0.0,0.0,0.0,0.0,0.0,0.0,0.0,0.00089,0.0,0.0,0.0,0.0,0.0,0.0,0.0,0.0,0.0,0.0,0.0,0.08109,0.0,0.0,0.0,0.0,0.0,0.0,0.0,0.0,0.0,0.0,0.0,0.0,0.0,0.0,0.0,0.0,0.0,0.0,0.0,0.0,0.0,0.0,0.0,0.0,0.0,0.0,0.0,0.0,0.0,0.0,0.0,0.07449,0.0,0.0,0.0,0.0,0.0,0.0,0.0,0.02027,0.0
SRR2143595,0.0,0.0,0.0,0.0,0.0,0.0,0.0,0.0,0.0,0.04527,0.0,0.05781,0.0,0.0,0.0,0.01533,0.0,0.014280000000000001,0.0,0.0,0.00105,0.0,0.0,0.0,0.0,0.00801,0.0,0.30056,0.0317,0.0,0.0,0.0,0.054880000000000005,0.0,0.0,0.00105,0.0,0.0,0.0,0.0,0.0,0.0,0.0,0.0,0.0,0.0,0.0,0.0,0.0,0.0,0.0,0.0,0.0,0.0,0.0,0.0,0.0,0.0,0.0,0.0,0.0,0.0,0.0,0.00109,0.0,0.0,0.0,0.00382,0.01993,0.0,0.004370000000000001,0.02134,0.0002,0.0,0.0,0.0,0.0,0.0,0.0,0.0,0.0,0.0,0.0,0.0,0.0,0.0,0.01645,0.0,0.0,0.0,0.00034,0.0,0.0,0.0,0.0,0.0,0.0,0.0,0.0,0.0,0.00076,0.05748,0.0,0.0,0.0,0.0,0.0,0.0,0.00092,0.0,0.0,0.0,0.0,0.0,0.0,0.0,0.0,0.0,0.0,0.0,0.0,0.0,0.0,0.0,0.0,0.00522,0.00112,0.0,0.0,0.0,0.0,0.0,0.0,0.0,0.0176,0.0,0.0,0.00075,0.0,0.0,0.0,0.0,0.0,0.00051,0.0,0.0,0.0,0.0,0.0,0.0,0.0,0.0,0.00075,0.0,0.0,0.0,0.0,0.0,0.0,0.0,0.0,0.0,0.0,0.00022,0.0,0.0,0.0,0.0,0.0,0.00439,0.0,0.0,0.00636,0.0,0.0,0.00543,0.0,0.02359,0.0,0.0,0.0,0.02144,0.0,0.0,0.0,0.00046,0.06348,0.09213,0.0,0.0,0.0,0.0,0.0,0.0,0.0,0.0,0.0,0.0,0.0,0.0,0.0,0.0,0.0,0.0,0.02208,0.0,0.0,0.0,0.0,0.0,0.0,0.0,0.0,0.0,0.0,0.0,0.0,0.01835,0.0,0.0,0.0,0.0,0.0,0.0,0.00168,0.0,0.0,0.0,0.0,0.0,0.0,0.00604,0.0,0.0,0.0,0.0,0.0,0.0,0.0,0.0,0.0,0.00019,0.0,0.0,0.0,0.0,0.0,0.0,0.0,0.03117,0.0,0.0,0.00024,0.0,0.0,0.0,0.00088,0.01272,0.00019
SRR2143597,0.0,0.0,0.0,0.0,0.0,0.0,0.0,0.0,0.0,0.01905,0.0,0.09644,0.00021,0.0,0.0,0.02076,0.0,0.03824,0.0,0.0,0.00058,0.0,0.00446,0.0,0.0,0.0,0.0,0.12561,0.00984,0.0,0.0,0.0,0.03784,0.0,0.0,0.00431,0.0,0.0,0.00024,0.0,0.0,0.0,0.0,0.0,0.0,0.0,0.0,0.0,0.0,0.0,0.0,0.0,0.0,0.0,0.0,0.0,0.0,0.0,0.00179,0.0,0.00094,0.0,0.0,0.00128,0.0,0.0,0.0,0.02852,0.0,0.0,0.00113,0.038579999999999996,0.0,0.0,0.0,0.0,0.0,0.0,0.0,0.0,0.0,0.0,0.0,0.0,0.0,0.0,0.019840000000000003,0.0,0.0,0.0,0.0,0.0,0.0,0.0,0.0,0.0,0.01364,0.0,0.00136,0.0,0.00488,0.048889999999999996,0.0,0.0,0.0,0.0,0.0,0.0,0.00078,0.0,0.0,0.0,0.0,0.0,0.0,0.0,0.0,0.0,0.0,0.0,0.0,0.0,0.0,0.0,0.0,0.00412,0.00034,0.0,0.00078,0.0,0.0,0.0,0.0,0.0,0.03971,0.0,0.0,0.00052,0.0,0.0,0.0,0.0,0.0,0.00058,0.0,0.0,0.0,0.0,0.0,0.0,0.0,0.0,0.0,0.0,0.0,0.0,0.0,0.0,0.0,0.0,0.0,0.00055,0.0,0.00023,0.0,0.0,0.0,0.0,0.0,0.01452,0.0,0.0,0.00296,0.0,0.0,0.00124,0.0,0.026770000000000002,0.0,0.0,0.0,0.0,0.0,0.0,0.0004,0.00289,0.04046,0.18875,0.0,0.00074,0.0,0.0,0.0,0.0,0.0,0.0,0.0,0.0,0.0,0.0,0.0,0.0,0.0,0.0,0.009919999999999998,0.00047,0.0,0.0,0.00105,0.0,0.0,0.0,0.0,0.0,0.0,0.0,0.0,0.02887,0.0,0.0,0.0,0.0,0.0,0.0,0.04254,0.0,0.0,0.0,0.0,0.0,0.0,0.00389,0.0,0.0,0.0,0.0,0.0,0.0,0.0,0.0,0.0,0.0006,0.00063,0.0,0.0,0.0,0.0,0.0,0.0,0.017320000000000002,0.0,0.0,0.0,0.0,0.0,0.0,0.0,0.02466,0.00105
SRR2143598,0.0,0.028,0.0,0.0,0.0,0.0,0.0,0.00051,0.0,0.04606,0.0,0.101,0.0,0.0,0.0,0.06079,0.0,0.035870000000000006,0.0,0.0,0.00046,0.0,0.00615,0.0,0.0,0.00413,0.0,0.1799,0.00234,0.0,0.0,0.00857,0.19356,0.0,0.0,0.0002,0.0,0.0,0.0,0.0,0.0,0.0,0.0,0.0,0.0,0.0,0.0,0.0,0.0,0.0,0.0,0.0,0.0,0.0,0.0,0.0,0.0,0.0,0.0,0.0,0.0,0.0,0.0,0.00438,0.0,0.00227,0.0,0.009160000000000001,0.06445,0.0,9e-05,0.00333,0.0,0.0,0.0,0.0,0.0,0.0,0.0,0.0,0.0,0.0,0.0,0.0,0.0,0.0,0.02984,0.0,0.0,0.0,0.00079,0.0,0.0,0.0,0.0,0.0,0.0,0.0,0.00803,0.0,0.00632,0.02635,0.0,0.0,0.0,0.0,0.0,0.0,0.00129,0.0,0.0,0.0,0.0,0.0,0.0,0.0,0.0,0.0,0.0,0.0,0.0,0.0,0.0,0.00051,0.0,0.01031,0.0014,0.0,0.00066,0.0,0.0,0.0,0.0,0.0,0.00377,0.0,0.0,0.00068,0.0,0.0,0.0,0.0,0.0,0.00037,0.0,0.0,0.0,0.0,0.0,0.00989,0.0,0.0,0.00051,0.0,0.0,0.0,0.0,0.0,0.0,0.0,0.0,0.0,0.0,0.00031,0.0,0.0,0.0,0.0,0.00027,0.00483,0.0,0.0,0.00077,0.0003,0.0,0.00397,0.0,0.01876,0.0,0.01951,0.0,0.00282,0.0,0.0,0.0,0.00122,0.0,0.029920000000000002,0.0,0.0,0.0,0.0,0.0,0.0,0.00098,0.0,0.0,0.0,0.0,0.0,0.0,0.0,0.0,0.0,0.00814,0.00071,0.0,0.0,0.00012,0.0,0.0,0.00103,0.0,0.0,0.0,0.0,0.0,0.02887,0.0,0.0,0.0,0.0,0.0,0.0,0.0,0.0,0.0,0.0,0.0,0.0,0.0,0.0,0.0,0.0,0.0,0.0,0.0,0.0,0.0,0.0,0.0,0.0,0.0,0.0,0.0,0.0,0.0,0.0,0.0,0.01222,0.0,0.0,0.00023,0.0,0.0,0.0,0.00067,0.00586,0.00025
SRR2143600,0.0,0.0,0.0,0.0,0.0,0.0,0.0,0.00142,0.0,0.0,0.0,0.02588,0.0,0.0,0.0,0.0,0.0,0.22379,0.0,0.0,0.0,0.0,0.0,0.0,0.0,0.0,0.0,0.19381,0.0,0.0,0.0,0.0,0.12653,0.0,0.0,0.0,0.0,0.0,0.0,0.0,0.0,0.0,0.0,0.0,0.0,0.0,0.0,0.0,0.0,0.0,0.0,0.0,0.0,0.0,0.0,0.0,0.0,0.0,0.0,0.0,0.0,0.0,0.0,0.01958,0.0,0.0,0.0,0.0,0.02178,0.0,0.0,0.0293,0.0,0.0,0.0,0.0,0.0,0.0,0.0,0.0,0.0,0.0,0.0,0.0,0.0,0.0,0.00238,0.0,0.0,0.0,0.00116,0.0,0.0,0.0,0.0,0.0,0.0,0.0,0.0,0.0,0.0,0.07215,0.0,0.0,0.0,0.0,0.0,0.0,0.00091,0.0,0.0,0.0,0.0,0.0,0.0,0.0,0.0,0.0,0.0,0.0,0.0,0.0,0.0,0.00187,0.0,0.00396,0.0,0.0,0.00031,0.0,0.0,0.0,0.0,0.0,0.01003,0.0,0.0,0.0,0.0,0.0,0.0,0.0,0.0,0.0,0.0,0.0,0.0,0.0,0.0,0.0,0.0,0.0,0.00078,0.0,0.0,0.0,0.00227,0.0,0.0,0.0,0.0,0.0,0.0,0.00038,0.0,0.0,0.0,0.0,0.00071,0.0,0.0,0.0,0.0,0.0,0.0,0.007,0.0,0.03677,0.0,0.0,0.0,0.00187,0.0,0.0,0.0,0.00042,0.03003,0.03768,0.0,0.0,0.0,0.0,0.0,0.0,0.0,0.0,0.0,0.0,0.0,0.0,0.0,0.0,0.0,0.0,0.0,0.00078,0.0,0.0,0.0,0.0,0.00038,0.0,0.0,0.0,0.0,0.0,0.0,0.05197,0.0,0.0,0.0,0.0,0.0,0.0,0.05442,0.0,0.0,0.0,0.0,0.0,0.0,0.0,0.0,0.0,0.0,0.0,0.0,0.0,0.0,0.0,0.0,0.00116,0.0,0.0,0.0,0.0,0.0,0.0,0.0,0.01703,0.0,0.0,0.00127,0.0,0.0,0.0,0.00747,0.00109,0.0
SRR2143602,0.0,0.0,0.0,0.0,0.0,0.0,0.0,0.00056,0.0,0.0,0.0,0.0,0.0,0.0,0.0,0.0,0.0,0.06792999999999999,0.0,0.0,0.0,0.0,0.0,0.0,0.0,0.0,0.0,0.00209,0.0,0.0,0.0,0.0,0.26624000000000003,0.0,0.0,0.05984,0.0,0.0,0.00047,0.0,0.0,0.0,0.0,0.0,0.0,0.0,0.0,0.0,0.0,0.0,0.0,0.0,0.0,0.0,0.0,0.0,0.0,0.0,0.0,0.0,0.0,0.0,0.0,0.00237,0.0,0.0,0.0,0.0,0.0,0.0,0.0,0.01427,0.0,0.0,0.0,0.0,0.0,0.0,0.0,0.0,0.0,0.0,0.0,0.0,0.0,0.0,0.00984,0.0,0.0,0.0,0.0,0.0,0.0,0.0,0.0,0.0,0.00913,0.0,0.0,0.0,0.0,0.00481,0.0,0.0,0.0,0.0,0.0,0.0,0.0,0.0,0.0,0.0,0.0,0.0,0.0,0.0,0.0,0.0,0.0,0.0,0.0,0.0,0.0,0.0,0.0,0.0606,0.0,0.0,0.0,0.0,0.0,0.0,0.0,0.0,0.0005,0.0,0.0,0.0,0.0,0.0,0.0,0.0,0.0,0.00475,0.0,0.0,0.0,0.0,0.0,0.02928,0.0,0.0,0.0,0.0,0.0,0.0,0.02382,0.0,0.0,0.0,0.0,0.0,0.0,0.0,0.0,0.0,0.0,0.0,0.0,0.0,0.0,0.0,0.0,0.0,0.0,0.00524,0.0,0.0,0.0,0.0,0.0,0.0,0.0,0.0,0.0,0.0,0.0,0.00043,0.0,0.0,0.0,0.0,0.0,0.0,0.0,0.0,0.0,0.0,0.0,0.0,0.0,0.0,0.0,0.0,0.0,0.0,0.0,0.0,0.0,0.0,0.0,0.00622,0.0,0.0,0.0,0.0,0.0,0.16927,0.0,0.0,0.0,0.0,0.0,0.0,0.02283,0.0,0.0,0.0,0.0,0.0,0.0,0.0,0.0,0.0,0.0,0.0,0.0,0.0,0.0,0.0,0.0,0.02482,0.0,0.0,0.0,0.0,0.0,0.0,0.0,0.0,0.0,0.0,0.0,0.0,0.0,0.0,0.00151,0.21261,0.0
SRR2143605,0.0,0.0,0.0,0.0,0.0,0.0,0.0,0.00055,0.0,0.0,0.0,0.016030000000000003,0.0,0.0,0.0,0.06007,0.0,0.09371,0.0,0.0,0.0,0.0,0.0,0.0,0.0,0.00055,0.0,0.05096,0.00105,0.0,0.0,0.02345,0.13582,0.0,0.0,0.0,0.0,0.0,0.00026,0.0,0.0,0.0,0.0,0.0,0.0,0.0,0.0,0.0,0.0,0.0,0.0,0.0,0.0,0.0,0.0,0.0,0.0,0.0,0.00037,0.0,0.0,0.0,0.0,0.01003,0.0,0.0,0.0,0.00229,0.02548,0.0,0.0,0.0335,0.0,0.0,0.0,0.0,0.0,0.0,0.0,0.0,0.0,0.0,0.00237,0.0,0.0,0.0,0.07915,0.0,0.0,0.0,0.0,0.0,0.0,0.0,0.0,0.0,0.00855,0.0,0.0024,0.0,0.09873,0.05865,0.0,0.0,0.0,0.0,0.0,0.0,0.0,0.0,0.0,0.0,0.0,0.0,0.0,0.0,0.0,0.0,0.0,0.0,0.0,0.00034,0.0,0.0,0.0,0.01537,0.0,0.0,0.00026,0.0,0.0,0.0,0.0,0.0,0.01535,0.0,0.00463,0.0,0.0,0.0,0.0,0.0,0.0,0.0,0.0,0.0,0.0,0.0,0.0,0.00171,0.0,0.0,0.0,0.0,0.00029,0.0,0.0,0.0,0.0,0.0,0.0,0.0,0.0,0.00037,0.0,0.0,0.0,0.0,0.0,0.00187,0.0,0.0,0.0,0.0,0.0,0.01037,0.0,0.00532,0.0,0.00898,0.0,0.0,0.0,0.0,0.0,0.00026,0.01421,0.053880000000000004,0.0,0.0,0.0,0.0,0.0,0.0,0.0,0.0,0.0,0.0,0.0,0.0,0.0,0.0,0.0,0.0,0.00163,0.0,0.0,0.0,0.0,0.0,0.0,0.0,0.0,0.0,0.0,0.0,0.0,0.00121,0.0,0.0,0.0,0.0,0.0,0.0,0.0,0.0,0.0,0.0,0.0,0.0,0.0,0.0,0.0,0.0,0.0,0.0,0.0,0.0,0.0,0.0,0.0,0.00203,0.0,0.0,0.0,0.0,0.0,0.0,0.0,0.00208,0.0,0.0,0.0,0.0,0.00495,0.0,0.0,0.14828,0.00042
SRR2143607,0.0,0.18371,0.0,0.0,0.0,0.0,0.0,0.00034,0.0,0.00552,0.0,0.017140000000000002,0.0,0.0,0.0,0.03576,0.0,0.00348,0.0,0.0,0.0,0.0,0.0,0.0,0.0,0.0,0.0,0.1689,0.00075,0.0,0.0,0.00101,0.05066,0.0,0.0,0.0,0.0,0.0,0.00017,0.0,0.0,0.0,0.0,0.0,0.0,0.0,0.0,0.0,0.0,0.0,0.0,0.0,0.0,0.0,0.0,0.0,0.0,0.0,0.0,0.0,0.0,0.0,0.0,0.00348,0.0,0.00141,0.0,0.01751,0.00067,0.0,0.00108,0.00075,0.00017,0.0,0.0,0.0,0.0,0.0,0.0,0.0,0.0,0.0,0.0,0.0,0.0,0.0,0.03735,0.0,0.0,0.0,0.00087,0.0,0.0,0.0,0.0,0.0,0.00822,0.0,0.00172,0.0,0.0,0.04892,0.0,0.0,0.0,0.0,0.0,0.0,0.00082,0.0,0.0,0.0,0.0,0.0,0.0,0.0,0.0,0.0,0.0,0.0,0.0,0.00022,0.0,0.00067,0.0,0.00196,0.00074,0.0,0.0,0.0,0.00031,0.0,0.0,0.0,0.00497,0.00151,0.0,0.0012,0.0,0.0,0.0,0.0,0.0,0.00259,0.0,0.0,0.0,0.0,0.0,0.08263,0.0,0.00043,0.00034,0.0,0.0,0.0,0.0,0.0,0.0,0.00026,0.0,0.0,0.0,0.00072,0.0,0.0,0.0,0.0,0.0,0.0,0.0,0.0,0.00106,0.00043,0.0,0.01358,0.0,0.01602,0.0,0.00026,0.0,0.0,0.0,0.0,0.0,0.00331,0.0,0.02032,0.0,0.00019,0.0,0.0,0.0,0.0,0.0,0.0,0.0,0.0,0.0,0.0,0.0,0.0,0.0,0.0,0.00033,0.00223,0.05795,0.0,0.0,0.00087,0.0,0.0,0.0,0.0,0.00218,0.0,0.0,0.02532,0.0,0.0,0.0,0.00062,0.0,0.0,0.00077,0.0,0.0,0.0,0.0,0.0,0.0,0.0348,0.0,0.0,0.0,0.0,0.0,0.0,0.0,0.00034,0.0,0.00503,0.0,0.0,0.0,0.0,0.0,0.0,0.0,0.0713,0.00074,0.0,0.00043,0.0,0.0,0.01619,0.00034,0.00837,0.0
SRR2143608,0.0,0.0,0.0,0.0,0.0,0.0,0.0,0.0,0.0,0.06648,0.0,0.02664,0.0,0.0,0.0,0.12273,0.0,0.02338,0.0,0.0,0.0,0.0,0.0,0.0,0.0,0.0,0.0,0.06381,0.0,0.0,0.0,0.0,0.0421,0.0,0.0,0.0,0.0,0.0,0.0,0.0,0.0,0.0,0.0,0.0,0.0,0.0,0.0,0.0,0.0,0.0,0.0,0.0,0.0,0.0,0.0,0.0,0.0,0.0,0.00104,0.0,0.0,0.0,0.0,0.00534,0.0,0.0,0.0,0.00875,0.07233,0.0,0.0,0.00326,0.0,0.0,0.0,0.0,0.0,0.0,0.0,0.0,0.0,0.0,0.0,0.0,0.0942,0.0,0.00482,0.0,0.0,0.0,0.0,0.0,0.0,0.0,0.0,0.0,0.0,0.0,0.01653,0.0,0.0,0.1709,0.0,0.0,0.0,0.0,0.0,0.0,0.0,0.0,0.0,0.0,0.0,0.0,0.0,0.00285,0.0,0.0,0.0,0.0,0.0,0.0,0.0,0.0,0.0,0.01104,0.0,0.0,0.0,0.0,0.0,0.0,0.0,0.0,0.00104,0.0,0.0,0.0,0.0,0.0,0.0,0.0,0.0,0.0,0.0,0.0,0.0,0.0,0.0,0.0,0.0,0.0,0.00067,0.0,0.0,0.0,0.00678,0.0,0.0,0.0,0.0,0.0,0.0,0.0,0.0,0.0,0.0,0.0,0.0,0.00104,0.0,0.0,0.00233,0.0,0.0,0.01693,0.0,0.01052,0.0,0.0,0.0,0.0,0.0,0.0,0.0,0.00063,0.0,0.01249,0.0,0.0,0.0,0.0,0.0,0.0,0.0,0.0,0.0,0.0,0.0,0.0,0.0,0.0,0.0,0.0,0.00255,0.00156,0.0,0.0,0.0,0.0,0.0,0.00067,0.0,0.0,0.0,0.0,0.0,0.03657,0.0,0.0,0.0,0.0,0.0,0.0,0.0,0.0,0.0,0.0,0.0,0.0,0.0,0.0,0.0,0.0,0.0,0.0,0.0,0.0,0.0,0.0,0.0,0.00189,0.0,0.0,0.0,0.0,0.0,0.0,0.0,0.07578,0.0,0.0,0.00048,0.0,0.0,0.0,0.00137,0.02012,0.0
SRR2143609,0.0,0.0,0.0,0.0,0.0,0.0,0.0,0.0,0.0,0.0,0.0,0.07733,0.0,0.0,0.0,0.06636,0.0,0.07274,0.0,0.0,0.0,0.0,0.0,0.0,0.0,0.00108,0.0,0.21128,0.0,0.0,0.0,0.0,0.08585999999999999,0.0,0.0,0.00207,0.0,0.0,0.0007,0.0,0.0,0.0,0.0,0.0,0.0,0.0,0.0,0.0,0.0,0.0,0.0,0.0,0.0,0.0,0.0,0.0,0.0,0.0,0.0,0.0,0.0,0.0,0.0,0.00494,0.0,0.0,0.0,0.00118,0.00755,0.0,0.00491,0.00638,0.0,0.0,0.0,0.0,0.0,0.0,0.0,0.0,0.0,0.0,0.0,0.0,0.0,0.0,0.01899,0.0,0.0,0.00035,0.0,0.0,0.0,0.0,0.0,0.0,0.0,0.0,0.00341,0.0,0.0296,0.08197,0.0,0.0,0.0,0.0,0.0,0.0,0.0014,0.0,0.0,0.0,0.0,0.0,0.0,0.0,0.0,0.0,0.0,0.0,0.0,0.0,0.0,0.0,0.0,0.02727,0.0,0.0,0.00041,0.0,0.0,0.0,0.0,0.0,0.00733,0.0,0.0,0.00051,0.0,0.0,0.0,0.0,0.0,0.0,0.0,0.0,0.0,0.0,0.0,0.0,0.0,0.0,0.0,0.0,0.0,0.0,0.0,0.0,0.0,0.0,0.0,0.0,0.0,0.0,0.0,0.0,0.0,0.0,0.0,0.01106,0.0,0.0,0.00137,0.0,0.0,0.00105,0.0,0.00803,0.0,0.07726,0.0,0.0,0.0,0.0,0.0,0.0,0.01803,0.07366,0.0,0.0,0.0,0.0,0.0,0.0,0.0,0.0,0.0,0.0,0.0,0.0,0.0,0.0,0.0,0.0,0.0,0.00194,0.0,0.0,0.0,0.0,0.0,0.0,0.0,0.0,0.0,0.0,0.0,0.00127,0.0,0.0,0.0,0.0,0.0,0.0,0.0,0.0,0.0,0.0,0.0,0.0,0.0,0.0,0.0,0.0,0.0,0.0,0.0,0.0,0.0,0.0,0.0,0.0008,0.0,0.0,0.0,0.0,0.0,0.0,0.0,0.0,0.0,0.0,0.0,0.0,0.0,0.0,0.0,0.0878,0.00035
SRR2143610,0.0,0.0,0.0,0.0,0.0,0.0,0.0,0.0,0.0,0.0,0.0,0.06387,0.0,0.0,0.0,0.015,0.0,0.03882,0.0,0.0,0.00077,0.0,0.00775,0.0,0.0,0.0,0.0,0.05335,0.01346,0.0,0.0,0.0,0.07156,0.0,0.0,0.00702,0.0,0.0,0.0,0.0,0.0,0.0,0.0,0.0,0.0,0.0,0.0,0.0,0.0,0.0,0.0,0.0,0.0,0.0,0.0,0.0,0.0,0.0,0.0005,0.0,0.00061,0.0,0.0,0.00116,0.0,0.0,0.0,0.01377,0.01209,0.0,0.0,0.02423,0.0,0.0,0.0,0.0,0.0,0.0,0.0,0.0,0.0,0.0,0.0,0.0,0.0,0.0,0.03166,0.0,0.0,0.0,0.0026100000000000003,0.0,0.0,0.0,0.0,0.0,0.0,0.0,0.00157,0.0,0.0037,0.0763,0.0,0.0,0.0,0.0,0.0,0.0,0.00182,0.0,0.0,0.0,0.0,0.0,0.0,0.00227,0.0,0.0,0.0,0.0,0.0,0.0,0.0,0.00066,0.0,0.0007,0.0,0.0,0.00466,0.0,0.0,0.0,0.0,0.0,0.0371,0.0,0.0,0.00361,0.0,0.0,0.0,0.0,0.0,0.00057,0.0,0.0,0.0,0.0,0.0,0.00302,0.0,0.0,0.00132,0.0,0.0,0.0,0.00095,0.0,0.0,0.0,0.0,0.0,0.0,0.00036,0.0,0.0,0.0,0.0,0.0,0.0118,0.0,0.0,0.006,0.00068,0.0,0.00348,0.0,0.0,0.0,0.0,0.0,0.0,0.0,0.0,0.0,0.00471,0.06885,0.13508,0.0,0.0,0.0,0.0,0.0,0.0,0.0,0.0,0.0,0.0,0.0,0.0,0.0,0.0,0.0,0.0,0.00455,0.00084,0.0,0.0,0.00195,0.0,0.00036,0.0,0.0,0.0,0.0,0.0,0.0,0.10528,0.0,0.0,0.0,0.0,0.0,0.0,0.05276,0.0,0.0,0.0,0.0,0.0,0.0,0.00836,0.0,0.0,0.0,0.0,0.0,0.0,0.0,0.0,0.0,0.00123,0.00234,0.0,0.0,0.0,0.0,0.0,0.0,0.050210000000000005,0.0,0.0,0.00027,0.0,0.0,0.0,0.00223,0.03373,0.0
SRR2143611,0.0,0.0,0.0,0.0,0.0,0.0062499999999999995,0.0,0.0,0.0,0.01261,0.0,0.09942999999999999,0.0,0.0,0.0,0.01983,0.0,0.02445,0.0,0.0,0.0,0.0,0.0,0.0,0.0,0.0,0.0,0.15214,0.02118,0.0,0.0,0.0,0.07696,0.0,0.0,0.01836,0.0,0.0,0.00061,0.0,0.0,0.0,0.0,0.0,0.0,0.0,0.0,0.0,0.0,0.0,0.0,0.0,0.0,0.0,0.0,0.0,0.0,0.0,0.0026,0.0,0.00072,0.0,0.0,0.01684,0.0,0.00094,0.0,0.00194,0.0,0.0,0.0,0.047760000000000004,0.0,0.0,0.0,0.0,0.0,0.00075,0.0,0.0,0.0,0.0,0.0,0.0,0.0,0.0,0.01645,0.0,0.0,0.0,0.0,0.0,0.0,0.0,0.0,0.0,0.03946,0.0,0.0039,0.0,0.02276,0.03423,0.0,0.0,0.0,0.0,0.0,0.0,0.00055,0.0,0.0,0.0,0.0,0.0,0.0,0.0,0.00227,0.0,0.0,0.0,0.0,0.0,0.0,0.0,0.0,0.00752,0.00041,0.0,0.00053,0.0,0.0,0.0,0.0,0.0,0.05359,0.0,0.0,0.00064,0.0,0.0,0.0,0.0,0.0,0.00127,0.0,0.0,0.0,0.0,0.0,0.0,0.0,0.0,0.00044,0.0,0.0,0.0,0.00213,0.0,0.0,0.0,0.0,0.0,0.0,0.00036,0.0,0.0,0.0,0.0,0.0,0.01665,0.0,0.0,0.00755,0.0,0.0,0.00113,0.0,0.02976,0.0,0.0,0.0,0.0,0.0,0.0,0.001,0.00064,0.03788,0.09153,0.0,0.0,0.0,0.0,0.0,0.0,0.0,0.0,0.0,0.0,0.0,0.0,0.0,0.0,0.0,0.0,0.023119999999999998,0.0,0.0,0.0,0.0,0.0,0.0,0.0,0.0,0.0,0.0,0.0,0.0,0.01958,0.0,0.0,0.0,0.0,0.0,0.0,0.0,0.0,0.0,0.0,0.0,0.0,0.0,0.0,0.0,0.0,0.0,0.0,0.0,0.0,0.0,0.0,0.0,0.0,0.0,0.0,0.0,0.0,0.0,0.0,0.0,0.02052,0.0,0.0,0.0,0.0,0.0,0.0,0.0,0.05182,0.00086
SRR2143612,0.0,0.0,0.0,0.0,0.0,0.0,0.0,0.00133,0.0,0.0,0.0,0.08786,0.0,0.0,0.0,0.03873,0.0,0.06533,0.0,0.0,0.00149,0.0,0.00293,0.0,0.0,0.0,0.0,0.19866,0.00028,0.0,0.0,0.0,0.15046,0.0,0.0,0.0,0.0,0.0,0.00038,0.0,0.0,0.0,0.0,0.0,0.0,0.0,0.0,0.0,0.0,0.0,0.0,0.0,0.0,0.0,0.0,0.0,0.0,0.0,0.0,0.0,0.0,0.0,0.0,0.00575,0.0,0.0,0.0,0.00109,0.0,0.0,0.00178,0.05797,0.00026,0.0,0.0003,0.0,0.0,0.0,0.0,0.0,0.0,0.0,0.0,0.0,0.0,0.0,0.04101,0.0,0.0,0.0,0.0007999999999999999,0.0,0.0,0.0,0.0,0.0,0.0,0.0,0.00448,0.0,0.0,0.01854,0.0,0.0,0.0,0.0,0.0,0.0,0.00117,0.0,0.0,0.0,0.0,0.0,0.0,0.0,0.0,0.0,0.0,0.0,0.0,0.0,0.0,0.00153,0.0,0.00501,0.0,0.0,0.00034,0.0,0.0,0.0,0.0,0.0,0.01609,0.0,0.0,0.0,0.0,0.0,0.0,0.0,0.0,0.00111,0.0,0.0,0.0,0.0,0.0,0.01351,0.0,0.0,0.00022,0.0,0.00172,0.0,0.0024,0.0,0.0,0.0,0.0,0.0,0.0,0.00046,0.0,0.0,0.0,0.0,0.00048,0.01462,0.0,0.0,0.00164,0.00042,0.0,0.00616,0.0,0.031920000000000004,0.0,0.0,0.0,0.0,0.0,0.0,0.0,0.00028,0.0,0.07156,0.0,0.0,0.0,0.0,0.0,0.0,0.0,0.0,0.0,0.0,0.0,0.0,0.0,0.0,0.0,0.0,0.0,0.00145,0.0,0.0,0.0,0.00087,0.0,0.00044,0.0,0.0,0.0,0.0,0.0,0.02027,0.0,0.0,0.0,0.0,0.0,0.0,0.01262,0.0,0.0,0.0,0.0,0.0,0.0,0.0,0.0,0.0,0.0,0.0,0.0,0.0,0.0,0.0,0.0,0.00129,0.0,0.0,0.0,0.0,0.0,0.0,0.0,0.04097,0.0,0.0,0.0,0.0,0.0,0.0,0.0009500000000000001,0.05635,0.00058
SRR2143614,0.0,0.0,0.0,0.0,0.02216,0.0,0.0,0.00057,0.0,0.01662,0.0,0.03766,0.0,0.0,0.0,0.04055,0.0,0.0162,0.0,0.0,0.0,0.0,0.0,0.0,0.0,0.00149,0.00133,0.24328,0.0,0.0,0.0,0.00192,0.07359,0.0,0.0,0.00666,0.0,0.0,0.00138,0.0,0.0,0.0,0.0,0.0,0.0,0.0,0.0,0.0,0.0,0.0,0.0,0.0,0.0,0.0,0.0,0.0,0.0,0.0,0.00185,0.0,0.0,0.0,0.0,0.00265,0.0,0.0,0.0,0.00165,0.0,0.0,9e-05,0.02529,0.0001,0.0,0.0,0.0,0.0,0.0,0.0,0.0,0.0,0.0,0.0,0.0,0.0,0.0,0.00767,0.0,0.0,0.0,0.00028,0.0005499999999999999,0.00259,0.0,0.0,0.0,0.01662,0.0,0.00494,0.0,0.00487,0.07413,0.0,0.0,0.0,0.0,0.0,0.0,0.00116,0.0,0.0,0.0,0.0,0.0,0.0,0.0,0.00013,0.0,0.0,0.0,0.0,0.0001,0.0,0.0012,0.0,0.00266,0.00067,0.0,8e-05,9e-05,0.00082,0.0,0.0,0.0,0.03263,0.00253,0.0,0.0012,0.0,0.0,0.0,0.0,0.0,0.00244,0.0,0.0,0.0,0.0,0.0,0.0,0.0,0.0,0.00036,0.0,0.0001,0.0,0.00063,0.0,0.0,0.0,0.0,0.0,0.0,0.00012,0.0,0.0,0.00025,0.0,0.0,6e-05,0.0,0.0,0.00447,0.0,0.0,0.00616,0.0,0.0155,0.0,0.0,0.0001,0.00105,0.0,0.0,0.0,0.00047,0.00029,0.04264,0.0,0.0,0.0,0.0,0.0,0.0,0.00046,0.0,0.0,0.0,0.0,0.0,0.0,0.00935,0.00038,0.0,0.03261,0.00041,0.07331,0.0,0.0,0.0,0.00015,0.00038,0.00021,0.0,0.00523,0.0,0.0,0.0145,0.0,0.0,0.0,0.0,0.0,0.0,0.05903,0.0,0.0,0.0,0.0,0.0,0.0,0.0,0.0,0.0,0.0,0.0,0.0,0.0,0.0,0.00039,0.0,0.00013,0.0,0.0,0.0,0.0,0.0,0.0,0.0,0.02929,0.00102,0.0,0.00046,0.0,0.0,0.02531,0.00086,0.012050000000000002,0.00049
SRR2143615,0.0,0.0,0.0,0.0,0.0,0.0,0.0,0.0,0.0,0.0,0.0,0.0,0.0,0.0,0.0,0.20464,0.0,0.11761,0.0,0.0,0.0,0.0,0.0,0.0,0.0,0.0,0.0,0.0,0.0,0.0,0.0,0.0,0.24098,0.0,0.0,0.0,0.0,0.0,0.0,0.0,0.0,0.0,0.0,0.0,0.0,0.0,0.0,0.0,0.0,0.0,0.0,0.0,0.0,0.0,0.0,0.0,0.0,0.0,0.0,0.0,0.00076,0.0,0.0,0.0,0.0,0.0,0.0,0.00306,0.0,0.0,0.0,0.0,0.0,0.0,0.0,0.0,0.0,0.0,0.0,0.0,0.0,0.0,0.0,0.0,0.0,0.0,0.02912,0.0,0.0,0.0,0.00277,0.0,0.0,0.0,0.0,0.0,0.0,0.0,0.00071,0.0,0.00709,0.0501,0.0,0.0,0.0,0.0,0.0,0.0,0.0,0.0,0.0,0.0,0.0,0.0,0.0,0.00193,0.0,0.0,0.0,0.0,0.0,0.0,0.0,0.0,0.0,0.00248,0.0,0.0,0.0,0.0,0.0,0.0,0.0,0.0,0.00143,0.0,0.0,0.0,0.0,0.0,0.0,0.0,0.0,0.0,0.0,0.0,0.0,0.0,0.0,0.0,0.0,0.0,0.0,0.0,0.0,0.0,0.02182,0.0,0.0,0.0,0.0,0.0,0.0,0.0,0.0,0.0,0.0,0.0,0.0,0.0,0.0,0.0,0.0,0.0,0.0,0.0052,0.0,0.0,0.0,0.0,0.0,0.0,0.0,0.0,0.0,0.0013,0.0,0.0078,0.0,0.0,0.0,0.0,0.0,0.0,0.0,0.0,0.0,0.0,0.0,0.0,0.0,0.0,0.0,0.0,0.0,0.00151,0.0,0.0,0.0,0.0,0.0,0.00415,0.0,0.0,0.0,0.0,0.0,0.00504,0.0,0.0,0.0,0.0,0.0,0.0,0.22562000000000001,0.0,0.0,0.0,0.0,0.0,0.0,0.01003,0.0,0.0,0.0,0.0,0.0,0.0,0.0,0.0,0.0,0.0051199999999999996,0.0,0.0,0.0,0.0,0.0,0.0,0.0,0.00197,0.0,0.0,0.0,0.0,0.0,0.0,0.00063,0.04608,0.0
SRR2143617,0.0,0.0109,0.0,0.0,0.0,0.0,0.0,0.0,0.0,0.00555,0.0,0.08886000000000001,0.0,0.0,0.0,0.04772,0.0,0.01861,0.0,0.0,0.00102,0.0,0.00264,0.0,0.0,0.00203,0.0,0.12294,0.00347,0.0,0.0,0.0,0.06565,0.0,0.0,0.00029,0.0,0.0,0.00034,0.0,0.0,0.0,0.0,0.0,0.0,0.0,0.0,0.0,0.0,0.0,0.0,0.0,0.0,0.0,0.0,0.0,0.0,0.0,0.0019,0.0,0.00074,0.0,0.0,0.00363,0.0,0.0,0.0,0.03258,0.00257,0.0,0.00029,0.03174,0.0,0.0,0.0,0.0,0.0,0.0,0.0,0.0,0.0,0.0,0.0,0.0,0.0,0.0,0.06256,0.0,0.0,0.0,0.00131,0.0,0.0,0.0,0.0,0.0,0.0,0.0,0.00666,0.0,0.00873,0.0398,0.0,0.0,0.0,0.0,0.0,0.0,0.00607,0.0,0.0,0.0,0.0,0.0,0.0,0.0,0.0,0.0,0.0,0.0,0.0,0.0,0.0,0.0,0.0,0.00736,0.00097,0.0,0.00144,0.0,0.0,0.0,0.0,0.0,0.03053,0.0,0.0,0.00077,0.0,0.0,0.0,0.0,0.0,0.0,0.0,0.0,0.0,0.0,0.0,0.00499,0.0,0.0,0.00036,0.0,0.0,0.0,0.00153,0.0,0.0,0.0,0.0,0.0,0.0,0.00027,0.0,0.0,0.0,0.0,0.0,0.01347,0.0,0.0,0.0025,0.0,0.0,0.00113,0.0,0.01209,0.0,0.00305,0.0,0.0,0.0,0.0,0.00095,0.00093,0.04025,0.20341,0.0,0.0,0.0,0.0,0.0,0.0,0.0,0.0,0.0,0.0,0.0,0.0,0.0,0.0,0.0,0.0,0.00988,0.00041,0.0,0.0,0.00045,0.0,0.0,0.0,0.0,0.0,0.0,0.0,0.0,0.02062,0.0,0.0,0.0,0.0,0.0,0.0,0.025810000000000003,0.0,0.0,0.0,0.0,0.0,0.0,0.00379,0.0,0.0,0.0,0.0,0.0,0.0,0.0,0.0,0.0,0.0,0.00126,0.0,0.0,0.0,0.0,0.0,0.0,0.00959,0.0,0.0,0.0,0.0,0.0,0.0,0.0010400000000000001,0.01891,0.00077
SRR2143618,0.0,0.0,0.0,0.0,0.0,0.0,0.0,0.0,0.0,0.11434,0.0,0.03283,0.0,0.0,0.0,0.01224,0.0,0.01643,0.0,0.0,0.0,0.0,0.0,0.0,0.0,0.0,0.0,0.27336,0.0,0.0,0.0,0.0,0.056080000000000005,0.0,0.0,0.0,0.0,0.0,0.0,0.0,0.0,0.0,0.0,0.0,0.0,0.0,0.0,0.0,0.0,0.0,0.0,0.0,0.0,0.0,0.0,0.0,0.0,0.0,0.0,0.0,0.00062,0.0,0.0,0.00617,0.0,0.0,0.0,0.0,0.00092,0.0,0.0,0.01607,0.0,0.0,0.0,0.0,0.0,0.0,0.0,0.0,0.0,0.0,0.0,0.0,0.0,0.0,0.0,0.0,0.0,0.0,0.0037,0.0,0.0,0.0,0.0,0.0,0.0,0.0,0.00355,0.0,0.0,0.00632,0.0,0.0,0.0,0.0,0.0,0.0,0.00173,0.0,0.0,0.0,0.0,0.0,0.0,0.0,0.0,0.0,0.0,0.0,0.0,0.0,0.0,0.00894,0.0,0.0054,0.0,0.0,0.0,0.0,0.0,0.0,0.0,0.0,0.00166,0.0,0.0,0.0,0.0,0.0,0.0,0.0,0.0,0.0,0.0,0.0,0.0,0.0,0.0,0.00842,0.0,0.0,0.0,0.0,0.0,0.0,0.00046,0.0,0.0,0.0,0.0,0.0,0.0,0.0,0.0,0.0,0.0,0.0,0.0,0.02667,0.0,0.0,0.00965,0.0,0.0,0.00728,0.0,0.02987,0.0,0.0,0.0004,0.0,0.0,0.0,0.0,0.00284,0.08755,0.15963,0.0,0.00216,0.0,0.0,0.0,0.0,0.0,0.0,0.0,0.0,0.0,0.0,0.0,0.0,0.0,0.0,0.01233,0.00401,0.0,0.0,0.0,0.0,0.0,0.0,0.0,0.0,0.0,0.0,0.0,0.01212,0.0,0.0,0.0,0.0,0.0,0.0,0.0,0.0,0.0,0.0,0.0,0.0,0.0,0.0,0.0,0.0,0.0,0.0,0.0,0.0,0.0,0.0,0.0,0.00259,0.0,0.0,0.0,0.0,0.0,0.0,0.0,0.01381,0.0,0.0,0.0,0.0,0.0,0.0,0.00092,0.04032,0.0
SRR2143619,0.0,0.0,0.0,0.0,0.0,0.0,0.0,0.00261,0.0,0.0459,0.0,0.0,0.0,0.0,0.0,0.10413,0.0,0.20135,0.0,0.0,0.0,0.0,0.0,0.0,0.0,0.0,0.0,0.00139,0.0,0.0,0.0,0.08403,0.10257,0.0,0.0,0.0,0.0,0.0,0.0,0.0,0.0,0.0,0.0,0.0,0.0,0.0,0.0,0.0,0.0,0.0,0.0,0.0,0.0,0.0,0.0,0.0,0.0,0.0,0.0,0.0,0.0,0.0,0.0,0.00386,0.0,0.0,0.01129,0.00143,0.0,0.0,0.0,0.05201,0.0,0.0,0.0,0.0,0.0,0.0,0.0,0.0,0.0,0.0,0.0,0.0,0.0,0.0,0.13019,0.0,0.00177,0.0,0.0,0.0,0.0,0.0,0.0,0.0,0.00848,0.0,0.0,0.0,0.0253,0.00928,0.0,0.0,0.0,0.0,0.0,0.0,0.0,0.0,0.0,0.0,0.0,0.0,0.0,0.0,0.0,0.0,0.0,0.0,0.0,0.0,0.0,0.0,0.0,0.0076,0.0,0.0,0.0,0.0,0.0,0.0,0.0,0.0,0.00145,0.0,0.0,0.0,0.0,0.0,0.0,0.0,0.0,0.00669,0.0,0.0,0.0,0.0,0.0,0.05992,0.0,0.00313,0.0,0.0,0.00044,0.0,0.0,0.0,0.0,0.0,0.0,0.0,0.0,0.00062,0.0,0.0,0.0,0.0,0.0008,0.0,0.0,0.0,0.0,0.0,0.0,0.00026,0.0,0.0,0.0,0.0,0.0,0.0,0.0,0.0,0.0,0.0,0.00042,0.00149,0.0,0.00024,0.0,0.0,0.0,0.0,0.0,0.0,0.0,0.0,0.0,0.0,0.0,0.0,0.0,0.0,0.00032,0.00102,0.0,0.0,0.0,0.0,0.0,0.0,0.0,0.0,0.0,0.0,0.0,0.00086,0.0,0.0,0.0,0.0,0.0,0.0,0.0,0.0,0.0,0.0,0.0,0.0,0.0,0.01987,0.0,0.0,0.0,0.0,0.0,0.0,0.0,0.0,0.0,0.00107,0.0,0.0,0.0,0.0,0.0,0.0,0.0,0.0,0.0,0.0,0.00032,0.0,0.0,0.0,0.0006399999999999999,0.04471,0.0
SRR2143621,0.0,0.0,0.0,0.0,0.0,0.0,0.0,0.00251,0.0,0.00101,0.0,0.0,0.0,0.0,0.0,0.12161,0.0,0.07707,0.0,0.0,0.0,0.0,0.0,0.0,0.0,0.0,0.0,0.00521,0.0,0.0,0.0,0.0,0.31144999999999995,0.0,0.0,0.0,0.0,0.0,0.0,0.0,0.0,0.0,0.0,0.0,0.0,0.0,0.0,0.0,0.0,0.0,0.0,0.0,0.0,0.0,0.0,0.0,0.0,0.0,0.0,0.0,0.0,0.0,0.0,0.00085,0.0,0.0,0.0,0.18437,0.00045,0.0,0.0,0.04921,0.0,0.0,0.0,0.0,0.0,0.0,0.0,0.0,0.0,0.0,0.0,0.0,0.0,0.0,0.09138,0.0,0.0,0.0,0.00118,0.0,0.0,0.0,0.0,0.0,0.0,0.0,0.0,0.0,0.02121,0.01713,0.0,0.0,0.0,0.0,0.0,0.0,0.0,0.0,0.0,0.0,0.0,0.0,0.0,0.0011,0.0,0.0,0.0,0.0,0.0,0.0,0.0,0.0,0.0,0.00051,0.0,0.0,0.0,0.0,0.0,0.0,0.0,0.0,0.00262,0.0,0.0,0.0051,0.0,0.0,0.0,0.0,0.0,0.00696,0.0,0.0,0.0,0.0,0.0,0.02437,0.0,0.0,0.0,0.0,0.0,0.0,0.00166,0.0,0.0,0.0,0.0,0.0,0.0,0.00037,0.0,0.0,0.0,0.0,0.0,0.0,0.0,0.0,0.0,0.0,0.0,0.00177,0.0,0.0,0.0,0.00085,0.0,0.00383,0.0,0.0,0.0,0.00037,0.0,0.00189,0.0,0.0,0.0,0.0,0.0,0.0,0.0,0.0,0.0,0.0,0.0,0.0,0.0,0.0,0.0,0.0,0.0,0.0,0.0,0.0,0.00099,0.0,0.0,0.00082,0.0,0.0,0.0,0.0,0.0,0.00927,0.0,0.0,0.0,0.0,0.0,0.0,0.01161,0.0,0.0,0.0,0.0,0.0,0.0,0.0,0.0,0.0,0.0,0.0,0.0,0.0,0.0,0.0,0.0,0.00192,0.0,0.0,0.0,0.0,0.0,0.0,0.0,0.00403,0.0,0.0,0.00048,0.0,0.0,0.0,0.0009,0.03135,0.0
SRR2143623,0.0,0.0,0.0,0.0,0.0,0.0,0.0,0.00095,0.0,0.00118,0.0,0.00185,0.0,0.0,0.0,0.02202,0.0,0.04745,0.0,0.0,0.0,0.0,0.0,0.0,0.0,0.00072,0.0,0.03128,0.00038,0.0,0.0,0.18291000000000002,0.09907,0.0,0.0,0.00048,0.0,0.0,0.0,0.0,0.0,0.0,0.0,0.0,0.0,0.0,0.0,0.0,0.0,0.0,0.0,0.0,0.0,0.0,0.0,0.0,0.0,0.0,0.0,0.0,0.0,0.0,0.0,0.00248,0.0,0.0,0.18879,0.037160000000000006,0.04114,0.0,0.0,0.00611,0.0,0.0,0.0,0.0,0.0,0.0,0.0,0.0,0.0,0.0,0.00123,0.0,0.0,0.0,0.06118,0.0,0.0,0.0,0.0,0.0,0.0,0.0,0.0,0.0,0.0,0.0,0.0,0.0,0.00385,0.04177,0.0,0.0,0.0,0.0,0.0,0.0,0.0,0.0,0.0,0.0,0.0,0.0,0.0,0.0,0.0,0.0,0.0,0.0,0.0,0.0,0.0,0.0,0.0,0.01657,0.0,0.0,0.0,0.0,0.0,0.0,0.0,0.0,0.03969,0.00241,0.0,0.0,0.0,0.0,0.0,0.0,0.0,0.0,0.0,0.0,0.0,0.0,0.0,0.00451,0.0,0.01414,0.00027,0.0,0.00027,0.0,0.0,0.0,0.0,0.0,0.0,0.0,0.0,0.00038,0.0,0.0,0.0,0.0,0.00048,0.00017,0.0,0.0,0.0,0.0,0.0,0.00115,0.0,0.00709,0.0,0.0,0.0,0.00889,0.0,0.0,0.0,0.00058,0.04338,0.03779,0.0,0.0,0.0,0.0,0.0,0.0,0.0006,0.0,0.0,0.0,0.0,0.0,0.0,0.0,0.0,0.0,0.00018,0.0,0.0,0.0,0.00058,0.0,0.0,0.0,0.0,0.0,0.0,0.0,0.0,0.0041,0.0,0.0,0.0,0.0,0.0,0.0,0.00425,0.0,0.0,0.0,0.0,0.0,0.0,0.00288,0.0,0.0,0.0,0.0,0.0,0.0,0.0,0.0,0.0,0.0,0.0,0.0,0.0,0.0,0.0,0.0,0.0,0.00045,0.0,0.0,0.0,0.0,0.0,0.0,0.00027,0.0356,0.0
SRR2143624,0.0,0.0,0.0,0.0,0.0,0.0,0.0,0.0,0.0,0.0,0.0,0.0,0.0,0.0,0.0,0.23621,0.0,0.00353,0.0,0.0,0.0,0.0,0.0,0.0,0.0,0.0,0.0,0.0,0.0,0.0,0.0,0.0,0.46751000000000004,0.0,0.0,0.0,0.0,0.0,0.0,0.0,0.0,0.0,0.0,0.0,0.0,0.0,0.0,0.0,0.0,0.0,0.0,0.0,0.0,0.0,0.0,0.0,0.0,0.0,0.0,0.0,0.0,0.0,0.0,0.0,0.0,0.0,0.0,0.0,0.0,0.0,0.0,0.00511,0.0,0.0,0.0,0.0,0.0,0.0,0.0,0.0,0.0,0.0,0.0,0.0,0.0,0.0,0.22482,0.0,0.0,0.0,0.0,0.0,0.0,0.0,0.0,0.0,0.0,0.0,0.0,0.0,0.00903,0.0,0.0,0.0,0.0,0.0,0.0,0.0,0.0,0.0,0.0,0.0,0.0,0.0,0.0,0.0,0.0,0.0,0.0,0.0,0.0,0.0,0.0,0.0,0.0,0.0,0.0,0.0,0.0,0.0,0.0,0.0,0.0,0.0,0.00432,0.0,0.0,0.0,0.0,0.0,0.0,0.0,0.0,0.0,0.0,0.0,0.0,0.0,0.0,0.0,0.0,0.0,0.0,0.0,0.0,0.0,0.0,0.0,0.0,0.0,0.0,0.0,0.0,0.0,0.0,0.0,0.0,0.0,0.0,0.0,0.0,0.0,0.0,0.0,0.0,0.00255,0.0,0.00452,0.0,0.00295,0.0,0.0,0.0,0.0,0.0,0.0,0.0,0.0,0.0,0.0,0.0,0.0,0.0,0.0,0.0,0.0,0.0,0.0,0.0,0.0,0.0,0.0,0.0,0.0,0.0,0.0,0.0,0.0,0.0,0.02062,0.0,0.0,0.0,0.0,0.0,0.0,0.0,0.00726,0.0,0.0,0.0,0.0,0.0,0.0,0.0,0.0,0.0,0.0,0.0,0.0,0.0,0.0,0.0,0.0,0.0,0.0,0.0,0.0,0.0,0.0,0.0,0.0,0.0,0.0,0.0,0.0,0.0,0.0,0.0,0.0,0.0,0.0,0.0,0.0,0.0,0.0,0.0,0.01041,0.0
SRR2143626,0.0,0.0,0.0,0.0,0.0,0.0,0.0,0.0005,0.0,0.0,0.0,0.00157,0.0,0.0,0.0,0.10255,0.0,0.00197,0.0,0.0,0.0,0.0,0.0,0.0,0.0,0.0,0.06728,0.005169999999999999,0.0,0.0,0.0,0.0,0.37693,0.0,0.0,0.0,0.0,0.0,0.00012,0.0,0.0,0.0,0.0,0.0,0.0,0.0,0.0,0.0,0.0,0.0,0.0,0.0,0.0,0.0,0.0,0.0,0.0,0.0,0.0,0.0,0.0,0.0,0.0,0.00025,0.0,0.0,0.16455,0.0036199999999999995,0.00029,0.0,0.0012,0.00562,0.0,0.0,0.0,0.0,0.0,0.0,0.0,0.0,0.0,0.0,0.0,0.0,0.0,0.0,0.14296999999999999,0.0,0.0,0.0,0.0,0.0,0.0,0.0,0.0,0.0,0.00655,0.0,0.0,0.0,0.0092,0.00166,0.0,0.0,0.0,0.0,0.0,0.0,0.0,0.0,0.0,0.0,0.0,0.0,0.0,0.0,0.0,0.0,0.0,0.0,0.0,0.0,0.0,0.0,0.0,0.00045,0.0,0.0,0.0,0.0,0.0,0.0,0.0,0.0,0.00396,0.0,0.0,0.0,0.0,0.0,0.0,0.0,0.0,0.0,0.0,0.0,0.0,0.0,0.0,0.00142,0.0,0.0,0.0,0.0,0.0,0.0,0.0,0.0,0.0,0.0,0.0,0.0,0.0,0.0,0.0,0.0,0.0,0.0,0.00021,0.00112,0.0,0.0,0.0,0.0,0.0,0.00163,0.0,0.00172,0.0,0.00037,0.0,0.00054,0.0,0.0,0.0,0.0,0.0,0.00315,0.0,0.0,0.0,0.0,0.0,0.0,0.0,0.0,0.0,0.0,0.0,0.0,0.0,0.0,0.0,0.0,0.00049,0.0003,0.0,0.0,0.0,0.02105,0.0,0.0,0.0,0.0,0.0,0.0,0.0,0.0058,0.0,0.0,0.0,0.0,0.0,0.0,0.0,0.0,0.0,0.0,0.0,0.0,0.0,0.00618,0.0,0.0,0.0,0.0,0.0,0.0,0.0,0.0,0.0,0.0,0.0,0.0,0.0,0.0,0.0,0.0,0.0,0.00123,0.0,0.0,0.0,0.0,0.0,0.0,0.00039,0.00968,0.0
SRR2143627,0.0,0.0,0.0,0.0,0.0,0.0,0.0,0.0,0.0,0.16476,0.0,0.0,0.0,0.0,0.0,0.10176,0.0,0.02556,0.0,0.0,0.0,0.0,0.0,0.0,0.0,0.0,0.0,0.018690000000000002,0.0,0.0,0.0,0.0,0.19630999999999998,0.0,0.0,0.0,0.0,0.0,0.0,0.0,0.0,0.0,0.0,0.0,0.0,0.0,0.0,0.0,0.0,0.0,0.0,0.0,0.0,0.0,0.0,0.0,0.0,0.0,0.0,0.0,0.0,0.0,0.0,0.00099,0.0,0.0,0.0,0.00408,0.09303,0.0,0.0,0.05216,0.0,0.0,0.0,0.0,0.0,0.0,0.0,0.0,0.0,0.0,0.0,0.0,0.0,0.0,0.07202,0.0,0.0,0.0,0.00076,0.0,0.0,0.0,0.0,0.0,0.0,0.0,0.0018,0.0,0.00611,0.03435,0.0,0.0,0.0,0.0,0.0,0.0,0.0,0.0,0.0,0.0,0.0,0.0,0.0,0.0,0.0,0.0,0.0,0.0,0.0,0.0,0.0,0.0,0.0,0.01467,0.0,0.0,0.0,0.0,0.0,0.0,0.0,0.0,0.00652,0.0,0.0,0.0,0.0,0.0,0.0,0.0,0.0,0.0,0.0,0.0,0.0,0.0,0.0,0.00466,0.0,0.0,0.0,0.0,0.0,0.0,0.0,0.0,0.0,0.0,0.0,0.0,0.0,0.0,0.0,0.0,0.0,0.0,0.0,0.0,0.0,0.0,0.0,0.0,0.0,0.00646,0.0,0.00093,0.0,0.00146,0.0,0.0,0.0,0.0,0.0,0.0,0.0,0.01135,0.0,0.0,0.0,0.0,0.0,0.0,0.0,0.0,0.0,0.0,0.0,0.0,0.0,0.0,0.0,0.0,0.0,0.00198,0.0,0.0,0.0,0.0,0.0,0.0,0.0,0.0,0.0,0.0,0.0,0.03633,0.0,0.0,0.0,0.0,0.0,0.0,0.0,0.0,0.0,0.0,0.0,0.0,0.0,0.04716,0.0,0.0,0.0,0.0,0.0,0.0,0.0,0.0,0.0,0.00076,0.0,0.0,0.0,0.0,0.0,0.0,0.0,0.00332,0.0,0.0,0.0,0.0,0.0,0.0,0.00064,0.0903,0.0
SRR2143629,0.0,0.0,0.0,0.0,0.0,0.0,0.0,0.0,0.0,0.0492,0.0,0.038650000000000004,0.0,0.0,0.0,0.13201,0.0,0.02653,0.0,0.0,0.0,0.0,0.0,0.0,0.0,0.00128,0.0,0.14841000000000001,0.01174,0.0,0.0,0.09288,0.11423,0.0,0.0,0.0,0.0,0.0,0.00418,0.0,0.0,0.0,0.0,0.0,0.0,0.0,0.0,0.0,0.0,0.0,0.0,0.0,0.0,0.0,0.0,0.0,0.0,0.0,0.0,0.0,0.0,0.0,0.0,0.00287,0.0,0.0,0.0,0.0,0.02019,0.0,0.00161,0.043980000000000005,0.0,0.0,0.0,0.0,0.0,0.0,0.0,0.0,0.0,0.0,0.0,0.0,0.0,0.0,0.01222,0.0,0.0,0.0,0.0,0.0,0.0,0.0,0.0,0.0,0.0,0.0,0.0017,0.0,0.06957,0.00185,0.0,0.0,0.0,0.0,0.0,0.0,0.0,0.0,0.0,0.0,0.0,0.0,0.0,0.0,0.0,0.0,0.0,0.0,0.0,0.0,0.0,0.0,0.0,0.00111,0.0,0.0,0.0,0.0,0.0,0.0,0.0,0.0,0.00149,0.0,0.0,0.00048,0.0,0.0,0.0,0.0,0.0,0.0,0.0,0.0,0.0,0.0,0.0,0.0,0.0,0.0,0.00036,0.0,0.0,0.0,0.0,0.0,0.0,0.0,0.0,0.0,0.0,0.0,0.0,0.0,0.0,0.0,0.0,0.00269,0.0,0.0,0.0,0.0,0.0,0.01326,0.0,0.01096,0.0,0.0,0.0,0.00233,0.0,0.0,0.0,0.0,0.00556,0.04842,0.0,0.0,0.0,0.00269,0.0,0.0,0.0,0.0,0.0,0.0,0.0,0.0,0.0,0.0,0.0,0.0,0.00078,0.00099,0.0,0.0,0.0,0.0,0.0,0.0,0.0,0.0,0.0,0.0,0.0,0.04583,0.0,0.0,0.0,0.0,0.0,0.0,0.0,0.0,0.0,0.0,0.0,0.0,0.0,0.0,0.0,0.0,0.0,0.0,0.0,0.0,0.0,0.0,0.0,0.0,0.0,0.0,0.0,0.0,0.0,0.0,0.0,0.02599,0.0,0.0,0.00036,0.0,0.0,0.0,0.0038000000000000004,0.05706,0.0
SRR2143630,0.0,0.0,0.0,0.0,0.0,0.0,0.0,0.0,0.0,0.01306,0.0,0.11656000000000001,0.0,0.0,0.0,0.05482,0.0,0.02787,0.0,0.0,0.0,0.0,0.0047,0.0,0.0,0.00259,0.0,0.10737,0.00304,0.0,0.0,0.0,0.045149999999999996,0.0,0.0,0.00033,0.0,0.0,0.00068,0.0,0.0,0.0,0.0,0.0,0.0,0.0,0.0,0.0,0.0,0.0,0.0,0.0,0.0,0.0,0.0,0.0,0.0,0.0,0.0014,0.0,0.00052,0.0,0.0,0.00124,0.0,0.0,0.0,0.023610000000000003,0.02734,0.0,0.00036,0.01905,0.0,0.0,0.0,0.0,0.0,0.0,0.0,0.0,0.0,0.0,0.0,0.0,0.0,0.0,0.04176,0.0,0.0,0.0,0.00393,0.0,0.0,0.0,0.0,0.0,0.01071,0.0,0.0,0.0,0.00081,0.07708999999999999,0.0,0.0,0.0,0.0,0.0,0.0,0.00514,0.0,0.0,0.0,0.0,0.0,0.0,0.00111,0.0,0.0,0.0,0.0,0.0,0.0,0.0,0.0,0.0,0.00761,0.00159,0.0,0.00045,0.0,0.0,0.0,0.0,0.0,0.02432,0.0,0.0,0.00077,0.0,0.0,0.0,0.0,0.0,0.00043,0.0,0.0,0.0,0.0,0.0,0.00205,0.0,0.0,0.00023,0.0,0.0,0.0,0.0,0.0,0.0,0.0,0.0,0.0,0.0,0.0,0.0,0.0,0.0,0.0,0.0,0.01026,0.0,0.0,0.00097,0.0,0.0,0.00191,0.0,0.00838,0.0,0.0,0.0,0.00169,0.0,0.0,0.0009,0.00162,0.02141,0.19943,0.0,0.0,0.0,0.0,0.0,0.0,0.0,0.0,0.0,0.0,0.0,0.0,0.0,0.0,0.0,0.0,0.008620000000000001,0.00243,0.0,0.0,0.00052,0.0,0.0,0.00074,0.0,0.0,0.0,0.0,0.0,0.01997,0.0,0.0,0.0,0.00055,0.0,0.0,0.027389999999999998,0.0,0.0,0.0,0.0,0.0,0.0,0.00699,0.0,0.0,0.0,0.0,0.0,0.0,0.0,0.0,0.0,0.004,0.00062,0.0,0.0,0.0,0.0,0.0,0.0,0.00451,0.0,0.0,0.0,0.0,0.0,0.0,0.00061,0.03833,0.00071
SRR2143633,0.0,0.0,0.0,0.0,0.0,0.0,0.0,0.00031,0.0,0.0,0.0,0.07903,0.0,0.0,0.0,0.02201,0.0,0.0217,0.0,0.0,0.0,0.0,0.0,0.0,0.0,0.00316,0.0,0.15124,0.0,0.0,0.0,0.01419,0.08714999999999999,0.0,0.0,0.0,0.0,0.0,0.0,0.0,0.0,0.0,0.0,0.0,0.0,0.0,0.0,0.0,0.0,0.0,0.0,0.0,0.0,0.0,0.0,0.0,0.0,0.0,0.00099,0.0,0.00443,0.0,0.0,0.00405,0.0,0.0,0.0,0.00513,0.03674,0.0,0.01381,0.08987999999999999,0.00038,0.0,0.0,0.0,0.0,0.0,0.0,0.0,0.0,0.0,0.0,0.0,0.0,0.0,0.01539,0.0,0.0,0.0,0.00019,0.0,0.0,0.0,0.0,0.0,0.0,0.0,0.00867,0.0,0.0,0.05652,0.0,0.0,0.0,0.0,0.0,0.0,0.00067,0.0,0.0,0.0,0.0,0.0,0.0,0.00075,0.0,0.0,0.0,0.0,0.0,0.0,0.0,0.00031,0.0,0.00722,0.0,0.0,0.00018,0.0,0.0,0.0,0.0,0.0,0.02732,0.0,0.0,0.0198,0.0,0.0,0.0,0.0,0.0,0.0,0.0,0.0,0.0,0.0,0.0,0.00091,0.0,0.0,0.00047,0.0,0.0,0.0,0.0,0.0,0.0,0.0,0.0,0.0,0.0,0.00053,0.0,0.0,0.0,0.0,0.0,0.0,0.0,0.0,0.00434,0.0,0.0,0.00175,0.0,0.0,0.0,0.0,0.00032,0.00333,0.0,0.0,0.0,0.00189,0.00023,0.13503,0.0,0.02979,0.0,0.00022,0.0,0.0,0.0,0.0,0.0,0.0,0.0,0.0,0.0,0.0,0.0,0.0,0.00129,0.00152,0.0,0.0,0.0,0.0,0.00039,0.0,0.0,0.0,0.0,0.0,0.0,0.02422,0.0,0.0,0.0,0.0,0.0,0.0,0.0,0.0,0.0,0.0,0.0,0.0,0.0,0.0,0.0,0.0,0.0,0.0,0.0,0.0,0.0,0.0,0.0,0.00075,0.0,0.0,0.0,0.0,0.0,0.0,0.0,0.08181,0.0,0.0,0.0002,0.0,0.0,0.0,0.0002,0.01909,0.00023
SRR2143634,0.0,0.0,0.0,0.0,0.0,0.0,0.0,0.0,0.0,0.00581,0.0,0.00409,0.0,0.0,0.0,0.04783,0.0,0.02833,0.0,0.0,0.0,0.0,0.0,0.0,0.0,0.0,0.0,0.0083,0.0,0.0,0.0,0.0,0.44174,0.0,0.0,0.0,0.0,0.0,0.0,0.0,0.0,0.0,0.0,0.0,0.0,0.0,0.0,0.0,0.0,0.0,0.0,0.0,0.0,0.0,0.0,0.0,0.0,0.0,0.0,0.0,0.0,0.0,0.0,0.00083,0.0,0.0,0.0,0.05298,0.02436,0.0,0.0,0.04931,0.0,0.0,0.0,0.0,0.0,0.0,0.0,0.0,0.0,0.0,0.0,0.0,0.0,0.0,0.06311,0.0,0.0,0.0,0.0,0.0,0.0,0.0,0.0,0.0,0.0,0.0,0.00729,0.0,0.00385,0.03408,0.0,0.0,0.0,0.0,0.0,0.0,0.0,0.0,0.0,0.0,0.0,0.0,0.0,0.0,0.0,0.0,0.0,0.0,0.0,0.0,0.0,0.0,0.0,0.00444,0.0,0.0,0.0,0.0,0.0,0.0,0.0,0.0,0.00444,0.0,0.0,0.0,0.0,0.0,0.0,0.0,0.0,0.0,0.0,0.0,0.0,0.0,0.0,0.00255,0.0,0.0,0.00077,0.0,0.0,0.0,0.0,0.0,0.0,0.0,0.0,0.0,0.0,0.0,0.0,0.0,0.0,0.0,0.0,0.0,0.0,0.0,0.0,0.0,0.0,0.0013,0.0,0.0,0.0,0.0,0.0,0.00344,0.0,0.0,0.0,0.00308,0.0,0.00687,0.0,0.0,0.0,0.0,0.0,0.0,0.0,0.0,0.0,0.0,0.0,0.0,0.0,0.0,0.0,0.0,0.015880000000000002,0.0,0.0,0.0,0.00136,0.0,0.0,0.0,0.0,0.0,0.0,0.0,0.0,0.0029,0.0,0.0,0.0,0.0,0.0,0.0,0.0,0.0,0.0,0.0,0.0,0.0,0.0,0.08362,0.0,0.0,0.0,0.0,0.0,0.0,0.0,0.0,0.0,0.010790000000000001,0.0,0.0,0.0,0.0,0.0,0.0,0.0,0.00237,0.0,0.0,0.0,0.0,0.0,0.0,0.0,0.04256,0.0
SRR2143636,0.0,0.0,0.0,0.0,0.0,0.0,0.0,0.0,0.0,0.0,0.0,0.12452,0.0,0.0,0.0,0.02677,0.0,0.03246,0.0,0.0,0.00116,0.0,0.00197,0.0,0.0,0.00069,0.0,0.11136,0.03711,0.0,0.0,0.01729,0.05911,0.0,0.0,0.00282,0.0,0.0,0.0,0.0,0.0,0.0,0.0,0.0,0.0,0.0,0.0,0.0,0.0,0.0,0.0,0.0,0.0,0.0,0.0,0.0,0.0,0.0,0.0,0.0,0.0,0.0,0.0,0.00103,0.0,0.0,0.0,0.00186,0.00579,0.0,0.0,0.01274,0.0,0.0,0.0,0.0,0.0,0.0,0.0,0.0,0.0,0.0,0.0,0.0,0.0,0.0,0.01712,0.0,0.0,0.0,0.0,0.0,0.0,0.0,0.0,0.0,0.00666,0.0,0.00164,0.0,0.00165,0.07438,0.0,0.0,0.0,0.0,0.0,0.0,0.00032,0.0,0.0,0.0,0.0,0.0,0.0,0.0,0.0,0.0,0.0,0.0,0.0,0.0,0.0,0.0,0.0,0.00299,0.0,0.0,0.0,0.00044,0.0,0.0,0.0,0.0,0.01685,0.0,0.0,0.00103,0.0,0.0,0.0,0.0,0.0,0.0,0.0,0.0,0.0,0.0,0.0,0.0,0.0,0.0,0.00042,0.0,0.0,0.0,0.00034,0.0,0.0,0.0,0.0,0.0,0.0,0.00032,0.0,0.0,0.0,0.0,0.0,0.01962,0.0,0.0,0.00307,0.0,0.0,0.00823,0.0,0.01184,0.0,0.05646,0.0,0.0,0.0,0.0,0.0,0.00017,0.0,0.12317,0.0,0.0,0.0,0.0,0.0,0.0,0.00029,0.0,0.0,0.0,0.0,0.0,0.0,0.0,0.00157,0.0,0.00143,0.0,0.04059,0.0,0.0,0.0,0.0003,0.0,0.0,0.0,0.0,0.0,0.0,0.00304,0.0,0.0,0.0,0.0,0.0,0.0,0.08716,0.00046,0.0,0.0,0.0,0.0,0.0,0.0,0.0,0.0,0.0,0.0,0.0,0.0,0.0,0.0,0.0,0.00019,0.0,0.0,0.0,0.0,0.0,0.0,0.0,0.01844,0.0,0.0,0.0,0.0,0.0,0.0,0.00046,0.03307,0.0
SRR2143637,0.0,0.0,0.0,0.0,0.0,0.0,0.0,0.0,0.0,0.00032,0.0,0.0,0.0,0.0,0.0,0.02182,0.0,0.0013,0.0,0.0,0.0,0.0,0.0,0.0,0.0,0.0,0.0,0.09522,0.00177,0.0,0.0,0.05799,0.19992000000000001,0.0,0.0,0.0,0.0,0.0,0.00088,0.0,0.0,0.0,0.0,0.0,0.0,0.0,0.0,0.0,0.0,0.0,0.0,0.0,0.0,0.0,0.0,0.0,0.0,0.0,0.0,0.0,0.0,0.0,0.0,0.00209,0.0,0.0,0.0,0.13725,0.00044,0.0,0.0,0.07416,0.0,0.0,0.0,0.0,0.0,0.0,0.0,0.0,0.0,0.0,0.0,0.0,0.0,0.0,0.01043,0.0,0.0,0.0,0.0,0.00268,0.0,0.0,0.0,0.0,0.00186,0.0,0.0,0.0,0.0,0.0584,0.0,0.0,0.0,0.0,0.0,0.0,0.00068,0.0,0.0,0.0,0.0,0.0,0.0,0.00177,0.0,0.0,0.0,0.0,0.0,0.0,0.0,0.0,0.0,0.0,0.0,0.0,0.0,0.0,0.00583,0.0,0.0,0.0,0.00698,0.0,0.0,0.0,0.0,0.0,0.0,0.0,0.0,0.0,0.0,0.0,0.0,0.0,0.0,0.00748,0.0,0.0,0.0,0.0,0.0,0.0,0.0,0.0,0.0,0.0,0.0,0.0,0.0,0.0,0.0,0.0,0.0,0.0,0.00047,0.0,0.0,0.0,0.0,0.0,0.0,0.00574,0.0,0.0091,0.0,0.0,0.0,0.0,0.0,0.0,0.0,0.0,0.0,0.0,0.0,0.0,0.0,0.0,0.0,0.0,0.0,0.0,0.0,0.0,0.0,0.0,0.0,0.0,0.0,0.0,0.0,0.00377,0.16997,0.0,0.00424,0.0,0.0,0.0,0.0,0.0,0.0,0.0,0.0,0.00356,0.0,0.0,0.0,0.0,0.0,0.0,0.00995,0.0,0.0,0.0,0.0,0.0,0.0,0.04951,0.0,0.0,0.0,0.0,0.0,0.0,0.0,0.0,0.0,0.0,0.0,0.0,0.0,0.0,0.0,0.0,0.0,0.00728,0.0015,0.0,0.00029,0.0,0.0,0.0,0.0038199999999999996,0.01558,0.0
SRR2143638,0.0,0.0,0.0,0.0,0.0,0.0,0.0,0.00059,0.0,0.05102,0.0,0.07936,0.0,0.0,0.0,0.03625,0.0,0.05516,0.0,0.0,0.0,0.0,0.0,0.0,0.0,0.0,0.0,0.2913,0.03483,0.0,0.0,0.0,0.08061,0.0,0.0,0.0,0.0,0.0,0.0,0.0,0.0,0.0,0.0,0.0,0.0,0.0,0.0,0.0,0.0,0.0,0.0,0.0,0.0,0.0,0.0,0.0,0.0,0.0,0.0,0.0,0.0,0.0,0.0,0.00157,0.0,0.0,0.0,0.0,0.01943,0.0,0.0,0.0,0.0,0.0,0.0,0.0,0.0,0.0,0.0,0.0,0.0,0.0,0.0,0.0,0.0,0.0,0.01274,0.0,0.0,0.0,0.00222,0.0,0.0,0.0,0.0,0.0,0.0,0.0,0.00272,0.0,0.00792,0.0899,0.0,0.0,0.0,0.0,0.0,0.0,0.00311,0.0,0.0,0.0,0.0,0.0,0.0,0.00041,0.0,0.0,0.0,0.0,0.0,0.0,0.0,0.0,0.0,0.00337,0.00074,0.0,0.0,0.0,0.0,0.0,0.0,0.0,0.0069,0.0,0.0,0.0,0.0,0.0,0.0,0.0,0.0,0.0,0.0,0.0,0.0,0.0,0.0,0.01394,0.0,0.0,0.00037,0.0,0.00046,0.0,0.00053,0.0,0.0,0.0,0.0,0.0,0.0,0.0003,0.0,0.0,0.0,0.0,0.00027,0.01138,0.0,0.0,0.00074,0.0,0.0,0.00194,0.0,0.0,0.0,0.0,0.0,0.0,0.0,0.0,0.0,0.00046,0.05146,0.07153,0.0,0.0,0.0,0.0,0.0,0.0,0.0,0.0,0.0,0.0,0.0,0.0,0.0,0.0,0.00033,0.0,0.0,0.00053,0.0,0.0,0.0,0.0,0.0,0.0003,0.0,0.0,0.0,0.0,0.0,0.00719,0.0,0.0,0.0,0.0,0.0,0.0,0.01626,0.0,0.0,0.0,0.0,0.0,0.0,0.0,0.0,0.0,0.0,0.0,0.0,0.0,0.0,0.0,0.0,0.00019,0.0,0.0,0.0,0.0,0.0,0.0,0.0,0.0,0.0,0.0,0.0,0.0,0.00506,0.0,0.0,0.03239,0.0
SRR2143640,0.0,0.0,0.0,0.0,0.0,0.0,0.0,0.0,0.0,0.0,0.0,0.11556,0.0,0.0,0.0,0.03962,0.0,0.053880000000000004,0.0,0.0,0.0,0.0,0.0,0.0,0.0,0.0,0.0,0.11533,0.0,0.0,0.0,0.0,0.045770000000000005,0.0,0.0,0.00439,0.0,0.0,0.0,0.0,0.0,0.0,0.0,0.0,0.0,0.0,0.0,0.0,0.0,0.0,0.0,0.0,0.0,0.0,0.0,0.0,0.0,0.0,0.02096,0.0,0.0,0.0,0.0,0.00079,0.0,0.0,0.0,0.03482,0.01877,0.0,0.0,0.03503,0.0,0.0,0.0,0.0,0.0,0.0,0.0,0.0,0.0,0.00035,0.0,0.0,0.0,0.0,0.0165,0.0,0.0,0.00331,0.0,0.0,0.0,0.0,0.0,0.0,0.0,0.0,0.00245,0.0,0.00235,0.06048,0.0,0.0,0.0,0.0,0.0,0.0,0.00055,0.0,0.0,0.0,0.0,0.0,0.0,0.0,0.0,0.0,0.0,0.0,0.0,0.0,0.0,0.0,0.0,0.00598,0.00215,0.0,0.00022,0.00029,0.0,0.0,0.0,0.0,0.01841,0.0,0.0,0.01217,0.0,0.0,0.0,0.0,0.0,0.0,0.0,0.0,0.0,0.0,0.0,0.0,0.0,0.0,0.00027,0.0,0.0,0.0,0.0,0.0,0.0,0.0,0.0,0.0,0.0,0.00019,0.0,0.0,0.0,0.0,0.0,0.01687,0.0,0.0,0.00133,0.0,0.0,0.00367,0.0,0.0,0.0,0.0,0.0,0.00392,0.0,0.0,0.0,0.0002,0.00448,0.22973,0.0,0.0,0.0,0.0,0.0,0.0,0.0,0.0,0.0,0.0,0.0,0.0,0.0,0.0,0.0,0.0,0.01681,0.0,0.0,0.0,0.00238,0.0,0.0,0.0,0.0,0.0,0.0,0.0,0.0,0.01448,0.0,0.0,0.0,0.0,0.0,0.0,0.0,0.0,0.0,0.0,0.0,0.0,0.0,0.00625,0.0,0.0,0.0,0.0,0.0,0.0,0.0,0.0,0.0,0.00127,0.0,0.0,0.0,0.0,0.0,0.0,0.0,0.02248,0.0,0.0,0.0,0.0,0.0,0.0,0.00017,0.01873,0.00023
SRR2143641,0.0,0.0,0.0,0.0,0.0,0.0,0.0,0.0,0.0,0.02181,0.0,0.0,0.0,0.0,0.0,0.02307,0.0,0.07637,0.0,0.0,0.0,0.0,0.0,0.0,0.0,0.0048,0.0,0.03881,0.0,0.0,0.0,0.0,0.15241,0.0,0.0,0.00101,0.0,0.0,0.0,0.0,0.0,0.0,0.0,0.0,0.0,0.0,0.0,0.0,0.0,0.0,0.0,0.0,0.0,0.0,0.0,0.0,0.0,0.0,0.00345,0.0,0.00758,0.0,0.0,0.00674,0.0,0.0,0.0,0.0,0.07225,0.0,0.00387,0.01491,0.0,0.0,0.0,0.0,0.0,0.0,0.0,0.0,0.0,0.0,0.01128,0.0,0.0,0.0,0.08917,0.0,0.0,0.0,0.0,0.0,0.0,0.0,0.0,0.0,0.0,0.0,0.0,0.0,0.03562,0.08732,0.0,0.0,0.0,0.0,0.0,0.0,0.0,0.0,0.0,0.0,0.0,0.0,0.0,0.0,0.0,0.0,0.0,0.0,0.0,0.0,0.0,0.00328,0.0,0.0112,0.0,0.0,0.0,0.0,0.0,0.0,0.0,0.0,0.0416,0.0,0.0,0.0,0.0,0.0,0.0,0.0,0.0,0.0,0.0,0.0,0.0,0.0,0.0,0.00472,0.0,0.00236,0.0,0.0,0.0,0.0,0.0,0.0,0.0,0.0,0.0,0.0,0.0,0.0,0.0,0.0,0.0,0.0,0.0,0.0,0.0,0.0,0.0,0.0,0.0,0.00556,0.0,0.01937,0.0,0.01869,0.0,0.0,0.0,0.0,0.0,0.0,0.03343,0.05431,0.0,0.0,0.0,0.0,0.0,0.0,0.0,0.0,0.0,0.0,0.0,0.0,0.0,0.0,0.0,0.0,0.0,0.00126,0.0,0.0,0.0,0.0,0.0,0.0,0.0,0.0,0.0,0.0,0.0,0.01499,0.0,0.0,0.0,0.0,0.0,0.0,0.0,0.0,0.0,0.0,0.0,0.0,0.0,0.0,0.0,0.0,0.0,0.0,0.0,0.0,0.0,0.0,0.0,0.0,0.0,0.0,0.0,0.0,0.0,0.0,0.0,0.00505,0.0,0.0,0.0,0.0,0.0,0.0,0.0,0.09263,0.0
SRR2143643,0.0,0.0,0.0,0.0,0.0,0.0,0.0,0.00056,0.0,0.04364,0.0,0.0082,0.0,0.0,0.0,0.01295,0.0,0.0416,0.0,0.0,0.0,0.0,0.0,0.0,0.0,0.00386,0.0,0.07569000000000001,4e-05,0.0,0.0,0.01446,0.10543999999999999,0.0,0.0,0.00219,0.0,0.0,0.00087,0.0,0.0,0.0,0.0,0.0,0.0,0.0,0.0,0.0,0.0,0.0,0.0,0.0,0.0,0.0,0.0,0.0,0.0,0.0,0.00044,0.0,0.00378,0.0,0.0,0.00563,0.0,0.0,0.0015,0.005520000000000001,0.04357,0.0,0.00638,0.01218,0.00034,0.0,0.0,0.0,0.0,0.0,0.0,0.0,0.0,6e-05,0.00416,0.0,0.0,0.0,0.05897,0.0,0.0,0.0,0.0036999999999999997,0.00041,0.0,0.0,0.0,0.0,0.00659,0.0,0.00082,0.0,0.00432,0.03898,0.0,0.0,0.0,0.0,0.0,0.0,0.00512,0.0,0.00089,0.0,0.0,0.0,0.0,0.0,0.0,0.0,0.0,0.0,0.0,0.00024,0.0,0.00254,0.0,0.00267,0.0,0.0,9e-05,0.00056,0.00139,0.0,0.0,0.0,0.02496,0.0,0.0,0.00011,0.0,0.0,0.0,0.0,0.0,0.0,0.0,0.0,0.0,0.0,0.0,0.02562,0.0,0.00055,0.0,0.0,0.00013,0.0,0.0,0.0,0.0,0.01105,0.0,0.0,0.0,0.00034,0.0,0.0,0.0,0.0,0.00023,4e-05,0.0,0.0,0.00266,0.0021,0.0,0.00225,0.0,0.00998,0.0,0.03849,0.0,0.00041,0.0,0.0,0.0,0.00026,0.02977,0.054060000000000004,0.0,4e-05,0.0,0.0,0.0,0.0,0.0002,0.0,0.0,0.0,0.0,0.0,0.0,0.00234,0.0,0.0,0.00145,0.00043,0.10287,0.0,6e-05,0.00766,0.0,0.00076,0.0,0.0,0.00051,0.0,0.0,0.01062,0.0,0.0,0.0,0.00206,0.0,0.0,0.0023,0.00017,0.0,0.0,0.0,0.0,0.0,0.0,0.0,0.0,0.0,0.0,0.0,0.0,0.0,5e-05,0.0,0.0023,0.0,0.0,0.0,0.0,0.0,0.0,0.0,0.00221,0.00013,0.0,0.0,0.0,0.00012,0.00593,0.0032,0.06074,0.00217
SRR2143644,0.0,0.0,0.0,0.0,0.0,0.0,0.0,0.00143,0.0,0.03958,0.0,0.00382,0.0,0.0,0.0,0.00083,0.0,0.15527,0.0,0.0,0.0,0.0,0.0,0.0,0.0,0.00194,0.0,0.01925,0.00193,0.0,0.0,0.03407,0.02937,0.0,0.0,0.0,0.0,0.0,0.0,0.0,0.0,0.0,0.0,0.0,0.0,0.0,0.0,0.0,0.0,0.0,0.0,0.0,0.0,0.0,0.0,0.0,0.0,0.0,0.0,0.0,0.0,0.0,0.0,0.00135,0.0,0.0,0.0,0.0,0.01638,0.0,0.0,0.02844,0.0,0.0,0.0,0.0,0.0,0.0,0.0,0.0,0.0,0.0,0.00163,0.0,0.0,0.0,0.04367,0.0,0.0,0.0,0.0032700000000000003,0.00035,0.0,0.0,0.0,0.0,0.0053,0.0,0.0,0.0,0.00164,0.00859,0.0,0.0,0.0,0.0,0.0,0.0,0.00571,0.0,0.0,0.0,0.0,0.0,0.0,0.0,0.0,0.0,0.0,0.0,0.0,0.0,0.0,0.0,0.0,0.00533,0.00085,0.0,0.0,0.0,0.0,0.0,0.0,0.0,0.00688,0.06379,0.00535,0.0,0.0,0.0,0.0,0.0,0.0,0.0,0.0,0.0,0.0,0.0,0.0,0.0,0.0,0.0,0.00047,0.0,0.00028,0.0,0.0,0.0,0.0,0.0,0.0,0.0,0.0,0.00053,0.0,0.0,0.0,0.0,0.00032,0.0,0.0,0.0,0.0,0.00047999999999999996,0.0,0.00035,0.0,0.02274,0.0,0.0,0.0,0.00357,0.0,0.0,0.00035,0.0004,0.00505,0.03143,0.0,0.0,0.0,0.0,0.0,0.0,0.00118,0.0,0.0,0.0,0.0,0.0,0.0,0.0,0.0,0.0,0.0009299999999999999,0.00096,0.05199,0.0,0.0,0.0,0.0,0.0,0.0,0.0,0.0,0.0,0.0,0.07485,0.0,0.0,0.0,0.0,0.0,0.0,0.19277,0.0,0.0,0.0,0.0,0.0,0.0,0.0,0.0,0.0,0.0,0.0,0.0,0.0,0.0,0.0,0.0,0.00108,0.0,0.0,0.0,0.0,0.0,0.0,0.0,0.0,0.00035,0.0,0.00053,0.0,0.0,0.0,0.00047,0.08333,0.00022
SRR2143646,0.0,0.0,0.0,0.0,0.0,0.0,0.0,0.00032,0.0,0.03617,0.0,0.05486,0.0,0.0,0.0,0.02825,0.0,0.01015,0.0,0.0,0.00016,0.0,0.0,0.0,0.0,0.00175,0.0,0.3003,0.01278,0.0,0.0,0.02612,0.07951,0.0,0.0,0.0005,0.0,0.0,0.00031,0.0,0.0,0.0,0.0,0.0,0.0,0.0,0.0,0.0,0.0,0.0,0.0,0.0,0.0,0.0,0.0,0.0,0.0,0.0,0.0,0.0,0.0,0.0,0.0,0.01556,0.0,0.0,0.0146,0.00051,0.0064600000000000005,0.0,0.0,0.02069,0.0,0.0,0.0,0.0,0.0,0.0,0.0,0.0,0.0,0.0,0.00155,0.0,0.0,0.0,0.03034,0.0,0.0,0.0,0.00023,0.0,0.0,0.0,0.0,0.0,0.0,0.0,0.0,0.0,0.00013,0.02167,0.0,0.0,0.0,0.0,0.0,0.0,0.00043,0.0,0.0,0.0,0.0,0.0,0.0,0.0,0.0,0.0,0.0,0.0,0.0,0.0,0.0,0.0,0.0,0.00408,0.00027,0.0,0.00016,0.00023,0.0,0.0,0.0,0.0,0.00699,0.0,0.0,0.0,0.0,0.0,0.0,0.0,0.0,0.00021,0.0,0.0,0.0,0.0,0.0,0.00034,0.0,0.0,0.00151,0.0,0.0,0.0,0.00154,0.0,0.0,0.0,0.0,0.0,0.0,0.00021,0.0,0.0,0.0,0.0,0.00018,0.0081,0.0,0.0,0.0059,0.00012,0.0,0.00441,0.0,0.05832,0.0,0.02857,0.0,0.00941,0.0,0.0,0.00019,0.00147,0.02099,0.04204,0.0,0.0,0.0,0.00031999999999999997,0.0,0.0,0.00112,0.0,0.0,0.0,0.0,0.0,0.0,0.0,0.00022,0.0,0.00038,0.00036,0.0,0.0,0.0,0.00012,0.00015,0.0,0.0,0.0,0.0,0.0,0.0,0.02535,0.0,0.0,0.0,0.0,0.0,0.0,0.01628,0.0,0.0,0.0,0.0,0.0,0.0,0.0,0.0,0.0,0.0,0.0,0.0,0.0,0.0,0.0,0.0,0.0003,0.0,0.0,0.0,0.0,0.0,0.0,0.0,0.02338,0.0,0.0,0.00012,0.0,0.0,0.0,0.00042,0.0498,0.00055
SRR2143647,0.0,0.0,0.0,0.0,0.0,0.0,0.0,0.0,0.0,0.00878,0.0,0.09335,0.0,0.0,0.0,0.01707,0.0,0.09991,0.0,0.0,0.0,0.0,0.0,0.0,0.0,0.0,0.0,0.32661,0.0,0.0,0.0,0.0,0.16147,0.0,0.0,0.00053,0.0,0.0,0.0,0.0,0.0,0.0,0.0,0.0,0.0,0.0,0.0,0.0,0.0,0.0,0.0,0.0,0.0,0.0,0.0,0.0,0.0,0.0,0.0,0.0,0.0,0.0,0.0,0.00293,0.0,0.0,0.0,0.00113,0.0,0.0,0.0,0.0,0.0,0.0,0.0,0.0,0.0,0.0,0.0,0.0,0.0,0.0,0.0,0.0,0.0,0.0,0.02085,0.0,0.0,0.0,0.0,0.0,0.0,0.0,0.0,0.0,0.0,0.0,0.0,0.0,0.01341,0.05359,0.0,0.0,0.0,0.0,0.0,0.0,0.0,0.0,0.0,0.0,0.0,0.0,0.0,0.0,0.0,0.0,0.0,0.0,0.0,0.0,0.0,0.0,0.0,0.00487,0.0,0.0,0.0,0.0,0.0,0.0,0.0,0.0,0.00258,0.0,0.0,0.00127,0.0,0.0,0.0,0.0,0.0,0.0,0.0,0.0,0.0,0.0,0.0,0.0,0.0,0.0,0.0,0.0,0.0,0.0,0.0,0.0,0.0,0.0,0.0,0.0,0.0,0.0,0.0,0.0,0.0,0.0,0.0,0.00208,0.0,0.0,0.0,0.0,0.0,0.00042,0.0,0.0423,0.0,0.0,0.0,0.0,0.0,0.0,0.0,0.0,0.0,0.09737,0.0,0.0,0.0,0.0,0.0,0.0,0.0,0.0,0.0,0.0,0.0,0.0,0.0,0.0,0.0,0.0,0.0,0.00067,0.0,0.0,0.0,0.0,0.0,0.0,0.0,0.0,0.0,0.0,0.0,0.00734,0.0,0.0,0.0,0.0,0.0,0.0,0.0,0.0,0.0,0.0,0.0,0.0,0.0,0.0,0.0,0.0,0.0,0.0,0.0,0.0,0.0,0.0,0.0,0.0,0.0,0.0,0.0,0.0,0.0,0.0,0.0,0.0,0.0,0.0,0.0,0.0,0.0,0.0,0.00035,0.03764,0.00053
SRR2143648,0.0,0.0,0.0,0.0,0.0,0.0,0.0,0.00138,0.0,0.00067,0.0,0.0,0.0,0.0,0.0,0.1964,0.0,0.05194,0.0,0.0,0.0,0.0,0.0,0.0,0.0,0.0,0.0,0.00415,0.0,0.0,0.0,0.03127,0.1237,0.0,0.0,0.00091,0.0,0.0,0.0,0.0,0.0,0.0,0.0,0.0,0.0,0.0,0.0,0.0,0.0,0.0,0.0,0.0,0.0,0.0,0.0,0.0,0.0,0.0,0.0,0.0,0.0,0.0,0.0,0.00044,0.0,0.0,0.0,0.00208,0.02316,0.0,0.0,0.07644,0.0,0.0,0.0,0.0,0.0,0.0,0.0,0.0,0.0,0.0,0.0,0.0,0.0,0.0,0.10183,0.0,0.0,0.0,0.0,0.0,0.0,0.0,0.0,0.0,0.0,0.0,0.0,0.0,0.15105,0.00826,0.0,0.0,0.0,0.0,0.0,0.0,0.0,0.0,0.0,0.0,0.0,0.0,0.0,0.0,0.0,0.0,0.0,0.0,0.0,0.0,0.0,0.0,0.0,0.02389,0.0,0.0,0.0,0.0,0.0,0.0,0.0,0.0,0.0043,0.0,0.0,0.0,0.0,0.0,0.0,0.0,0.0,0.0,0.0,0.0,0.0,0.0,0.0,0.0,0.0,0.0,0.0,0.0,0.00044,0.0,0.0,0.0,0.0,0.0,0.0,0.0,0.0,0.00038,0.0,0.0,0.0,0.0,0.00079,0.0,0.0,0.0,0.0,0.0,0.0,0.0,0.0,0.0,0.0,0.00729,0.0,0.01013,0.0,0.0,0.0,0.0,0.0,0.00384,0.0,0.0,0.0,0.0,0.0,0.0,0.0,0.0,0.0,0.0,0.0,0.0,0.0,0.0,0.0,0.0,0.0,0.0,0.0,0.0,0.0,0.0,0.0,0.0,0.0,0.0,0.0,0.0,0.0,0.00228,0.0,0.0,0.0,0.0,0.0,0.0,0.0,0.0,0.0,0.0,0.0,0.0,0.0,0.02292,0.0,0.0,0.0,0.0,0.0,0.0,0.0,0.0,0.0,0.0,0.0,0.0,0.0,0.0,0.0,0.0,0.0,0.0,0.0,0.0,0.0,0.0,0.00073,0.0,0.00094,0.14786,0.0
SRR2143650,0.0,0.0,0.0,0.0,0.0,0.0,0.0,0.00109,0.0,0.04929,0.00055,0.042660000000000003,0.0,0.0,0.0,0.06629,0.0,0.04803,0.0,0.0,0.0,0.0,0.0,0.0,0.0,0.00064,0.0,0.12743000000000002,0.0,0.0,0.0,0.0,0.08061,0.0,0.0,0.0,0.0,0.0,0.0,0.0,0.0,0.0,0.0,0.0,0.0,0.0,0.0,0.0,0.0,0.0,0.0,0.0,0.0,0.0,0.0,0.0,0.0,0.0,0.0019,0.0,0.0,0.0,0.0,0.00701,0.0,0.0,0.0,0.00147,0.0,0.0,0.0,0.044629999999999996,0.0,0.0,0.0,0.0,0.0,0.0,0.0,0.0,0.0,0.0,0.0,0.0,0.0,0.0,0.04268,0.0,0.0,0.0,0.0,0.0,0.0,0.0,0.0,0.0,0.01461,0.0,0.00114,0.0,0.03,0.04603,0.0,0.0,0.0,0.0,0.0,0.0,0.00045,0.0,0.0,0.0,0.0,0.0,0.0,0.0,0.00095,0.0,0.0,0.0,0.0,0.0,0.0,0.0,0.0,0.00542,0.0,0.0,0.0,0.0,0.0,0.0,0.0,0.0,0.0134,0.0,0.0,0.0039,0.0,0.0,0.0,0.0,0.0,0.0,0.0,0.0,0.0,0.0,0.0,0.0,0.0,0.0,0.00045,0.0,0.0,0.0,0.002,0.0,0.0,0.0,0.0,0.0,0.0,0.0,0.0,0.0,0.0,0.0,0.0,0.00993,0.0,0.0,0.0,0.0,0.0,0.00857,0.0,0.03962,0.0,0.0,0.0,0.01971,0.0,0.0,0.0,0.0,0.0138,0.04719,0.0,0.0,0.0,0.0,0.0,0.0,0.0,0.0,0.0,0.0,0.0,0.0,0.0,0.0,0.00031,0.0,0.00185,0.00043,0.0,0.0,0.0,0.0,0.0,0.0,0.0,0.0,0.0,0.0,0.0,0.0167,0.0,0.0,0.0,0.0,0.0,0.0,0.15411999999999998,0.0,0.0,0.0,0.0,0.0,0.0,0.0,0.0,0.0,0.0,0.0,0.0,0.0,0.0,0.0,0.0,0.00185,0.0,0.0,0.0,0.0,0.0,0.0,0.0,0.00375,0.0,0.0,0.0,0.0,0.0,0.0,0.00033,0.04437,0.0
SRR2143652,0.0,0.01303,0.0,0.0,0.0003,0.0,0.0,0.0,0.0,0.00482,0.0,0.0196,0.0,0.0,0.0,0.0375,0.0,0.0021,0.0,0.0,0.0,0.0,0.0,0.0,0.0,0.00025,0.0,0.028749999999999998,0.00258,0.0,0.0,0.00061,0.08472,0.0,0.0,0.0,0.0,0.0,0.0006399999999999999,0.0,0.0,0.0,0.0,0.0,0.0,0.0,0.0,0.0,0.0,0.0,0.0,0.0,0.0,0.0,0.0,0.0,0.0,0.0,0.0,0.0,0.0,0.0,0.0,0.00016,0.0,0.00676,0.0,0.0,0.1129,0.0,0.00018,0.0,0.00025,0.0,0.0,0.0,0.0,0.0,0.0,0.0,0.0,0.0,0.0,0.0,0.0,0.0,0.01453,0.0,0.0,0.0,0.00144,0.00257,0.0,0.0,0.0,0.0,0.02123,0.0,0.0,0.0,0.0,0.00489,0.0,0.0,0.0,0.0,0.0,0.0,0.0,0.0,0.0,0.0,0.0,0.0,0.0,0.0,0.0,0.0,0.0,0.0,0.0,0.0,0.0,0.00049,0.0,0.00904,0.0,0.0,0.0,0.0,0.00182,0.0,0.0,0.0,0.00136,0.0,0.0,0.0,0.0,0.0,0.0,0.0,0.0,0.00072,0.0,0.0,0.0,0.0,0.0,0.00059,0.0,0.0,0.00018,0.08611,0.0,0.0,0.00023,0.0,0.00113,0.0,0.0,0.0,0.0,0.0,0.0,0.0,0.0,0.0,0.0,0.00136,0.0,0.0,0.0,0.0,0.0,0.01567,0.0,0.00442,0.0,0.00215,0.0,0.0,0.0,0.0,0.0,0.00021,0.00141,0.00425,0.0,0.0,0.0,0.0,0.0,0.0,0.0,0.0,0.0,0.0,0.0,0.0,0.0,0.0,0.0,0.0,0.0,0.00343,0.23699,0.0,0.0,0.00115,0.0,0.00057,0.00087,0.0,0.00112,0.0,0.0,0.06173,0.0,0.0,0.0,0.0,0.0,0.0,0.11946,0.0,0.0,0.0,0.0,0.0,0.0,0.0,0.0,0.0,0.0,0.0,0.0,0.0,0.0,0.00067,0.0,0.0,0.0,0.00021,0.0,0.0,0.0,0.0,0.0,0.05957,0.00199,0.0,0.00043,0.0,0.0,0.00706,0.00023,0.00095,0.0
SRR2143653,0.0,0.0,0.0,0.0,0.0,0.0,0.0,0.0008,0.0,0.00054,0.0,0.03209,0.0,0.0,0.0,0.06496,0.0,0.01179,0.0,0.0,0.0,0.0,0.0,0.0,0.0,0.0027,0.0,0.1174,0.01009,0.0,0.0,0.1029,0.10446000000000001,0.0,0.0,0.00058,0.0,0.0,0.00044,0.0,0.0,0.0,0.0,0.0,0.0,0.0,0.0,0.0,0.0,0.0,0.0,0.0,0.0,0.0,0.0,0.0,0.0,0.0,0.0,0.0,0.0,0.0,0.0,0.00348,0.0,0.0,0.0,0.0,0.00604,0.0,0.0,0.043859999999999996,0.0,0.0,0.0,0.0,0.0,0.0,0.0,0.0,0.0,0.0,0.0,0.0,0.0,0.0,0.03992,0.0,0.0,0.0,0.0,0.00093,0.0,0.0,0.0,0.0,0.02522,0.0,0.00073,0.0,0.02775,0.04942,0.0,0.0,0.0,0.0,0.0,0.0,0.0,0.0,0.0,0.0,0.0,0.0,0.0,0.0,0.0,0.0,0.0,0.0,0.0,0.0,0.0,0.0,0.0,0.00692,0.0,0.0,0.0,0.0,0.00037,0.0,0.0,0.0,0.00848,0.0,0.0,0.0,0.0,0.0,0.0,0.0,0.0,0.0,0.0,0.0,0.0,0.0,0.0,0.00526,0.0,0.02754,0.0,0.0,0.0,0.0,0.0,0.0,0.0,0.0,0.0,0.0,0.0,0.0,0.0,0.0,0.00034,0.0,0.0,0.00027,0.0,0.0,0.0,0.0,0.0,0.00763,0.0,0.0,0.0,0.0,0.0,0.0,0.0,0.0,0.0,0.0,0.00897,0.00509,0.0,0.0,0.0,0.0,0.0,0.0,0.0,0.0,0.0,0.0,0.0,0.0,0.0,0.0,0.0,0.0,0.0,0.00122,0.14236,0.0,0.0,0.0,0.0,0.0,0.0,0.0,0.00539,0.0,0.0,0.00902,0.0,0.0,0.0,0.0,0.0,0.0,0.0,0.0,0.0,0.0,0.0,0.0,0.0,0.0,0.0,0.0,0.0,0.0,0.0,0.0,0.0,0.00071,0.0,0.00032,0.0,0.0,0.0,0.0,0.0,0.0,0.0,0.00071,0.00171,0.0,0.0,0.0,0.0,0.04008,0.00037,0.07839,0.0
SRR2143654,0.0,0.0,0.0,0.0,0.0,0.0,0.0,0.0,0.0,0.0,0.0,0.00937,0.0,0.0,0.0,0.05652,0.0,0.04934,0.0,0.0,0.00071,0.0,0.01269,0.0,0.0,0.0,0.0,0.044289999999999996,0.00484,0.0,0.0,0.0,0.13452,0.0,0.0,0.0,0.0,0.0,0.0,0.0,0.0,0.0,0.0,0.0,0.0,0.0,0.0,0.0,0.0,0.0,0.0,0.0,0.0,0.0,0.0,0.0,0.0,0.0,0.0,0.0,0.0,0.0,0.0,0.00078,0.0,0.0,0.0,0.00198,0.02008,0.0,0.00209,0.06319999999999999,0.0018,0.0,0.0,0.0,0.0,0.0,0.0,0.0,0.0,0.0,0.0,0.0,0.0,0.0,0.00601,0.0,0.0,0.0,0.0017699999999999999,0.0,0.0,0.0,0.0,0.0,0.0,0.0,0.01432,0.0,0.0,0.07871,0.0,0.0,0.0,0.0,0.0,0.0,0.00205,0.0,0.00357,0.0,0.0,0.0,0.0,0.0,0.0,0.0,0.0,0.0,0.0,0.0,0.0,0.00131,0.0,0.00774,0.0,0.0,0.0,0.0,0.0,0.0,0.0,0.0,0.01032,0.0,0.0,0.00551,0.0,0.0,0.0,0.0,0.0,0.00057,0.0,0.0,0.0,0.0,0.0,0.00414,0.0,0.0,0.0,0.0,0.0,0.0,0.00403,0.0,0.0,0.0,0.0,0.0,0.0,0.00042,0.0,0.0,0.0,0.0,0.0,0.0,0.0,0.0,0.00901,0.0,0.0,0.01516,0.0,0.00611,0.0,0.0,0.0,0.0,0.0,0.0,0.0,0.0,0.0,0.05765,0.0,0.0,0.0,0.0,0.0,0.0,0.0,0.0,0.0,0.0,0.0,0.0,0.0,0.01697,0.0,0.0,0.010669999999999999,0.00908,0.0,0.0,0.0,0.0,0.0,0.0,0.0,0.0,0.0,0.0,0.0,0.05627,0.0,0.0,0.0,0.0,0.0,0.0,0.0,0.0,0.0,0.0,0.0,0.0,0.0,0.0,0.0,0.0,0.0,0.0,0.0,0.0,0.0,0.0,0.0,0.00269,0.0,0.0,0.0,0.0,0.0,0.0,0.0,0.18641,0.0,0.0,0.0,0.0,0.0,0.0,0.00099,0.07645,0.0
SRR2143656,0.0,0.0,0.0,0.0,0.0,0.0,0.0,0.0,0.0,0.02661,0.0,0.06397,0.0,0.0,0.0,0.05304,0.0,0.04252,0.0,0.0,0.0,0.0,0.0,0.0,0.0,0.00196,0.0,0.17416,0.00482,0.0,0.0,0.0,0.10154,0.0,0.0,0.0,0.0,0.0,0.00034,0.0,0.0,0.0,0.0,0.0,0.0,0.0,0.0,0.0,0.0,0.0,0.0,0.0,0.0,0.0,0.0,0.0,0.0,0.0,0.0,0.0,0.0,0.0,0.0,0.00168,0.0,0.0,0.0,0.0,0.0086,0.0,0.00127,0.009819999999999999,0.0,0.0,0.0,0.0,0.0,0.0,0.0,0.0,0.0,0.00059,0.0,0.0,0.0,0.0,0.01663,0.0,0.0,0.0,0.0033,0.0,0.0,0.0,0.0,0.0,0.0086,0.0,0.0,0.0,0.01212,0.02528,0.0,0.0,0.0,0.0,0.0,0.0,0.02327,0.0,0.0,0.0,0.0,0.0,0.0,0.0,0.0,0.0,0.0,0.0,0.0,0.0,0.0,0.0,0.0,0.00494,0.0,0.0,0.0,0.00053,0.0,0.0,0.0,0.0,0.01188,0.0,0.0,0.00047,0.0,0.0,0.0,0.0,0.0,0.0,0.0,0.0,0.0,0.0,0.0,0.00372,0.0,0.0,0.00038,0.0,0.0,0.0,0.0,0.0,0.0,0.0,0.0,0.0,0.0,0.00024,0.0,0.0,0.0,0.0,0.0,0.00805,0.0,0.0,0.00111,0.0,0.0,0.00534,0.0,0.05523,0.0,0.0,0.0,0.00445,0.0,0.0,0.0,0.00038,0.02682,0.18423,0.0,0.0,0.0,0.0,0.0,0.0,0.0,0.0,0.0,0.0,0.0,0.0,0.0,0.0,0.0,0.0,0.01485,0.00083,0.0,0.0,0.0,0.0,0.0,0.0,0.0,0.0,0.0,0.0,0.0,0.0293,0.0,0.0,0.0,0.0,0.0,0.0,0.0,0.0,0.0,0.0,0.0,0.0,0.0,0.0,0.0,0.0,0.0,0.0,0.0,0.0,0.0,0.0,0.0,0.00055,0.0,0.0,0.0,0.0,0.0,0.0,0.0,0.00284,0.0,0.0,0.0,0.0,0.0,0.0,0.0,0.03845,0.00112
SRR2143657,0.0,0.0,0.0,0.0,0.0,0.0,0.0,0.00039,0.0,0.01199,0.0,0.03528,0.0,0.0,0.0,0.09282,0.0,0.0822,0.0,0.0,0.00027,0.0,0.00267,0.0,0.0,0.00098,0.0,0.11875,0.01331,0.0,0.0,0.0,0.059109999999999996,0.0,0.0,0.0,0.0,0.0,0.0,0.0,0.0,0.0,0.0,0.0,0.0,0.0,0.0,0.0,0.0,0.0,0.0,0.0,0.0,0.0,0.0,0.0,0.0,0.0,0.0,0.0,0.0,0.0,0.0,0.00044,0.0,0.0,0.0,0.02839,0.0,0.0,0.00112,0.00293,0.0,0.0,0.0,0.0,0.0,0.0,0.0,0.0,0.0,0.0,0.00655,0.0,0.0,0.0,0.00753,0.0,0.0,0.0,0.01681,0.0,0.0,0.0,0.0,0.0,0.0,0.00057,0.00559,0.0,0.00987,0.14819,0.0,0.0,0.0,0.0,0.0,0.0,0.00338,0.0,0.0,0.0,0.0,0.0,0.0,0.0,0.0,0.0,0.0,0.0,0.0,0.0,0.0,0.0,0.0,0.00808,0.0,0.0,0.0,0.00037,0.0,0.0,0.0,0.0,0.00863,0.0,0.0,0.00139,0.0,0.0,0.0,0.0,0.0,0.00146,0.0,0.0,0.0,0.0,0.0,0.00142,0.0,0.0,0.00034,0.0,0.0,0.0,0.00165,0.0,0.0,0.0,0.0,0.0,0.0,0.00023,0.0,0.0,0.0,0.0,0.0,0.0,0.0,0.0,0.00037,0.00274,0.0,0.00363,0.0,0.03271,0.0,0.0,0.0,0.0,0.0,0.0,0.0,0.0108,0.04522,0.03775,0.0,0.0,0.0,0.0,0.0,0.0,0.0,0.0,0.0,0.0,0.0,0.0,0.0,0.0,0.0,0.0,0.0068,0.0,0.0,0.0,0.0,0.00044,0.00391,0.0,0.0,0.0,0.0,0.0,0.0,0.0745,0.0,0.0,0.00125,0.001,0.0,0.0,0.0,0.0,0.0,0.0,0.00039,0.0,0.0,0.0,0.0,0.0,0.0,0.0,0.0,0.0,0.0,0.0,0.0,0.00283,0.0,0.0,0.0,0.0,0.0,0.0,0.0,0.04949,0.0,0.0,0.0,0.0,0.0,0.0,0.00027,0.04408,0.0
SRR2143659,0.0,0.0,0.0,0.0,0.0,0.0,0.0,0.00051,0.0,0.11012,0.0,0.00554,0.0,0.0,0.0,0.03605,0.0,0.12945,0.0,0.0,0.0,0.0,0.0,0.0,0.0,0.00141,0.0,0.02708,0.00307,0.0,0.0,0.00221,0.09069,0.0,0.0,0.00071,0.0,0.0,0.00022,0.0,0.0,0.0,0.0,0.0,0.0,0.0,0.0,0.0,0.0,0.0,0.0,0.0,0.0,0.0,0.0,0.0,0.0,0.0,0.0,0.0,0.00208,0.0,0.0,0.00241,0.0,0.0,0.0,0.00475,0.05071,0.0,0.0,0.01185,0.0,0.0,0.0,0.0,0.0,0.0,0.0,0.0,0.0,0.0,0.0,0.0,0.00496,0.0,0.05864,0.0,0.0,0.0,0.00296,0.0,0.0,0.0,0.0,0.0,0.0,0.0,0.00427,0.0,0.01232,0.02042,0.0,0.0,0.0,0.0,0.0,0.0,0.0006,0.0,0.00871,0.0,0.0,0.0,0.0,0.00047,0.0,0.0,0.0,0.0,0.0,0.0,0.0,0.00177,0.0,0.00849,0.0,0.0,0.00049,0.0,0.0,0.0,0.0,0.0,0.00148,0.0,0.0,0.00111,0.0,0.0,0.0,0.0,0.0,0.00674,0.0,0.0,0.0,0.0,0.0,0.00126,0.0,0.0,0.00024,0.0,0.0,0.0,0.00144,0.0,0.0,0.0,0.0,0.0,0.0,0.0,0.0,0.0,0.0,0.0,0.00024,0.00033,0.0,0.0,0.0,0.0,0.0,0.0098,0.0,0.00281,0.0,0.0,0.0098,0.00204,0.0,0.0,0.0,0.0,0.0,0.02745,0.0,0.03253,0.0,0.0,0.0,0.0,0.00376,0.0,0.0,0.0,0.0,0.0,0.0,0.0,0.00049,0.0,0.00078,0.00201,0.0,0.0,0.0,0.0,0.0,0.0,0.0,0.0,0.0,0.0,0.0,0.02864,0.0,0.0,0.0,0.0,0.0,0.0,0.14931,0.0,0.0,0.0,0.00022,0.0,0.0,0.0255,0.0,0.0,0.0,0.0,0.0,0.0,0.0,0.0,0.0,0.0046,0.0,0.0,0.0,0.0,0.0,0.0,0.0,0.02951,0.0,0.0,0.0002,0.0,0.0,0.0,0.00081,0.02802,0.0
SRR2143662,0.0,0.0,0.0,0.0,0.0,0.0,0.0,0.00123,0.0,0.17258,0.0,0.0,0.0,0.0,0.0,0.03594,0.0,0.021580000000000002,0.0,0.0,0.0,0.0,0.0,0.0,0.0,0.0,0.0,0.32192,0.0,0.0,0.0,0.00019,0.065,0.0,0.0,0.0,0.0,0.0,0.0,0.0,0.0,0.0,0.0,0.0,0.0,0.0,0.0,0.0,0.0,0.0,0.0,0.0,0.0,0.0,0.0,0.0,0.0,0.0,0.0,0.0,0.0,0.0,0.0,0.00038,0.0,0.0,0.0,0.0,0.01354,0.0,0.0,0.05261,0.0,0.0,0.0,0.0,0.0,0.0,0.0,0.0,0.0,0.00188,0.0,0.0,0.0,0.0,0.00722,0.0,0.0,0.0,0.00041,0.0,0.0,0.0,0.0,0.0,0.0,0.0,0.00026,0.0,0.00153,0.00598,0.0,0.0,0.0,0.0,0.0,0.0,0.01161,0.0,0.0,0.0,0.0,0.0,0.0,0.0,0.0,0.0,0.0,0.0,0.0,0.0,0.0,0.00143,0.0,0.00246,0.0,0.0,0.0,0.00031,0.0,0.0,0.0,0.0,0.02317,0.0,0.0,0.00111,0.0,0.0,0.0,0.0,0.0,0.0,0.0003,0.0,0.0,0.0,0.0,0.0,0.0,0.0,0.0,0.0,0.0,0.0,0.0,0.0,0.0,0.0,0.0,0.0,0.0,0.00025,0.0,0.0,0.0,0.0,0.00031,0.0,0.0,0.0,0.00811,0.0,0.0,0.02573,0.0,0.00961,0.0,0.0,0.0,0.0,0.0,0.0,0.0,0.00032,0.0,0.05559,0.0,0.0,0.0,0.0,0.0,0.0,0.0,0.0,0.0,0.0,0.0,0.0,0.0,0.0,0.00075,0.0,0.0,0.00299,0.0,0.0,0.0,0.0,0.0,0.0,0.0,0.0,0.0,0.0,0.0,0.03891,0.0,0.0,0.0,0.0,0.0,0.0,0.06223,0.0,0.0,0.0,0.0,0.0,0.0,0.00707,0.0,0.0,0.0,0.0,0.0,0.0,0.0,0.0,0.0,0.0,0.00272,0.0,0.0,0.0,0.0,0.0,0.0,0.0016,0.0,0.0,0.00028,0.0,0.01919,0.0,0.0005,0.01975,0.0011
SRR2143663,0.0,0.0,0.0,0.0,0.0,0.0,0.0,0.0,0.0,0.0,0.0,0.0151,0.0,0.0,0.0,0.08416,0.0,0.11212,0.0,0.0,0.0,0.0,0.0,0.0,0.0,0.00074,0.0,0.015300000000000001,0.00044,0.0,0.0,0.05953,0.18957000000000002,0.0,0.0,0.00067,0.0,0.0,0.0,0.0,0.0,0.0,0.0,0.0,0.0,0.0,0.0,0.0,0.0,0.0,0.0,0.0,0.0,0.0,0.0,0.0,0.0,0.0,0.0,0.0,0.0,0.0,0.0,0.00185,0.0,0.0,0.0,0.0,0.04046,0.0,0.0,0.0,0.0,0.0,0.0,0.0,0.0,0.0,0.0,0.0,0.0,0.0,0.0,0.0,0.00047,0.0,0.02149,0.0,0.0,0.0,0.0,0.0,0.0,0.0,0.0,0.0,0.0,0.0,0.0,0.0,0.0,0.03514,0.0,0.0,0.0,0.0,0.0,0.0,0.0,0.0,0.0249,0.0,0.0,0.0,0.0,0.0,0.0,0.0,0.0,0.0,0.0,0.0,0.0,0.0,0.0,0.01378,0.0,0.0,0.0,0.0,0.0,0.0,0.0,0.0,0.00957,0.0,0.0,0.00037,0.0,0.0,0.0,0.0,0.0,0.0,0.0,0.0,0.0,0.0,0.0,0.00115,0.0,0.0,0.0,0.0,0.0,0.0,0.0,0.0,0.0,0.0,0.0,0.0,0.0,0.0004,0.0,0.0,0.0,0.0,0.0,0.0,0.0,0.0,0.0,0.0,0.0,0.00499,0.0,0.00101,0.0,0.00859,0.0,0.0,0.0,0.0,0.00057,0.00044,0.00771,0.00873,0.0,0.02887,0.0,0.0,0.0,0.0,0.0,0.0,0.0,0.0,0.0,0.0,0.0,0.0,0.0,0.0,0.0,0.00067,0.0,0.0,0.0,0.04396,0.0,0.0,0.0,0.0,0.0,0.0,0.0,0.05175,0.0,0.0,0.0,0.0,0.0,0.0,0.00317,0.0,0.0,0.0,0.0,0.0,0.0,0.0,0.0,0.0,0.0,0.0,0.0,0.0,0.0,0.0,0.0,0.00152,0.0,0.0,0.0,0.0,0.0,0.0,0.0,0.0031,0.0,0.0,0.0,0.0,0.0,0.0,0.00074,0.14005,0.0
SRR2143664,0.0,0.0,0.0,0.0,0.0,0.0,0.0,0.00073,0.0,0.015,0.0,0.007350000000000001,0.0,0.0,0.0,0.0236,0.0,0.06812,0.0,0.0,0.0,0.0,0.0,0.0,0.0,0.0,0.0,0.058530000000000006,0.0,0.0,0.0,0.02187,0.06537,0.0,0.0,0.0,0.0,0.0,0.0,0.0,0.0,0.0,0.0,0.0,0.0,0.0,0.0,0.0,0.0,0.0,0.0,0.0,0.0,0.0,0.0,0.0,0.0,0.0,0.02373,0.0,0.0,0.0,0.0,0.00105,0.0,0.0,0.03663,0.05557,0.0,0.0,0.00067,0.027880000000000002,0.0,0.0,0.0,0.0,0.0,0.0,0.0,0.0,0.0,0.0,0.0,0.0,0.0,0.0,0.09856,0.0,0.0,0.0,0.0,0.0,0.0,0.0,0.0,0.0,0.0,0.0,0.00547,0.0,0.01379,0.04929,0.0,0.0,0.0,0.0,0.0,0.0,0.0,0.0,0.0,0.0,0.0,0.0,0.0,0.0,0.0,0.0,0.0,0.0,0.0,0.00054,0.0,0.0,0.0,0.01156,0.00369,0.0,0.0,0.0,0.00372,0.0,0.0,0.0,0.02505,0.0,0.0,0.0021,0.0,0.0,0.0,0.0,0.0,0.0,0.0,0.0,0.0,0.0,0.0,0.00428,0.0,0.0,0.0,0.0,0.0,0.0,0.00183,0.0,0.0,0.0,0.0,0.0,0.0,0.0003,0.0,0.0,0.0,0.0,0.0,0.0,0.0,0.0,0.0,0.0,0.0,0.00323,0.0,0.00084,0.0,0.001,0.0,0.0,0.0,0.0,0.0,0.0,0.00232,0.05837,0.0,0.0,0.0,0.0,0.0,0.0,0.0,0.0,0.0,0.0,0.0,0.0,0.0,0.0,0.0,0.0,0.01088,0.00073,0.02039,0.0,0.00213,0.0,0.0,0.0,0.0,0.0,0.0,0.0,0.0,0.0483,0.0,0.0,0.0,0.0,0.0,0.0,0.00286,0.0,0.0,0.0,0.0,0.0,0.0,0.13689,0.0,0.0,0.0,0.0,0.0,0.0,0.0,0.0,0.0,0.0038599999999999997,0.0,0.0,0.0,0.0,0.0,0.0,0.0,0.00272,0.0,0.0,0.0,0.0,0.0,0.0,0.0,0.038709999999999994,0.0
SRR2143665,0.0,0.0,0.0,0.0,0.0,0.0,0.0,0.00089,0.0,0.00757,0.0,0.01781,0.0,0.0,0.0,0.03785,0.0,0.02469,0.0,0.0,0.0,0.0,0.00498,0.0,0.0,0.0,0.0,0.10908,0.0,0.0,0.0,0.01946,0.11610000000000001,0.0,0.0,0.00047,0.0,0.0,0.0,0.0,0.0,0.0,0.0,0.0,0.0,0.0,0.0,0.0,0.0,0.0,0.0,0.0,0.0,0.0,0.0,0.0,0.0,0.0,0.0,0.0,0.00021,0.0,0.0,0.00028,0.0,0.0,0.0,0.0,0.0243,0.0,0.0,0.05845,0.0,0.0,0.0,0.0,0.0,0.0,0.0,0.0,0.0,0.0,0.0,0.0,0.0,0.0,0.051919999999999994,0.0,0.0,0.0,0.0,0.0,0.0,0.0,0.0,0.0,0.00344,0.0,0.00814,0.0,0.01697,0.02001,0.0,0.0,0.0,0.0,0.0,0.0,0.00036,0.0,0.0,0.0,0.0,0.0,0.0,0.0,0.0,0.0,0.0,0.0,0.0,0.0,0.0,0.0,0.0,0.00895,0.00257,0.0,0.0,0.0,0.0,0.0,0.0,0.0,0.00387,0.0,0.0,0.0,0.0,0.0,0.0,0.0,0.0,0.0,0.0,0.0,0.0,0.0,0.0,0.00083,0.0,0.0,0.00068,0.0,0.00023,0.0,0.0007,0.0,0.0,0.0,0.0,0.0,0.0,0.00045,0.0,0.0,0.0,0.0,0.0,0.00208,0.0,0.0,0.00062,0.0,0.0,0.0003,0.0,0.0,0.0,0.00734,0.00064,0.01159,0.0,0.0,0.00066,0.00047,0.00268,0.02752,0.0,0.0,0.0,0.0,0.0,0.0,0.00191,0.0,0.0,0.0,0.0,0.0,0.0,0.0,0.00087,0.0,0.00049,0.0,0.0,0.0,0.0,0.0,0.0,0.0,0.0,0.0,0.0,0.0,0.0,0.20409,0.0,0.0,0.0,0.0,0.0,0.0,0.05501,0.0,0.0,0.0,0.0,0.0,0.0,0.0,0.0,0.0,0.0,0.0,0.0,0.0,0.0,0.0,0.0,0.0004,0.0,0.0,0.0,0.0,0.0,0.0,0.0,0.01508,0.0,0.0,0.0,0.0,0.0,0.0,0.0,0.12358999999999999,0.0
SRR2143666,0.0,0.0,0.0,0.0,0.0,0.0,0.0,0.0,0.0,0.00091,0.0,0.10550000000000001,0.0,0.0,0.0,0.02442,0.0,0.0155,0.0,0.0,0.0,0.0,0.00524,0.0,0.0,0.0,0.0,0.1351,0.00636,0.0,0.0,0.0,0.04498,0.0,0.0,0.00036,0.0,0.0,0.00048,0.0,0.0,0.0,0.0,0.0,0.0,0.0,0.0,0.0,0.0,0.0,0.0,0.0,0.0,0.0,0.0,0.0,0.0,0.0,0.00336,0.0,0.00182,0.0,0.0,0.00245,0.0,0.0,0.0,0.054560000000000004,0.0,0.0,0.00064,0.05523,0.0,0.0,0.0,0.0,0.0,0.0,0.0,0.0,0.0,0.0,0.0,0.0,0.0,0.0,0.03756,0.0,0.0,0.0,0.0,0.0,0.0,0.0,0.0,0.0,0.0,0.0,0.00206,0.0,0.00493,0.02921,0.0,0.0,0.0,0.0,0.0,0.0,0.00064,0.0,0.0,0.0,0.0,0.0,0.0,0.0,0.0,0.0,0.0,0.0,0.0,0.0,0.0,0.0,0.0,0.00748,0.0,0.0,0.0,0.0,0.0,0.0,0.0,0.0,0.04443,0.0,0.0,0.00073,0.0,0.0,0.0,0.0,0.0,0.0,0.0,0.0,0.0,0.0,0.0,0.0,0.0,0.0,0.0,0.0,0.0,0.0,0.0,0.0,0.0,0.0,0.0,0.0,0.0,0.0,0.0,0.0,0.0,0.0,0.0,0.02152,0.0,0.0,0.00348,0.0,0.0,0.00154,0.0,0.01489,0.0,0.0,0.0,0.0049,0.0,0.0,0.0,0.00166,0.05538,0.19871,0.0,0.0,0.0,0.0,0.0,0.0,0.0,0.0,0.0,0.0,0.0,0.0,0.0,0.0,0.0,0.0,0.01955,0.0,0.0,0.0,0.00073,0.0,0.0,0.0,0.0,0.0,0.0,0.0,0.0,0.0207,0.0,0.0,0.0,0.0,0.0,0.0,0.0207,0.0,0.0,0.0,0.0,0.0,0.0,0.0,0.0,0.0,0.0,0.0,0.0,0.0,0.0,0.0,0.0,0.0,0.00103,0.0,0.0,0.0,0.0,0.0,0.0,0.01625,0.0,0.0,0.0,0.0,0.0,0.0,0.0,0.01598,0.0003
SRR2143667,0.0,0.0,0.0,0.0,0.0,0.0,0.0,0.00299,0.0,0.0,0.0,0.0,0.0,0.0,0.0,0.14,0.0,0.05693,0.0,0.0,0.0,0.0,0.0,0.0,0.0,0.0,0.0,0.00437,0.0,0.0,0.0,0.0,0.2669,0.0,0.0,0.0,0.0,0.0,0.0,0.0,0.0,0.0,0.0,0.0,0.0,0.0,0.0,0.0,0.0,0.0,0.0,0.0,0.0,0.0,0.0,0.0,0.0,0.0,0.00075,0.0,0.0,0.0,0.0,0.0,0.0,0.0,0.08188,0.06167,0.04615,0.0,0.0,0.05251,0.0,0.0,0.0,0.0,0.0,0.0,0.0,0.0,0.0,0.0,0.0,0.0,0.0,0.0,0.06317,0.0,0.0,0.0,0.0,0.0,0.0,0.0,0.0,0.0,0.0,0.0,0.0,0.0,0.00873,0.00935,0.0,0.0,0.0,0.0,0.0,0.0,0.0,0.0,0.0,0.0,0.0,0.0,0.0,0.0,0.0,0.0,0.0,0.0,0.0,0.0,0.0,0.0,0.0,0.00792,0.0,0.0,0.0,0.0,0.0,0.0,0.0,0.0,0.00355,0.0,0.0,0.0,0.0,0.0,0.0,0.0,0.0,0.0,0.0,0.0,0.0,0.0,0.0,0.00187,0.0,0.0,0.0,0.0,0.0,0.0,0.0,0.0,0.0,0.0,0.0,0.0,0.0,0.00075,0.0,0.0,0.0,0.0,0.00094,0.0,0.0,0.0,0.0,0.0,0.0,0.00355,0.0,0.0,0.0,0.0,0.0,0.00393,0.0,0.0,0.0,0.0,0.001,0.0015,0.0,0.0,0.0,0.0,0.0,0.0,0.0,0.0,0.0,0.0,0.0,0.0,0.0,0.0,0.0,0.0,0.00125,0.0,0.0,0.0,0.01334,0.0,0.0,0.00094,0.0,0.0,0.0,0.0,0.0,0.00399,0.0,0.0,0.0,0.0,0.0,0.0,0.01366,0.0,0.0,0.0,0.0,0.0,0.0,0.0,0.0,0.0,0.0,0.0,0.0,0.0,0.0,0.0,0.0,0.0,0.0,0.0,0.0,0.0,0.0,0.0,0.0,0.0,0.0,0.0,0.0,0.0,0.0,0.0,0.00112,0.14343,0.0
SRR2143668,0.0,0.0,0.0,0.0,0.0,0.0,0.0,0.00026,0.0,0.0,0.0,0.04196,0.0,0.0,0.0,0.02324,0.0,0.06047,0.0,0.0,0.003,0.0,0.0,0.0,0.0,0.00164,0.0,0.14589,0.03489,0.0,0.0,0.00536,0.06192,0.0,0.0,0.0,0.0,0.0,0.00014,0.0,0.0,0.0,0.0,0.0,0.0,0.0,0.0,0.0,0.0,0.0,0.0,0.0,0.0,0.0,0.0,0.0,0.0,0.0,0.00034,0.0,0.0,0.0,0.0,0.00125,0.0,0.0,0.04508,0.01303,0.00206,0.0,0.00475,0.020050000000000002,0.00074,0.0,0.0,0.0,0.0,0.0,0.0,0.0,0.0,0.0,0.0,0.0,0.0,0.0,0.04852,0.0,0.0,0.0,0.00033,0.0,0.0,0.0,0.0,0.0,0.00532,0.0,0.00255,0.0,0.0073,0.03583,0.0,0.0,0.0,0.0,0.0,0.0,0.00041,0.0,0.0,0.0,0.0,0.0,0.0,0.0,0.0004,0.0,0.0,0.0,0.0,0.0,0.0,0.0,0.0,0.00297,0.0,0.0,0.00015,0.0,0.0,0.0,0.0,0.0,0.01516,0.0,0.0,0.00045,0.0,0.0,0.0,0.0,0.0,0.0,0.0,0.0,0.0,0.0,0.0,0.0,0.0,0.0,0.00091,0.0,0.0,0.0,0.00224,0.0,0.0,0.0,0.0,0.0,0.0,0.00016,0.0,0.0,0.0,0.0,0.00022,0.0044,0.0,0.0,0.00079,0.0,0.0,0.00976,0.0,0.06953000000000001,0.0,0.0,0.0,0.00218,0.0,0.0,0.0,0.00024,0.02995,0.12029,0.0,0.0,0.0,0.0,0.0,0.0,0.00053,0.0,0.0,0.0,0.0,0.0,0.0,0.0,0.0,0.0,0.0,0.00162,0.06584,0.0,0.00062,0.0,0.0,0.00054,0.0,0.0,0.0,0.0,0.0,0.02018,0.0,0.0,0.0,0.0,0.0,0.0,0.0,0.0,0.0,0.0,0.0,0.0,0.0,0.00251,0.0,0.0,0.0,0.0,0.0,0.0,0.0,0.0,0.0,0.00105,0.00426,0.0,0.0,0.0,0.0,0.0,0.0,0.00639,0.0,0.0,0.0,0.0,0.0,0.0,0.0004,0.054650000000000004,0.00039
SRR2143669,0.0,0.0,0.0,0.0,0.0,0.0,0.0,0.00055,0.0,0.02149,0.0,0.108,0.0,0.0,0.0,0.02322,0.0,0.01238,0.0,0.0,0.0,0.0,0.0,0.0,0.0,0.00383,0.0,0.29135,0.0,0.0,0.0,0.00012,0.023020000000000002,0.0,0.0,0.0,0.0,0.0,6e-05,0.0,0.0,0.0,0.0,0.0,0.0,0.0,0.0,0.0,0.0,0.0,0.0,0.0,0.0,0.0,0.0,0.0,0.0,0.0,0.0,0.0,0.0,0.0,0.0,0.00848,0.0,0.00071,0.00374,0.00864,0.0,0.0,0.00159,0.03805,0.00017,0.0,0.0,0.0,0.0,0.0,0.0,0.0,0.0,0.0,0.0,0.0,0.0,0.0,0.04796,0.0,0.0,0.00012,0.00866,0.0,0.0,0.0,0.0,0.0,0.00736,0.0,9e-05,0.0,0.00202,0.01236,0.0,0.0,0.0,0.0,0.0,0.0,0.00109,0.0,0.0,0.0,0.0,0.0,0.0,0.0,0.0,0.0,0.0,0.0,0.0,0.0,0.0,0.0056,0.0,0.00795,0.00013,0.0,0.0,6e-05,0.0003,0.0,0.0,0.0,0.01009,0.0,0.0,0.0007,0.0,0.0,0.0,0.0,0.0,0.0,0.0,0.0,0.0,0.0,0.0,0.00112,0.0,0.0,0.00026,0.0,0.0001,0.0,0.00025,0.0,0.0,0.0002,0.0,0.0,0.0,0.0002,0.0,0.0,0.0,0.0,0.00012,0.00925,0.0,0.0,0.00127,0.0,0.0,0.00204,0.0,0.0,0.0,0.00063,0.00015,0.00033,0.0,0.0,7e-05,0.0005,0.00023,0.11537,0.0,0.00011,0.0,6e-05,0.0,0.0,0.00011,0.0,0.0,0.0,0.0,0.0,0.0,0.0,0.0,0.0,0.00283,0.00459,0.02192,0.0,0.00017,0.0,0.0,0.00075,0.0,0.0,0.00044,0.0,0.0,0.04534,0.0,0.0,0.0,0.0,0.0,0.0,0.00218,0.0,0.0,0.0,0.0,0.0,0.0,0.04612,0.0,0.0,0.0,0.0,0.0,0.0,0.0,0.0,0.0,0.00017,0.0,0.0,0.0,0.0,0.0,0.0,0.0,0.018539999999999997,8e-05,0.0,0.00022,0.0,0.0,0.00886,0.00099,0.036199999999999996,0.00021999999999999998
SRR2143670,0.0,0.0,0.0,0.0,0.0,0.0,0.0,0.00121,0.0,0.06092,0.0,0.06416,0.0,0.0,0.0,0.03874,0.0,0.00553,0.0,0.0,0.0,0.0,0.0,0.0,0.0,0.00133,0.0,0.11399999999999999,0.0,0.0,0.0,0.0,0.10511,0.0,0.0,0.00093,0.0,0.0,0.0004,0.0,0.0,0.0,0.0,0.0,0.0,0.0,0.0,0.0,0.0,0.0,0.0,0.0,0.0,0.0,0.0,0.0,0.0,0.0,0.01628,0.0,0.0,0.0,0.0,0.00287,0.0,0.0,0.0,0.0,0.00598,0.0,0.00448,0.01446,0.0004,0.0,0.0,0.0,0.0,0.0,0.0,0.0,0.0,0.0,0.0,0.0,0.0,0.0,0.02586,0.0,0.0,0.0,0.0,0.0,0.0,0.0,0.0,0.0,0.02997,0.0,0.01131,0.0,0.00921,0.07878,0.0,0.0,0.0,0.0,0.0,0.0,0.0,0.0,0.0,0.0,0.0,0.0,0.0,0.0,0.0,0.0,0.0,0.0,0.0,0.0,0.0,0.0,0.0,0.00537,0.00174,0.0,0.0,0.0,0.0,0.0,0.0,0.0,0.02622,0.0,0.0,0.01309,0.0,0.0,0.0,0.0,0.0,0.0,0.0,0.0,0.0,0.0,0.0,0.00133,0.0,0.0,0.0,0.0,0.0,0.0,0.0,0.0,0.0,0.0,0.0,0.0,0.0,0.00048,0.0,0.0,0.0,0.0,0.0,0.00109,0.0,0.0,0.00101,0.0,0.0,0.00319,0.0,0.0,0.0,0.0,0.0,0.0,0.0,0.0,0.0,0.00065,0.08835,0.02537,0.0,0.0,0.0,0.0,0.0,0.0,0.0,0.0,0.0,0.0,0.0,0.0,0.0,0.0,0.0,0.0,0.0,0.00113,0.08063,0.0,0.0,0.0,0.0,0.0,0.0,0.0,0.00844,0.0,0.0,0.04068,0.0,0.0,0.0,0.0,0.0,0.0,0.0,0.0,0.0,0.0,0.0,0.0,0.0,0.0,0.0,0.0,0.0,0.0,0.0,0.0,0.0,0.0,0.0,0.0,0.0,0.0,0.0,0.0,0.0,0.0,0.0,0.00646,0.0,0.0,0.01378,0.0,0.0,0.0,0.00085,0.08391,0.0
SRR2143671,0.0,0.0,0.0,0.0,0.0,0.0,0.0,0.0,0.0,0.11936,0.0,0.01299,0.0,0.0,0.0,0.01912,0.0,0.05468,0.0,0.0,0.00115,0.0,0.00587,0.0,0.0,0.00063,0.0,0.13062,0.00518,0.0,0.0,0.07529,0.028319999999999998,0.0,0.0,0.0,0.0,0.0,0.0,0.0,0.0,0.0,0.0,0.0,0.0,0.0,0.0,0.0,0.0,0.0,0.0,0.0,0.0,0.0,0.0,0.0,0.0,0.0,0.0,0.0,0.0,0.0,0.0,0.00079,0.0,0.0,0.0,0.03877,0.03461,0.0,0.0,0.01141,0.0,0.0,0.0,0.0,0.0,0.0,0.0,0.0,0.0,0.0,0.0,0.0,0.0,0.0,0.01874,0.0,0.0,0.0,0.00133,0.0,0.0,0.0,0.0,0.0,0.0,0.0,0.0011,0.0,0.00708,0.0388,0.0,0.0,0.0,0.0,0.0,0.0,0.00151,0.0,0.0,0.0,0.0,0.0,0.0,0.0,0.0,0.0,0.0,0.0,0.0,0.00014,0.0,0.0,0.0,0.00088,0.00046,0.0,0.0,0.0,0.0,0.0,0.0,0.0,0.00592,0.0,0.0,0.00029,0.0,0.0,0.0,0.0,0.0,0.00045,0.0,0.0,0.0,0.0,0.0,0.0,0.0,0.0,0.00022,0.12195,0.0,0.0,0.0,0.0,0.0,0.0,0.0,0.0,0.0,0.0,0.0,0.0,0.0,0.0,0.0,0.00462,0.0,0.0,0.00114,0.0,0.0,0.00669,0.0,0.01076,0.0,0.01257,0.0,0.0,0.0,0.0,0.0,0.00224,0.00519,0.0466,0.0,0.0,0.0,0.0002,0.0,0.0,0.0,0.0,0.0,0.0,0.0,0.0,0.0,0.0,0.0,0.0,0.0,0.00225,0.0,0.0,0.00025,0.00434,0.00141,0.0,0.0,0.0,0.0,0.0,0.0,0.01604,0.0,0.0,0.0,0.0,0.0,0.0,0.0,0.0,0.0,0.0,0.00025,0.0,0.0,0.01036,0.0,0.0,0.0,0.0,0.0,0.0,0.0,0.0,0.0,0.0,0.00193,0.0,0.0,0.0,0.0,0.0,0.0,0.07613,0.0,0.0,0.0,0.0,0.0,0.0,0.00059,0.02898,0.00047
SRR2143672,0.0,0.00082,0.0,0.0,0.0,0.0,0.0,0.00037,0.0,0.08246,0.0,0.08095999999999999,0.0,0.0,0.0,0.00096,0.0,0.15107,0.0,0.0,0.0,0.0,0.0,0.0,0.0,0.0,0.0,0.17956,0.0,0.0,0.0,0.0,0.11366000000000001,0.0,0.0,0.0,0.0,0.0,0.00026,0.0,0.0,0.0,0.0,0.0,0.0,0.0,0.0,0.0,0.0,0.0,0.0,0.0,0.0,0.0,0.0,0.0,0.0,0.0,0.0,0.0,0.0,0.0,0.0,0.00076,0.0,0.00026,0.0,0.0,0.0,0.0,0.0,0.04682,0.0,0.0,0.0,0.0,0.0,0.0,0.0,0.0,0.0,0.0,0.0,0.0,0.0,0.0,0.0057,0.0,0.0,0.0,0.00035,0.0,0.0,0.0,0.0,0.0,0.0,0.0,0.0,0.0,0.01683,0.07509,0.0,0.0,0.0,0.0,0.0,0.0,0.0017,0.0,0.0,0.0,0.0,0.0,0.0,0.00089,0.0,0.0,0.0,0.0,0.0,0.0,0.0,0.00066,0.0,0.00698,0.0,0.0,0.00055,0.0,0.0,0.0,0.0,0.0,0.00324,0.0,0.0,0.0,0.0,0.0,0.0,0.0,0.0,0.00134,0.0,0.0,0.0,0.0,0.0,0.00832,0.0,0.0,0.00063,0.0,0.0,0.0,0.0,0.0,0.0,0.0,0.0,0.0,0.0,0.00018,0.0,0.0,0.0,0.0,0.00035,0.00729,0.0,0.0,0.0,0.0,0.0,0.01714,0.0,0.036849999999999994,0.0,0.0,0.0,0.00871,0.0,0.0,0.0,0.00022,0.03211,0.07597,0.0,0.0,0.0,0.0,0.0,0.0,0.00213,0.0,0.0,0.0,0.0,0.0,0.0,0.0,0.0,0.0,0.0006000000000000001,0.00419,0.0,0.0,0.0,0.0,0.0,0.00062,0.0,0.0,0.0,0.0,0.0,0.01418,0.0,0.0,0.0,0.0,0.0,0.0,0.0,0.0,0.0,0.0,0.0,0.0,0.0,0.0,0.0,0.0,0.0,0.0,0.0,0.0,0.0,0.0,0.0,0.0,0.0,0.0,0.0,0.0,0.0,0.0,0.0,0.00217,0.0,0.0,0.00022,0.0,0.0,0.0,0.00057,0.00447,0.0005200000000000001
SRR2143677,0.0,0.0,0.0,0.0,0.0,0.0,0.0,0.0,0.0,0.0015,0.0,0.00633,0.0,0.0,0.0,0.0,0.0,0.0020800000000000003,0.0,0.0,0.0,0.0,0.0,0.0,0.0,0.00256,0.0,0.1215,0.00328,0.0,0.0,0.0,0.03196,0.0,0.0,0.0,0.0,0.0,0.00145,0.0,0.0,0.0,0.0,0.0,0.0,0.0,0.0,0.0,0.0,0.0,0.0,0.0,0.0,0.0,0.0,0.0,0.0,0.0,0.0,0.0,0.0,0.0,0.0,0.00097,0.0,0.0,0.0,0.04524,0.00319,0.0,0.00072,0.0,0.0,0.0,0.0,0.0,0.0,0.0,0.0,0.0,0.0,0.0,0.0,0.0,0.0,0.0,0.01289,0.0,0.0,0.0,0.0,0.0015,0.01077,0.0,0.0,0.0,0.0433,0.0,0.0,0.0,0.00367,0.12615,0.0,0.0,0.0,0.0,0.0,0.0,0.00188,0.0,0.0,0.0,0.0,0.0,0.0,0.0,0.0,0.0,0.0,0.0,0.0,0.00048,0.0,0.0,0.0,0.00401,0.00348,0.0,0.0,0.0,0.00304,0.0,0.0,0.0,0.0197,0.0,0.0,0.00275,0.0,0.0,0.0,0.0,0.0,0.00106,0.0,0.0,0.0,0.0,0.0,0.00145,0.0,0.0,0.0,0.0,0.0,0.0,0.00203,0.0,0.0,0.0,0.0,0.0,0.0,0.0,0.0,0.0,0.00101,0.0,0.0,0.0,0.0,0.0,0.0,0.0,0.0,0.00145,0.0,0.00512,0.0,0.0,0.0,0.0,0.0,0.0,0.0,0.0,0.08641,0.03964,0.0,0.0,0.0,0.0,0.0,0.0,0.0,0.0,0.0,0.0,0.0,0.0,0.0,0.0,0.0,0.0,0.0,0.0057,0.24626,0.0,0.00058,0.0,0.0,0.00068,0.0,0.0,0.00966,0.0,0.0,0.00212,0.0,0.0,0.0,0.0,0.0,0.0,0.0,0.0,0.0,0.0,0.0,0.0,0.0,0.0,0.0,0.0,0.0,0.0,0.0,0.0,0.0,0.00183,0.0,0.00227,0.0,0.0,0.0,0.0,0.0,0.0,0.0,0.0,0.00323,0.0,0.0,0.0,0.0,0.06942,0.00323,0.05074,0.0
SRR2143679,0.0,0.0,0.0,0.0,0.0,0.0,0.0,0.0,0.0,0.21036000000000002,7e-05,0.01443,0.0,0.0,0.0,0.03464,0.0,0.035919999999999994,0.0,0.0,0.00061,0.0,0.01341,0.0,0.0,0.00606,0.00065,0.03903,0.00092,0.0,0.0,0.0,0.04015,0.0,0.0,0.00138,0.0,0.0,0.00031,0.0,0.0,0.0,0.0,0.0,0.0,0.0,0.0,0.0,0.0,0.0,0.0,0.0,0.0,0.0,0.0,0.0,0.0,0.0,0.0,0.0,0.00028,0.0,0.0,0.00075,0.0,0.01324,0.0,0.01935,0.01104,0.0,8e-05,0.00178,0.00013,0.0,0.0,0.0,0.0,0.0,0.0,0.00025,0.0,0.00084,0.00481,0.0,0.0,0.0,0.015199999999999998,0.0,0.0,0.0,0.00105,0.0,0.0,0.0,0.0,0.0,0.0025,0.0,0.00393,0.0,0.0022,0.08003,0.0,0.0,0.0,0.0,0.0,0.0,0.0024,0.0,0.0,0.0,0.0,0.0,0.0,0.0,0.0,0.0,0.0,0.0,0.0,0.00015,0.0,0.00089,0.0,0.00104,0.00066,0.0,6e-05,0.0002,0.0,0.0,0.0,0.0,0.02457,0.0,0.0,0.00099,0.0,0.0,0.0,0.0,0.0,0.0,0.0,0.0,0.0,0.0,0.0,9e-05,0.0,0.0,0.00136,0.03719,0.0,0.0,0.00049,0.0,0.0,0.0,0.0,0.0,0.0,0.00011,0.0,0.0,0.00012,0.0,0.0,0.01689,0.0,0.0,0.00222,0.02306,0.0,0.00964,0.0,0.00625,0.0,0.0001,0.0,0.00047,0.0,0.0,0.0,0.00242,0.01195,0.02563,0.0,0.0,0.0,0.00018,0.0,0.0,0.0,0.0,0.0,0.0,0.0,0.0,0.0,0.0,0.0,0.0,0.0395,0.00196,0.02193,0.0,0.00027,0.0005,0.0,0.0,0.0,0.0,0.0,0.0,0.0,0.07611,0.0,0.0,0.0,0.00382,0.0,0.0,0.0,0.0,0.0,0.0,0.0,0.0,0.0,0.0,0.0,0.0,0.0,0.0,0.0,0.0,0.0,0.0,0.0,0.00082,0.00011,0.0,0.0,0.0,0.0,0.0,0.0,0.048440000000000004,0.0,0.0,0.00018,0.0,0.0,0.0,0.0085,0.02553,0.00047
SRR2143680,0.0,0.0,0.0,0.0,0.0,0.0,0.0,0.00124,0.0,0.12501,0.0,0.12335,0.0,0.0,0.0,0.00271,0.0,0.0036999999999999997,0.0,0.0,0.0,0.0,0.0,0.0,0.0,0.0,0.0,0.20006,0.0,0.0,0.0,0.00031,0.085,0.0,0.0,0.0,0.0,0.0,0.0,0.0,0.0,0.0,0.0,0.0,0.0,0.0,0.0,0.0,0.0,0.0,0.0,0.0,0.0,0.0,0.0,0.0,0.0,0.0,0.0,0.0,0.0,0.0,0.0,0.0118,0.0,0.0,0.0,0.0012,0.0,0.0,0.0006399999999999999,0.0,0.00047,0.0,0.0,0.0,0.0,0.0,0.0,0.0,0.0,0.0,0.0,0.0,0.0,0.0,0.05703,0.0,0.0,0.00021,0.06396,0.0,0.0,0.0,0.0,0.0,0.0,0.0,0.0,0.0,0.0,0.06837,0.0,0.0,0.0,0.0,0.0,0.0,0.00259,0.0,0.0,0.0,0.0,0.0,0.0,0.0,0.0,0.0,0.0,0.0,0.0,0.0,0.0,0.00835,0.0,0.00395,0.0,0.0,0.00039,0.0,0.0,0.0,0.0,0.0,0.00191,0.0,0.0,0.00068,0.0,0.0,0.0,0.0,0.0,0.00583,0.0,0.0,0.0,0.0,0.0,0.0205,0.0,0.0,0.00207,0.0,0.00022,0.0,0.00032,0.0,0.0,0.0,0.0,0.0,0.0,0.00061,0.0,0.0,0.0,0.0,0.00029,0.00015,0.0,0.0,0.00067,0.0,0.0,0.02027,0.0,0.0,0.0,0.0,0.0,0.02571,0.0,0.0,0.00022,0.00071,0.01365,0.04649,0.0,0.0,0.0,0.0,0.0,0.0,0.00196,0.0,0.0,0.0,0.0,0.0,0.0,0.00655,0.0,0.0,0.00076,0.00384,0.0,0.0,0.0,0.0,0.0,0.00178,0.0,0.0,0.0,0.0,0.0,0.03686,0.0,0.0,0.0,0.0,0.0,0.0,0.00373,0.0,0.0,0.0,0.0,0.0,0.0,0.0,0.0,0.0,0.0,0.0,0.0,0.0,0.0,0.0,0.0,0.00431,0.0,0.0,0.0,0.0,0.0,0.0,0.0,0.00053,0.0,0.0,0.00022,0.0,0.0,0.0,0.00223,0.01587,0.00053
SRR2143681,0.0,0.03598,0.0,0.0,0.0,0.0,0.0,0.0,0.0,0.03291,0.0,0.12632000000000002,0.0,0.0,0.0,0.02592,0.0,0.00319,0.0,0.0,0.0,0.0,0.0,0.0,0.0,0.0,0.0,0.21026999999999998,0.0568,0.0,0.0,0.01282,0.036719999999999996,0.0,0.0,0.0,0.0,0.0,0.00025,0.0,0.0,0.0,0.0,0.0,0.0,0.0,0.0,0.0,0.0,0.0,0.0,0.0,0.0,0.0,0.0,0.0,0.0,0.0,0.0,0.0,0.00116,0.0,0.0,0.00109,0.0,0.0,0.02053,0.025699999999999997,0.01308,0.0,0.00027,0.02491,0.0,0.0,0.0,0.0,0.0,0.0,0.0,0.0,0.0,0.0,0.0,0.0,0.0,0.0,0.01478,0.0,0.0,0.0,0.00101,0.0,0.0,0.0,0.0,0.0,0.00117,0.0,0.0,0.0,0.00011,0.02349,0.0,0.0,0.0,0.00029,0.0,0.0,0.00021,0.0,0.01871,0.0,0.0,0.0,0.0,0.0,0.0,0.0,0.0,0.0,0.0,0.0,0.0,0.00043,0.0,0.00499,0.0,0.0,0.0,0.0002,0.0,0.0,0.0,0.0,0.0039,0.0,0.0,0.00025,0.0,0.0,0.0,0.0,0.0,0.0,0.0,0.0,0.0,0.0,0.0,0.00017,0.0,0.0,0.00026,0.0,0.0,0.0,0.00039,0.0,0.0,0.0,0.0,0.0,0.0,0.00017,0.0,0.0,0.0,0.0,0.0,0.00385,0.0,0.0,0.00242,0.0,0.0,0.01177,0.0,0.03531,0.0,0.0,0.00234,0.0,0.0,0.0,0.0,0.00019,0.01438,0.018510000000000002,0.0,0.02669,0.0,0.0,0.0,0.0,0.0,0.0,0.0,0.0,0.0,0.0,0.0,0.0,0.0,0.0,0.0,0.00026,0.02079,0.0,0.00042,0.0,0.0,0.00012,0.0,0.0,0.0,0.0,0.0,0.0644,0.0,0.0,0.0,0.0,0.0,0.0,0.0,0.0,0.0,0.0,0.0,0.0,0.0,0.01848,0.0,0.0,0.0,0.0,0.0,0.0,0.0,0.0,0.0,0.00053,0.00585,0.0,0.0,0.0,0.0,0.0,0.0,0.0529,0.0,0.0,0.00012,0.0,0.0,0.0,0.00088,0.01241,0.00057
SRR2143682,0.0,0.0,0.0,0.0,0.0,0.0,0.0,0.00058,0.0,0.00093,0.0,0.0,0.0,0.0,0.0,0.07621,0.0,0.00414,0.0,0.0,0.0,0.0,0.0,0.0,0.0,0.0,0.0,0.01181,0.0,0.0,0.0,0.0,0.37507,0.0,0.0,0.0,0.0,0.0,0.0,0.0,0.0,0.0,0.0,0.0,0.0,0.0,0.0,0.0,0.0,0.0,0.0,0.0,0.0,0.0,0.0,0.0,0.0,0.0,0.0,0.0,0.00076,0.0,0.0,0.00051,0.0,0.0,0.0,0.00791,0.00089,0.0,0.0,0.01728,0.0,0.0,0.0,0.0,0.0,0.0,0.0,0.0,0.0,0.0,0.0,0.0,0.0,0.0,0.029129999999999996,0.0,0.0,0.0,0.023530000000000002,0.0,0.0,0.0,0.0,0.0,0.0,0.0,0.0,0.0,0.0,0.04314,0.0,0.0,0.0,0.0,0.0,0.0,0.00049,0.0,0.0,0.0,0.0,0.0,0.0,0.0008,0.0,0.0,0.0,0.0,0.0,0.0,0.0,0.00051,0.0,0.02088,0.0,0.0,0.0,0.0,0.0,0.0,0.0,0.0,0.00151,0.0,0.0,0.00036,0.0,0.0,0.0,0.0,0.0,0.03536,0.0,0.0,0.0,0.0,0.0,0.02633,0.0,0.0,0.0,0.0,0.0,0.0,0.00672,0.0,0.0,0.0,0.0,0.0,0.0,0.00029,0.0,0.0,0.0,0.0,0.00033,0.00254,0.0,0.0,0.00207,0.0,0.0,0.00251,0.0,0.00527,0.0,0.0,0.00511,0.0,0.0,0.0,0.0008699999999999999,0.0,0.00234,0.01521,0.0,0.02518,0.0,0.0,0.0,0.0,0.0,0.0,0.0,0.0,0.0,0.0,0.0,0.00271,0.0,0.0,0.00687,0.0032,0.0,0.0,0.00111,0.0,0.0,0.00358,0.0,0.0,0.0,0.0,0.0,0.07187,0.0,0.0,0.0,0.0,0.0,0.0,0.0,0.0,0.0,0.0,0.0,0.0,0.0,0.0,0.0,0.0,0.0,0.0,0.0,0.0,0.0,0.0,0.0,0.0064,0.0,0.0,0.0,0.0,0.0,0.0,0.0,0.01539,0.0,0.0,0.00156,0.0,0.0,0.0,0.03961,0.07459,0.0
SRR2143683,0.0,0.0,0.0,0.0,0.0,0.0,0.0,0.0,0.0,0.00145,0.0,0.02119,0.0,0.0,0.0,0.00042,0.0,0.00048,0.0,0.0,0.0,0.0,0.0,0.0,0.0,0.0,0.0,0.33034,0.0,0.0,0.0,0.00059,0.07699,0.0,0.0,0.0,0.0,0.00025,0.00021,0.0,0.0,0.0,0.0,0.0,0.0,0.0,0.0,0.0,0.0,0.0,0.0,0.0,0.0,0.0,0.0,0.0,0.0,0.0,0.0,0.0,0.0,0.0,0.0,0.01743,0.0,0.0,0.0,0.00397,0.0,0.0,0.0,0.01873,0.0,0.0,0.0,0.0,0.0,0.0,0.0,0.0,0.0,0.00063,0.0,0.0,0.0,0.0,0.022080000000000002,0.0,0.0,0.0,0.00053,0.0,0.0,0.0,0.0,0.0,0.0,0.0,0.0,0.0,0.0,0.00355,0.0,0.0,0.0,0.0,0.0,0.0,0.00166,0.0,0.0,0.0,0.0,0.0,0.0,0.0,0.0,0.0,0.0,0.0,0.0,0.0,0.0,0.00567,0.0,0.00218,0.00029,0.0,0.0,0.00034,0.0,0.0,0.0,0.0,0.02821,0.00126,0.0,0.00059,0.0,0.0,0.0,0.0,0.0,0.0,0.0,0.0,0.0,0.0,0.0,0.00426,0.0,0.0,0.0,0.0,0.0,0.0,0.00032,0.0,0.0,0.0,0.0,0.0,0.0,0.00027,0.0,0.0,0.0,0.0,0.0,0.0,0.0,0.0,0.0012,0.0,0.0,0.003,0.0,0.0125,0.0,0.0,0.0,0.0,0.0,0.0,0.0,0.00048,0.05805,0.24538,0.0,0.0,0.0,0.00084,0.0,0.0,0.0,0.0,0.0,0.0,0.0,0.0,0.0,0.0,0.0,0.0,0.00046,0.0041,0.0,0.0,0.0,0.0,0.0,0.0,0.0,0.0,0.0,0.0,0.0,0.01462,0.0,0.0,0.0,0.0,0.0,0.0,0.00273,0.0,0.0,0.0,0.0,0.0,0.0,0.00118,0.0,0.0,0.0,0.0,0.0,0.0,0.0,0.0,0.0,0.00036,0.0,0.0,0.0,0.0,0.0,0.0,0.0,0.0601,0.0,0.0,0.0,0.0,0.0,0.0,0.00114,0.04541,0.00101
SRR2143685,0.0,0.0,0.0,0.0,0.0,0.0,0.0,0.0,0.0,0.0,0.0,0.01178,0.0,0.0,0.0,0.07737,0.0,0.00592,0.0,0.0,0.0,0.0,0.0,0.0,0.0,0.00529,0.0,0.118,0.00259,0.0,0.0,0.0,0.23640999999999998,0.0,0.0,0.0,0.0,0.0,0.0,0.0,0.0,0.0,0.0,0.0,0.0,0.0,0.0,0.0,0.0,0.0,0.0,0.0,0.0,0.0,0.0,0.0,0.0,0.0,0.00114,0.0,0.00104,0.0,0.0,0.00109,0.0,0.0,0.0,0.0,0.01297,0.0,0.00223,0.04296,0.0,0.0,0.0,0.0,0.0,0.0,0.0,0.0,0.0,0.0,0.0,0.0,0.0,0.0,0.057179999999999995,0.0,0.0,0.0,0.0,0.0,0.0,0.0,0.0,0.0,0.0,0.0,0.00737,0.0,0.01152,0.05396,0.0,0.0,0.0,0.0,0.0,0.0,0.0,0.0,0.0,0.0,0.0,0.0,0.0,0.0,0.0,0.0,0.0,0.0,0.0,0.0,0.0,0.0,0.0,0.00555,0.0,0.0,0.0,0.0,0.0,0.0,0.0,0.0,0.02153,0.0,0.0,0.00093,0.0,0.0,0.0,0.0,0.0,0.0,0.0,0.0,0.0,0.0,0.0,0.0,0.0,0.0,0.0,0.0,0.0,0.0,0.0,0.0,0.0,0.0,0.0,0.0,0.0,0.0,0.0,0.0,0.0,0.0,0.0,0.0,0.0,0.0,0.0,0.0,0.0,0.00924,0.0,0.00446,0.0,0.0,0.0,0.0,0.0,0.0,0.00114,0.0,0.0452,0.05189,0.0,0.0,0.0,0.0,0.0,0.0,0.0,0.0,0.0,0.0,0.0,0.0,0.0,0.0,0.0,0.0,0.00348,0.0,0.0,0.0,0.0,0.0,0.0,0.0,0.0,0.0,0.0,0.0,0.0,0.0,0.0,0.0,0.0,0.0,0.0,0.0,0.02449,0.0,0.0,0.0,0.0,0.0,0.0,0.0,0.0,0.0,0.0,0.0,0.0,0.0,0.0,0.0,0.0,0.0,0.0,0.0,0.0,0.0,0.0,0.0,0.0,0.0067,0.0,0.0,0.00057,0.0,0.0,0.0,0.0,0.10564000000000001,0.0
SRR2143686,0.0,0.0,0.0,0.0,0.0,0.0,0.0,0.0,0.0,0.00088,0.0,0.09997,0.0,0.0,0.0,0.00847,0.0,0.06774,0.0,0.0,0.0006,0.0,0.00285,0.0,0.0,0.00104,0.00027,0.33841999999999994,0.00709,0.0,0.0,0.0,0.01721,0.0,0.0,0.00049,0.0,0.0,0.0,0.0,0.0,0.0,0.0,0.0,0.0,0.0,0.0,0.0,0.0,0.0,0.0,0.0,0.0,0.0,0.0,0.0,0.0,0.0,0.00288,0.0,0.00013,0.0,0.0,0.00156,0.0,0.0,0.0,0.00248,0.00161,0.0,0.00359,0.0129,0.0,0.0,0.0,0.0,0.0,0.0,0.0,0.0,0.0,0.00033,0.0,0.0,0.0,0.0,0.00277,0.0,0.0,0.0,0.00017,0.0,0.0,0.0,0.0,0.0,0.00487,0.0,0.00295,0.0,0.00233,0.01907,0.0,0.0,0.0,0.0,0.0,0.0,0.0005,0.0,8e-05,0.0,0.0,0.0,0.0,0.00017,0.0,0.0,0.0,0.0,0.0,0.0,0.0,0.0013,0.0,0.00252,0.00018,0.0,0.00035,0.00016,0.0,0.0,0.0,0.0,0.02639,0.0,0.0,0.0027,0.0,0.0,0.0,0.0,0.0,0.00062,0.0,0.0,0.0,0.0,0.0,0.00039,0.0,7e-05,0.00027,0.0,0.0,0.0,0.01859,0.0,0.0,8e-05,0.0,0.0,0.0,0.00015,0.0,0.0,0.0,0.0,0.0,0.00449,0.0,0.0,0.00153,0.0,0.0,0.00326,0.0,0.09092,0.0,0.00137,0.0,0.001,0.0,0.0,0.00015,0.00097,0.0202,0.05386,0.0,0.0,0.0,0.00052,0.0,0.0,0.00059,0.0,0.0,0.0,0.0,0.0,0.0,0.0,0.0,0.0,0.0291,0.00029,0.03099,0.0,0.0,0.00089,0.0,0.0,0.0,0.0,0.0,0.0,0.0,0.02475,0.0,0.0,0.0,0.00031,0.0,0.0,0.0,0.0,0.0,0.0,0.0,0.0,0.0,0.0,0.0,0.0,0.0,0.0,0.0,0.0,0.0,0.0,0.0,0.00096,0.00185,0.0,0.0,0.0,0.0,0.0,0.0,0.044250000000000005,0.0,0.0,0.0,0.0,0.0,0.0,0.00015,0.0212,0.00064
SRR2143687,0.0,0.0,0.0,0.0,0.0,0.0,0.0,0.0,0.0,0.00291,0.0,0.01709,0.0,0.0,0.0,0.01353,0.0,0.00289,0.0,0.0,0.0,0.0,0.02499,0.0,0.0,0.0,0.0,0.07716999999999999,0.0058,0.0,0.0,0.12595,0.18079,0.0,0.0,0.00054,0.0,0.00032,0.0,0.0,0.0,0.0,0.0,0.0,0.0,0.0,0.0,0.0,0.0,0.0,0.0,0.0,0.0,0.0,0.0,0.0,0.0,0.0,0.00043,0.0,0.0,0.0,0.0,0.0,0.0,0.0,0.04347,0.02126,0.0,0.0,0.00027,0.02094,0.0,0.0,0.0,0.0,0.0,0.0,0.0,0.0,0.0,0.00534,0.01561,0.0,0.00043,0.0,0.045520000000000005,0.0,0.0,0.0,0.027460000000000002,0.0,0.0,0.0,0.0,0.0,0.0,0.0,0.0,0.0,0.00034,0.02536,0.0,0.0,0.0,0.0,0.00043,0.0,0.00274,0.0,0.0,0.0,0.0,0.0,0.0,0.00628,0.0,0.0,0.0,0.0,0.0,0.0,0.0,0.00063,0.0,0.00186,0.00609,0.0,0.0,0.00182,0.0,0.0,0.0,0.0,0.00987,0.0,0.0,0.00133,0.0,0.0,0.0,0.0,0.0,0.0,0.00056,0.0,0.0,0.0,0.0,0.00109,0.0,0.0,0.00134,0.0,0.0,0.0,0.00036,0.0,0.0,0.005399999999999999,0.0,0.0,0.0,0.00024,0.0,0.0,0.0,0.0,0.0,0.00647,0.0,0.0,0.0057,0.0,0.0,0.00322,0.0,0.01018,0.0,0.00747,0.00148,0.0,0.0,0.0,0.0,0.00151,0.01724,0.00485,0.0,0.0025,0.0,0.0,0.0,0.0,0.0,0.0,0.0,0.0,0.0,0.0,0.0,0.0,0.0,0.0,0.12122999999999999,0.00637,0.0,0.0,0.00104,0.0,0.0,0.0,0.0,0.0,0.0,0.0,0.0,0.02642,0.0,0.0,0.0,0.0,0.0,0.0,0.0,0.0,0.0,0.0,0.0,0.0,0.0,0.03161,0.0,0.0,0.0,0.0,0.0,0.0,0.0,0.0,0.0,0.00058,0.0,0.0,0.0,0.0,0.0,0.0,0.0,0.0,0.0,0.0,0.0,0.0,0.0,0.0,0.0017200000000000002,0.03064,0.00145
SRR2143689,0.0,0.0,0.0,0.0,0.0,0.0,0.0,0.0,0.0,0.0114,0.0,0.0,0.0,0.0,0.0,0.06105,0.0,0.0829,0.0,0.0,0.0,0.0,0.01904,0.0,0.0,0.0,0.0,0.02042,0.0,0.0,0.0,0.0,0.14298999999999998,0.0,0.0,0.0008,0.0,0.0,0.00085,0.0,0.0,0.0,0.0,0.0,0.0,0.0,0.0,0.0,0.0,0.0,0.0,0.0,0.0,0.0,0.0,0.0,0.0,0.0,0.0,0.0,0.0,0.0,0.0,0.00085,0.0,0.0,0.0,0.018619999999999998,0.03166,0.0,0.00987,0.03268,0.0,0.0,0.0,0.0,0.0,0.0,0.0,0.0,0.0,0.0,0.00106,0.0,0.0,0.0,0.0472,0.0,0.0,0.0,0.0,0.0,0.0,0.0,0.0,0.0,0.02742,0.0,0.00143,0.0,0.01294,0.08401,0.0,0.0,0.0,0.0,0.0,0.0,0.00095,0.0,0.0,0.0,0.0,0.0,0.0,0.0,0.0,0.0,0.0,0.0,0.0,0.0,0.0,0.0,0.0,0.00578,0.0,0.0,0.0,0.0,0.0,0.0,0.0,0.0,0.00196,0.0,0.0,0.0,0.0,0.0,0.0,0.0,0.0,0.0,0.0,0.0,0.0,0.0,0.0,0.03357,0.0,0.0,0.0,0.0,0.0,0.0,0.00244,0.0,0.0,0.0,0.0,0.0,0.0,0.0,0.0,0.0,0.0,0.0,0.0,0.0,0.0,0.0,0.0,0.0,0.0,0.02201,0.0,0.00095,0.0,0.00122,0.0,0.0,0.0,0.0,0.0,0.0,0.0008,0.01777,0.0,0.0,0.0,0.0,0.0,0.0,0.0,0.0,0.0,0.0,0.0,0.0,0.0,0.0,0.0,0.0,0.0,0.0027,0.1187,0.0,0.0,0.0,0.0,0.0,0.0,0.0,0.0,0.0,0.0,0.00355,0.0,0.0,0.0,0.0,0.0,0.0,0.0,0.0,0.0,0.0,0.0,0.0,0.0,0.02259,0.0,0.0,0.0,0.0,0.0,0.0,0.0,0.0,0.0,0.00366,0.0,0.0,0.0,0.0,0.0,0.0,0.0,0.0026,0.0,0.0,0.0061,0.0,0.0,0.0,0.00138,0.07744,0.0
SRR2143691,0.0,0.0,0.0,0.0,0.0,0.0,0.0,0.00088,0.0,0.13105,0.0,0.018670000000000003,0.0,0.0,0.0,0.08783,0.0,0.03281,0.0,0.0,0.0,0.0,0.00241,0.0,0.0,0.0,0.0,0.030330000000000003,0.00191,0.0,0.0,0.0,0.053860000000000005,0.0,0.0,0.0,0.0,0.0,0.0002,0.0,0.0,0.0,0.0,0.0,0.0,0.0,0.0,0.0,0.0,0.0,0.0,0.0,0.0,0.0,0.0,0.0,0.0,0.0,0.0,0.0,0.0,0.0,0.0,0.00063,0.0,0.04335,0.0,0.0023,0.01458,0.0,0.00015,0.11558,0.0,0.0,0.0,0.0,0.0,0.0,0.0,0.0,0.0,0.0,0.0,0.0,0.0,0.0,0.013999999999999999,0.0,0.0,8e-05,0.02177,0.0,0.0,0.0,0.0,0.0,0.0,0.0,0.00772,0.0,0.0,0.00669,0.0,0.0,0.0,0.0,0.0,0.0,0.0002,0.0,0.0,0.0,0.0,0.0,0.0,0.0,0.0,0.0,0.0,0.0,0.0,0.0,0.0,0.00013,0.0,0.00419,0.0002,0.0,0.00033,0.0,0.0,0.0,0.0,0.0,0.00404,0.0,0.0,0.0,0.0,0.0,0.0,0.0,0.0,0.00094,0.0,0.0,0.0,0.0,0.0,0.0,0.0,0.0,0.00127,0.10021,0.00021,0.0,0.00011,0.0,0.0,0.0,0.0,0.0,0.0,0.00038,0.0,0.0,0.0,0.0,0.0004,0.00355,0.0,0.0,0.00187,0.00014,0.0,0.00148,0.0,0.00709,0.0,0.00011,0.0,0.00731,0.0,0.0,0.00029,0.00075,0.0,0.04266,0.0,0.0,0.0,0.0,0.0,0.0,0.00103,0.0,0.0,0.0,0.0,0.0,0.0,0.00117,0.0,0.0,0.0004,0.0006,0.0,0.0,0.0,0.0,0.00031,0.00015,0.0,0.0,0.0,0.0,0.0,0.1403,0.0,0.0,0.0,0.0,0.0,0.0,0.00205,0.0,0.0,0.0,0.0,0.0,0.0,0.0,0.0,0.0,0.0,0.0,0.0,0.0,0.0,0.0,0.0,0.00203,0.0,0.0,0.0,0.0,0.0,0.0,0.0,0.0,0.0,0.0,0.00029,0.0,0.0,0.0,0.00073,0.08439,9e-05
SRR2143692,0.0,0.00078,0.0,0.0,0.0,0.0,0.0,0.00037,0.0,0.14173,0.0,0.0,0.0,0.0,0.0,0.00067,0.0,0.010960000000000001,0.0,0.0,0.0,0.0,0.0,0.0,0.0,0.0,0.0,0.00568,0.0,0.0,0.0,0.0,0.49635,0.0,0.0,0.0,0.0,0.0,0.0,0.0,0.0,0.0,0.0,0.0,0.0,0.0,0.0,0.0,0.0,0.0,0.0,0.0,0.0,0.0,0.0,0.0,0.0,0.0,0.0,0.0,0.0,0.0,0.0,0.00017,0.0,0.0,0.0,0.00267,0.0,0.0,0.00023,0.00045,0.0,0.0,0.0,0.0,0.0,0.0,0.0,0.0,0.0,0.0,0.0,0.0,0.0,0.0,0.06906999999999999,0.0,0.0,0.0,0.0,0.0,0.0,0.0,0.0,0.0,0.00091,0.0,0.0,0.0,0.00011,0.00556,0.0,0.0,0.0,0.0,0.00156,0.0,0.00076,0.0,0.0,0.0,0.0,0.0,0.0,0.0,0.0,0.0,0.0,0.0,0.0,0.0,0.0,0.00182,0.0,0.00426,0.00011,0.0,0.0,0.0,0.0,0.0,0.0,0.0,0.00071,0.00029,0.00045,0.0,0.0,0.0,0.0,0.0,0.0,0.0,0.0,0.0,0.0,0.0,0.0,0.0731,0.0,0.0,0.0,0.0,0.0,0.0,0.0,0.0,0.0,0.0,0.0,0.0,0.0,0.00011,0.0,0.0,0.0,0.0,0.00092,0.0,0.0,0.0,0.0,0.0,0.0,0.00017,0.0,0.00053,0.0,0.00018,0.0,0.0,0.0,0.0,0.00011,0.0,0.00013,0.00295,0.0,0.0,0.0,0.0,0.0,0.0,0.0,0.0,0.0,0.0,0.0,0.0,0.0,0.00116,0.0,0.0,0.0,0.0,0.0063,0.0,0.0,0.00026,9e-05,0.00019,0.0,0.0,0.0,0.0,0.0,0.08327,0.0,0.0,0.0,0.0,0.0,0.0,0.042629999999999994,0.0,0.0,0.0,0.0,0.0,0.0,0.00515,0.0,0.0,0.0,0.0,0.0,0.0,0.0,0.0,0.0,0.00654,0.0,0.0,0.0,0.0,0.0,0.0,0.0,0.0,0.0,0.0,0.0003,0.0,0.0,0.0,0.020319999999999998,0.00536,0.0
SRR2143693,0.0,0.0,0.0,0.0,0.0,0.0,0.0,0.00209,0.0,0.00082,0.0,0.02197,0.0,0.0,0.0,0.07141,0.0,0.04184,0.0,0.0,0.0,0.0,0.0,0.0,0.0,0.0,0.0,0.09689,0.0,0.0,0.0,0.0,0.07583,0.0,0.0,0.0,0.0,0.0,0.0,0.0,0.0,0.0,0.0,0.0,0.0,0.0,0.0,0.0,0.0,0.0,0.0,0.0,0.0,0.0,0.0,0.0,0.0,0.0,0.0,0.0,0.0,0.0,0.0,0.0007,0.0,0.0,0.0,0.00139,0.01718,0.0,0.0,0.01378,0.0,0.0,0.0,0.0,0.0,0.0,0.0,0.0,0.0,0.0,0.0,0.0,0.0,0.0,0.11517,0.0,0.0,0.0,0.0,0.0,0.0,0.0,0.0,0.0,0.0,0.0,0.0,0.0,0.0137,0.04589,0.0,0.0,0.0,0.0,0.0,0.0,0.0,0.0,0.0,0.0,0.0,0.0,0.0,0.0,0.0,0.0,0.0,0.0,0.0,0.0,0.0,0.0,0.0,0.00724,0.0,0.0,0.0,0.0,0.0,0.0,0.0,0.0,0.02421,0.0,0.0,0.0,0.0,0.0,0.0,0.0,0.0,0.0,0.0,0.0,0.0,0.0,0.0,0.00814,0.0,0.0,0.0,0.07288,0.00593,0.0,0.0,0.0,0.0,0.0,0.0,0.0,0.0,0.00061,0.0,0.0,0.0,0.0,0.0,0.00712,0.0,0.0,0.00278,0.0,0.0,0.0038,0.0,0.00924,0.0,0.0,0.00065,0.0,0.0,0.0,0.0,0.0,0.0,0.0,0.0,0.00454,0.0,0.0,0.0,0.0,0.0,0.0,0.0,0.0,0.0,0.0,0.0,0.0,0.0,0.0,0.03059,0.00139,0.0,0.0,0.0,0.00106,0.0,0.0,0.0,0.0,0.0,0.0,0.0,0.07072,0.0,0.0,0.0,0.0,0.0,0.0,0.13317,0.0,0.0,0.0,0.0,0.0,0.0,0.0,0.0,0.0,0.0,0.0,0.0,0.0,0.0,0.0,0.0,0.00139,0.0,0.0,0.0,0.0,0.0,0.0,0.0,0.03039,0.0,0.0,0.0007,0.0,0.0,0.0,0.00164,0.03182,0.0
SRR2143694,0.0,0.0,0.0,0.0,0.0,0.0,0.0,0.0,0.0,0.00128,0.0,0.08335000000000001,0.0,0.0,0.0,0.03593,0.0,0.00484,0.0,0.0,0.0,0.0,0.0,0.0,0.0,0.00474,0.0,0.20679,0.0,0.0,0.0,0.04974,0.15535,0.0,0.0,0.0,0.0,0.0,0.0,0.0,0.0,0.0,0.0,0.0,0.0,0.0,0.0,0.0,0.0,0.0,0.0,0.0,0.0,0.0,0.0,0.0,0.0,0.0,0.0,0.0,0.00434,0.0,0.0,0.00296,0.0,0.0,0.0,0.0040999999999999995,0.07424,0.0,0.0,0.01577,0.0,0.0,0.0,0.0,0.0,0.0,0.0,0.0,0.0,0.0,0.0,0.0,0.0,0.0,0.013600000000000001,0.0,0.0,0.0,0.00552,0.0,0.0,0.0,0.0,0.0,0.0,0.0,0.0,0.0,0.00894,0.00662,0.0,0.0,0.0,0.0,0.0,0.0,0.00545,0.0,0.0,0.0,0.0,0.0,0.0,0.00171,0.0,0.0,0.0,0.0,0.0,0.0,0.0,0.00253,0.0,0.00783,0.0,0.0,0.0,0.0,0.0,0.0,0.0,0.0,0.00224,0.0,0.0,0.00103,0.0,0.0,0.0,0.0,0.0,0.0,0.0,0.0,0.0,0.0,0.0,0.001,0.0,0.0,0.00171,0.0,0.0,0.0,0.00068,0.0,0.0,0.0,0.0,0.0,0.0,0.00039,0.0,0.0,0.0,0.0,0.0,0.00231,0.0,0.0,0.0,0.0,0.0,0.02742,0.0,0.00698,0.0,0.0,0.0,0.03137,0.0,0.0,0.0,0.00075,0.0266,0.01307,0.0,0.0,0.0,0.0,0.0,0.0,0.00317,0.0,0.0,0.0,0.0,0.0,0.0,0.0,0.0,0.0,0.00039,0.00766,0.0,0.0,0.0,0.0,0.0,0.0,0.0,0.0,0.0,0.0,0.0,0.02831,0.0,0.0,0.0,0.0,0.0,0.0,0.0,0.0,0.0,0.0,0.0,0.0,0.0,0.0,0.0,0.0,0.0,0.0,0.0,0.0,0.0,0.0,0.0,0.0,0.0,0.0,0.0,0.0,0.0,0.0,0.0,0.08645,0.0,0.0,0.0,0.0,0.0,0.0,0.0015999999999999999,0.05149,0.0
SRR2143695,0.0,0.0,0.0,0.0,0.0,0.0,0.0,0.0008,0.0,0.00445,0.0,0.00575,0.0,0.0,0.0,0.15576,0.0,0.0099,0.0,0.0,0.0022,0.0,0.0,0.0,0.0,0.0,0.0,0.00966,0.00039,0.0,0.0,0.02348,0.24913,0.0,0.0,0.00036,0.0,0.0,0.0,0.0,0.0,0.0,0.0,0.0,0.0,0.0,0.0,0.0,0.0,0.0,0.0,0.0,0.0,0.0,0.0,0.0,0.0,0.0,0.0,0.0,0.0,0.0,0.0,0.0,0.0,0.0,0.03546,0.0018800000000000002,0.03951,0.0,0.0,0.00507,0.0,0.0,0.00041,0.0,0.0,0.0,0.0,0.0,0.0,0.0,0.00164,0.0,0.0,0.0,0.00641,0.0,0.0,0.0,0.0,0.0,0.0,0.0,0.0,0.0,0.12494,0.0,0.0,0.0,0.03636,0.00932,0.0,0.0,0.0,0.0,0.0,0.0,0.00927,0.0,0.0,0.0,0.0,0.0,0.0,0.00041,0.0,0.0,0.0,0.0,0.0,0.0,0.0,0.0,0.0,0.00241,0.0,0.0,0.0,0.0,0.0,0.0,0.0,0.0,0.00114,0.0,0.0,0.0,0.0,0.0,0.0,0.0,0.0,0.0,0.0,0.0,0.0,0.0,0.0,0.00043,0.0,0.0,0.00036,0.0,0.0,0.0,0.0,0.0,0.0,0.0009699999999999999,0.0,0.0,0.0,0.00023,0.0,0.0,0.0,0.0,0.00033,0.0,0.0,0.0,0.0,0.0,0.0,0.00578,0.0,0.00062,0.0,0.01516,0.0,0.0032,0.0,0.0,0.00018,0.0,0.0,0.00311,0.0,0.0,0.0,0.0,0.0,0.0,0.00074,0.0,0.0,0.0,0.0,0.0,0.0,0.0,0.0,0.0,0.00167,0.00176,0.0146,0.0,0.0,0.0,0.0,0.0002,0.0,0.0,0.0,0.0,0.0,0.02433,0.0,0.0,0.0,0.0,0.0,0.0,0.00679,0.0,0.0,0.0,0.0,0.0,0.0,0.00285,0.0,0.0,0.0,0.0,0.0,0.0,0.0,0.0,0.0,0.0,0.0,0.0,0.0,0.0,0.0,0.0,0.0,0.00143,0.0,0.0,0.00083,0.0,0.00079,0.0,0.0007,0.17252,0.0
SRR2143696,0.0,0.0,0.0,0.0,0.0,0.0,0.0,0.0,0.0,0.0,0.0,0.00451,0.0,0.0,0.0,0.02798,0.0,0.032619999999999996,0.0,0.0,0.00178,0.0,0.00409,0.0,0.0,0.0,0.05085,0.00659,0.0,0.0,0.0,0.0,0.07685,0.0,0.0,0.00569,0.0,0.0,0.0,0.0,0.0,0.0,0.0,0.0,0.0,0.0,0.0,0.0,0.0,0.0,0.0,0.0,0.0,0.0,0.0,0.0,0.0,0.0,0.0,0.0,0.00205,0.0,0.0,0.00181,0.0,0.0,0.0,0.0,0.04363,0.0,0.0,0.0248,0.0,0.0,0.0,0.0,0.0,0.0,0.0,0.0,0.0,0.0,0.0043,0.0,0.0,0.0,0.05073,0.0,0.0,0.00039,0.00834,0.0,0.0,0.0,0.0,0.0,0.0,0.0,0.00069,0.0,0.00307,0.10947,0.0,0.0,0.0,0.0,0.0,0.0,0.00153,0.0,0.0,0.0,0.0,0.0,0.0,0.0,0.0,0.0,0.0,0.0,0.0,0.0,0.0,0.0,0.0,0.00794,0.0,0.0,0.0,0.00057,0.0,0.0,0.0,0.0,0.00391,0.0,0.0,0.0012,0.0,0.0,0.0,0.0,0.0,0.0,0.0,0.0,0.0,0.0,0.0,0.0,0.0,0.0,0.00063,0.0,0.0,0.0,0.0,0.0,0.0,0.0,0.0,0.0,0.0,0.0,0.0,0.0,0.0,0.0,0.0,0.0,0.0,0.0,0.0022,0.0,0.0,0.00202,0.0,0.00196,0.0,0.0,0.0,0.00367,0.0,0.0,0.0,0.00066,0.11735,0.00223,0.0,0.0,0.0,0.01243,0.0,0.0,0.0,0.0,0.0,0.0,0.0,0.0,0.0,0.0,0.0,0.0006,0.00123,0.00048,0.0,0.0,0.0,0.07321000000000001,0.00403,0.0,0.0,0.0,0.0,0.0,0.0,0.06674,0.0,0.0,0.0,0.0,0.0,0.0,0.0,0.0,0.0,0.0,0.0,0.0,0.0,0.0,0.0,0.0,0.0,0.0,0.0,0.0,0.0,0.0,0.0,0.0,0.00524,0.0,0.0,0.0,0.0,0.0,0.0,0.11919,0.0,0.0,0.0,0.0,0.0,0.0,0.0,0.07246,0.0
SRR2143697,0.0,0.0,0.0,0.0,0.0,0.0,0.0,0.00028,0.0,0.0,0.0,0.19772,0.0,0.0,0.0,0.05355,0.0,0.08318,0.0,0.0,0.0,0.0,0.0,0.0,0.0,0.00496,0.0,0.18161,0.0,0.0,0.0,0.051949999999999996,0.08599000000000001,0.0,0.0,0.0,0.0,0.0,0.0,0.0,0.0,0.0,0.0,0.0,0.0,0.0,0.0,0.0,0.0,0.0,0.0,0.0,0.0,0.0,0.0,0.0,0.0,0.0,0.00038,0.0,0.0,0.0,0.0,0.00035,0.0,0.0,0.0,0.00426,0.0564,0.0,0.00013,0.01278,0.0,0.0,0.0,0.0,0.0,0.0,0.0,0.0,0.0,0.0,0.0,0.0,0.0,0.0,0.00102,0.0,0.0,0.0,0.0,0.0,0.0,0.0,0.0,0.0,0.00624,0.0,0.00147,0.0,0.00033,0.03803,0.0,0.0,0.0,0.0,0.0,0.0,0.00908,0.0,0.0,0.0,0.0,0.0,0.0,0.0,0.0,0.0,0.0,0.0,0.0,0.0,0.0,0.00019,0.0,0.00094,0.00269,0.0,0.00016,0.0,0.0,0.0,0.0,0.0,0.00263,0.0,0.0,0.00063,0.0,0.0,0.0,0.0,0.0,0.0,0.0,0.0,0.0,0.0,0.0,0.00203,0.0,0.0,0.0,0.0,0.0,0.0,0.00151,0.0,0.00068,0.0,0.0,0.0,0.0,0.0,0.0,0.0,0.0,0.0,0.0,0.0001,0.0,0.0,0.0,0.0,0.0,0.00118,0.0,0.03357,0.0,0.0,0.00018,0.0,0.0,0.0,0.0,0.00047,0.0,0.06644,0.0,0.0,0.0,0.0,0.0,0.0,0.0,0.0,0.0,0.0,0.0,0.0,0.0,0.0,0.0,0.0,0.00719,0.00197,0.0,0.0,0.00044,0.0,0.0,0.00479,0.0,0.0,0.0,0.0,0.0,0.02469,0.0,0.0,0.0,0.0,0.0,0.0,0.01304,0.0,0.0,0.0,0.0,0.0,0.0,0.02099,0.0,0.0,0.0,0.0,0.0,0.0,0.0,0.0,0.0,0.00066,0.0,0.0,0.0,0.0,0.0,0.0,0.0,0.0,0.0,0.0,0.00022,0.0,0.00057,0.0,0.00364,0.00664,0.00089
SRR2143698,0.0,0.0,0.0,0.0,0.0,0.0,0.0,0.0,0.0,0.02665,0.0,0.0,0.0,0.0,0.0,0.02661,0.0,0.03957,0.0,0.0,0.0034,0.0,0.0151,0.0,0.0,0.00042,0.0,0.01801,0.00122,0.0,0.0,0.0,0.20161,0.0,0.0,0.00788,0.0,0.0,0.00115,0.0,0.0,0.0,0.0,0.0,0.0,0.0,0.0,0.0,0.0,0.0,0.0,0.0,0.0,0.0,0.0,0.0,0.0,0.0,0.0,0.0,0.00065,0.0,0.0,0.00119,0.0,0.0,0.0,0.0,0.01931,0.0,0.0,0.04156,0.0,0.0,0.0,0.0,0.0,0.0,0.0,0.0005,0.0,0.0,0.0,0.0,0.0,0.0,0.07765999999999999,0.0,0.0,0.0,0.00061,0.0,0.0,0.0,0.0,0.0,0.0,0.0,0.00195,0.0,0.01243,0.04703,0.0,0.0,0.0,0.0,0.0,0.0,0.00057,0.0,0.0,0.0,0.0,0.0,0.0,0.0,0.0,0.0,0.0,0.0,0.0,0.0,0.0,0.0,0.0,0.00421,0.0,0.0,0.0,0.0,0.0,0.0,0.0,0.0,0.01434,0.0,0.0,0.00214,0.0,0.0,0.0,0.0,0.0,0.0,0.0,0.0,0.0,0.0,0.0,0.0,0.0,0.0,0.00065,0.10679,0.0,0.0,0.00076,0.0,0.0,0.0,0.0,0.0,0.0,0.00042,0.0,0.0,0.0,0.0,0.0,0.00061,0.0,0.0,0.00199,0.0,0.0,0.0039,0.0,0.00141,0.0,0.00229,0.0,0.01453,0.0,0.0,0.0,0.00489,0.0,0.01904,0.0,0.0,0.0,0.01598,0.0,0.0,0.00421,0.0,0.0,0.0,0.0,0.0,0.0,0.0,0.0,0.0,0.01388,0.0,0.0,0.0,0.0,0.08672,0.0,0.0,0.0,0.0,0.0,0.0,0.0,0.01778,0.0,0.0,0.0,0.0,0.0,0.0,0.0,0.0,0.0,0.0,0.0,0.0,0.0,0.00738,0.0,0.0,0.0,0.0,0.0,0.0,0.0,0.0,0.0,0.00153,0.0,0.0,0.0,0.0,0.0,0.0,0.0,0.05789,0.0,0.0,0.0,0.0,0.0,0.0,0.0,0.06133,0.0
SRR2143699,0.0,0.0,0.0,0.0,0.0,0.0,0.0,0.002,0.0,0.00801,0.0,0.00856,0.0,0.0,0.0,0.00237,0.0,0.07182000000000001,0.0,0.0,0.0,0.0,0.0,0.0,0.0,0.0,0.0,0.041639999999999996,0.0004,0.0,0.0,0.0,0.20536,0.0,0.0,0.0,0.0,0.0,0.0,0.0,0.0,0.0,0.0,0.0,0.0,0.0,0.0,0.0,0.0,0.0,0.0,0.0,0.0,0.0,0.0,0.0,0.0,0.0,0.0,0.0,0.0,0.0,0.0,0.00183,0.0,0.0,0.05333,0.03214,0.0,0.0,0.00117,0.09309,0.00066,0.0,0.0,0.0,0.0,0.0,0.0,0.0,0.0,0.0,0.0,0.0,0.0,0.0,0.09888999999999999,0.0,0.0,0.0,0.0,0.0,0.0,0.0,0.0,0.0,0.0,0.0,0.0,0.0,0.00046,0.0745,0.0,0.0,0.0,0.0,0.0,0.0,0.00054,0.0,0.0,0.0,0.0,0.0,0.0,0.0,0.0,0.0,0.0,0.0,0.0,0.0,0.0,0.0,0.0,0.01038,0.0,0.0,0.00043,0.0,0.0,0.0,0.0,0.0,0.00362,0.0,0.0,0.00168,0.0,0.0,0.0,0.0,0.0,0.01335,0.0,0.0,0.0,0.0,0.0,0.02712,0.0,0.0,0.00074,0.0,0.0,0.0,0.03351,0.0,0.0,0.00051,0.0,0.0,0.0,0.0,0.0,0.0,0.0,0.0,0.00071,0.00154,0.0,0.0,0.0,0.0,0.0,0.01004,0.0,0.00764,0.0,0.00066,0.0,0.01475,0.0,0.0,0.0,0.0,0.00128,0.02844,0.0,0.0,0.0,0.0,0.0,0.0,0.0,0.0,0.0,0.0,0.0,0.0,0.0,0.00431,0.0,0.0,0.00231,0.0024,0.0,0.0,0.0,0.0,0.0,0.0,0.0,0.0,0.0,0.0,0.0,0.01751,0.0,0.0,0.0,0.00297,0.0,0.0,0.0,0.0,0.0,0.0,0.0,0.0,0.0,0.0,0.0,0.0,0.0,0.0,0.0,0.0,0.0,0.0,0.0,0.0014,0.0,0.0,0.0,0.0,0.0,0.0,0.0,0.00219,0.0,0.0,0.00046,0.0,0.0,0.0,0.00302,0.10239,0.0
SRR2143700,0.0,0.0,0.0,0.0,0.0,0.0,0.0,0.00112,0.0,0.00183,0.0,0.00076,0.0,0.0,0.0,0.10297,0.0,0.03257,0.0,0.0,0.0,0.0,0.0,0.0,0.0,0.0,0.0,0.04288,0.00371,0.0,0.0,0.15024,0.13607,0.0,0.0,0.00074,0.0,0.0,0.0,0.0,0.0,0.0,0.0,0.0,0.0,0.0,0.0,0.0,0.0,0.0,0.0,0.0,0.0,0.0,0.0,0.0,0.0,0.0,0.0,0.0,0.0,0.0,0.0,0.00288,0.0,0.0,0.20987,0.03738,0.0312,0.0,0.0,0.06903000000000001,0.0,0.0,0.0,0.0,0.0,0.0,0.0,0.0,0.0,0.0,0.0,0.0,0.0,0.0,0.04852,0.0,0.0,0.0,0.0,0.0,0.0,0.0,0.0,0.0,0.0,0.0,0.00071,0.0,0.00236,0.00627,0.0,0.0,0.0,0.0,0.0,0.0,0.00473,0.0,0.0,0.0,0.0,0.0,0.0,0.00041,0.0,0.0,0.0,0.0,0.0,0.0,0.0,0.0,0.0,0.00945,0.0,0.0,0.00018,0.0,0.0,0.0,0.0,0.0,0.0087,0.0,0.0,0.0,0.0,0.0,0.0,0.0,0.0,0.0,0.0,0.0,0.0,0.0,0.0,0.00157,0.0,0.0,0.00043,0.0,0.0,0.0,0.00087,0.0,0.0,0.0,0.0,0.0,0.0,0.00018,0.0,0.0,0.0,0.0,0.00045,0.0,0.0,0.0,0.0007,0.0,0.0,0.00099,0.0,0.00066,0.0,0.00048,0.0,0.01566,0.0,0.0,0.0,0.0,0.0,0.00397,0.0,0.0,0.0,0.0,0.0,0.0,0.00178,0.0,0.0,0.0,0.0,0.0,0.0,0.00138,0.00025,0.0,0.00055,0.00053,0.0,0.0,0.00204,0.00042,0.0,0.0,0.0,0.0,0.0,0.0,0.0,0.01611,0.0,0.0,0.0,0.0,0.0,0.0,0.00509,0.0,0.0,0.0,0.0,0.0,0.0,0.00252,0.0,0.0,0.0,0.0,0.0,0.0,0.0,0.0,0.0,0.0,0.00064,0.0,0.0,0.0,0.0,0.0,0.0,0.006070000000000001,0.0,0.0,0.0,0.0,0.00025,0.0,0.0002,0.02691,0.0
SRR2143703,0.0,0.0,0.0,0.0,0.0,0.0,0.0,0.0,0.0,0.0,0.0,0.00151,0.0,0.0,0.0,0.16295,0.0,0.12465,0.0,0.0,0.0,0.0,0.00121,0.0,0.0,0.0,0.0,0.0,0.0,0.0,0.0,0.0,0.31942000000000004,0.0,0.0,0.0,0.0,0.0,0.0,0.0,0.0,0.0,0.0,0.0,0.0,0.0,0.0,0.0,0.0,0.0,0.0,0.0,0.0,0.0,0.0,0.0,0.0,0.0,0.0,0.0,0.0,0.0,0.0,0.0,0.0,0.0,0.0,0.03242,0.00685,0.0,0.0,0.01576,0.0,0.0,0.0,0.0,0.0,0.0,0.0,0.0,0.0,0.0,0.0,0.0,0.0,0.0,0.00115,0.0,0.0,0.0,0.00115,0.0,0.0,0.0,0.0,0.0,0.0,0.0,0.012,0.0,0.09575,0.04563,0.0,0.0,0.0,0.0,0.0,0.0,0.0,0.0,0.0,0.0,0.0,0.0,0.0,0.0,0.0,0.0,0.0,0.0,0.0,0.0,0.0,0.0,0.0,0.00885,0.0,0.0,0.00061,0.0,0.0,0.0,0.0,0.0,0.00297,0.0,0.0,0.0,0.0,0.0,0.0,0.0,0.0,0.0,0.0,0.0,0.0,0.0,0.0,0.0,0.0,0.0,0.0,0.0,0.0,0.0,0.02066,0.0,0.0,0.0,0.0,0.0,0.0,0.0,0.0,0.0,0.0,0.0,0.0,0.0,0.0,0.0,0.0,0.0,0.0,0.00315,0.0,0.0,0.0,0.0,0.0,0.00867,0.0,0.0,0.0,0.0,0.0,0.00242,0.0,0.0,0.0,0.0,0.0,0.0,0.0,0.0,0.0,0.0,0.0,0.0,0.0,0.00667,0.0,0.0,0.00206,0.0,0.0,0.0,0.0,0.0,0.0,0.0,0.0,0.0,0.0,0.0,0.0,0.03909,0.0,0.0,0.0,0.0,0.0,0.0,0.0,0.0,0.0,0.0,0.0,0.0,0.0,0.0,0.0,0.0,0.0,0.0,0.0,0.0,0.0,0.0,0.0,0.00454,0.0,0.0,0.0,0.0,0.0,0.0,0.0,0.00151,0.0,0.0,0.0,0.0,0.0,0.0,0.00242,0.07429,0.0
SRR2143704,0.0,0.0,0.0,0.0,0.0,0.0,0.0,0.0005,0.0,0.01134,0.0,0.00163,0.0,0.0,0.0,0.14903,0.0,0.06208,0.0,0.0,0.0,0.0,0.0,0.0,0.0,0.0,0.0,0.00618,0.0,0.0,0.0,0.04483,0.30839,0.0,0.0,0.0,0.0,0.0,0.0003,0.0,0.0,0.0,0.0,0.0,0.0,0.0,0.0,0.0,0.0,0.0,0.0,0.0,0.0,0.0,0.0,0.0,0.0,0.0,0.0,0.0,0.0,0.0,0.0,0.00018,0.0,0.0,0.0,0.006370000000000001,0.0,0.0,0.0003,0.0,0.0,0.0,0.0,0.0,0.0,0.0,0.0,0.0,0.0,0.0,0.0,0.0,0.0,0.0,0.10929,0.0,0.0,0.00016,0.0019,0.0,0.00898,0.0,0.0,0.0,0.0,0.0,0.00023,0.0,0.01642,0.00966,0.0,0.0,0.0,0.0,0.0,0.0,0.0,0.0,0.0,0.0,0.0,0.0,0.0,0.00227,0.0,0.0,0.0,0.0,0.0,0.0,0.0,0.0,0.0,0.00823,0.00294,0.0,0.0002,0.0,0.0,0.0,0.0,0.0,0.00122,0.0,0.0,0.0,0.0,0.0,0.0,0.0,0.0,0.00221,0.0,0.0,0.0,0.0,0.0,0.0,0.0,0.0,0.00209,0.0,0.00017,0.0,0.0,0.0,0.0,0.0,0.0,0.0,0.0,0.0003,0.0,0.0,0.0,0.0,0.0,0.0002,0.0,0.0,0.0,0.0,0.0,0.00948,0.0,0.00145,0.0,0.00257,0.00108,0.00481,0.0,0.0,0.0,0.00033,0.0,0.00203,0.0,0.0,0.0,0.0,0.0,0.0,0.00074,0.0,0.0,0.0,0.0,0.0,0.0,0.0,0.00018,0.0,0.00115,0.00023,0.0,0.0,0.0,0.0,0.0,0.00047,0.0,0.0,0.0,0.0,0.0,0.07248,0.0,0.0,0.0,0.0,0.0,0.0,0.06486,0.0,0.0,0.0,0.0,0.0,0.0,0.0,0.0,0.0,0.0,0.0,0.0,0.0,0.0,0.0,0.0,0.00129,0.0,0.0,0.0,0.0,0.0,0.0,0.0,0.00355,0.0,0.0,0.0,0.0,0.0,0.0,0.0019299999999999999,0.02471,0.0
SRR2143705,0.0,0.0,0.0,0.0,0.0,0.0,0.0,0.0,0.0,0.06205,0.0,0.02312,0.0,0.0,0.0,0.0,0.0,0.013210000000000001,0.0,0.0,0.0,0.0,0.0,0.0,0.0,0.00447,0.0,0.029580000000000002,0.0,0.0,0.0,0.02416,0.3531,0.0,0.0,0.0,0.0,0.0,0.00046,0.0,0.0,0.0,0.0,0.0,0.0,0.0,0.0,0.0,0.0,0.0,0.0,0.0,0.0,0.0,0.0,0.0,0.0,0.0,0.0,0.0,0.0,0.0,0.0,0.00076,0.0,0.0,0.0,0.0,0.0,0.0,0.0003,0.0,0.0009,0.0,0.0,0.0,0.0,0.0,0.0,0.0,0.0,0.00227,0.0,0.0,0.0,0.0,0.00055,0.0,0.0,0.00013,0.00709,0.0,0.0,0.0,0.0,0.0,0.0,0.0,0.0,0.0,0.0,0.00913,0.0,0.0,0.0,0.0,0.0,0.0,0.00934,0.0,0.0,0.0,0.0,0.0,0.0,0.00168,0.0,0.0,0.0,0.0,0.0,0.0,0.0,0.0,0.0,0.00954,0.0,0.0,0.00029,0.00035,0.0,0.0,0.0,0.0,0.01684,0.0,0.0,0.00161,0.0,0.0,0.0,0.0,0.0,0.19569,0.0,0.0,0.0,0.0,0.0,0.09098,0.0,0.0,0.00057,0.0,0.0,0.0,0.00187,0.0,0.0,0.0,0.0,0.0,0.0,0.00039,0.0,0.0,0.0,0.0,0.0,0.0,0.0,0.0,0.0,0.0,0.0,0.00529,0.0,0.0,0.0,0.00028,0.0,0.0,0.0,0.0,0.0,0.0,0.0,0.01033,0.0,0.0,0.0,0.0,0.0,0.0,0.0,0.0,0.0,0.0,0.0,0.0,0.0,0.0,0.0,0.0,0.00278,0.00419,0.0,0.0,0.0,0.0,0.0,0.00239,0.0,0.0,0.0,0.0,0.0,0.05372,0.0,0.0,0.0,0.00051,0.0,0.0,0.0,0.0,0.0,0.0,0.0,0.0,0.0,0.0,0.0,0.0,0.0,0.0,0.0,0.0,0.0,0.0,0.0,0.02905,0.0,0.0,0.0,0.0,0.0,0.0,0.0,0.0,0.0,0.0,0.00032,0.0,0.0,0.0,0.009580000000000002,0.01221,0.00072
SRR2143706,0.0,0.0,0.0,0.0,0.0,0.0,0.0,0.0,0.0,0.00128,0.0,0.09576,0.0,0.0,0.0,0.03336,0.0,0.02948,0.0,0.0,0.00094,0.0,0.00324,0.0,0.0,0.00094,0.0,0.13905,0.00466,0.0,0.0,0.00691,0.06699999999999999,0.0,0.0,0.00237,0.0,0.0,0.0028899999999999998,0.0,0.0,0.0,0.0,0.0,0.0,0.0,0.0,0.0,0.0,0.0,0.0,0.0,0.0,0.0,0.0,0.0,0.0,0.0,0.00157,0.0,0.00116,0.0,0.0,0.00162,0.0,0.00114,0.0,0.03226,0.00863,0.0,0.0013,0.03316,0.0,0.0,0.0,0.0,0.0,0.0,0.0,0.0,0.0,0.0,0.0,0.0,0.0,0.0,0.01593,0.0,0.0,0.0,0.0029,0.0,0.0,0.0,0.0,0.0,0.0,0.0,0.00267,0.0,0.00155,0.05239,0.0,0.0,0.0,0.0,0.0,0.0,0.00055,0.0,0.0,0.0,0.0,0.0,0.0,0.0,0.0,0.0,0.0,0.0,0.0,0.0,0.0,0.0,0.0,0.00776,0.0,0.0,0.00128,0.0,0.0,0.0,0.0,0.0,0.02718,0.0,0.0,0.00057,0.0,0.0,0.0,0.0,0.0,0.0,0.0,0.0,0.0,0.0,0.0,0.0,0.0,0.0,0.0,0.01844,0.0,0.0,0.0,0.0,0.0,0.0,0.0,0.0,0.0,0.0,0.0,0.0,0.0,0.0,0.0,0.01625,0.0,0.0,0.00276,0.0,0.0,0.00342,0.0,0.01547,0.0,0.0,0.0,0.0,0.0,0.0,0.00078,0.00162,0.03788,0.18676,0.0,0.0,0.0,0.0,0.0,0.0,0.0,0.0,0.0,0.0,0.0,0.0,0.0,0.0,0.0,0.0,0.01611,0.00064,0.0,0.0,0.00078,0.0,0.0,0.0,0.0,0.0,0.0,0.0,0.0,0.03553,0.0,0.0,0.0,0.0,0.0,0.0,0.0327,0.0,0.0,0.0,0.0,0.0,0.0,0.00205,0.0,0.0,0.0,0.0,0.0,0.0,0.0,0.0,0.0,0.00105,0.0,0.0,0.0,0.0,0.0,0.0,0.0,0.01668,0.0,0.0,0.0,0.0,0.0,0.0,0.0,0.01371,0.00078
SRR2143709,0.0,0.0,0.0,0.0,0.0,0.0,0.0,0.0,0.0,0.15705,0.0,0.00189,0.0,0.0,0.0,0.11176,0.0,0.05741,0.0,0.0,0.0,0.0,0.0,0.0,0.0,0.0,0.0,0.00308,0.0,0.0,0.0,0.08698,0.22447,0.0,0.0,0.0,0.0,0.0,0.0,0.0,0.0,0.0,0.0,0.0,0.0,0.0,0.0,0.0,0.0,0.0,0.0,0.0,0.0,0.0,0.0,0.0,0.0,0.0,0.0,0.0,0.0,0.0,0.0,0.0,0.0,0.0,0.05377,0.07862999999999999,0.0033,0.0,0.0,0.00179,0.0,0.0,0.0,0.0,0.0,0.0,0.0,0.0,0.0,0.0,0.0,0.0,0.0,0.0,0.00925,0.0,0.0,0.0,0.0072,0.0,0.0,0.0,0.0,0.0,0.00546,0.0,0.00097,0.0,0.00032,0.02484,0.0,0.0,0.0,0.0,0.0,0.0,0.0,0.0,0.0,0.0,0.0,0.0,0.0,0.00189,0.0,0.0,0.0,0.0,0.0,0.0,0.0,0.0,0.0,0.0033,0.0,0.0,0.00041,0.0,0.0,0.0,0.0,0.0,0.00226,0.0,0.0,0.0,0.0,0.0,0.0,0.0,0.0,0.00039,0.0,0.0,0.0,0.0,0.0,0.0058,0.0,0.00058,0.0,0.0,0.0,0.0,0.00039,0.0,0.0,0.0,0.0,0.0,0.0,0.00034,0.0,0.0,0.0,0.0,0.00029,0.0,0.0,0.0,0.0,0.0,0.0,0.00885,0.0,0.00051,0.0,0.0,0.0,0.00112,0.0,0.0,0.0,0.00572,0.00027,0.00068,0.0,0.0,0.0,0.0,0.0,0.0,0.0,0.0,0.0,0.0,0.0,0.0,0.0,0.0,0.0,0.0,0.0,0.00196,0.0,0.0,0.00075,0.0,0.0,0.0,0.0,0.0,0.0,0.0,0.0,0.01242,0.0,0.0,0.0,0.0,0.0,0.0,0.00213,0.0,0.0,0.0,0.0,0.0,0.0,0.03347,0.0,0.0,0.0,0.0,0.0,0.0,0.0,0.0,0.0,0.00801,0.0,0.0,0.0,0.0,0.0,0.0,0.0,0.00175,0.0,0.0,0.00078,0.0,0.0,0.0,0.00347,0.06178,0.0
SRR2143711,0.0,0.0,0.0,0.0,0.0,0.0,0.0,0.0007,0.0,0.13273,0.0,0.04156,0.0,0.0,0.0,0.06029,0.0,0.09641999999999999,0.0,0.0,0.0,0.0,0.0,0.0,0.0,0.0,0.0,0.08076,0.0,0.0,0.0,0.0,0.10904,0.0,0.0,0.00279,0.0,0.0,0.00036,0.0,0.0,0.0,0.0,0.0,0.0,0.0,0.0,0.0,0.0,0.0,0.0,0.0,0.0,0.0,0.0,0.0,0.0,0.0,0.0,0.0,0.00114,0.0,0.0,0.00202,0.0,0.0,0.0,0.01877,0.02954,0.0,0.00027,0.02916,0.0,0.0,0.0,0.0,0.0,0.0,0.0,0.0,0.0,0.0,0.0,0.0,0.0,0.0,0.04588,0.0,0.0,0.0,0.0,0.0,0.0,0.0,0.0,0.0,0.0,0.0,0.00228,0.0,0.01873,0.02434,0.0,0.0,0.0,0.0,0.0,0.0,0.03571,0.0,0.0,0.0,0.0,0.0,0.0,0.0,0.0,0.0,0.0,0.0,0.0,0.0,0.0,0.0,0.0,0.00243,0.00031,0.0,0.00052,0.00024,0.0,0.0,0.0,0.0,0.00441,0.0,0.0,0.00473,0.0,0.0,0.0,0.0,0.0,0.00098,0.0,0.0,0.0,0.0,0.0,0.00033,0.0,0.0,0.0,0.0,0.00166,0.0,0.0,0.0,0.0,0.0,0.0,0.0,0.0,0.00043,0.0,0.0,0.0,0.0,0.00049,0.0011,0.0,0.0,0.0003,0.0,0.0,0.00485,0.0,0.01412,0.0,0.02281,0.00227,0.0,0.0,0.0,0.0,0.0,0.0,0.04202,0.0,0.0,0.0,0.0,0.0,0.0,0.0,0.0,0.0,0.0,0.0,0.0,0.0,0.0,0.00295,0.0,0.0,0.00093,0.0,0.0,0.00193,0.04811,0.0,0.00119,0.0,0.0,0.0,0.0,0.0,0.01415,0.0,0.0,0.0,0.0,0.0,0.0,0.0,0.0,0.0,0.0,0.0,0.0,0.0,0.0,0.0,0.0,0.0,0.0,0.0,0.0,0.0,0.0,0.0,0.00191,0.0,0.0,0.0,0.0,0.0,0.0,0.0,0.00727,0.0,0.0,0.0,0.0,0.0,0.0,0.00181,0.05695,0.00018
SRR2143713,0.0,0.0,0.0,0.0,0.0,0.0,0.0,0.00109,0.0,0.01882,0.0,0.0,0.0,0.0,0.0,0.03053,0.0,0.05346,0.0,0.0,0.0,0.0,0.0,0.0,0.0,0.0,0.0,0.33311999999999997,0.0,0.0,0.0,0.0,0.07902999999999999,0.0,0.0,0.0,0.0,0.0,0.0,0.0,0.0,0.0,0.0,0.0,0.0,0.0,0.0,0.0,0.0,0.0,0.0,0.0,0.0,0.0,0.0,0.0,0.0,0.0,0.0,0.0,0.0,0.0,0.0,0.01757,0.0,0.0,0.0,0.0,0.0,0.0,0.00039,0.00539,0.0,0.0,0.0,0.0,0.0,0.0,0.0,0.0,0.0,0.0,0.0,0.0,0.0,0.0,0.07862,0.0,0.0,0.0,0.00176,0.0,0.0,0.0,0.0,0.0,0.0,0.0,0.0,0.0,0.0,0.01268,0.0,0.0,0.0,0.0,0.0,0.0,0.00253,0.0,0.0018,0.0,0.0,0.0,0.0,0.0,0.0,0.0,0.0,0.0,0.0,0.0,0.0,0.00235,0.0,0.00869,0.0,0.0,0.0,0.0,0.0,0.0,0.0,0.0,0.01262,0.0,0.0,0.0018,0.0,0.0,0.0,0.0,0.0,0.0,0.0,0.0,0.0,0.0,0.0,0.00263,0.0,0.0,0.0,0.0,0.00034,0.0,0.00135,0.0,0.0,0.0,0.0,0.0,0.0,0.00034,0.0,0.0,0.0,0.0,0.00034,0.0,0.0,0.0,0.0,0.0,0.0,0.00479,0.0,0.00037,0.0,0.0,0.0,0.0,0.0,0.0,0.0,0.00018,0.06274,0.04997,0.0,0.0,0.0,0.0,0.0,0.0,0.0,0.0,0.0,0.0,0.0,0.0,0.0,0.0,0.0,0.0,0.0,0.00125,0.0,0.0,0.0,0.0,0.0,0.0,0.0,0.0,0.0,0.0,0.0,0.01369,0.0,0.0,0.0,0.0,0.0,0.0,0.08,0.0,0.0,0.0,0.0,0.0,0.0,0.0,0.0,0.0,0.0,0.0,0.0,0.0,0.0,0.0,0.0,0.00096,0.0,0.0,0.0,0.0,0.0,0.0,0.0,0.00256,0.0,0.0,0.0,0.0,0.00525,0.0,0.00151,0.08554,0.00034
SRR2143716,0.0,0.0,0.0,0.0,0.0,0.0,0.0,0.00034,0.0,0.00862,0.0,0.01111,0.0,0.0,0.0,0.09337,0.0,0.08072,0.0,0.0,0.0,0.0,0.0,0.0,0.0,0.00292,0.0,0.06226,0.0,0.0,0.0,0.07632,0.19088,0.0,0.0,0.01181,0.0,0.0,0.0,0.0,0.0,0.0,0.0,0.0,0.0,0.0,0.0,0.0,0.0,0.0,0.0,0.0,0.0,0.0,0.0,0.0,0.0,0.0,0.0,0.0,0.00093,0.0,0.0,0.00371,0.0,0.0,0.0,0.0,0.05258,0.0,0.0,0.060500000000000005,0.00021,0.0,0.0,0.0,0.0,0.0,0.0,0.0,0.0,0.0,0.0133,0.0,0.0,0.0,0.00108,0.0,0.0,0.0,0.00041,0.0,0.0,0.0,0.0,0.0,0.00518,0.0,0.0,0.0,0.0,0.02263,0.0,0.0,0.0,0.0,0.0,0.0,0.00041,0.0,0.0,0.0,0.0,0.0,0.0,0.00048,0.0,0.0,0.0,0.0,0.0,0.0,0.0,0.0,0.0,0.00585,0.0,0.0,0.00019,0.00048,0.0,0.0,0.0,0.0,0.00034,0.0,0.0,0.00048,0.0,0.0,0.0,0.0,0.0,0.0,0.0,0.0,0.0,0.0,0.0,0.00683,0.0,0.0,0.0,0.0,0.0,0.0,0.0,0.0,0.0,0.0,0.0,0.0,0.0,0.00031,0.0,0.0,0.0,0.0,0.0,0.00027,0.0,0.0,0.00273,0.0,0.0,0.00505,0.0,0.0069,0.0,0.08654,0.0,0.0,0.0,0.0,0.0,0.0,0.0858,0.04688,0.0,0.0,0.0,0.0,0.0,0.0,0.0,0.0,0.0,0.0,0.0,0.0,0.0,0.0,0.0,0.0,0.0,0.00199,0.0,0.0,0.0,0.00029,0.0,0.0,0.0,0.0,0.0,0.0,0.0,0.01873,0.0,0.0,0.0,0.0,0.0,0.0,0.0,0.0,0.0,0.0,0.0,0.0,0.0,0.0,0.0,0.0,0.0,0.0,0.0,0.0,0.0,0.0,0.0,0.00088,0.0,0.0,0.0,0.0,0.0,0.0,0.0,0.0,0.0,0.0,0.00027,0.0,0.0,0.0,0.00172,0.01116,0.0
SRR2143717,0.0,0.0,0.0,0.0,0.0,0.0,0.0,0.00028,0.0,0.05957,0.0,0.00213,0.0,0.0,0.0,0.06464,0.0,0.21375,0.0,0.0,0.0,0.0,0.0021,0.0,0.0,0.0,0.0,0.00676,0.00192,0.0,0.0,0.0,0.14245,0.0,0.0,0.00023,0.0,0.0,0.0,0.0,0.0,0.0,0.0,0.0,0.0,0.0,0.0,0.0,0.0,0.0,0.0,0.0,0.0,0.0,0.0,0.0,0.0,0.0,0.0,0.0,0.0,0.0,0.0,0.00026,0.0,0.0,0.03422,0.01156,0.0,0.0,0.0,0.02025,0.0,0.0,0.0,0.0,0.0,0.0,0.0,0.0,0.0,0.0,0.0,0.0,0.0,0.0,0.04474,0.0,0.0,0.0,0.00926,0.0,0.0,0.0,0.0,0.0,0.0,0.0,0.00685,0.0,0.0,0.02133,0.0,0.0,0.0,0.0,0.0,0.0,0.00031,0.0,0.0,0.0,0.0,0.0,0.0,0.00393,0.0,0.0,0.0,0.0,0.0,0.0,0.0,0.0,0.0,0.01104,0.0,0.0,0.00066,0.0,0.0,0.0,0.0,0.0,0.00084,0.0,0.0,0.00019,0.0,0.0,0.0,0.0,0.0,0.0,0.0,0.0,0.0,0.0,0.0,0.01635,0.0,0.0,0.00129,0.06142,0.0,0.0,0.00169,0.0,0.0,0.0,0.0,0.0,0.0,0.00031,0.0,0.0,0.0,0.0,0.0,0.00024,0.0,0.0,0.0,0.0,0.0,0.00197,0.0,0.0,0.0,0.0,0.0,0.00875,0.0,0.0,0.0007,0.0,0.00108,0.0,0.0,0.0,0.0,0.0,0.0,0.0,0.00148,0.0,0.0,0.0,0.0,0.0,0.0,0.0,0.0,0.0,0.00985,0.0,0.0,0.0,0.0,0.0,0.0,0.00159,0.0,0.0,0.0,0.0,0.0,0.02145,0.0,0.0,0.0,0.0,0.0,0.0,0.030670000000000003,0.0,0.0,0.0,0.0,0.0,0.0,0.01927,0.0,0.0,0.0,0.0,0.0,0.0,0.0,0.0,0.0,0.01056,0.0,0.0,0.0,0.0,0.0,0.0,0.0,0.01577,0.0,0.0,0.00024,0.0,0.0,0.0,0.00033,0.09446,0.0
SRR2143722,0.0,0.0,0.0,0.0,0.00208,0.0,0.0,0.0,0.0,0.00704,0.0,0.01668,0.0,0.0,0.0,0.01262,0.0,0.01561,0.0,0.0,0.0,0.0,0.0,0.0,0.0,0.01362,0.0,0.07744999999999999,0.00105,0.0,0.0,0.0,0.03023,0.0,0.0,0.0005,0.0,0.0,0.00029,0.0,0.0,0.0,0.0,0.0,0.0,0.0,0.0,0.0,0.0,0.0,0.0,0.0,0.0,0.0,0.0,0.0,0.0,0.0,0.0,0.0,0.00038,0.0,0.0,0.00119,0.0,0.0,0.0,0.00119,0.00761,0.0,0.01207,0.0036,0.0,0.0,0.0,0.0,0.0,0.0,0.0,0.0,0.0,0.0,0.0,0.0,0.0,0.0,0.01785,0.0,0.0,0.0,0.00074,0.00036,0.01482,0.0,0.0,0.0,0.01539,0.0,0.0,0.0,0.0015,0.0162,0.0,0.0,0.0,0.0,0.0,0.0,0.0011,0.0,0.24342,0.0,0.0,0.0,0.0,0.0,0.0,0.0,0.0,0.0,0.0,0.0079,0.0,0.00367,0.0,0.00265,0.0,0.0,0.0,0.0,0.00026,0.0,0.0,0.0,0.00849,0.0,0.0,0.00045,0.0,0.0,0.0,0.0,0.0,0.00029,0.0,0.0,0.0,0.0,0.0,0.01291,0.0,0.0,0.0,0.0,0.0,0.0,0.00036,0.0,0.0,0.00119,0.0,0.0,0.0,0.0,0.0,0.0,0.0,0.0,0.0,0.00105,0.0,0.0,0.00153,0.00978,0.0,0.00134,0.0,0.04512,0.0,0.00308,0.0,0.0,0.0,0.0,0.0,0.0,0.01064,0.08348,0.0,0.0,0.0,0.0,0.0,0.0,0.0,0.0,0.0,0.0,0.0,0.0,0.0,0.0,0.00308,0.0,0.00174,0.00057,0.07298,0.0,0.0,0.02088,0.0,0.00045,0.0,0.0,0.00146,0.0,0.0,0.00907,0.0,0.0,0.0,0.09475,0.0,0.0,0.01012,0.0,0.0,0.0,0.00165,0.0,0.0,0.0,0.0,0.0,0.0,0.0,0.0,0.0,0.0,0.00041,0.0,0.00226,0.0,0.0,0.0,0.0,0.0,0.0,0.0,0.00417,0.00098,0.0,0.0,0.0,0.0,0.01739,0.00336,0.01138,0.00045
SRR2143723,0.0,0.00253,0.0,0.0,0.0,0.0,0.0,0.00061,0.0,0.0,0.0,0.00098,0.0,0.0,0.0,0.0512,0.0,0.00722,0.0,0.0,0.0,0.0,0.0,0.0,0.0,0.01029,0.0,0.00834,0.0,0.0,0.0,0.0,0.06331,0.0,0.0,0.00048,0.0,0.0,0.0,0.0,0.0,0.0,0.0,0.0,0.0,0.0,0.0,0.0,0.0,0.0,0.0,0.0,0.0,0.0,0.0,0.0,0.0,0.0,0.00049,0.0,0.00312,0.0,0.0,0.04746,0.0,0.0,0.02151,0.00188,0.1134,0.0,0.00011,0.05736,0.0,0.0,0.0,0.0,0.0,0.0,0.0,0.0,0.0,0.0,0.0,0.0,0.0,0.0,0.11106,0.0,0.0,0.0,0.0,0.0,0.0,0.0,0.0,0.0,0.0,0.0,0.0,0.0,0.0,0.02023,0.0,0.0,0.0,0.0,0.0,0.0,0.0004,0.0,0.0,0.0,0.0,0.0,0.0,0.0,0.0,0.0,0.0,0.0,0.0,0.0,0.0,0.00027,0.0,0.00469,0.00022,0.0,0.0,0.0,0.0,0.0,0.0,0.0,0.02344,0.0,0.0,0.0,0.0,0.0,0.0,0.0,0.0,0.0,0.0,0.0,0.0,0.0,0.0,0.0,0.0,0.0,0.0,0.0,0.00068,0.0,0.0,0.0,0.0,0.0,0.0,0.0,0.0,0.00036,0.0,0.0,0.0,0.0,0.00022,0.0002,0.0,0.0,0.00018,0.0,0.0,0.00406,0.0,0.00247,0.0,0.00345,0.0,0.0,0.0,0.0,0.0,0.0,0.06466,0.00473,0.0,0.0,0.0,0.00047,0.0,0.0,0.0,0.0,0.0,0.0,0.0,0.0,0.0,0.0,0.0,0.0,0.0,0.00031,0.0,0.0,0.0,0.03836,0.0,0.0,0.0,0.0,0.0,0.0,0.0,0.08057,0.0,0.0,0.0,0.0,0.0,0.0,0.0108,0.0,0.0,0.0,0.0,0.0,0.0,0.0,0.0,0.0,0.0,0.0,0.0,0.0,0.0,0.0,0.0,0.0,0.0,0.0,0.0,0.0,0.0,0.0,0.0,0.00129,0.0,0.0,0.0,0.0,0.0,0.0,0.0003,0.04102,0.0
SRR2143725,0.0,0.03962,0.0,0.0,0.0,0.0,0.0,0.00051,0.0,0.16431,0.0,0.00708,0.0,0.0,0.0,0.11679,0.0,0.11258,0.0,0.0,0.0,0.0,0.0,0.0,0.0,0.00147,0.0,0.04102,0.0029,0.0,0.0,0.17003000000000001,0.07619,0.0,0.0,0.0,0.0,0.0,0.0,0.0,0.0,0.0,0.0,0.0,0.0,0.0,0.0,0.0,0.0,0.0,0.0,0.0,0.0,0.0,0.0,0.0,0.0,0.0,0.0,0.0,0.0,0.0,0.0,0.0,0.0,0.00031,0.0,0.0,0.03474,0.0,0.0,0.00517,0.0,0.0,0.0,0.0,0.0,0.0,0.0,0.0,0.0,0.0,0.0,0.0,0.0,0.0,0.0017000000000000001,0.0,0.0,0.0,0.0,0.0,0.0,0.0,0.0,0.0,0.0,0.0,0.00958,0.0,0.0,0.00297,0.0,0.0,0.0,0.0,0.0,0.0,0.00538,0.0,0.0,0.0,0.0,0.0,0.0,0.0,0.0,0.0,0.0,0.0,0.0,0.0,0.0,0.0,0.0,0.003,0.0,0.0,0.0,0.0,0.0,0.0,0.0,0.0,0.00899,0.0,0.0,0.0,0.0,0.0,0.0,0.0,0.0,0.0,0.0,0.0,0.0,0.0,0.0,0.00182,0.0,0.00024,0.00057,0.0,0.0,0.0,0.00051,0.0,0.0,0.0,0.0,0.0,0.0,0.00019,0.0,0.0,0.0,0.0,0.0,0.0,0.0,0.0,0.0,0.0,0.0,0.00061,0.0,0.028990000000000002,0.0,0.0,0.00034,0.0,0.0,0.0,0.0,0.0,0.03562,0.08215,0.0,0.00174,0.0,0.0,0.0,0.0,0.0,0.0,0.0,0.0,0.0,0.0,0.0,0.0,0.0,0.0,0.00027,0.00243,0.0,0.0,0.0,0.0,0.0,0.00017,0.0,0.0,0.0,0.0,0.0,0.01839,0.0,0.0,0.0,0.0,0.0,0.0,0.0,0.0,0.0,0.0,0.0,0.0,0.0,0.0,0.0,0.0,0.0,0.0,0.0,0.0,0.0,0.0,0.0,0.00074,0.0,0.0,0.0,0.0,0.0,0.0,0.0,0.00053,0.0,0.0,0.00017,0.0,0.0,0.0,0.00597,0.00279,0.0
SRR2143726,0.0,0.0,0.0,0.0,0.0,0.0,0.0,0.00071,0.0,0.01741,0.0,0.0,0.0,0.0,0.0,0.00078,0.0,0.05638,0.0,0.0,0.0,0.0,0.0,0.0,0.0,0.0,0.0,0.022650000000000003,0.0,0.0,0.0,0.14828,0.13385000000000002,0.0,0.0,0.0,0.0,0.0,0.0,0.0,0.0,0.0,0.0,0.0,0.0,0.0,0.0,0.0,0.0,0.0,0.0,0.0,0.0,0.0,0.0,0.0,0.0,0.0,0.0,0.0,0.0,0.0,0.0,0.0003,0.0,0.0,0.0,0.00055,0.06203,0.0,0.0,0.07327,0.0,0.0,0.0,0.0,0.0,0.0,0.0,0.0,0.0,0.0,0.0,0.0,0.0,0.0,0.09369,0.0,0.0,0.0,0.01119,0.00039,0.0,0.0,0.0,0.0,0.01076,0.0,0.0,0.0,0.0,0.00174,0.0,0.0,0.0,0.0,0.0,0.0,0.0,0.0,0.0,0.0,0.0,0.0,0.0,0.0,0.0,0.0,0.0,0.0,0.0,0.0,0.0,0.0,0.0,0.0003,0.00493,0.0,0.00025,0.0,0.0,0.0,0.0,0.0,0.00028,0.0,0.0,0.00044,0.0,0.0,0.0,0.0,0.0,0.0,0.0,0.0,0.0,0.0,0.0,0.0031,0.0,0.00385,0.0,0.0,0.00039,0.0,0.00963,0.0,0.0,0.00305,0.0,0.0,0.0,0.00067,0.0,0.0,0.0,0.0,0.00025,0.0,0.0,0.0,0.0,0.0,0.0,0.0,0.0,0.0,0.0,0.08985,0.0,0.0,0.0,0.0,0.0,0.0,0.0,0.00106,0.0,0.0,0.0,0.0,0.0,0.0,0.0,0.0,0.0,0.0,0.0,0.0,0.0,0.0,0.0,0.0,0.00032,0.0,0.06678,0.0,0.0,0.0,0.0,0.0,0.0,0.0,0.0,0.0,0.0,0.00746,0.0,0.0,0.0,0.0,0.0,0.0,0.00539,0.0,0.0,0.0,0.0,0.0,0.0,0.0,0.0,0.0,0.0,0.0,0.0,0.0,0.0,0.0,0.0,0.00119,0.0,0.0,0.0,0.0,0.0,0.0,0.0,0.00057,0.00044,0.0,0.0,0.0,0.0,0.0,0.005070000000000001,0.15023,0.0
SRR2143727,0.0,0.0,0.0,0.0,0.0,0.0,0.0,0.0,0.0,0.00698,0.0,0.12551,0.0,0.0,0.0,0.0,0.0,0.0025,0.0,0.0,0.0,0.0,0.0,0.0,0.0,0.0,0.0,0.16749,0.0,0.0,0.0,0.0,0.14964,0.0,0.0,0.0,0.0,0.0,0.0,0.0,0.0,0.0,0.0,0.0,0.0,0.0,0.0,0.0,0.0,0.0,0.0,0.0,0.0,0.0,0.0,0.0,0.0,0.0,0.0,0.0,0.0,0.0,0.0,0.0039,0.0,0.0,0.0,0.00358,0.00704,0.0,0.00256,0.01101,0.0,0.0,0.0,0.0,0.0,0.0,0.0,0.0,0.0,0.0,0.0,0.0,0.00384,0.0,0.0041,0.0,0.0,0.0,0.01318,0.0,0.0,0.0,0.0,0.0,0.01402,0.0,0.0,0.0,0.0,0.00742,0.0,0.0,0.0,0.0,0.0,0.0,0.0,0.0,0.0,0.0,0.0,0.0,0.0,0.0,0.0,0.0,0.0,0.0,0.0,0.00122,0.0,0.00102,0.0,0.00416,0.0,0.0,0.0,0.0,0.0,0.0,0.0,0.0,0.00141,0.0,0.0,0.0,0.0,0.0,0.0,0.0,0.0,0.0,0.0,0.0,0.0,0.0,0.0,0.00262,0.0,0.0,0.0,0.0,0.0,0.0,0.00179,0.0,0.0,0.0,0.0,0.0,0.0,0.0,0.0,0.0,0.0,0.0,0.0,0.0,0.0,0.0,0.0,0.0,0.0,0.00256,0.0,0.00186,0.0,0.00141,0.00115,0.0,0.0,0.0,0.00064,0.0,0.00083,0.01971,0.0,0.00134,0.0,0.0,0.0,0.0,0.0,0.0,0.0,0.0,0.0,0.0,0.0,0.00115,0.0,0.0,0.30163,0.00474,0.04122,0.0,0.0,0.0,0.0,0.00218,0.0,0.0,0.0,0.0,0.0,0.0295,0.0,0.0,0.0,0.0,0.0,0.0,0.0,0.0,0.0,0.0,0.0,0.0,0.0,0.0,0.0,0.0,0.0,0.0,0.0,0.0,0.0,0.0,0.0,0.0,0.0,0.0,0.0,0.0,0.0,0.0,0.0,0.0057,0.0,0.0,0.0,0.0,0.0,0.0,0.01274,0.02547,0.00077
SRR2143729,0.0,0.0,0.0,0.0,0.0,0.0,0.0,0.00304,0.0,0.01081,0.0,0.01954,0.0,0.0,0.0,0.06379,0.0,0.05972,0.0,0.0,0.0,0.0,0.0,0.0,0.0,0.0,0.0,0.0,0.00187,0.0,0.0,0.0,0.28721,0.0,0.0,0.0,0.0,0.0,0.0,0.0,0.0,0.0,0.0,0.0,0.0,0.0,0.0,0.0,0.0,0.0,0.0,0.0,0.0,0.0,0.0,0.0,0.0,0.0,0.0,0.0,0.0,0.0,0.0,0.00521,0.0,0.0,0.0,0.00298,0.07462,0.0,0.0,0.0149,0.0,0.0,0.0,0.0,0.0,0.0,0.0,0.0,0.0,0.0,0.0,0.0,0.0,0.0,0.03813,0.0,0.0,0.0,0.00093,0.0,0.0,0.0,0.0,0.0,0.0,0.0,0.00945,0.0,0.02104,0.02327,0.0,0.0,0.0,0.0,0.0,0.0,0.0,0.0,0.0,0.0,0.0,0.0,0.0,0.0,0.0,0.0,0.0,0.0,0.0,0.0,0.0,0.0,0.0,0.00388,0.0053,0.0,0.0,0.0,0.0,0.0,0.0,0.0,0.00936,0.0,0.0,0.0,0.0,0.0,0.0,0.0,0.0,0.00328,0.0,0.0,0.0,0.0,0.0,0.0165,0.0,0.05129,0.0,0.0,0.00039,0.0,0.01331,0.0,0.0,0.0,0.0,0.0,0.0,0.00087,0.0,0.0,0.0,0.0,0.00084,0.0,0.0,0.0,0.0,0.0,0.0,0.00331,0.0,0.0,0.0,0.0,0.0,0.01821,0.0,0.0,0.0,0.00057,0.00111,0.00406,0.0,0.0,0.0,0.0,0.0,0.0,0.0,0.0,0.0,0.0,0.0,0.0,0.0,0.0,0.0,0.0,0.00196,0.00364,0.0,0.0,0.0,0.0,0.0,0.00078,0.0,0.0,0.0,0.0,0.0,0.07044,0.0,0.0,0.0,0.0,0.0,0.0,0.0,0.0,0.0,0.0,0.0,0.0,0.0,0.0,0.0,0.0,0.0,0.0,0.0,0.0,0.0,0.0,0.0,0.0,0.0,0.0,0.0,0.0,0.0,0.0,0.0,0.0087,0.0,0.0,0.0,0.0,0.0,0.0,0.0024400000000000003,0.12736999999999998,0.0
SRR2143730,0.0,0.0,0.0,0.0,0.0,0.0,0.0,0.00072,0.0,0.0,0.0,0.0,0.0,0.0,0.0,0.10637,0.0,0.04365,0.0,0.0,0.0,0.0,0.0,0.0,0.0,0.0,0.0,0.13735,0.0,0.0,0.0,0.0,0.16001,0.0,0.0,0.0,0.0,0.0,0.0,0.0,0.0,0.0,0.0,0.0,0.0,0.0,0.0,0.0,0.0,0.0,0.0,0.0,0.0,0.0,0.0,0.0,0.0,0.0,0.0,0.0,0.0,0.0,0.0,0.01215,0.0,0.0,0.0,0.0,0.00057,0.0,0.0,0.09029000000000001,0.0,0.0,0.0,0.0,0.0,0.0,0.0,0.0,0.0,0.00632,0.0,0.0,0.0,0.0,0.03894,0.0,0.0,0.0,0.0,0.0,0.0,0.0,0.0,0.0,0.0,0.0,0.0,0.0,0.0,0.0564,0.0,0.0,0.0,0.0,0.0,0.0,0.00213,0.0,0.0,0.0,0.0,0.0,0.0,0.0,0.0,0.0,0.0,0.0,0.0,0.0,0.0,0.0,0.0,0.00781,0.0,0.0,0.0,0.00247,0.0,0.0,0.0,0.0,0.0288,0.0,0.0,0.0,0.0,0.0,0.0,0.0,0.0,0.0,0.00078,0.0,0.0,0.0,0.0,0.01347,0.0,0.0,0.0,0.0,0.01223,0.0,0.00503,0.0,0.0,0.0,0.0,0.0,0.0,0.00089,0.0,0.0,0.0,0.0,0.0,0.00207,0.0,0.0,0.0,0.0,0.0,0.01763,0.0,0.0,0.0,0.0,0.0,0.0,0.0,0.0,0.0,0.0,0.0,0.016,0.0,0.0,0.0,0.0,0.0,0.0,0.0,0.0,0.0,0.0,0.0,0.0,0.0,0.0,0.00086,0.0,0.00112,0.00098,0.0,0.0,0.0,0.00092,0.0,0.0,0.0,0.0,0.0,0.0,0.0,0.12604,0.0,0.0,0.0,0.0,0.0,0.0,0.03679,0.0,0.0,0.0,0.0,0.0,0.0,0.0,0.0,0.0,0.0,0.0,0.0,0.0,0.0,0.0,0.0,0.00121,0.0,0.0,0.0,0.0,0.0,0.0,0.0,0.0,0.0,0.0,0.0,0.0,0.0,0.0,0.0,0.05212,0.00439
SRR2143731,0.0,0.0,0.0,0.0,0.0,0.0,0.0,0.00106,0.0,0.00077,0.00042,0.07097,0.0,0.0,0.0,0.04898,0.0,0.02665,0.0,0.0,0.0,0.0,0.00174,0.0,0.0,0.0,0.0,0.14244,0.00313,0.0,0.0,0.04672,0.0959,0.0,0.0,0.00032,0.0,0.0,0.0,0.0,0.0,0.0,0.0,0.0,0.0,0.0,0.0,0.0,0.0,0.0,0.0,0.0,0.0,0.0,0.0,0.0,0.0,0.0,0.00209,0.0,0.00055,0.0,0.0,0.00168,0.0,0.0,0.0,0.02049,0.00986,0.0,0.0009,0.0409,0.0,0.0,0.0,0.0,0.0,0.0,0.0,0.0,0.0,0.0,0.0,0.0,0.0,0.0,0.02923,0.0,0.0,0.0,0.0,0.0,0.0,0.0,0.0,0.0,0.01041,0.0,0.00454,0.0,0.00097,0.03058,0.0,0.0,0.0,0.0,0.0,0.0,0.0,0.0,0.0,0.0,0.0,0.0,0.0,0.0,0.0,0.0,0.0,0.0,0.0,0.0,0.0,0.0,0.0,0.00928,0.0,0.0,0.00113,0.0,0.0,0.0,0.0,0.0,0.04067,0.0,0.0,0.0,0.0,0.0,0.0,0.0,0.0,0.0,0.0,0.0,0.0,0.0,0.0,0.00158,0.0,0.0,0.0,0.0,0.00074,0.0,0.00061,0.0,0.0,0.0,0.0,0.0,0.0,0.00052,0.0,0.0,0.0,0.0,0.0,0.00783,0.0,0.0,0.00151,0.0,0.0,0.00074,0.0,0.00838,0.0,0.0,0.0,0.0,0.0,0.0,0.00035,0.00052,0.02056,0.18703,0.0,0.0,0.0,0.0,0.0,0.0,0.0,0.0,0.0,0.0,0.0,0.0,0.0,0.0,0.0,0.0,0.00902,0.0,0.0,0.0,0.00061,0.0,0.0,0.0,0.0,0.0,0.0,0.0,0.0,0.00635,0.0,0.0,0.0,0.0,0.0,0.0,0.016210000000000002,0.0,0.0,0.0,0.0,0.0,0.0,0.0088,0.0,0.0,0.0,0.0,0.0,0.0,0.0,0.0,0.0,0.00081,0.0,0.0,0.0,0.0,0.0,0.0,0.0,0.00583,0.0,0.0,0.0,0.0,0.0,0.0,0.00074,0.07431,0.00077
SRR2143733,0.0,0.0,0.0,0.0,0.0,0.0,0.0,0.00082,0.0,0.03858,0.0,0.00894,0.0,0.0,0.0,0.02518,0.0,0.08622,0.0,0.0,0.0,0.0,0.00136,0.0,0.0,0.0,0.0,0.021349999999999997,0.00355,0.0,0.0,0.04859,0.10615000000000001,0.0,0.0,0.00106,0.0,0.0,0.0,0.0,0.0,0.0,0.0,0.0,0.0,0.0,0.0,0.0,0.0,0.0,0.0,0.0,0.0,0.0,0.0,0.0,0.0,0.0,0.0,0.0,0.00058,0.0,0.0,0.00024,0.0,0.0,0.0,0.00292,0.04185,0.0,0.00365,0.04934,0.0,0.0,0.00026,0.0,0.0,0.0,0.0,0.0,0.0,0.00042,0.0,0.0,0.0,0.0,0.20228000000000002,0.0,0.0,0.0,0.00344,0.0,0.0,0.0,0.0,0.0,0.0,0.0,0.00381,0.0,0.00034,0.02895,0.0,0.0,0.0,0.0,0.0,0.0,0.00206,0.0,0.0,0.0,0.0,0.0,0.0,0.00238,0.0,0.0,0.0,0.0,0.0,0.0,0.0,0.0,0.0,0.00879,0.0,0.0,0.0,0.0,0.0,0.0,0.0,0.0,0.00312,0.0,0.0,0.00042,0.0,0.0,0.0,0.0,0.0,0.00098,0.0,0.0,0.0,0.0,0.0,0.01809,0.0,0.0,0.0,0.0,0.00042,0.0,0.0,0.0,0.0,0.0,0.0,0.0,0.0,0.0005,0.0,0.0,0.0,0.0,0.00058,0.0,0.0,0.0,0.001,0.0,0.0,0.0012,0.0,0.00266,0.0,0.00052,0.00102,0.00216,0.0,0.0,0.0,0.0,0.01076,0.00996,0.0,0.00056,0.0,0.0,0.0,0.0,0.0,0.0,0.0,0.0,0.0,0.0,0.0,0.0,0.0,0.0,0.002,0.00407,0.0,0.0,0.0,0.0,0.0,0.0,0.0,0.0,0.0,0.0,0.0,0.04493,0.0,0.0,0.0,0.0,0.0,0.0,0.0,0.0,0.0,0.0,0.0,0.0,0.0,0.0,0.0,0.0,0.0,0.0,0.0,0.0,0.0,0.0,0.0,0.0,0.0,0.0,0.0,0.0,0.0,0.0,0.0,0.06895,0.0,0.0,0.00046,0.0,0.0,0.0,0.00144,0.09593,0.0
SRR2143735,0.0,0.0,0.0,0.0,0.0,0.0,0.0,0.0,0.0,0.0,0.0,0.0,0.0,0.0,0.0,0.05938,0.0,0.062049999999999994,0.0,0.0,0.0,0.0,0.0,0.0,0.0,0.0,0.0,0.00954,0.0,0.0,0.0,0.0,0.29139,0.0,0.0,0.0,0.0,0.0,0.00185,0.0,0.0,0.0,0.0,0.0,0.0,0.0,0.0,0.0,0.0,0.0,0.0,0.0,0.0,0.0,0.0,0.0,0.0,0.0,0.0,0.0,0.0,0.0,0.0,0.0,0.0,0.0,0.0,0.0,0.15664,0.0,0.0,0.0,0.0,0.0,0.0,0.0,0.0,0.0,0.0,0.0,0.0,0.0,0.0,0.0,0.0,0.0,0.12644,0.0,0.0,0.0,0.0,0.0,0.0,0.0,0.0,0.0,0.0,0.0,0.0,0.0,0.00817,0.00165,0.0,0.0,0.0,0.0,0.0,0.0,0.0,0.0,0.0,0.0,0.0,0.0,0.0,0.0,0.0,0.0,0.0,0.0,0.0,0.0,0.0,0.0,0.0,0.00487,0.0,0.0,0.0,0.0,0.0,0.0,0.0,0.0,0.00117,0.0024,0.0,0.0,0.0,0.0,0.0,0.0,0.0,0.0,0.0,0.0,0.0,0.0,0.0,0.0,0.0,0.0,0.00192,0.0,0.0,0.0,0.0013,0.0,0.0,0.0,0.0,0.0,0.0,0.0,0.0,0.0,0.0,0.0,0.0,0.0,0.0,0.0,0.0,0.0,0.0,0.0,0.0,0.0,0.0,0.0,0.0,0.00934,0.0,0.0,0.0,0.0,0.0,0.0,0.0,0.0,0.0,0.0,0.0,0.0,0.00185,0.0,0.0,0.0,0.0,0.0,0.0,0.0,0.0,0.0,0.0034400000000000003,0.0,0.0,0.0,0.0,0.0,0.0,0.0,0.0,0.0,0.0,0.0,0.0,0.00206,0.0,0.0,0.0,0.0,0.0,0.0,0.1202,0.0,0.0,0.0,0.0,0.0,0.0,0.0,0.0,0.0,0.0,0.0,0.0,0.0,0.0,0.0,0.0,0.0013,0.0,0.0,0.0,0.0,0.0,0.0,0.0,0.01647,0.0,0.0,0.0,0.0,0.00673,0.0,0.0,0.1066,0.0
SRR2143736,0.0,0.00599,0.0,0.0,0.0,0.0,0.0,0.00096,0.0,0.00133,0.0,0.06945,0.0,0.0,0.0,0.08772,0.0,0.01039,0.0,0.0,0.0,0.0,0.0,0.0,0.0,0.00237,0.0,0.20652,0.01437,0.0,0.0,0.0,0.15759,0.0,0.0,0.0,0.0,0.0,0.00016,0.0,0.0,0.0,0.0,0.0,0.0,0.0,0.0,0.0,0.0,0.0,0.0,0.0,0.0,0.0,0.0,0.0,0.00015,0.0,0.001,0.0,0.0,0.0,0.0,0.00106,0.0,0.0,0.0,0.00167,0.02049,0.0,0.00117,0.00073,0.00017,0.0,0.0,0.0,0.0,0.0,0.0,0.0,0.0,0.0,0.0,0.0,0.00031,0.0,0.07208,0.0,0.0,0.0,0.00068,0.0,0.0,0.0,0.0,0.0,0.00432,0.0,0.00038,0.0,0.0,0.008,0.0,0.0,0.0,0.0,0.0,0.0,0.00126,0.0,0.00384,0.0,0.0,0.0,0.0,0.0,0.0,0.0,0.0,0.0,0.0,0.00133,0.0,0.00078,0.0,0.00891,0.00028,0.0,0.00016,0.0,0.0,0.0,0.0,0.0,0.00725,0.0,0.0,0.00017,0.0,0.0,0.0,0.0,0.0,0.00123,0.0,0.0,0.0,0.0,0.0,0.00305,0.0,0.0,0.00023,0.0,0.00021,0.0,0.00051,0.0,0.0,0.0,0.0,0.0,0.0,0.00048,0.0,0.0,0.0,0.0,0.0,0.00165,0.0,0.0,0.00037,0.0006,0.0,0.00861,0.0,0.02703,0.0,0.00043,0.0,0.00029,0.0,0.0,0.0,0.00014,0.02209,0.0586,0.0,0.00081,0.0,0.0,0.0,0.0,0.0,0.0,0.0,0.0,0.0,0.0,0.0,0.00193,0.0,0.0,0.0010500000000000002,0.00168,0.03219,0.0,0.0,0.00305,0.0,0.0,0.0,0.0,0.0,0.0,0.0,0.08559,0.0,0.0,0.0,0.013439999999999999,0.0,0.0,0.0,0.0,0.0,0.0,0.0,0.0,0.0,0.0,0.0,0.0,0.0,0.0,0.0,0.0,0.0,0.0,0.0,0.00021,0.0,0.0,0.0,0.0,0.0,0.0,0.0,0.00125,0.0,0.0,0.00046,0.0,0.0,0.0,0.00071,0.03479,0.00013
SRR2143737,0.0,0.0,0.0,0.0,0.0,0.0,0.0,0.00093,0.0,0.00493,0.0,0.0,0.0,0.0,0.0,0.20867,0.0,0.0442,0.0,0.0,0.0,0.0,0.0,0.0,0.0,0.0,0.0,0.0,0.0,0.0,0.0,0.01478,0.53964,0.0,0.0,0.0,0.0,0.0,0.00269,0.0,0.0,0.0,0.0,0.0,0.0,0.0,0.0,0.0,0.0,0.0,0.0,0.0,0.0,0.0,0.0,0.0,0.0,0.0,0.0,0.0,0.0,0.0,0.0,0.0,0.0,0.0,0.0,0.0,0.0,0.0,0.0,0.0007,0.0,0.0,0.0,0.0,0.0,0.0,0.0,0.0,0.0,0.0,0.0,0.0,0.0,0.0,0.01291,0.0,0.0,0.0,0.0,0.0,0.0,0.0,0.0,0.0,0.0,0.0,0.00556,0.0,0.02109,0.01275,0.0,0.0,0.0,0.0,0.0,0.0,0.0,0.0,0.0,0.0,0.0,0.0,0.0,0.00052,0.0,0.0,0.0,0.0,0.0,0.0,0.0,0.0,0.0,0.00303,0.0,0.0,0.0,0.0,0.0,0.0,0.0,0.0,0.0005,0.0,0.0,0.00063,0.0,0.0,0.0,0.0,0.0,0.0,0.0,0.0,0.0,0.0,0.0,0.04431,0.0,0.0,0.0,0.0,0.0,0.0,0.0,0.0,0.0,0.0,0.0,0.0,0.0,0.0,0.0,0.0,0.0,0.0,0.00029,0.0,0.0,0.0,0.0,0.0,0.0,0.00032,0.0,0.0,0.0,0.00038,0.0,0.0,0.0,0.0,0.0,0.0,0.0,0.00188,0.0,0.00095,0.0,0.0,0.0,0.0,0.0,0.0,0.0,0.0,0.0,0.0,0.0,0.0,0.0,0.0,0.00025,0.0,0.0,0.0,0.0,0.0,0.0,0.0,0.0,0.0,0.0,0.0,0.0,0.0012,0.0,0.0,0.0,0.0,0.0,0.0,0.01842,0.0,0.0,0.0,0.0,0.0,0.0,0.0,0.0,0.0,0.0,0.0,0.0,0.0,0.0,0.0,0.0,0.00174,0.0,0.0,0.0,0.0,0.0,0.0,0.0,0.0,0.0,0.0,0.00025,0.0,0.0,0.0,0.00398,0.05212,0.0
SRR2143738,0.0,0.0,0.0,0.0,0.0,0.0,0.0,0.00156,0.0,0.00075,0.0,0.02745,0.0,0.0,0.0,0.0619,0.0,0.21084,0.0,0.0,0.0,0.0,0.00063,0.0,0.0,0.0004,0.0,0.08843000000000001,0.00123,0.0,0.0,0.036070000000000005,0.20051000000000002,0.0,0.0,0.0,0.0,0.0,0.0,0.0,0.0,0.0,0.0,0.0,0.0,0.0,0.0,0.0,0.0,0.0,0.0,0.0,0.0,0.0,0.0,0.0,0.0,0.0,0.0,0.0,0.0,0.0,0.0,0.00188,0.0,0.0,0.0,0.00954,0.0,0.0,0.0003,0.00414,0.0,0.0,0.0,0.0,0.0,0.00065,0.0,0.0,0.0,0.0,0.0,0.0,0.0,0.0,0.08269000000000001,0.0,0.0,0.0,0.0,0.0,0.0,0.0,0.0,0.0,0.0,0.0,0.0,0.0,0.0,0.02269,0.0,0.0,0.0,0.0,0.0,0.0,0.0,0.0,0.0,0.0,0.0,0.0,0.0,0.0,0.0,0.0,0.0,0.0,0.0,0.0,0.0,0.0,0.0,0.00746,0.0,0.0,0.00065,0.0,0.0,0.0,0.0,0.0,0.02675,0.0,0.0,0.0,0.0,0.0,0.0,0.0,0.0,0.00224,0.0,0.0,0.0,0.0,0.0,0.01919,0.0,0.0,0.0,0.0,0.00163,0.0,0.0,0.0,0.0,0.0,0.0,0.0,0.0,0.00073,0.0,0.0,0.0,0.0,0.0,0.00394,0.0,0.0,0.00098,0.0,0.0,0.00118,0.0,0.00369,0.0,0.0,0.0,0.0,0.0,0.0,0.0,0.0,0.00754,0.07938,0.0,0.0,0.0,0.0,0.0,0.0,0.0,0.0,0.0,0.0,0.0,0.0,0.0,0.0,0.00075,0.0,0.00231,0.00093,0.0,0.0,0.0,0.0,0.0,0.0,0.0,0.0,0.0,0.0,0.0,0.00631,0.0,0.0,0.0,0.0,0.0,0.0,0.04491,0.0,0.0,0.0,0.0,0.0,0.0,0.00872,0.0,0.0,0.0,0.0,0.0,0.0,0.0,0.0,0.0,0.01442,0.0,0.0,0.0,0.0,0.0,0.0,0.0,0.0,0.0,0.0,0.0,0.0,0.0,0.0,0.00098,0.00625,0.0008
SRR2143740,0.0,0.0,0.0,0.0,0.0,0.0,0.0,0.0004,0.0,0.04814,0.00023,0.05054,0.0,0.0,0.0,0.0765,0.0,0.01855,0.0,0.0,0.0,0.0,0.00505,0.0,0.0,0.00085,0.0,0.07163,0.00201,0.0,0.0,0.10469,0.06597,0.0,0.0,0.00018,0.0,0.0,0.00017,0.0,0.0,0.0,0.0,0.0,0.0,0.0,0.0,0.0,0.0,0.0,0.0,0.0,0.0,0.0,0.0,0.0,0.0,0.0,0.00173,0.0,0.00027,0.0,0.0,0.00073,0.0,0.0,0.0,0.01121,0.03792,0.0,0.0006900000000000001,0.04029,0.0,0.0,0.0,0.0,0.0,0.00032,0.0,0.0,0.0,0.0,0.0,0.0,0.0,0.0,0.038900000000000004,0.0,0.0,0.0,0.0,0.0,0.0,0.0,0.0,0.0,0.00944,0.0,0.00355,0.0,0.00342,0.02767,0.0,0.0,0.0,0.0,0.0,0.0,0.0,0.0,0.0,0.0,0.0,0.0,0.0,0.00169,0.0,0.0,0.0,0.0,0.0,0.0,0.0,0.0,0.0,0.00944,0.00055,0.0,0.00053,0.0,0.0,0.0,0.0,0.0,0.01257,0.0,0.0,0.00028,0.0,0.0,0.0,0.0,0.0,0.0,0.0,0.0,0.0,0.0,0.0,0.00035,0.0,0.04307,0.0,0.0,0.00033,0.0,0.00035,0.0,0.0,0.0,0.0,0.00047,0.0,0.00025,0.0,0.0,0.0,0.0,0.0,0.00626,0.0,0.0,0.00095,0.0,0.0,0.00221,0.0,0.0053,0.0,0.0,0.0,0.00086,0.0,0.0,0.0006,0.00081,0.01276,0.11464,0.0,0.0,0.0,0.0002,0.0,0.0,0.0,0.0,0.0,0.0,0.0,0.0,0.0,0.0,0.0,0.0,0.0069,0.0009,0.0,0.0,0.00025,0.07327,0.0,0.0,0.0,0.0,0.0,0.0,0.0,0.03851,0.0,0.0,0.0,0.0,0.0,0.0,0.00954,0.0,0.0,0.0,0.0,0.0,0.0,0.0,0.0,0.0,0.0,0.0,0.0,0.0,0.0,0.0,0.0,0.0,0.00518,0.0,0.0,0.0,0.0,0.0,0.0,0.0066300000000000005,0.0,0.0,0.0,0.0,0.0,0.0,0.0,0.01557,0.00068
SRR2143741,0.0,0.0,0.0,0.0,0.0,0.0,0.0,0.0,0.0,0.06084,0.0,0.08502,0.0,0.0,0.0,0.03444,0.0,0.03723,0.0,0.0,0.00087,0.0,0.00274,0.0,0.0,0.00076,0.0,0.09568,0.0,0.0,0.0,0.01549,0.061130000000000004,0.0,0.0,0.0028,0.0,0.0,0.0,0.0,0.0,0.0,0.0,0.0,0.0,0.0,0.0,0.0,0.0,0.0,0.0,0.0,0.0,0.0,0.0,0.0,0.0,0.0,0.00096,0.0,0.00064,0.0,0.0,0.0,0.0,0.0,0.0,0.00218,0.04326,0.0,0.008060000000000001,0.0381,0.0,0.0,0.0,0.0,0.0,0.0,0.0,0.0,0.0,0.0,0.02506,0.0,0.0,0.0,0.01315,0.0,0.0,0.0,0.0,0.0,0.0,0.0,0.0,0.0,0.0,0.0,0.00215,0.0,0.00343,0.08005,0.0,0.0,0.0,0.0,0.0,0.0,0.00262,0.0,0.0,0.0,0.0,0.0,0.0,0.00099,0.0,0.0,0.0,0.0,0.0,0.0,0.0,0.00236,0.0,0.00704,0.0,0.0,0.0,0.0,0.0,0.0,0.0,0.0,0.05065,0.0,0.0,0.00605,0.0,0.0,0.0,0.0,0.0,0.0,0.0,0.0,0.0,0.0,0.0,0.0,0.0,0.0,0.00084,0.05141,0.0,0.0,0.00533,0.0,0.0,0.0,0.0,0.0,0.0,0.00035,0.0,0.0,0.0,0.0,0.0,0.00838,0.0,0.0,0.0044,0.00306,0.0,0.01802,0.0,0.01022,0.0,0.0,0.0,0.0,0.0,0.0,0.0,0.00268,0.0,0.0,0.0,0.00035,0.0,0.0,0.0,0.0,0.0,0.0,0.0,0.0,0.0,0.0,0.0,0.0,0.0,0.0,0.00888,0.00055,0.0,0.0,0.0,0.0,0.0,0.00064,0.0,0.0,0.0,0.0,0.0,0.0377,0.0,0.0,0.0,0.0,0.0,0.0,0.0,0.0,0.0,0.0,0.0,0.0,0.0,0.01179,0.0,0.0,0.0,0.0,0.0,0.0,0.0,0.0,0.0,0.0,0.0,0.0,0.0,0.0,0.0,0.0,0.0,0.11755,0.0,0.0,0.00052,0.0,0.00314,0.0,0.00076,0.00862,0.0
SRR2143742,0.0,0.0,0.0,0.0,0.0,0.0,0.0,0.00051,0.0,0.0,0.0,0.01738,0.0,0.0,0.0,0.02936,0.0,0.03701,0.0,0.0,0.00202,0.0,0.0,0.0,0.0,0.0021,0.0,0.08821,0.01175,0.0,0.0,0.0,0.07139000000000001,0.0,0.0,0.004,0.0,0.0,0.0031000000000000003,0.0,0.0,0.0,0.0,0.0,0.0,0.0,0.0,0.0,0.0,0.0,0.0,0.0,0.0,0.0,0.0,0.0,0.0,0.0,0.0,0.0,0.00677,0.0,0.0,0.00213,0.0,0.0,0.0,0.006860000000000001,0.0,0.0,0.00042,0.02172,0.0,0.0,0.0,0.0,0.0,0.0,0.0,0.0,0.0,0.0,0.00091,0.0,0.0,0.0,0.01702,0.0,0.0,0.0,0.00133,0.0,0.0,0.0,0.0,0.0,0.007,0.0,0.00147,0.0,0.02178,0.05319,0.0,0.0,0.0,0.0,0.0,0.0,0.00512,0.0,0.00108,0.0,0.0,0.0,0.0,0.0,0.0,0.0,0.0,0.0,0.0,0.0,0.0,0.0,0.0,0.01053,0.0,0.0,0.00034,0.0,0.0,0.0,0.0,0.0,0.03318,0.01545,0.0,0.00352,0.0,0.0,0.0,0.0,0.0,0.0018,0.0,0.0,0.0,0.0,0.0,0.0,0.0,0.0,0.0003,0.0,0.0,0.0,0.00063,0.0,0.0,0.0,0.0,0.0,0.0,0.00018,0.0,0.0,0.0,0.0,0.0,0.0009,0.0,0.0,0.00381,0.00046,0.0,0.00142,0.0,0.020640000000000002,0.0,0.0,0.0,0.0,0.0,0.0,0.0,0.00571,0.02402,0.09215,0.0,0.0,0.0,0.0,0.0,0.0,0.0,0.0,0.0,0.0,0.0,0.0,0.0,0.0,0.0,0.0,0.03214,0.00028,0.06376,0.0,0.00036,0.0,0.0,0.0,0.0,0.0,0.0,0.0,0.0,0.02186,0.0,0.0,0.0,0.00024,0.0,0.0,0.025349999999999998,0.0,0.0,0.0,0.0,0.0,0.0,0.0,0.0,0.0,0.0,0.0,0.0,0.0,0.0,0.0,0.0,0.00466,0.01576,0.0,0.0,0.0,0.0,0.0,0.0,0.04329,0.00039,0.0,0.0,0.0,0.0,0.02196,0.00129,0.05697,0.0
SRR2143745,0.0,0.0,0.0,0.0,0.0,0.0,0.0,0.0,0.0,0.0556,0.0,0.00895,0.0,0.0,0.0,0.16857,0.0,0.08948,0.0,0.0,0.0,0.0,0.01175,0.0,0.0,0.0,0.0,0.00575,0.0,0.0,0.0,0.0,0.16558,0.0,0.0,0.0,0.0,0.0,0.0,0.0,0.0,0.0,0.0,0.0,0.0,0.0,0.0,0.0,0.0,0.0,0.0,0.0,0.0,0.0,0.0,0.0,0.0,0.0,0.0,0.0,0.0,0.0,0.0,0.00049,0.0,0.00231,0.0,0.0,0.0,0.0,0.0,0.02676,0.00042,0.0,0.0,0.0,0.0,0.0,0.0,0.0,0.0,0.0,0.00087,0.0,0.0,0.0,0.0,0.0,0.0,0.0,0.0,0.0,0.0,0.0,0.0,0.0,0.0,0.0,0.0,0.0,0.02376,0.02471,0.0,0.0,0.0,0.0,0.0,0.0,0.0,0.0,0.0,0.0,0.0,0.0,0.0,0.0,0.0,0.0,0.0,0.0,0.0,0.0,0.0,0.0,0.0,0.00667,0.0,0.0,0.00042,0.0,0.0,0.0,0.0,0.0,0.00307,0.0,0.0,0.0,0.0,0.0,0.0,0.0,0.0,0.00368,0.0,0.0,0.0,0.0,0.0,0.0028,0.0,0.0,0.00042,0.08364,0.0,0.0,0.0,0.0,0.0,0.0,0.0,0.0,0.0,0.0,0.0,0.0,0.0,0.0,0.0,0.00568,0.0,0.0,0.0,0.0,0.0,0.0083,0.0,0.00595,0.0,0.00269,0.0,0.00508,0.0,0.0,0.0,0.00095,0.00368,0.00246,0.0,0.08102,0.0,0.0,0.0,0.0,0.00136,0.0,0.0,0.0,0.0,0.0,0.0,0.0,0.0,0.0,0.00296,0.00117,0.0,0.0,0.0,0.0,0.0,0.0,0.0,0.0,0.0,0.0,0.0,0.04741,0.0,0.0,0.0,0.0014,0.0,0.0,0.0,0.0,0.0,0.0,0.0,0.0,0.0,0.0,0.0,0.0,0.0,0.0,0.0,0.0,0.0,0.0,0.0,0.0,0.0,0.0,0.0,0.0,0.0,0.0,0.0,0.0053,0.0,0.0,0.0,0.0,0.0,0.0,0.00125,0.12915,0.0
SRR2143747,0.0,0.0,0.0,0.0,0.0,0.0,0.0,0.00326,0.0,0.00199,0.0,0.0,0.0,0.0,0.0,0.05989,0.0,0.16059,0.0,0.0,0.0,0.0,0.0,0.0,0.0,0.0,0.0,0.00361,0.00035,0.0,0.0,0.00473,0.21384,0.0,0.0,0.0,0.0,0.0,0.0,0.0,0.0,0.0,0.0,0.0,0.0,0.0,0.0,0.0,0.0,0.0,0.0,0.0,0.0,0.0,0.0,0.0,0.0,0.0,0.0,0.0,0.0,0.0,0.0,0.00484,0.0,0.0,0.0,0.0,0.0,0.0,0.0,0.19425,0.0,0.0,0.0,0.0,0.0,0.0,0.0,0.0,0.0,0.0,0.0,0.0,0.0,0.0,0.04186,0.0,0.0,0.0,0.0,0.00054,0.0,0.0,0.0,0.0,0.0048,0.0,0.0,0.0,0.0,0.00925,0.0,0.0,0.0,0.0,0.0,0.0,0.00065,0.0,0.0,0.0,0.0,0.0,0.0,0.0,0.0,0.0,0.0,0.0,0.0,0.0,0.0,0.00065,0.0,0.00547,0.0,0.0,0.0,0.0,0.0,0.0,0.0,0.0,0.04281,0.0,0.0,0.0,0.0,0.0,0.0,0.0,0.0,0.00404,0.0,0.0,0.0,0.0,0.0,0.06224,0.0,0.0,0.0,0.0,0.00041,0.0,0.0,0.0,0.0,0.0,0.0,0.0,0.0,0.00063,0.0,0.0,0.0,0.0,0.00115,0.0,0.0,0.0,0.0,0.0,0.0,0.00054,0.0,0.0,0.0,0.0,0.0,0.00063,0.0,0.0,0.0,0.0,0.01557,0.00703,0.0,0.0,0.0,0.0,0.0,0.0,0.0,0.0,0.0,0.0,0.0,0.0,0.0,0.0,0.0,0.0,0.0,0.00063,0.08594,0.0,0.0,0.0,0.0,0.00056,0.0,0.0,0.0,0.0,0.0,0.00313,0.0,0.0,0.0,0.0,0.0,0.0,0.03734,0.0,0.0,0.0,0.0,0.0,0.0,0.0,0.0,0.0,0.0,0.0,0.0,0.0,0.0,0.0,0.0,0.00119,0.0,0.0,0.0,0.0,0.0,0.0,0.0,0.0,0.00061,0.0,0.0,0.0,0.0,0.0,0.00678,0.01321,0.0
SRR2143748,0.0,0.0,0.0,0.0,0.0,0.0,0.0,0.0015,0.0,0.07241,0.0,0.0069,0.0,0.0,0.0,0.06467,0.0,0.0592,0.0,0.0,0.0,0.0,0.0,0.0,0.0,0.0,0.0,0.020040000000000002,0.0,0.0,0.0,0.0,0.23168,0.0,0.0,0.00425,0.0,0.0,0.0,0.0,0.0,0.0,0.0,0.0,0.0,0.0,0.0,0.0,0.0,0.0,0.0,0.0,0.0,0.0,0.0,0.0,0.0,0.0,0.00038,0.0,0.0,0.0,0.0,0.0027,0.0,0.0,0.0,0.0,0.00601,0.0,0.0,0.01197,0.0,0.0,0.0,0.0,0.0,0.0,0.0,0.0,0.0,0.0,0.00101,0.0,0.0,0.0,0.09633,0.0,0.0,0.0,0.00249,0.0,0.0,0.0,0.0,0.0,0.01596,0.0,0.01959,0.0,0.03287,0.05359,0.0,0.0,0.0,0.0,0.0,0.0,0.00066,0.0,0.0,0.0,0.0,0.0,0.0,0.0,0.0,0.0,0.0,0.0,0.0,0.0,0.0,0.0,0.0,0.00108,0.0,0.0,0.0,0.0,0.0,0.0,0.0,0.0,0.00218,0.0,0.0,0.00033,0.0,0.0,0.0,0.0,0.0,0.00157,0.0,0.0,0.0,0.0,0.0,0.00218,0.0,0.0,0.0,0.0,0.0,0.0,0.0,0.0,0.0,0.0,0.0,0.0,0.0,0.00033,0.0,0.0,0.0,0.0,0.0,0.0,0.0,0.0,0.0,0.0,0.0,0.01241,0.0,0.01192,0.0,0.0,0.0,0.0,0.0,0.0,0.0,0.0,0.0,0.0015,0.0,0.0,0.0,0.00077,0.0,0.0,0.0,0.0,0.0,0.0,0.0,0.0,0.0,0.0,0.0,0.0,0.00699,0.00157,0.0,0.0,0.0,0.0,0.0,0.0,0.0,0.0,0.0,0.0,0.0,0.03858,0.0,0.0,0.0,0.0,0.0,0.0,0.0,0.0,0.0,0.0,0.0,0.0,0.0,0.0,0.0,0.0,0.0,0.0,0.0,0.0,0.0,0.0,0.0,0.00054,0.0,0.0,0.0,0.0,0.0,0.0,0.0,0.04172,0.0,0.0,0.0,0.0,0.0,0.0,0.00035,0.17089,0.0
SRR2143749,0.0,0.00039,0.0,0.0,0.0,0.0,0.0,0.00114,0.0,0.00179,0.0,0.0,0.0,0.0,0.0,0.03577,0.0,0.05894,0.0,0.0,0.0,0.0,0.0,0.0,0.0,0.0,0.0,0.00334,0.0,0.0,0.0,0.00173,0.21393,0.0,0.0,0.00031,0.0,0.0,0.0,0.0,0.0,0.0,0.0,0.0,0.0,0.0,0.0,0.0,0.0,0.0,0.0,0.0,0.0,0.0,0.0,0.0,0.0,0.0,0.0,0.0,0.0,0.0,0.0,0.0,0.0,0.0,0.0,0.043969999999999995,0.00535,0.0,0.0,0.03054,0.0,0.0,0.0,0.0,0.0,0.0,0.0,0.0,0.0,0.0,0.0,0.0,0.0,0.0,0.06677999999999999,0.0,0.0,0.0,0.0,0.00135,0.0,0.0,0.0,0.0,0.01017,0.0,0.00391,0.0,0.01343,0.06515,0.0,0.0,0.0,0.0,0.0,0.0,0.0,0.0,0.00171,0.0,0.0,0.0,0.0,0.0,0.0,0.0,0.0,0.0,0.0,0.0,0.0,0.0,0.0,0.00347,0.00163,0.0,0.0,0.0,0.00821,0.0,0.0,0.0,0.00163,0.0,0.0,0.00028,0.0,0.0,0.0,0.0,0.0,0.0,0.0,0.0,0.0,0.0,0.0,0.03673,0.0,0.0,0.0,0.0,0.00065,0.0,0.00419,0.0,0.0,0.0,0.0,0.0,0.0,0.00054,0.0,0.0,0.00041,0.0,0.00036,0.0,0.0,0.0,0.0,0.0,0.0,0.005,0.0,0.0,0.0,0.0,0.0,0.00109,0.0,0.0,0.00036,0.00153,0.01341,0.00782,0.0,0.0,0.0,0.00047,0.0,0.0,0.0,0.0,0.0,0.0,0.0,0.0,0.0,0.0,0.0,0.0,0.0,0.00049,0.17546,0.0,0.00044,0.0,0.0,0.0,0.0,0.0,0.0,0.0,0.0,0.02185,0.0,0.0,0.0,0.0,0.0,0.0,0.0,0.0,0.0,0.0,0.0,0.0,0.0,0.0,0.0,0.0,0.0,0.0,0.0,0.0,0.0,0.0,0.0,0.00148,0.0,0.0,0.0,0.0,0.0,0.0,0.0,0.006860000000000001,0.00197,0.0,0.0,0.0,0.0,0.02185,0.0,0.09543,0.0
SRR2143751,0.0,0.0,0.0,0.0,0.0,0.0,0.0,0.0,0.0,0.00367,0.0,0.0,0.0,0.0,0.0,0.0617,0.0,0.02073,0.0,0.0,0.0,0.0,0.0,0.0,0.0,0.00165,0.0,0.0,0.0,0.0,0.0,0.39063,0.20496,0.0,0.0,0.0,0.0,0.0,0.0,0.0,0.0,0.0,0.0,0.0,0.0,0.0,0.0,0.0,0.0,0.0,0.0,0.0,0.0,0.0,0.0,0.0,0.0,0.0,0.0,0.0,0.0,0.0,0.0,0.0,0.0,0.0,0.0,0.0,0.03776,0.0,0.0,0.0,0.0,0.0,0.0,0.0,0.0,0.0,0.0,0.0,0.0,0.0,0.0,0.0,0.0,0.0,0.033979999999999996,0.0,0.0,0.0,0.0,0.0,0.0,0.0,0.0,0.0,0.0,0.0,0.0,0.0,0.00611,0.00239,0.0,0.0,0.0,0.0,0.0,0.0,0.0,0.0,0.0,0.0,0.0,0.0,0.0,0.0,0.0,0.0,0.0,0.0,0.0,0.0,0.0,0.0,0.0,0.00196,0.0,0.0,0.0,0.0,0.0,0.0,0.0,0.0,0.00043,0.0,0.0,0.0,0.0,0.0,0.0,0.0,0.0,0.0,0.0,0.0,0.0,0.0,0.0,0.0,0.0,0.0,0.0,0.0,0.0,0.0,0.0,0.0,0.0,0.0,0.0,0.0,0.0,0.0,0.0,0.0,0.0,0.0,0.0,0.0,0.0,0.0,0.0,0.0,0.0,0.0,0.0,0.0,0.0,0.0,0.0,0.03071,0.0,0.0,0.0,0.0,0.0,0.0,0.0,0.0,0.0,0.0,0.0,0.0,0.0,0.0,0.0,0.0,0.0,0.0,0.0,0.0,0.00088,0.0,0.0,0.0,0.0,0.0,0.0,0.0,0.0,0.0,0.0,0.0,0.0,0.0,0.0,0.001,0.0,0.0,0.0,0.0,0.0,0.0,0.15889,0.0,0.0,0.0,0.0,0.0,0.0,0.03432,0.0,0.0,0.0,0.0,0.0,0.0,0.0,0.0,0.0,0.0,0.0,0.0,0.0,0.0,0.0,0.0,0.0,0.0,0.0,0.0,0.0,0.0,0.0,0.0,0.0,0.00128,0.0
SRR2143752,0.0,0.02159,0.0,0.0,0.0,0.0,0.0,0.00149,0.0,0.00151,0.0,0.024640000000000002,0.0,0.0,0.0,0.01607,0.0,0.06764,0.0,0.0,0.00041,0.0,0.001,0.0,0.0,0.00474,0.0,0.11795,0.00301,0.0,0.0,0.0,0.04735,0.0,0.0,0.0,0.0,0.0,0.0,0.0,0.0,0.0,0.0,0.0,0.0,0.0,0.0,0.0,0.0,0.0,0.0,0.0,0.0,0.0,0.0,0.0,0.0,0.0,0.00335,0.0,0.0006,0.0,0.0,0.00418,0.0,0.00052,0.0,0.00522,0.02768,0.0,0.00054,0.03155,0.00023,0.0,0.0,0.0,0.0,0.0,0.0,0.0,0.0,0.0,0.00416,0.0,0.0,0.0,0.00992,0.0,0.0,0.0,0.00174,0.0,0.0,0.0,0.0,0.0,0.00459,0.0,0.0,0.0,0.00715,0.08712,0.0,0.0,0.0,0.0,0.0,0.0,0.00798,0.0,0.0,0.0,0.0,0.0,0.0,0.0004,0.0,0.0,0.0,0.0,0.0,0.0,0.0,0.00229,0.0,0.00424,0.0,0.0,0.00016,0.00106,0.0,0.0,0.0,0.0,0.01792,0.0,0.0,0.001,0.0,0.0,0.0,0.0,0.0,0.0,0.0,0.0,0.0,0.0,0.0,0.0,0.0,0.0,0.00033,0.0,0.00033,0.0,0.0,0.0,0.0,0.0,0.0,0.0,0.0,0.00062,0.0,0.0,0.0,0.0,0.00033,0.02813,0.0,0.0,0.00724,0.0,0.0,0.00225,0.0,0.0349,0.0,0.05983,0.0,0.0,0.0,0.0,0.0,0.00123,0.0545,0.09421,0.0,0.0,0.0,0.02303,0.0,0.0,0.0,0.0,0.0,0.0,0.0,0.0,0.0,0.0,0.0,0.00095,0.01085,0.00258,0.04083,0.0,0.0,0.00824,0.0,0.00028,0.0,0.0,0.0,0.0,0.0,0.03043,0.0,0.0,0.0,0.0,0.0,0.0,0.0,0.0,0.0,0.0,0.0,0.0,0.0,0.0,0.0,0.0,0.0,0.0,0.0,0.0,0.0,0.0,0.0,0.00028,0.0,0.0,0.0,0.0,0.0,0.0,0.0,0.02406,0.00013,0.0,0.0002,0.0,0.0,0.0,0.00226,0.03274,0.00058
SRR2143753,0.0,0.0,0.0,0.0,0.0,0.0,0.0,0.00041,0.0,0.0,0.0,0.07778,0.0,0.0,0.0,0.0422,0.0,0.03391,0.0,0.0,0.0007,0.0,0.00917,0.0,0.0,0.00124,0.0,0.06168,0.00399,0.0,0.0,0.0,0.08323,0.0,0.0,0.0,0.0,0.0,0.0,0.0,0.0,0.0,0.0,0.0,0.0,0.0,0.0,0.0,0.0,0.0,0.0,0.0,0.0,0.0,0.0,0.0,0.0,0.0,0.0,0.0,0.00065,0.0,0.0,0.00223,0.0,0.0,0.0,0.051770000000000004,0.03924,0.0,0.0,0.01614,0.0,0.0,0.0,0.0,0.0,0.0,0.0,0.0,0.0,0.0,0.0,0.0,0.0,0.0,0.07157000000000001,0.0,0.0,0.0,0.00311,0.0,0.02575,0.0,0.0,0.0,0.00852,0.0,0.00728,0.0,0.00402,0.04663,0.0,0.0,0.0,0.0,0.0,0.0,0.0,0.0,0.0,0.0,0.0,0.0,0.0,0.0,0.0,0.0,0.0,0.0,0.0,0.0,0.0,0.0,0.0,0.01365,0.00075,0.0,0.0,0.0,0.0,0.0,0.0,0.0,0.00184,0.0,0.0,0.00065,0.0,0.0,0.0,0.0,0.0,0.00614,0.0,0.0,0.0,0.0,0.0,0.0,0.0,0.0,0.00101,0.0,0.0,0.0,0.0006,0.0,0.0,0.0,0.0,0.0,0.0,0.0,0.0,0.0,0.0,0.0,0.0,0.00119,0.0,0.0,0.00142,0.00376,0.0,0.00834,0.0,0.0209,0.0,0.00142,0.0,0.00124,0.0,0.0,0.00026,0.00122,0.0,0.02583,0.0,0.0,0.0,0.0,0.0,0.0,0.0007,0.0,0.0,0.0,0.0,0.0,0.0,0.0,0.0,0.0,0.0,0.00256,0.06217,0.0,0.0,0.00451,0.0,0.0,0.0,0.0,0.0,0.0,0.0,0.02342,0.0,0.0,0.0,0.00733,0.0,0.0,0.09354,0.0,0.0,0.0,0.0,0.0,0.0,0.0,0.0,0.0,0.0,0.0,0.0,0.0,0.0,0.0,0.0,0.0,0.0,0.0,0.0,0.0,0.0,0.0,0.0,0.05854,0.0,0.0,0.0,0.0,0.0,0.0,0.00028,0.05971,0.0
SRR2143754,0.0,0.0,0.0,0.0,0.0,0.0,0.0,0.00108,0.0,0.0325,0.0,0.00042,0.0,0.0,0.0,0.05481,0.0,0.02733,0.0,0.0,0.0,0.0,0.0001,0.0,0.0,0.0,0.0,0.00414,0.0,0.0,0.0,0.01748,0.1798,0.0,0.0,0.0,0.0,0.0,0.0,0.0,0.0,0.0,0.0,0.0,0.0,0.0,0.0,0.0,0.0,0.0,0.0,0.0,0.0,0.0,0.0,0.0,0.0,0.0,0.0,0.0,0.0,0.0,0.0,0.0002,0.0,0.0,0.0,0.07493999999999999,0.01658,0.0,0.00013,0.0826,0.0,0.0,0.00016,0.0,0.0,0.0,0.0,0.0,0.0,0.0,0.0,0.0,0.0,0.0,0.02696,0.0,0.0,0.0,0.00017,0.0,0.0,0.0,0.0,0.0,0.00097,0.0,0.00051,0.0,0.0001,0.00698,0.0,0.0,0.0,0.0,0.0,0.0,0.00427,0.0,0.0,0.0,0.0,0.0,0.0,0.00011,0.0,0.0,0.0,0.0,0.0,0.0,0.0,0.0,0.0,0.00059,0.0,0.0,0.00033,0.0,0.0,0.0,0.0,0.0,0.00145,0.00641,0.0,0.00011,0.0,0.0,0.0,0.0,0.0,0.0002,0.0,0.0,0.0,0.0,0.0,0.00028,0.0,0.0,0.0,0.0,0.00032,0.0,0.00084,0.0,0.0,0.0,0.0,0.0,0.0,0.00043,0.0,0.0,0.0,0.0,0.00068,0.0,0.0,0.0,8e-05,0.0,0.0,0.0002,0.0,0.00169,0.0,0.0,0.0,0.0,0.0,0.0,0.0,6e-05,0.00013,0.0016,0.0,0.0,0.0,0.0,0.0,0.0,0.00029,0.0,0.0,0.0,0.0,0.0,0.0,0.00119,0.00024,0.0,0.01148,0.00028,0.0,0.0,0.01142,9e-05,0.0,9e-05,0.0,0.0,0.0,0.0,0.0,0.00231,0.0,0.0,0.0,0.0,0.0,0.0,0.24489,0.0,0.0,0.0,0.0,0.0,0.0,0.0192,0.0,0.0,0.0,0.0,0.0,0.0,0.0,0.0,0.0,0.00035,0.0,0.0,0.0,0.0,0.0,0.0,0.0,0.00304,0.0,0.0,0.00018,0.0,0.0,0.0,0.00042,0.14697,0.0
SRR2143755,0.0,0.0,0.0,0.0,0.0,0.0,0.0,0.0,0.0,0.0,0.0,0.0,0.0,0.0,0.0,0.06543,0.0,0.02739,0.0,0.0,0.0,0.0,0.0,0.0,0.0,0.0,0.0,0.00652,0.0,0.0,0.0,0.0,0.15212,0.0,0.0,0.0,0.0,0.0,0.0,0.0,0.0,0.0,0.0,0.0,0.0,0.0,0.0,0.0,0.0,0.0,0.0,0.0,0.0,0.0,0.0,0.0,0.0,0.0,0.0,0.0,0.0,0.0,0.0,0.0,0.0,0.0,0.0,0.06117,0.04043,0.0,0.0,0.08484,0.0,0.0,0.0,0.0,0.0,0.0,0.0,0.0,0.0,0.0,0.0,0.0,0.0,0.0,0.01782,0.0,0.0,0.0,0.0,0.0,0.0,0.0,0.0,0.0,0.0,0.0,0.0,0.0,0.0,0.01157,0.0,0.0,0.0,0.0,0.0,0.0,0.00479,0.0,0.0,0.0,0.0,0.0,0.0,0.0,0.0,0.0,0.0,0.0,0.0,0.0,0.0,0.0,0.0,0.0,0.0,0.0,0.0,0.0,0.0,0.0,0.0,0.0,0.00213,0.00598,0.0,0.0,0.0,0.0,0.0,0.0,0.0,0.0,0.0,0.0,0.0,0.0,0.0,0.0,0.0,0.0,0.0,0.0,0.0,0.0,0.0,0.0,0.0,0.0,0.0,0.0,0.0,0.0,0.0,0.0,0.0,0.0,0.0,0.0,0.0,0.0,0.0,0.0,0.0,0.0,0.0,0.00332,0.0,0.0,0.0,0.0,0.0,0.0,0.0,0.0,0.0,0.00426,0.0,0.0,0.0,0.0,0.0,0.0,0.0,0.0,0.0,0.0,0.0,0.0,0.0,0.0,0.0,0.0,0.02101,0.0,0.0,0.0,0.01449,0.0,0.0,0.0,0.0,0.0,0.0,0.0,0.0,0.00319,0.0,0.0,0.0,0.0,0.0,0.0,0.30079,0.0,0.0,0.0,0.0,0.0,0.0,0.02965,0.0,0.0,0.0,0.0,0.0,0.0,0.0,0.0,0.0,0.0,0.0,0.0,0.0,0.0,0.0,0.0,0.0,0.00559,0.0,0.0,0.0,0.0,0.0,0.0,0.0,0.13059,0.0
SRR2143758,0.0,0.0,0.0,0.0,0.0,0.0,0.0,0.00173,0.0,0.0,0.0,0.04176,0.0,0.0,0.0,0.05079,0.0,0.07521,0.0,0.0,0.0,0.0,0.0,0.0,0.0,0.0,0.0,0.22343,0.0,0.0,0.0,0.0,0.19078,0.0,0.0,0.0,0.0,0.0,0.0,0.0,0.0,0.0,0.0,0.0,0.0,0.0,0.0,0.0,0.0,0.0,0.0,0.0,0.0,0.0,0.0,0.0,0.0,0.0,0.0,0.0,0.00078,0.0,0.0,0.00952,0.0,0.0,0.0,0.0,0.0,0.0,0.00049,0.06122,0.0,0.0,0.0,0.0,0.0,0.0,0.0,0.0,0.0,0.0,0.0,0.0,0.0,0.0,0.07599,0.0,0.0,0.0,0.0,0.0,0.0,0.0,0.0,0.0,0.0,0.0,0.0157,0.0,0.0,0.04602,0.0,0.0,0.0,0.0,0.0,0.0,0.00191,0.0,0.0,0.0,0.0,0.0,0.0,0.00049,0.0,0.0,0.0,0.0,0.0,0.0,0.0,0.0,0.0,0.00475,0.0,0.0,0.0,0.0,0.0,0.0,0.0,0.0,0.00424,0.0,0.0,0.00066,0.0,0.0,0.0,0.0,0.0,0.0,0.0,0.0,0.0,0.0,0.0,0.00105,0.0,0.0,0.0,0.0,0.00107,0.0,0.0,0.0,0.0,0.0,0.0,0.0,0.0,0.00033,0.0,0.0,0.0,0.0,0.00058,0.0,0.0,0.0,0.00068,0.0,0.0,0.00512,0.0,0.03458,0.0,0.0,0.0,0.0,0.0,0.0,0.0,0.0,0.03678,0.00082,0.0,0.0,0.0,0.0,0.0,0.0,0.0,0.0,0.0,0.0,0.0,0.0,0.0,0.0,0.0,0.0,0.0,0.00051,0.0,0.0,0.0,0.0,0.0,0.0,0.0,0.0,0.0,0.0,0.0,0.00399,0.0,0.0,0.0,0.0,0.0,0.0,0.0,0.0,0.0,0.0,0.0,0.0,0.0,0.00049,0.0,0.0,0.0,0.0,0.0,0.0,0.0,0.0,0.0,0.0,0.0,0.0,0.0,0.0,0.0,0.0,0.0,0.00432,0.0,0.0,0.0,0.0,0.0,0.0,0.00027,0.10303999999999999,0.00047
SRR2143759,0.0,0.0,0.0,0.0,0.0,0.0,0.0,0.0,0.0,0.0,0.0,0.08119,0.0,0.0,0.0,0.03958,0.0,0.053829999999999996,0.0,0.0,0.0,0.0,0.0,0.0,0.0,0.00323,0.0,0.08778,0.02277,0.0,0.0,0.0,0.09078,0.0,0.0,0.0,0.0,0.0,0.0,0.0,0.0,0.0,0.0,0.0,0.0,0.0,0.0,0.0,0.0,0.0,0.0,0.0,0.0,0.0,0.0,0.0,0.0,0.0,0.0,0.0,0.00261,0.0,0.0,0.00533,0.0,0.0,0.0,0.0,0.02655,0.0,0.00109,0.03422,0.0,0.0,0.0,0.0,0.0,0.0,0.0,0.0,0.0,0.0,0.0,0.0,0.0,0.0,0.04223,0.0,0.0,0.0,0.0,0.0,0.0,0.0,0.0,0.0,0.0,0.0,0.0,0.0,0.00183,0.07816,0.0,0.0,0.0,0.0,0.0,0.0,0.0,0.0,0.0,0.0,0.0,0.0,0.0,0.0,0.0,0.0,0.0,0.0,0.0,0.0,0.0,0.0,0.0,0.00245,0.00125,0.0,0.0,0.0,0.0,0.0,0.0,0.0,0.03371,0.0,0.0,0.00105,0.0,0.0,0.0,0.0,0.0,0.0,0.0,0.0,0.0,0.0,0.0,0.0,0.0,0.0,0.00058,0.0,0.0,0.0,0.0,0.0,0.0,0.0,0.0,0.0,0.0,0.00058,0.0,0.0,0.0,0.0,0.0,0.00331,0.0,0.0,0.00868,0.0,0.0,0.00459,0.0,0.01915,0.0,0.0,0.0,0.01082,0.0,0.0,0.0,0.00132,0.06138,0.09509,0.0,0.0,0.0,0.0,0.0,0.0,0.0,0.0,0.0,0.0,0.0,0.0,0.0,0.0,0.0,0.0,0.03188,0.0,0.0,0.0,0.0,0.0,0.0,0.0,0.0,0.0,0.0,0.0,0.0,0.05461,0.0,0.0,0.0,0.0,0.0,0.0,0.0,0.0,0.0,0.0,0.0,0.0,0.0,0.0,0.0,0.0,0.0,0.0,0.0,0.0,0.0,0.0,0.0,0.0,0.00381,0.0,0.0,0.0,0.0,0.0,0.0,0.03663,0.0,0.0,0.00148,0.0,0.0,0.0,0.0,0.0325,0.0
SRR2143764,0.0,0.01034,0.0,0.0,0.0,0.0,0.0,0.0,0.0,0.05765,0.0,0.00324,0.0,0.0,0.0,0.0704,0.0,0.00033,0.0,0.0,0.0,0.0,0.0,0.0,0.0,0.00887,0.0,0.02881,0.0,0.0,0.0,0.02231,0.19729,0.0,0.0,0.0,0.0,0.0,0.00024,0.0,0.0,0.0,0.0,0.0,0.0,0.0,0.0,0.0,0.0,0.0,0.0,0.0,0.0,0.0,0.0,0.0,0.0,0.0,0.0,0.0,0.0,0.0,0.0,0.0,0.0,0.0,0.0,0.00098,0.0,0.0,0.0,0.0,0.0,0.0,0.0,0.0,0.0,0.0,0.0,0.0,0.0,0.0,0.0,0.0,0.0,0.0,0.0852,0.0,0.0,0.0,0.0,0.0,0.0,0.0,0.0,0.0,0.01902,0.0,0.0,0.0,0.0,0.00207,0.0,0.0,0.0,0.0,0.0,0.0,0.00155,0.0,0.0,0.0,0.0,0.0,0.0,0.0,0.0,0.0,0.0,0.0,0.0,0.0,0.0,0.0,0.0,0.01737,0.0,0.0,0.0,0.0,0.0,0.0,0.0,0.0,0.00846,0.0,0.0,0.0,0.0,0.0,0.0,0.0,0.0,0.0418,0.0,0.0,0.0,0.0,0.0,0.01935,0.0,0.0,0.00038,0.0,0.0,0.0,0.0,0.0,0.0,0.0,0.0,0.0,0.0,0.00033,0.0,0.0,0.0,0.0,0.0,0.00026,0.0,0.0,0.0,0.0,0.0,0.0,0.0,0.0,0.0,0.0,0.0,0.0,0.0,0.0,0.0,0.0,0.0,0.0419,0.0,0.0,0.0,0.0,0.0,0.0,0.0,0.0,0.0,0.0,0.0,0.0,0.0,0.0,0.0,0.0,0.0,0.00291,0.08,0.0,0.0,0.0,0.0,0.00305,0.0,0.0,0.0,0.0,0.0,0.01256,0.0,0.0,0.0,0.0,0.0,0.0,0.09995,0.0,0.0,0.0,0.0,0.0,0.0,0.00617,0.0,0.0,0.0,0.0,0.0,0.0,0.0,0.0,0.0,0.01651,0.0,0.0,0.0,0.0,0.0,0.0,0.0,0.0,0.00029,0.0,0.0,0.0,0.00029,0.0,0.00469,0.12893,0.0
SRR2143765,0.0,0.03584,0.0,0.0,0.0,0.0,0.0,0.00063,0.0,0.00686,0.0,0.02953,0.0,0.0,0.0,0.0872,0.0,0.01172,0.0,0.0,0.0013,0.0,0.00346,0.0,0.0,0.00086,0.0,0.07628,0.0,0.0,0.0,0.05583,0.13813,0.0,0.0,0.0,0.0,0.0,0.00628,0.0,0.0,0.0,0.0,0.0,0.0,0.0,0.0,0.0,0.0,0.0,0.0,0.0,0.0,0.0,0.0,0.0,0.0,0.0,0.0,0.0,0.00069,0.0,0.0,0.00092,0.0,0.00078,0.0,0.00801,0.04575,0.0,0.00357,0.0,0.0,0.0,0.0,0.0,0.0,0.0,0.0,0.0,0.0,0.0,0.0,0.0,0.0,0.0,0.02572,0.0,0.0,0.0,0.00069,0.0,0.0,0.0,0.0,0.0,0.0,0.0,0.00285,0.0,0.00602,0.05482,0.0,0.0,0.0,0.0,0.0,0.0,0.00196,0.0,0.0,0.0,0.0,0.0,0.0,0.0,0.0,0.0,0.0,0.0,0.0,0.00049,0.0,0.00205,0.0,0.00351,0.00882,0.0,0.0,0.0,0.0,0.0,0.0,0.0,0.0091,0.0,0.0,0.00043,0.0,0.0,0.0,0.0,0.0,0.0,0.0,0.0,0.0,0.0,0.0,0.0023,0.0,0.0,0.00075,0.0,0.0,0.0,0.0015,0.0,0.0,0.00277,0.0,0.0,0.0,0.00035,0.0,0.0,0.0,0.0,0.0,0.00317,0.0,0.0,0.00107,0.00107,0.0,0.01714,0.0,0.00947,0.0,0.01054,0.00081,0.00599,0.0,0.0,0.0,0.09694,0.00133,0.04327,0.0,0.0006,0.0,0.0,0.0,0.0,0.0,0.0,0.0,0.0,0.0,0.0,0.0,0.0,0.0,0.0,0.01233,0.00447,0.0,0.0,0.0,0.00035,0.0,0.00542,0.0,0.0,0.0,0.0,0.0,0.06027,0.0,0.0,0.0,0.0,0.0,0.0,0.0,0.0,0.0,0.0,0.0,0.0,0.0,0.00928,0.0,0.0,0.0,0.0,0.0,0.0,0.0,0.0,0.0,0.00173,0.0,0.0,0.0,0.0,0.0,0.0,0.0,0.0189,0.0,0.0,0.00063,0.0,0.00222,0.0,0.00187,0.013999999999999999,0.0108
SRR2143767,0.0,0.0,0.0,0.0,0.0,0.0,0.0,0.00111,0.0,0.0457,0.0,0.0,0.0,0.0,0.0,0.14429,0.0,0.05755,0.0,0.0,0.0,0.0,0.0,0.0,0.0,0.0,0.0,0.0,0.0,0.0,0.0,0.0,0.4132,0.0,0.0,0.0,0.0,0.0,0.0,0.0,0.0,0.0,0.0,0.0,0.0,0.0,0.0,0.0,0.0,0.0,0.0,0.0,0.0,0.0,0.0,0.0,0.0,0.0,0.0,0.0,0.0,0.0,0.0,0.00038,0.0,0.0,0.0,0.0003,0.053599999999999995,0.0,0.0,0.00169,0.0,0.0,0.0,0.0,0.0,0.0,0.0,0.0,0.0,0.0,0.0,0.0,0.0,0.0,0.07221,0.0,0.0,0.0,0.00045,0.0,0.0,0.0,0.0,0.0,0.00502,0.0,0.0,0.0,0.0,0.00047,0.0,0.0,0.0,0.0,0.0,0.0,0.0,0.0,0.0,0.0,0.0,0.0,0.0,0.00056,0.0,0.0,0.0,0.0,0.0,0.0,0.0,0.0,0.0,0.00415,0.0,0.0,0.00051,0.0,0.0,0.0,0.0,0.0,0.00036,0.0,0.0,0.0,0.0,0.0,0.0,0.0,0.0,0.0,0.0,0.0,0.0,0.0,0.0,0.02004,0.0,0.0,0.0,0.0,0.00049,0.0,0.0,0.0,0.0,0.0,0.0,0.0,0.0,0.00055,0.0,0.0,0.0,0.0,0.00026,0.0,0.0,0.0,0.0,0.0,0.0,0.00432,0.0,0.0,0.0,0.0,0.0,0.0,0.0,0.0,0.0,0.0,0.00024,0.0,0.0,0.0,0.0,0.0,0.0,0.0,0.0,0.0,0.0,0.0,0.0,0.0,0.0,0.0,0.0,0.0,0.0,0.00038,0.0144,0.0,0.0,0.0,0.0,0.0,0.0,0.0,0.0,0.0,0.0,0.00086,0.0,0.0,0.0,0.0,0.0,0.0,0.01305,0.0,0.0,0.0,0.0,0.0,0.0,0.0,0.0,0.0,0.0,0.0,0.0,0.0,0.0,0.0,0.0,0.00041,0.0,0.0,0.0,0.0,0.0,0.0,0.0,0.0,0.0003,0.0,0.00038,0.0,0.0,0.00878,0.00186,0.12799,0.0
SRR2143768,0.0,0.0,0.0,0.0,0.0,0.0,0.0,0.00468,0.0,0.24248,0.0,0.0,0.0,0.0,0.0,0.11291,0.0,0.0307,0.0,0.0,0.0,0.0,0.0,0.0,0.0,0.00139,0.0,0.0,0.0,0.0,0.0,0.0,0.09762,0.0,0.0,0.0,0.0,0.0,0.0,0.0,0.0,0.0,0.0,0.0,0.0,0.0,0.0,0.0,0.0,0.0,0.0,0.0,0.0,0.0,0.0,0.0,0.0,0.0,0.0,0.0,0.0,0.0,0.0,0.02272,0.0,0.0,0.0,0.0,0.0,0.0,0.0,0.0428,0.0,0.0,0.0,0.0,0.0,0.0,0.0,0.0,0.0,0.0,0.0,0.0,0.0,0.0,0.21582,0.0,0.0,0.0,0.0,0.0,0.0,0.0,0.0,0.0,0.0,0.0,0.00121,0.0,0.01016,0.05189,0.0,0.0,0.0,0.0,0.0,0.0,0.00162,0.0,0.0,0.0,0.0,0.0,0.0,0.0,0.0,0.0,0.0,0.0,0.0,0.0,0.0,0.0,0.0,0.01076,0.00139,0.0,0.0,0.0,0.0,0.0,0.0,0.0,0.00997,0.0,0.0,0.0,0.0,0.0,0.0,0.0,0.0,0.00255,0.0,0.0,0.0,0.0,0.0,0.0115,0.0,0.0,0.0,0.0,0.00459,0.0,0.0,0.0,0.0,0.0,0.0,0.0,0.0,0.00144,0.0,0.0,0.0,0.0,0.00088,0.0006,0.0,0.0,0.0,0.0,0.0,0.01229,0.0,0.0,0.0,0.0,0.0,0.0,0.0,0.0,0.0,0.0,0.02722,0.04044,0.0,0.0,0.0,0.0,0.0,0.0,0.0,0.0,0.0,0.0,0.0,0.0,0.0,0.0,0.0,0.0,0.00246,0.00116,0.0,0.0,0.0,0.0,0.0,0.00121,0.0,0.0,0.0,0.0,0.0,0.00176,0.0,0.0,0.0,0.0,0.0,0.0,0.0,0.0,0.0,0.0,0.0,0.0,0.0,0.0,0.0,0.0,0.0,0.0,0.0,0.0,0.0,0.0,0.0,0.0,0.0,0.0,0.0,0.0,0.0,0.0,0.0,0.0,0.0,0.0,0.0,0.0,0.0,0.0,0.00125,0.02448,0.0
SRR2143769,0.0,0.0,0.0,0.0,0.0,0.0,0.0,0.00043,0.0,0.00027,0.0,0.0,0.0,0.0,0.0,0.09866,0.0,0.09967,0.0,0.0,0.0,0.0,0.0,0.0,0.0,0.0,0.0,0.039459999999999995,0.0,0.0,0.0,0.0,0.22194,0.0,0.0,0.0,0.0,0.0,0.0,0.0,0.0,0.0,0.0,0.0,0.0,0.0,0.0,0.0,0.0,0.0,0.0,0.0,0.0,0.0,0.0,0.0,0.0,0.0,0.0,0.0,0.0,0.0,0.0,0.0,0.0,0.0,0.05591,0.00149,0.0,0.0,0.0,0.0221,0.0,0.0,0.0,0.0,0.0,0.0,0.0,0.0,0.0,0.0,0.0,0.0,0.0,0.0,0.06753,0.0,0.0,0.0,0.0,0.0,0.0,0.0,0.0,0.0,0.00295,0.0,0.0,0.0,0.0,0.00448,0.0,0.0,0.0,0.0,0.0,0.0,0.00065,0.0,0.0,0.0,0.0,0.0,0.0,0.0,0.0,0.0,0.0,0.0,0.0,0.0,0.0,0.0,0.0,0.0,0.0,0.0,0.00054,0.0,0.0,0.0,0.0,0.0,0.00099,0.0,0.0,0.0,0.0,0.0,0.0,0.0,0.0,0.0,0.0,0.0,0.0,0.0,0.0,0.12821,0.0,0.0,0.0,0.0,0.0,0.0,0.0,0.0,0.0,0.0,0.0,0.0,0.0,0.00023,0.0,0.0,0.0,0.0,0.00052,0.0,0.0,0.0,0.0,0.0,0.0,0.0332,0.0,0.00209,0.0,0.0,0.0,0.0,0.0,0.0,0.0,0.0,0.0,0.0,0.0,0.0,0.0,0.0,0.0,0.0,0.0,0.0,0.0,0.0,0.0,0.0,0.0,0.0,0.0,0.0,0.0,0.00099,0.04014,0.0,0.0,0.0,0.0,0.00027,0.0,0.0,0.0,0.0,0.0,0.00081,0.0,0.0,0.0,0.0,0.0,0.0,0.00775,0.0,0.0,0.0,0.0,0.0,0.0,0.02714,0.0,0.0,0.0,0.0,0.0,0.0,0.0,0.0,0.0,0.00426,0.0,0.0,0.0,0.0,0.0,0.0,0.0,0.0,0.0,0.0,0.0,0.0,0.0,0.0,0.0065899999999999995,0.12981,0.0
SRR2143770,0.0,0.0,0.0,0.0,0.0,0.0,0.0,0.00133,0.0,0.00132,0.0,0.00165,0.0,0.0,0.0,0.09031,0.0,0.11791,0.0,0.0,0.0,0.0,0.0,0.0,0.0,0.0,0.0,0.0093,0.0,0.0,0.0,0.027190000000000002,0.22457,0.0,0.0,0.0,0.0,0.0,0.0,0.0,0.0,0.0,0.0,0.0,0.0,0.0,0.0,0.0,0.0,0.0,0.0,0.0,0.0,0.0,0.0,0.0,0.0,0.0,0.0,0.0,0.0,0.0,0.0,0.00024,0.0,0.0,0.0,0.08497,0.00068,0.0,0.0,0.04657,0.0,0.0,0.0,0.0,0.0,0.0,0.0,0.0,0.0,0.0,0.0,0.0,0.0,0.0,0.12824,0.0,0.0,0.0,0.0,0.0,0.0,0.0,0.0,0.0,0.0,0.0,0.00055,0.0,0.00629,0.02834,0.0,0.0,0.0,0.0,0.0,0.0,0.0,0.0,0.0,0.0,0.0,0.0,0.0,0.00038,0.0,0.0,0.0,0.0,0.0,0.0,0.0,0.0,0.0,0.00779,0.00289,0.0,0.0,0.0,0.0,0.0,0.0,0.0,0.07116,0.0,0.0,0.00037,0.0,0.0,0.0,0.0,0.0,0.00073,0.0,0.0,0.0,0.0,0.0,0.00077,0.0,0.0,0.0,0.0,0.00143,0.0,0.0,0.0,0.0,0.0,0.0,0.0,0.0,0.00027,0.0,0.0,0.0,0.0,0.00062,0.0,0.0,0.0,0.0,0.0,0.0,0.00276,0.0,0.0006,0.0,0.0,0.0,0.0,0.0,0.0,0.0,0.0002,0.00033,0.00245,0.0,0.00022,0.0,0.0,0.0,0.0,0.0,0.0,0.0,0.0,0.0,0.0,0.0,0.0,0.0,0.0,0.00115,0.00044,0.0,0.0,0.00091,0.0,0.0,0.0,0.0,0.0,0.0,0.0,0.0,0.01955,0.0,0.0,0.0,0.0,0.0,0.0,0.05654,0.0,0.0,0.0,0.0,0.0,0.0,0.00499,0.0,0.0,0.0,0.0,0.0,0.0,0.0,0.0,0.0,0.00077,0.0,0.0,0.0,0.0,0.0,0.0,0.0,0.00207,0.0,0.0,0.0,0.0,0.00165,0.0,0.0008,0.03973,0.0
SRR2143771,0.0,0.0,0.0,0.0,0.0,0.0,0.0,0.00134,0.0,0.04068,0.0,0.01158,0.0,0.0,0.0,0.13824,0.0,0.03203,0.0,0.0,0.0,0.0,0.0,0.0,0.0,0.0005,0.0,0.04637,0.00646,0.0,0.0,0.22100999999999998,0.15225,0.0,0.0,0.0,0.0,0.0,0.0,0.0,0.0,0.0,0.0,0.0,0.0,0.0,0.0,0.0,0.0,0.0,0.0,0.0,0.0,0.0,0.0,0.0,0.0,0.0,0.0,0.0,0.0,0.0,0.0,0.00124,0.0,0.0,0.0,0.00359,0.06991,0.0,0.0,0.04319,0.0,0.0,0.0,0.0,0.0,0.0,0.0,0.0,0.0,0.0,0.0,0.0,0.0,0.0,0.044219999999999995,0.0,0.0,0.0,0.0,0.0,0.0,0.0,0.0,0.0,0.0,0.0,0.0,0.0,0.0028,0.03687,0.0,0.0,0.0,0.0,0.0,0.0,0.00364,0.0,0.0,0.0,0.0,0.0,0.0,0.0,0.0,0.0,0.0,0.0,0.0,0.0,0.0,0.0,0.0,0.00984,0.00031,0.0,0.0,0.0,0.0,0.0,0.0,0.0,0.01202,0.0,0.0,0.0,0.0,0.0,0.0,0.0,0.0,0.0,0.0,0.0,0.0,0.0,0.0,0.00081,0.0,0.0,0.00041,0.0,0.0,0.0,0.00031,0.0,0.0,0.0,0.0,0.0,0.0,0.00024,0.0,0.0,0.0,0.0,0.00038,0.0,0.0,0.0,0.0,0.0,0.0,0.00057,0.0,0.00409,0.0,0.0,0.0,0.01029,0.0,0.0,0.00029,0.0,0.0,0.00469,0.0,0.0,0.0,0.0,0.0,0.0,0.00311,0.0,0.0,0.0,0.0,0.0,0.0,0.0,0.0,0.0,0.00199,0.00048,0.0,0.0,0.0,0.0,0.0,0.00038,0.0,0.0,0.0,0.0,0.0,0.03215,0.0,0.0,0.0,0.0,0.0,0.0,0.0,0.0,0.0,0.0,0.0,0.0,0.0,0.0,0.0,0.0,0.0,0.0,0.0,0.0,0.0,0.0,0.0,0.00302,0.0,0.0,0.0,0.0,0.0,0.0,0.0,0.00103,0.0,0.0,0.0,0.0,0.0,0.0,0.00119,0.05349,0.0
SRR2143772,0.0,0.0,0.0,0.0,0.0,0.0,0.0,0.00057,0.0,0.04853,0.0,0.04903,0.0,0.0,0.0,0.0863,0.0,0.14059,0.0,0.0,0.0,0.0,0.0,0.0,0.0,0.0,0.0,0.05567999999999999,0.01097,0.0,0.0,0.0,0.20852,0.0,0.0,0.0,0.0,0.0,0.0,0.0,0.0,0.0,0.0,0.0,0.0,0.0,0.0,0.0,0.0,0.0,0.0,0.0,0.0,0.0,0.0,0.0,0.0,0.0,0.0,0.0,0.0,0.0,0.0,0.00111,0.0,0.00385,0.0,0.0,0.00463,0.0,0.0,0.02113,0.0,0.0,0.0,0.0,0.0,0.0,0.0,0.0,0.0,0.0,0.00268,0.0,0.0,0.0,0.03942,0.0,0.0,0.0,0.0,0.0,0.0,0.0,0.0,0.0,0.0,0.0,0.0035,0.0,0.0,0.02395,0.0,0.0,0.0,0.0,0.0,0.0,0.0,0.0,0.0,0.0,0.0,0.0,0.0,0.0,0.0,0.0,0.0,0.0,0.0,0.0,0.0,0.0,0.0,0.00702,0.0,0.0,0.00057,0.0,0.0,0.0,0.0,0.0,0.00691,0.00119,0.0,0.00138,0.0,0.0,0.0,0.0,0.0,0.00634,0.0,0.0,0.0,0.0,0.0,0.00303,0.0,0.0,0.00079,0.0,0.0,0.0,0.00057,0.0,0.0,0.00076,0.0,0.0,0.0,0.00033,0.0,0.0,0.01013,0.0,0.0,0.00406,0.0,0.0,0.0,0.00171,0.0,0.00425,0.0,0.00612,0.0,0.00033,0.0036,0.00257,0.0,0.0,0.0,0.0,0.0,0.00848,0.0,0.0,0.0,0.0,0.0,0.0,0.0,0.0,0.0,0.0,0.0,0.0,0.0,0.0,0.00133,0.0,0.00571,0.00146,0.0,0.0,0.00209,0.0,0.00049,0.00035,0.0,0.0,0.0,0.0,0.0,0.05143,0.0,0.0,0.0,0.0,0.0,0.0,0.0909,0.0,0.0,0.0,0.0,0.00038,0.0,0.00593,0.0,0.0,0.0,0.0,0.0,0.0,0.0,0.0,0.0,0.00637,0.0,0.0,0.0,0.0,0.0,0.0,0.0,0.00452,0.0,0.0,0.00046,0.0,0.0,0.0,0.001,0.0475,0.00168
SRR2143774,0.0,0.0,0.0,0.0,0.0,0.0,0.0,0.0,0.0,0.16283,0.0,0.00404,0.0,0.0,0.0,0.06968,0.0,0.23664,0.0,0.0,0.0,0.0,0.0,0.0,0.0,0.0,0.0,0.04854,0.0,0.0,0.0,0.0,0.12034,0.0,0.0,0.0,0.0,0.0,0.0,0.0,0.0,0.0,0.0,0.0,0.0,0.0,0.0,0.0,0.0,0.0,0.0,0.0,0.0,0.0,0.0,0.0,0.0,0.0,0.0,0.0,0.0,0.0,0.0,0.0,0.0,0.0,0.0,0.0,0.0,0.0,0.0,0.03717,0.0,0.0,0.0,0.0,0.0,0.0,0.0,0.0,0.0,0.0,0.0,0.0,0.0,0.0,0.03239,0.0,0.0,0.0,0.0,0.0,0.0,0.0,0.0,0.0,0.0,0.0,0.00659,0.0,0.0,0.00871,0.0,0.0,0.0,0.0,0.0,0.0,0.0,0.0,0.0,0.0,0.0,0.0,0.0,0.0,0.0,0.0,0.0,0.0,0.0,0.0,0.0,0.0,0.0,0.00255,0.0034,0.0,0.00202,0.0,0.0,0.0,0.0,0.0,0.08571,0.0,0.0,0.0,0.0,0.0,0.0,0.0,0.0,0.00244,0.0,0.0,0.0,0.0,0.0,0.01073,0.0,0.0,0.0,0.0,0.0,0.0,0.00117,0.0,0.0,0.0,0.0,0.0,0.0,0.0,0.0,0.0,0.0,0.0,0.0,0.0,0.0,0.0,0.0,0.0,0.0,0.00648,0.0,0.00531,0.0,0.0,0.0,0.0,0.0,0.0,0.0,0.0,0.00181,0.01317,0.0,0.0,0.0,0.0,0.0,0.0,0.0,0.0,0.0,0.0,0.0,0.0,0.0,0.0,0.0,0.0,0.0,0.0,0.0,0.0,0.0,0.0,0.0,0.0,0.0,0.0,0.0,0.0,0.0,0.00435,0.0,0.0,0.0,0.0,0.0,0.0,0.07095,0.0,0.0,0.0,0.0,0.0,0.0,0.0,0.0,0.0,0.0,0.0,0.0,0.0,0.0,0.0,0.0,0.00149,0.0,0.0,0.0,0.0,0.0,0.0,0.0,0.0,0.0,0.0,0.0,0.0,0.01062,0.0,0.0,0.04599,0.0
SRR2143775,0.0,0.00015,0.0,0.0,0.0,0.0,0.0,0.00119,0.0,0.15611,0.0,0.00297,0.0,0.0,0.0,0.07147,0.0,0.22815000000000002,0.0,0.0,0.0,0.0,0.0,0.0,0.0,0.0,0.0,0.04786,0.0,0.0,0.0,0.00626,0.13751,0.0,0.0,0.0,0.0,0.0,9e-05,0.0,0.0,0.0,0.0,0.0,0.0,0.0,0.0,0.0,0.0,0.0,0.0,0.0,0.0,0.0,0.0,0.0,0.0,0.0,0.0,0.0,0.0,0.0,0.0,0.00084,0.0,0.0,0.0,0.0,0.00018,0.0,0.00027,0.03129,0.0,0.0,0.00011,0.0,0.0,0.0,0.0,0.0,0.0,0.0,0.0,0.0,0.0,0.0,0.03775,0.0,0.0,0.0,0.00053,0.0,0.0,0.0,0.0,0.0,0.00903,0.0,0.00406,0.0,9e-05,0.00442,0.0,0.0,0.0,0.0,0.0,0.0,0.00024,0.0,0.0,0.0,0.0,0.0,0.0,0.0,0.0,0.0,0.0,0.0,0.0,0.0,0.0,0.0,0.0,0.00254,0.00203,0.0,0.00065,0.00016,0.0,0.0,0.0,0.0,0.0435,0.0,0.0,0.0001,0.0,0.0,0.0,0.0,0.0,0.00331,0.0,0.0,0.0,0.0,0.0,0.01154,0.0,0.0,0.00023,0.0,0.0003,0.0,0.00044,0.0,0.0,0.0,0.0,0.0,0.0,0.00032,0.0,0.0,0.0,0.0,0.00048,0.0002,0.0,0.0,0.00038,0.0,0.0,0.00704,0.0,0.00744,0.0,0.0,0.0,0.0,0.0,0.0,0.0,0.0,0.00151,0.01142,0.0,0.0,0.0,0.0,0.0,0.0,0.0,0.0,0.0,0.0,0.0,0.0,0.0,0.00239,0.00041,0.0,0.00023,0.00086,0.0,0.0,0.0,0.00054,0.0,0.00017,0.0,0.0,0.0,0.0,0.0,0.00469,0.0,0.0,0.0,0.0,0.0,0.0,0.09384,0.0,0.0,0.0,0.0,0.0,0.0,0.0,0.0,0.0,0.0,0.0,0.0,0.0,0.0,0.0,0.0,0.00158,0.0,0.0,0.0,0.0,0.0,0.0,0.0,0.00072,0.0,0.0,0.00037,0.0,0.00199,0.0,0.00037,0.05374,0.00012
SRR2143776,0.0,0.0,0.0,0.0,0.0,0.0,0.0,0.00207,0.0,0.00616,0.0,0.00315,0.0,0.0,0.0,0.06964,0.0,0.09045,0.0,0.0,0.0,0.0,0.00163,0.0,0.0,0.0,0.0,0.01427,0.00097,0.0,0.0,0.03396,0.20789,0.0,0.0,0.0,0.0,0.0,0.0,0.0,0.0,0.0,0.0,0.0,0.0,0.0,0.0,0.0,0.0,0.0,0.0,0.0,0.0,0.0,0.0,0.0,0.0,0.0,0.0,0.0,0.0,0.0,0.0,0.0,0.0,0.0,0.0,0.01555,0.07612,0.0,0.0,0.05108,0.0,0.0,0.0,0.0,0.0,0.0,0.0,0.0,0.0,0.0,0.0,0.0,0.0,0.0,0.10774,0.0,0.0,0.0,0.0,0.0,0.0,0.0,0.0,0.0,0.0,0.0,0.0013,0.0,0.01135,0.02468,0.0,0.0,0.0,0.0,0.0,0.0,0.0,0.0,0.0,0.0,0.0,0.0,0.0,0.0,0.0,0.0,0.0,0.0,0.0,0.0,0.0,0.0,0.0,0.00572,0.00193,0.0,0.0,0.0,0.0,0.0,0.0,0.0,0.00276,0.0,0.0,0.0005,0.0,0.0,0.0,0.0,0.0,0.0,0.0,0.0,0.0,0.0,0.0,0.0,0.0,0.0011,0.00072,0.0,0.00061,0.0,0.00075,0.0,0.0,0.0,0.0,0.0,0.0,0.00058,0.0,0.0,0.0,0.0,0.00055,0.00058,0.0,0.0,0.0,0.0003,0.0,0.00334,0.0,0.00144,0.0,0.00116,0.0,0.00345,0.0,0.0,0.0,0.00069,0.00179,0.00362,0.0,0.0,0.0,0.0,0.0,0.0,0.00052,0.0,0.0,0.0,0.0,0.0,0.0,0.0,0.00047,0.0,0.00141,0.0,0.0,0.0,0.00094,0.0,0.0,0.0,0.0,0.0,0.0,0.0,0.0,0.00243,0.0,0.0,0.0,0.00146,0.0,0.0,0.07436,0.0,0.0,0.0,0.0,0.0,0.0,0.0,0.0,0.0,0.0,0.0,0.0,0.0,0.0,0.0,0.0,0.00036,0.0,0.0,0.0,0.0,0.0,0.0,0.0,0.00191,0.0,0.0,0.0,0.0,0.0,0.0,0.0,0.10873,0.0
SRR2143777,0.0,0.0,0.0,0.0,0.0,0.0,0.0,0.00051,0.0,0.18865,0.0,0.058399999999999994,0.0,0.0,0.0,0.03185,0.0,0.02862,0.0,0.0,0.0,0.0,0.0,0.0,0.0,0.00544,0.0,0.27565,0.00024,0.0,0.0,0.0,0.03884,0.0,0.0,0.0,0.0,0.0,0.0,0.0,0.0,0.0,0.0,0.0,0.0,0.0,0.0,0.0,0.0,0.0,0.0,0.0,0.0,0.0,0.0,0.0,0.0,0.0,0.0,0.0,0.0,0.0,0.0,0.00773,0.0,0.0,0.0,0.00165,0.0,0.0,0.00058,0.0,0.00033,0.0,0.0,0.0,0.0,0.0,0.0,0.0,0.0,0.0,0.0,0.0,0.0,0.0,0.024960000000000003,0.0,0.0,0.0,0.0018,0.0,0.0,0.0,0.0,0.0,0.0,0.0,0.0,0.0,0.0,0.04107,0.0,0.0,0.0,0.0,0.0,0.0,0.00333,0.0,0.0,0.0,0.0,0.0,0.0,0.00247,0.0,0.0,0.0,0.0,0.0,0.0,0.0,0.00173,0.0,0.00747,0.00062,0.0,0.0,0.0,0.0,0.0,0.0,0.0,0.0008,0.0,0.0,0.00091,0.0,0.0,0.0,0.0,0.0,0.00116,0.0,0.0,0.0,0.0,0.0,0.00493,0.0,0.0,0.0,0.0,0.0,0.0,0.00031,0.0,0.0,0.00696,0.0,0.0,0.0,0.00031,0.0,0.0,0.0,0.0,0.0,0.00136,0.0,0.0,0.00051,0.0,0.0,0.0074,0.0,0.01598,0.0,0.0,0.0,0.0,0.0,0.0,0.0,0.00024,0.02958,0.10565000000000001,0.0,0.0,0.0,0.0,0.0,0.0,0.0,0.0,0.0,0.0,0.0,0.0,0.0,0.0,0.0,0.0,0.0008,0.00173,0.0,0.0,0.0,0.02233,0.0,0.00044,0.0,0.0,0.0,0.0,0.0,0.01947,0.0,0.0,0.0,0.0,0.0,0.0,0.0,0.0,0.0,0.0,0.0,0.0,0.0,0.0,0.0,0.0,0.0,0.0,0.0,0.0,0.0,0.0,0.0,0.00249,0.0,0.0,0.0,0.0,0.0,0.0,0.0,0.01297,0.0,0.0,0.0,0.0,0.0,0.0,0.00044,0.02889,0.00029
SRR2143778,0.0,0.0224,0.0,0.0,0.0,0.0,0.0,0.00062,0.0,0.00822,0.0,0.00999,0.0,0.0,0.0,0.03971,0.0,0.0465,0.0,0.0,0.0,0.0,0.0,0.0,0.0,0.00191,0.0,0.13463,0.0428,0.0,0.0,0.0,0.11568,0.0,0.0,0.0,0.0,0.0,0.0,0.0,0.0,0.0,0.0,0.0,0.0,0.0,0.0,0.0,0.0,0.0,0.0,0.0,0.0,0.0,0.0,0.0,0.0,0.0,0.0,0.0,0.0,0.0,0.0,0.0085,0.0,0.0,0.0,0.00225,0.0,0.0,0.0,0.05173,0.00028,0.0,0.0,0.0,0.0,0.0,0.0,0.0,0.0,0.0,0.00028,0.0,0.0,0.0,0.03154,0.0,0.0,0.0,0.0,0.00067,0.0,0.0,0.0,0.0,0.01936,0.0,0.00601,0.0,0.00682,0.02023,0.0,0.0,0.0,0.0,0.0,0.0,0.0016,0.0,0.0,0.0,0.0,0.0,0.0,0.0,0.0,0.0,0.0,0.0,0.0,0.0,0.0,0.00081,0.0,0.01499,0.0,0.0,0.0,0.0,0.0,0.0,0.0,0.0,0.01628,0.0,0.0,0.0,0.0,0.0,0.0,0.0,0.0,0.00154,0.0,0.0,0.0,0.0,0.0,0.0,0.0,0.0,0.0,0.0,0.00031,0.0,0.0,0.0,0.0,0.0,0.0,0.0,0.0,0.00051,0.0,0.0,0.0,0.0,0.0,0.01883,0.0,0.0,0.00118,0.0,0.0,0.00859,0.0,0.0,0.0,0.0,0.0,0.0,0.0,0.0,0.0,0.00053,0.03188,0.07319,0.0,0.0,0.0,0.0,0.0,0.0,0.0,0.0,0.0,0.0,0.0,0.0,0.0,0.0,0.0,0.0,0.00045,0.00241,0.12017,0.0,0.0,0.0,0.0,0.00109,0.0,0.0,0.0,0.0,0.0,0.04061,0.0,0.0,0.0,0.0,0.0,0.0,0.0,0.0,0.0,0.0,0.0,0.0,0.0,0.01768,0.0,0.0,0.0,0.0,0.0,0.0,0.0,0.0,0.0,0.0,0.0,0.0,0.0,0.0,0.0,0.0,0.0,0.02082,0.00045,0.0,0.0,0.0,0.0,0.0,0.00107,0.04662,0.0
SRR2143779,0.0,0.01202,0.0,0.0,0.0,0.0,0.0,0.00055,0.0,0.05101,0.0,0.039490000000000004,0.0,0.0,0.0,0.07595,0.0,0.02862,0.0,0.0,0.0,0.0,0.0,0.0,0.0,0.00064,0.0,0.12322999999999999,0.0,0.0,0.0,0.0,0.17091,0.0,0.0,0.0,0.0,0.0,0.0,0.0,0.0,0.0,0.0,0.0,0.0,0.0,0.0,0.0,0.0,0.0,0.0,0.0,0.0,0.0,0.0,0.0,0.0,0.0,0.00115,0.0,0.0,0.0,0.0,0.0,0.0,0.0,0.0,0.00117,0.04799,0.0,0.0,0.09398999999999999,0.0,0.0,0.0,0.0,0.0,0.0,0.0,0.0,0.0,0.0,0.00033,0.0,0.00046,0.0,0.029990000000000003,0.0,0.0,0.0,0.00302,0.0,0.0,0.0,0.0,0.0,0.01286,0.0,0.00192,0.0,0.0,0.01048,0.0,0.0,0.0,0.0,0.0,0.0,0.00073,0.0,0.0,0.0,0.0,0.0,0.0,0.0,0.0,0.0,0.0,0.0,0.0,0.0,0.0,0.0,0.0,0.00525,0.0,0.0,0.0,0.0,0.0,0.0,0.0,0.0,0.00404,0.0,0.0,0.00214,0.00194,0.0,0.0,0.0,0.0,0.0,0.0,0.0,0.0,0.0,0.0,0.00055,0.0,0.0,0.00071,0.0,0.0,0.0,0.00503,0.0,0.0,0.00168,0.0,0.0,0.0,0.00037,0.0,0.0,0.0,0.0,0.0,0.0,0.0,0.0,0.0,0.0,0.0,0.00728,0.0,0.00404,0.0,0.01414,0.00051,0.0,0.0,0.0,0.00024,0.00026,0.0,0.02699,0.0,0.00946,0.0,0.0,0.0,0.0,0.0,0.0,0.0,0.0,0.0,0.0,0.0,0.0,0.0006,0.0,0.02472,0.00077,0.07487,0.0,0.0,0.0,0.0,0.0,0.0,0.0,0.0,0.0,0.0,0.01725,0.0,0.0,0.0,0.0,0.0,0.0,0.0,0.0,0.0,0.0,0.0,0.0,0.0,0.0,0.0,0.0,0.0,0.0,0.0,0.0,0.0,0.0,0.0,0.00152,0.0,0.0,0.0,0.0,0.0,0.0,0.0,0.04918,0.0,0.0,0.0,0.0,0.0,0.0,0.00075,0.023,0.00051
SRR2143780,0.0,0.0,0.0,0.0,0.0,0.0,0.0,0.00213,0.0,0.03464,0.0,0.0,0.0,0.0,0.0,0.0927,0.0,0.18455,0.0,0.0,0.0,0.0,0.0,0.0,0.0,0.0,0.0,0.00501,0.0,0.0,0.0,0.11252,0.10876,0.0,0.0,0.0,0.0,0.0,0.0,0.0,0.0,0.0,0.0,0.0,0.0,0.0,0.0,0.0,0.0,0.0,0.0,0.0,0.0,0.0,0.0,0.0,0.0,0.0,0.0,0.0,0.0,0.0,0.0,0.00532,0.0,0.0,0.0,0.0,0.0,0.0,0.0,0.07278,0.0,0.0,0.0,0.0,0.0,0.0,0.0,0.0,0.0,0.0,0.0,0.0,0.0,0.0,0.14473,0.0,0.0,0.0,0.0,0.0,0.0,0.0,0.0,0.0,0.0,0.0,0.0,0.0,0.02093,0.00798,0.0,0.0,0.0,0.0,0.0,0.0,0.0,0.0,0.0,0.0,0.0,0.0,0.0,0.0,0.0,0.0,0.0,0.0,0.0,0.0,0.0,0.0,0.0,0.00892,0.0,0.0,0.0,0.0,0.0,0.0,0.0,0.0,0.00412,0.0,0.0,0.0,0.0,0.0,0.0,0.0,0.0,0.00426,0.0,0.0,0.0,0.0,0.0,0.05575,0.0,0.00497,0.0,0.0,0.00186,0.0,0.0,0.0,0.0,0.0,0.0,0.0,0.0,0.00071,0.0,0.0,0.0,0.0,0.00093,0.0,0.0,0.0,0.0,0.0,0.0,0.0,0.0,0.0,0.0,0.0,0.0,0.0,0.0,0.0,0.0,0.0,0.00133,0.00235,0.0,0.0,0.0,0.0,0.0,0.0,0.0,0.0,0.0,0.0,0.0,0.0,0.0,0.0,0.0,0.0,0.0,0.00182,0.0,0.0,0.0,0.0,0.0,0.0,0.0,0.0,0.0,0.0,0.0,0.00106,0.0,0.0,0.0,0.0,0.0,0.0,0.0,0.0,0.0,0.0,0.0,0.0,0.0,0.01526,0.0,0.0,0.0,0.0,0.0,0.0,0.0,0.0,0.0,0.00071,0.0,0.0,0.0,0.0,0.0,0.0,0.0,0.0,0.0,0.0,0.0,0.0,0.0,0.0,0.00089,0.05096,0.0
SRR2143782,0.0,0.0,0.0,0.0,0.0,0.0,0.0,0.00089,0.0,0.00177,0.0,0.00302,0.0,0.0,0.0,0.11441,0.0,0.11997,0.0,0.0,0.0,0.0,0.0,0.0,0.0,0.0,0.0,0.01933,0.0,0.0,0.0,0.0,0.26031000000000004,0.0,0.0,0.0,0.0,0.0,0.0,0.0,0.0,0.0,0.0,0.0,0.0,0.0,0.0,0.0,0.0,0.0,0.0,0.0,0.0,0.0,0.0,0.0,0.0,0.0,0.0,0.0,0.0,0.0,0.0,0.0,0.0,0.0,0.0,0.04391,0.00299,0.0,0.0,0.04672,0.0,0.0,0.0,0.0,0.0,0.0,0.0,0.0,0.0,0.0,0.0,0.0,0.0,0.0,0.06663,0.0,0.0,0.0,0.0,0.0,0.0,0.0,0.0,0.0,0.00417,0.0,0.0,0.0,0.08052,0.01076,0.0,0.0,0.0,0.0,0.0,0.0,0.0,0.0,0.0,0.0,0.0,0.0,0.0,0.0,0.0,0.0,0.0,0.0,0.0,0.0,0.0,0.0,0.0,0.00648,0.0,0.0,0.00033,0.0,0.0,0.0,0.0,0.0,0.00092,0.0,0.0,0.00041,0.0,0.0,0.0,0.0,0.0,0.0,0.0,0.0,0.0,0.0,0.0,0.00059,0.0,0.0,0.00133,0.0,0.0,0.0,0.0,0.0,0.0,0.00035,0.0,0.0,0.0,0.0,0.0,0.0,0.0,0.0,0.0,0.0,0.0,0.0,0.0,0.0,0.0,0.00035,0.0,0.0,0.0,0.0,0.0,0.00467,0.0,0.0,0.00038,0.0,0.0,0.00887,0.0,0.0,0.0,0.0,0.0,0.0,0.00071,0.0,0.0,0.0,0.0,0.0,0.0,0.0,0.0,0.0,0.0,0.00163,0.0,0.0,0.00157,0.0,0.0,0.0,0.0,0.0,0.0,0.0,0.0,0.01582,0.0,0.0,0.0,0.0,0.0,0.0,0.02274,0.0,0.0,0.0,0.0,0.0,0.0,0.01996,0.0,0.0,0.0,0.0,0.0,0.0,0.0,0.0,0.0,0.00251,0.0,0.0,0.0,0.0,0.0,0.0,0.0,0.0,0.0,0.0,0.0,0.0,0.0,0.0,0.00192,0.13165,0.0
SRR2143783,0.0,0.00109,0.0,0.0,0.0,0.0,0.0,0.0,0.0,0.05033,0.0,0.03683,0.0,0.0,0.0,0.0081,0.0,0.00117,0.0,0.0,0.00314,0.0,0.0,0.0,0.0,0.00218,0.0,0.0694,0.00974,0.0,0.0,0.0,0.02248,0.0,0.0,0.0,0.0,0.0,0.0,0.0,0.0,0.0,0.0,0.0,0.0,0.0,0.0,0.0,0.0,0.0,0.0,0.0,0.0,0.0,0.0,0.0,0.0,0.0,0.0,0.0,0.00076,0.0,0.0,0.0096,0.0,0.00243,0.0,0.00286,0.0,0.0,0.0,0.01012,0.0,0.0,0.0,0.0,0.0,0.0,0.0,0.0,0.0,0.0,0.0,0.0,0.0,0.0,0.0052899999999999996,0.0,0.0,0.0,0.0018,0.0015300000000000001,0.0,0.0,0.0,0.0,0.00808,0.0,0.00562,0.0,0.00742,0.03828,0.0,0.0,0.0,0.0,0.0,0.0,0.00055,0.0,0.0,0.0,0.0,0.0,0.0,0.0,0.0,0.0,0.0,0.0,0.0,0.0,0.0,0.0,0.0,0.00559,0.00093,0.0,0.0006,0.0,0.01591,0.0,0.0,0.0,0.01159,0.0,0.0,0.00057,0.0,0.0,0.0,0.0,0.0,0.00715,0.0,0.0,0.0,0.0,0.0,0.0057,0.0,0.0,0.00049,0.10061,0.0,0.0,0.00071,0.0,0.0,0.0,0.0,0.0,0.0,0.0,0.0,0.0,0.00055,0.0,0.0,0.0024,0.0,0.0,0.00191,0.00246,0.0,0.00453,0.0,0.01956,0.0,0.0,0.0,0.0,0.0,0.0,0.00172,0.00082,0.01585,0.06498,0.0,0.0,0.0,0.00276,0.0,0.0,0.0,0.0,0.0,0.0,0.0,0.0,0.0,0.0,0.0,0.0,0.033889999999999997,0.00175,0.24709,0.0,0.0,0.0,0.0,0.0,0.0,0.0,0.00186,0.0,0.0,0.04471,0.0,0.0,0.0,0.0,0.0,0.0,0.0,0.0,0.0,0.0,0.0,0.0,0.0,0.0,0.0,0.0,0.0,0.0,0.0,0.0,0.0,0.0,0.0,0.00082,0.0,0.0,0.0,0.0,0.0,0.0,0.0,0.04052,0.00052,0.0,0.0,0.0,0.0,0.02259,0.00038,0.02354,0.0
SRR2143784,0.0,0.0,0.0,0.0,0.0,0.0,0.0,0.0,0.0,0.00205,0.0,0.04823,0.0,0.0,0.0,0.00066,0.0,0.01026,0.0,0.0,0.0,0.0,0.0,0.0,0.0,0.00861,0.0,0.17468999999999998,0.0,0.0,0.0,0.0,0.05215,0.0,0.0,0.0,0.0,0.0,0.0,0.0,0.0,0.0,0.0,0.0,0.0,0.0,0.0,0.0,0.0,0.0,0.0,0.0,0.0,0.0,0.0,0.0,0.0,0.0,0.0,0.0,0.0,0.0,0.0,0.0,0.0,0.0,0.0,0.0372,0.0,0.0,0.0,0.07021,0.00048,0.0,0.0,0.0,0.0,0.0,0.0,0.0,0.0,0.0,0.0,0.0,0.0,0.0,0.009559999999999999,0.0,0.0,0.0,0.0155,0.0,0.0,0.0,0.0,0.0,0.0,0.0,0.00425,0.0,0.0,0.05878,0.0,0.0,0.0,0.0,0.0,0.0,0.00971,0.0,0.0,0.0,0.0,0.0,0.0,0.0,0.0,0.0,0.0,0.0,0.0,0.0,0.0,0.00414,0.0,0.00385,0.0,0.0,0.0,0.0,0.0,0.0,0.0,0.0,0.02122,0.0,0.0,0.0,0.0,0.0,0.0,0.0,0.0,0.0,0.0,0.0,0.0,0.0,0.0,0.00454,0.0,0.0,0.0,0.0,0.0,0.0,0.0,0.0,0.0,0.0,0.0,0.0,0.0,0.0,0.0,0.0,0.0,0.0,0.0,0.0,0.0,0.0,0.02646,0.0,0.0,0.003,0.0,0.11129,0.0,0.0,0.0,0.0,0.0,0.0,0.0,0.00114,0.0,0.00817,0.0,0.0,0.0,0.0,0.0,0.0,0.0,0.0,0.0,0.0,0.0,0.0,0.0,0.0,0.0,0.0,0.03107,0.0033,0.0,0.0,0.0,0.0,0.0,0.00132,0.0,0.0,0.0,0.0,0.0,0.21804,0.0,0.0,0.0,0.00092,0.0,0.0,0.0,0.0,0.0,0.0,0.0,0.0,0.0,0.0,0.0,0.0,0.0,0.0,0.0,0.0,0.0,0.0,0.0,0.01077,0.0,0.0,0.0,0.0,0.0,0.0,0.0,0.0,0.0,0.0,0.00073,0.0,0.0,0.0,0.01565,0.02147,0.0
SRR2143785,0.0,0.0,0.0,0.0,0.0,0.0,0.0,0.00063,0.0,0.01683,0.0,0.09497,0.0,0.0,0.0,0.08426,0.0,0.06418,0.0,0.0,0.0,0.0,0.0,0.0,0.0,0.00901,0.0,0.06994,0.00027,0.0,0.0,0.06617,0.14283,0.0,0.0,0.0,0.0,0.0,0.0,0.0,0.0,0.0,0.0,0.0,0.0,0.0,0.0,0.0,0.0,0.0,0.0,0.0,0.0,0.0,0.0,0.0,0.0,0.0,0.0,0.0,0.0,0.0,0.0,0.01543,0.0,0.0,0.0,0.00173,0.00042,0.0,0.0,0.01837,0.0,0.0,0.0,0.0,0.0,0.0,0.0,0.0,0.0,0.0,0.0,0.0,0.0,0.0,0.03755,0.0,0.0,0.0,0.0,0.0,0.0,0.0,0.0,0.0,0.00073,0.0,0.0,0.0,0.00325,0.01785,0.0,0.0,0.0,0.0,0.0,0.0,0.00045,0.0,0.00037,0.0,0.0,0.0,0.0,0.0,0.0,0.0,0.0,0.0,0.0,0.0,0.0,0.00027,0.0,0.01057,0.0,0.0,0.0,0.0,0.0,0.0,0.0,0.0,0.00109,0.0,0.0,0.0,0.0,0.0,0.0,0.0,0.0,0.0,0.0,0.0,0.0,0.0,0.0,0.0113,0.0,0.0,0.0,0.0,0.00029,0.0,0.0,0.0,0.0,0.0,0.0,0.0,0.0,0.00032,0.0,0.0,0.0,0.0,0.00022,0.0,0.0,0.0,0.00083,0.0,0.0,0.01136,0.0,0.00631,0.0,0.0006,0.0,0.0,0.0,0.0,0.0,0.00022,0.00238,0.11979,0.0,0.0,0.0,0.0,0.0,0.0,0.0,0.0,0.0,0.0,0.0,0.0,0.0,0.00066,0.00016,0.0,0.0019,0.00032,0.02094,0.0,0.0,0.0,0.0,0.00036,0.0,0.0,0.0,0.0,0.0,0.01113,0.0,0.0,0.0,0.0,0.0,0.0,0.00836,0.0,0.0,0.0,0.0,0.0,0.0,0.0,0.0,0.0,0.0,0.0,0.0,0.0,0.0,0.0,0.0,0.00038,0.0,0.0,0.0,0.0,0.0,0.0,0.0,0.0,0.0,0.0,0.0,0.0,0.0,0.0,0.00027,0.13438,0.00029
SRR2143786,0.0,0.0,0.0,0.0,0.0,0.0,0.0,0.00045,0.0,0.05814,0.0,0.00218,0.0,0.0,0.0,0.05015,0.0,0.05904,0.0,0.0,0.0,0.0,0.0,0.0,0.0,0.0,0.0,0.011959999999999998,0.0,0.0,0.0,0.01065,0.28113,0.0,0.0,0.0,0.0,0.0,0.0,0.0,0.0,0.0,0.0,0.0,0.0,0.0,0.0,0.0,0.0,0.0,0.0,0.0,0.0,0.0,0.0,0.0,0.0,0.0,0.0,0.0,0.0,0.0,0.0,0.0,0.0,0.0,0.0,0.0,0.04922,0.0,0.0,0.0,0.0,0.0,0.0,0.0,0.0,0.0,0.0,0.0,0.0,0.0,0.0,0.0,0.0,0.0,0.05158,0.0,0.0,0.0,0.00171,0.0,0.0,0.0,0.0,0.0,0.0,0.00075,0.00537,0.0,0.03627,0.02167,0.0,0.0,0.0,0.0,0.0,0.0,0.0,0.0,0.0,0.0,0.0,0.0,0.0,0.0,0.0,0.0,0.0,0.0,0.0,0.0,0.0,0.0,0.0,0.00294,0.0,0.0,0.00028,0.0,0.0,0.0,0.0,0.0,0.00148,0.0,0.0,0.0,0.0,0.0,0.0,0.0,0.0,0.0,0.0,0.0,0.0,0.0,0.0,0.00455,0.0,0.0,0.0,0.0,0.0,0.0,0.0,0.0,0.0,0.0,0.0,0.0,0.0,0.0003,0.0,0.0,0.0,0.0,0.00053,0.0,0.0,0.0,0.0,0.0,0.0,0.00299,0.0,0.0,0.0,0.0,0.00251,0.0,0.0,0.0,0.0,0.0,0.00912,0.00625,0.0,0.00482,0.0,0.0,0.0,0.0,0.0,0.0,0.0,0.0,0.0,0.0,0.0,0.0,0.0,0.0,0.00158,0.00045,0.0,0.0,0.0,0.0,0.0,0.0,0.0,0.0,0.0,0.0,0.0,0.00568,0.0,0.0,0.0,0.0,0.0,0.0,0.0,0.0,0.0,0.0,0.0,0.0,0.0,0.0,0.0,0.0,0.0,0.0,0.0,0.0,0.0,0.0,0.0,0.00487,0.0,0.0,0.0,0.0,0.0,0.0,0.0,0.00198,0.0,0.0,0.00028,0.0,0.0,0.0,0.0005,0.30426,0.0
SRR2143787,0.0,0.0,0.0,0.0,0.0,0.0,0.0,0.0,0.0,0.00759,0.0,0.0,0.0,0.0,0.0,0.08779,0.0,0.38745999999999997,0.0,0.0,0.0,0.0,0.0,0.0,0.0,0.0,0.0,0.009919999999999998,0.00162,0.0,0.0,0.0,0.09188,0.0,0.0,0.0,0.0,0.0,0.0,0.0,0.0,0.0,0.0,0.0,0.0,0.0,0.0,0.0,0.0,0.0,0.0,0.0,0.0,0.0,0.0,0.0,0.0,0.0,0.0,0.0,0.00054,0.0,0.0,0.0,0.0,0.00144,0.0,0.01805,0.0,0.0,0.0,0.00364,0.0,0.0,0.0,0.0,0.0,0.0,0.0,0.0,0.0,0.0,0.0,0.0,0.0,0.0,0.04171999999999999,0.0,0.0,0.0,0.0,0.0,0.0,0.0,0.0,0.0,0.0,0.0,0.0,0.0,0.02138,0.01747,0.0,0.0,0.0,0.0,0.0,0.0,0.0,0.0,0.0,0.0,0.0,0.0,0.0,0.0,0.0,0.0,0.0,0.0,0.0,0.0,0.0,0.0,0.0,0.00552,0.0,0.0,0.00085,0.0,0.0,0.0,0.0,0.0,0.0062,0.0,0.0,0.0,0.0,0.0,0.0,0.0,0.0,0.00045,0.0,0.0,0.0,0.0,0.0,0.01495,0.0,0.0,0.0,0.0,0.0,0.0,0.0,0.0,0.0,0.0,0.0,0.0,0.0,0.0,0.0,0.0,0.0,0.0,0.0,0.00256,0.0,0.0,0.0,0.0,0.0,0.0009,0.0,0.0,0.0,0.0,0.0,0.00409,0.0,0.0,0.0,0.0,0.00382,0.0079,0.0,0.0,0.0,0.0,0.0,0.0,0.00081,0.0,0.0,0.0,0.0,0.0,0.0,0.0,0.0,0.0,0.0,0.00202,0.0,0.0,0.0,0.0,0.0,0.0,0.0,0.0,0.0,0.0,0.0,0.0974,0.0,0.0,0.0,0.0,0.0,0.0,0.0428,0.0,0.0,0.0,0.0,0.0,0.0,0.0,0.0,0.0,0.0,0.0,0.0,0.0,0.0,0.0,0.0,0.00072,0.0,0.0,0.0,0.0,0.0,0.0,0.0,0.00247,0.0,0.0,0.0,0.0,0.0,0.0,0.00049,0.11433,0.0
SRR2143788,0.0,0.0,0.0,0.0,0.0,0.0,0.0,0.00042,0.0,0.17762,0.0,0.00687,0.0,0.0,0.0,0.02538,0.0,0.00997,0.0,0.0,0.00178,0.0,0.0,0.0,0.0,0.0,0.0,0.14845999999999998,0.0,0.0,0.0,0.0,0.08007,0.0,0.0,0.0,0.0,0.0,0.0,0.0,0.0,0.0,0.0,0.0,0.0,0.0,0.0,0.0,0.0,0.0,0.0,0.0,0.0,0.0,0.0,0.0,0.0,0.0,0.0,0.0,0.00332,0.0,0.0,0.00545,0.0,0.0,0.0,0.00116,0.0241,0.0,0.0,0.00194,0.0,0.0,0.0,0.0,0.0,0.0,0.0,0.0,0.0,0.0,0.0,0.0,0.0,0.0,0.00365,0.0,0.0,0.0,0.0,0.0,0.0,0.0,0.0,0.0,0.0,0.0,0.00556,0.0,0.0,0.05489,0.0,0.0,0.0,0.0,0.0,0.0,0.0012,0.0,0.0,0.0,0.0,0.0,0.0,0.0,0.0,0.0,0.0,0.0,0.0,0.0,0.0,0.0,0.0,0.0051,0.0,0.0,0.0,0.0,0.0,0.0,0.0,0.0,0.0482,0.0,0.0,0.00048,0.0,0.0,0.0,0.0,0.0,0.0,0.0,0.0,0.0,0.0,0.0,0.01337,0.0,0.0,0.00038,0.0,0.0,0.0,0.00209,0.0,0.0,0.0,0.0,0.0,0.0,0.00033,0.0,0.0,0.0,0.0,0.0,0.01868,0.0,0.0,0.00235,0.0,0.0,0.00599,0.0,0.02237,0.0,0.0,0.0,0.00271,0.0,0.0,0.0,0.00069,0.08032,0.08949,0.0,0.0,0.0,0.0,0.0,0.0,0.0,0.0,0.0,0.0,0.0,0.0,0.0,0.0205,0.0,0.0,0.08801,0.00029,0.0,0.0,0.0,0.0,0.0,0.0,0.0,0.0,0.0,0.0,0.0,0.02041,0.0,0.0,0.0,0.0,0.0,0.0,0.0,0.0,0.0,0.0,0.0,0.0,0.0,0.0,0.0,0.0,0.0,0.0,0.0,0.0,0.0,0.0,0.0,0.0005499999999999999,0.0,0.0,0.0,0.0,0.0,0.0,0.0,0.01788,0.0,0.0,0.0,0.0,0.0,0.0,0.00076,0.00116,0.00013
SRR2143790,0.0,0.0,0.0,0.0,0.0,0.0,0.0,0.00092,0.0,0.00151,0.0,0.0046500000000000005,0.0,0.0,0.0,0.12431,0.0,0.06446,0.0,0.0,0.0,0.0,0.0,0.0,0.0,0.0,0.0,0.0484,0.00016,0.0,0.0,0.0,0.33436,0.0,0.0,0.0,0.0,0.0,0.00018,0.0,0.0,0.0,0.0,0.0,0.0,0.0,0.0,0.0,0.0,0.0,0.0,0.0,0.0,0.0,0.0,0.0,0.0,0.0,0.0,0.0,0.0,0.0,0.0,0.00481,0.0,0.0,0.0,0.00051,0.0,0.0,0.0,0.03833,0.0,0.0,0.0,0.0,0.0,0.0,0.0,0.0,0.0,0.0,0.0,0.0,0.0,0.0,0.07549,0.0,0.0,0.0,0.0,0.00064,0.0,0.0,0.0,0.0,0.00918,0.0,0.00179,0.0,0.05118,0.02153,0.0,0.0,0.0,0.0,0.0,0.0,0.0,0.0,0.0,0.0,0.0,0.0,0.0,0.0,0.0,0.0,0.0,0.0,0.0,0.0,0.0,0.0,0.0,0.00364,0.00098,0.0,0.0001,0.00012,0.0007,0.0,0.0,0.0,0.01375,0.0,0.0,0.00043,0.0,0.0,0.0,0.0,0.0,0.0,0.0,0.0,0.0,0.0,0.0,0.00553,0.0,0.0,0.0,0.0,0.00011,0.0,0.00016,0.0,0.0,0.0,0.0,0.0,0.0,0.00031,0.0,0.0,0.0,0.0,0.00033,0.00036,0.0,0.0,0.0,0.0,0.0,0.01035,0.0,0.00443,0.0,0.00011,0.0,0.0,0.0,0.0,0.0,0.0,0.00636,0.01916,0.0,0.0,0.0,0.0,0.0,0.0,0.0,0.0,0.0,0.0,0.0,0.0,0.0,0.00068,0.00019,0.0,0.00015,0.0,0.07399,0.0,0.0,0.00021,0.0,0.0002,0.0,0.0,0.00107,0.0,0.0,0.01727,0.0,0.0,0.0,0.0,0.0,0.0,0.01241,0.0,0.0,0.0,0.0,0.0,0.0,0.0,0.0,0.0,0.0,0.0,0.0,0.0,0.0,0.00017,0.0,0.0,0.0,0.0,0.0,0.0,0.0,0.0,0.0,0.00081,0.00024,0.0,0.00028,0.0,0.0,0.00726,0.00084,0.0333,0.00022
SRR2143791,0.0,0.0,0.0,0.0,0.0,0.0,0.0,0.00109,0.0,0.00085,0.0,0.00393,0.0,0.0,0.0,0.13497,0.0,0.05585,0.0,0.0,0.0,0.0,0.0,0.0,0.0,0.0,0.0,0.049600000000000005,0.0,0.0,0.0,0.0,0.29816,0.0,0.0,0.0,0.0,0.0,0.0,0.0,0.0,0.0,0.0,0.0,0.0,0.0,0.0,0.0,0.0,0.0,0.0,0.0,0.0,0.0,0.0,0.0,0.0,0.0,0.0,0.0,0.0,0.0,0.0,0.00378,0.0,0.0,0.0,0.0,0.0,0.0,0.0,0.050320000000000004,0.0,0.0,0.0,0.0,0.0,0.0,0.0,0.0,0.0,0.0,0.0,0.0,0.0,0.0,0.07821,0.0,0.0,0.0,0.0,0.0,0.0,0.0,0.0,0.0,0.02549,0.0,0.00213,0.0,0.05235,0.03329,0.0,0.0,0.0,0.0,0.0,0.0,0.0,0.0,0.0,0.0,0.0,0.0,0.0,0.0,0.0,0.0,0.0,0.0,0.0,0.00047,0.0,0.0,0.0,0.00288,0.0009,0.0,0.0,0.0,0.0,0.0,0.0,0.0,0.01433,0.0,0.0,0.00118,0.0,0.0,0.0,0.0,0.0,0.0,0.0,0.0,0.0,0.0,0.0,0.00416,0.0,0.0,0.0,0.0,0.00052,0.0,0.0,0.0,0.0,0.0,0.0,0.0,0.0,0.0,0.0,0.0,0.0,0.0,0.0,0.0,0.0,0.0,0.0,0.0,0.0,0.01107,0.0,0.00383,0.0,0.0,0.0,0.0,0.0,0.0,0.0,0.0,0.00667,0.0,0.0,0.0,0.0,0.0,0.0,0.0,0.0,0.0,0.0,0.0,0.0,0.0,0.0,0.0,0.0009,0.0,0.0,0.0,0.08943,0.0,0.0,0.0,0.0,0.0,0.0,0.0,0.0052,0.0,0.0,0.02199,0.0,0.0,0.0,0.0,0.0,0.0,0.015790000000000002,0.0,0.0,0.0,0.0,0.0,0.0,0.0,0.0,0.0,0.0,0.0,0.0,0.0,0.0,0.0,0.0,0.0,0.0,0.0,0.0,0.0,0.0,0.0,0.0,0.0,0.0,0.0,0.0,0.0,0.0,0.0,0.00047,0.02729,0.00047
SRR2143792,0.0,0.04138,0.0,0.0,0.0,0.0,0.0,0.00063,0.0,0.03714,0.0,0.05053,0.0,0.0,0.0,0.04474,0.0,0.0104,0.0,0.0,0.0,0.0,0.0,0.0,0.0,0.00123,0.0,0.35498999999999997,0.0,0.0,0.0,0.0,0.13491,0.0,0.0,0.00031,0.0,0.0,0.00013,0.0,0.0,0.0,0.0,0.0,0.0,0.0,0.0,0.0,0.0,0.0,0.0,0.0,0.0,0.0,0.0,0.0,0.0,0.0,0.0,0.0,0.00097,0.0,0.0,0.00352,0.0,0.0,0.0,0.0015899999999999998,0.00473,0.0,0.00033,0.01423,0.00054,0.0,0.0,0.0,0.0,0.0,0.0,0.0,0.0,0.0,0.00013,0.0,0.0,0.0,0.0227,0.0,0.0,0.0,0.00041,0.0,0.0,0.0,0.0,0.0,0.00246,0.0,0.0,0.0,0.0012,0.03031,0.0,0.0,0.0,0.0,0.0,0.0,0.00023,0.0,0.0,0.0,0.0,0.0,0.0,0.0,0.0,0.0,0.0,0.0,0.0,0.0,0.0,0.0,0.0,0.00376,0.00018,0.0,0.0,0.0,0.0,0.0,0.0,0.0,0.00739,0.0,0.0,0.00033,0.0,0.0,0.0,0.0,0.0,0.0,0.0,0.0,0.0,0.0,0.0,0.002,0.0,0.0,0.0,0.0,0.00022,0.0,0.0,0.0,0.0,0.0,0.0,0.0,0.0,0.00028,0.0,0.0,0.0,0.0,0.00032,0.00458,0.0,0.0,0.00211,0.00042,0.0,0.01431,0.0,0.01256,0.0,0.0,0.0,0.0,0.0,0.0,0.0,0.00027,0.0264,0.0346,0.0,0.0,0.0,0.00064,0.0,0.0,0.0,0.0,0.0,0.0,0.0,0.0,0.0,0.0,0.0,0.0,0.0,0.00115,0.02818,0.0,0.0,0.0,0.0,0.0,0.0,0.0,0.0,0.0,0.0,0.01763,0.0,0.0,0.0,0.0,0.0,0.0,0.0,0.0,0.0,0.0,0.0,0.0,0.0,0.0,0.0,0.0,0.0,0.0,0.0,0.0,0.0,0.0,0.0,0.0,0.0,0.0,0.0,0.0,0.0,0.0,0.0,0.0061200000000000004,0.0,0.0,0.0,0.0,0.0,0.0,0.0,0.07393999999999999,0.00059
SRR2143793,0.0,0.04281,0.0,0.0,0.0,0.0,0.0,0.0,0.0,0.06434,0.0,0.06681,0.0,0.0,0.0,0.05067,0.0,0.01649,0.0,0.0,0.0,0.0,0.0,0.0,0.0,0.00179,0.0,0.33784000000000003,0.0,0.0,0.0,0.0,0.11628000000000001,0.0,0.0,0.0,0.0,0.0,0.0,0.0,0.0,0.0,0.0,0.0,0.0,0.0,0.0,0.0,0.0,0.0,0.0,0.0,0.0,0.0,0.0,0.0,0.0,0.0,0.0,0.0,0.0,0.0,0.0,0.00419,0.0,0.0,0.0,0.00367,0.00564,0.0,0.0,0.02204,0.00103,0.0,0.0,0.0,0.0,0.0,0.0,0.0,0.0,0.0,0.0,0.0,0.0,0.0,0.02597,0.0,0.0,0.0,0.0,0.0,0.0,0.0,0.0,0.0,0.0,0.0,0.0,0.0,0.00179,0.03349,0.0,0.0,0.0,0.0,0.0,0.0,0.0,0.0,0.0,0.0,0.0,0.0,0.0,0.0,0.0,0.0,0.0,0.0,0.0,0.0,0.0,0.0,0.0,0.00461,0.0,0.0,0.0,0.0,0.0,0.0,0.0,0.0,0.00829,0.0,0.0,0.0,0.0,0.0,0.0,0.0,0.0,0.0,0.0,0.0,0.0,0.0,0.0,0.0,0.0,0.0,0.0,0.0,0.0,0.0,0.0,0.0,0.0,0.0,0.0,0.0,0.0,0.0,0.0,0.0,0.0,0.0,0.0,0.0,0.0,0.0,0.00248,0.0,0.0,0.01529,0.0,0.01487,0.0,0.0,0.0,0.0,0.0,0.0,0.0,0.0,0.02341,0.03708,0.0,0.0,0.0,0.0,0.0,0.0,0.0,0.0,0.0,0.0,0.0,0.0,0.0,0.0,0.0,0.0,0.0,0.0,0.0,0.0,0.0,0.0,0.0,0.0,0.0,0.0,0.0,0.0,0.0,0.0229,0.0,0.0,0.0,0.0,0.0,0.0,0.0,0.0,0.0,0.0,0.0,0.0,0.0,0.0,0.0,0.0,0.0,0.0,0.0,0.0,0.0,0.0,0.0,0.0,0.0,0.0,0.0,0.0,0.0,0.0,0.0,0.01333,0.0,0.0,0.0,0.0,0.0,0.0,0.0,0.06126,0.0
SRR2143794,0.0,0.0,0.0,0.0,0.0,0.0,0.0,0.00038,0.0,0.00484,0.0,0.0344,0.0,0.0,0.0,0.02749,0.0,0.03912,0.0,0.0,0.0,0.0,0.01467,0.0,0.0,0.0009,0.0,0.04588,0.01211,0.0,0.0,0.043500000000000004,0.0415,0.0,0.0,0.0034,0.0,0.0,0.0,0.0,0.0,0.0,0.0,0.0,0.0,0.0,0.0,0.0,0.0,0.0,0.0,0.0,0.0,0.0,0.0,0.0,0.0,0.0,0.00453,0.0,0.0,0.0,0.0,0.00185,0.0,0.00025,0.00863,0.019030000000000002,0.01791,0.0,0.00115,0.05838,0.0,0.0,0.0,0.0,0.0,0.0,0.0,0.0,0.0,0.0,0.0,0.0,0.0,0.0,0.04132,0.0,0.0,0.0,0.0,0.0,0.0,0.0,0.0,0.0,0.0,0.0,0.00118,0.0,0.00276,0.05995,0.0,0.0,0.0,0.0,0.0,0.0,0.01502,0.0,0.0,0.0,0.0,0.0,0.0,0.0,0.0,0.0,0.0,0.0,0.0,0.0,0.0,0.0,0.0,0.00719,0.0,0.0,0.0,0.0,0.0,0.0,0.0,0.0,0.0314,0.0,0.0,0.00261,0.0,0.0,0.0,0.0,0.0,0.0,0.0,0.0,0.0,0.0,0.0,0.0,0.0,0.0,0.00033,0.0,0.0,0.0,0.00179,0.0,0.0,0.0,0.0,0.0,0.0,0.00044,0.0,0.0,0.0,0.0,0.0,0.00616,0.0,0.0,0.00163,0.0,0.0,0.00266,0.0,0.00556,0.0,0.03766,0.0,0.0,0.0,0.0,0.0,0.00258,0.01323,0.1488,0.0,0.0,0.0,0.0,0.0,0.0,0.0,0.0,0.0,0.0,0.0,0.0,0.0,0.0,0.0,0.0,0.00873,0.0003,0.0,0.0,0.00076,0.0,0.0,0.0,0.0,0.0,0.0,0.0,0.0,0.10684,0.0,0.0,0.0,0.0,0.0,0.0,0.0,0.0,0.0,0.0,0.0,0.0,0.0,0.03854,0.0,0.0,0.0,0.0,0.0,0.0,0.0,0.0,0.0,0.00092,0.0,0.0,0.0,0.0,0.0,0.0,0.0,0.00822,0.0,0.0,0.0,0.0,0.0,0.0,0.00049,0.06809,0.0002
SRR2143795,0.0,0.0,0.0,0.0,0.0,0.0,0.0,0.00065,0.0,0.0,0.0,0.0,0.0,0.0,0.0,0.00065,0.0,0.13863,0.0,0.0,0.0,0.0,0.0,0.0,0.0,0.0,0.0,0.0062,0.0,0.0,0.0,0.0,0.24524,0.0,0.0,0.0,0.0,0.0,0.0,0.0,0.0,0.0,0.0,0.0,0.0,0.0,0.0,0.0,0.0,0.0,0.0,0.0,0.0,0.0,0.0,0.0,0.0,0.0,0.0,0.0,0.0,0.0,0.0,0.0,0.0,0.0,0.0,0.0,0.0,0.0,0.0,0.0,0.0,0.0,0.0,0.0,0.0,0.0,0.0,0.0,0.0,0.0,0.0,0.0,0.0,0.0,0.06211,0.0,0.0,0.0,0.0,0.0,0.0,0.0,0.0,0.0,0.0,0.0,0.0,0.0,0.0,0.00329,0.0,0.0,0.0,0.0,0.0,0.0,0.0,0.0,0.0,0.0,0.0,0.0,0.0,0.0,0.0,0.0,0.0,0.0,0.0,0.0,0.0,0.0,0.0,0.00387,0.0,0.0,0.0,0.0,0.0,0.0,0.0,0.0,0.01755,0.00062,0.0,0.0,0.0,0.0,0.0,0.0,0.0,0.0,0.0,0.0,0.0,0.0,0.0,0.00168,0.0,0.0,0.00096,0.0,0.0,0.0,0.0,0.0,0.0,0.0,0.0,0.0,0.0,0.0,0.0,0.0,0.0,0.0,0.0,0.0,0.0,0.0,0.0,0.0,0.0,0.0,0.0,0.00113,0.0,0.0,0.0,0.01577,0.0,0.0,0.00046,0.0,0.00062,0.00308,0.0,0.0,0.0,0.0,0.0,0.0,0.0024,0.0,0.0,0.0,0.0,0.0,0.0,0.0,0.0038,0.0,0.0,0.01404,0.0,0.0,0.0,0.0,0.0,0.00082,0.0,0.0,0.0,0.0,0.0,0.0192,0.0,0.0,0.0,0.0,0.0,0.0,0.37959,0.0,0.0,0.0,0.0,0.0,0.0,0.0,0.0,0.0,0.0,0.0,0.0,0.0,0.0,0.0,0.0,0.06439,0.0,0.0,0.0,0.0,0.0,0.0,0.0,0.0,0.0,0.0,0.0,0.0,0.00082,0.0,0.00096,0.00365,0.0
SRR2143796,0.0,0.0,0.0,0.0,0.0,0.0,0.0,0.00189,0.0,0.00919,0.0,0.00319,0.0,0.0,0.0,0.04845,0.0,0.17205,0.0,0.0,0.0,0.0,0.0,0.0,0.0,0.0,0.0,0.0234,0.0,0.0,0.0,0.0391,0.25946,0.0,0.0,0.0,0.0,0.0,0.0,0.0,0.0,0.0,0.0,0.0,0.0,0.0,0.0,0.0,0.0,0.0,0.0,0.0,0.0,0.0,0.0,0.0,0.0,0.0,0.0,0.0,0.0,0.0,0.0,0.0,0.0,0.0,0.0,0.00321,0.05221,0.0,0.0,0.09833,0.0,0.0,0.00026,0.0,0.0,0.0,0.0,0.0,0.0,0.0,0.0,0.0,0.0,0.0,0.03594,0.0,0.0,0.0,0.00026,0.0,0.0,0.0,0.0,0.0,0.0,0.0,0.00301,0.0,0.00337,0.0055,0.0,0.0,0.0,0.0,0.0,0.0,0.0,0.0,0.0,0.0,0.0,0.0,0.0,0.0,0.0,0.0,0.0,0.0,0.0,0.0,0.0,0.0,0.0,0.00228,0.00039,0.0,0.00036,0.0,0.0,0.0,0.0,0.0,0.00381,0.0,0.0,0.0,0.00138,0.0,0.0,0.0,0.0,0.0,0.0,0.0,0.0,0.0,0.0,0.02169,0.0,0.0,0.00026,0.0,0.00049,0.0,0.0,0.0,0.0,0.0,0.0,0.0,0.0,0.00052,0.0,0.0,0.0,0.0,0.0006,0.0007,0.0,0.0,0.0,0.0,0.0,0.00036,0.0,0.00086,0.0,0.0,0.0,0.00244,0.0,0.0,0.0,0.00029,0.00036,0.00771,0.0,0.0,0.0,0.0,0.0,0.0,0.0,0.0,0.0,0.0,0.0,0.0,0.0,0.0,0.0,0.0,0.0,0.00034,0.0,0.0,0.0,0.0,0.0,0.00083,0.0,0.0,0.0,0.0,0.0,0.05455,0.0,0.0,0.0,0.0,0.0,0.0,0.05701,0.0,0.0,0.0,0.0,0.0,0.0,0.00924,0.0,0.0,0.0,0.0,0.0,0.0,0.0,0.0,0.0,0.00226,0.0,0.0,0.0,0.0,0.0,0.0,0.0,0.00319,0.0,0.0,0.00057,0.0,0.0,0.0,0.00233,0.06558,0.0
SRR2143798,0.0,0.00145,0.0,0.0,0.0,0.0,0.0,0.00048,0.0,0.04684,0.0,0.0,0.0,0.0,0.0,0.07035,0.0,0.1697,0.0,0.0,0.0,0.0,0.0,0.0,0.0,0.0,0.0,0.00879,0.0,0.0,0.0,0.01919,0.27068,0.0,0.0,0.0,0.0,0.0,0.00072,0.0,0.0,0.0,0.0,0.0,0.0,0.0,0.0,0.0,0.0,0.0,0.0,0.0,0.0,0.0,0.0,0.0,0.0,0.0,0.0,0.0,0.0,0.0,0.0,0.0,0.0,0.0,0.0,0.0,0.0,0.0,0.0,0.0,0.0,0.0,0.0,0.0,0.0,0.0,0.0,0.0,0.0,0.0,0.0,0.0,0.0,0.0,0.02207,0.0,0.0,0.0,0.0,0.00114,0.0,0.0,0.0,0.0,0.02841,0.0,0.0,0.0,0.0,0.00155,0.0,0.0,0.0,0.0,0.0,0.0,0.00374,0.0,0.0,0.0,0.0,0.0,0.0,0.0,0.0,0.0,0.0,0.0,0.0,0.0,0.0,0.0,0.0,0.00782,0.0,0.0,0.00052,0.0,0.00234,0.0,0.0,0.0,0.0179,0.0,0.0,0.0,0.0,0.0,0.0,0.0,0.0,0.0,0.0,0.0,0.0,0.0,0.0,0.02043,0.0,0.0,0.0,0.0,0.0,0.0,0.0,0.0,0.0,0.0,0.0,0.0,0.0,0.0,0.0,0.0,0.00048,0.0,0.0,0.0,0.0,0.0,0.0,0.0,0.0,0.00043,0.0,0.00617,0.0,0.0,0.0,0.00036,0.0,0.0,0.0,0.0,0.0,0.05795,0.0,0.0,0.0,0.0,0.0,0.0,0.0,0.0,0.0,0.0,0.0,0.0,0.0,0.0,0.0,0.0,0.0,0.00057,0.13738,0.0,0.0,0.0,0.0,0.00238,0.0005,0.0,0.0041,0.0,0.0,0.00067,0.0,0.0,0.0,0.0,0.0,0.0,0.01719,0.0,0.0,0.0,0.0,0.0,0.0,0.0,0.0,0.0,0.0,0.0,0.0,0.0,0.0,0.00143,0.0,0.00813,0.0,0.0,0.0,0.0,0.0,0.0,0.0,0.0,0.00248,0.0,0.0,0.0,0.0,0.04632,0.008150000000000001,0.00203,0.0
SRR2143799,0.0,0.0,0.0,0.0,0.0,0.0,0.0,0.0,0.0,0.08508,0.0,0.06828,0.00044,0.0,0.0,0.02677,0.0,0.03954,0.0,0.0,0.00039,0.0,0.0,0.0,0.0,0.00346,0.0,0.1797,0.0,0.0,0.0,0.0,0.057210000000000004,0.0,0.0,0.0015,0.0,0.0,0.00023,0.0,0.0,0.0,0.0,0.0,0.0,0.0,0.0,0.0,0.0,0.0,0.0,0.0,0.0,0.0,0.0,0.0,0.0,0.0,0.0,0.0,0.00173,0.0,0.0,0.00659,0.0,0.0,0.0,0.00189,0.00217,0.0,0.0,0.039650000000000005,0.0,0.0,0.0,0.0,0.0,0.0,0.0,0.0,0.0,0.0,0.0,0.0,0.0,0.0,0.00405,0.0,0.0,0.0,0.0018,0.0,0.0,0.0,0.0,0.0,0.00525,0.0,0.0,0.0,0.00629,0.04677,0.0,0.0,0.0,0.0,0.0,0.0,0.00134,0.0,0.0,0.0,0.0,0.0,0.0,0.0,0.0,0.0,0.0,0.0,0.0,0.0,0.0,0.0,0.0,0.00714,0.00062,0.0,0.00081,0.0,0.0,0.0,0.0,0.0,0.05718,0.0,0.0,0.00048,0.0,0.0,0.0,0.0,0.0,0.0017,0.0,0.0,0.0,0.0,0.0,0.0,0.0,0.0,0.0,0.02914,0.0,0.0,0.00115,0.0,0.0,0.0,0.0,0.00039,0.0,0.00032,0.0,0.0,0.0,0.0,0.0,0.00535,0.0,0.0,0.00928,0.0,0.0,0.00242,0.0,0.0296,0.0,0.0,0.0,0.0,0.0,0.0,0.0,0.00359,0.07075,0.10999,0.0,0.0,0.0,0.0,0.0,0.0,0.0,0.0,0.0,0.0,0.0,0.0,0.0,0.0,0.0,0.0,0.0017499999999999998,0.00058,0.0,0.0,0.0,0.0,0.0,0.0,0.0,0.0,0.0,0.0,0.0,0.01412,0.0,0.0,0.0,0.0,0.0,0.0,0.0,0.0,0.0,0.0,0.0,0.0,0.0,0.0,0.0,0.0,0.0,0.0,0.0,0.0,0.0,0.0,0.0,0.0018,0.0,0.0,0.0,0.0,0.0,0.0,0.0,0.00634,0.0,0.0,0.0,0.0,0.0,0.0,0.0,0.05285,0.00055
SRR2143529,0.0,0.0,0.0,0.0,0.0,0.02084,0.0,0.0,0.0,0.0,0.0,0.02912,0.0,0.0,0.0,0.03939,0.0,0.02384,0.0,0.0,0.0,0.0,0.0,0.0,0.0,0.0,0.0,0.22297,0.01416,0.0,0.0,0.0,0.04956,0.0,0.0,0.0,0.0,0.0,0.00349,0.0,0.0,0.0,0.0,0.0,0.0,0.0,0.0,0.0,0.0,0.0,0.0,0.0,0.0,0.0,0.0,0.0,0.0,0.0,0.02782,0.0,0.0,0.0,0.0,0.00548,0.0,0.0,0.0,0.0,0.01974,0.0,0.00209,0.02343,0.0,0.0,0.0,0.0,0.0,0.0,0.0,0.0,0.0,0.0,0.01217,0.0,0.0,0.0,0.029419999999999998,0.0,0.0,0.0,0.0,0.0,0.0,0.0,0.0,0.0,0.0,0.0,0.01027,0.0,0.00768,0.02653,0.0,0.0,0.0,0.0,0.0,0.0,0.0,0.0,0.0,0.0,0.0,0.0,0.0,0.0,0.06083,0.0,0.0,0.0,0.0,0.0,0.0,0.0,0.0,0.02543,0.0,0.0,0.0,0.0,0.0,0.0,0.0,0.0,0.02842,0.0,0.0,0.0,0.0,0.0,0.0,0.0,0.0,0.0,0.0,0.0,0.0,0.0,0.0,0.0,0.0,0.0,0.0,0.0,0.0,0.0,0.0,0.0,0.0,0.0,0.0,0.0,0.0,0.0,0.0,0.0,0.0,0.0,0.0,0.00519,0.0,0.0,0.00219,0.0,0.0,0.00379,0.0,0.01546,0.0,0.09374,0.0,0.0,0.0,0.0,0.0,0.00249,0.0,0.02712,0.0,0.0,0.0,0.0,0.0,0.0,0.0,0.0,0.0,0.0,0.0,0.0,0.0,0.0,0.0,0.0,0.0015,0.0,0.0,0.0,0.0,0.0,0.0,0.0,0.0,0.0,0.0,0.0,0.0,0.06801,0.0,0.0,0.0,0.0,0.0,0.0,0.0,0.0,0.0,0.0,0.0,0.0,0.0,0.0,0.0,0.0,0.0,0.0,0.0,0.0,0.0,0.0,0.0,0.0,0.0,0.0,0.0,0.0,0.0,0.0,0.0,0.01247,0.0,0.0,0.0016,0.0,0.0,0.0,0.00319,0.02493,0.0
SRR2143532,0.0,0.0,0.0,0.0,0.0,0.0,0.0,0.0,0.0,0.08438,0.0,0.046520000000000006,0.0,0.0,0.0,0.0086,0.0,0.006090000000000001,0.0,0.0,0.0,0.0,0.00356,0.0,0.0,0.00171,0.0,0.10339,0.00461,0.0,0.0,0.0,0.02372,0.0,0.0,0.0,0.0,0.0,0.00636,0.0,0.0,0.0,0.0,0.0,0.0,0.0,0.0,0.0,0.0,0.0,0.0,0.0,0.0,0.0,0.0,0.0,0.0,0.0,0.00072,0.0,0.00053,0.0,0.0,0.00313,0.0,0.00135,0.0,0.0138,0.01532,0.0,0.00115,0.02362,0.0,0.0,0.0,0.0,0.0,0.0,0.0,0.0,0.0,0.0,0.02679,0.0,0.0,0.0,0.02,0.0,0.0,0.0,0.00418,0.0,0.0,0.0,0.0,0.0,0.0,0.0,0.00135,0.0,0.00333,0.05028,0.0,0.0,0.0,0.0,0.0,0.0,0.00072,0.0,0.0,0.0,0.0,0.0,0.0,0.0,0.0,0.0,0.0,0.0,0.0,0.0,0.0,0.0,0.0,0.00425,0.00267,0.0,0.00168,0.0,0.0,0.0,0.0,0.0,0.05591,0.0,0.0,0.00217,0.0,0.0,0.0,0.0,0.0,0.0,0.0,0.0,0.0,0.0,0.0,0.0,0.02632,0.0,0.0,0.0,0.0,0.0,0.00241,0.0,0.0,0.0,0.0,0.0,0.0,0.0,0.0,0.0,0.0,0.0,0.0,0.01229,0.0,0.0,0.00362,0.00072,0.0,0.00405,0.0,0.04758,0.0,0.04309,0.0,0.0,0.0,0.0,0.00148,0.00188,0.04725,0.12787,0.0,0.0,0.0,0.0,0.0,0.0,0.0,0.0,0.0,0.0,0.0,0.0,0.0,0.0,0.0,0.0,0.0199,0.0,0.0,0.0,0.0,0.0,0.0,0.0,0.0,0.0,0.0,0.0,0.0,0.04201,0.0,0.0,0.0,0.0,0.0,0.0,0.0,0.0,0.0,0.0,0.0,0.0,0.0,0.00774,0.0,0.0,0.0,0.0,0.0,0.0,0.0,0.0,0.0,0.0,0.0,0.0,0.0,0.0,0.0,0.0,0.0,0.027770000000000003,0.0,0.0,0.0,0.0,0.0,0.0,0.00142,0.02105,0.00043
SRR2143541,0.0,0.09066,0.0,0.0,0.0,0.0,0.0,0.0,0.0,0.0,0.0,0.0,0.0,0.0,0.0,0.10291,0.0,0.07534,0.0,0.0,0.0,0.0,0.0,0.0,0.0,0.0,0.0,0.12664999999999998,0.0,0.0,0.0,0.03553,0.02634,0.0,0.0,0.0,0.0,0.0,0.0,0.0,0.0,0.0,0.0,0.0,0.0,0.0,0.0,0.0,0.0,0.0,0.0,0.0,0.0,0.0,0.0,0.0,0.0,0.0,0.00413,0.0,0.0,0.0,0.0,0.0,0.0,0.0,0.0,0.01792,0.0,0.0,0.0,0.08132,0.0,0.0,0.0,0.0,0.0,0.0,0.0,0.0,0.0,0.0,0.0,0.0,0.0,0.0,0.02787,0.0,0.0,0.0,0.0,0.0,0.0,0.0,0.0,0.0,0.0,0.0,0.00628,0.0,0.0026,0.04931,0.0,0.0,0.0,0.0,0.0,0.0,0.0,0.0,0.0,0.0,0.0,0.0,0.0,0.0,0.0,0.0,0.0,0.0,0.0,0.0,0.0,0.0,0.0,0.01179,0.00245,0.0,0.0,0.0,0.0,0.0,0.0,0.0,0.03063,0.0,0.0,0.0,0.0,0.0,0.0,0.0,0.0,0.0,0.0,0.0,0.0,0.0,0.0,0.0,0.0,0.00689,0.0,0.0,0.0,0.0,0.00368,0.0,0.0,0.0,0.0,0.0,0.0,0.0,0.0,0.0,0.0,0.0,0.0,0.0,0.0,0.0,0.0,0.0,0.0,0.00168,0.0,0.0196,0.0,0.0,0.0,0.0,0.0,0.0,0.0,0.00184,0.0,0.13966,0.0,0.0,0.0,0.0,0.0,0.0,0.0,0.0,0.0,0.0,0.0,0.0,0.0,0.0,0.0,0.0,0.0098,0.0,0.0,0.0,0.0,0.0,0.0,0.0,0.0,0.0,0.0,0.0,0.0,0.04885,0.0,0.0,0.0,0.0,0.0,0.0,0.0,0.0,0.0,0.0,0.0,0.0,0.0,0.0,0.0,0.0,0.0,0.0,0.0,0.0,0.0,0.0,0.0,0.0,0.0,0.0,0.0,0.0,0.0,0.0,0.0,0.0,0.0,0.0,0.0,0.0,0.0,0.0,0.0,0.06493,0.0
SRR2143548,0.0,0.0,0.0,0.0,0.0,0.0,0.0,0.0,0.0,0.00092,0.0,0.02275,0.0,0.0,0.0,0.00233,0.0,0.00087,0.0,0.0,0.0,0.0,0.00062,0.0,0.0,0.0,0.0,0.054529999999999995,0.00105,0.0,0.0,0.0,0.00575,0.0,0.0,0.0,0.0,0.0,0.00231,0.0,0.0,0.0,0.0,0.0,0.0,0.0,0.0,0.0,0.0,0.0,0.0,0.0,0.0,0.0,0.0,0.0,0.0,0.0,0.00054,0.0,0.0,0.0,0.0,0.00044,0.0,0.0,0.0,0.07074,0.0,0.0,0.00033,0.0061,0.0,0.0,0.00033,0.0,0.0,0.0,0.0,0.0,0.0,0.0,0.0,0.0,0.0,0.0,0.00464,0.0,0.0,0.0,0.0,0.00518,0.0,0.0,0.0,0.0,0.00736,0.0,0.0,0.0,0.22961,0.075,0.0,0.0,0.0,0.0,0.0,0.0,0.00582,0.0,0.0,0.0,0.0,0.0,0.0,0.0,0.0,0.0,0.0,0.0,0.0,0.00026,0.0,0.0,0.0,0.01223,0.0,0.0,0.00026,0.0,0.01601,0.0,0.0,0.0,0.00605,0.0,0.0,0.0,0.0,0.0,0.0,0.0,0.0,0.0,0.0,0.0,0.0,0.0,0.0,0.0,0.0,0.0,0.0,0.00074,0.0,0.0,0.0,0.0,0.0,0.0,0.0,0.0,0.0,0.0,0.0,0.0,0.0,0.0,0.0,0.00308,0.0,0.0,0.00462,0.0,0.0,0.05225,0.0,0.00292,0.0,0.00056,0.0,0.0,0.0,0.0,0.0,0.00051,0.00731,0.07117,0.0,0.0,0.0,0.00077,0.0,0.0,0.0,0.0,0.0,0.0,0.0,0.0,0.0,0.0,0.00056,0.0,0.00459,0.00564,0.13971,0.0,0.00026,0.00054,0.0,0.0,0.0,0.0,0.00046,0.0,0.0,0.02278,0.0,0.0,0.0,0.0,0.0,0.0,0.0048,0.0,0.0,0.0,0.0,0.0,0.0,0.0,0.0,0.0,0.0,0.0,0.0,0.0,0.0,0.0,0.0,0.00059,0.0,0.0,0.0,0.0,0.0,0.0,0.0,0.00233,0.0,0.0,0.0,0.0,0.00072,0.08351,0.02452,0.00192,0.00049
SRR2143550,0.0,0.04518,0.0,0.0,0.0,0.0,0.0,0.0,0.0,0.0,0.0,0.08216,0.0,0.0,0.0,0.02745,0.0,0.00705,0.0,0.0,0.0,0.0,0.0,0.0,0.0,0.0,0.0,0.18738,0.0,0.0,0.0,0.0,0.05071,0.0,0.0,0.0122,0.0,0.0,0.0,0.0,0.0,0.0,0.0,0.0,0.0,0.0,0.0,0.0,0.0,0.0,0.0,0.0,0.0,0.0,0.0,0.0,0.0,0.0,0.0,0.0,0.0,0.0,0.0,0.00305,0.0,0.0,0.0,0.0,0.00877,0.0,0.00629,0.00972,0.0,0.0,0.0,0.0,0.0,0.0,0.0,0.0,0.0,0.0,0.0,0.0,0.0,0.0,0.0,0.0,0.0,0.0,0.0,0.0,0.0,0.0,0.0,0.0,0.0,0.0,0.00324,0.0,0.0,0.06729,0.0,0.0,0.0,0.0,0.0,0.0,0.0,0.0,0.0,0.0,0.0,0.0,0.0,0.0,0.0,0.0,0.0,0.0,0.0,0.0,0.0,0.0,0.0,0.0,0.0,0.0,0.0,0.0,0.0,0.0,0.0,0.0,0.00496,0.0,0.0,0.0,0.0,0.0,0.0,0.0,0.0,0.0,0.0,0.0,0.0,0.0,0.0,0.0,0.0,0.0,0.0,0.0,0.0,0.0,0.0,0.0,0.0,0.0,0.0,0.0,0.0,0.0,0.0,0.0,0.0,0.0,0.0,0.0,0.0,0.0,0.0,0.0,0.0,0.00438,0.0,0.0,0.0,0.0,0.0,0.0,0.0,0.0,0.0,0.0,0.0,0.13096,0.0,0.0,0.0,0.0,0.0,0.0,0.0,0.0,0.0,0.0,0.0,0.0,0.0,0.0,0.0,0.0,0.0,0.0,0.0,0.0,0.0,0.27392,0.0,0.0,0.0,0.0,0.0,0.0,0.0,0.00591,0.0,0.0,0.0,0.0,0.0,0.0,0.0,0.0,0.0,0.0,0.0,0.0,0.0,0.0,0.0,0.0,0.0,0.0,0.0,0.0,0.0,0.0,0.0,0.0,0.0,0.0,0.0,0.0,0.0,0.0,0.0,0.00419,0.0,0.0,0.0,0.0,0.0,0.0,0.0,0.04861,0.0
SRR2143554,0.0,0.0,0.0,0.0,0.0,0.0,0.0,0.00057,0.0,0.00082,0.0,0.08781,0.0,0.0,0.0,0.01344,0.0,0.056190000000000004,0.0,0.0,0.0,0.0,0.0,0.0,0.0,0.00041,0.0,0.22594,0.00077,0.0,0.0,0.0403,0.05115,0.0,0.0,0.0,0.0,0.0,0.00027,0.0,0.0,0.0,0.0,0.0,0.0,0.0,0.0,0.0,0.0,0.0,0.0,0.0,0.0,0.0,0.0,0.0,0.0,0.0,0.00049,0.0,0.0,0.0,0.0,0.00164,0.0,0.0,0.0,0.00885,0.01158,0.0,0.0,0.01999,0.0,0.0,0.00038,0.0,0.0,0.00049,0.0,0.0,0.0,0.0,0.0,0.0,0.0,0.0,0.02621,0.0,0.0,0.0,0.00036,0.0,0.0,0.0,0.0,0.0,0.0,0.0,0.0032,0.0,0.00487,0.03195,0.0,0.0,0.0,0.0,0.0,0.0,0.00107,0.0,0.0,0.0,0.0,0.0,0.0,0.0,0.0,0.0,0.0,0.0,0.0,0.0,0.0,0.00088,0.0,0.01572,0.0,0.0,0.00049,0.0,0.0,0.0,0.0,0.0,0.00977,0.0,0.0,0.0,0.0,0.0,0.0,0.0,0.0,0.0,0.0,0.0,0.0,0.0,0.0,0.00074,0.0,0.0,0.0,0.0,0.0,0.0,0.00052,0.0,0.0,0.0,0.0,0.0,0.0,0.0,0.0,0.0,0.0,0.0,0.0,0.00175,0.0,0.0,0.00066,0.0,0.0,0.00052,0.0,0.00548,0.0,0.01667,0.0,0.0,0.0,0.0,0.0,0.00052,0.00832,0.27166,0.0,0.0,0.0,0.0,0.0,0.0,0.0,0.0,0.0,0.0,0.0,0.0,0.0,0.0,0.0,0.0,0.00274,0.00041,0.0,0.0,0.0,0.0,0.0,0.0,0.0,0.0,0.0,0.0,0.0,0.00216,0.0,0.0,0.0,0.0,0.0,0.0,0.0072,0.0,0.0,0.0,0.0,0.0,0.0,0.0,0.0,0.0,0.0,0.0,0.0,0.0,0.0,0.0,0.0,0.0,0.0,0.0,0.0,0.0,0.0,0.0,0.0,0.00416,0.0,0.0,0.0,0.0,0.0,0.0,0.0,0.04671,0.0017
SRR2143561,0.0,0.00236,0.0,0.0,0.0,0.0,0.0,0.00274,0.0,0.02261,0.0,0.02071,0.0,0.0,0.0,0.02444,0.0,0.00358,0.0,0.0,0.0,0.0,0.0,0.0,0.0,0.00099,0.0,0.060230000000000006,0.0,0.0,0.0,0.0,0.06617,0.0,0.0,0.0,0.0,0.0,0.0,0.0,0.0,0.0,0.0,0.0,0.0,0.0,0.0,0.0,0.0,0.0,0.0,0.0,0.0,0.0,0.0,0.0,0.0,0.0,0.0,0.0,0.00084,0.0,0.0,0.00487,0.0,0.0,0.0,0.00442,0.012709999999999999,0.0,0.00373,0.05901,0.0,0.0,0.0,0.0,0.0,0.0,0.0,0.0,0.0,0.0,0.0,0.0,0.0,0.0,0.03427,0.0,0.0,0.0,0.0,0.00129,0.0,0.0,0.0,0.0,0.04211,0.0,0.00464,0.0,0.00114,0.03906,0.0,0.0,0.0,0.0,0.0,0.0,0.00175,0.0,0.0,0.0,0.0,0.0,0.0,0.0,0.0,0.0,0.0,0.0,0.0,0.0,0.0,0.0,0.0,0.00472,0.00305,0.0,0.0,0.0,0.00548,0.0,0.0,0.0,0.01675,0.0,0.0,0.00099,0.0,0.0,0.0,0.0,0.0,0.0,0.0,0.0,0.0,0.0,0.0,0.00997,0.0,0.02703,0.0,0.0,0.0,0.0,0.0,0.0,0.0,0.0,0.0,0.0,0.0,0.0,0.0,0.0,0.0,0.0,0.0,0.0,0.0,0.0,0.0016,0.0,0.0,0.00693,0.0,0.00784,0.0,0.01127,0.0,0.0,0.0,0.0,0.0,0.0,0.05406,0.04652,0.0,0.0,0.0,0.0,0.0,0.0,0.0,0.0,0.0,0.0,0.0,0.0,0.0,0.0,0.0,0.0,0.00107,0.00129,0.20498,0.0,0.0,0.00084,0.0,0.0,0.0,0.0,0.00548,0.0,0.0,0.01721,0.0,0.0,0.0,0.0,0.0,0.0,0.0,0.0,0.0,0.0,0.0,0.0,0.0,0.0,0.0,0.0,0.0,0.0,0.0,0.0,0.0,0.00114,0.0,0.00114,0.0,0.0,0.0,0.0,0.0,0.0,0.0,0.01759,0.00289,0.0,0.0,0.0,0.0,0.06008,0.00152,0.06716,0.0
SRR2143563,0.0,0.00219,0.0,0.0,0.0,0.0,0.0,0.0,0.0,0.1002,0.0,0.08543,0.0,0.0,0.0,0.08001,0.0,0.06766,0.0,0.0,0.0,0.0,0.00751,0.0,0.0,0.00114,0.0,0.08472,0.0,0.0,0.0,0.0,0.05279,0.0,0.0,0.00073,0.0,0.0,0.0,0.0,0.0,0.0,0.0,0.0,0.0,0.0,0.0,0.0,0.0,0.0,0.0,0.0,0.0,0.0,0.0,0.0,0.0,0.0,0.00279,0.0,0.0,0.0,0.0,0.00368,0.0,0.0,0.0,0.00304,0.02656,0.0,0.01001,0.0,0.0,0.0,0.0,0.0,0.0,0.0,0.0,0.0,0.0,0.0,0.01806,0.0,0.0,0.0,0.06202,0.0,0.0,0.0,0.00323,0.0,0.0,0.0,0.0,0.0,0.0,0.0,0.00456,0.0,0.00745,0.02801,0.0,0.0,0.0,0.0,0.0,0.0,0.00067,0.0,0.0,0.0,0.0,0.0,0.0,0.0,0.0,0.0,0.0,0.0,0.0,0.0,0.0,0.0,0.0,0.01439,0.0,0.0,0.0,0.0,0.0,0.0,0.0,0.0,0.02316,0.0,0.0,0.0,0.0,0.0,0.0,0.0,0.0,0.0,0.0,0.0,0.0,0.0,0.0,0.0,0.0,0.0,0.0,0.0,0.0,0.0,0.00225,0.0,0.0,0.0,0.0,0.0,0.0,0.0,0.0,0.0,0.0,0.0,0.0,0.00215,0.0,0.0,0.00057,0.0,0.0,0.02431,0.0,0.01169,0.0,0.00067,0.0,0.0,0.0,0.0,0.0,0.00225,0.0,0.04221,0.0,0.0,0.0,0.0,0.0,0.0,0.0,0.0,0.0,0.0,0.0,0.0,0.0,0.00254,0.0,0.0,0.0263,0.00076,0.0,0.0,0.0,0.00273,0.0,0.0,0.0,0.0,0.0,0.0,0.0,0.10876,0.0,0.0,0.0,0.0,0.0,0.0,0.0,0.0,0.0,0.0,0.0,0.0,0.0,0.0,0.0,0.0,0.0,0.0,0.0,0.0,0.0,0.0,0.0,0.00044,0.0,0.0,0.0,0.0,0.0,0.0,0.0,0.00726,0.0,0.0,0.0,0.0,0.0,0.0,0.00048,0.07228,0.0
SRR2143566,0.0,0.0,0.0,0.0,0.0,0.0,0.0,0.0,0.0,0.0987,0.0,0.03707,0.0,0.0,0.0,0.06464,0.0,0.03818,0.0,0.0,0.0,0.0,0.00321,0.0,0.0,0.0,0.0,0.13056,0.00062,0.0,0.0,0.01711,0.08516000000000001,0.0,0.0,0.0,0.0,0.0,0.0,0.0,0.0,0.0,0.0,0.0,0.0,0.0,0.0,0.0,0.0,0.0,0.0,0.0,0.0,0.0,0.0,0.0,0.0,0.0,0.00049,0.0,0.0,0.0,0.0,0.00105,0.0,0.0,0.0,0.01609,0.0,0.0,0.0,0.00278,0.0,0.0,0.0,0.0,0.0,0.0,0.0,0.0,0.0,0.0,0.0,0.0,0.0,0.0,0.0511,0.0,0.0,0.0,0.01027,0.0,0.0,0.0,0.0,0.0,0.0,0.0,0.00386,0.0,0.0,0.0774,0.0,0.0,0.0,0.0,0.0,0.0,0.0,0.0,0.0,0.0,0.0,0.0,0.0,0.0,0.0,0.0,0.0,0.0,0.0,0.0,0.0,0.0,0.0,0.00684,0.00085,0.0,0.00079,0.0,0.0,0.0,0.0,0.0,0.01335,0.0,0.0,0.0,0.0,0.0,0.0,0.0,0.0,0.00272,0.0,0.0,0.0,0.0,0.0,0.01201,0.0,0.0,0.00036,0.0,0.00186,0.0,0.0017,0.0,0.0,0.0,0.0,0.0,0.0,0.0,0.0,0.0,0.0,0.0,0.0,0.00347,0.0,0.0,0.0,0.0,0.0,0.00272,0.0,0.00965,0.0,0.0,0.0,0.0,0.0,0.0,0.0015,0.0,0.02797,0.10311000000000001,0.0,0.0,0.0,0.0,0.0,0.0,0.0,0.0,0.0,0.0,0.0,0.0,0.0,0.0,0.0,0.0,0.00723,0.00232,0.0,0.0,0.0,0.0,0.0,0.0,0.0,0.0,0.0,0.0,0.0,0.04482,0.0,0.0,0.0,0.0,0.0,0.0,0.025849999999999998,0.0,0.0,0.0,0.0,0.0,0.0,0.00713,0.0,0.0,0.0,0.0,0.0,0.0,0.0,0.0,0.0,0.00082,0.0,0.0,0.0,0.0,0.0,0.0,0.0,0.0,0.0,0.0,0.0,0.0,0.0,0.0,0.00036,0.0491,0.00095
SRR2143570,0.0,0.0,0.0,0.0,0.0,0.0,0.0,0.00098,0.0,0.0,0.0,0.03556,0.0,0.0,0.0,0.05835,0.0,0.20131,0.0,0.0,0.0,0.0,0.0091,0.0,0.0,0.0,0.0,0.02593,0.0,0.0,0.0,0.04463,0.10971,0.0,0.0,0.00673,0.0,0.0,0.0005,0.0,0.0,0.0,0.0,0.0,0.0,0.0,0.0,0.0,0.0,0.0,0.0,0.0,0.0,0.0,0.0,0.0,0.0,0.0,0.0,0.0,0.0,0.0,0.0,0.00301,0.0,0.0,0.0,0.00074,0.0,0.0,0.00185,0.01814,0.00037,0.0,0.0,0.0,0.0,0.0,0.0,0.0,0.0,0.0,0.0,0.0,0.0,0.0,0.02629,0.0,0.0,0.0,0.0,0.0,0.0,0.0,0.0,0.0,0.01569,0.0,0.002,0.0,0.0268,0.01013,0.0,0.0,0.0,0.0,0.0,0.0,0.0,0.0,0.0,0.0,0.0,0.0,0.0,0.00111,0.0,0.0,0.0,0.0,0.0,0.0,0.0,0.00174,0.0,0.00219,0.0,0.0,0.00053,0.0,0.0004,0.0,0.0,0.0,0.01881,0.0,0.0,0.0,0.0,0.0,0.0,0.0,0.0,0.0,0.0,0.0,0.0,0.0,0.0,0.0,0.0,0.0,0.00079,0.0,0.0,0.0,0.0,0.0,0.0,0.0,0.0,0.0,0.0,0.0,0.0,0.0,0.0,0.0,0.0,0.00477,0.0,0.0,0.0,0.0,0.0,0.00617,0.0,0.00433,0.0,0.0,0.0,0.0,0.0,0.0,0.0,0.0015,0.0,0.00543,0.0,0.0,0.0,0.0,0.0,0.0,0.0,0.0,0.0,0.0,0.0,0.0,0.0,0.0,0.0,0.0,0.0077,0.00448,0.12632,0.0,0.0,0.0,0.0,0.0,0.0,0.0,0.00314,0.0,0.0,0.03535,0.0,0.0,0.01751,0.0,0.0,0.0,0.0,0.0,0.0,0.0,0.0,0.0,0.0,0.0,0.0,0.0,0.0,0.0,0.0,0.0,0.0,0.00032,0.0,0.00108,0.0,0.0,0.0,0.0,0.0,0.0,0.0,0.08918,0.00084,0.0,0.0,0.0,0.0,0.04344,0.0,0.0111,0.0
SRR2143575,0.0,0.0,0.0,0.0,0.0,0.0,0.0,0.0,0.0,0.0926,0.0,0.06846000000000001,0.0,0.0,0.0,0.03497,0.0,0.0065,0.0,0.0,0.00031,0.0,0.00334,0.0,0.0,0.0,0.0,0.12688,0.00332,0.0,0.0,0.0,0.02025,0.0,0.0,0.00023,0.0,0.0,0.0,0.0,0.0,0.0,0.0,0.0,0.0,0.0,0.0,0.0,0.0,0.0,0.0,0.0,0.0,0.0,0.0,0.0,0.0,0.0,0.0012,0.0,0.00054,0.0,0.0,0.00062,0.0,0.0,0.0,0.02572,0.01064,0.0,0.0008,0.01852,0.0,0.0,0.0,0.0,0.0,0.0,0.0,0.00054,0.0,0.0,0.0,0.0,0.0,0.0,0.01105,0.0,0.0,0.0007,0.00052,0.0,0.0,0.0,0.0,0.0,0.0,0.0,0.00488,0.0003,0.01208,0.0508,0.0,0.0,0.0,0.0,0.0,0.0,0.00086,0.0,0.0,0.0,0.0,0.0,0.0,0.0,0.0,0.0,0.0,0.0,0.0,0.0,0.0,0.0,0.0,0.00475,0.00056,0.0,0.00084,0.0,0.0,0.0,0.0,0.0,0.01715,0.0,0.0,0.00031,0.0,0.0,0.0,0.0,0.0,0.0009,0.0,0.0,0.0,0.0,0.0,0.0,0.0,0.0,0.00019,0.06145,0.0,0.0,0.00067,0.0,0.0,0.0,0.0,0.00031,0.0,0.00024,0.0,0.0,0.0,0.0,0.0,0.00912,0.0,0.0,0.00162,0.00101,0.0,0.00248,0.0,0.01107,0.0,0.00737,0.0,0.00252,0.0,0.0,0.00087,0.00122,0.02896,0.12452999999999999,0.0,0.0,0.0,0.0002,0.0,0.0,0.0,0.0,0.0,0.0,0.0,0.0,0.0,0.00588,0.0,0.0,0.03573,0.00066,0.0,0.0,0.00043,0.0,0.00047,0.0,0.0,0.0,0.0,0.0,0.0,0.06446,0.0,0.0,0.0,0.0,0.0,0.0,0.02956,0.0,0.0,0.0,0.0,0.0,0.0,0.01013,0.0,0.0,0.0,0.0,0.0,0.0,0.0,0.0,0.0,0.00356,0.0,0.0,0.0,0.0,0.0,0.0,0.0,0.03989,0.0,0.0,0.00067,0.0,0.0,0.0,0.00057,0.0129,0.0010600000000000002
SRR2143577,0.0,0.0,0.0,0.0,0.0,0.0,0.0,0.0,0.0,0.03451,0.0,0.03252,0.0,0.0,0.0,0.05667,0.0,0.06224,0.0,0.0,0.0,0.0,0.00787,0.0,0.0,0.00059,0.0,0.10078999999999999,0.038,0.0,0.0,0.01962,0.04095,0.0,0.0,0.01113,0.0,0.0,0.0,0.0,0.0,0.0,0.0,0.0,0.0,0.0,0.0,0.0,0.0,0.0,0.0,0.0,0.0,0.0,0.0,0.0,0.0,0.0,0.0003,0.0,0.0,0.0,0.0,0.0,0.0,0.0,0.0,0.016829999999999998,0.00756,0.0,0.00034,0.02443,0.0,0.0,0.0,0.0,0.0,0.0,0.0,0.0,0.0,0.0,0.00351,0.0,0.0,0.0,0.02274,0.0,0.0,0.0,0.00074,0.0,0.0,0.0,0.0,0.0,0.00485,0.0,0.00226,0.0,0.00577,0.05285,0.0,0.0,0.0,0.0,0.0,0.0,0.00062,0.0,0.0,0.0,0.0,0.0,0.0,0.0,0.0,0.0,0.0,0.0,0.0,0.00036,0.0,0.0,0.0,0.00451,0.0,0.0,0.0,0.0,0.0,0.0,0.0,0.0,0.01377,0.0,0.0,0.00093,0.0,0.0,0.0,0.0,0.0,0.0,0.0,0.0,0.0,0.0,0.0,0.0,0.0,0.0,0.00026,0.02523,0.0,0.0,0.00107,0.0,0.0,0.0,0.0,0.0,0.0,0.00021,0.0,0.0,0.0,0.0,0.0,0.00243,0.0,0.0,0.00208,0.00228,0.0,0.00333,0.0,0.00429,0.0,0.00043,0.0,0.0,0.0,0.0,0.0,0.00146,0.02534,0.02492,0.0,0.0,0.0,0.0,0.0,0.0,0.0,0.0,0.0,0.0,0.0,0.0,0.0,0.0,0.0,0.0,0.00254,0.0,0.05008,0.0,0.00169,0.01993,0.00043,0.0,0.0,0.0,0.0,0.0,0.0,0.08296,0.0,0.0,0.01189,0.0,0.0,0.0,0.0,0.0,0.0,0.0,0.0,0.0,0.0,0.03085,0.0,0.0,0.0,0.0,0.0,0.0,0.0,0.0,0.0,0.00067,0.0,0.0,0.0,0.0,0.0,0.0,0.0,0.09178,0.0,0.0,0.0,0.0,0.0,0.0,0.01569,0.022559999999999997,0.0
SRR2143579,0.0,0.0,0.0,0.0,0.0,0.0,0.0,0.0,0.0,0.04341,0.0,0.10274,0.0,0.0,0.0,0.11044,0.0,0.10826,0.0,0.0,0.0,0.0,0.0,0.0,0.0,0.0,0.0,0.0,0.0,0.0,0.0,0.0,0.08951,0.0,0.0,0.00385,0.0,0.0,0.0,0.0,0.0,0.0,0.0,0.0,0.0,0.0,0.0,0.0,0.0,0.0,0.0,0.0,0.0,0.0,0.0,0.0,0.0,0.0,0.00218,0.0,0.00141,0.0,0.0,0.0,0.0,0.0,0.0,0.0,0.00488,0.0,0.0,0.08976,0.0,0.0,0.0,0.0,0.0,0.0,0.0,0.0,0.0,0.0,0.0,0.0,0.0,0.0,0.04546,0.0,0.0,0.0,0.0,0.0,0.0,0.0,0.0,0.0,0.0,0.0,0.00745,0.0,0.01015,0.09516,0.0,0.0,0.0,0.0,0.0,0.0,0.0,0.0,0.0,0.0,0.0,0.0,0.0,0.0,0.0,0.0,0.0,0.0,0.0,0.0,0.0,0.0,0.0,0.00552,0.0036,0.0,0.00244,0.0,0.0,0.0,0.0,0.0,0.0217,0.0,0.0,0.0,0.0,0.0,0.0,0.0,0.0,0.0,0.0,0.0,0.0,0.0,0.0,0.00552,0.0,0.0,0.0,0.0,0.0,0.0,0.0,0.0,0.0,0.0,0.0,0.0,0.0,0.0,0.0,0.0,0.0,0.0,0.0,0.0,0.0,0.0,0.00244,0.0,0.0,0.00231,0.0,0.02363,0.0,0.0,0.0,0.0,0.0,0.0,0.0,0.0,0.01682,0.1288,0.0,0.0,0.0,0.0,0.0,0.0,0.0,0.0,0.0,0.0,0.0,0.0,0.0,0.0,0.0,0.0,0.02505,0.0,0.0,0.0,0.0,0.0,0.0,0.0,0.0,0.0,0.0,0.0,0.0,0.0253,0.0,0.0,0.0,0.0,0.0,0.0,0.0,0.0,0.0,0.0,0.0,0.0,0.0,0.0,0.0,0.0,0.0,0.0,0.0,0.0,0.0,0.0,0.0,0.0018,0.0,0.0,0.0,0.0,0.0,0.0,0.0,0.00989,0.0,0.0,0.0,0.0,0.0,0.0,0.0,0.00693,0.0
SRR2143581,0.0,0.0,0.0,0.0,0.0,0.0,0.0,0.0,0.0,0.0,0.0,0.03761,0.0,0.0,0.0,0.04299,0.0,0.04375,0.0,0.0,0.0,0.0,0.0,0.0,0.0,0.00221,0.0,0.06358,0.00311,0.0,0.0,0.01653,0.08973999999999999,0.0,0.0,0.01494,0.0,0.0,0.00059,0.0,0.0,0.0,0.0,0.0,0.0,0.0,0.0,0.0,0.0,0.0,0.0,0.0,0.0,0.0,0.0,0.0,0.0,0.0,0.00455,0.0,0.00069,0.0,0.0,0.0011,0.0,0.0,0.0,0.02173,0.04744,0.0,0.00093,0.05727,0.0,0.0,0.0,0.0,0.0,0.0,0.0,0.0,0.0,0.0,0.0,0.0,0.0,0.0,0.03012,0.0,0.0,0.0,0.0,0.0,0.0,0.0,0.0,0.0,0.0,0.0,0.00104,0.0,0.00266,0.05796,0.0,0.0,0.0,0.0,0.0,0.0,0.0,0.0,0.0,0.0,0.0,0.0,0.0,0.0,0.0,0.0,0.0,0.0,0.0,0.0,0.0,0.0,0.0,0.00324,0.0,0.0,0.00038,0.0,0.0,0.0,0.0,0.0,0.01825,0.0,0.0,0.0029,0.0,0.0,0.0,0.0,0.0,0.0,0.0,0.0,0.0,0.0,0.0,0.0,0.00455,0.0,0.00048,0.04116,0.0,0.0,0.0,0.0,0.0,0.0,0.0,0.0,0.0,0.0,0.0,0.0,0.0,0.0,0.0,0.00469,0.0,0.0,0.00083,0.0,0.0,0.00994,0.0,0.00691,0.0,0.0,0.0,0.0,0.0,0.0,0.00104,0.00076,0.01632,0.04861,0.0,0.0,0.0,0.0,0.0,0.0,0.0,0.0,0.0,0.0,0.0,0.0,0.0,0.0,0.0,0.0,0.00428,0.00062,0.0,0.0,0.00207,0.06452,0.0,0.0,0.0,0.0,0.0,0.0,0.0,0.02239,0.0,0.0,0.0,0.0,0.0,0.0,0.05669,0.0,0.0,0.0,0.0,0.0,0.0,0.02871,0.0,0.0,0.0,0.0,0.0,0.0,0.0,0.0,0.0,0.00141,0.0,0.0,0.0,0.0,0.0,0.0,0.0,0.04143,0.0,0.0,0.0,0.0,0.0,0.0,0.001,0.04202,0.0
SRR2143586,0.0,0.0,0.0,0.0,0.0,0.0,0.0,0.0,0.0,0.05008,0.0,0.01381,0.0,0.0,0.0,0.00632,0.0,0.0279,0.0,0.0,0.0,0.0,0.0,0.0,0.0,0.00098,0.0,0.04149,0.0,0.0,0.0,0.0,0.0036,0.0,0.0,0.0,0.0,0.0,0.0,0.0,0.0,0.0,0.0,0.0,0.0,0.0,0.0,0.0,0.0,0.0,0.0,0.0,0.0,0.0,0.0,0.0,0.0,0.0,0.0,0.0,0.0,0.0,0.0,0.0,0.0,0.00717,0.24966,0.20118,0.0,0.0,0.0,0.0,0.0,0.0,0.0,0.0,0.0,0.0,0.0,0.0,0.0,0.0,0.0,0.0,0.0,0.0,0.00591,0.0,0.0,0.0,0.02354,0.0,0.0,0.0,0.0,0.0,0.02193,0.0,0.0,0.0,0.0,0.04272,0.0,0.0,0.0,0.0,0.0,0.0,0.00164,0.0,0.0,0.0,0.0,0.0,0.0,0.0,0.0,0.0,0.0,0.0,0.0,0.0,0.0,0.0,0.0,0.00325,0.0,0.0,0.0,0.0,0.0,0.0,0.0,0.0,0.00142,0.0,0.0,0.00092,0.0,0.0,0.0,0.0,0.0,0.0,0.0,0.0,0.0,0.0,0.0,0.0,0.0,0.0,0.0,0.11801,0.0,0.0,0.0,0.0,0.0,0.0,0.0,0.0,0.0,0.0,0.0,0.0,0.0,0.0,0.0,0.0,0.0,0.0,0.00066,0.0,0.0,0.01314,0.0,0.0043,0.0,0.0,0.0,0.0,0.0,0.0,0.0,0.01381,0.0,0.0,0.0,0.0,0.0,0.0,0.0,0.0,0.0,0.0,0.0,0.0,0.0,0.0,0.0,0.0,0.0,0.0,0.00341,0.00335,0.03975,0.0,0.00458,0.0,0.0,0.0,0.0,0.0,0.0,0.0,0.0,0.00714,0.0,0.0,0.0,0.0,0.0,0.0,0.0,0.0,0.0,0.0,0.0,0.0,0.0,0.01235,0.0,0.0,0.0,0.0,0.0,0.0,0.0,0.0,0.0,0.00038,0.0,0.0,0.0,0.0,0.0,0.0,0.0,0.027549999999999998,0.0,0.0,0.0007,0.0,0.0,0.0,0.00237,0.00171,0.0
SRR2143588,0.0,0.0,0.0,0.0,0.0,0.0,0.0,0.0,0.0,0.07291,0.0,0.01367,0.0,0.0,0.0,0.00823,0.0,0.02204,0.0,0.0,0.00093,0.0,0.00216,0.0,0.0,0.0,0.0,0.015009999999999999,0.00235,0.0,0.0,0.051230000000000005,0.02558,0.0,0.0,0.0022,0.0,0.0,0.0,0.0,0.0,0.0,0.0,0.0,0.0,0.0,0.0,0.0,0.0,0.0,0.0,0.0,0.0,0.0,0.0,0.0,0.0,0.0,0.0,0.0,0.0,0.0,0.0,0.0,0.0,0.0,0.0,0.07,0.00849,0.0,0.0,0.0035,0.0,0.0,0.0,0.0,0.0,0.0,0.0,0.0,0.0,0.0,0.0,0.0,0.0,0.0,0.02316,0.0,0.0,0.0,0.00108,0.0,0.0,0.0,0.0,0.0,0.0,0.0,0.0,0.0,0.00086,0.07384,0.0,0.0,0.0,0.0,0.0,0.0,0.0,0.0,0.0,0.0,0.0,0.0,0.0,0.0,0.0,0.0,0.0,0.0,0.0,0.0,0.0,0.0,0.0,0.00633,0.0,0.0,0.0,0.0,0.0,0.0,0.0,0.0,0.0264,0.0,0.0,0.0,0.0,0.0,0.0,0.0,0.0,0.0,0.0,0.0,0.0,0.0,0.0,0.0,0.0,0.0,0.00138,0.19415,0.0,0.0,0.00614,0.0,0.0,0.0,0.0,0.0,0.0,0.0,0.0,0.0,0.0,0.0,0.0,0.0,0.0,0.0,0.00067,0.00216,0.0,0.00719,0.0,0.00268,0.0,0.0,0.0,0.00484,0.0,0.0,0.0,0.00164,0.0,0.00503,0.0,0.0,0.0,0.0,0.0,0.0,0.0,0.0,0.0,0.0,0.0,0.0,0.0,0.00432,0.0,0.0,0.00405,0.0,0.0,0.0,0.0016,0.0,0.0,0.0,0.0,0.0,0.0,0.0,0.0,0.07142,0.0,0.0,0.0,0.0,0.0,0.0,0.0,0.0,0.0,0.0,0.0,0.0,0.0,0.05727,0.0,0.0,0.0,0.0,0.0,0.0,0.0,0.0,0.0,0.00045,0.0,0.0,0.0,0.0,0.0,0.0,0.0,0.12411,0.0,0.0,0.0,0.0,0.0,0.0,0.00369,0.03891,0.0
SRR2143590,0.0,0.0,0.0,0.0,0.0,0.0,0.0,0.0,0.0,0.08455,0.0,0.014,0.0,0.0,0.0,0.02437,0.0,0.01522,0.0,0.0,0.0,0.0,0.0,0.0,0.0,0.005,0.0,0.17995,0.0,0.0,0.0,0.0,0.02701,0.0,0.0,0.0008,0.0,0.0,0.0,0.0,0.0,0.0,0.0,0.0,0.0,0.0,0.0,0.0,0.0,0.0,0.0,0.0,0.0,0.0,0.0,0.0,0.0,0.0,0.00085,0.0,0.0,0.0,0.0,0.00198,0.0,0.0,0.0,0.02809,0.0,0.0,0.0,0.04553,0.0,0.0,0.0,0.0,0.0,0.0,0.0,0.0,0.0,0.0,0.0,0.0,0.0,0.0,0.06853000000000001,0.0,0.0,0.0,0.00061,0.0,0.0,0.0,0.0,0.0,0.0,0.0,0.0,0.0,0.00226,0.10237,0.0,0.0,0.0,0.0,0.0,0.0,0.00094,0.0,0.0,0.0,0.0,0.0,0.0,0.0,0.0,0.0,0.0,0.0,0.0,0.0,0.0,0.0,0.0,0.0132,0.0,0.0,0.0,0.0,0.0,0.0,0.0,0.0,0.02225,0.0,0.0,0.0,0.0,0.0,0.0,0.0,0.0,0.0,0.0,0.0,0.0,0.0,0.0,0.0,0.0,0.0,0.00052,0.0,0.0,0.0,0.0,0.0,0.0,0.0,0.0,0.0,0.0,0.0,0.0,0.0,0.0,0.0,0.0,0.0,0.0,0.0,0.00071,0.0,0.0,0.00608,0.0,0.01348,0.0,0.0,0.0,0.0,0.0,0.0,0.0,0.00584,0.02965,0.0,0.0,0.0,0.0,0.0,0.0,0.0,0.0,0.0,0.0,0.0,0.0,0.0,0.0,0.0,0.0,0.0,0.0452,0.0,0.0,0.0,0.00231,0.0,0.0,0.0,0.0,0.0,0.0,0.0,0.0,0.02908,0.0,0.0,0.0,0.0,0.0,0.0,0.01433,0.0,0.0,0.0,0.0,0.0,0.0,0.04718,0.0,0.0,0.0,0.0,0.0,0.0,0.0,0.0,0.0,0.0,0.0,0.0,0.0,0.0,0.0,0.0,0.0,0.07975,0.0,0.0,0.00217,0.0,0.0,0.0,0.00325,0.0789,0.0
SRR2143592,0.0,0.0,0.0,0.0,0.0,0.0,0.0,0.0,0.0,0.0,0.0,0.03997,0.0,0.0,0.0,0.07123,0.0,0.06382,0.0,0.0,0.0,0.0,0.0,0.0,0.0,0.0087,0.08145,0.13998,0.0,0.0,0.0,0.0,0.06189,0.0,0.0,0.00219,0.0,0.0,0.00093,0.0,0.0,0.0,0.0,0.0,0.0,0.0,0.0,0.0,0.0,0.0,0.0,0.0,0.0,0.0,0.0,0.0,0.0,0.0,0.0,0.0,0.0,0.0,0.0,0.00482,0.0,0.0,0.0,0.00178,0.0,0.0,0.0,0.03163,0.0,0.0,0.0,0.0,0.0,0.0,0.0,0.0,0.0,0.0,0.0,0.0,0.0,0.0,0.07549,0.0,0.0,0.0,0.0,0.0,0.0,0.0,0.0,0.0,0.0,0.0,0.00389,0.0,0.05234,0.04119,0.0,0.0,0.0,0.0,0.0,0.0,0.0,0.0,0.0,0.0,0.0,0.0,0.0,0.0,0.0,0.0,0.0,0.0,0.0,0.0,0.0,0.0,0.0,0.00263,0.0,0.0,0.0,0.0,0.0,0.0,0.0,0.0,0.00659,0.0,0.0,0.0,0.0,0.0,0.0,0.0,0.0,0.0,0.0,0.0,0.0,0.0,0.0,0.00311,0.0,0.0,0.0,0.0,0.0,0.0,0.00585,0.0,0.0,0.0,0.0,0.0,0.0,0.0,0.0,0.0,0.0,0.0,0.0,0.00256,0.0,0.0,0.0,0.0,0.0,0.00052,0.0,0.02137,0.0,0.0,0.0,0.0,0.0,0.0,0.0,0.0,0.00159,0.01459,0.0,0.0,0.0,0.0,0.0,0.0,0.0,0.0,0.0,0.0,0.0,0.0,0.0,0.0,0.00074,0.0,0.0,0.00063,0.0,0.0,0.0,0.019010000000000003,0.0,0.0,0.0,0.0,0.0,0.0,0.0,0.08886,0.0,0.0,0.0,0.0,0.0,0.0,0.05663,0.0,0.0,0.0,0.0,0.0,0.0,0.01489,0.0,0.0,0.0,0.0,0.0,0.0,0.0,0.0,0.0,0.00467,0.0,0.0,0.0,0.0,0.0,0.0,0.0,0.0,0.0,0.0,0.0,0.0,0.00185,0.0,0.00137,0.06897,0.0
SRR2143596,0.0,0.0,0.0,0.0,0.0,0.0,0.0,0.0,0.0,0.01212,0.0,0.04218,0.0,0.0,0.0,0.06576,0.0,0.03636,0.0,0.0,0.00146,0.0,0.00253,0.0,0.0,0.0,0.0,0.04571,0.00256,0.0,0.0,0.06174,0.053540000000000004,0.0,0.0,0.00043,0.0,0.0,0.00325,0.0,0.0,0.0,0.0,0.0,0.0,0.0,0.0,0.0,0.0,0.0,0.0,0.0,0.0,0.0,0.0,0.0,0.0,0.0,0.00118,0.0,0.0,0.0,0.0,0.00061,0.0,0.0,0.0,0.023469999999999998,0.0,0.0,0.0,0.03523,0.0,0.0,0.0,0.0,0.0,0.0,0.0,0.0,0.0,0.0,0.0,0.0,0.0,0.0,0.0238,0.0,0.0,0.0,0.00074,0.0,0.0,0.0,0.0,0.0,0.01383,0.0,0.0,0.0,0.01214,0.08386,0.0,0.0,0.0,0.0,0.0,0.0,0.00043,0.0,0.0,0.0,0.0,0.0,0.0,0.0,0.0,0.0,0.0,0.0,0.0,0.0,0.0,0.0,0.0,0.00532,0.0,0.0,0.00059,0.0,0.0,0.0,0.0,0.0,0.04109,0.0,0.0,0.00212,0.0,0.0,0.0,0.0,0.0,0.00233,0.0,0.0,0.0,0.0,0.0,0.0,0.0,0.0,0.0,0.07966,0.0,0.0,0.00079,0.0,0.0,0.0,0.0,0.00059,0.0,0.00026,0.0,0.0,0.0,0.0,0.0,0.00307,0.0,0.0,0.00171,0.0,0.0,0.00534,0.0,0.00386,0.0,0.01917,0.0,0.0,0.0,0.0,0.0,0.00074,0.00662,0.05361,0.0,0.0,0.0,0.0,0.0,0.0,0.0,0.0,0.0,0.0,0.0,0.0,0.0,0.0,0.0,0.0,0.00363,0.0,0.05566,0.0,0.00212,0.03551,0.0,0.0,0.0,0.0,0.0,0.0,0.0,0.03508,0.0,0.0,0.0,0.0,0.0,0.0,0.0,0.0,0.0,0.0,0.0,0.0,0.0,0.03431,0.0,0.0,0.0,0.0,0.0,0.0,0.0,0.0,0.0,0.0,0.0,0.0,0.0,0.0,0.0,0.0,0.0,0.029249999999999998,0.0,0.0,0.00038,0.0,0.0,0.0,0.0,0.04351,0.0
SRR2143599,0.0,0.0,0.0,0.0,0.0,0.0,0.0,0.0,0.0,0.00557,0.0,0.13649,0.0,0.0,0.0,0.00794,0.0,0.07182,0.0,0.0,0.0,0.0,0.00302,0.0,0.0,0.0,0.0,0.1681,0.08202,0.0,0.0,0.0,0.0305,0.0,0.0,0.00086,0.0,0.0,0.0,0.0,0.0,0.0,0.0,0.0,0.0,0.0,0.0,0.0,0.0,0.0,0.0,0.0,0.0,0.0,0.0,0.0,0.0,0.0,0.0,0.0,0.00471,0.0,0.0,0.00316,0.0,0.0,0.0,0.0018,0.0,0.0,0.0,0.01318,0.0,0.0,0.0,0.0,0.0,0.0,0.0,0.0,0.0,0.0,0.0,0.0,0.0,0.0,0.02138,0.0,0.0,0.0004,0.0,0.0,0.0,0.0,0.0,0.0,0.0,0.0,0.0,0.0,0.00194,0.02425,0.0,0.0,0.0,0.0,0.0,0.0,0.00176,0.0,0.0,0.0,0.0,0.0,0.0,0.00266,0.0,0.0,0.0,0.0,0.0,0.0005,0.0,0.00086,0.0,0.03183,0.00065,0.0,0.0,0.0,0.0,0.0,0.0,0.0,0.01103,0.0,0.0,0.00057,0.0,0.0,0.0,0.0,0.0,0.0,0.0,0.0,0.0,0.0,0.0,0.00162,0.0,0.0,0.00129,0.0,0.0,0.0,0.0,0.0,0.0,0.0,0.0,0.0,0.0,0.0,0.0,0.0,0.0,0.0,0.0,0.00726,0.0,0.0,0.00295,0.0,0.0,0.00277,0.0,0.02687,0.0,0.0,0.0,0.0,0.0,0.0,0.0,0.00428,0.06269,0.07613,0.0,0.0,0.0,0.0,0.0,0.0,0.0,0.0,0.0,0.0,0.0,0.0,0.0,0.0,0.0,0.0,0.0,0.00126,0.0,0.0,0.0,0.0,0.0,0.0,0.0,0.0,0.0,0.0,0.0,0.0416,0.0,0.0,0.0,0.0,0.0,0.0,0.0,0.0,0.0,0.0,0.0,0.0,0.0,0.0,0.0,0.0,0.0,0.0,0.0,0.0,0.0,0.0,0.0,0.00054,0.0,0.0,0.0,0.0,0.0,0.0,0.0,0.13189,0.0,0.0,0.0,0.0,0.0,0.0,0.00162,0.00514,0.0
SRR2143601,0.0,0.0011,0.0,0.0,0.0,0.0,0.0,0.0,0.0,0.0165,0.0,0.03904,0.0,0.0,0.0,0.02338,0.0,0.011309999999999999,0.0,0.0,0.0011,0.0,0.00259,0.0,0.0,0.0,0.0,0.06608,0.00085,0.0,0.0,0.0356,0.03444,0.0,0.0,0.00404,0.0,0.0,0.00021,0.0,0.0,0.0,0.0,0.0,0.0,0.0,0.0,0.0,0.0,0.0,0.0,0.0,0.0,0.0,0.0,0.0,0.0,0.0,0.00054,0.0,0.00068,0.0,0.0,0.00108,0.0,0.0,0.0,0.022949999999999998,0.01125,0.0,0.0,0.01821,0.0,0.0,0.0,0.0,0.0,0.0,0.0,0.0,0.0,0.0,0.0,0.0,0.01189,0.0,0.021400000000000002,0.0,0.0,0.0,0.0,0.0,0.0,0.0,0.0,0.0,0.0,0.0,0.00348,0.0,0.00157,0.054,0.0,0.0,0.0,0.0,0.0,0.0,0.0305,0.0,0.0,0.0,0.0,0.0,0.0,0.0,0.0,0.0,0.0,0.0,0.0,0.0,0.0,0.0,0.0,0.00628,0.0,0.0,0.00087,0.0,0.0,0.0,0.0,0.0,0.04768,0.00091,0.0,0.00551,0.0,0.0,0.0,0.0,0.0,0.0,0.0,0.0,0.0,0.0,0.0,0.0,0.0,0.0,0.0,0.02808,0.0,0.0,0.0,0.0,0.0,0.0,0.0,0.00044,0.0,0.0,0.0,0.0,0.0,0.0,0.0,0.0041,0.0,0.0,0.00385,0.0,0.0,0.00182,0.0,0.00659,0.0,0.0,0.0,0.0,0.0,0.0,0.00035,0.00126,0.0131,0.1005,0.0,0.0,0.0,0.0,0.0,0.0,0.0,0.0,0.0,0.0,0.0,0.0,0.0,0.0,0.00029,0.0,0.011949999999999999,0.0,0.0,0.0,0.00085,0.22149,0.00033,0.0,0.0,0.0,0.0,0.0,0.0,0.02617,0.0,0.0,0.0,0.0,0.0,0.0,0.014459999999999999,0.0,0.0,0.0,0.0,0.0,0.0,0.01306,0.0,0.0,0.0,0.0,0.0,0.0,0.0,0.0,0.0,0.0,0.00392,0.0,0.0,0.0,0.0,0.0,0.0,0.03013,0.0,0.0,0.0,0.0,0.0,0.0,0.00097,0.03241,0.00085
SRR2143603,0.0,0.0,0.0,0.0,0.0,0.0,0.0,0.00042,0.0,0.00218,0.0,0.01194,0.0,0.0,0.0,0.01139,0.0,0.0075,0.0,0.0,0.0,0.0,0.00285,0.0,0.0,0.0,0.0,0.04533,0.00951,0.0,0.0,0.00805,0.01799,0.0,0.0,0.028159999999999998,0.0,0.0,0.0,0.0,0.0,0.0,0.0,0.0,0.0,0.0,0.0,0.0,0.0,0.0,0.0,0.0,0.0,0.0,0.0,0.0,0.0,0.0,0.00032,0.0,0.0,0.0,0.0,0.00133,0.0,0.0,0.0,0.01259,0.01956,0.0,0.00063,0.03177,0.0,0.0,0.0,0.0,0.0,0.0,0.0,0.0,0.0,0.0,0.0,0.0,0.0,0.0,0.01013,0.0,0.0,0.0,0.00073,0.0,0.0,0.0,0.0,0.0,0.0,0.0,0.0,0.0,0.00043,0.03813,0.0,0.0,0.0,0.0,0.0,0.0,0.00535,0.0,0.0,0.0,0.0,0.0,0.0,0.0,0.0,0.0,0.0,0.0,0.0,0.0,0.0,0.0,0.0,0.00137,0.0,0.0,0.00025,0.00023,0.0,0.0,0.0,0.0,0.03952,0.0,0.0,0.00152,0.0,0.0,0.0,0.0,0.0,0.0,0.0,0.0,0.0,0.0,0.0,0.0,0.0,0.0,0.00041,0.0151,0.0,0.0,0.0,0.0,0.0,0.0,0.0,0.0,0.0,0.00033,0.0,0.0,0.0,0.0,0.0,0.00637,0.0,0.0,0.00829,0.0,0.0,0.00223,0.0,0.00397,0.0,0.01967,0.0,0.0,0.0,0.0,0.0,0.00118,0.04241,0.24557,0.0,0.0,0.0,0.0,0.0,0.0,0.0,0.0,0.0,0.0,0.0,0.0,0.0,0.0,0.0,0.0,0.02383,0.0,0.0,0.0,0.00075,0.0,0.0,0.0,0.0,0.0,0.0,0.0,0.0,0.05098,0.0,0.0,0.0,0.0,0.0,0.0,0.03948,0.0,0.0,0.0,0.0,0.0,0.0,0.01317,0.0,0.0,0.0,0.0,0.0,0.0,0.0,0.0,0.0,0.0,0.0,0.0,0.0,0.0,0.0,0.0,0.0,0.047490000000000004,0.0,0.0,0.0,0.0,0.0,0.0,0.00143,0.02612,0.00618
SRR2143606,0.0,0.0,0.0,0.0,0.0,0.0,0.0,0.0,0.0,0.05632,0.0,0.20054,0.0,0.0,0.0,0.05084,0.0,0.02364,0.0,0.0,0.0,0.0,0.00062,0.0,0.0,0.0,0.0,0.02556,0.0,0.0,0.0,0.0,0.02195,0.0,0.0,0.0,0.0,0.0,0.0,0.0,0.0,0.0,0.0,0.0,0.0,0.0,0.0,0.0,0.0,0.0,0.0,0.0,0.0,0.0,0.0,0.0,0.0,0.0,0.0,0.0,0.0,0.0,0.0,0.00042,0.0,0.00171,0.08181,0.0033900000000000002,0.00015,0.0,0.0,0.04703,0.0,0.0,0.0,0.0,0.0,0.0,0.0,0.0,0.0,0.0,0.0,0.0,0.0,0.0,0.02246,0.0,0.0,0.0,0.00509,0.0,0.0,0.0,0.0,0.0,0.0,0.0,0.0,0.0,0.05855,0.03201,0.0,0.0,0.0,0.0,0.0,0.0,0.0,0.0,0.0,0.0,0.0,0.0,0.0,0.0036699999999999997,0.0,0.0,0.0,0.0,0.0,0.0,0.0,0.0,0.0,0.00784,0.0,0.0,0.0,0.0,0.0,0.0,0.0,0.0,0.00099,0.0,0.0,0.0,0.0,0.0,0.0,0.0,0.0,0.00058,0.0,0.0,0.0,0.0,0.0,0.00045,0.0,0.0,0.00077,0.0606,0.0,0.0,0.01454,0.0,0.0,0.0,0.0,0.0,0.0,0.00018,0.0,0.0,0.0,0.0,0.00018,0.0,0.0,0.0,0.0,0.0,0.0,0.00049,0.0,0.0,0.0,0.0,0.00021,0.0,0.0,0.0,0.0,0.00634,0.0,0.00914,0.0,0.00212,0.0,0.0,0.0,0.0,0.0,0.0,0.0,0.0,0.0,0.0,0.0,0.0,0.0,0.0,0.0,0.00177,0.0,0.0,0.0,0.0,0.0,0.00086,0.0,0.0,0.0,0.0,0.0,0.10107,0.0,0.0,0.0,0.0,0.0,0.0,0.00879,0.0,0.0,0.0,0.0,0.0,0.0,0.0,0.0,0.0,0.0,0.0,0.0,0.0,0.0,0.0,0.0,0.00247,0.0,0.0,0.0,0.0,0.0,0.0,0.0,0.07535,0.0,0.0,0.00033,0.0,0.0,0.0,0.00101,0.05927,0.00044
SRR2143613,0.0,0.0,0.0,0.0,0.0,0.0,0.0,0.0,0.0,0.14885,0.0,0.03113,0.0,0.0,0.0,0.01372,0.0,0.029169999999999998,0.0,0.0,0.0,0.0,0.00288,0.0,0.0,0.0036,0.0,0.1086,0.02005,0.0,0.0,0.0,0.02461,0.0,0.0,0.00547,0.0,0.0,0.0,0.0,0.0,0.0,0.0,0.0,0.0,0.0,0.0,0.0,0.0,0.0,0.0,0.0,0.0,0.0,0.0,0.0,0.0,0.0,0.0,0.0,0.00288,0.0,0.0,0.00777,0.0,0.0,0.0,0.0,0.0,0.0,0.00235,0.02182,0.0,0.0,0.0,0.0,0.0,0.0,0.0,0.0,0.0,0.0,0.0,0.0,0.0,0.0,0.00556,0.0,0.0,0.0,0.0,0.0,0.0,0.0,0.0,0.0,0.0,0.0,0.00585,0.0,0.00206,0.03343,0.0,0.0,0.0,0.0,0.0,0.0,0.00153,0.0,0.0,0.0,0.0,0.0,0.0,0.0,0.0,0.0,0.0,0.0,0.0,0.0,0.0,0.0,0.0,0.01055,0.0,0.0,0.0,0.0,0.0,0.0,0.0,0.0,0.04931,0.0,0.0,0.00144,0.0,0.0,0.0,0.0,0.0,0.0,0.0,0.0,0.0,0.0,0.0,0.0,0.0,0.0,0.0,0.0,0.0,0.0,0.0,0.0,0.0,0.0,0.0,0.0,0.0,0.0,0.0,0.0,0.0,0.0,0.0,0.00648,0.0,0.0,0.01151,0.00345,0.0,0.0023,0.0,0.01794,0.0,0.11316,0.0,0.0,0.0,0.0,0.0,0.02082,0.0,0.11666,0.0,0.0,0.0,0.0,0.0,0.0,0.0,0.0,0.0,0.0,0.0,0.0,0.0,0.0,0.0,0.0,0.01995,0.00077,0.0,0.0,0.0,0.0,0.0,0.0,0.0,0.0,0.0,0.0,0.0,0.019,0.0,0.0,0.01079,0.0,0.0,0.0,0.0,0.0,0.0,0.0,0.0,0.0,0.0,0.00576,0.0,0.0,0.0,0.0,0.0,0.0,0.0,0.0,0.0,0.00144,0.01645,0.0,0.0,0.0,0.0,0.0,0.0,0.06016,0.0,0.0,0.00101,0.0,0.0,0.0,0.00091,0.03329,0.0
SRR2143616,0.0,0.0,0.0,0.0,0.0,0.0,0.0,0.0,0.0,0.10301,0.0,0.044660000000000005,0.0,0.0,0.0,0.0498,0.0,0.04535,0.0,0.0,0.00066,0.0,0.00552,0.0,0.0,0.0,0.0,0.01458,0.00196,0.0,0.0,0.08966,0.0421,0.0,0.0,0.0,0.0,0.0,0.0,0.0,0.0,0.0,0.0,0.0,0.0,0.0,0.0,0.0,0.0,0.0,0.0,0.0,0.0,0.0,0.0,0.0,0.0,0.0,0.0,0.0,0.0,0.0,0.0,0.0,0.0,0.00047,0.0,0.0,0.09332,0.0,0.0,0.0,0.0,0.0,0.0,0.0,0.0,0.0,0.0,0.00041,0.0,0.0,0.0,0.0,0.0,0.0,0.00896,0.0,0.0,0.0,0.0,0.0,0.0,0.0,0.0,0.0,0.02837,0.0,0.00221,0.0,0.00158,0.01073,0.0,0.0,0.0,0.0,0.0,0.0,0.0,0.0,0.0,0.0,0.0,0.0,0.0,0.0,0.0,0.0,0.0,0.0,0.0,0.0,0.0,0.00193,0.0,0.00483,0.0,0.0,0.0,0.0,0.0,0.0,0.0,0.0,0.00117,0.0,0.0,0.00076,0.0,0.0,0.0,0.0,0.0,0.0,0.0,0.0,0.0,0.0,0.0,0.0,0.0,0.0,0.0,0.16828,0.0,0.0,0.00417,0.0,0.0,0.0,0.0,0.0,0.0,0.0,0.0,0.0,0.0,0.0,0.0,0.00641,0.0,0.0,0.00126,0.00641,0.0,0.00568,0.0,0.0,0.0,0.0,0.0,0.00262,0.0,0.0,0.0,0.00454,0.01032,0.01357,0.0,0.0,0.0,0.0,0.0,0.0,0.0,0.0,0.0,0.0,0.0,0.0,0.0,0.0,0.0,0.0,0.00729,0.00552,0.0,0.0,0.0,0.0,0.0,0.0,0.0,0.0,0.0,0.0,0.0,0.09048,0.0,0.0,0.0,0.0,0.0,0.0,0.0,0.0,0.0,0.0,0.0,0.0,0.0,0.0,0.0,0.0,0.0,0.0,0.0,0.0,0.0,0.0,0.0,0.00391,0.0,0.0,0.0,0.0,0.0,0.0,0.0,0.06567,0.0,0.0,0.0,0.0,0.0,0.0,0.00044,0.02559,0.00069
SRR2143620,0.0,0.0,0.0,0.0,0.0,0.0,0.0,0.0,0.0,0.01257,0.0,0.08829,0.0,0.0,0.0,0.02357,0.0,0.048600000000000004,0.0,0.0,0.0,0.0,0.00406,0.0,0.0,0.00245,0.0,0.16754000000000002,0.04843,0.0,0.0,0.01474,0.06526,0.0,0.0,0.00378,0.0,0.0,0.0,0.0,0.0,0.0,0.0,0.0,0.0,0.0,0.0,0.0,0.0,0.0,0.0,0.0,0.0,0.0,0.0,0.0,0.0,0.0,0.00034,0.0,0.0,0.0,0.0,0.00197,0.0,0.00065,0.0,0.00572,0.00724,0.0,0.0,0.03177,0.0,0.0,0.0,0.0,0.0,0.0,0.0,0.0,0.0,0.0,0.0,0.0,0.0,0.0,0.02015,0.0,0.0,0.0,0.00039,0.0,0.00321,0.0,0.0,0.0,0.0,0.0,0.00118,0.0,0.01477,0.03994,0.0,0.0,0.0,0.0,0.0,0.0,0.0,0.0,0.0,0.0,0.0,0.0,0.0,0.0,0.0,0.0,0.0,0.0,0.0,0.0,0.0,0.0,0.0,0.00953,0.0,0.0,0.00039,0.0,0.0,0.0,0.0,0.0,0.01914,0.0,0.0,0.00254,0.0,0.0,0.0,0.0,0.0,0.0,0.0,0.0,0.0,0.0,0.0,0.0,0.0,0.0,0.0,0.0,0.0,0.0,0.00085,0.0,0.0,0.0,0.0,0.0,0.0,0.0,0.0,0.0,0.0,0.0,0.0,0.00747,0.0,0.0,0.00623,0.0,0.0,0.00251,0.0,0.0214,0.0,0.03228,0.0,0.0,0.0,0.0,0.0,0.00344,0.0,0.09001,0.0,0.0,0.0,0.0,0.0,0.0,0.0,0.0,0.0,0.0,0.0,0.0,0.0,0.0,0.0,0.0,0.00992,0.0,0.0,0.0,0.0,0.0,0.0,0.0,0.0,0.0,0.0,0.0,0.0,0.04877,0.0,0.0,0.0,0.0,0.0,0.0,0.01923,0.0,0.0,0.0,0.0,0.0,0.0,0.0274,0.0,0.0,0.0,0.0,0.0,0.0,0.0,0.0,0.0,0.00121,0.0,0.0,0.0,0.0,0.0,0.0,0.0,0.039330000000000004,0.0,0.0,0.0,0.0,0.0,0.0,0.00147,0.03836,0.0
SRR2143628,0.0,0.0,0.0,0.0,0.0,0.0,0.0,0.0,0.0,0.11655,0.0,0.03918,0.0,0.0,0.0,0.15912,0.0,0.02506,0.0,0.0,0.0,0.0,0.0,0.0,0.0,0.0,0.0,0.16278,0.00852,0.0,0.0,0.0,0.12822,0.0,0.0,0.0,0.0,0.0,0.00292,0.0,0.0,0.0,0.0,0.0,0.0,0.0,0.0,0.0,0.0,0.0,0.0,0.0,0.0,0.0,0.0,0.0,0.0,0.0,0.0,0.0,0.0,0.0,0.0,0.0,0.0,0.0,0.0,0.0,0.03625,0.0,0.0,0.04234,0.0,0.0,0.0,0.0,0.0,0.0,0.0,0.0,0.0,0.0,0.0,0.0,0.0,0.0,0.009,0.0,0.0,0.0,0.0,0.0,0.0,0.0,0.0,0.0,0.0,0.0,0.0,0.0,0.0472,0.00365,0.0,0.0,0.0,0.0,0.0,0.0,0.0,0.0,0.0,0.0,0.0,0.0,0.0,0.0,0.0,0.0,0.0,0.0,0.0,0.0,0.0,0.0,0.0,0.0,0.0,0.0,0.0,0.0,0.0,0.0,0.0,0.0,0.00438,0.0,0.0,0.0,0.0,0.0,0.0,0.0,0.0,0.0,0.0,0.0,0.0,0.0,0.0,0.0,0.0,0.0,0.0,0.0,0.0,0.0,0.0,0.0,0.0,0.0,0.0,0.0,0.0,0.0,0.0,0.0,0.0,0.0,0.0,0.0,0.0,0.0,0.0,0.0,0.0,0.01922,0.0,0.01022,0.0,0.0,0.0,0.0,0.0,0.0,0.0,0.0,0.0,0.04915,0.0,0.0,0.0,0.0,0.0,0.0,0.0,0.0,0.0,0.0,0.0,0.0,0.0,0.0,0.0,0.0,0.0,0.0,0.0,0.0,0.0,0.0,0.0,0.0,0.0,0.0,0.0,0.0,0.0,0.05061,0.0,0.0,0.0,0.0,0.0,0.0,0.0,0.0,0.0,0.0,0.0,0.0,0.0,0.0,0.0,0.0,0.0,0.0,0.0,0.0,0.0,0.0,0.0,0.0,0.0,0.0,0.0,0.0,0.0,0.0,0.0,0.02141,0.0,0.0,0.0,0.0,0.0,0.0,0.00414,0.05499,0.0
SRR2143631,0.0,0.0,0.0,0.0,0.0,0.0,0.0,0.0,0.0,0.00136,0.0,0.04678,0.0,0.0,0.0,0.00421,0.0,0.00179,0.0,0.0,0.0,0.0,0.00145,0.0,0.0,0.00498,0.0,0.07483000000000001,0.00345,0.0,0.0,0.0701,0.06321,0.0,0.0,0.00387,0.0,0.0,0.0,0.0,0.0,0.0,0.0,0.0,0.0,0.0,0.0,0.0,0.0,0.0,0.0,0.0,0.0,0.0,0.0,0.0,0.0,0.0,0.00068,0.0,0.0,0.0,0.0,0.0,0.0,0.0,0.0,0.08556,0.00596,0.0,0.0,0.00638,0.0,0.0,0.0,0.0,0.0,0.0,0.0,0.0,0.0,0.0,0.0,0.0,0.0,0.0,0.01243,0.0,0.0,0.0,0.0,0.0,0.0,0.0,0.0,0.0,0.0,0.0,0.00464,0.0,0.04359,0.03669,0.0,0.0,0.0,0.0,0.0,0.0,0.0,0.0,0.0,0.0,0.0,0.0,0.0,0.00238,0.0,0.0,0.0,0.0,0.0,0.0,0.0,0.0,0.0,0.00681,0.00085,0.0,0.00132,0.0,0.0,0.0,0.0,0.0,0.01609,0.00128,0.0,0.0,0.0,0.0,0.0,0.0,0.0,0.0,0.0,0.0,0.0,0.0,0.0,0.06857,0.0,0.0,0.0,0.0,0.0,0.0,0.0,0.0,0.0,0.0,0.0,0.0,0.0,0.0,0.0,0.0,0.0,0.0,0.0,0.0057,0.0,0.0,0.00081,0.0,0.0,0.00238,0.0,0.0086,0.0,0.0,0.0,0.0,0.0,0.0,0.0017,0.00085,0.01711,0.15642,0.0,0.0,0.0,0.0,0.0,0.0,0.0,0.0,0.0,0.0,0.0,0.0,0.0,0.0,0.0,0.0,0.01106,0.0,0.0,0.0,0.00119,0.0,0.0,0.00183,0.0,0.0,0.0,0.0,0.0,0.04193,0.0,0.0,0.0,0.00111,0.0,0.0,0.01009,0.0,0.0,0.0,0.0,0.0,0.0,0.02503,0.0,0.0,0.0,0.0,0.0,0.0,0.0,0.0,0.0,0.00711,0.0,0.0,0.0,0.0,0.0,0.0,0.0,0.00289,0.0,0.0,0.0,0.0,0.0,0.0,0.00157,0.02422,0.00047
SRR2143632,0.0,0.0,0.0,0.0,0.0,0.0,0.0,0.0,0.0,0.03845,0.0,0.14753,0.0,0.0,0.0,0.02368,0.0,0.01056,0.0,0.0,0.00065,0.0,0.0,0.0,0.0,0.0,0.0,0.07863,0.0215,0.0,0.0,0.0,0.05061,0.0,0.0,0.0,0.0,0.0,0.0,0.0,0.0,0.0,0.0,0.0,0.0,0.0,0.0,0.0,0.0,0.0,0.0,0.0,0.0,0.0,0.0,0.0,0.0,0.0,0.0,0.0,0.0,0.0,0.0,0.00135,0.0,0.0,0.0,0.02203,0.01442,0.0,0.0,0.043359999999999996,0.0,0.0,0.0,0.0,0.0,0.0,0.0,0.0,0.0,0.0,0.00126,0.0,0.0,0.0,0.02706,0.0,0.0,0.0,0.001,0.0,0.0,0.0,0.0,0.0,0.00938,0.0,0.00604,0.0,0.00074,0.08519,0.0,0.0,0.0,0.0,0.0,0.0,0.00096,0.0,0.0,0.0,0.0,0.0,0.0,0.0,0.0,0.0,0.0,0.0,0.0,0.0,0.0,0.0,0.0,0.00378,0.0,0.0,0.0,0.0,0.0,0.0,0.0,0.0,0.01008,0.0,0.0,0.0,0.0,0.0,0.0,0.0,0.0,0.00078,0.0,0.0,0.0,0.0,0.0,0.0,0.0,0.0,0.00048,0.0,0.0,0.0,0.00673,0.0,0.0,0.0,0.0,0.0,0.0,0.0,0.0,0.0,0.0,0.0,0.0,0.00226,0.0,0.0,0.00304,0.00113,0.0,0.00717,0.0,0.0066,0.0,0.0,0.0,0.00317,0.0,0.0,0.0,0.00195,0.02646,0.02828,0.0,0.0,0.0,0.0,0.0,0.0,0.0,0.0,0.0,0.0,0.0,0.0,0.0,0.0,0.0,0.0,0.0,0.0,0.08632,0.0,0.0,0.0,0.0,0.0,0.0,0.0,0.0,0.0,0.0,0.08623,0.0,0.0,0.00113,0.0,0.0,0.0,0.0,0.0,0.0,0.0,0.0,0.0,0.0,0.0,0.0,0.0,0.0,0.0,0.0,0.0,0.0,0.0,0.0,0.0,0.00126,0.0,0.0,0.0,0.0,0.0,0.0,0.05043,0.0,0.0,0.0,0.0,0.0,0.0,0.00143,0.07993,0.0
SRR2143635,0.0,0.0,0.0,0.0,0.0,0.0,0.0,0.0,0.0,0.0,0.0,0.02209,0.0,0.0,0.0,0.03763,0.0,0.01881,0.0,0.0,0.00079,0.0,0.0,0.0,0.0,0.0,0.0,0.03286,0.01216,0.0,0.0,0.03817,0.062,0.0,0.0,0.0,0.0,0.0,0.0,0.0,0.0,0.0,0.0,0.0,0.0,0.0,0.0,0.0,0.0,0.0,0.0,0.0,0.0,0.0,0.0,0.0,0.0,0.0,0.00844,0.0,0.00273,0.0,0.0,0.00248,0.0,0.00144,0.0,0.01157,0.0143,0.0,0.0,0.00621,0.0,0.0,0.0,0.0,0.0,0.0,0.0,0.0,0.0,0.0,0.0,0.0,0.0,0.0,0.06006,0.0,0.0,0.0,0.0,0.0,0.0,0.0,0.0,0.0,0.0,0.0,0.00308,0.0,0.02005,0.18248,0.0,0.0,0.0,0.0,0.0,0.0,0.0,0.0,0.00665,0.0,0.0,0.0,0.0,0.0,0.0,0.0,0.0,0.0,0.0,0.0,0.0,0.0,0.0,0.0068,0.0,0.0,0.0,0.0,0.0,0.0,0.0,0.0,0.02889,0.0,0.0,0.00069,0.0,0.0,0.0,0.0,0.0,0.0,0.0,0.0,0.0,0.0,0.0,0.0,0.0,0.03644,0.0005,0.0,0.0,0.0,0.0,0.0,0.0,0.0,0.0,0.0,0.0,0.0,0.0,0.0,0.0,0.0,0.0,0.00154,0.0,0.0,0.00382,0.00129,0.0,0.0071,0.0,0.01836,0.0,0.00541,0.0,0.0066,0.0,0.0,0.0,0.0074,0.0,0.03103,0.0,0.01435,0.0,0.0,0.0,0.0,0.0,0.0,0.0,0.0,0.0,0.0,0.0,0.0,0.0,0.0,0.01747,0.00094,0.0,0.0,0.0,0.01881,0.0,0.0,0.0,0.0,0.0,0.0,0.0,0.03917,0.0,0.0,0.0,0.0,0.0,0.0,0.0,0.0,0.0,0.0,0.0,0.0,0.0,0.01976,0.0,0.0,0.0,0.0,0.0,0.0,0.0,0.0,0.0,0.00065,0.00943,0.0,0.0,0.0,0.0,0.0,0.0,0.06662,0.0,0.0,0.0,0.0,0.0,0.0,0.00055,0.023229999999999997,0.0
SRR2143639,0.0,0.0185,0.0,0.0,0.0,0.0,0.0,0.0,0.0,0.0,0.0,0.03333,0.0,0.0,0.0,0.01749,0.0,0.015719999999999998,0.0,0.0,0.00076,0.0,0.00192,0.0,0.0,0.00089,0.0,0.05345,0.01047,0.0,0.0,0.0119,0.026439999999999998,0.0,0.0,0.0025,0.0,0.0,0.0,0.0,0.0,0.0,0.0,0.0,0.0,0.0,0.0,0.0,0.0,0.0,0.0,0.0,0.0,0.0,0.0,0.0,0.0,0.0,0.00452,0.0,0.00058,0.0,0.0,0.00339,0.0,0.0,0.0,0.01032,0.0076,0.0,0.0268,0.023719999999999998,0.0,0.0,0.0,0.0,0.0,0.0,0.0,0.0,0.0,0.0,0.0,0.0,0.0,0.0,0.015629999999999998,0.0,0.0,0.0,0.0,0.0,0.0,0.0,0.0,0.0,0.0,0.0,0.0014,0.0,0.0069,0.12457,0.0,0.0,0.0,0.0,0.0,0.0,0.0,0.0,0.0,0.0,0.0,0.0,0.0,0.0,0.0,0.0,0.0,0.0,0.0,0.0,0.0,0.0,0.0,0.00369,0.00064,0.0,0.00177,0.0,0.0,0.0,0.0,0.0,0.06218,0.0,0.0,0.00232,0.0,0.0,0.0,0.0,0.0,0.00058,0.0,0.0,0.0,0.0,0.0,0.0,0.0,0.0,0.0,0.0,0.0,0.0,0.00699,0.0,0.0,0.0,0.0,0.0,0.0,0.0,0.0,0.0,0.0,0.0,0.0,0.01132,0.0,0.0,0.00543,0.0,0.0,0.00168,0.0,0.04164,0.0,0.0,0.0,0.0,0.0,0.0,0.00092,0.0,0.00153,0.05626,0.0,0.0,0.0,0.0,0.0,0.0,0.0,0.0,0.0,0.0,0.0,0.0,0.0,0.0,0.0,0.0,0.02146,0.0,0.0,0.0,0.00314,0.19838,0.0,0.0,0.0,0.0,0.0,0.0,0.0,0.03529,0.0,0.0,0.0,0.0,0.0,0.0,0.0,0.0,0.0,0.0,0.0,0.0,0.0,0.0062,0.0,0.0,0.0,0.0,0.0,0.0,0.0,0.0,0.0,0.0,0.0,0.0,0.0,0.0,0.0,0.0,0.0,0.03864,0.0,0.0,0.0,0.0,0.0,0.0,0.0,0.01407,0.00037
SRR2143645,0.0,0.0,0.0,0.0,0.0,0.0,0.0,0.0,0.0,0.04098,0.0,0.05178,0.0,0.0,0.0,0.02714,0.0,0.00969,0.0,0.0,0.0,0.0,0.0,0.0,0.0,0.0,0.0,0.34764,0.00983,0.0,0.0,0.0,0.0713,0.0,0.0,0.0,0.0,0.0,0.0,0.0,0.0,0.0,0.0,0.0,0.0,0.0,0.0,0.0,0.0,0.0,0.0,0.0,0.0,0.0,0.0,0.0,0.0,0.0,0.0,0.0,0.0,0.0,0.0,0.0126,0.0,0.0,0.0,0.0,0.00748,0.0,0.0,0.02063,0.0,0.0,0.0,0.0,0.0,0.0,0.0,0.0,0.0,0.0,0.00194,0.0,0.0,0.0,0.03351,0.0,0.0,0.0,0.0,0.0,0.0,0.0,0.0,0.0,0.0,0.0,0.0,0.0,0.0,0.0443,0.0,0.0,0.0,0.0,0.0,0.0,0.0,0.0,0.0,0.0,0.0,0.0,0.0,0.0,0.0,0.0,0.0,0.0,0.0,0.0,0.0,0.0,0.0,0.00554,0.0,0.0,0.0,0.0,0.0,0.0,0.0,0.0,0.01094,0.0,0.0,0.0,0.0,0.0,0.0,0.0,0.0,0.0,0.0,0.0,0.0,0.0,0.0,0.0,0.0,0.0,0.0,0.0,0.0,0.0,0.0,0.0,0.0,0.0,0.0,0.0,0.0,0.0,0.0,0.0,0.0,0.0,0.0,0.00748,0.0,0.0,0.00318,0.0,0.0,0.00429,0.0,0.0623,0.0,0.02644,0.0,0.0,0.0,0.0,0.0036,0.00263,0.01564,0.04444,0.0,0.0,0.0,0.0,0.0,0.0,0.0,0.0,0.0,0.0,0.0,0.0,0.0,0.0,0.0,0.0,0.01121,0.0,0.0,0.0,0.0,0.0,0.0,0.0,0.0,0.0,0.0,0.0,0.0,0.02949,0.0,0.0,0.0,0.0,0.0,0.0,0.0,0.0,0.0,0.0,0.0,0.0,0.0,0.0,0.0,0.0,0.0,0.0,0.0,0.0,0.0,0.0,0.0,0.0,0.0,0.0,0.0,0.0,0.0,0.0,0.0,0.02575,0.0,0.0,0.0,0.0,0.0,0.0,0.0,0.05123,0.0
SRR2143649,0.0,0.0,0.0,0.0,0.0,0.0,0.0,0.00316,0.0,0.0,0.0,0.02501,0.0,0.0,0.0,0.00949,0.0,0.0025,0.0,0.0,0.0,0.0,0.00243,0.0,0.0,0.0,0.0,0.03472,0.0128,0.0,0.0,0.0,0.00846,0.0,0.0,0.00243,0.0,0.0,0.0011,0.0,0.0,0.0,0.0,0.0,0.0,0.0,0.0,0.0,0.0,0.0,0.0,0.0,0.0,0.0,0.0,0.0,0.0,0.0,0.0,0.0,0.0,0.0,0.0,0.0,0.0,0.0,0.0,0.02596,0.0,0.0,0.0,0.03185,0.0,0.0,0.0,0.0,0.0,0.0,0.0,0.0,0.0,0.0,0.0,0.0,0.0,0.0,0.02074,0.0,0.0,0.0,0.0,0.0,0.0,0.0,0.0,0.0,0.0,0.0,0.00243,0.0,0.0,0.06377,0.0,0.0,0.0,0.0,0.0,0.0,0.0,0.0,0.0,0.0,0.0,0.0,0.0,0.0,0.0,0.0,0.0,0.0,0.0,0.0,0.0,0.0,0.0,0.00287,0.0,0.0,0.0,0.0,0.0,0.0,0.0,0.0,0.04582,0.0,0.0,0.00574,0.0,0.0,0.0,0.0,0.0,0.0,0.0,0.0,0.0,0.0,0.0,0.0,0.0,0.0,0.0,0.0,0.0,0.0,0.0,0.0,0.0,0.0,0.0,0.0,0.0,0.0,0.0,0.0,0.0,0.0,0.0,0.00184,0.0,0.0,0.00588,0.0,0.0,0.00213,0.0,0.0267,0.0,0.0,0.0,0.0,0.0,0.0,0.0,0.0,0.01133,0.07796,0.0,0.0,0.0,0.0,0.0,0.0,0.0,0.0,0.0,0.0,0.0,0.0,0.0,0.0,0.0,0.0,0.0,0.0,0.0,0.0,0.00618,0.40232,0.0,0.0,0.0,0.0,0.0,0.0,0.0,0.03972,0.0,0.0,0.0,0.0,0.0,0.0,0.0,0.0,0.0,0.0,0.0,0.0,0.0,0.03302,0.0,0.0,0.0,0.0,0.0,0.0,0.0,0.0,0.0,0.0,0.02383,0.0,0.0,0.0,0.0,0.0,0.0,0.01743,0.0,0.0,0.0,0.0,0.0,0.0,0.00096,0.0473,0.0
SRR2143655,0.0,0.0,0.0,0.0,0.0,0.0,0.0,0.0,0.0,0.0,0.0,0.06941,0.0,0.0,0.0,0.05666,0.0,0.05461,0.0,0.0,0.0,0.0,0.0,0.0,0.0,0.0,0.0,0.27637,0.00551,0.0,0.0,0.0,0.13645,0.0,0.0,0.0,0.0,0.0,0.0,0.0,0.0,0.0,0.0,0.0,0.0,0.0,0.0,0.0,0.0,0.0,0.0,0.0,0.0,0.0,0.0,0.0,0.0,0.0,0.0,0.0,0.0,0.0,0.0,0.0,0.0,0.0,0.0,0.0,0.01637,0.0,0.0,0.01086,0.0,0.0,0.0,0.0,0.0,0.0,0.0,0.0,0.0,0.0,0.0,0.0,0.0,0.0,0.016210000000000002,0.0,0.0,0.0,0.0,0.0,0.0,0.0,0.0,0.0,0.0,0.0,0.0,0.0,0.01369,0.05382,0.0,0.0,0.0,0.0,0.0,0.0,0.03384,0.0,0.0,0.0,0.0,0.0,0.0,0.0,0.0,0.0,0.0,0.0,0.0,0.0,0.0,0.0,0.0,0.00913,0.0,0.0,0.0,0.0,0.0,0.0,0.0,0.0,0.02361,0.0,0.0,0.0,0.0,0.0,0.0,0.0,0.0,0.0,0.0,0.0,0.0,0.0,0.0,0.00551,0.0,0.0,0.0,0.0,0.0,0.0,0.0,0.0,0.0,0.0,0.0,0.0,0.0,0.0,0.0,0.0,0.0,0.0,0.0,0.00913,0.0,0.0,0.00425,0.0,0.0,0.00551,0.0,0.06217,0.0,0.0,0.0,0.0,0.0,0.0,0.0,0.0,0.02833,0.0,0.0,0.0,0.0,0.0,0.0,0.0,0.0,0.0,0.0,0.0,0.0,0.0,0.0,0.0,0.0,0.0,0.02361,0.0,0.0,0.0,0.0,0.0,0.0,0.0,0.0,0.0,0.0,0.0,0.0,0.03195,0.0,0.0,0.0,0.0,0.0,0.0,0.0,0.0,0.0,0.0,0.0,0.0,0.0,0.0,0.0,0.0,0.0,0.0,0.0,0.0,0.0,0.0,0.0,0.0,0.0,0.0,0.0,0.0,0.0,0.0,0.0,0.00346,0.0,0.0,0.0,0.0,0.0,0.0,0.0,0.03824,0.00236
SRR2143658,0.0,0.0,0.0,0.0,0.0,0.0,0.0,0.0,0.0,0.00757,0.0,0.03228,0.0,0.0,0.0,0.08761,0.0,0.08841,0.0,0.0,0.0,0.0,0.00355,0.0,0.0,0.00087,0.0,0.14809999999999998,0.01098,0.0,0.0,0.0,0.05064,0.0,0.0,0.0,0.0,0.0,0.0,0.0,0.0,0.0,0.0,0.0,0.0,0.0,0.0,0.0,0.0,0.0,0.0,0.0,0.0,0.0,0.0,0.0,0.0,0.0,0.0,0.0,0.0,0.0,0.0,0.0,0.0,0.0,0.0,0.02531,0.01487,0.0,0.0,0.007899999999999999,0.0,0.0,0.0,0.0,0.0,0.0,0.0,0.0,0.0,0.0,0.00429,0.0,0.0,0.0,0.00422,0.0,0.0,0.0,0.0162,0.0,0.0,0.0,0.0,0.0,0.0,0.0,0.00281,0.0,0.00904,0.11293,0.0,0.0,0.0,0.0,0.0,0.0,0.00221,0.0,0.0,0.0,0.0,0.0,0.0,0.0,0.0,0.0,0.0,0.0,0.0,0.0,0.0,0.0,0.0,0.00703,0.0,0.0,0.0,0.0,0.0,0.0,0.0,0.0,0.01025,0.0,0.0,0.00174,0.0,0.0,0.0,0.0,0.0,0.0,0.0,0.0,0.0,0.0,0.0,0.0,0.0,0.0,0.0,0.0,0.0,0.0,0.0,0.0,0.0,0.0,0.0,0.0,0.0,0.0,0.0,0.0,0.0,0.0,0.0,0.00174,0.0,0.0,0.0,0.00435,0.0,0.00208,0.0,0.02418,0.0,0.0,0.0,0.0,0.0,0.0,0.0,0.00831,0.04039,0.0438,0.0,0.0,0.0,0.0,0.0,0.0,0.0,0.0,0.0,0.0,0.0,0.0,0.0,0.0,0.0,0.0,0.00885,0.0,0.0,0.0,0.0,0.0,0.0,0.0,0.0,0.0,0.0,0.0,0.0,0.09859,0.0,0.0,0.0,0.0,0.0,0.0,0.0,0.0,0.0,0.0,0.0,0.0,0.0,0.0,0.0,0.0,0.0,0.0,0.0,0.0,0.0,0.0,0.0,0.00328,0.0,0.0,0.0,0.0,0.0,0.0,0.0,0.06229,0.0,0.0,0.0,0.0,0.0,0.0,0.0,0.0363,0.0
SRR2143660,0.0,0.0,0.0,0.0,0.0,0.0,0.0,0.0,0.0,0.02602,0.0,0.02098,0.0,0.0,0.0,0.01288,0.0,0.00664,0.0,0.0,0.0,0.0,0.00433,0.0,0.0,0.00041,0.0,0.10786,0.00041,0.0,0.0,0.0,0.12373,0.0,0.0,0.0,0.0,0.0,0.00181,0.0,0.0,0.0,0.0,0.0,0.0,0.0,0.0,0.0,0.0,0.0,0.0,0.0,0.0,0.0,0.0,0.0,0.0,0.0,0.00056,0.0,0.0,0.0,0.0,0.0,0.0,0.00146,0.0,0.0043300000000000005,0.04299,0.0,0.0,0.0076100000000000004,0.0,0.00035,0.0,0.0,0.0,0.0,0.0,0.0,0.0,0.0,0.00222,0.0,0.0,0.0,0.02118,0.0,0.0,0.0,0.0312,0.0,0.0,0.0,0.0,0.0,0.01926,0.0,0.00199,0.0,0.02438,0.11343,0.0,0.0,0.0,0.0,0.0,0.0,0.00161,0.0,0.0,0.0,0.0,0.0,0.0,0.00433,0.0,0.0,0.0,0.0,0.0,0.0,0.0,0.0,0.0,0.0012,0.00565,0.0,0.0,0.0,0.0,0.0,0.0,0.0,0.00656,0.0,0.0,0.0,0.0,0.0,0.0,0.0,0.0,0.00105,0.0,0.0,0.0,0.0,0.0,0.0,0.0,0.0,0.00041,0.0,0.0,0.0,0.00328,0.0,0.0,0.0,0.0,0.0,0.00108,0.0,0.0,0.0,0.0,0.0,0.0,0.00284,0.0,0.0,0.00635,0.0,0.0,0.00711,0.0,0.00673,0.0,0.0,0.0,0.0,0.0,0.0,0.00061,0.00088,0.02666,0.02982,0.0,0.0,0.0,0.0034200000000000003,0.0,0.0,0.0,0.0,0.0,0.0,0.0,0.0,0.0,0.0,0.0,0.0,0.00386,0.00158,0.0,0.0,0.0,0.0,0.0,0.0,0.0,0.0,0.0,0.0,0.0,0.05244,0.0,0.0,0.0,0.00044,0.0,0.0,0.00784,0.0,0.0,0.0,0.0,0.0,0.0,0.04281,0.0,0.0,0.0,0.0,0.0,0.0,0.0,0.0,0.0,0.01176,0.0,0.0,0.0,0.0,0.0,0.0,0.0,0.15501,0.0,0.0,0.00032,0.0,0.0,0.0,0.00064,0.01173,0.00082
SRR2143673,0.0,0.0,0.0,0.0,0.0,0.0,0.0,0.0,0.0,0.05288,0.0,0.046990000000000004,0.0,0.0,0.0,0.06378,0.0,0.00645,0.0,0.0,0.0,0.0,0.00266,0.0,0.0,0.00198,0.0,0.07254,0.00703,0.0,0.0,0.0,0.06559,0.0,0.0,0.00027,0.0,0.0,0.0,0.0,0.0,0.0,0.0,0.0,0.0,0.0,0.0,0.0,0.0,0.0,0.0,0.0,0.0,0.0,0.0,0.0,0.0,0.0,0.00063,0.0,0.0,0.0,0.0,0.00077,0.0,0.0,0.0,0.01518,0.03418,0.0,0.0,0.011009999999999999,0.0,0.0,0.0,0.0,0.0,0.0,0.0,0.0,0.0,0.0,0.0,0.0,0.0,0.0,0.01974,0.0,0.0,0.0,0.0,0.0,0.0,0.0,0.0,0.0,0.01351,0.0,0.012,0.0,0.00332,0.04854,0.0,0.0,0.0,0.0,0.0,0.0,0.0,0.0,0.0,0.0,0.0,0.0,0.0,0.0,0.0,0.0,0.0,0.0,0.0,0.0,0.0,0.0,0.0,0.00939,0.0,0.0,0.0,0.0,0.0,0.0,0.0,0.0,0.01447,0.0,0.0,0.0,0.0,0.0,0.0,0.0,0.0,0.00055,0.0,0.0,0.0,0.0,0.0,0.0,0.0,0.0,0.00146,0.02051,0.0,0.0,0.00077,0.0,0.0,0.0,0.0,0.0,0.0,0.0,0.0,0.0,0.0,0.0,0.0,0.02397,0.0,0.0,0.0,0.0,0.0,0.00398,0.0,0.02416,0.0,0.0,0.0,0.0,0.0,0.0,0.0,0.00832,0.01461,0.06367,0.0,0.0,0.0,0.0,0.0,0.0,0.0,0.0,0.0,0.0,0.0,0.0,0.0,0.0,0.0,0.0,0.00277,0.00302,0.06005,0.0,0.0,0.00044,0.0,0.00038,0.0,0.0,0.0,0.0,0.0,0.02866,0.0,0.0,0.0,0.0,0.0,0.0,0.0,0.0,0.0,0.0,0.0,0.0,0.0,0.04915,0.0,0.0,0.0,0.0,0.0,0.0,0.0,0.0,0.0,0.00126,0.01419,0.0,0.0,0.0,0.0,0.0,0.0,0.11617,0.0,0.0,0.0,0.0,0.0,0.0,0.00047,0.04198,0.0
SRR2143674,0.0,0.0,0.0,0.0,0.0,0.0,0.0,0.0,0.0,0.16508,0.0,0.10363,0.0,0.0,0.0,0.006,0.0,0.00146,0.0,0.0,0.00036,0.0,0.00189,0.0,0.0,0.0,0.0,0.10811000000000001,0.0,0.0,0.0,0.0,0.006,0.0,0.0,0.0,0.0,0.0,0.00033,0.0,0.0,0.0,0.0,0.0,0.0,0.0,0.0,0.0,0.0,0.0,0.0,0.0,0.0,0.0,0.0,0.0,0.0,0.0,0.0,0.0,0.04292,0.0,0.0,0.00146,0.0,0.0,0.0,0.03433,0.00388,0.0,0.0,0.00133,0.0,0.0,0.0,0.0,0.0,0.0,0.0,0.0,0.0,0.0,0.0,0.0,0.0,0.0,0.00447,0.0,0.0,0.0055,0.0069,0.0,0.05385,0.0,0.0,0.0,0.01269,0.0,0.00361,0.0,0.0,0.03178,0.0,0.0,0.0,0.0,0.0,0.0,0.00053,0.0,0.0,0.0,0.0,0.0,0.0,0.0,0.0,0.0,0.0,0.0,0.0,0.0,0.0,0.0,0.0,0.01236,0.02035,0.0,0.0,0.0,0.00381,0.0,0.0,0.0,0.00418,0.0,0.0,0.00073,0.0,0.0,0.0,0.0,0.0,0.00259,0.0,0.0,0.0,0.0,0.0,0.0,0.0,0.0,0.0006,0.03967,0.0,0.0,0.0006,0.0,0.0,0.0,0.0,0.0,0.0,0.0,0.0,0.0,0.0,0.0,0.0,0.0,0.0,0.0,0.00146,0.0,0.0,0.0058,0.0,0.0,0.0,0.0,0.0,0.0,0.0,0.0,0.0,0.00365,0.02635,0.03503,0.0,0.00292,0.0,0.0,0.0,0.0,0.0,0.0,0.0,0.0,0.0,0.0,0.0,0.0,0.0,0.0,0.00123,0.0115,0.09333,0.0,0.0,0.0,0.00036,0.0,0.0,0.0,0.0,0.0,0.0,0.02055,0.0,0.0,0.00716,0.00941,0.0,0.0,0.0,0.0,0.0,0.0,0.0,0.0,0.0,0.0,0.0,0.0,0.0,0.0,0.0,0.0,0.0,0.0,0.0,0.0,0.0,0.0,0.0,0.0,0.0,0.0,0.0,0.01359,0.0,0.0,0.0053,0.0,0.0,0.01843,0.00278,0.02976,0.0
SRR2143675,0.0,0.0,0.0,0.0,0.0,0.0,0.0,0.0,0.0,0.08488,0.0,0.05376,0.0,0.0,0.0,0.01636,0.0,0.00814,0.0,0.0,0.00271,0.0,0.00986,0.0,0.0,0.00184,0.0,0.04468,0.00112,0.0,0.0,0.00827,0.0499,0.0,0.0,0.0,0.0,0.0,0.0,0.0,0.0,0.0,0.0,0.0,0.0,0.0,0.0,0.0,0.0,0.0,0.0,0.0,0.0,0.0,0.0,0.0,0.0,0.0,0.0,0.0,0.00271,0.0,0.0,0.00291,0.0,0.0,0.0,0.010409999999999999,0.00473,0.0,0.0008,0.017509999999999998,0.0,0.0,0.0,0.0,0.0,0.0,0.0,0.0,0.0,0.0,0.0,0.0,0.01287,0.0,0.07025,0.0,0.0,0.0,0.0028599999999999997,0.0,0.0,0.0,0.0,0.0,0.01504,0.0,0.00199,0.0,0.05114,0.02233,0.0,0.0,0.0,0.0,0.0,0.0,0.0,0.0,0.0,0.0,0.0,0.0,0.0,0.0,0.0,0.0,0.0,0.0,0.0,0.0,0.0,0.0,0.0,0.00662,0.0,0.0,0.0,0.0003,0.0,0.0,0.0,0.0,0.00224,0.0,0.0,0.0004,0.0,0.0,0.0,0.0,0.0,0.0,0.0,0.0,0.0,0.0,0.0,0.00147,0.0,0.0,0.00047,0.0,0.0,0.0,0.0,0.0,0.0,0.00346,0.0,0.0,0.0,0.0,0.0,0.0,0.0,0.0,0.0,0.01262,0.0,0.0,0.00488,0.0,0.0,0.00428,0.0,0.009260000000000001,0.0,0.01437,0.00754,0.0,0.0,0.0,0.0,0.00219,0.00062,0.01703,0.0,0.11924,0.0,0.0,0.0,0.0,0.0,0.0,0.0,0.0,0.0,0.0,0.0,0.0,0.0,0.0,0.0,0.0009,0.06641,0.0,0.0,0.05244,0.00037,0.0,0.0,0.0,0.0,0.0,0.0,0.01021,0.0,0.0,0.0,0.0,0.0,0.0,0.0,0.00055,0.0,0.0,0.0,0.0,0.0,0.0,0.0,0.0,0.0,0.0,0.0,0.0,0.0,0.0,0.0,0.0,0.00931,0.0,0.0,0.0,0.0,0.0,0.0,0.04393999999999999,0.00025,0.0,0.0,0.0,0.0,0.0,0.0,0.02818,0.0
SRR2143676,0.0,0.01912,0.0,0.0,0.0,0.0,0.0,0.0,0.0,0.00626,0.0,0.01354,0.0,0.0,0.0,0.00596,0.0,0.0077,0.0,0.0,0.00062,0.0,0.0099,0.0,0.0,0.0,0.0,0.05539,0.01137,0.0,0.0,0.0,0.06688,0.0,0.0,0.0005,0.0,0.0,0.0,0.0,0.0,0.0,0.0,0.0,0.0,0.0,0.0,0.0,0.0,0.0,0.0,0.0,0.0,0.0,0.0,0.0,0.0,0.0,0.0,0.0,0.0,0.0,0.0,0.00247,0.0,0.0,0.0,0.03161,0.053180000000000005,0.0,0.00027,0.0158,0.0,0.0,0.0,0.0,0.0,0.0,0.0,0.0,0.0,0.00057,0.0,0.0,0.0,0.0,0.02792,0.0,0.0,0.0,0.00222,0.0,0.0,0.0,0.0,0.0,0.00927,0.0,0.00127,0.0,0.0,0.02877,0.0,0.0,0.0,0.0,0.0,0.0,0.00137,0.0,0.00065,0.0,0.0,0.0,0.0,0.0,0.0,0.0,0.0,0.0,0.0,0.0,0.0,0.0004,0.0,0.00062,0.00416,0.0,0.0,0.0003,0.0,0.0,0.0,0.0,0.00775,0.0,0.0,0.00077,0.0,0.0,0.0,0.0,0.0,0.0,0.0,0.0,0.0,0.0,0.0,0.0,0.0,0.01608,0.00045,0.04166,0.0,0.0,0.0,0.0,0.0015,0.0,0.0,0.0,0.0,0.0,0.0,0.0,0.0,0.0,0.0,0.00511,0.0,0.0,0.00062,0.00152,0.0,0.01553,0.0,0.0064,0.0,0.01344,0.0,0.00135,0.0,0.0,0.0,0.00165,0.00663,0.03739,0.0,0.0,0.0,0.00052,0.0,0.0,0.0,0.0,0.0,0.0,0.0,0.0,0.0,0.00194,0.0,0.0,0.00513,0.01032,0.12407,0.0,0.00037,0.00127,0.0011,0.0,0.0,0.0,0.0,0.0004,0.0,0.09478,0.0,0.0,0.0,0.0,0.0,0.0,0.06025,0.0,0.0,0.0,0.0,0.0,0.0,0.0,0.0,0.0,0.0,0.0,0.0,0.0,0.0,0.0,0.0,0.0,0.0,0.0,0.0,0.0,0.0,0.0,0.0,0.06606,0.0,0.0,0.0,0.0,0.0,0.0,0.00117,0.03562,0.0
SRR2143684,0.0,0.0,0.0,0.0,0.0,0.0,0.0,0.00083,0.0,0.0,0.0,0.01761,0.0,0.0,0.0,0.01821,0.0,0.03889,0.0,0.0,0.0,0.0,0.0,0.0,0.0,0.0,0.0,0.16535,0.01051,0.0,0.0,0.0,0.04489,0.0,0.0,0.00233,0.0,0.0,0.00173,0.0,0.0,0.0,0.0,0.0,0.0,0.0,0.0,0.0,0.0,0.0,0.0,0.0,0.0,0.0,0.0,0.0,0.0,0.0,0.0,0.0,0.00934,0.0,0.0,0.0019,0.0,0.0,0.0,0.0,0.0,0.0,0.0,0.00631,0.0,0.0,0.0,0.0,0.0,0.0,0.0,0.0,0.0,0.0,0.0,0.0,0.00437,0.0,0.03808,0.0,0.0,0.0,0.0,0.0,0.0,0.0,0.0,0.0,0.0,0.0,0.02495,0.0,0.01304,0.02842,0.0,0.0,0.0,0.0,0.0,0.0,0.00063,0.0,0.0,0.0,0.0,0.0,0.0,0.0,0.0,0.0,0.0,0.0,0.0,0.0,0.0,0.0,0.0,0.00293,0.0,0.0,0.00043,0.0,0.0,0.0,0.0,0.0,0.11306,0.0,0.0,0.0,0.0,0.0,0.0,0.0,0.0,0.0,0.0,0.0,0.0,0.0,0.0,0.0,0.03585,0.0,0.0,0.0,0.0,0.0,0.0,0.0,0.0,0.0,0.0,0.0,0.0,0.0005,0.0,0.0,0.0,0.0,0.0,0.00163,0.0,0.0,0.0034,0.0,0.0,0.00117,0.0,0.01547,0.0,0.0,0.00067,0.0,0.0,0.0,0.0,0.0,0.0052,0.25554,0.0,0.10299,0.0,0.0,0.0,0.0,0.0,0.0,0.0,0.0,0.0,0.0,0.0,0.0,0.0,0.0,0.0017,0.0005,0.0,0.0,0.00817,0.0,0.0,0.0,0.0,0.0,0.0,0.0,0.0,0.00077,0.0,0.0,0.0,0.0,0.0,0.0,0.0,0.0,0.0,0.0,0.0,0.0,0.0,0.0,0.0,0.0,0.0,0.0,0.0,0.0,0.0,0.0,0.0,0.00097,0.0,0.0,0.0,0.0,0.0,0.0,0.0,0.0016,0.0,0.0,0.0,0.0,0.0,0.0,0.0,0.01297,0.0
SRR2143688,0.0,0.0,0.0,0.0,0.0,0.0,0.0,0.0,0.0,0.00877,0.0,0.0,0.0,0.0,0.0,0.05373,0.0,0.06369,0.0,0.0,0.0,0.0,0.02647,0.0,0.0,0.0,0.0,0.01067,0.0,0.0,0.0,0.0,0.13528,0.0,0.0,0.0,0.0,0.0,0.0,0.0,0.0,0.0,0.0,0.0,0.0,0.0,0.0,0.0,0.0,0.0,0.0,0.0,0.0,0.0,0.0,0.0,0.0,0.0,0.0,0.0,0.0,0.0,0.0,0.0,0.0,0.0,0.0,0.01904,0.02623,0.0,0.0,0.03809,0.0,0.0,0.0,0.0,0.0,0.0,0.0,0.0,0.0,0.0,0.00111,0.0,0.0,0.0,0.0497,0.0,0.0,0.0,0.0,0.0,0.0,0.0,0.0,0.0,0.03461,0.0,0.0,0.0,0.01659,0.09127,0.0,0.0,0.0,0.0,0.0,0.0,0.0,0.0,0.0,0.0,0.0,0.0,0.0,0.0,0.0,0.0,0.0,0.0,0.0,0.0,0.0,0.0,0.0,0.00522,0.0,0.0,0.0,0.0,0.0,0.0,0.0,0.0,0.00134,0.0,0.0,0.0,0.0,0.0,0.0,0.0,0.0,0.0,0.0,0.0,0.0,0.0,0.0,0.02663,0.0,0.0,0.0,0.0,0.0,0.0,0.00316,0.0,0.0,0.0,0.0,0.0,0.0,0.0,0.0,0.0,0.0,0.0,0.0,0.0,0.0,0.0,0.0,0.0,0.0,0.01896,0.0,0.0,0.0,0.0,0.0,0.0,0.0,0.0,0.0,0.0,0.00166,0.0143,0.0,0.0,0.0,0.0,0.0,0.0,0.0,0.0,0.0,0.0,0.0,0.0,0.0,0.0,0.0,0.0,0.0,0.00292,0.12035,0.0,0.0,0.0,0.0,0.0,0.0,0.0,0.0,0.0,0.0,0.00198,0.0,0.0,0.0,0.0,0.0,0.0,0.0,0.0,0.0,0.0,0.0,0.0,0.0,0.04409,0.0,0.0,0.0,0.0,0.0,0.0,0.0,0.0,0.0,0.00822,0.0,0.0,0.0,0.0,0.0,0.0,0.0,0.0,0.0,0.0,0.00561,0.0,0.00126,0.0,0.0,0.08913,0.0
SRR2143690,0.0,0.0,0.0,0.0,0.0,0.0,0.0,0.0,0.0,0.12248,0.0,0.01055,0.0,0.0,0.0,0.08389,0.0,0.03588,0.0,0.0,0.0,0.0,0.00264,0.0,0.0,0.0,0.0,0.01867,0.00099,0.0,0.0,0.0,0.05349,0.0,0.0,0.0,0.0,0.0,0.0,0.0,0.0,0.0,0.0,0.0,0.0,0.0,0.0,0.0,0.0,0.0,0.0,0.0,0.0,0.0,0.0,0.0,0.0,0.0,0.0,0.0,0.0,0.0,0.0,0.0,0.0,0.02533,0.0,0.00396,0.05217,0.0,0.0,0.13263,0.0,0.0,0.0,0.0,0.0,0.0,0.0,0.0,0.0,0.0,0.0,0.0,0.0,0.0,0.01735,0.0,0.0,0.0,0.01227,0.0,0.0,0.0,0.0,0.0,0.0,0.0,0.00686,0.0,0.0,0.0157,0.0,0.0,0.0,0.0,0.0,0.0,0.0,0.0,0.0,0.0,0.0,0.0,0.0,0.0,0.0,0.0,0.0,0.0,0.0,0.0,0.0,0.0,0.0,0.0066,0.00284,0.0,0.00119,0.0,0.0,0.0,0.0,0.0,0.00805,0.0,0.0,0.0,0.0,0.0,0.0,0.0,0.0,0.0,0.0,0.0,0.0,0.0,0.0,0.0,0.0,0.0,0.0,0.07796,0.00079,0.0,0.0,0.0,0.0,0.0,0.0,0.0,0.0,0.00079,0.0,0.0,0.0,0.0,0.0,0.00185,0.0,0.0,0.00165,0.0,0.0,0.00158,0.0,0.0027,0.0,0.0,0.0,0.00303,0.0,0.0,0.00178,0.0,0.0,0.02025,0.0,0.0,0.0,0.0,0.0,0.0,0.0,0.0,0.0,0.0,0.0,0.0,0.0,0.0,0.0,0.0,0.0128,0.0,0.0,0.0,0.0,0.0,0.0,0.0,0.0,0.0,0.0,0.0,0.0,0.17326,0.0,0.0,0.0,0.0,0.0,0.0,0.0,0.0,0.0,0.0,0.0,0.0,0.0,0.0,0.0,0.0,0.0,0.0,0.0,0.0,0.0,0.0,0.0,0.00211,0.0,0.0,0.0,0.0,0.0,0.0,0.0,0.0,0.0,0.0,0.0,0.0,0.0,0.0,0.0,0.08475,0.0
SRR2143701,0.0,0.0,0.0,0.0,0.0,0.0,0.0,0.0,0.0,0.0,0.0,0.0,0.0,0.0,0.0,0.1578,0.0,0.00562,0.0,0.0,0.0,0.0,0.0,0.0,0.0,0.00105,0.0,0.14843,0.0,0.0,0.0,0.0,0.00571,0.0,0.0,0.0,0.0,0.0,0.0,0.0,0.0,0.0,0.0,0.0,0.0,0.0,0.0,0.0,0.0,0.0,0.0,0.0,0.0,0.0,0.0,0.0,0.0,0.0,0.0,0.0,0.0,0.0,0.0,0.00366,0.0,0.0,0.0,0.0,0.0,0.0,0.0,0.0,0.0,0.0,0.0,0.0,0.0,0.0,0.0,0.0,0.0,0.00384,0.0,0.0,0.0,0.0,0.02463,0.0,0.0,0.0,0.022189999999999998,0.00144,0.0,0.0,0.0,0.0,0.03073,0.0,0.0,0.0,0.0,0.00985,0.0,0.0,0.0,0.0,0.0,0.0,0.00567,0.0,0.0,0.0,0.0,0.0,0.0,0.00126,0.0,0.0,0.0,0.0,0.0,0.0,0.0,0.01277,0.0,0.00575,0.0,0.0,0.0,0.00126,0.0,0.0,0.0,0.0,0.00144,0.0,0.0,0.00105,0.0,0.0,0.0,0.0,0.0,0.00571,0.00057,0.0,0.0,0.0,0.0,0.01216,0.0,0.0,0.0,0.0,0.0,0.0,0.00323,0.0,0.0,0.0,0.0,0.0,0.0,0.00057,0.0,0.0,0.0,0.0,0.0,0.0,0.0,0.0,0.00126,0.0,0.0,0.00144,0.0,0.03082,0.0,0.0,0.0,0.0,0.0,0.0,0.0,0.00105,0.01643,0.0,0.0,0.0,0.0,0.0,0.0,0.0,0.0,0.0,0.0,0.0,0.0,0.0,0.0,0.0,0.0,0.0,0.00061,0.0313,0.35286,0.0,0.0,0.0,0.0,0.00096,0.00139,0.0,0.0,0.0,0.0,0.01094,0.0,0.0,0.0,0.0,0.0,0.0,0.0,0.0,0.0,0.0,0.0,0.0,0.0,0.0,0.0,0.0,0.0,0.0,0.0,0.0,0.0,0.00092,0.0,0.02672,0.0,0.0,0.0,0.0,0.0,0.0,0.0,0.00654,0.0024,0.0,0.00044,0.0,0.0,0.02345,0.00201,0.00405,0.00296
SRR2143702,0.0,0.0,0.0,0.0,0.0,0.0,0.0,0.0,0.0,0.08579,0.0,0.055040000000000006,0.0,0.0,0.0,0.00855,0.0,0.07984000000000001,0.0,0.0,0.00087,0.0,0.0,0.0,0.0,0.00539,0.0,0.11593,0.03949,0.0,0.0,0.0,0.03695,0.0,0.0,0.0,0.0,0.0,0.0,0.0,0.0,0.0,0.0,0.0,0.0,0.0,0.0,0.0,0.0,0.0,0.0,0.0,0.0,0.0,0.0,0.0,0.0,0.0,0.0,0.0,0.0,0.0,0.0,0.0,0.0,0.0349,0.0,0.0,0.00477,0.0,0.0,0.0,0.0,0.0,0.0,0.0,0.0,0.0,0.0,0.0,0.0,0.0,0.0,0.0,0.0,0.0,0.012029999999999999,0.0,0.0,0.0,0.0,0.0,0.0,0.0,0.0,0.0,0.0,0.0,0.0,0.0,0.0,0.04866,0.0,0.0,0.0,0.0,0.0,0.0,0.0,0.0,0.0,0.0,0.0,0.0,0.0,0.0,0.0,0.0,0.0,0.0,0.0,0.0,0.0,0.0,0.0,0.00955,0.0,0.0,0.0,0.00124,0.0,0.0,0.0,0.0,0.01296,0.0,0.0,0.0,0.0,0.0,0.0,0.0,0.0,0.0,0.0,0.0,0.0,0.0,0.0,0.0,0.0,0.0,0.0,0.0,0.0,0.0,0.00068,0.0,0.00942,0.0,0.0,0.0,0.0,0.0,0.0,0.0,0.0,0.0,0.0,0.06236,0.0,0.0,0.00143,0.0,0.0,0.00223,0.0,0.00886,0.0,0.0,0.0,0.0,0.0,0.0,0.0,0.0018,0.05002,0.12057,0.0,0.0,0.0,0.0,0.0,0.0,0.0,0.0,0.0,0.0,0.0,0.0,0.0,0.0,0.0,0.0,0.00725,0.00124,0.0,0.0,0.0,0.0,0.0,0.0,0.0,0.0,0.0,0.0,0.0,0.02944,0.0,0.0,0.0,0.00391,0.0,0.0,0.0,0.0,0.0,0.0,0.0,0.0,0.0,0.0,0.0,0.0,0.0,0.0,0.0,0.0,0.0,0.0,0.0,0.0,0.0,0.0,0.0,0.0,0.0,0.0,0.0,0.11623,0.0,0.0,0.0,0.0,0.0,0.0,0.0,0.02467,0.0
SRR2143707,0.0,0.0,0.0,0.0,0.0,0.0,0.0,0.0,0.0,0.0326,0.0,0.0,0.0,0.0,0.0,0.0183,0.0,0.01911,0.0,0.0,0.0,0.0,0.00263,0.0,0.0,0.0,0.0,0.0,0.0,0.0,0.0,0.38702000000000003,0.05549,0.0,0.0,0.0,0.0,0.0,0.0,0.0,0.0,0.0,0.0,0.0,0.0,0.0,0.0,0.0,0.0,0.0,0.0,0.0,0.0,0.0,0.0,0.0,0.0,0.0,0.0,0.0,0.0,0.0,0.0,0.0,0.0,0.0,0.0,0.03798,0.04107,0.0,0.0,0.03913,0.0,0.0,0.0,0.0,0.0,0.0,0.0,0.0,0.0,0.0,0.0,0.0,0.0,0.0,0.01853,0.0,0.0,0.0,0.0,0.0,0.0,0.0,0.0,0.0,0.0,0.0,0.0,0.0,0.0,0.01785,0.0,0.0,0.0,0.0,0.0,0.0,0.0,0.0,0.0,0.0,0.0,0.0,0.0,0.0,0.0,0.0,0.0,0.0,0.0,0.0,0.0,0.0,0.0,0.0,0.0,0.0,0.0,0.0,0.0,0.0,0.0,0.0,0.0032,0.0,0.0,0.0,0.0,0.0,0.0,0.0,0.0,0.0,0.0,0.0,0.0,0.0,0.0,0.0,0.0,0.0,0.0,0.0,0.0,0.0,0.0,0.0,0.0,0.0,0.0,0.0,0.0,0.0,0.0,0.0,0.0,0.0,0.0,0.0,0.0,0.0,0.0,0.0,0.0,0.00618,0.0,0.00503,0.0,0.0,0.0,0.0,0.0,0.0,0.0,0.0,0.00263,0.00709,0.0,0.0,0.0,0.0,0.0,0.0,0.0,0.0,0.0,0.0,0.0,0.0,0.0,0.0,0.0,0.0,0.0,0.0,0.0,0.0,0.0,0.00194,0.0,0.0,0.0,0.0,0.0,0.0,0.0,0.03123,0.0,0.0,0.0,0.0,0.0,0.0,0.0,0.0,0.0,0.0,0.0,0.0,0.0,0.13923,0.0,0.0,0.0,0.0,0.0,0.0,0.0,0.0,0.0,0.0,0.0,0.0,0.0,0.0,0.0,0.0,0.0,0.00995,0.0,0.0,0.0,0.0,0.0,0.0,0.0,0.032029999999999996,0.0
SRR2143708,0.0,0.0,0.0,0.0,0.0,0.0,0.0,0.0,0.0,0.0202,0.0,0.0,0.0,0.0,0.0,0.01352,0.0,0.02174,0.0,0.0,0.0,0.0,0.00469,0.0,0.0,0.0,0.0,0.02266,0.00138,0.0,0.0,0.41367,0.04516,0.0,0.0,0.0,0.0,0.0,0.0,0.0,0.0,0.0,0.0,0.0,0.0,0.0,0.0,0.0,0.0,0.0,0.0,0.0,0.0,0.0,0.0,0.0,0.0,0.0,0.0,0.0,0.0,0.0,0.0,0.0,0.0,0.0,0.0,0.02849,0.04885,0.0,0.003,0.0215,0.0,0.0,0.0,0.0,0.0,0.0,0.0,0.0,0.0,0.0,0.0,0.0,0.0,0.0,0.015899999999999997,0.0,0.0,0.0,0.0,0.0,0.0,0.0,0.0,0.0,0.03372,0.0,0.0,0.0,0.0,0.01951,0.0,0.0,0.0,0.0,0.0,0.0,0.0,0.0,0.0,0.0,0.0,0.0,0.0,0.0,0.0,0.0,0.0,0.0,0.0,0.0,0.0,0.0,0.0,0.00161,0.0,0.0,0.0,0.0,0.0,0.0,0.0,0.0,0.0043,0.0,0.0,0.0,0.0,0.0,0.0,0.0,0.0,0.0,0.0,0.0,0.0,0.0,0.0,0.01106,0.0,0.0,0.0,0.0,0.0,0.0,0.00192,0.0,0.0,0.0,0.0,0.0,0.0,0.0,0.0,0.0,0.0,0.0,0.0,0.0,0.0,0.0,0.0,0.0,0.0,0.00453,0.0,0.00246,0.0,0.00246,0.0,0.0,0.0,0.0,0.0,0.0,0.00469,0.01605,0.0,0.0,0.0,0.0,0.0,0.0,0.0,0.0,0.0,0.0,0.0,0.0,0.0,0.0,0.0,0.0,0.0,0.0,0.0,0.0,0.0,0.00138,0.0,0.0,0.0,0.0,0.0,0.0,0.0,0.02704,0.0,0.0,0.0,0.0,0.0,0.0,0.0,0.0,0.0,0.0,0.0,0.0,0.0,0.08894,0.0,0.0,0.0,0.0,0.0,0.0,0.0,0.0,0.0,0.0,0.0,0.0,0.0,0.0,0.0,0.0,0.0,0.01798,0.0,0.0,0.0,0.0,0.0,0.0,0.0,0.031110000000000002,0.0
SRR2143710,0.0,0.0,0.0,0.0,0.0,0.0,0.0,0.0,0.0,0.11649,0.0,0.03012,0.0,0.0,0.0,0.07001,0.0,0.10516,0.0,0.0,0.0,0.0,0.0,0.0,0.0,0.0,0.0,0.06575,0.0,0.0,0.0,0.0,0.1316,0.0,0.0,0.00339,0.0,0.0,0.0,0.0,0.0,0.0,0.0,0.0,0.0,0.0,0.0,0.0,0.0,0.0,0.0,0.0,0.0,0.0,0.0,0.0,0.0,0.0,0.00126,0.0,0.00136,0.0,0.0,0.00165,0.0,0.0,0.0,0.01578,0.02876,0.0,0.0,0.037290000000000004,0.0,0.0,0.0,0.0,0.0,0.0,0.0,0.0,0.0,0.0,0.0,0.0,0.0,0.0,0.06246,0.0,0.0,0.0,0.0,0.0,0.0,0.0,0.0,0.0,0.0,0.0,0.00358,0.0,0.01201,0.04096,0.0,0.0,0.0,0.0,0.0,0.0,0.06062,0.0,0.0,0.0,0.0,0.0,0.0,0.0,0.0,0.0,0.0,0.0,0.0,0.0,0.0,0.0,0.0,0.00136,0.0,0.0,0.00145,0.0,0.0,0.0,0.0,0.0,0.00678,0.0,0.0,0.00445,0.0,0.0,0.0,0.0,0.0,0.0,0.0,0.0,0.0,0.0,0.0,0.0,0.0,0.0,0.0,0.0,0.0,0.0,0.0,0.0,0.0,0.0,0.0,0.0,0.0,0.0,0.0,0.0,0.0,0.0,0.0,0.0,0.0,0.0,0.0,0.0,0.0,0.00426,0.0,0.00959,0.0,0.01404,0.00165,0.0,0.0,0.0,0.0,0.0,0.0,0.02469,0.0,0.0,0.0,0.0,0.0,0.0,0.0,0.0,0.0,0.0,0.0,0.0,0.0,0.0,0.0,0.0,0.0,0.0,0.0,0.0,0.00533,0.02808,0.0,0.00155,0.0,0.0,0.0,0.0,0.0,0.01394,0.0,0.0,0.0,0.0,0.0,0.0,0.0,0.0,0.0,0.0,0.0,0.0,0.0,0.0,0.0,0.0,0.0,0.0,0.0,0.0,0.0,0.0,0.0,0.00126,0.0,0.0,0.0,0.0,0.0,0.0,0.0,0.00804,0.0,0.0,0.0,0.0,0.0,0.0,0.00136,0.06614,0.0
SRR2143712,0.0,0.00691,0.0,0.0,0.0,0.0,0.0,0.0,0.0,0.02227,0.0,0.03044,0.0,0.0,0.0,0.02199,0.0,0.01719,0.0,0.0,0.0,0.0,0.0,0.0,0.0,0.00169,0.0,0.08335000000000001,0.0024,0.0,0.0,0.0,0.05502,0.0,0.0,0.0,0.0,0.0,0.0,0.0,0.0,0.0,0.0,0.0,0.0,0.0,0.0,0.0,0.0,0.0,0.0,0.0,0.0,0.0,0.0,0.0,0.0,0.0,0.0,0.0,0.00132,0.0,0.0,0.00512,0.0,0.0,0.0,0.0,0.01668,0.0,0.00658,0.02683,0.0,0.0,0.0,0.0,0.0,0.0,0.0,0.0,0.0,0.0,0.0,0.0,0.0,0.0,0.04068,0.0,0.0,0.0,0.0,0.0,0.0,0.0,0.0,0.0,0.0,0.0,0.00329,0.0,0.01019,0.0677,0.0,0.0,0.0,0.0,0.0,0.0,0.0,0.0,0.0,0.0,0.0,0.0,0.0,0.0,0.0,0.0,0.0,0.0,0.0,0.0,0.0,0.0015,0.0,0.00799,0.0,0.0,0.0,0.0,0.0,0.0,0.0,0.0,0.0404,0.0,0.0,0.00117,0.0,0.0,0.0,0.0,0.0,0.00113,0.0,0.0,0.0,0.0,0.0,0.01226,0.08649,0.01165,0.0,0.0,0.0,0.0,0.0,0.0,0.0,0.0,0.0,0.0,0.0,0.00056,0.0,0.0,0.0,0.0,0.0,0.00601,0.0,0.0,0.00089,0.0,0.0,0.00291,0.0,0.030869999999999998,0.0,0.09480999999999999,0.0,0.0,0.0,0.0,0.0,0.0,0.02631,0.08387,0.0,0.0,0.0,0.0,0.0,0.0,0.0,0.0,0.0,0.0,0.0,0.0,0.0,0.0,0.0,0.0,0.02612,0.00127,0.0,0.0,0.00296,0.0,0.00061,0.0,0.0,0.0,0.0,0.0,0.0,0.03998,0.0,0.0,0.0,0.0,0.0,0.0,0.0,0.0,0.0,0.0,0.0,0.0,0.0,0.0,0.0,0.0,0.0,0.0,0.0,0.0,0.0,0.0,0.0,0.0016899999999999999,0.0,0.0,0.0,0.0,0.0,0.0,0.0,0.00456,0.0,0.0,0.0,0.0,0.0,0.0,0.00056,0.04839,0.0
SRR2143714,0.0,0.0032,0.0,0.0,0.0,0.0,0.0,0.0,0.0,0.00067,0.0,0.04385,0.0,0.0,0.0,0.02794,0.0,0.00475,0.0,0.0,0.00054,0.0,0.00279,0.0,0.0,0.0,0.0,0.05704,0.00157,0.0,0.0,0.0,0.038959999999999995,0.0,0.0,0.00201,0.0,0.0,0.00077,0.0,0.0,0.0,0.0,0.0,0.0,0.0,0.0,0.0,0.0,0.0,0.0,0.0,0.0,0.0,0.0,0.0,0.0,0.0,0.01481,0.0,0.00108,0.0,0.0,0.00219,0.0,0.0,0.0,0.013000000000000001,0.01777,0.0,0.0,0.04017,0.0,0.0,0.0,0.0,0.0,0.0,0.0,0.0,0.0,0.0,0.01076,0.0,0.0,0.0,0.034339999999999996,0.0,0.0,0.0,0.00366,0.0,0.0,0.0,0.0,0.0,0.0,0.0,0.0,0.0,0.00103,0.05361,0.0,0.0,0.0,0.0,0.0,0.0,0.0,0.0,0.0,0.0,0.0,0.0,0.0,0.0,0.0,0.0,0.0,0.0,0.0,0.0,0.0,0.0,0.0,0.00261,0.0,0.0,0.00077,0.0,0.0,0.0,0.0,0.0,0.01499,0.0,0.0,0.00075,0.0,0.0,0.0,0.0,0.0,0.0,0.0,0.0,0.0,0.0,0.0,0.0,0.0,0.00114,0.0,0.05005,0.0,0.0,0.0,0.0,0.0,0.0,0.0,0.0,0.0,0.00031,0.0,0.0,0.0,0.0,0.0,0.00648,0.0,0.0,0.00147,0.0,0.0,0.00413,0.0,0.010700000000000001,0.0,0.00609,0.0,0.0,0.0,0.0,0.00059,0.00173,0.05884,0.08508,0.0,0.0,0.0,0.029310000000000003,0.0,0.0,0.0,0.0,0.0,0.0,0.0,0.0,0.0,0.0,0.0,0.00049,0.007050000000000001,0.00054,0.0,0.0,0.0,0.11645,0.0,0.0,0.0,0.0,0.0,0.0,0.0,0.07252,0.0,0.0,0.0,0.0,0.0,0.0,0.00573,0.0,0.0,0.0,0.0,0.0,0.0,0.0,0.0,0.0,0.0,0.0,0.0,0.0,0.0,0.0,0.0,0.0,0.0,0.0,0.0,0.0,0.0,0.0,0.0,0.04329,0.0,0.0,0.0,0.0,0.0,0.0,0.0,0.05128,0.00054
SRR2143718,0.0,0.00616,0.0,0.0,0.0,0.0,0.0,0.0,0.0,0.0,0.0,0.02473,0.0,0.0,0.0,0.00929,0.0,0.00164,0.0,0.0,0.0,0.0,0.00546,0.0,0.0,0.00184,0.0,0.05949,0.01589,0.0,0.0,0.0,0.02066,0.0,0.0,0.00079,0.0,0.0,0.0,0.0,0.0,0.0,0.0,0.0,0.0,0.0,0.0,0.0,0.0,0.0,0.0,0.0,0.0,0.0,0.0,0.0,0.0,0.0,0.00377,0.0,0.0,0.0,0.0,0.00209,0.0,0.0,0.0,0.00904,0.00333,0.0,0.0,0.024280000000000003,0.0,0.0,0.0,0.0,0.0,0.0,0.0,0.0,0.0,0.0,0.0071,0.0,0.00616,0.0,0.012960000000000001,0.0,0.0,0.0,0.0,0.0,0.0,0.0,0.0,0.0,0.01162,0.0,0.00253,0.0,0.00214,0.03511,0.0,0.0,0.0,0.0,0.0,0.0,0.0,0.0,0.04722,0.0,0.0,0.0,0.0,0.0,0.0,0.0,0.0,0.0,0.0,0.0,0.0,0.00114,0.0,0.00233,0.0,0.0,0.0,0.0,0.0,0.0,0.0,0.0,0.01038,0.0,0.0,0.0,0.0,0.0,0.0,0.0,0.0,0.0,0.0,0.0,0.0,0.0,0.0,0.03888,0.0,0.0,0.0,0.0,0.0,0.0,0.0,0.0,0.0,0.0,0.0,0.0,0.0,0.0,0.0,0.0,0.0,0.0,0.0,0.00228,0.0,0.0,0.00452,0.00516,0.0,0.00248,0.0,0.01754,0.0,0.00854,0.00502,0.0,0.0,0.0,0.0,0.00154,0.0,0.07677,0.0,0.058249999999999996,0.0,0.0,0.0,0.0,0.0,0.0,0.0,0.0,0.0,0.0,0.0,0.0,0.0,0.0,0.00998,0.0,0.06282,0.0,0.0,0.03327,0.0,0.0,0.0,0.0,0.0,0.0,0.0,0.06068,0.0,0.0,0.0,0.0,0.0,0.0,0.0,0.0,0.0,0.0,0.0,0.0,0.0,0.0,0.0,0.0,0.0,0.0,0.0,0.0,0.0,0.0,0.0,0.00055,0.0,0.0,0.0,0.0,0.0,0.0,0.0,0.05934,0.0,0.0,0.0,0.0,0.0,0.0,0.0,0.023139999999999997,0.0
SRR2143719,0.0,0.0,0.0,0.0,0.0,0.0,0.0,0.0,0.0,0.03214,0.0,0.11021,0.0,0.0,0.0,0.01768,0.0,0.00748,0.0,0.0,0.0,0.0,0.00596,0.0,0.0,0.0,0.0,0.1291,0.00945,0.0,0.0,0.0,0.01571,0.0,0.0,0.0,0.0,0.0,0.0,0.0,0.0,0.0,0.0,0.0,0.0,0.0,0.0,0.0,0.0,0.0,0.0,0.0,0.0,0.0,0.0,0.0,0.0,0.0,0.0,0.0,0.0,0.0,0.0,0.00248,0.0,0.0,0.0,0.0284,0.00217,0.0,0.0013700000000000001,0.04365,0.0,0.0,0.0,0.0,0.0,0.0,0.0,0.0,0.0,0.0,0.00546,0.0,0.0,0.0,0.01824,0.0,0.0,0.0,0.00809,0.0,0.0,0.0,0.0,0.0,0.0,0.0,0.0,0.0,0.00642,0.07741,0.0,0.0,0.0,0.0,0.0,0.0,0.0,0.0,0.0,0.0,0.0,0.0,0.0,0.0,0.0,0.0,0.0,0.0,0.0,0.0,0.0,0.0,0.0,0.00374,0.0,0.0,0.0,0.0,0.0,0.0,0.0,0.0,0.01501,0.0,0.0,0.0,0.0,0.0,0.0,0.0,0.0,0.00531,0.0,0.0,0.0,0.0,0.0,0.0,0.0,0.0,0.00106,0.0,0.0,0.0,0.00131,0.0,0.0,0.0,0.0,0.0,0.0,0.0,0.0,0.0,0.0,0.0,0.0,0.01228,0.0,0.0,0.00182,0.00086,0.0,0.00318,0.0,0.01415,0.0,0.01738,0.0,0.0,0.0,0.0,0.0,0.00096,0.00561,0.05129,0.0,0.0,0.0,0.0,0.0,0.0,0.0,0.0,0.0,0.0,0.0,0.0,0.0,0.0,0.0,0.0,0.00647,0.00263,0.0,0.0,0.0,0.0,0.0,0.0,0.0,0.0,0.0,0.0,0.0,0.08271,0.0,0.0,0.0,0.00187,0.0,0.0,0.02845,0.0,0.0,0.0,0.0,0.0,0.0,0.04118,0.0,0.0,0.0,0.0,0.0,0.0,0.0,0.0,0.0,0.0,0.00419,0.0,0.0,0.0,0.0,0.0,0.0,0.10575999999999999,0.0,0.0,0.0,0.0,0.0,0.0,0.00106,0.061189999999999994,0.0
SRR2143720,0.0,0.0,0.0,0.0,0.0,0.0,0.0,0.0,0.0,0.0,0.0,0.01553,0.0,0.0,0.0,0.03701,0.0,0.01285,0.0,0.0,0.0,0.0,0.01439,0.0,0.0,0.0004,0.0,0.2182,0.0,0.0,0.0,0.0,0.04216,0.0,0.0,0.0,0.0,0.0,0.0,0.0,0.0,0.0,0.0,0.0,0.0,0.0,0.0,0.0,0.0,0.0,0.0,0.0,0.0,0.0,0.0,0.0,0.0,0.0,0.0,0.0,0.0,0.0,0.0,0.0,0.0,0.0,0.0,0.00312,0.05894,0.0,0.0,0.03478,0.0,0.0,0.0,0.0,0.0,0.0,0.0,0.0,0.0,0.0,0.0,0.0,0.0,0.0,0.00781,0.0,0.0,0.0,0.00127,0.0,0.0,0.0,0.0,0.0,0.0,0.0,0.00188,0.0,0.07985,0.02925,0.0,0.0,0.0,0.0,0.0,0.0,0.00124,0.0,0.0,0.0,0.0,0.0,0.0,0.00145,0.0,0.0,0.0,0.0,0.0,0.0,0.0,0.0,0.0,0.00442,0.0,0.0,0.0,0.0,0.0,0.0,0.0,0.0,0.00871,0.0,0.0,0.00037,0.0,0.0,0.0,0.0,0.0,0.0,0.0,0.0,0.0,0.0,0.0,0.0,0.0,0.0,0.00037,0.19191,0.0,0.0,0.00046,0.0,0.0,0.0,0.0,0.0,0.0,0.0,0.0,0.0,0.0,0.0,0.0,0.00185,0.0,0.0,0.00408,0.0,0.0,0.00436,0.0,0.0,0.0,0.0,0.0,0.0067,0.0,0.0,0.0,0.00037,0.01013,0.00797,0.0,0.0,0.0,0.0,0.0,0.0,0.00086,0.0,0.0,0.0,0.0,0.0,0.0,0.0,0.0,0.0,0.00778,0.0,0.0,0.0,0.0,0.0,0.0004,0.0,0.0,0.0,0.0,0.0,0.0,0.09032,0.0,0.0,0.00324,0.00059,0.0,0.0,0.00247,0.0,0.0,0.0,0.0,0.0,0.0,0.0,0.0,0.0,0.0,0.0,0.0,0.0,0.0,0.0,0.0,0.00083,0.00717,0.0,0.0,0.0,0.0,0.0,0.0,0.04871,0.0,0.0,0.0,0.0,0.0,0.0,0.00723,0.0278,0.0
SRR2143721,0.0,0.0,0.0,0.0,0.0,0.0,0.0,0.00249,0.0,0.26553,0.0,0.01801,0.0,0.0,0.0,0.06434,0.0,0.01634,0.0,0.0,0.0,0.0,0.0,0.0,0.0,0.0,0.0,0.018209999999999997,0.00907,0.0,0.0,0.0,0.21615,0.0,0.0,0.00152,0.0,0.0,0.0,0.0,0.0,0.0,0.0,0.0,0.0,0.0,0.0,0.0,0.0,0.0,0.0,0.0,0.0,0.0,0.0,0.0,0.0,0.0,0.0,0.0,0.0,0.0,0.0,0.00215,0.0,0.00478,0.0,0.00734,0.01344,0.0,0.0,0.03851,0.0,0.0,0.0,0.0,0.0,0.0,0.0,0.0,0.0,0.0,0.0,0.0,0.0,0.0,0.01205,0.0,0.00104,0.0,0.0,0.0,0.0,0.0,0.0,0.0,0.0286,0.0,0.0,0.0,0.00603,0.10112,0.0,0.0,0.0,0.0,0.0,0.0,0.0,0.0,0.0,0.0,0.0,0.0,0.0,0.0,0.0,0.0,0.0,0.0,0.0,0.0,0.0,0.0,0.0,0.00748,0.0,0.0,0.0,0.00097,0.0,0.0,0.0,0.0,0.01053,0.0,0.0,0.00132,0.0,0.0,0.0,0.0,0.0,0.0,0.0,0.0,0.0,0.0,0.0,0.00443,0.0,0.0,0.0,0.0,0.0,0.0,0.0,0.0,0.0,0.0,0.0,0.0,0.0,0.0,0.0,0.0,0.0,0.0,0.0,0.0,0.0,0.0,0.00429,0.0,0.0,0.00076,0.0,0.00699,0.0,0.00866,0.0,0.0,0.0,0.0,0.0,0.00388,0.0,0.01475,0.0,0.0,0.0,0.0,0.0,0.0,0.0,0.0,0.0,0.0,0.0,0.0,0.0,0.0,0.0,0.0,0.00222,0.00166,0.0,0.0,0.0,0.02092,0.0,0.0,0.0,0.0,0.0,0.0,0.0,0.02431,0.0,0.0,0.0,0.0,0.0,0.0,0.0,0.0,0.0,0.0,0.0,0.0,0.0,0.0072,0.0,0.0,0.0,0.0,0.0,0.0,0.0,0.0,0.0,0.0,0.0,0.0,0.0,0.0,0.0,0.0,0.0,0.021810000000000003,0.0,0.0,0.0,0.0,0.0,0.0,0.00402,0.02562,0.0
SRR2143724,0.0,0.0,0.0,0.0,0.0,0.0,0.0,0.0,0.0,0.0834,0.0,0.07821000000000002,0.0,0.0,0.0,0.00153,0.0,0.00115,0.0,0.0,0.0,0.0,0.0,0.0,0.0,0.0,0.0,0.07396,0.0,0.0,0.0,0.0,0.00318,0.0,0.0,0.0,0.0,0.00282,0.00061,0.0,0.0,0.0,0.0,0.0,0.0,0.0,0.0,0.0,0.0,0.0,0.0,0.0,0.0,0.0,0.0,0.0,0.0,0.0,0.0,0.0,0.017,0.0,0.0,0.0009,0.0,0.0,0.0,0.00095,0.0,0.0,0.00079,0.00683,0.0,0.0,0.0,0.0,0.0,0.0,0.0,0.0,0.0,0.00038,0.0,0.0,0.03235,0.0,0.00275,0.0,0.0,0.0,0.00052,0.0,0.0,0.0,0.0,0.0,0.01208,0.0,0.00054,0.0,0.00108,0.09298,0.0,0.0,0.0,0.0,0.0,0.0,0.00122,0.0,0.04822,0.0,0.0,0.0,0.0,0.0,0.0,0.0,0.0,0.0,0.0,0.0,0.0,0.00092,0.0,0.00043,0.00135,0.0,0.0,0.00045,0.0,0.0,0.0,0.0,0.0021,0.0,0.0,0.0,0.0,0.0,0.0,0.0,0.0,0.0,0.0,0.0,0.0,0.0,0.0,0.00106,0.0,0.0,0.0,0.0,0.0,0.0,0.0,0.0,0.0,0.0,0.0,0.0,0.0,0.0,0.0,0.0,0.0,0.0,0.0,0.00194,0.0,0.0,0.00785,0.0,0.0,0.00129,0.0,0.0,0.0,0.00038,0.01736,0.0,0.0,0.0,0.0,0.00029,0.00839,0.02333,0.0,0.21350999999999998,0.0,0.12565,0.0,0.0,0.0,0.0,0.0,0.0,0.0,0.0,0.0,0.0,0.0,0.0,0.00282,0.00059,0.03869,0.0,0.0,0.0,0.00365,0.00043,0.0,0.0,0.0,0.0,0.0,0.01411,0.0,0.0,0.0,0.0,0.0,0.0,0.0,0.0,0.0,0.0,0.0,0.0,0.0,0.00095,0.0,0.0,0.0,0.0,0.0,0.0,0.0,0.0,0.0,0.00115,0.0,0.00212,0.0,0.0,0.0,0.0,0.0,0.033449999999999994,0.0,0.0,0.0,0.0,0.0,0.0,0.00113,0.00697,0.00045
SRR2143728,0.0,0.04325,0.0,0.0,0.0,0.0,0.0,0.0,0.0,0.06802,0.0,0.03275,0.0,0.0,0.0,0.02596,0.0,0.00884,0.0,0.0,0.0,0.0,0.00329,0.0,0.0,0.00244,0.0,0.036000000000000004,0.00834,0.0,0.0,0.03708,0.0265,0.0,0.0,0.00776,0.0,0.0,0.00041,0.0,0.0,0.0,0.0,0.0,0.0,0.0,0.0,0.0,0.0,0.0,0.0,0.0,0.0,0.0,0.0,0.0,0.0,0.0,0.00122,0.0,0.0,0.0,0.0,0.00698,0.0,0.00054,0.0,0.01928,0.01118,0.0,0.00132,0.027479999999999997,0.0,0.0,0.0,0.0,0.0,0.0,0.0,0.0,0.0,0.0,0.00834,0.0,0.0,0.0,0.02664,0.0,0.0,0.0,0.0,0.0,0.0,0.0,0.0,0.0,0.0,0.0,0.004,0.0,0.00322,0.06755,0.0,0.0,0.0,0.0,0.0,0.0,0.00932,0.0,0.0,0.0,0.0,0.0,0.0,0.0,0.0,0.0,0.0,0.0,0.0,0.0,0.0,0.0,0.0,0.00776,0.0,0.0,0.0,0.0,0.0,0.0,0.0,0.0,0.02522,0.0,0.0,0.00142,0.0,0.0,0.0,0.0,0.0,0.00305,0.0,0.0,0.0,0.0,0.0,0.0,0.0,0.0,0.0,0.0,0.0,0.0,0.00169,0.0,0.0,0.0,0.0,0.0,0.0,0.0,0.0,0.0,0.0,0.0,0.0,0.01901,0.0,0.0,0.00132,0.0,0.0,0.00522,0.0,0.02982,0.0,0.0,0.0,0.0,0.0,0.0,0.0,0.00078,0.07114,0.05904,0.0,0.0,0.0,0.0,0.0,0.0,0.0,0.0,0.0,0.0,0.0,0.0,0.0,0.0,0.0,0.00047,0.01654,0.0,0.0,0.0,0.00149,0.06338,0.0,0.0,0.0,0.0,0.0,0.0,0.0,0.06267,0.0,0.0,0.0,0.0,0.0,0.0,0.0,0.0,0.0,0.0,0.0,0.0,0.0,0.0,0.0,0.0,0.0,0.0,0.0,0.0,0.0,0.0,0.0,0.0,0.0,0.0,0.0,0.0,0.0,0.0,0.0,0.08043,0.0,0.0,0.0,0.0,0.0,0.0,0.00051,0.04209,0.0
SRR2143732,0.0,0.0,0.0,0.0,0.0,0.0,0.0,0.0,0.0,0.0,0.0,0.009139999999999999,0.0,0.0,0.0,0.02507,0.0,0.15001,0.0,0.0,0.0,0.0,0.0,0.0,0.0,0.0,0.0,0.02195,0.00484,0.0,0.0,0.0,0.11084,0.0,0.0,0.00194,0.0,0.0,0.0,0.0,0.0,0.0,0.0,0.0,0.0,0.0,0.0,0.0,0.0,0.0,0.0,0.0,0.0,0.0,0.0,0.0,0.0,0.0,0.0,0.0,0.0,0.0,0.0,0.0,0.0,0.0,0.0,0.00495,0.03379,0.0,0.0,0.06446,0.0,0.0,0.0,0.0,0.0,0.0,0.0,0.0,0.0,0.0,0.0,0.0,0.0,0.0,0.22930999999999999,0.0,0.0,0.0,0.00247,0.0,0.0,0.0,0.0,0.0,0.0,0.0,0.0042,0.0,0.0,0.03099,0.0,0.0,0.0,0.0,0.0,0.0,0.0028,0.0,0.0,0.0,0.0,0.0,0.0,0.0,0.0,0.0,0.0,0.0,0.0,0.0,0.0,0.0,0.0,0.01033,0.0,0.0,0.0,0.0,0.0,0.0,0.0,0.0,0.0057,0.0,0.0,0.00161,0.0,0.0,0.0,0.0,0.0,0.0028,0.0,0.0,0.0,0.0,0.0,0.0,0.0,0.0,0.0,0.0,0.0,0.0,0.0,0.0,0.0,0.0,0.0,0.0,0.0,0.0,0.0,0.0,0.0,0.0,0.0,0.0,0.0,0.0,0.00204,0.0,0.0,0.00269,0.0,0.0043,0.0,0.0,0.0,0.0,0.0,0.0,0.0,0.0,0.0085,0.01044,0.0,0.00108,0.0,0.0,0.0,0.0,0.0,0.0,0.0,0.0,0.0,0.0,0.0,0.0,0.0,0.0,0.00247,0.00291,0.0,0.0,0.0,0.0,0.0,0.0,0.0,0.0,0.0,0.0,0.0,0.05649,0.0,0.0,0.0,0.0,0.0,0.0,0.0,0.0,0.0,0.0,0.0,0.0,0.0,0.0,0.0,0.0,0.0,0.0,0.0,0.0,0.0,0.0,0.0,0.0,0.0,0.0,0.0,0.0,0.0,0.0,0.0,0.07361,0.0,0.0,0.0,0.0,0.0,0.0,0.00204,0.10158,0.0
SRR2143734,0.0,0.00228,0.0,0.0,0.0,0.0,0.0,0.0,0.0,0.0,0.0,0.08586,0.0,0.0,0.0,0.03811,0.0,0.00847,0.0,0.0,0.0,0.0,0.00187,0.0,0.0,0.0,0.0,0.12763,0.00681,0.0,0.0,0.02425,0.06892,0.0,0.0,0.0,0.0,0.0,0.0,0.0,0.0,0.0,0.0,0.0,0.0,0.0,0.0,0.0,0.0,0.0,0.0,0.0,0.0,0.0,0.0,0.0,0.0,0.0,0.00249,0.0,0.00054,0.0,0.0,0.00066,0.0,0.0,0.0,0.03491,0.02566,0.0,0.0,0.030969999999999998,0.0,0.0,0.0,0.0,0.0,0.0,0.0,0.0,0.0,0.0,0.0,0.0,0.0,0.0,0.01573,0.0,0.0,0.0,0.00635,0.0,0.0,0.0,0.0,0.0,0.0,0.0,0.00095,0.0,0.00162,0.02782,0.0,0.0,0.0,0.0,0.0,0.0,0.0,0.0,0.0,0.0,0.0,0.0,0.0,0.0,0.0,0.0,0.0,0.0,0.0,0.0,0.0,0.0,0.0,0.00785,0.00095,0.0,0.00104,0.0,0.0,0.0,0.0,0.0,0.02117,0.0,0.0,0.0,0.0,0.0,0.0,0.0,0.0,0.0,0.0,0.0,0.0,0.0,0.0,0.0,0.0,0.0,0.0,0.0,0.0,0.0,0.0,0.0,0.0,0.0,0.0,0.0,0.0,0.0,0.0,0.0,0.0,0.0,0.0,0.01025,0.0,0.0,0.00104,0.0,0.0,0.00631,0.0,0.01075,0.0,0.00058,0.0,0.0,0.0,0.0,0.00149,0.0005,0.02479,0.18699,0.0,0.0,0.0,0.0,0.0,0.0,0.0,0.0,0.0,0.0,0.0,0.0,0.0,0.0,0.0,0.0,0.01196,0.00066,0.0,0.0,0.0,0.00129,0.0,0.0,0.0,0.0,0.0,0.0,0.0,0.02782,0.0,0.0,0.0,0.0,0.0,0.0,0.09968,0.0,0.0,0.0,0.0,0.0,0.0,0.02499,0.0,0.0,0.0,0.0,0.0,0.0,0.0,0.0,0.0,0.0,0.0,0.0,0.0,0.0,0.0,0.0,0.0,0.00756,0.0,0.0,0.0,0.0,0.0,0.0,0.0,0.00909,0.00108
SRR2143739,0.0,0.0,0.0,0.0,0.0,0.0,0.0,0.00129,0.0,0.0014,0.0,0.05539,0.0,0.0,0.0,0.0,0.0,0.06593,0.0,0.0,0.0,0.0,0.0,0.0,0.0,0.00065,0.0,0.24842,0.0,0.0,0.0,0.0,0.0825,0.0,0.0,0.00452,0.0,0.0,0.00024,0.0,0.0,0.0,0.0,0.0,0.0,0.0,0.0,0.0,0.0,0.0,0.0,0.0,0.0,0.0,0.0,0.0,0.0,0.0,0.00935,0.0,0.00171,0.0,0.0,0.00053,0.0,0.0,0.0,0.00109,0.00323,0.0,0.00263,0.042910000000000004,0.0,0.0,0.0,0.0,0.0,0.0,0.0,0.0,0.0,0.0,0.0,0.0,0.0,0.0,0.05161,0.0,0.0,0.0,0.0,0.0,0.0,0.0,0.0,0.0,0.0,0.0,0.0,0.0,0.02403,0.06079,0.0,0.0,0.0,0.0,0.0,0.0,0.00089,0.0,0.0,0.0,0.0,0.0,0.0,0.0,0.0,0.0,0.0,0.0,0.0,0.0,0.0,0.0,0.0,0.00537,0.00185,0.0,0.00049,0.0,0.0,0.0,0.0,0.0,0.03912,0.0,0.0,0.00127,0.0,0.0,0.0,0.0,0.0,0.00042,0.0,0.0,0.0,0.0,0.0,0.00354,0.0,0.0,0.0,0.0,0.00122,0.0,0.00033,0.0,0.0,0.0,0.0,0.0,0.0,0.00033,0.0,0.0,0.0,0.0,0.0,0.00588,0.0,0.0,0.00394,0.0,0.0,0.00118,0.0,0.01438,0.0,0.0,0.0,0.0,0.0,0.0,0.0,0.0,0.01928,0.1699,0.0,0.0,0.0,0.0,0.0,0.0,0.0,0.0,0.0,0.0,0.0,0.0,0.0,0.0,0.0,0.0,0.0,0.0,0.0,0.0,0.0,0.0,0.0,0.0,0.0,0.0,0.0,0.0,0.0,0.0088,0.0,0.0,0.0,0.0,0.0,0.0,0.01033,0.0,0.0,0.0,0.0,0.0,0.0,0.0,0.0,0.0,0.0,0.0,0.0,0.0,0.0,0.0,0.0,0.00042,0.0,0.0,0.0,0.0,0.0,0.0,0.0,0.00474,0.0,0.0,0.0,0.0,0.0,0.0,0.00305,0.02592,0.0
SRR2143743,0.0,0.0009,0.0,0.0,0.0,0.0,0.0,0.0,0.0,0.08575,0.0,0.0,0.0,0.0,0.0,0.00254,0.0,0.00239,0.0,0.0,0.0,0.0,0.0,0.0,0.0,0.0,0.0,0.11108,0.0,0.0,0.0,0.0,0.00829,0.0,0.0,0.0,0.0,0.0,0.0,0.0,0.0,0.0,0.0,0.0,0.0,0.0,0.0,0.0,0.0,0.0,0.0,0.0,0.0,0.0,0.0,0.0,0.0,0.0,0.0,0.0,0.0,0.0,0.0,0.00598,0.0,0.0,0.0,0.00583,0.00471,0.0,0.0,0.0,0.0,0.0,0.0,0.0,0.0,0.0,0.0,0.0,0.0,0.0,0.0,0.0,0.0,0.0,0.01277,0.0,0.0,0.0,0.0,0.00149,0.0,0.0,0.0,0.0,0.02076,0.0,0.0,0.0,0.0,0.0,0.0,0.0,0.0,0.0,0.0,0.0,0.00642,0.0,0.0,0.0,0.0,0.0,0.0,0.0,0.0,0.0,0.0,0.0,0.0,0.0,0.0,0.0,0.0,0.0,0.0,0.0,0.0,0.0,0.0,0.0,0.0,0.0,0.0,0.0,0.0,0.00172,0.0,0.0,0.0,0.0,0.0,0.0,0.0,0.0,0.0,0.0,0.0,0.0,0.0,0.0,0.0,0.0,0.0,0.0,0.0,0.0,0.0,0.02054,0.0,0.0,0.0,0.0,0.0,0.0,0.0,0.0,0.0,0.0,0.0,0.0,0.0,0.0,0.0,0.0,0.0,0.0,0.0,0.20391,0.0,0.0,0.0,0.0,0.0,0.0,0.00105,0.03615,0.0,0.0,0.0,0.0,0.0,0.0,0.0,0.0,0.0,0.0,0.0,0.0,0.0,0.0,0.0,0.0,0.0,0.0,0.30729,0.0,0.0,0.0,0.00329,0.00202,0.0,0.0,0.0,0.0,0.0,0.00329,0.0,0.0,0.0,0.00478,0.0,0.0,0.00784,0.0,0.0,0.0,0.0,0.0,0.0,0.0,0.0,0.0,0.0,0.0,0.0,0.0,0.0,0.0,0.0,0.0,0.0,0.0,0.0,0.0,0.0,0.0,0.0,0.0,0.00187,0.0,0.0,0.0,0.0,0.0,0.0,0.00612,0.00381
SRR2143744,0.0,0.0,0.0,0.0,0.0,0.0,0.0,0.0,0.0,0.00047,0.0,0.012649999999999998,0.0,0.0,0.0,0.01055,0.0,0.00249,0.0,0.0,0.0,0.0,0.0,0.0,0.0,0.00041,0.0,0.0881,0.0033,0.0,0.0,0.0,0.02048,0.0,0.0,0.00207,0.0,0.0,0.0,0.0,0.0,0.0,0.0,0.0,0.0,0.0,0.0,0.0,0.0,0.0,0.0,0.0,0.0,0.0,0.0,0.0,0.0,0.0,0.0,0.0,0.00035,0.0,0.0,0.00216,0.0,0.0,0.0,0.01636,0.0012,0.0,0.00035,0.0121,0.0,0.0,0.0,0.0,0.0,0.0,0.0,0.0,0.0,0.0,0.00646,0.0,0.0,0.0,0.01196,0.0,0.0,0.0,0.0,0.0,0.0,0.0,0.0,0.0,0.00655,0.0,0.0012,0.0,0.00056,0.05154,0.0,0.0,0.0,0.0,0.0,0.0,0.0277,0.0,0.02048,0.0,0.0,0.0,0.0,0.0,0.0,0.0,0.0,0.0,0.0,0.0,0.0,0.0,0.0,0.00292,0.0,0.0,0.0,0.0,0.0,0.0,0.0,0.0,0.02674,0.0,0.0,0.0,0.0,0.0,0.0,0.0,0.0,0.0,0.0,0.0,0.0,0.0,0.0,0.0,0.0,0.0,0.0,0.0,0.0,0.0,0.0,0.0,0.0,0.0,0.0,0.0,0.0,0.00047,0.0,0.0,0.0,0.0,0.0,0.0,0.0,0.0,0.0033,0.0,0.0,0.00175,0.0,0.04962,0.0,0.0,0.0,0.0,0.0,0.0,0.0,0.0,0.0,0.17868,0.0,0.0,0.0,0.0,0.0,0.0,0.0,0.0,0.0,0.0,0.0,0.0,0.0,0.0,0.0,0.0,0.04482,0.0,0.05184,0.0,0.0,0.0,0.0,0.0,0.0,0.0,0.0,0.0,0.0,0.00333,0.0,0.0,0.0,0.0,0.0,0.0,0.0,0.0,0.0,0.0,0.0,0.0,0.0,0.0,0.0,0.0,0.0,0.0,0.0,0.0,0.0,0.0,0.0,0.0,0.0,0.0,0.0,0.0,0.0,0.0,0.0,0.0024000000000000002,0.00041,0.0,0.0,0.0,0.0,0.02665,0.0,0.01602,0.0
SRR2143746,0.0,0.0,0.0,0.0,0.0,0.0,0.0,0.0012,0.0,0.0,0.0,0.0,0.0,0.0,0.0,0.18973,0.0,0.00039,0.0,0.0,0.0,0.0,0.0,0.0,0.0,0.0,0.0,0.0012,0.00046,0.0,0.0,0.02153,0.46094,0.0,0.0,0.0,0.0,0.0,0.0,0.0,0.0,0.0,0.0,0.0,0.0,0.0,0.0,0.0,0.0,0.0,0.0,0.0,0.0,0.0,0.0,0.0,0.0,0.0,0.0,0.0,0.0,0.0,0.0,0.01033,0.0,0.0,0.04361,0.00048,0.0288,0.0,0.0,0.0,0.0,0.0,0.0,0.0,0.0,0.0,0.0,0.0,0.0,0.0,0.0,0.0,0.0,0.0,0.0628,0.0,0.0,0.0,0.0,0.0,0.0,0.0,0.0,0.0,0.003,0.0,0.0,0.0,0.0,0.04223,0.0,0.0,0.0,0.0,0.0,0.0,0.0,0.0,0.0,0.0,0.0,0.0,0.0,0.00098,0.0,0.0,0.0,0.0,0.0,0.0,0.0,0.0,0.0,0.00267,0.0,0.0,0.00031,0.0,0.0,0.0,0.0,0.0,0.00114,0.0,0.0,0.0,0.0,0.0,0.0,0.0,0.0,0.00136,0.0,0.0,0.0,0.0,0.0,0.06352,0.0,0.0,0.0,0.0,0.0,0.0,0.0,0.0,0.0,0.0,0.0,0.0,0.0,0.00031,0.0,0.0,0.0,0.0,0.00131,0.0,0.0,0.0,0.0,0.0,0.0,0.00092,0.0,0.0,0.0,0.0,0.0,0.0,0.0,0.0,0.0,0.0,0.00151,0.00208,0.0,0.0,0.0,0.0,0.0,0.0,0.0,0.0,0.0,0.0,0.0,0.0,0.0,0.0,0.0,0.0,0.0,0.0028,0.0,0.0,0.0,0.0,0.0,0.0009,0.0,0.0,0.0,0.0,0.0,0.00186,0.0,0.0,0.0,0.0,0.0,0.0,0.01536,0.0,0.0,0.0,0.0,0.0,0.0,0.0,0.0,0.0,0.0,0.0,0.0,0.0,0.0,0.0,0.0,0.00398,0.0,0.0,0.0,0.0,0.0,0.0,0.0,0.0,0.0,0.0,0.00129,0.0,0.0,0.0,0.0049,0.023520000000000003,0.0
SRR2143750,0.0,0.0,0.0,0.0,0.0,0.0,0.0,0.0,0.0,0.0,0.0,0.0,0.0,0.0,0.0,0.0,0.0,0.00722,0.0,0.0,0.0,0.0,0.0,0.0,0.0,0.00255,0.0,0.0354,0.0,0.0,0.0,0.0,0.04296,0.0,0.0,0.0,0.0,0.0,0.0,0.0,0.0,0.0,0.0,0.0,0.0,0.0,0.0,0.0,0.0,0.0,0.0,0.0,0.0,0.0,0.0,0.0,0.0,0.0,0.0,0.0,0.00908,0.0,0.0,0.0,0.0,0.0,0.0,0.0,0.02555,0.0,0.0,0.0,0.0,0.0,0.0,0.0,0.0,0.0,0.0,0.0,0.0,0.0,0.0,0.0,0.0,0.0,0.02106,0.0,0.0,0.0,0.0,0.0,0.0,0.0,0.0,0.0,0.0,0.0,0.0,0.0,0.0,0.03031,0.0,0.0,0.0,0.0,0.0,0.0,0.0,0.0,0.34437,0.0,0.0,0.0,0.0,0.0,0.0,0.0,0.0,0.0,0.0,0.0,0.0,0.0,0.0,0.01112,0.0,0.0,0.0,0.0,0.0,0.0,0.0,0.0,0.01163,0.0,0.0,0.0,0.0,0.0,0.0,0.0,0.0,0.0,0.0,0.0,0.0,0.0,0.0,0.0315,0.0,0.0,0.0,0.0,0.0,0.0,0.0,0.0,0.0,0.0,0.0,0.0,0.0,0.0,0.0,0.0,0.0,0.0,0.0,0.0,0.0,0.0,0.0,0.0,0.0,0.0,0.0,0.0,0.0,0.0,0.00136,0.0,0.0,0.0,0.0,0.0,0.0495,0.13958,0.0,0.0,0.0,0.0,0.0,0.0,0.0,0.0,0.0,0.0,0.0,0.0,0.0,0.0,0.00365,0.0,0.0,0.0,0.0,0.0,0.00348,0.0,0.0,0.0,0.0,0.0,0.0,0.0,0.0,0.0,0.0,0.0,0.0,0.0,0.0,0.0,0.16047,0.0,0.0,0.0,0.0,0.0,0.0,0.0,0.0,0.0,0.0,0.0,0.0,0.0,0.0,0.0,0.0,0.00484,0.0,0.0,0.0,0.0,0.0,0.0,0.0,0.0,0.0,0.0,0.0,0.0,0.0596,0.0,0.0,0.0,0.0
SRR2143756,0.0,0.00227,0.0,0.0,0.0,0.00356,0.0,0.0,0.0,0.00521,0.0,0.0634,0.0,0.0,0.0,0.01552,0.0,0.00912,0.0,0.0,0.0,0.0,0.00364,0.0,0.0,0.00127,0.0,0.15933999999999998,0.00285,0.0,0.0,0.0,0.03636,0.0,0.0,0.00369,0.0,0.0,0.00169,0.0,0.0,0.0,0.0,0.0,0.0,0.0,0.0,0.0,0.0,0.0,0.0,0.0,0.0,0.0,0.0,0.0,0.0,0.0,0.00112,0.0,0.00082,0.0,0.0,0.0018,0.0,0.0,0.0,0.03791,0.00399,0.0,0.00032,0.0334,0.00021,0.0,0.0,0.0,0.0,0.00026,0.0,0.0,0.0,0.0,0.0,0.0,0.0,0.0,0.02395,0.0,0.0,0.0,0.0,0.0,0.0,0.0,0.0,0.0,0.03132,0.0,0.00096,0.0,0.00349,0.06992,0.0,0.0,0.0,0.0,0.0,0.0,0.01179,0.0,0.0,0.0,0.0,0.0,0.0,0.0,0.00212,0.0,0.0,0.0,0.0,0.0,0.0,0.0,0.0,0.00339,0.00079,0.0,0.00052,0.0,0.0,0.0,0.0,0.0,0.03315,0.0,0.0,0.0,0.0,0.0,0.0,0.0,0.0,0.0,0.0,0.0,0.0,0.0,0.0,0.0,0.0,0.02005,0.0,0.0,0.00039,0.0,0.0,0.0,0.0,0.00051,0.0,0.0,0.0,0.00024,0.0,0.0,0.0,0.0,0.0,0.01231,0.0,0.0,0.00167,0.0,0.0,0.00139,0.0,0.01925,0.0,0.0,0.0,0.0,0.0,0.0,0.00043,0.00101,0.02644,0.15657000000000001,0.0,0.0,0.0,0.0,0.0,0.0,0.0,0.0,0.0,0.0,0.0,0.0,0.0,0.0,0.0,0.0,0.00946,0.00036,0.0,0.0,0.00097,0.0,0.0,0.0,0.0,0.0,0.0,0.0,0.0,0.04365,0.0,0.0,0.0,0.0,0.0,0.0,0.02783,0.0,0.0,0.0,0.0,0.0,0.0,0.03718,0.0,0.0,0.0,0.0,0.0,0.0,0.0,0.0,0.0,0.00047,0.00195,0.0,0.0,0.0,0.0,0.0,0.00729,0.00693,0.0,0.0,0.0,0.0,0.0,0.0,0.0,0.02975,0.00039
SRR2143757,0.0,0.0,0.0,0.0,0.0,0.0,0.0,0.0,0.0,0.1977,0.0,0.01471,0.0,0.0,0.0,0.07445,0.0,0.021019999999999997,0.0,0.0,0.0,0.0,0.00441,0.0,0.0,0.0,0.0,0.08247,0.01973,0.0,0.0,0.07853,0.03333,0.0,0.0,0.00174,0.0,0.0,0.0,0.0,0.0,0.0,0.0,0.0,0.0,0.0,0.0,0.0,0.0,0.0,0.0,0.0,0.0,0.0,0.0,0.0,0.0,0.0,0.0,0.0,0.0,0.0,0.0,0.0,0.0,0.0,0.0,0.06866,0.09105,0.0,0.0,0.03289,0.0,0.0,0.0,0.0,0.0,0.0,0.0,0.0,0.0,0.0,0.0,0.0,0.0,0.0,0.04374,0.0,0.0,0.0,0.01393,0.0,0.0,0.0,0.0,0.0,0.0,0.0,0.0,0.0,0.00502,0.02102,0.0,0.0,0.0,0.0,0.0,0.0,0.00057,0.0,0.0,0.0,0.0,0.0,0.0,0.0,0.0,0.0,0.0,0.0,0.0,0.0,0.0,0.0,0.0,0.0,0.01405,0.0,0.0,0.0,0.0,0.0,0.0,0.0,0.0019,0.0,0.0,0.0,0.0,0.0,0.0,0.0,0.0,0.0,0.0,0.0,0.0,0.0,0.0,0.0,0.0,0.0,0.00065,0.0,0.0,0.0,0.0,0.0,0.0,0.0,0.0,0.0,0.0,0.0,0.0,0.0,0.0,0.0,0.0,0.0019,0.0,0.0,0.00154,0.0,0.0,0.00397,0.0,0.0,0.0,0.0017,0.0,0.00648,0.0,0.0,0.0,0.0,0.00296,0.0,0.0,0.0,0.0,0.0,0.0,0.0,0.00441,0.0,0.0,0.0,0.0,0.0,0.0,0.0,0.0,0.0,0.00235,0.00227,0.0,0.0,0.00551,0.0,0.0,0.0,0.0,0.0,0.0,0.0,0.0,0.02851,0.0,0.0,0.0,0.0,0.0,0.0,0.0,0.0,0.0,0.0,0.0,0.0,0.0,0.07226,0.0,0.0,0.0,0.0,0.0,0.0,0.0,0.0,0.0,0.00239,0.0,0.0,0.0,0.0,0.0,0.0,0.0,0.01458,0.0,0.0,0.0,0.0,0.0,0.0,0.00073,0.016,0.0
SRR2143760,0.0,0.03724,0.0,0.0,0.0,0.0,0.0,0.0,0.0,0.01652,0.0,0.06649,0.0,0.0,0.0,0.04053,0.0,0.03766,0.0,0.0,0.0,0.0,0.0,0.0,0.0,0.00414,0.0,0.11702,0.03949,0.0,0.0,0.0,0.07637,0.0,0.0,0.0,0.0,0.0,0.00445,0.0,0.0,0.0,0.0,0.0,0.0,0.0,0.0,0.0,0.0,0.0,0.0,0.0,0.0,0.0,0.0,0.0,0.0,0.0,0.0,0.0,0.0,0.0,0.0,0.0,0.0,0.0,0.0,0.02347,0.01883,0.0,0.0,0.02486,0.00067,0.0,0.0,0.0,0.0,0.0,0.0,0.0,0.0,0.0,0.0,0.0,0.0,0.0,0.0718,0.0,0.0,0.0,0.00085,0.0,0.0,0.0,0.0,0.0,0.0,0.0,0.00329,0.0,0.00609,0.03127,0.0,0.0,0.0,0.0,0.0,0.0,0.0,0.0,0.0,0.0,0.0,0.0,0.0,0.0,0.0,0.0,0.0,0.0,0.0,0.0,0.0,0.0,0.0,0.00396,0.00719,0.0,0.0,0.0,0.0,0.0,0.0,0.0,0.00798,0.0,0.0,0.0,0.0,0.0,0.0,0.0,0.0,0.0,0.0,0.0,0.0,0.0,0.0,0.0,0.0,0.0,0.0,0.0,0.0,0.0,0.00073,0.0,0.0,0.0,0.0,0.0,0.0,0.0,0.0,0.0,0.0,0.0,0.0,0.0,0.0,0.0,0.0,0.0,0.0,0.00878,0.0,0.05449,0.0,0.0,0.0,0.0,0.0,0.0,0.0,0.0,0.00658,0.04626,0.0,0.0,0.0,0.0,0.0,0.0,0.0,0.0,0.0,0.0,0.0,0.0,0.0,0.0,0.0,0.0,0.02243,0.00293,0.0,0.0,0.00158,0.0,0.0,0.00238,0.0,0.0,0.0,0.0,0.0,0.11884,0.0,0.0,0.0,0.0,0.0,0.0,0.0,0.0,0.0,0.0,0.0,0.0,0.0,0.00676,0.0,0.0,0.0,0.0,0.0,0.0,0.0,0.0,0.0,0.00165,0.0,0.0,0.0,0.0,0.0,0.0,0.0,0.02901,0.0,0.0,0.0,0.0,0.00201,0.0,0.0,0.03133,0.0
SRR2143761,0.0,0.0,0.0,0.0,0.0,0.0,0.0,0.0,0.0,0.08085,0.0,0.14650000000000002,0.0,0.0,0.0,0.0,0.0,0.00044,0.0,0.0,0.00036,0.0,0.00151,0.0,0.0,0.01091,0.0,0.19643,0.0,0.0,0.0,0.0,0.00326,0.0,0.0,0.0,0.0,0.00954,0.0,0.0,0.0,0.0,0.0,0.0,0.0,0.0,0.0,0.0,0.0,0.0,0.0,0.0,0.0,0.0,0.0,0.0,0.0,0.0,0.0,0.0,0.0,0.0,0.0,0.00036,0.0,0.0,0.0,0.01654,0.00041,0.0,0.0,0.00634,0.0,0.0,0.0,0.0,0.0,0.0,0.0,0.0,0.0,0.00224,0.0,0.0,0.02012,0.0,0.01016,0.0,0.0,0.0,0.00152,0.0,0.0,0.0,0.0,0.0,0.0071,0.0,0.00183,0.0,0.0,0.01421,0.0,0.0,0.0,0.0,0.0,0.0,0.00229,0.0,0.013760000000000001,0.0,0.0,0.0,0.0,0.0,0.0,0.0,0.0,0.0,0.0,0.0,0.0,0.00758,0.0,0.00668,0.0016,0.0,0.0,0.00085,0.0,0.0,0.0,0.0,0.00225,0.0,0.0,0.00076,0.0,0.0,0.0,0.0,0.0,0.00116,0.00034,0.0,0.0,0.0,0.0,0.00067,0.0,0.0,0.00052,0.03247,0.0,0.0,0.0004,0.0,0.0,0.0,0.0,0.0,0.0,0.00027,0.0,0.0,0.0,0.0,0.0,0.0,0.0,0.0,0.00753,0.0002,0.0,0.00174,0.0,0.03524,0.0,0.0,0.0552,0.00547,0.0,0.0,0.0,0.00169,0.0,0.08224,0.0,0.11653000000000001,0.0,0.0,0.0,0.0,0.0,0.0,0.0,0.0,0.0,0.0,0.0,0.0,0.0,0.0,0.00453,0.00697,0.0,0.0,0.0,0.0,0.0,0.0,0.0,0.0,0.0,0.0,0.0,0.01054,0.0,0.0,0.0,0.0,0.0,0.0,0.0,0.0,0.0,0.0,0.0,0.0,0.0,0.00056,0.0,0.0,0.0,0.0,0.0,0.0,0.0,0.0,0.0,0.00104,0.0,0.0,0.0,0.0,0.0,0.0,0.0,0.03153,0.0,0.0,0.00029,0.0,0.0,0.0,0.00382,0.00616,0.00211
SRR2143762,0.0,0.0,0.0,0.0,0.0,0.0,0.0,0.0,0.0,0.04254,0.0,0.00572,0.0,0.0,0.0,0.00597,0.0,0.00166,0.0,0.0,0.0,0.0,0.0,0.0,0.0,0.0,0.0,0.16004000000000002,0.0,0.0,0.0,0.0,0.04511,0.0,0.0,0.0,0.0,0.0,0.0,0.0,0.0,0.0,0.0,0.0,0.0,0.0,0.0,0.0,0.0,0.0,0.0,0.0,0.0,0.0,0.0,0.0,0.0,0.0,0.00091,0.0,0.0,0.0,0.0,0.0,0.0,0.0,0.0,0.00448,0.0,0.0,0.10025,0.0,0.0,0.0,0.0,0.0,0.0,0.0,0.0,0.0,0.0,0.0,0.0,0.0,0.0,0.0,0.00763,0.0,0.00141,0.0,0.00771,0.0,0.0,0.0,0.0,0.0,0.04561,0.0,0.0,0.0,0.0,0.00655,0.0,0.0,0.0,0.0,0.0,0.0,0.00746,0.0,0.0,0.0,0.0,0.0,0.0,0.0,0.0,0.0,0.0,0.0,0.0,0.0,0.0,0.06799,0.0,0.00381,0.0,0.0,0.0,0.0,0.0,0.0,0.0,0.0,0.00846,0.0,0.0,0.001,0.0,0.0,0.0,0.0,0.0,0.0,0.0,0.0,0.0,0.0,0.0,0.0626,0.0,0.0,0.0,0.0,0.0,0.0,0.0,0.0,0.0,0.017329999999999998,0.0,0.0,0.0,0.0,0.0,0.0,0.0,0.0,0.0,0.0,0.0,0.0,0.00207,0.0,0.0,0.00224,0.0,0.0296,0.0,0.0369,0.0,0.0,0.0,0.0,0.0,0.0,0.00265,0.1204,0.0,0.0,0.0,0.0,0.0,0.0,0.0,0.0,0.0,0.0,0.0,0.0,0.0,0.0,0.0,0.0,0.00863,0.0,0.07056,0.0,0.0,0.00166,0.0,0.00299,0.0,0.0,0.0,0.0,0.0,0.00871,0.0,0.0,0.0,0.00315,0.0,0.0,0.0,0.0,0.0,0.0,0.0,0.0,0.0,0.0,0.0,0.0,0.0,0.0,0.0,0.0,0.0,0.0,0.0,0.00755,0.0,0.0,0.0,0.0,0.0,0.0,0.0,0.00498,0.0,0.0,0.0,0.0,0.0,0.0,0.00787,0.00572,0.00514
SRR2143763,0.0,0.0,0.0,0.0,0.0,0.0,0.0,0.0,0.0,0.05603,0.0,0.00243,0.0,0.0,0.0,0.00151,0.0,0.0014,0.0,0.0,0.0,0.0,0.0,0.0,0.0,0.0,0.0,0.22268,0.0,0.0,0.0,0.0,0.0203,0.0,0.0,0.0,0.0,0.0,0.0,0.0,0.0,0.0,0.0,0.0,0.0,0.0,0.0,0.0,0.0,0.0,0.0,0.0,0.0,0.0,0.0,0.0,0.0,0.0,0.0,0.0,0.0,0.0,0.0,0.0,0.0,0.0,0.0,0.01927,0.0,0.0,0.04346,0.0,0.0,0.0,0.0,0.0,0.0,0.0,0.0,0.0,0.0,0.0,0.0,0.0,0.0,0.0,0.01121,0.0,0.0,0.0,0.0,0.0008,0.0,0.0,0.0,0.0,0.03896,0.0,0.0,0.0,0.0,0.01283,0.01037,0.0,0.0,0.0,0.0,0.0,0.00746,0.0,0.0,0.0,0.0,0.0,0.0,0.0,0.0,0.0,0.0,0.0,0.0,0.0,0.0,0.00681,0.0,0.0,0.0,0.0,0.0,0.0008,0.0,0.0,0.0,0.0,0.0,0.0,0.0,0.0,0.0,0.0,0.0,0.0,0.0,0.0,0.0,0.0,0.0,0.0,0.0,0.02979,0.0,0.0,0.0,0.0,0.0,0.0,0.01011,0.0,0.0,0.023889999999999998,0.0,0.0,0.0,0.0,0.0,0.0,0.0,0.0,0.0,0.0,0.0,0.0,0.0,0.01196,0.0,0.0,0.0,0.0,0.0,0.12338,0.0,0.0,0.0,0.0,0.0,0.0,0.0,0.05626,0.0,0.0,0.0,0.0,0.0,0.0,0.0,0.0,0.0,0.0,0.0,0.0,0.0,0.0,0.0,0.0,0.0,0.0,0.12652,0.0,0.0,0.0095,0.0,0.0,0.0,0.0,0.0,0.0,0.0,0.02139,0.0,0.0,0.0,0.0,0.0,0.0,0.0,0.0,0.0,0.0,0.0,0.0,0.0,0.0,0.0,0.0,0.0,0.0,0.0,0.0,0.0,0.0,0.0,0.0,0.0,0.0,0.0,0.0,0.0,0.0,0.0,0.00901,0.0,0.0,0.0,0.0,0.0,0.0,0.00174,0.00204,0.057769999999999995
SRR2143766,0.0,0.0,0.0,0.0,0.0,0.0,0.0,0.0005,0.0,0.0,0.0,0.036579999999999994,0.0,0.0,0.0,0.0194,0.0,0.08176,0.0,0.0,0.0,0.0,0.0,0.0,0.0,0.00032,0.0,0.22689,0.00968,0.0,0.0,0.0,0.05288,0.0,0.0,0.00483,0.0,0.0,0.00263,0.0,0.0,0.0,0.0,0.0,0.0,0.0,0.0,0.0,0.0,0.0,0.0,0.0,0.0,0.0,0.0,0.0,0.0,0.0,0.00048,0.0,0.00108,0.0,0.0,0.00214,0.0,0.0,0.0,0.00822,0.00686,0.0,0.0,0.03448,0.0002,0.0,0.0,0.0,0.0,0.00505,0.0,0.0,0.0,0.0,0.0,0.0,0.0,0.0,0.02365,0.0,0.0,0.0,0.0,0.0,0.0,0.0,0.0,0.0,0.0,0.0,0.00778,0.0,0.01775,0.09511,0.0,0.0,0.0,0.0,0.0,0.0,0.00187,0.0,0.0,0.0,0.0,0.0,0.0,0.0,0.0,0.0,0.0,0.0,0.0,0.0,0.0,0.0,0.0,0.00674,0.00043,0.0,0.00052,0.00117,0.0,0.0,0.0,0.0,0.04767,0.0,0.0,0.0032,0.0,0.0,0.0,0.0,0.0,0.0,0.0,0.0,0.0,0.0,0.0,0.00061,0.0,0.0,0.0,0.0,0.00059,0.0,0.0,0.0,0.0,0.0,0.0,0.0,0.0,0.00027,0.0,0.0,0.0,0.0,0.0,0.00408,0.0,0.0,0.00264,0.0,0.0,0.00257,0.0,0.0402,0.0,0.0,0.0,0.0,0.0,0.0,0.00079,0.0004,0.04217,0.1485,0.0,0.0,0.0,0.00277,0.0,0.0,0.0,0.0,0.0,0.0,0.0,0.0,0.0,0.0,0.00397,0.0,0.00431,0.0,0.0,0.0,0.00034,0.0,0.0,0.0,0.0,0.0,0.0,0.0,0.0,0.00237,0.0,0.0,0.0,0.0,0.0,0.0,0.0,0.0,0.0,0.0,0.0,0.0,0.0,0.0,0.0,0.0,0.0,0.0,0.0,0.0,0.0,0.0,0.0,0.00027,0.0,0.0,0.0,0.0,0.0,0.0,0.0,0.00408,0.0,0.0,0.0,0.0,0.00169,0.0,0.0,0.03039,0.0015400000000000001
SRR2143773,0.0,0.0,0.0,0.0,0.0,0.010409999999999999,0.0,0.00128,0.0,0.02437,0.0,0.06159,0.0,0.0,0.0,0.02693,0.0,0.012020000000000001,0.0,0.0,0.0,0.0,0.00078,0.0,0.0,0.00092,0.0,0.15751,0.00116,0.0,0.0,0.0,0.03483,0.0,0.0,0.0,0.0,0.0,0.00118,0.0,0.0,0.0,0.0,0.0,0.0,0.0,0.0,0.0,0.0,0.0,0.0,0.0,0.0,0.0,0.0,0.0,0.0,0.0,0.00066,0.0,0.00073,0.0,0.0,0.00345,0.0,0.0,0.0,0.01455,0.01389,0.0,0.0,0.0124,0.0,0.0,0.0,0.0,0.0,0.0,0.0,0.0,0.0,0.0,0.0,0.0,0.0,0.0,0.02659,0.0,0.0,0.0,0.0,0.0,0.0,0.0,0.0,0.0,0.0,0.0,0.00109,0.0,0.00251,0.04692,0.0,0.0,0.0,0.0,0.0,0.0,0.00099,0.0,0.0,0.0,0.0,0.0,0.0,0.0,0.00466,0.0,0.0,0.0,0.0,0.0,0.0,0.0,0.0,0.00719,0.00109,0.0,0.00054,0.0,0.0,0.0,0.0,0.0,0.0433,0.0,0.0,0.00128,0.0,0.0,0.0,0.0,0.0,0.0,0.0,0.0,0.0,0.0,0.0,0.0,0.0,0.0,0.0,0.0,0.00069,0.0,0.00085,0.0,0.0,0.0,0.0,0.0,0.0,0.00033,0.0,0.0,0.0,0.0,0.0,0.00551,0.0,0.0,0.00118,0.0,0.0,0.0008,0.0,0.00381,0.0,0.0,0.0,0.0,0.0,0.0,0.00033,0.00085,0.01252,0.33153000000000005,0.0,0.00861,0.0,0.00731,0.0,0.0,0.0,0.0,0.0,0.0,0.0,0.0,0.0,0.0,0.0,0.0,0.00653,0.00206,0.0,0.0,0.0,0.0,0.0,0.0,0.0,0.0,0.0,0.0,0.0,0.01909,0.0,0.0,0.0,0.0,0.0,0.0,0.02151,0.0,0.0,0.0,0.0,0.0,0.0,0.01318,0.0,0.0,0.0,0.0,0.0,0.0,0.0,0.0,0.0,0.0,0.0,0.0,0.0,0.0,0.0,0.0,0.0,0.00334,0.0,0.0,0.0,0.0,0.0,0.0,0.00052,0.02546,0.00128
SRR2143781,0.0,0.00246,0.0,0.0,0.0,0.0,0.0,0.0,0.0,0.01377,0.0,0.00806,0.0,0.0,0.0,0.0138,0.0,0.01099,0.0,0.0,0.0,0.0,0.00164,0.0,0.0,0.00052,0.0,0.01233,0.00227,0.0,0.0,0.0,0.0608,0.0,0.0,0.00085,0.0,0.0,0.0,0.0,0.0,0.0,0.0,0.0,0.0,0.0,0.0,0.0,0.0,0.0,0.0,0.0,0.0,0.0,0.0,0.0,0.0,0.0,0.0015,0.0,0.0,0.0,0.0,0.0024,0.0,0.0,0.0,0.00164,0.00587,0.0,0.0,0.0194,0.0,0.0,0.0,0.0,0.0,0.0,0.0,0.0,0.0,0.0,0.00361,0.0,0.0,0.0,0.03861,0.0,0.0,0.0,0.0,0.0,0.0,0.0,0.0,0.0,0.0,0.0,0.00079,0.0,0.00566,0.02178,0.0,0.0,0.0,0.0,0.0,0.0,0.0173,0.0,0.0,0.0,0.0,0.0,0.0,0.0,0.0,0.0,0.0,0.0,0.0,0.0,0.0,0.0,0.0,0.0018,0.0,0.0,0.00041,0.0,0.0,0.0,0.0,0.0,0.00795,0.0,0.0,0.00172,0.0,0.0,0.0,0.0,0.0,0.0,0.0,0.0,0.0,0.0,0.0,0.0,0.09733,0.0,0.0,0.0,0.0,0.0,0.0,0.0,0.0,0.0,0.0,0.0,0.0,0.00036,0.0,0.0,0.0,0.0,0.0,0.00123,0.0,0.0,0.0006,0.0,0.0,0.00087,0.0,0.01459,0.0,0.05142,0.0,0.0,0.0,0.0,0.00071,0.00041,0.02921,0.03287,0.0,0.0,0.0,0.0,0.0,0.0,0.0,0.0,0.0,0.0,0.0,0.0,0.0,0.0,0.0,0.0003,0.0029,0.0,0.0,0.0,0.0,0.4121,0.0,0.0,0.0,0.0,0.0,0.0,0.0,0.00489,0.0,0.0,0.0,0.0,0.0,0.0,0.0,0.0,0.0,0.0,0.0,0.0,0.0,0.00883,0.0,0.0,0.0,0.0,0.0,0.0,0.0,0.0,0.0,0.0,0.00066,0.0,0.0,0.0,0.0,0.0,0.0,0.00604,0.0,0.0,0.0,0.0,0.0,0.0,0.0,0.02544,0.0
SRR2143789,0.0,0.0,0.0,0.0,0.0,0.0,0.0,0.0,0.0,0.0644,0.0,0.02722,0.0,0.0,0.0,0.02076,0.0,0.010879999999999999,0.0,0.0,0.0,0.0,0.00345,0.0,0.0,0.0,0.0,0.22359,0.0,0.0,0.0,0.0,0.033389999999999996,0.0,0.0,0.00059,0.0,0.0,0.0,0.0,0.0,0.0,0.0,0.0,0.0,0.0,0.0,0.0,0.0,0.0,0.0,0.0,0.0,0.0,0.0,0.0,0.0,0.0,0.00082,0.0,0.0,0.0,0.0,0.00108,0.0,0.0,0.0,0.02069,0.0,0.0,0.00505,0.014530000000000001,0.0,0.0,0.0,0.0,0.0,0.0,0.0,0.0,0.0,0.00089,0.0,0.0,0.0,0.0,0.02121,0.0,0.0,0.0,0.0,0.0,0.0,0.0,0.0,0.0,0.04052,0.0,0.00264,0.0,0.00353,0.10047,0.0,0.0,0.0,0.0,0.0,0.0,0.01567,0.0,0.0,0.0,0.0,0.0,0.0,0.0,0.0,0.0,0.0,0.0,0.0,0.00111,0.0,0.0055,0.0,0.00327,0.0,0.0,0.00082,0.0,0.0,0.0,0.0,0.0,0.06002,0.0,0.0,0.0023,0.0,0.0,0.0,0.0,0.0,0.0,0.0,0.0,0.0,0.0,0.0,0.01248,0.0,0.0,0.00045,0.0,0.0,0.0,0.0,0.0,0.0,0.0015999999999999999,0.0,0.0,0.0,0.0,0.0,0.0,0.0,0.0,0.0,0.0,0.0,0.0,0.0,0.00204,0.0,0.00223,0.0,0.03788,0.0,0.00201,0.0,0.0,0.0,0.0,0.0,0.00215,0.00141,0.00977,0.0,0.0,0.0,0.0,0.0,0.0,0.0,0.0,0.0,0.0,0.0,0.0,0.0,0.0,0.0,0.0,0.00223,0.00126,0.0,0.0,0.00082,0.0,0.00071,0.0,0.0,0.0,0.0,0.0,0.0,0.11488,0.0,0.0,0.0,0.0,0.0,0.0,0.0,0.0,0.0,0.0,0.0,0.0,0.0,0.03907,0.0,0.0,0.0,0.0,0.0,0.0,0.0,0.0,0.0,0.00186,0.0,0.0,0.0,0.0,0.0,0.0,0.0,0.04505,0.0,0.0,0.0,0.0,0.0,0.0,0.00186,0.02436,0.00056
SRR2143797,0.0,0.0,0.0,0.0,0.0,0.0,0.0,0.0,0.0,0.01256,0.0,0.06848,0.0,0.0,0.0,0.11159,0.0,0.04927,0.0,0.0,0.00083,0.0,0.00386,0.0,0.0,0.00635,0.0,0.10035,0.03676,0.0,0.0,0.0,0.14204,0.0,0.0,0.0,0.0,0.0,0.00699,0.0,0.0,0.0,0.0,0.0,0.0,0.0,0.0,0.0,0.0,0.0,0.0,0.0,0.0,0.0,0.0,0.0,0.0,0.0,0.0,0.0,0.0,0.0,0.0,0.00156,0.0,0.0,0.0,0.0,0.0,0.0,0.00279,0.00684,0.0,0.0,0.0,0.0,0.0,0.0,0.0,0.0,0.0,0.0,0.0,0.0,0.0,0.0,0.01046,0.0,0.0,0.0,0.0,0.0,0.0,0.0,0.0,0.0,0.0176,0.0,0.00459,0.0,0.02605,0.02151,0.0,0.0,0.0,0.0,0.0,0.0,0.00093,0.0,0.0,0.0,0.0,0.0,0.0,0.0,0.0,0.0,0.0,0.0,0.0,0.0,0.0,0.0,0.0,0.01432,0.0,0.0,0.00064,0.0,0.0,0.0,0.0,0.0,0.01198,0.0,0.0,0.00064,0.0,0.0,0.0,0.0,0.0,0.0,0.0,0.0,0.0,0.0,0.0,0.00161,0.0,0.0,0.0,0.0,0.0,0.0,0.0,0.0,0.0,0.0,0.0,0.0,0.0,0.0,0.0,0.0,0.0,0.0,0.0,0.01965,0.0,0.0,0.00166,0.0,0.0,0.0154,0.0,0.0,0.0,0.0,0.0,0.0,0.0,0.0,0.0,0.0,0.0,0.00992,0.0,0.0,0.0,0.0,0.0,0.0,0.0,0.0,0.0,0.0,0.0,0.0,0.0,0.0,0.0,0.0,0.02561,0.00073,0.05108,0.0,0.0,0.0,0.0,0.0,0.0,0.0,0.0,0.0,0.0,0.10739,0.0,0.0,0.0,0.0,0.0,0.0,0.0,0.0,0.0,0.0,0.0,0.0,0.0,0.0,0.0,0.0,0.0,0.0,0.0,0.0,0.0,0.0,0.0,0.00108,0.0,0.0,0.0,0.0,0.0,0.0,0.0,0.05914,0.0,0.0,0.0,0.0,0.0,0.0,0.00117,0.0412,0.0
SRR2143800,0.0,0.00652,0.0,0.0,0.0,0.0,0.0,0.00851,0.0,0.00182,0.0,0.06791,0.0,0.0,0.0,0.01352,0.0,0.01125,0.0,0.0,0.0,0.0,0.0,0.0,0.0,0.00176,0.0,0.046329999999999996,0.01108,0.0,0.0,0.0,0.02093,0.0,0.0,0.0006100000000000001,0.0,0.0,0.0,0.0,0.0,0.0,0.0,0.0,0.0,0.0,0.0,0.0,0.0,0.0,0.0,0.0,0.0,0.0,0.0,0.0,0.0,0.0,0.00249,0.0,0.0017,0.0,0.0,0.00808,0.0,0.0,0.0,0.00036,0.0,0.0,0.0,0.07914,0.0,0.0,0.0,0.0,0.0,0.0,0.0,0.0,0.0,0.0,0.0,0.0,0.0,0.0,0.03643,0.0,0.0,0.0,0.00041,0.0,0.0,0.0,0.0,0.0,0.00222,0.0,0.00675,0.0,0.0,0.05066,0.0,0.0,0.0,0.0,0.0,0.0,0.0009,0.0,0.0,0.0,0.0,0.0,0.0,0.0,0.0,0.0,0.0,0.0,0.0,0.0,0.0,0.0,0.0,0.0013,0.0,0.0,0.00034,0.0,0.0,0.0,0.0,0.0,0.02027,0.0,0.0,0.00058,0.0,0.0,0.0,0.0,0.0,0.0,0.0,0.0,0.0,0.0,0.0,0.0,0.0,0.0,0.0,0.0,0.0,0.0,0.0,0.0,0.0,0.0,0.0,0.0,0.0,0.00039,0.0,0.0,0.0,0.0,0.0,0.00834,0.0,0.0,0.00641,0.0,0.0,0.0013,0.0,0.01793,0.0,0.0,0.0,0.0,0.0,0.0,0.0,0.00019,0.05136,0.07711,0.0,0.0,0.0,0.0,0.0,0.0,0.0,0.0,0.0,0.0,0.0,0.0,0.0,0.0,0.0,0.0,0.03888,0.0,0.04404,0.0,0.0,0.24669,0.0002,0.0,0.0,0.0,0.0,0.0,0.0,0.01168,0.0,0.0,0.0,0.0,0.0,0.0,0.0,0.0,0.02718,0.0,0.0,0.0,0.0,0.00203,0.0,0.0,0.0,0.0,0.0,0.0,0.0,0.0,0.0,0.00024,0.0,0.0,0.0,0.0,0.0,0.0,0.0,0.02901,0.0,0.0,0.0,0.0,0.0,0.0,0.00029,0.02838,0.0
SRR2143801,0.0,0.00273,0.0,0.0,0.0,0.0,0.0,0.00541,0.0,0.00134,0.0,0.06014,0.0,0.0,0.0,0.01355,0.0,0.00808,0.0,0.0,0.0,0.0,0.0,0.0,0.0,0.00209,0.0,0.052379999999999996,0.01301,0.0,0.0,0.0,0.01141,0.0,0.0,0.0,0.0,0.0,0.0,0.0,0.0,0.0,0.0,0.0,0.0,0.0,0.0,0.0,0.0,0.0,0.0,0.0,0.0,0.0,0.0,0.0,0.0,0.0,0.00198,0.0,0.00155,0.0,0.0,0.0038,0.0,0.0,0.0,0.0,0.0,0.0,0.0,0.05473,0.0,0.0,0.0,0.0,0.0,0.0,0.0,0.0,0.0,0.0,0.0,0.0,0.0,0.0,0.02179,0.0,0.0,0.0,0.0,0.0,0.0,0.0,0.0,0.0,0.0,0.0,0.00337,0.0,0.0,0.05232,0.0,0.0,0.0,0.0,0.0,0.0,0.00091,0.0,0.0,0.0,0.0,0.0,0.0,0.0,0.0,0.0,0.0,0.0,0.0,0.0,0.0,0.0,0.0,0.00262,0.0,0.0,0.00107,0.0,0.0,0.0,0.0,0.0,0.02014,0.0,0.0,0.00059,0.0,0.0,0.0,0.0,0.0,0.0,0.0,0.0,0.0,0.0,0.0,0.0,0.0,0.0,0.0,0.0,0.0,0.0,0.0,0.0,0.0,0.0,0.0,0.0,0.0,0.0,0.0,0.0,0.0,0.0,0.0,0.0068,0.0,0.0,0.00702,0.0,0.0,0.00161,0.0,0.01655,0.0,0.0,0.0,0.0,0.0,0.0,0.0,0.0,0.0,0.08461,0.0,0.0,0.0,0.0,0.0,0.0,0.0,0.0,0.0,0.0,0.0,0.0,0.0,0.0,0.0,0.0,0.02346,0.0,0.03754,0.0,0.0,0.39919,0.0,0.0,0.0,0.0,0.0,0.0,0.0,0.01135,0.0,0.0,0.0,0.0,0.0,0.0,0.0,0.0,0.02485,0.0,0.0,0.0,0.0,0.0,0.0,0.0,0.0,0.0,0.0,0.0,0.0,0.0,0.0,0.0,0.0,0.0,0.0,0.0,0.0,0.0,0.0,0.02897,0.0,0.0,0.0,0.0,0.0,0.0,0.0,0.01767,0.0
SRR2143594,0.0,0.0,2e-05,0.0,0.00037,0.0,0.00011999999999999999,0.0,0.0,0.0,5e-05,5e-05,0.0,0.0,0.0,0.0,0.0,0.0,4e-05,5e-05,0.0,0.0,0.0,0.0,0.0,0.0,0.0046700000000000005,0.00029,0.0,7.000000000000001e-05,0.0,6.000000000000001e-05,0.00012,0.0,4e-05,0.00011,0.0,3e-05,0.00029,0.0,0.0,0.0,0.0,0.0,0.0,0.0,0.0,0.0,0.0,0.0,0.0,0.0,0.0,0.0,0.0,0.0,1e-05,0.0,0.0005,0.0,0.0,0.0,0.0,0.0,3e-05,0.0,0.0,0.00019,0.0,0.00033,0.0,4e-05,0.0,0.0,0.00026000000000000003,0.0,0.0,0.0,0.0,0.0,0.0,0.0,0.00013000000000000002,0.00025,0.0,0.0,0.0,0.0,0.0,0.0,7e-05,0.00184,0.00017,0.0,0.00034,0.0,0.64834,0.0,0.0,0.0,0.0,2e-05,0.0,0.0,0.0,0.0,0.0,2e-05,0.0,3e-05,0.00038,0.0,8e-05,0.0,0.0,0.0,1e-05,0.0,0.0,7.000000000000001e-05,0.0,0.1597,0.0,0.0,0.0,0.0,0.0,0.0,3e-05,0.0,0.04199,0.0,0.0,0.0,0.0,0.0004,0.00014,0.0,4e-05,0.0,0.0,1e-05,4e-05,0.0,0.00013,0.0,0.0,0.0,9e-05,0.0,0.0,2e-05,0.0,1e-05,9e-05,0.0,0.0,0.0,0.0,0.0,1e-05,5e-05,3.0000000000000004e-05,0.0,0.0,2e-05,2e-05,0.0,0.0,0.0,0.0,0.0,0.0,0.00058,0.0,0.0,0.00028,6e-05,0.0,0.0,0.0,0.0,0.0,0.0,0.0,0.0,2e-05,3e-05,0.00027,8e-05,0.0,6e-05,0.0,6e-05,0.00012000000000000002,0.0,0.00273,0.0,2e-05,0.0,0.00024,2e-05,1e-05,0.0,4e-05,0.0,0.0018800000000000002,1e-05,0.0,2e-05,2e-05,0.0,0.00016,0.00045,0.0251,2e-05,0.0,0.0,0.0,0.00017999999999999998,0.00010999999999999999,0.00281,0.0,0.0,0.00035,0.0049,0.0,3e-05,8e-05,0.0,0.0,6e-05,1e-05,0.0,0.0,0.0,0.0,2e-05,2e-05,0.0,0.0,0.0,2e-05,5e-05,0.0,0.0,0.0,5e-05,2e-05,0.0,0.00037,3.0000000000000004e-05,0.0,2e-05,7.000000000000001e-05,0.00014000000000000001,1e-05,0.0,0.00054
SRR2143678,0.0,0.0,1e-05,0.0,0.00022,0.0,5e-05,0.0,0.0,0.0,1e-05,2e-05,0.0,0.0,0.0,0.0,0.0,0.0,1e-05,3e-05,0.0,0.0,0.0,0.0,0.0,0.0,0.00257,0.00014,0.0,3e-05,0.0,1e-05,5e-05,0.0,4e-05,8e-05,0.0,4e-05,0.00019,0.0,0.0,0.0,0.0,0.0,0.0,0.0,0.0,0.0,0.0,0.0,0.0,0.0,0.0,0.0,0.0,0.0,1e-05,0.0,0.00027,0.0,0.0,0.0,1e-05,0.0,1e-05,0.0,0.0,8e-05,0.0,0.00014,0.0,0.0,0.0,0.0,0.00011,0.0,0.0,2e-05,0.0,0.0,0.0,0.0,6e-05,0.00016,0.0,0.0,0.0,0.0,0.0,0.0,2e-05,0.00152,9e-05,0.0,0.00016,0.0,0.732,0.0,0.0,0.0,0.0,0.0,0.0,0.0,0.0,0.0,0.0,1e-05,0.0,2e-05,0.00019999999999999998,1e-05,7e-05,0.0,0.0,0.0,0.0,0.0,0.0,3e-05,0.0,0.09963,0.0,0.0,0.0,0.0,0.0,0.0,1e-05,0.0,0.041199999999999994,0.0,0.0,0.0,0.0,0.0002,9e-05,0.0,2e-05,0.0,0.0,0.0,3e-05,0.0,4e-05,0.0,0.0,0.0,6e-05,0.0,0.0,2e-05,0.0,0.0,5e-05,0.0,0.0,0.0,0.0,0.0,0.0,0.0,1e-05,0.0,1e-05,1e-05,2e-05,0.0,0.0,0.0,0.0,0.0,0.0,0.00027,0.0,0.0,0.00014000000000000001,4e-05,0.0,0.0,0.0,1e-05,0.0,0.0,0.0,0.0,1e-05,2e-05,0.00013000000000000002,1e-05,1e-05,3e-05,0.0,4e-05,6e-05,0.0,0.00171,0.0,1e-05,0.0,0.00011,0.0,1e-05,0.0,1e-05,0.0,0.002,0.0,0.0,1e-05,1e-05,0.0,7.000000000000001e-05,0.00021,0.0392,1e-05,0.0,1e-05,0.0,0.00014,6e-05,0.00169,0.0,0.0,0.00019,0.00271,0.0,1e-05,4e-05,0.0,0.0,5e-05,0.0,0.0,0.0,0.0,0.0,1e-05,1e-05,0.0,0.0,0.0,1e-05,1e-05,0.0,1e-05,0.0,2e-05,0.0,0.0,0.00023,2e-05,0.0,2e-05,3.0000000000000004e-05,8e-05,1e-05,0.0,0.00024
SRR2143571,0.0,0.0,0.0,0.0,0.0,0.0,0.0,0.0,0.0,0.0,0.0,0.0,0.0,0.0,0.0,0.0,0.0,0.0,0.0,0.0,0.0,0.0,0.0,0.0,0.0,0.0,0.00014,0.0,0.0,7e-05,0.0,0.0,0.0,0.0,7e-05,0.0,0.0,0.00013,0.0,0.0,0.0,0.0,0.0,0.0,0.0,0.0,0.0,0.0,0.0,0.0,0.0,0.0,0.0,0.0,0.0,0.0,0.0,0.0,0.0,0.0,0.0,0.0,0.0,0.0,0.0,0.0,0.0,0.00022,0.0,0.0,0.0,0.0,0.0,0.0,0.0,0.0,0.0,0.0,0.0,0.0,0.0,0.0,0.0,0.0,0.0,0.0,0.0,0.0,0.0,0.0,0.0,0.0,0.0001,0.0,0.0,0.0,0.0,0.0,0.0,0.0,0.0,0.0,0.0,0.0,0.0,0.0,0.0,0.0,0.00013,0.0,0.0,0.0,0.0,0.0,0.0,0.0,0.0,0.0,0.0,0.0,0.0,0.00026,0.0,0.0,0.0,0.0,0.0,0.0,0.0,0.0,0.0,0.0,0.0,0.0,0.0,6e-05,0.0,0.0,0.0,0.0,0.0,0.0,0.0,0.0,0.0,0.0,0.0,0.0,0.0,0.0,6e-05,0.0,0.0,0.0,0.0,0.00183,0.0,0.0,0.0,0.0,0.0,0.0,0.0,0.0,0.0,0.0,0.0,0.0,0.0,0.0,0.0,0.0,0.0,3e-05,0.0,0.0,0.0,0.0,0.0,0.0,0.0,0.0,0.0,0.0,6e-05,3e-05,7e-05,0.0,7e-05,0.0,0.0,0.0,0.0,0.0,0.0,0.0,7e-05,0.0,3e-05,0.0,0.0,0.0,0.0,0.0,0.0,0.0,0.0,0.0,0.0,0.0,0.0,0.0,0.0,0.00013,0.0,0.0,0.0,0.0,0.0,0.0,0.0,0.06266,0.0,0.0,0.00023,0.00015000000000000001,0.0,0.0,0.0,4e-05,0.0,0.0,0.0,0.0,0.0,0.0,0.0,0.0,0.0,0.0,0.0,0.0,0.0,0.0,0.0,0.0,0.0,9e-05,0.93028,0.0,0.00020999999999999998,0.0,0.0,2e-05,0.0,2e-05,0.0,0.0,0.00016999999999999999
SRR2143625,0.0,0.0,0.0,0.0,0.00043000000000000004,0.0,0.00014,0.0,0.0,0.0,5e-05,6e-05,0.0,0.0,0.0,0.0,0.0,0.0,2e-05,8e-05,0.0,0.0,2e-05,0.0,0.0,0.0,0.0059900000000000005,0.00026000000000000003,0.0,6e-05,0.0,6e-05,0.00012,0.0,0.00012,0.00013,0.0,7e-05,0.00044,0.0,0.0,0.0,0.0,0.0,0.0,0.0,0.0,0.0,0.0,0.0,0.0,0.0,0.0,0.0,0.0,0.0,3e-05,0.0,0.00051,0.0,0.0,0.0,0.0,0.0,3e-05,0.0,0.0,0.00015000000000000001,0.0,0.00028,0.0,5e-05,0.0,0.0,0.00021,0.0,0.0,0.0,0.0,0.0,0.0,0.0,0.00014,0.00037,0.0,0.0,0.0,0.0,0.0,0.0,9e-05,0.00268,0.00014,0.0,0.00042,0.0,0.62238,0.0,0.0,0.0,0.0,0.0,0.0,0.0,0.0,0.0,0.0,5e-05,0.0,3e-05,0.00051,0.0,0.00012,0.0,0.0,0.0,0.0,0.0,0.0,6.000000000000001e-05,0.0,0.18616,0.0,0.0,0.0,0.0,0.0,0.0,3e-05,0.0,0.0565,0.0,0.0,0.0,0.0,0.00045,0.00019,0.0,0.0,0.0,0.0,0.0,9e-05,0.0,8.999999999999999e-05,0.0,0.0,0.0,8e-05,0.0,0.0,0.0,0.0,0.0,0.00012,0.0,0.0,0.0,0.0,0.0,0.0,0.0,2e-05,0.0,0.0,2e-05,3e-05,0.0,0.0,0.0,0.0,0.0,0.0,0.00056,0.0,0.0,0.00028,7e-05,0.0,0.0,0.0,0.0,0.0,0.0,0.0,0.0,0.0,3e-05,0.00029,3e-05,0.0,6e-05,0.0,9e-05,9e-05,0.0,0.0032,0.0,3e-05,0.0,0.00032,5e-05,0.0,0.0,3e-05,0.0,0.00195,0.0,0.0,0.0,2e-05,0.0,9e-05,0.00039000000000000005,0.02114,3e-05,0.0,0.0,0.0,0.0,0.00019,0.00201,0.0,0.0,0.00030000000000000003,0.00539,0.0,2e-05,7e-05,0.0,0.0,8e-05,0.0,0.0,0.0,0.0,0.0,0.0,0.0,0.0,0.0,0.0,0.0,2e-05,0.0,0.0,0.0,0.0,0.0,0.0,0.00030000000000000003,0.0,0.0,0.0,0.00012,0.00017,0.0,0.0,0.00061
SRR2143715,0.0,0.0,2e-05,0.0,0.0003,0.0,0.0001,0.0,0.0,0.0,3e-05,6e-05,0.0,0.0,0.0,0.0,0.0,0.0,3e-05,4e-05,0.0,0.0,2e-05,0.0,0.0,0.0,0.00437,0.00029,0.0,4e-05,0.0,3e-05,0.00014,0.0,8e-05,0.00012,0.0,8e-05,0.00027,0.0,0.0,0.0,0.0,0.0,0.0,0.0,0.0,0.0,0.0,0.0,0.0,0.0,0.0,0.0,0.0,0.0,0.0,0.0,0.00048000000000000007,0.0,0.0,0.0,0.0,0.0,5e-05,0.0,0.0,0.00015000000000000001,0.0,0.00029,0.0,3e-05,0.0,0.0,0.00025,0.0,0.0,0.0,0.0,0.0,0.0,0.0,0.00012,0.00028000000000000003,0.0,0.0,0.0,0.0,0.0,0.0,4e-05,0.00202,0.00021,0.0,0.00036,0.0,0.63018,0.0,0.0,0.0,0.0,0.0,0.0,0.0,0.0,0.0,0.0,5e-05,0.0,2e-05,0.00035000000000000005,2e-05,9e-05,0.0,0.0,0.0,0.0,0.0,0.0,6.000000000000001e-05,0.0,0.16729,0.0,0.0,0.0,0.0,0.0,0.0,2e-05,0.0,0.06276,0.0,0.0,0.0,0.0,0.00043000000000000004,0.00013,0.0,0.0,0.0,0.0,0.0,6e-05,0.0,7.000000000000001e-05,0.0,0.0,2e-05,9e-05,0.0,0.0,2e-05,0.0,0.0,0.00011,0.0,0.0,0.0,0.0,0.0,0.0,6e-05,3e-05,0.0,0.0,2e-05,2e-05,0.0,0.0,0.0,0.0,0.0,0.0,0.00046,0.0,0.0,0.00025,7e-05,0.0,0.0,0.0,2e-05,0.0,0.0,0.0,0.0,0.0,2e-05,0.00027,2e-05,0.0,6e-05,0.0,0.0001,0.0001,0.0,0.00313,0.0,2e-05,0.0,0.00023,0.0,1e-05,0.0,3e-05,0.0,0.0018800000000000002,0.0,0.0,2e-05,0.0,0.0,0.0001,0.00041000000000000005,0.03234,2e-05,0.0,0.0,0.0,0.0002,0.00011,0.00254,0.0,0.0,0.00019,0.00487,0.0,0.0,5e-05,0.0,0.0,7e-05,0.0,0.0,0.0,0.0,0.0,0.0,0.0,0.0,0.0,0.0,0.0,4e-05,0.0,2e-05,0.0,0.0,2e-05,0.0,0.00038,3e-05,0.0,0.0,9e-05,0.00016999999999999999,1e-05,0.0,0.00062
SRR12478625,0.000182966,0.022504803,0.0,0.0,0.000182966,0.0,0.000182966,0.0,0.000182966,0.0,9.15e-05,0.0,0.0,9.15e-05,0.0,0.0,0.0,0.002104108,0.000548898,0.0,9.15e-05,0.0,0.0,0.000182966,0.0,0.0,9.15e-05,0.022047388,0.0,0.0,0.002835971,0.0,9.15e-05,0.0,0.0,9.15e-05,0.0,0.0,0.0,0.000274449,0.0,0.0,0.0,0.0,0.0,0.000457415,0.0,0.0,0.0,0.0,0.0,9.15e-05,0.0,0.000914829,9.15e-05,0.000182966,0.0,0.0,0.0,0.000182966,0.0,0.0,0.0,0.0,0.0,0.0,0.001738176,0.003476352,9.15e-05,0.000274449,0.0,0.0,0.0,0.0,9.15e-05,0.0,0.000182966,0.0,0.0,0.0,0.0,0.0,0.000914829,0.0,0.002470039,0.0,0.0,9.15e-05,9.15e-05,0.0,0.0,0.000274449,9.15e-05,0.000365932,0.0,0.0,0.000548898,9.15e-05,0.006586772,0.0,0.0,0.149574604,0.000457415,0.0,0.000274449,0.0,0.0,0.0,0.000823346,0.0,0.0,0.0,0.0,0.0,0.0,0.0,0.000548898,9.15e-05,9.15e-05,0.0,9.15e-05,0.0,0.0,0.0,0.0,0.0,0.000182966,0.0,0.0,0.000365932,0.0,0.0,0.001097795,0.004208215,0.0,0.000548898,0.0,0.0,9.15e-05,0.0,0.0,0.000457415,0.0,0.0,0.0,0.0,0.0,0.0,0.001189278,0.0,0.0,0.0,0.0,0.0,0.0,9.15e-05,0.0,0.003201903,0.0,0.0,0.0,0.0,9.15e-05,0.0,9.15e-05,0.0,0.0,9.15e-05,0.0,0.0,9.15e-05,0.000365932,0.001372244,0.0,0.000182966,0.0,0.0,0.000640381,9.15e-05,0.0,0.0,0.0,0.0,0.0,0.0,0.0,0.0,0.0,0.0,0.0,0.0,0.746683743,0.0,0.0,0.0,0.0,0.000365932,0.001829659,0.0,0.0,0.0,0.000548898,0.0,0.000182966,0.005946391,0.0,0.000640381,0.0,0.0,0.0,9.15e-05,0.0,0.000457415,0.0,0.000182966,0.0,0.0,0.0,0.0,0.000182966,0.0,0.001372244,0.000274449,0.0,0.001006312,0.0,9.15e-05,9.15e-05,0.0,0.0,0.0,0.0,0.0,0.0,0.0,0.0,9.15e-05,9.15e-05,0.000182966,0.0,0.0,0.0,0.0,0.0,0.0,0.001646693,0.0,0.0,0.0,0.0,0.0,9.15e-05,0.0,0.0,0.0,9.15e-05,0.0,0.0,0.0
SRR12478626,0.000773418,0.040009519,2.97e-05,0.0,0.0,0.0,0.0,0.0,0.0,8.92e-05,2.97e-05,0.001189874,0.0,0.0,0.0,0.0,2.97e-05,0.00113038,0.001665824,2.97e-05,5.95e-05,0.0,0.0,0.0,2.97e-05,0.0,2.97e-05,0.019156974,5.95e-05,0.0,0.0,8.92e-05,0.00047595,0.0,0.0,0.000148734,0.0,0.0,0.0,2.97e-05,2.97e-05,0.000118987,5.95e-05,0.0,0.0,0.0,0.0,0.0,0.0,2.97e-05,0.0,0.0,0.0,0.001874052,8.92e-05,0.0,0.0,0.0,0.0,8.92e-05,0.0,2.97e-05,2.97e-05,0.0,8.92e-05,0.0,0.000684178,0.004432281,0.000446203,0.0,0.0,0.0,0.0,5.95e-05,5.95e-05,2.97e-05,0.0,0.0,0.0,0.0,2.97e-05,2.97e-05,0.001636077,0.0,0.000237975,0.0,0.0,0.0,0.0,0.0,0.0,2.97e-05,0.0,0.0,0.0,5.95e-05,0.000148734,0.003063926,0.005711396,0.0,0.0,0.234732427,0.005205699,0.000118987,2.97e-05,2.97e-05,0.0,0.0,0.001963292,0.0,2.97e-05,8.92e-05,2.97e-05,0.0,0.0,0.0,2.97e-05,0.0,0.0,0.000386709,0.000356962,0.0,0.0,0.0,0.0,0.0,0.000148734,5.95e-05,0.0,0.000148734,5.95e-05,0.0,0.000237975,0.013445578,0.0,0.000178481,0.0,0.0,0.000118987,0.0,0.0,5.95e-05,0.0,0.0,0.0,0.0,0.0,0.0,2.97e-05,0.0,0.0,8.92e-05,0.000178481,0.000178481,0.0,0.00104114,5.95e-05,0.000624684,0.0,8.92e-05,0.0,0.000386709,0.0,0.0,0.0,0.0,0.0,0.0,0.0,0.00047595,0.0,0.0,0.020376595,2.97e-05,0.0,0.0,0.0,0.00047595,0.0,0.0,0.0,0.0,0.0,0.027039891,0.0,0.0,0.0,0.0,0.0,0.0,2.97e-05,0.596335188,0.0,0.0,0.0,2.97e-05,0.0,0.005532915,0.0,2.97e-05,0.0,0.000654431,0.0,2.97e-05,0.002320255,0.0,2.97e-05,2.97e-05,0.0,0.0,0.000178481,0.0,0.0,0.0,0.0,0.0,0.0,0.0,0.0,0.0,0.0,2.97e-05,2.97e-05,2.97e-05,0.001100634,0.0,0.0,0.0,0.0,2.97e-05,2.97e-05,0.0,0.000178481,0.0,2.97e-05,0.0,0.0,0.0,2.97e-05,0.0,0.0,0.0,0.0,2.97e-05,0.0,0.0,0.0,0.0,0.000118987,0.0,0.0,0.0,0.0,0.000237975,0.0,0.0,0.0,0.0,0.0
SRR12478627,6.77e-05,0.000101547,0.0,3.38e-05,0.000169245,0.0,3.38e-05,0.0,0.000135396,0.000473886,0.0,0.000609281,0.0,0.0,0.0,0.0,0.0,0.001117016,0.000507734,0.0,0.0,3.38e-05,0.0,3.38e-05,0.0,0.0,3.38e-05,0.013438039,0.0,0.0,0.001218563,0.011204008,0.000203094,0.0,0.0,0.000169245,0.0,0.0,0.0,0.0,0.0,0.0,0.0,0.0,0.0,0.0,0.0,0.0,0.0,6.77e-05,0.0,0.0,0.0,0.000406188,3.38e-05,0.0,0.0,0.000101547,0.0,6.77e-05,0.0,0.0,0.0,0.0,3.38e-05,3.38e-05,0.001252412,0.001929391,0.001049318,0.000372339,0.0,0.0,0.0,0.0,3.38e-05,3.38e-05,0.001929391,0.0,0.0,3.38e-05,0.0,0.0,0.000203094,0.0,0.012050232,0.0,0.0,0.0,6.77e-05,0.0,0.0,0.000101547,0.0,0.0,0.0,0.000101547,0.000135396,0.000270792,0.007785262,0.0,0.0,0.042108114,0.000507734,3.38e-05,0.0,3.38e-05,0.0,0.000101547,0.00098162,3.38e-05,0.0,0.0,0.0,0.0,0.0,0.0,0.002775615,0.0,0.0,0.0,0.000135396,0.0,0.002098636,0.0,3.38e-05,0.0,0.000270792,0.0,0.0,0.000135396,0.0,0.0,0.000101547,0.003621839,0.0,0.003486443,3.38e-05,0.0,0.0,0.000744677,0.0,0.000236943,0.0,0.0,0.0,0.0,0.0,0.0,0.000203094,0.0,0.0,0.016958332,0.000101547,0.0,0.0,0.000169245,6.77e-05,0.001793995,0.0,0.001150865,3.38e-05,3.38e-05,0.000135396,0.0,0.0,0.0,0.0,0.0,0.0,0.000541583,0.0,0.000372339,0.003012558,0.000270792,0.0,0.0,0.0,0.000270792,0.0,0.0,0.0,3.38e-05,6.77e-05,0.000880073,0.0,0.0,0.0,0.0,0.0,3.38e-05,0.0,0.835764817,0.0,6.77e-05,0.0,0.0,0.000135396,0.005009647,0.0,0.0,0.000101547,0.001997089,0.0,0.0,0.002132485,0.0,0.00033849,0.0,0.0,0.0,0.002911011,0.0,0.000270792,0.0,0.0,0.0,0.0,0.0,0.0,0.000406188,0.0,0.000473886,0.000135396,3.38e-05,0.002538672,0.0,3.38e-05,3.38e-05,3.38e-05,0.0,0.000372339,0.0,0.0,0.000372339,0.0,0.0,0.0,0.0,0.0,0.0,3.38e-05,0.0,0.0,0.000101547,0.0,0.000135396,0.0,0.0,0.004705006,0.0,3.38e-05,0.0,0.0,0.0,0.0,0.0,0.0,0.0,0.0
SRR12478628,0.001962388,5.45e-05,5.45e-05,0.005069501,5.45e-05,0.000109022,0.0,0.0,0.0,5.45e-05,0.0,0.017988553,0.0,0.0,0.000109022,0.0,0.0,0.001689834,0.007304443,0.0,0.000545108,5.45e-05,0.0,0.0,0.0,0.0,5.45e-05,0.214118288,0.0,0.0,5.45e-05,0.000272554,0.004578904,0.0,0.0,0.000436086,0.0,0.0,0.0,0.0,0.0,0.000272554,0.0,0.0,0.0,0.0,0.0,5.45e-05,0.0,5.45e-05,0.0,0.0,0.0,0.000763151,0.0,0.0,5.45e-05,0.0,0.0,0.000545108,0.0,0.0,0.0,0.0,0.000599618,0.0,0.000817661,0.009866449,0.000817661,0.000218043,0.0,0.0,0.0,0.000381575,0.0,0.032542927,0.002889071,0.0,0.0,0.0,0.000109022,0.0,0.003652221,0.0,0.013900245,0.0,0.0,0.0,0.0,5.45e-05,0.0,0.0,0.0,0.0,5.45e-05,0.000218043,0.000109022,0.010357046,0.074625238,0.0,0.0,0.31529027,0.009484873,0.000545108,0.0,0.000490597,5.45e-05,0.000163532,0.010466067,0.000109022,5.45e-05,0.000272554,0.0,0.0,0.0,0.0,0.010793132,0.0,0.0,0.0,0.004633415,0.0,0.00070864,0.0,0.0,0.0,0.000490597,5.45e-05,0.0,0.0,0.0,0.0,0.001798855,0.027800491,0.0,0.000490597,0.000109022,0.0,5.45e-05,0.0,0.0,0.000218043,0.0,0.0,0.0,5.45e-05,0.0,0.0,0.001199237,0.0,0.0,0.000109022,0.001635323,0.0,0.0,0.001308258,0.000817661,0.005832652,0.0,0.000163532,5.45e-05,5.45e-05,0.0,0.0,5.45e-05,5.45e-05,0.0,0.0,0.0,0.005614609,0.0,5.45e-05,0.024366312,0.000599618,0.0,0.0,0.0,0.007740529,0.0,0.0,0.0,0.0,0.0,0.000763151,0.0,0.0,0.0,0.0,0.0,5.45e-05,0.0,0.116980104,0.0,0.0,0.0,0.0,5.45e-05,0.017334424,0.0,5.45e-05,0.000109022,0.004524394,0.0,5.45e-05,0.011883347,0.0,0.0,0.0,0.0,0.0,0.0,0.0,0.0,0.0,5.45e-05,0.0,0.0,0.0,0.0,0.001090215,0.000109022,0.000272554,0.0,0.0,0.001689834,0.0,0.000545108,0.0,0.0,5.45e-05,0.000599618,0.0,0.000163532,0.0,0.0,0.000163532,0.0,0.000109022,0.0,5.45e-05,0.0,0.0,0.000109022,0.000163532,0.000272554,0.000109022,0.0,0.0,0.000272554,0.0,0.000109022,0.0,0.0,0.000109022,0.0,0.0,0.0,0.0,0.0
SRR12478629,0.002651839,0.027373824,0.0,0.002224123,0.000940975,0.0,0.000171086,0.0,0.000427716,0.00025663,0.0,0.001112062,0.0,0.0,0.004106074,0.0,0.000342173,0.00213858,0.005303678,0.0,0.004106074,0.0,0.0,0.0,0.0,0.0,0.000171086,0.123952096,0.000513259,8.55e-05,0.0,0.001197605,0.001197605,0.000171086,0.0,0.009666382,8.55e-05,0.0,0.0,0.000427716,0.000342173,0.000171086,0.0,0.000171086,0.0,0.002053037,0.00025663,0.0,0.0,8.55e-05,0.000684346,0.0,0.0,0.013686912,0.000342173,0.000171086,0.0,0.0,0.0,0.001625321,0.0,0.000684346,0.0,0.0,0.001197605,0.003250642,0.001454234,0.025748503,0.001967494,0.000171086,0.0,0.0,8.55e-05,0.00025663,0.000171086,0.001710864,0.046621044,0.000427716,0.000171086,0.000342173,0.000171086,0.0,0.014114628,0.0,0.000598802,0.0,0.0,0.0,0.000513259,0.0,0.0,0.00025663,0.0,0.0,0.000769889,0.004362703,0.005303678,0.003849444,0.050128315,0.0,0.0,0.173139435,0.007613345,0.006501283,0.000769889,0.000513259,0.0,0.0,0.015483319,0.0,0.0,0.000769889,0.00025663,8.55e-05,0.0,0.0,0.000769889,0.0,0.0,0.003678358,0.000940975,0.0,0.005731394,0.0,0.0,0.0,0.000769889,0.000513259,0.0,0.000427716,0.00025663,0.0,0.000427716,0.008212147,0.0,0.005988024,0.0,0.0,0.000171086,0.00025663,0.000598802,0.002651839,8.55e-05,0.0,0.0,0.000171086,0.0,0.0,0.013002566,0.0,0.0,0.001710864,0.00213858,0.003079555,0.0,0.01283148,0.001710864,0.004790419,0.001026518,0.000171086,8.55e-05,0.004448246,0.0,0.0,0.000171086,0.0,0.000342173,0.0,0.0,0.002822926,0.0,0.000598802,0.193242087,0.003336185,0.000171086,0.0,0.0,0.009153122,0.0,0.0,0.0,0.0,0.0,0.015055603,8.55e-05,0.0,0.0,0.0,0.0,0.0,0.000171086,0.032591959,0.0,8.55e-05,8.55e-05,0.000171086,0.000427716,0.000342173,0.000171086,0.0,0.000684346,0.001539778,0.0,0.00025663,0.041573995,0.0,0.000342173,0.000427716,0.0,0.0,0.000342173,0.0,0.000171086,0.0,8.55e-05,0.0,0.001197605,0.0,0.0,0.0,0.001368691,0.00025663,0.0,8.55e-05,0.00427716,8.55e-05,0.0,0.00025663,0.0,0.000171086,0.000171086,0.0,0.000769889,0.0,0.0,0.000171086,0.00025663,0.0,0.0,0.0,0.0,0.0,0.0,0.000342173,8.55e-05,0.0,0.000171086,0.0,0.002480753,0.0,8.55e-05,8.55e-05,0.0,0.000171086,0.005047049,0.000684346,0.0,0.0,0.0
SRR12478630,0.000269716,0.007821771,0.000215773,0.0,0.000107887,0.0,0.0,0.0,0.0,0.00032366,0.0,0.003614198,0.0,0.0,0.0,0.0,0.0,0.00431546,0.002589276,0.0,0.00016183,0.0,0.0,0.0,0.000107887,0.0,0.000107887,0.543855864,0.0,0.0,5.39e-05,0.000107887,0.000377603,0.0,5.39e-05,0.000970979,0.0,0.0,0.0,0.0,0.0,0.0,0.0,0.0,0.0,0.0,5.39e-05,5.39e-05,5.39e-05,0.0,0.0,0.000107887,0.0,0.0,0.000215773,0.0,0.0,5.39e-05,0.0,5.39e-05,0.0,0.0,0.0,0.0,5.39e-05,0.0,0.0,0.00215773,0.000485489,0.0,0.0,0.0,0.0,0.0,0.000107887,0.0,5.39e-05,0.0,5.39e-05,0.0,5.39e-05,0.0,0.003776028,0.0,0.000269716,0.0,0.0,0.0,0.000107887,0.0,0.0,0.0,0.0,0.0,0.0,0.0,0.00032366,0.0,0.004207574,0.0,0.0,0.163016507,0.0,0.00016183,0.0,0.00016183,0.0,0.0,0.005394325,0.0,0.001402525,0.0,0.0,0.0,0.0,5.39e-05,0.000107887,0.0,0.0,0.0,0.0,0.000107887,0.0,0.0,0.0,0.0,5.39e-05,0.0,0.0,0.000701262,5.39e-05,0.0,0.001941957,0.017801273,0.0,0.001294638,0.0,0.0,0.00016183,0.0,0.0,0.0,0.0,0.0,0.0,0.0,0.0,0.0,0.007066566,0.0,0.0,5.39e-05,0.0,0.0,0.0,0.00016183,0.0,0.001240695,0.0,0.0,0.000107887,0.0,0.0,0.0,0.000107887,0.0,0.0,0.0,0.0,0.000431546,0.0,0.0,0.00431546,0.0,0.0,0.0,0.0,0.003344482,0.0,0.0,0.0,0.0,0.0,0.0,0.0,0.0,0.0,0.0,0.0,0.00016183,0.0,0.177365412,0.0,0.0,0.0,0.0,5.39e-05,0.006365304,5.39e-05,0.0,0.000485489,0.023195598,0.0,5.39e-05,0.001834071,0.0,0.0,5.39e-05,0.0,0.0,0.0,0.0,0.0,0.0,0.0,0.0,0.0,0.0,0.0,0.0,5.39e-05,5.39e-05,0.0,0.0,0.000431546,0.0,0.000107887,0.000107887,0.0,5.39e-05,0.000215773,0.0,0.0,0.0,0.0,0.0,0.0,0.0,0.0,0.0,0.0,0.0,5.39e-05,5.39e-05,0.0,5.39e-05,0.0,0.0,0.001078865,0.0,0.0,0.0,0.0,0.0,0.0,0.0,0.0,0.0,0.0
SRR12478631,0.00015452,0.024517126,0.0,0.002266289,0.000103013,0.0,0.0,0.0,0.0,0.000103013,0.00015452,0.00015452,5.15e-05,0.0,0.000463559,0.0,5.15e-05,0.059696111,0.002781355,0.0,0.00149369,5.15e-05,0.0,0.0,0.0,0.0,5.15e-05,0.012670616,0.000309039,0.0,0.0,0.000412053,0.000669585,5.15e-05,0.0,0.003141901,0.0,0.0,0.0,0.000206026,0.0,5.15e-05,0.0,5.15e-05,0.000103013,0.000206026,0.0,0.0,0.0,5.15e-05,0.000103013,0.0,0.0,0.002832861,0.000309039,0.0,0.0,0.0,0.0,0.000515066,0.0,0.0,5.15e-05,0.0,0.000566572,0.0,0.000875612,0.008910636,0.000875612,0.00015452,0.0,0.0,0.0,0.0,0.000360546,0.000412053,0.002626835,0.000103013,5.15e-05,5.15e-05,5.15e-05,0.0,0.005614216,0.000103013,5.15e-05,5.15e-05,0.0,0.000515066,0.0,0.0,0.0,0.000257533,5.15e-05,0.0,0.0,0.000206026,0.000515066,0.01874839,0.130620654,0.0,0.0,0.102807108,0.002214782,0.003193407,0.000206026,0.000206026,0.0,0.0,0.008910636,0.0,5.15e-05,0.00015452,0.000463559,0.0,0.000103013,0.0,0.00015452,0.0,0.0,0.000103013,0.001390677,0.0,0.001390677,0.0,5.15e-05,0.0,0.000412053,0.0,0.0,0.00015452,0.000309039,5.15e-05,0.00015452,0.011434458,0.0,0.00195725,0.0,0.0,0.000257533,0.0,0.0,0.000978625,0.0,0.0,0.0,0.0,0.0,0.0,0.00164821,0.0,0.0,5.15e-05,0.000257533,0.000257533,0.0,0.001545197,0.000927118,0.00180273,0.0,0.000257533,0.0,0.001184651,0.0,0.0,0.0,5.15e-05,0.0,0.0,0.0,0.000103013,0.0,0.0,0.034457893,0.000515066,0.0,0.0,5.15e-05,0.000978625,0.0,0.0,0.000103013,0.0,0.0,0.000103013,0.0,0.0,0.0,0.0,0.0,0.0,0.0,0.497553438,5.15e-05,0.0,0.0,0.000103013,0.0,0.001390677,5.15e-05,0.0,0.000721092,0.011022405,0.0,0.000103013,0.010558846,0.0,0.00015452,5.15e-05,0.0,0.0,0.000360546,0.0,0.0,0.0,0.0,0.0,0.0,0.0,0.000103013,0.000103013,5.15e-05,0.000206026,0.000103013,0.0,0.00149369,0.0,0.0,0.0,0.0,0.0,0.0,0.0,0.00015452,0.00015452,0.0,0.000206026,0.0,5.15e-05,0.0,0.0,5.15e-05,0.0,0.0,0.0,5.15e-05,0.0,0.0,0.0,0.0,0.0,0.0,0.0,0.0,0.001339171,0.0,0.0,0.0,0.0,0.0
SRR12478632,0.000202112,0.000151584,0.0,0.0,0.0,0.0,0.0,0.0,0.0,0.0,0.0,0.002071649,0.0,0.0,0.0,0.0,0.0,0.001465313,0.000656864,0.0,0.0,0.000202112,0.0,0.0,0.0,0.0,0.000101056,0.023394472,0.001364256,0.0,0.0,0.000909504,0.000707392,0.0,0.0,0.000151584,0.0,0.0,0.0,0.0,5.05e-05,5.05e-05,0.0,5.05e-05,0.0,0.0,0.0,5.05e-05,0.0,0.0,0.0,0.0,0.0,5.05e-05,5.05e-05,0.0,0.0,0.0,0.0,0.0,0.0,0.0,0.0,0.0,0.000151584,0.0,0.000656864,0.003233793,0.000606336,0.0,0.0,0.0,0.0,5.05e-05,0.000101056,0.0,0.002576929,0.0,0.0,0.000101056,0.0,0.0,0.000707392,0.0,0.029761002,0.0,0.0,5.05e-05,0.000151584,0.0,0.0,0.0,0.0,0.0,0.0,0.0,0.000353696,5.05e-05,0.018998535,0.0,0.0,0.053761811,0.001465313,0.0,0.0,0.0,0.0,0.0,0.005153858,0.0,0.0,0.0,0.0,0.0,0.0,0.0,0.001869537,0.0,0.0,0.0,0.000101056,0.0,0.0,0.0,0.000101056,0.0,5.05e-05,0.0,0.0,0.000202112,0.0,0.0,0.00025264,0.003334849,0.0,0.001212672,0.0,0.0,0.0,0.0,0.0,0.000404224,0.0,0.0,0.0,0.0,0.0,0.0,0.000353696,0.0,0.0,0.000960032,5.05e-05,0.0,0.0,0.000454752,0.0,0.000454752,0.0,0.0,0.0,0.000303168,0.0,0.0,0.0,0.0,0.0,0.0,0.0,0.00025264,0.0,0.000101056,0.005810722,0.000202112,0.0,0.0,5.05e-05,0.000555808,0.0,0.0,0.0,0.0,0.0,0.000151584,0.0,0.0,0.0,0.0,0.0,0.0,0.0,0.819463392,0.0,0.0,0.0,5.05e-05,0.0,0.000101056,0.0,5.05e-05,0.0,0.004901218,5.05e-05,0.0,0.003739073,0.0,0.000151584,0.0,0.0,0.0,5.05e-05,0.0,0.0,0.0,0.0,5.05e-05,0.0,0.0,0.0,0.0,0.0,0.000353696,5.05e-05,0.0,0.000960032,0.0,0.000656864,0.000101056,0.0,0.0,0.0,0.0,5.05e-05,0.0,0.0,0.0,5.05e-05,0.0,0.0,0.0,0.0,0.0,0.0,0.0,0.0,0.001212672,5.05e-05,0.0,0.000353696,0.0,0.0,0.0,0.0,0.000202112,0.0,0.0,0.0,0.0,0.0
SRR12478633,0.000233918,0.003508772,0.000155945,0.0,0.000155945,7.8e-05,0.0,0.0,0.0,0.0,0.0,0.000155945,0.0,0.0,0.0,0.0,0.0,0.002339181,0.000623782,0.0,0.000233918,0.0,0.0,0.0,0.0,0.0,7.8e-05,0.014502924,7.8e-05,0.0,7.8e-05,7.8e-05,0.000155945,7.8e-05,0.0,0.000311891,0.0,0.0,0.0,0.0,0.0,0.0,0.0,0.0,0.0,0.0,0.0,0.0,0.0,0.0,0.0,0.0,0.0,0.000389864,0.000155945,0.0,0.0,0.0,0.0,0.000233918,0.0,0.0,0.0,0.0,0.0,0.0,0.003664717,0.004132554,0.000545809,0.0,0.0,0.0,0.0,0.000155945,7.8e-05,0.0,0.0008577,0.0,7.8e-05,7.8e-05,0.0,0.0,0.000311891,0.0,0.025497076,0.0,0.0,0.0,7.8e-05,0.0,0.0,0.0,0.000155945,0.0,0.0,0.000311891,0.001013645,0.0,0.010604288,0.0,0.0,0.113918129,0.001247563,7.8e-05,0.0,0.0,0.000389864,0.0,0.002105263,0.0,0.0,0.0,0.0,0.0,0.0,0.0,0.004678363,0.0,0.0,0.0,7.8e-05,0.0,7.8e-05,0.0,0.0,0.0,0.0,0.0,0.0,0.0,0.000233918,0.0,0.000389864,0.003352827,0.0,0.000233918,0.000155945,0.0,0.000779727,0.000155945,0.0,0.000545809,0.0,0.0,0.0,0.0,0.0,0.0,0.000701754,0.0,0.0,0.000545809,0.0,0.0,0.0,0.000389864,0.0,0.002183236,7.8e-05,0.0,0.0,0.000233918,0.0,0.0,0.0,0.0,0.0,0.0,0.0,0.0,0.0,0.000389864,0.004834308,0.000389864,0.0,0.0,0.0,7.8e-05,0.0,0.0,0.0,0.0,0.0,7.8e-05,0.0,0.0,0.0,0.0,0.0,0.0,0.0,0.734736842,0.0,0.0,0.0,0.0,0.0,0.001247563,0.0,0.0,0.000233918,0.015516569,0.0,0.0,0.007563353,0.0,0.000155945,0.0,0.0,0.0,0.001247563,0.0,0.0,0.0,7.8e-05,0.0,0.0,0.0,0.0,0.0,0.0,0.001013645,0.0,0.0,0.022378168,0.0,0.0,0.0,0.0,0.0,7.8e-05,0.0,7.8e-05,0.000935673,0.0,0.0,0.0,0.0,0.0,0.0,7.8e-05,0.0,0.0,0.0,0.0,0.000467836,0.0,7.8e-05,0.001949318,0.0,0.0,0.0,0.0,0.001637427,0.0,0.000311891,0.0,0.0,0.0
SRR12478634,0.001295824,0.025665677,4.18e-05,0.000125402,4.18e-05,0.0,8.36e-05,0.0,0.0,0.001797433,0.0,0.006897128,0.0,0.0,0.0,0.0,0.0,0.002967855,0.000836016,8.36e-05,0.000125402,0.000125402,0.0,0.0,0.0,0.0,0.000167203,0.104000334,0.003176859,0.0,4.18e-05,0.002591648,0.000125402,4.18e-05,0.0,0.000668812,0.0,0.0,0.0,0.0,0.0,0.000125402,0.0,0.0,4.18e-05,0.0,0.0,4.18e-05,0.0,0.0,0.0,0.0,0.0,0.000376207,0.0,0.0,0.0,0.0,0.0,0.000292605,0.0,0.0,0.0,0.0,4.18e-05,0.0,0.000836016,0.00915437,0.004096476,0.000125402,0.0,0.0,0.0,0.0,0.0,0.000167203,0.001045019,4.18e-05,0.0,0.0,0.000167203,0.0,0.004096476,0.0,8.36e-05,0.0,0.0,0.0,4.18e-05,0.000376207,0.0,4.18e-05,4.18e-05,0.0,0.0,0.0,0.000501609,0.003971074,0.044517828,0.0,0.0,0.252267692,0.0,0.000627012,0.0,0.000250805,0.000292605,0.0,0.003427664,0.0,8.36e-05,0.0,0.0,0.0,4.18e-05,4.18e-05,0.001003219,0.0,0.0,0.015549889,0.002090039,0.0,0.002048238,0.0,0.0,0.0,0.000167203,0.0,0.0,4.18e-05,4.18e-05,0.0,0.000334406,0.01400326,0.0,0.024244451,0.000418008,0.0,4.18e-05,0.0,0.0,0.000418008,0.0,0.0,0.0,4.18e-05,0.000418008,0.0,0.002884254,0.0,0.0,0.000292605,0.000585211,0.0,0.0,0.000585211,0.0,0.001546629,0.0,4.18e-05,0.000167203,0.0,0.0,0.0,4.18e-05,0.0,4.18e-05,0.0,0.0,0.002800652,0.000125402,0.0,0.014881077,0.000376207,0.0,0.0,0.0,0.002048238,0.0,0.0,0.0,0.0,0.0,0.000334406,0.0,0.0,0.0,0.0,0.0,0.0,0.0,0.398277808,0.0,4.18e-05,0.0,0.0,0.000125402,8.36e-05,0.0,0.0,0.0,0.007106132,0.000167203,0.0,0.013668854,0.0,4.18e-05,8.36e-05,0.0,0.0,8.36e-05,0.0,4.18e-05,0.0,4.18e-05,0.0,8.36e-05,0.0,0.0,0.001003219,0.0,0.000125402,4.18e-05,0.000167203,0.004472683,0.0,4.18e-05,0.0,0.0,4.18e-05,8.36e-05,0.0,4.18e-05,0.0,0.0,4.18e-05,4.18e-05,0.0,0.0,0.0,0.0,0.0,0.0,4.18e-05,4.18e-05,0.000209004,0.0,0.0,0.001421226,0.0,0.0,0.0,0.0,0.005057894,0.000125402,0.0,0.0,0.0,0.0
SRR12478635,0.0,0.0,0.0,0.0,0.000457945,0.0,7.63e-05,0.0,0.0,0.0,0.0,0.000381621,0.0,0.0,0.0,0.0,0.0,0.0,0.000152648,0.0,0.0,7.63e-05,0.0,0.0,7.63e-05,0.0,0.000152648,0.611967639,0.0,7.63e-05,0.0,0.000228973,0.0,7.63e-05,0.0,0.0,0.0,0.0,0.0,7.63e-05,0.0,0.0,0.0,0.0,0.0,0.0,0.0,0.0,0.0,0.0,0.0,0.0,0.0,0.0,0.001373836,7.63e-05,0.0,0.0,0.0,0.0,0.0,7.63e-05,0.0,0.0,0.0,0.0,0.0,0.00053427,0.0,7.63e-05,0.0,0.0,0.0,0.0,0.000305297,0.0,0.0,0.0,0.0,7.63e-05,0.0,0.0,0.0,0.0,0.000152648,0.0,0.0,0.0,0.000305297,0.0,0.0,0.0,0.000686918,0.0,0.0,0.000457945,0.00145016,0.0,0.000610594,0.0,0.0,0.007708747,0.166768432,7.63e-05,0.0,0.0,0.0,0.0,0.000152648,0.0,0.0,0.000228973,0.0,0.0,0.0,0.0,0.0,0.0,0.0,0.0,0.0,0.0,0.0,0.0,0.000305297,0.0,0.000228973,0.0,0.0,0.000457945,7.63e-05,0.0,0.0,0.000152648,0.0,0.001602809,0.0,0.0,0.0,0.0,0.0,0.000457945,7.63e-05,0.0,0.0,0.0,0.0,0.0,0.0,0.0,0.0,7.63e-05,0.0,0.002595024,0.0,0.0,0.0,0.0,0.0,7.63e-05,0.0,7.63e-05,0.0,0.0,0.0,0.0,0.0,0.0,0.0,0.0,0.0,0.0,0.018470463,0.0,0.0,0.0,0.000228973,0.164326057,0.0,0.0,0.0,0.0,0.0,0.0,0.0,0.0,0.0,0.0,0.0,0.0,0.000152648,0.006258586,0.0,7.63e-05,0.0,0.0,0.0,0.000152648,7.63e-05,0.0,0.000152648,7.63e-05,0.0,0.0,0.000305297,0.0,0.0,0.0,0.0,0.0,7.63e-05,0.0,0.0,0.0,0.000305297,0.0,0.0,0.0,0.0,0.00053427,0.0,0.000152648,0.0,0.0,0.000992215,0.0,0.0,7.63e-05,0.0,0.0,0.000228973,0.0,0.0,0.0,0.0,0.0,7.63e-05,0.000152648,0.0,0.0,7.63e-05,0.0,0.0,0.0,0.0,0.000152648,0.002213403,7.63e-05,0.0,0.0,0.0,0.0,0.0,0.000457945,0.0,0.000152648,0.0,0.0,0.0
SRR12478636,0.000139189,0.001113508,6.96e-05,0.0,0.000417566,0.0,0.0,0.0,0.0,0.00097432,0.0,0.003062148,0.0,0.0,0.0,0.0,0.0,0.000208783,0.0,0.0,0.000278377,0.0,0.0,0.0,0.0,0.0,6.96e-05,0.736446517,0.000208783,0.0,0.000139189,0.0,0.0,0.00048716,0.0,0.0,0.0,0.0,0.0,0.0,0.0,0.0,0.0,0.000139189,0.000208783,0.0,0.0,0.0,0.0,0.0,0.0,0.0,0.0,6.96e-05,0.000278377,0.000208783,0.0,6.96e-05,0.0,6.96e-05,0.0,0.0,0.0,0.0,0.0,0.0,0.000278377,0.019347206,0.0,0.0,0.0,0.0,0.0,0.0,0.000208783,0.0,6.96e-05,0.0,0.0,0.0,0.0,0.0,0.000417566,0.0,0.000139189,0.0,0.0,0.0,0.0,0.0,0.0,0.000278377,0.000208783,0.0,0.000139189,0.0,0.00521957,0.0,0.004593222,0.0,0.0,0.013570882,6.96e-05,6.96e-05,0.0,6.96e-05,0.0,0.0,0.000904725,0.0,0.0,6.96e-05,0.0,0.0,0.0,0.0,0.000208783,0.0,0.0,0.000139189,0.0,0.0,0.0,0.0,0.000139189,0.0,0.000347971,0.0,0.0,0.000347971,0.000417566,0.0,0.000208783,0.026167444,0.0,0.001322291,0.000278377,0.0,0.000139189,0.0,0.0,0.0,0.0,0.0,0.0,0.0,0.0,0.0,0.000139189,0.0,0.0,0.0,0.0,0.0,0.0,6.96e-05,0.0,6.96e-05,6.96e-05,0.0,0.0,0.0,0.000139189,0.0,0.0,0.0,0.0,0.0,0.0,6.96e-05,6.96e-05,0.0,0.00048716,0.0,0.0,0.0,0.000278377,0.006333078,0.0,0.0,0.0,0.0,0.0,0.0,0.0,0.0,0.0,0.0,0.0,6.96e-05,0.0,0.002992553,0.0,0.0,0.0,0.0,0.0,0.000208783,0.000208783,0.0,0.0,0.00048716,0.0,0.0,0.000278377,0.0,0.000278377,6.96e-05,0.0,0.0,0.000208783,0.0,0.000139189,6.96e-05,0.000278377,0.0,0.000208783,0.0,0.0,0.0,0.0,6.96e-05,0.0,0.0,0.164729626,0.0,0.0,0.0,0.0,6.96e-05,0.000208783,0.0,6.96e-05,0.0,0.0,0.0,0.0,0.0,0.0,0.0,0.0,0.0,0.0,0.0,0.0,0.0,6.96e-05,6.96e-05,0.000139189,0.0,0.0,0.0,0.0,0.000278377,0.0,0.000278377,0.0,0.0,0.0
SRR12478637,0.0,0.0,0.0,0.0,0.0,0.0,0.0,0.0,0.0,0.0,0.0,0.0,0.0,0.0,0.0,0.0,0.0,0.0,0.0,0.0,0.0,0.0,0.0,0.0,0.0,0.0,0.0,0.307692308,0.0,0.0,0.0,0.0,0.0,0.0,0.0,0.0,0.0,0.0,0.0,0.0,0.0,0.0,0.0,0.0,0.0,0.0,0.0,0.0,0.0,0.0,0.0,0.0,0.0,0.0,0.0,0.0,0.0,0.0,0.0,0.0,0.0,0.0,0.0,0.0,0.0,0.0,0.0,0.0,0.0,0.076923077,0.0,0.0,0.0,0.0,0.0,0.0,0.0,0.0,0.0,0.0,0.0,0.0,0.0,0.0,0.0,0.0,0.0,0.0,0.0,0.0,0.0,0.0,0.0,0.0,0.0,0.0,0.153846154,0.0,0.0,0.0,0.0,0.0,0.0,0.0,0.0,0.0,0.0,0.0,0.0,0.0,0.0,0.0,0.0,0.0,0.0,0.0,0.0,0.0,0.0,0.0,0.0,0.0,0.0,0.0,0.0,0.0,0.0,0.0,0.0,0.076923077,0.0,0.0,0.0,0.0,0.0,0.0,0.0,0.0,0.0,0.0,0.0,0.0,0.0,0.0,0.0,0.0,0.0,0.0,0.0,0.0,0.0,0.0,0.0,0.0,0.0,0.0,0.0,0.0,0.0,0.0,0.0,0.0,0.0,0.0,0.0,0.0,0.0,0.0,0.0,0.0,0.0,0.0,0.0,0.0,0.0,0.0,0.0,0.0,0.0,0.0,0.0,0.0,0.076923077,0.0,0.0,0.0,0.0,0.0,0.0,0.0,0.0,0.076923077,0.0,0.0,0.0,0.0,0.0,0.0,0.0,0.0,0.0,0.0,0.0,0.0,0.0,0.0,0.0,0.0,0.0,0.0,0.0,0.0,0.0,0.0,0.0,0.0,0.0,0.0,0.0,0.153846154,0.0,0.0,0.0,0.0,0.0,0.0,0.0,0.0,0.0,0.0,0.0,0.0,0.0,0.0,0.0,0.0,0.0,0.0,0.0,0.0,0.0,0.0,0.0,0.0,0.0,0.0,0.0,0.0,0.0,0.0,0.0,0.0,0.0,0.0,0.0,0.0,0.0,0.0,0.0
SRR12478638,0.000142093,9.47e-05,0.0,0.0,0.000189457,0.0,0.000142093,0.0,4.74e-05,0.0,0.0,0.001657746,0.0,0.0,0.0,0.0,4.74e-05,0.012883058,0.001231469,0.0,9.47e-05,0.0,0.0,0.0,0.0,0.0,4.74e-05,0.02841851,4.74e-05,0.0,0.002794487,0.000142093,0.000236821,0.0,4.74e-05,0.00113674,0.0,0.0,0.0,0.0,0.0,0.0,0.0,9.47e-05,9.47e-05,0.0,0.0,4.74e-05,0.0,0.0,0.0,9.47e-05,0.0,0.001989296,9.47e-05,4.74e-05,0.0,0.0,0.0,9.47e-05,0.0,4.74e-05,0.0,0.0,0.000236821,0.0,0.000378913,0.003268129,0.001326197,0.0,0.0,0.0,0.0,0.0,9.47e-05,0.000994648,0.001799839,0.0,4.74e-05,0.0,4.74e-05,0.0,0.0,0.0,0.052858428,4.74e-05,0.0,0.0,0.000757827,4.74e-05,0.0,0.000189457,9.47e-05,0.000236821,4.74e-05,0.006630986,0.001278833,0.002557666,0.00985175,4.74e-05,0.0,0.16610619,0.00113674,0.00350495,4.74e-05,0.000142093,9.47e-05,0.0,0.007388813,9.47e-05,4.74e-05,0.000236821,0.0,0.0,0.0,0.0,0.000236821,0.0,4.74e-05,0.0,0.001042012,0.0,9.47e-05,0.0,0.0,0.0,0.000378913,9.47e-05,0.0,0.000521006,0.000236821,0.0,0.001326197,0.005304789,0.0,0.000994648,0.000189457,0.0,0.000189457,0.0,0.0,0.000757827,0.0,0.0,4.74e-05,0.003883863,0.0,0.0,0.004215412,0.0,0.0,9.47e-05,9.47e-05,0.0,0.0,0.000663099,0.000852555,0.006204708,0.0,0.000142093,0.0,0.006962535,0.0,0.0,4.74e-05,0.0,0.0,0.0,0.0,0.000426278,0.000615734,9.47e-05,0.019324587,4.74e-05,0.0,0.0,0.000189457,0.001278833,9.47e-05,0.0,0.0,0.0,0.0,0.001042012,9.47e-05,0.0,0.0,0.0,0.0,4.74e-05,4.74e-05,0.604651163,4.74e-05,0.0,0.0,4.74e-05,9.47e-05,0.004025956,9.47e-05,4.74e-05,0.000142093,0.001941932,0.0,0.000142093,0.008525553,0.0,0.000189457,0.0,0.0,0.0,4.74e-05,0.0,0.000757827,9.47e-05,4.74e-05,0.0,9.47e-05,0.0,0.0,0.0,0.0,0.0,4.74e-05,0.0,0.001563018,0.0,0.0,9.47e-05,4.74e-05,0.0,0.000426278,0.0,4.74e-05,0.0,0.0,0.00056837,0.0,0.0,9.47e-05,0.0,0.000189457,0.0,0.0,0.0,0.000378913,9.47e-05,0.0,0.0,0.000142093,0.0,9.47e-05,0.0,0.0,9.47e-05,0.001989296,0.000189457,0.0,0.0,0.0
SRR12478639,0.0,0.000178105,5.94e-05,0.0,0.001543576,0.0,0.0,0.0,0.000237473,0.000296842,0.0,0.000237473,0.0,0.0,0.0,0.0,0.0,0.0,0.000237473,0.0,0.0,0.0,0.0,0.00035621,0.0,0.0,0.0,0.832165756,5.94e-05,0.0,0.007955355,0.000178105,0.0,5.94e-05,0.000178105,0.000178105,0.0,5.94e-05,0.0,0.0,0.0,0.0,0.0,5.94e-05,0.000771788,0.0,0.0,0.0,0.0,0.0,0.0,0.000118737,0.000237473,0.000118737,0.000296842,0.001899786,0.0,0.0,0.0,5.94e-05,0.0,0.000118737,0.0,0.0,0.0,0.0,5.94e-05,0.000653052,0.0,0.0,0.0,0.0,0.0,0.0,5.94e-05,0.0,0.0,0.0,5.94e-05,5.94e-05,0.0,0.0,5.94e-05,0.0,0.000178105,0.0,0.0,0.0,0.000118737,0.0,0.0,0.004333887,0.0,0.000118737,0.002018523,0.0,0.032593208,0.000118737,0.000415578,0.0,0.0,0.006827357,0.0,0.0,0.0,0.0,0.0,0.0,0.000118737,0.0,5.94e-05,0.0,0.0,0.0,5.94e-05,0.0,0.0,0.0,5.94e-05,0.0,0.0,0.0,5.94e-05,0.0,0.000178105,0.0,5.94e-05,0.0,0.0,5.94e-05,0.003562099,0.0,0.0,0.001602945,0.0,0.000415578,0.0,0.0,0.000118737,0.0,0.0,0.0,0.0,0.0,5.94e-05,0.0,0.0,0.0,0.005105676,0.0,0.0,0.0,0.0,0.0,0.0,0.0,0.0,0.000118737,0.00071242,0.0,5.94e-05,0.000118737,0.0,0.0,0.0,0.0,0.0,0.0,0.0,0.000237473,0.0,0.0,0.000474947,0.0,0.0,0.0,0.001602945,0.050878651,0.000474947,0.0,0.0,0.0,0.0,0.0,0.0,0.0,0.0,0.0,0.000178105,0.0,0.001306103,0.012823557,0.0,0.0,5.94e-05,0.0,0.000949893,5.94e-05,0.0,0.0,5.94e-05,0.00035621,0.0,5.94e-05,0.000178105,0.0,0.004215151,0.0,0.0,0.0,0.0,0.0,0.002315365,0.000415578,0.003443363,0.0,0.00213726,0.0,0.0,0.0,0.0,0.000949893,0.000237473,0.0,0.000653052,0.0,5.94e-05,0.0,5.94e-05,0.0,0.0,0.0,0.0,0.0,0.0,5.94e-05,0.0,0.0,0.00035621,0.0,0.000118737,0.0,0.0,0.0,0.0,0.0,0.0,0.0,0.000178105,0.0,0.000178105,0.0,0.0,5.94e-05,0.0,0.004215151,0.0,0.0,0.0
SRR12478640,0.000890388,0.013824453,4.69e-05,4.69e-05,0.000515488,0.0,0.0,0.0,4.69e-05,0.000234313,0.0,9.37e-05,0.0,0.0,0.0,0.0,0.0,0.005623506,0.001452739,0.0,4.69e-05,0.0,0.0,0.0,9.37e-05,0.0,9.37e-05,0.022494025,0.0,0.0,0.000140588,0.0,0.014199353,9.37e-05,0.0,0.0003749,0.0,0.007310558,0.0,9.37e-05,4.69e-05,4.69e-05,0.0,4.69e-05,0.0,0.000609213,4.69e-05,0.0,0.0,0.0,0.0,0.0,0.000234313,0.000140588,4.69e-05,0.00018745,0.0,0.0,0.0,0.000140588,0.0,4.69e-05,4.69e-05,0.0,9.37e-05,0.0,4.69e-05,0.002483715,0.000140588,0.0,0.0,0.0,0.0,0.0,0.0,0.002530578,0.000562351,0.0,0.0,0.0,9.37e-05,0.0,0.001030976,0.0,0.001733914,0.0,0.0,9.37e-05,0.0,9.37e-05,0.0,0.000609213,4.69e-05,0.0,0.000468626,4.69e-05,0.008482122,0.001265289,0.010918975,0.0,0.0,0.050096068,0.001265289,0.000281175,0.0,0.0,0.0,4.69e-05,0.001780777,4.69e-05,0.0003749,0.0,0.0,0.0,9.37e-05,0.0,0.007310558,0.0,0.0,0.0,0.000234313,0.0,0.0,0.0,4.69e-05,0.0,0.000515488,0.000234313,0.0,0.00018745,0.000468626,0.0,9.37e-05,0.007357421,0.0,0.000281175,0.0,0.0,0.000328038,0.0,0.0,4.69e-05,0.0,0.0,4.69e-05,0.00018745,4.69e-05,0.0,9.37e-05,0.0,0.0,0.000234313,4.69e-05,0.0,0.0,0.001265289,0.0,0.001218426,0.000234313,9.37e-05,0.0,9.37e-05,0.000234313,0.0,4.69e-05,0.0,0.0,0.0,0.0,0.0,4.69e-05,0.0,0.003749004,9.37e-05,0.0,0.0,0.000562351,0.000281175,0.0,0.0,0.0,0.0,0.0,0.0,0.0,0.0,0.0,0.0,0.0,0.0,0.000468626,0.756830217,0.0,0.0,9.37e-05,0.0,0.0,0.000937251,0.000140588,9.37e-05,9.37e-05,0.00660762,9.37e-05,0.001546464,0.002108815,0.0,0.000843526,0.0,0.0,0.0,9.37e-05,0.0,0.000609213,0.0,0.001077839,0.0,0.001171564,0.0,0.0,0.0,0.00018745,0.0,4.69e-05,0.0,0.024509115,0.0,0.0,9.37e-05,0.0,0.0,0.0,0.0,4.69e-05,0.0,0.0,4.69e-05,0.0,0.0,9.37e-05,0.0,0.0,0.0,4.69e-05,4.69e-05,0.000328038,4.69e-05,0.0,0.0,0.018698158,0.0,0.0,0.0,0.0,0.000421763,0.0,0.000796663,0.0,0.0,0.0
SRR12478641,0.000366479,0.029684828,0.0,0.0,0.001465917,0.0,0.000610799,0.0,0.0,0.0,0.0,0.001710237,0.00012216,0.0,0.0,0.0,0.0,0.001954557,0.00012216,0.0,0.00012216,0.00012216,0.0,0.0,0.0,0.0,0.00012216,0.309919375,0.001221598,0.0,0.00012216,0.0,0.000977278,0.0,0.0,0.00012216,0.0,0.00012216,0.0,0.0,0.0,0.00012216,0.0,0.00024432,0.0,0.0,0.0,0.0,0.0,0.0,0.0,0.0,0.00012216,0.000366479,0.000488639,0.0,0.0,0.0,0.0,0.00024432,0.0,0.0,0.0,0.0,0.0,0.0,0.0,0.017346689,0.001343758,0.0,0.0,0.0,0.0,0.0,0.000366479,0.0,0.0,0.0,0.0,0.0,0.00012216,0.0,0.00012216,0.0,0.001099438,0.0,0.0,0.0,0.0,0.0,0.0,0.00024432,0.0,0.00012216,0.000366479,0.00012216,0.013315417,0.00012216,0.008917664,0.00012216,0.0,0.084778891,0.001710237,0.00012216,0.00012216,0.0,0.00012216,0.0,0.001954557,0.00012216,0.006107989,0.0,0.0,0.0,0.0,0.0,0.00024432,0.0,0.0,0.000366479,0.00012216,0.0,0.00012216,0.0,0.0,0.0,0.00012216,0.0,0.0,0.00024432,0.000366479,0.0,0.00024432,0.008062546,0.0,0.000855118,0.0,0.0,0.0,0.0,0.0,0.0,0.0,0.0,0.0,0.0,0.0,0.0,0.001588077,0.0,0.002198876,0.0,0.00012216,0.0,0.0,0.00024432,0.0,0.000855118,0.00024432,0.0,0.0,0.00012216,0.00024432,0.0,0.0,0.0,0.0,0.0,0.0,0.000610799,0.0,0.0,0.000732959,0.0,0.0,0.0,0.00024432,0.004031273,0.0,0.0,0.0,0.0,0.0,0.0,0.0,0.0,0.0,0.0,0.0,0.00024432,0.000610799,0.457977034,0.0,0.0,0.0,0.0,0.00012216,0.0,0.00012216,0.0,0.0,0.007696066,0.0,0.00012216,0.001710237,0.0,0.000977278,0.0,0.0,0.0,0.007940386,0.0,0.0,0.00012216,0.001221598,0.0,0.001099438,0.0,0.0,0.000488639,0.0,0.00024432,0.0,0.0,0.000732959,0.0,0.003053995,0.00012216,0.0,0.0,0.00024432,0.0,0.0,0.0,0.0,0.00012216,0.0,0.00024432,0.0,0.00012216,0.000366479,0.0,0.0,0.0,0.00012216,0.00012216,0.0,0.0,0.000366479,0.0,0.0,0.0,0.0,0.0,0.0,0.001099438,0.0,0.0,0.0
SRR12478643,0.000480031,0.010752688,0.0,0.000768049,0.000192012,0.0,0.0,0.0,9.6e-05,0.000864055,0.0,0.000816052,0.0,0.0,0.000240015,0.0,0.0,0.009792627,0.000240015,0.0,4.8e-05,4.8e-05,0.0,0.000528034,0.0,0.0,0.0,0.013200845,4.8e-05,0.0,0.00187212,4.8e-05,0.002208141,0.0,9.6e-05,0.00124808,4.8e-05,0.0,0.0,4.8e-05,4.8e-05,0.000432028,0.0,0.0,4.8e-05,0.0,0.0,4.8e-05,0.0,0.0,4.8e-05,0.0,0.0,0.000864055,0.000144009,9.6e-05,0.0,0.0,0.0,4.8e-05,0.0,4.8e-05,4.8e-05,0.0,0.000192012,0.0,0.000672043,0.004320276,0.002352151,0.000240015,0.0,0.0,9.6e-05,0.0,4.8e-05,0.001920123,0.000240015,0.0,0.0,0.0,9.6e-05,0.0,0.005616359,0.0,0.021889401,0.0,0.0,0.0,9.6e-05,0.0,0.0,0.000240015,0.0,9.6e-05,4.8e-05,4.8e-05,0.001200077,0.001488095,0.034274194,0.0,0.0,0.112855223,0.000432028,9.6e-05,4.8e-05,0.000288018,0.0,0.0,0.005088326,0.0,0.0,4.8e-05,0.0,0.0,0.0,0.0,0.001680108,0.0,0.0,0.000432028,0.000192012,4.8e-05,0.000192012,0.0,9.6e-05,0.0,0.000288018,0.0,0.0,4.8e-05,9.6e-05,0.0,9.6e-05,0.008400538,0.0,0.000144009,0.0,0.0,0.0,0.0,0.0,0.000672043,0.0,0.0,4.8e-05,0.000144009,0.0,0.0,0.018049155,0.0,0.0,0.000192012,0.0,0.0,0.0,0.000672043,0.0,0.003648233,0.0,0.000720046,0.0,0.003168203,0.000144009,0.0,0.000144009,0.0,0.0,0.0,0.0,0.000240015,0.000240015,0.0,0.019729263,0.000240015,0.0,0.0,9.6e-05,0.00062404,9.6e-05,0.0,0.0,0.0,0.0,0.000960061,0.000192012,0.0,0.0,0.0,0.0,0.0,0.0,0.668778802,0.0,0.0,4.8e-05,0.0,0.000144009,0.005136329,0.0,0.000192012,0.000576037,0.004704301,0.0,0.002256144,0.010704685,0.0,0.000528034,0.0,0.0,0.0,0.001056068,0.0,0.000432028,4.8e-05,4.8e-05,0.0,9.6e-05,0.0,0.0,0.0,0.0,0.000192012,0.000144009,0.0,0.001056068,0.0,0.0,0.0,9.6e-05,9.6e-05,0.0,0.0,0.0,0.0,0.0,0.000240015,0.0,0.0,9.6e-05,0.0,4.8e-05,0.0,0.0,0.0,0.000288018,0.000240015,4.8e-05,0.0,0.000192012,0.0,4.8e-05,0.0,0.0,0.000192012,0.0,0.0,0.0,0.0,0.0
SRR12478644,0.000193733,0.018646777,9.69e-05,0.0,4.84e-05,0.0,0.0,0.0,4.84e-05,0.004310554,0.0,0.014675255,0.0,0.0,0.0,0.0,0.0,0.000823364,0.000387465,0.0,9.69e-05,0.0,0.0,0.0,0.0,0.0,0.0,0.038794982,0.0,0.0,0.0,0.007652443,0.000242166,9.69e-05,0.0001453,0.000193733,0.0,0.0,0.0,0.0,0.0,0.0,0.0,0.0,4.84e-05,0.0,0.0,9.69e-05,0.0,4.84e-05,0.0,0.0,0.0,0.0001453,9.69e-05,0.0,0.0,0.0,0.0,9.69e-05,0.0,0.0,0.0,0.0,0.000339032,0.0,0.000193733,0.002034194,0.000678065,0.0,0.0,0.0,0.0,9.69e-05,4.84e-05,0.0,0.002421659,4.84e-05,0.0,0.0,0.0,0.0,0.000774931,0.0,4.84e-05,0.0,0.0,0.0,0.0,0.0,0.0,0.000290599,0.0,0.0,0.0001453,0.0,0.000968664,0.000193733,0.01201143,0.0,0.0,0.114592919,0.0,9.69e-05,0.0,9.69e-05,0.0,0.0,0.002809125,0.0,0.0,0.0001453,0.0,0.0,0.0,0.0,0.001017097,0.0,0.0,4.84e-05,0.000532765,0.0,0.002566959,0.0,9.69e-05,0.0,4.84e-05,0.0,0.0,0.000193733,0.0001453,0.0,0.00106553,0.009444471,0.0,0.000193733,0.0,0.0,9.69e-05,0.0,0.0,4.84e-05,4.84e-05,0.0,0.0,0.0,0.0,0.0,0.000435899,0.0,0.001888894,0.0,0.000532765,0.0,0.0,4.84e-05,9.69e-05,0.002566959,0.0,9.69e-05,4.84e-05,0.0001453,0.0,0.0,0.0,0.0,4.84e-05,0.0,0.0,0.0,0.0,0.0,0.007991476,0.0,0.0,0.0,0.0,0.003777789,0.0,0.0,0.0,0.0,0.0,0.000339032,0.0,0.0,0.0,0.0,0.0,0.0,4.84e-05,0.717634523,0.0,0.0,9.69e-05,0.0,4.84e-05,0.005279217,0.0,0.0,0.000193733,0.001307696,0.0,0.0,0.006296314,0.0,0.000242166,0.0,0.0,0.0,0.004794885,0.0,4.84e-05,9.69e-05,0.000193733,0.000339032,4.84e-05,0.0,0.0,0.0,9.69e-05,0.000678065,0.0,4.84e-05,0.000920231,0.0,0.000435899,0.0,0.0,0.0,0.0,0.0,0.0,0.0,0.0,0.0,0.0,0.0,0.0,0.0,0.0,0.0,0.0,4.84e-05,0.0,0.0,0.0,0.0,0.000435899,0.0,0.0,0.0,0.0,0.000823364,0.0,0.000435899,0.0,0.0,0.0
SRR12478645,6.2e-05,0.000806052,0.0,0.0,0.0,0.0,0.0,0.0,0.0,6.2e-05,0.0,0.000124008,0.0,0.0,0.0,0.0,0.0,0.00062004,0.00062004,0.0,0.000124008,0.0,0.0,0.0,0.0,0.0,0.0,0.016803075,0.0,0.0,0.00031002,0.0,0.000186012,6.2e-05,0.0,0.000434028,0.0,0.001116071,0.0,0.000248016,0.0,0.0,0.0,0.0,0.0,0.0,0.0,0.0,0.0,0.0,0.0,0.0,0.0,0.000186012,6.2e-05,0.0,0.0,0.0,0.0,0.0,0.0,0.0,0.0,0.0,0.000186012,0.0,0.000248016,0.002294147,0.00031002,6.2e-05,0.0,0.0,0.0,0.0,0.000186012,0.0,0.000248016,0.0,0.0,0.0,6.2e-05,0.0,0.000558036,0.0,0.014198909,0.0,0.0,0.000372024,6.2e-05,0.0,0.0,0.000248016,0.0,0.0,0.0,0.000186012,0.000372024,0.000124008,0.02405754,0.0,0.0,0.076326885,0.000248016,6.2e-05,0.0,0.0,0.0,0.0,0.002232143,0.0,6.2e-05,0.0,0.0,6.2e-05,6.2e-05,0.0,0.000124008,0.0,0.0,6.2e-05,0.00031002,6.2e-05,0.0,0.0,0.0,0.0,6.2e-05,0.0,0.0,0.000186012,0.0,0.0,0.000186012,0.004092262,0.0,0.000992063,0.00093006,0.0,0.000248016,0.0,0.0,0.00031002,0.0,0.0,0.0,0.0,0.0,0.0,0.000248016,0.0,0.0,0.0,0.0,0.0,0.0,0.000992063,0.0,0.00093006,0.0,0.000124008,0.0,0.000434028,0.000124008,0.0,0.0,0.0,0.0,0.0,0.0,0.0,6.2e-05,0.000186012,0.004588294,6.2e-05,0.0,0.0,0.0,0.000186012,0.0,0.0,0.0,0.0,0.0,0.000124008,0.0,0.0,0.0,0.0,6.2e-05,0.0,0.0,0.824466766,0.0,0.0,0.0,0.0,0.000186012,0.001302083,6.2e-05,0.000124008,6.2e-05,0.001302083,0.0,0.000124008,0.005456349,0.0,0.000124008,0.0,0.0,0.0,0.000372024,0.0,0.0,0.0,0.0,0.0,6.2e-05,0.0,0.0,0.000248016,0.0,0.0,0.0,0.0,0.001054067,0.0,0.002852183,0.0,0.0,0.0,0.0,0.0,0.000186012,0.0,0.0,0.0,0.0,0.0,0.0,0.0,0.000186012,0.0,0.0,0.0,0.0,0.0,0.0,0.0,0.000124008,0.0,6.2e-05,0.0,0.0,6.2e-05,0.0,6.2e-05,0.0,0.0,0.0
SRR12478646,0.0,0.00013574,0.0,0.0,2.71e-05,0.0,0.0,0.0,0.0,0.000217185,0.0,0.006732727,0.0,0.0,0.0,0.0,0.0,0.0,0.0,0.0,2.71e-05,0.0,0.0,0.0,0.0,0.0,0.0,0.718284241,0.0,2.71e-05,0.0,0.000380073,2.71e-05,0.0,2.71e-05,0.0,0.0,0.0,0.0,2.71e-05,0.0,2.71e-05,0.0,0.0,0.0,0.0,0.0,0.0,0.0,0.0,0.0,2.71e-05,0.0,2.71e-05,2.71e-05,0.0,0.0,0.00013574,0.0,2.71e-05,0.0,0.0,2.71e-05,0.0,0.0,0.0,0.002090403,0.000434369,2.71e-05,2.71e-05,0.0,0.0,0.0,0.0,0.0,0.0,0.0,0.0,0.0,0.0,0.0,2.71e-05,2.71e-05,0.0,0.000162889,0.0,0.0,0.0,0.00013574,0.0,0.0,0.0,0.0,0.0,2.71e-05,0.0,0.002633365,2.71e-05,0.000624406,0.0,0.0,0.185421474,2.71e-05,0.00013574,0.0,0.000108592,0.0,0.0,0.000380073,0.0,2.71e-05,0.0,0.0,0.0,0.0,0.0,2.71e-05,0.0,0.0,0.0,0.0,0.0,0.0,0.0,2.71e-05,0.0,0.0,0.0,0.0,0.000108592,0.000190037,0.0,5.43e-05,0.002633365,0.0,0.000162889,0.0,0.0,0.00013574,0.0,0.0,2.71e-05,0.0,0.0,0.0,0.0,0.0,0.0,0.0,0.0,0.0,2.71e-05,0.0,0.0,0.0,2.71e-05,2.71e-05,2.71e-05,5.43e-05,0.0,2.71e-05,0.0,0.0,0.0,0.0,2.71e-05,0.0,0.0,0.0,0.0,0.0,0.0,0.00013574,0.0,0.0,0.0,0.000190037,0.072295371,0.0,0.0,0.0,0.0,0.0,0.0,0.0,0.0,0.0,0.0,0.0,0.0,5.43e-05,0.00228044,0.0,0.0,0.0,0.0,2.71e-05,2.71e-05,0.0,0.0,0.0,0.000108592,0.0,0.0,0.000108592,0.0,8.14e-05,0.0,0.0,0.0,0.0,0.0,0.000217185,0.0,0.000162889,0.0,0.00013574,0.0,0.0,0.000217185,0.0,0.0,0.0,0.0,0.000162889,0.0,2.71e-05,0.00013574,0.0,0.0,5.43e-05,0.0,8.14e-05,0.0,2.71e-05,0.0,0.0,0.0,0.0,0.0,0.0,0.0,0.0,2.71e-05,0.0,0.0,0.0,0.0,2.71e-05,0.0,0.0,0.0,0.0,0.000461518,0.0,0.000298629,0.0,0.0,0.0
SRR12478647,6.97e-05,0.012762396,0.0,0.0,0.00020922,0.0,0.0,0.0,6.97e-05,0.0,0.0,0.00013948,0.0,0.0,0.00013948,0.0,0.0,0.002510635,0.000348699,0.0,0.000418439,0.0,0.0,0.0,6.97e-05,0.0,6.97e-05,0.03765953,6.97e-05,0.0,0.003626473,0.0,0.00013948,0.00013948,6.97e-05,0.00013948,0.0,0.0,0.0,0.000348699,0.0,0.0,0.0,0.0,0.000278959,0.00020922,0.0,0.0,0.0,0.0,0.0,0.00020922,0.0,0.0,0.0,0.00020922,0.0,0.0,0.0,6.97e-05,0.0,0.0,0.0,0.0,0.00020922,0.0,0.000906618,0.004951531,0.000488179,0.0,0.0,0.0,0.0,0.0,0.0,6.97e-05,0.0,6.97e-05,0.0,0.0,6.97e-05,0.0,0.001115838,0.0,0.009693842,0.0,0.0,0.000906618,0.00013948,6.97e-05,0.0,0.001255318,0.0,0.00013948,6.97e-05,0.00020922,0.001046098,0.000627659,0.033335658,0.0,0.0,0.093800126,0.002440895,0.0,0.0,0.0,0.0,0.000697399,0.001743497,0.0,0.0,6.97e-05,0.0,0.0,0.0,0.0,6.97e-05,0.0,0.0,0.00013948,0.00020922,0.0,0.0,0.0,0.0,0.0,0.00020922,0.0,0.0,0.000418439,0.000278959,0.0,0.000557919,0.002231676,0.0,0.000627659,0.002859335,0.0,0.000278959,0.0,0.0,0.0,0.0,0.0,0.0,0.000557919,0.0,0.0,0.000488179,0.0,0.0,0.00013948,0.0,0.00013948,0.0,6.97e-05,0.0,0.006904247,0.0,0.0,0.0,0.00013948,0.00013948,0.0,0.0,0.0,0.0,0.0,0.0,0.00013948,0.0,0.00013948,0.002301416,0.00013948,0.0,0.0,0.0,0.002301416,6.97e-05,0.0,0.0,0.0,0.0,0.0,0.0,0.0,0.0,0.0,0.0,0.0,0.0,0.715461329,0.0,0.0,0.0,0.0,6.97e-05,0.001185578,0.00013948,0.0,0.00020922,0.000627659,0.0,0.00020922,0.002231676,0.0,0.000836878,0.0,0.0,0.0,0.033684357,0.0,0.00020922,0.00013948,0.0,0.0,0.00020922,0.0,0.0,0.0,6.97e-05,0.000348699,6.97e-05,0.0,0.000418439,0.0,0.001464537,6.97e-05,0.0,0.0,0.0,0.0,0.0,0.0,0.0,0.00013948,0.0,0.0,0.00013948,0.0,0.00013948,0.0,0.0,0.002859335,0.0,0.0,6.97e-05,0.0,0.0,0.0,6.97e-05,0.0,0.0,0.002510635,0.0,0.0,0.0,0.0,0.0
SRR12478648,0.000380325,0.019016227,0.000126775,0.0,0.000760649,0.0,0.0,0.0,0.000380325,0.0,0.000126775,0.000887424,0.0,0.0,0.000126775,0.0,0.000126775,0.000887424,0.000633874,0.0,0.000126775,0.0,0.0,0.0,0.0,0.0,0.0,0.019269777,0.0,0.0,0.002155172,0.000507099,0.000126775,0.0,0.0,0.000126775,0.0,0.0,0.0,0.0,0.0,0.0,0.0,0.000126775,0.000126775,0.000126775,0.0,0.0,0.0,0.000126775,0.0,0.000126775,0.0,0.000380325,0.0,0.00025355,0.0,0.0,0.0,0.0,0.0,0.0,0.0,0.0,0.000126775,0.0,0.00025355,0.005958418,0.000126775,0.0,0.0,0.0,0.0,0.0,0.0,0.000760649,0.002535497,0.0,0.0,0.00025355,0.000126775,0.0,0.000887424,0.0,0.005197769,0.0,0.0,0.000126775,0.0,0.0,0.0,0.000633874,0.0,0.00025355,0.00025355,0.0,0.005070994,0.003549696,0.021932049,0.0,0.0,0.082783976,0.001140974,0.001648073,0.000126775,0.00025355,0.00025355,0.0,0.003042596,0.0,0.0,0.0,0.0,0.0,0.0,0.0,0.00443712,0.0,0.0,0.000760649,0.000126775,0.0,0.000126775,0.0,0.0,0.0,0.000126775,0.000126775,0.0,0.0,0.000887424,0.0,0.000633874,0.009127789,0.0,0.002155172,0.00025355,0.0,0.0,0.0,0.0,0.0,0.0,0.0,0.0,0.0,0.0,0.0,0.00025355,0.0,0.0,0.000380325,0.0,0.0,0.0,0.000126775,0.000633874,0.001140974,0.0,0.000126775,0.000126775,0.0,0.0,0.0,0.0,0.0,0.0,0.0,0.0,0.0,0.0,0.000126775,0.006592292,0.0,0.0,0.0,0.000633874,0.000507099,0.000126775,0.0,0.0,0.0,0.0,0.000126775,0.00025355,0.0,0.0,0.0,0.0,0.0,0.0,0.746577079,0.0,0.0,0.0,0.0,0.00025355,0.001394523,0.0,0.0,0.000507099,0.008493915,0.0,0.000380325,0.010649087,0.0,0.001140974,0.000126775,0.0,0.0,0.00443712,0.0,0.000126775,0.000380325,0.000760649,0.0,0.00025355,0.0,0.0,0.00025355,0.0,0.000126775,0.000126775,0.0,0.00418357,0.0,0.000380325,0.0,0.000126775,0.000126775,0.00025355,0.0,0.0,0.0,0.0,0.000126775,0.0,0.0,0.0,0.0,0.0,0.0,0.0,0.001394523,0.00025355,0.0,0.0,0.0,0.001901623,0.0,0.000126775,0.0,0.0,0.0,0.0,0.0,0.0,0.0,0.0
SRR12478649,0.000302491,0.006856451,6.72e-05,0.0,0.00013444,0.0,6.72e-05,0.0,3.36e-05,0.00020166,0.0,0.000604981,0.0,0.0,3.36e-05,0.0,0.0,0.014351494,0.001109132,0.0,0.000336101,0.0,0.0,3.36e-05,0.0,0.0,6.72e-05,0.013444022,6.72e-05,0.0,0.001310792,0.000336101,0.00023527,0.0,6.72e-05,0.00023527,0.0,0.0,0.0,0.00020166,0.0,0.0,3.36e-05,0.0,0.0,0.003663496,0.0,0.0,0.0,0.0,0.0,0.0,0.0,0.001915773,3.36e-05,0.0,0.0,0.0,0.0,6.72e-05,0.0,3.36e-05,3.36e-05,0.0,0.00010083,0.0,0.001209962,0.008402514,0.000907472,0.00016805,0.0,0.0,0.0,0.0,3.36e-05,0.012334891,0.000840251,0.00010083,0.0,0.00010083,0.00013444,0.0,0.003831546,0.0,0.011158539,0.0,0.0,3.36e-05,0.000604981,0.0,0.0,0.00023527,0.0,3.36e-05,0.0,0.00010083,0.00023527,0.000941082,0.048700971,3.36e-05,0.0,0.138338991,0.008436124,0.000369711,3.36e-05,0.000336101,6.72e-05,0.0,0.004638188,0.0,0.0,0.00013444,6.72e-05,6.72e-05,6.72e-05,0.0,0.002756025,0.0,0.0,3.36e-05,0.001277182,0.0,0.000806641,0.0,3.36e-05,0.0,0.000470541,6.72e-05,0.0,0.000369711,6.72e-05,0.0,0.000672201,0.007595873,0.0,0.000773031,0.0,0.0,0.0,0.00010083,3.36e-05,0.000302491,3.36e-05,0.0,0.0,0.000974692,3.36e-05,3.36e-05,0.000638591,0.0,0.0,0.000537761,6.72e-05,0.0,0.0,0.001512453,3.36e-05,0.014116224,0.0,0.00016805,0.0,0.000974692,0.0,0.0,6.72e-05,0.0,0.0,0.0,0.0,0.0,0.0,3.36e-05,0.019729103,0.00013444,0.0,0.0,0.0,0.000336101,0.0,0.0,0.0,0.0,0.0,0.000873861,0.0,0.0,0.0,0.0,6.72e-05,3.36e-05,0.0,0.620777737,0.0,0.0,3.36e-05,0.0,6.72e-05,0.000672201,0.0,0.00016805,0.000470541,0.003730716,0.0,0.00016805,0.013847343,0.0,0.000436931,6.72e-05,0.0,0.0,0.009041105,0.0,0.000336101,0.0,0.0,0.0,0.0,0.0,0.0,0.0,6.72e-05,0.002218264,3.36e-05,3.36e-05,0.001008302,0.0,0.00016805,3.36e-05,3.36e-05,0.0,0.0,0.0,3.36e-05,0.0,0.0,0.00020166,0.0,0.0,0.00010083,0.0,0.0,0.0,3.36e-05,0.00013444,6.72e-05,0.00023527,3.36e-05,0.0,0.000436931,0.0,0.0,0.0,0.0,0.0,0.0,3.36e-05,0.0,0.0,0.0
SRR12478650,0.000515321,0.008245134,3.96e-05,0.0,3.96e-05,0.0,0.0,0.0,0.0,3.96e-05,0.0,0.020454275,0.0,0.0,0.0,0.0,0.0,0.001189202,0.000792801,0.0,0.00011892,0.0,0.0,0.0,7.93e-05,0.0,0.00011892,0.48828636,0.001189202,0.0,0.0,0.00011892,0.00023784,7.93e-05,3.96e-05,0.000356761,0.0,0.0,0.0,7.93e-05,3.96e-05,0.000991002,0.0,0.0,0.0,0.0,0.0,0.0,0.0,7.93e-05,0.0,0.0,0.0,0.0,0.000317121,0.0,0.0,0.0,0.0,0.00015856,0.0,0.00011892,0.0,0.0,0.0,0.0,0.001308122,0.00578745,0.000515321,0.0,0.0,0.0,0.0,0.0,0.0,0.0,0.002021643,0.0,0.0,0.0,0.0,0.0,0.002774805,0.0,7.93e-05,0.0,0.0,0.0,0.00011892,0.0,0.0,0.0001982,0.0,0.0,0.0,7.93e-05,0.00011892,0.0001982,0.045546438,0.0,0.0,0.153684544,0.0,0.00023784,0.0,0.0,0.0,0.0,0.003765806,0.0,7.93e-05,7.93e-05,0.0,0.0,0.0,0.0,0.004518968,0.0,0.0,3.96e-05,0.000872081,0.0,0.000872081,0.0,0.000317121,0.0,0.00023784,0.0,0.0,0.000436041,3.96e-05,0.0,0.000673881,0.062869148,0.0,0.000554961,3.96e-05,0.0,0.00023784,0.0,0.0,3.96e-05,0.00011892,0.0,0.0,0.0,0.00554961,0.0,3.96e-05,0.0,0.00011892,0.0,0.00015856,0.0,0.0,0.000356761,7.93e-05,0.013358703,0.0,0.000356761,0.00011892,0.000317121,0.0,0.0,0.0,0.0,0.0,0.0,0.0,0.002140564,0.0,0.0,0.007650533,0.0,0.0,0.0,0.0,0.002695525,0.0,0.0,0.0,0.0,0.0,3.96e-05,0.0,0.0,0.0,0.0,0.0,0.0,0.0,0.004479328,0.0,0.0,7.93e-05,0.0,0.0,0.021167796,0.0,0.0,0.000634241,0.113093115,0.0,0.0,0.010623538,0.0,0.0,0.0,0.0,0.0,0.00027748,0.0,0.0,0.0,0.0,0.0,3.96e-05,0.0,3.96e-05,0.0,0.0,0.00027748,0.0,0.0,0.001149562,0.0,0.000911722,0.0,0.0,0.0,7.93e-05,0.0,3.96e-05,7.93e-05,0.0,3.96e-05,0.0,0.0,0.0,0.0,0.0,0.0,0.0,3.96e-05,0.0,0.0001982,0.0,0.0,0.00023784,0.0,0.0,0.0,0.0,0.0,0.00011892,0.0,0.0,0.0,0.0
SRR12478651,0.000899165,0.00359666,0.000128452,0.0,0.000449583,0.0,0.0,0.0,0.000128452,6.42e-05,0.0,6.42e-05,0.0,0.0,6.42e-05,0.0,6.42e-05,0.010019268,0.001605652,0.0,0.001734104,6.42e-05,0.0,0.000128452,0.000192678,0.0,0.000128452,0.014579319,0.000192678,0.0,0.0,6.42e-05,0.00032113,0.000128452,0.0,0.000834939,6.42e-05,0.0,0.0,6.42e-05,0.001027617,6.42e-05,0.0,6.42e-05,0.0,0.001734104,6.42e-05,0.0,0.0,6.42e-05,6.42e-05,0.0,0.0,0.000899165,0.000256904,0.0,0.0,0.0,0.0,0.000706487,0.0,0.0,0.0,0.0,0.000385356,0.0,0.002504817,0.012973667,0.000385356,0.0,0.0,0.0,0.0,0.0,0.000192678,0.017276814,0.002633269,0.0,0.000128452,0.0,0.000128452,6.42e-05,0.005844573,0.0,0.019588953,0.0,0.0,0.0,0.0,0.0,0.0,0.000256904,6.42e-05,0.0,0.0,0.000256904,0.00475273,0.007450225,0.061913937,0.0,0.0,0.14534361,0.010083494,0.000513809,0.000128452,0.000449583,0.0,0.0,0.012138728,6.42e-05,0.0,0.000385356,0.000578035,0.000770713,0.0,0.0,0.000899165,0.0,0.0,0.000192678,0.000770713,6.42e-05,0.0,0.0,6.42e-05,0.0,0.000449583,6.42e-05,0.0,0.00032113,0.000192678,6.42e-05,0.00032113,0.01522158,0.0,0.002119461,0.0,0.0,0.000192678,0.0,0.0,0.0014772,0.0,0.0,0.0,0.0,0.0,6.42e-05,0.000192678,0.0,0.0,0.000128452,0.000449583,0.0,0.0,0.001862556,0.000642261,0.010533076,0.000128452,0.000578035,0.0,0.001220295,0.0,0.0,0.0,0.0,0.0,0.0,0.0,0.000642261,0.0,6.42e-05,0.031213873,0.000899165,0.0,0.0,0.000192678,0.000706487,6.42e-05,0.0,0.0,0.0,0.0,0.000706487,0.000128452,0.0,0.0,0.0,0.0,0.0,0.000128452,0.517597945,0.0,0.0,0.0,0.0,0.00032113,0.001284522,0.0,6.42e-05,0.000256904,0.006743738,0.0,0.000192678,0.029030186,0.0,0.00032113,6.42e-05,0.0,0.0,0.000578035,0.0,6.42e-05,0.0,0.00032113,0.0,0.000642261,0.0,0.0,0.000834939,0.0,0.000449583,0.0,0.0,0.01374438,0.0,0.000449583,0.0,0.0,0.000128452,6.42e-05,0.0,0.000256904,0.0,0.0,0.000128452,0.0,0.000192678,0.0,0.0,6.42e-05,0.0,0.000192678,6.42e-05,0.000256904,0.001027617,0.00032113,0.0,0.000385356,0.0,0.0,0.0,0.0,0.000192678,0.000128452,0.00032113,0.0,0.0,0.0
SRR12478652,0.001710084,0.02428319,0.000114006,0.0,0.000171008,0.0,0.0,0.0,0.0,0.000741036,5.7e-05,0.005244257,5.7e-05,0.0,0.0,0.0,5.7e-05,0.001653081,0.002223109,0.0,0.000513025,0.000114006,0.0,0.0,0.0,0.0,0.000114006,0.023542154,0.000114006,0.0,0.000570028,5.7e-05,0.00102605,0.000171008,5.7e-05,0.001824089,0.0,0.000798039,0.0,0.00039902,0.0,5.7e-05,0.0,0.0,0.000285014,0.003819187,0.0,0.0,0.0,5.7e-05,5.7e-05,0.0,0.0,0.004959243,0.000114006,0.000114006,0.0,0.0,0.0,0.000741036,0.0,0.0,0.0,0.0,0.000228011,0.0,0.000285014,0.007011344,0.000855042,5.7e-05,0.0,0.0,5.7e-05,5.7e-05,5.7e-05,0.000684034,0.002280112,0.000114006,5.7e-05,0.000342017,0.000114006,0.0,0.004959243,0.0,0.001254061,0.0,0.0,0.000114006,0.000456022,0.0,0.0,0.000855042,0.0,0.0,0.0,0.000228011,0.000969047,0.005586274,0.057914838,0.0,0.0,0.208858234,0.004161204,0.000627031,5.7e-05,0.000228011,0.0,0.000114006,0.007467366,0.0,0.0,5.7e-05,0.000114006,0.0,0.0,0.0,0.002052101,0.0,0.0,0.0,0.000855042,0.0,0.000114006,0.0,0.0,0.0,0.000285014,5.7e-05,0.0,0.000342017,0.000570028,0.0,0.00102605,0.016587813,0.0,0.001368067,5.7e-05,0.0,0.000513025,0.000114006,0.0,0.000342017,0.0,0.0,0.0,5.7e-05,0.0,0.0,0.000342017,0.0,0.0,0.001482073,0.000114006,0.000114006,0.0,0.000684034,0.000228011,0.001197059,0.000114006,0.000285014,0.000171008,0.001368067,0.0,0.0,0.0,0.0,0.0,0.0,0.0,0.000114006,0.0,0.0,0.020863022,0.0,0.0,0.0,5.7e-05,0.00142507,5.7e-05,0.0,0.0,0.0,0.0,0.001539075,0.0,0.0,0.0,0.0,0.0,0.000114006,5.7e-05,0.513481161,0.0,0.0,0.0,0.0,5.7e-05,0.005814285,0.0,5.7e-05,5.7e-05,0.008664425,5.7e-05,0.00039902,0.021205039,0.0,0.000285014,0.0,0.0,0.0,0.000570028,0.0,0.000513025,0.000114006,5.7e-05,0.000228011,0.000171008,0.0,0.0,5.7e-05,0.0,0.000285014,5.7e-05,0.0,0.00285014,5.7e-05,0.001140056,0.000171008,0.0,0.0,0.000114006,0.0,0.000171008,0.0,0.0,0.000171008,0.0,0.0,5.7e-05,0.0,5.7e-05,0.0,0.000456022,5.7e-05,0.000171008,0.000171008,5.7e-05,0.000171008,0.000342017,0.0,0.0,0.0,0.0,0.003249159,0.0,0.000171008,0.0,0.0,0.0
SRR12478653,0.000448632,0.01274114,8.97e-05,0.006729475,0.000538358,0.0,0.000358905,0.0,0.0,0.001525348,0.0,0.000448632,0.0,0.0,0.00269179,0.0,8.97e-05,0.018034993,0.002781516,0.0,0.001345895,0.0,0.0,0.0,0.000358905,0.0,0.000179453,0.048811126,0.000628084,0.0,0.000358905,8.97e-05,0.000628084,8.97e-05,0.0,0.003947959,0.0,0.003140422,0.0,0.000269179,0.000807537,8.97e-05,8.97e-05,0.000179453,0.000358905,0.001166442,0.0,0.0,8.97e-05,0.000269179,0.000717811,0.0,0.0,0.008344549,0.000269179,0.0,0.0,0.0,0.0,0.001615074,0.0,0.000179453,8.97e-05,0.0,0.000807537,0.000269179,0.000897263,0.017855541,0.001166442,0.000717811,0.0,0.0,0.0,8.97e-05,0.000269179,0.000448632,0.001256169,0.000179453,0.0,0.000358905,0.000269179,8.97e-05,0.012202782,0.0,0.013189771,0.0,0.0,8.97e-05,0.000448632,0.0,0.0,0.001615074,0.0,8.97e-05,0.000179453,0.000538358,0.006729475,0.023239121,0.095379094,0.0,0.0,0.238133692,0.004755496,0.001435621,0.000269179,0.000269179,8.97e-05,0.0,0.020188425,8.97e-05,0.0,0.000448632,0.000179453,8.97e-05,8.97e-05,0.0,0.001256169,0.0,0.0,8.97e-05,0.000717811,0.0,0.000179453,0.0,0.0,0.0,0.000897263,0.0,0.0,0.000897263,0.000448632,8.97e-05,0.00098699,0.013907582,0.0,0.001884253,0.000628084,0.0,0.0,0.0,0.0,0.001615074,0.0,0.0,0.0,0.002422611,0.0,8.97e-05,0.000807537,0.0,0.0,0.0,0.000807537,0.001166442,0.0,0.002332885,0.000179453,0.002781516,0.0,0.000269179,0.0,0.002781516,8.97e-05,0.0,8.97e-05,0.000179453,0.0,0.0,0.0,0.001345895,8.97e-05,0.000179453,0.047554957,0.000717811,0.0,0.0,0.000269179,0.001076716,0.0,0.0,0.0,0.0,0.0,0.008165096,0.0,0.0,0.0,0.0,8.97e-05,0.0,0.0,0.275459847,0.0,0.0,0.010497981,0.0,8.97e-05,0.000897263,0.0,0.0,0.000269179,0.004306864,0.0,0.000717811,0.027725437,0.0,0.000717811,0.000179453,0.0,0.0,0.000628084,0.0,8.97e-05,0.000269179,0.000448632,0.0,0.000179453,0.0,0.0,0.002960969,8.97e-05,0.000807537,8.97e-05,0.0,0.001166442,0.0,0.000179453,0.0,0.0,0.0,8.97e-05,0.0,0.000358905,0.0,0.0,0.000448632,8.97e-05,0.0,0.0,0.0,0.0,0.0,0.000269179,0.000358905,0.000269179,0.000358905,0.0,0.0,0.000269179,0.0,0.0,0.0,0.0,0.001166442,0.000538358,0.000269179,0.0,0.0,0.0
SRR12478654,5.13e-05,0.000102522,0.0,0.0,5.13e-05,0.0,0.0,0.0,0.0,0.0,0.0,0.003844577,0.0,0.0,0.0,0.0,0.0,0.000358827,0.000307566,0.0,0.000102522,0.0,0.0,0.0,0.0,0.0,5.13e-05,0.019684232,0.0,0.0,0.0,0.002358007,0.000307566,0.0,0.0,0.000153783,0.0,0.0,0.0,5.13e-05,0.0,5.13e-05,0.0,0.0,0.0,0.0,0.0,5.13e-05,0.0,0.0,0.0,0.0,0.0,0.000102522,5.13e-05,5.13e-05,0.0,0.0,0.0,0.000102522,0.0,0.0,0.0,0.0,0.000256305,0.0,0.000563871,0.001794136,0.001640353,0.000102522,0.0,0.0,5.13e-05,0.000102522,5.13e-05,0.0,0.000153783,0.0,0.0,0.0,0.0,0.0,0.000615132,0.0,0.03967603,0.0,0.0,0.0,5.13e-05,0.0,0.0,0.0,0.0,0.0,0.0,5.13e-05,5.13e-05,0.0,0.005741234,0.0,0.0,0.035062538,0.002665573,0.000205044,0.000102522,0.000102522,5.13e-05,0.0,0.002101702,0.0,0.000102522,0.0,5.13e-05,0.0,0.0,0.0,0.000563871,0.0,0.0,5.13e-05,0.000461349,5.13e-05,5.13e-05,0.0,0.0,0.0,0.00051261,0.0,0.0,0.000307566,5.13e-05,0.0,0.000615132,0.003383227,0.0,0.002152963,0.000102522,0.0,0.0,0.0,0.0,0.001537831,5.13e-05,0.0,0.0,0.0,0.0,0.0,0.0,0.0,0.0,0.0,0.000153783,0.0,0.0,0.000358827,0.0,0.000717654,0.0,5.13e-05,5.13e-05,0.000461349,0.000102522,0.0,0.0,0.0,5.13e-05,0.0,0.0,0.000102522,0.0,0.0,0.016454788,0.0,0.0,0.0,0.0,0.000717654,0.0,0.0,0.0,0.0,0.0,0.0,0.0,0.0,0.0,0.0,0.0,0.000102522,0.0,0.836169777,0.0,0.0,0.0,0.0,0.0,0.002716834,0.0,0.000205044,0.0,0.004664753,0.0,0.000102522,0.004203404,0.0,0.0,0.0,0.0,0.0,0.0,0.0,0.0,0.0,0.0,0.0,0.0,0.0,0.0,0.0,5.13e-05,0.000102522,0.0,0.0,0.000666393,0.0,0.0,0.0,0.0,0.0,0.0,0.0,0.0,0.0,0.0,0.0,0.0,0.0,0.0,0.0,0.0,0.0,0.0,0.0,0.0,0.000256305,5.13e-05,0.0,0.001640353,0.0,0.0,0.0,0.0,0.000153783,0.0,0.0,0.0,0.0,0.0
SRR12478655,0.0,0.0,0.0,0.0,0.0,0.0,0.0,0.0,0.0,0.0,0.0,0.0,0.0,0.0,0.0,0.0,0.0,0.0,0.0,0.0,0.0,0.0,0.0,0.0,0.0,0.0,0.0,0.0,0.0,0.0,0.0,0.0,0.0,0.0,0.0,0.0,0.0,0.0,0.0,0.0,0.0,0.0,0.0,0.0,0.0,0.0,0.0,0.0,0.0,0.0,0.0,0.0,0.0,0.0,0.0,0.0,0.0,0.0,0.0,0.0,0.0,0.0,0.0,0.0,0.0,0.0,0.0,0.0,0.0,0.0,0.0,0.0,0.0,0.0,0.0,0.0,0.0,0.0,0.0,0.0,0.0,0.0,0.0,0.0,0.0,0.0,0.0,0.0,0.0,0.0,0.0,0.0,0.0,0.0,0.0,0.0,0.0,0.0,0.0,0.0,0.0,0.0,0.0,0.0,0.0,0.0,0.0,0.0,0.0,0.0,0.0,0.0,0.0,0.0,0.0,0.0,0.0,0.0,0.0,0.0,0.0,0.0,0.0,0.0,0.0,0.0,0.0,0.0,0.0,0.0,0.0,0.0,0.0,0.0,0.0,0.0,0.0,0.0,0.0,0.0,0.0,0.0,0.0,0.0,0.0,0.0,0.0,0.0,0.0,0.0,0.0,0.0,0.0,0.0,0.0,0.0,0.0,0.0,0.0,0.0,0.0,0.0,0.0,0.0,0.0,0.0,0.0,0.0,0.0,0.0,0.0,0.0,0.0,0.0,0.0,0.0,0.0,0.0,0.0,0.0,0.0,0.0,0.0,0.0,0.0,0.0,0.0,0.0,0.0,0.0,0.0,0.0,0.0,0.0,0.0,0.0,0.4,0.0,0.0,0.0,0.0,0.0,0.0,0.0,0.0,0.0,0.0,0.0,0.0,0.0,0.0,0.0,0.0,0.0,0.0,0.0,0.0,0.0,0.0,0.0,0.0,0.0,0.0,0.0,0.0,0.0,0.0,0.0,0.0,0.0,0.0,0.0,0.0,0.0,0.0,0.0,0.0,0.0,0.0,0.0,0.0,0.0,0.0,0.0,0.0,0.0,0.0,0.0,0.0,0.0,0.0,0.0,0.0,0.0,0.0,0.0,0.0,0.0,0.0
SRR12478656,0.0,0.003969435,0.0,0.0,0.0,0.0,0.0,0.0,3.31e-05,0.000198472,0.0,0.000132315,0.0,3.31e-05,3.31e-05,0.0,0.0,0.00023155,0.000132315,0.0,3.31e-05,3.31e-05,0.0,0.0,0.0,0.0,0.0,0.016440078,3.31e-05,0.0,9.92e-05,3.31e-05,0.001124673,0.0,0.0,3.31e-05,0.0,0.0,0.0,9.92e-05,0.0,0.0,3.31e-05,0.0,0.0,0.0,0.0,0.0,0.0,0.0,0.00023155,0.0,0.0,0.0,0.0,0.0,0.0,0.0,0.0,3.31e-05,0.0,0.0,0.0,0.0,3.31e-05,0.0,6.62e-05,0.000430022,3.31e-05,0.0,0.0,0.0,0.0,3.31e-05,0.0,0.0,3.31e-05,3.31e-05,0.0,0.0,6.62e-05,0.0,0.000297708,0.0,0.0125368,0.0,0.0,0.0,0.0,0.0,0.0,0.0,0.0,3.31e-05,0.0,0.0,3.31e-05,3.31e-05,0.002348583,3.31e-05,0.0,0.126426516,0.003307863,0.0,0.0,0.0,0.0,0.0,6.62e-05,0.0,3.31e-05,0.0,0.0,0.0,0.0,0.0,0.000264629,0.0,0.0,9.92e-05,0.0,0.0,3.31e-05,0.0,0.0,0.0,0.0,6.62e-05,0.0,9.92e-05,0.0,0.0,3.31e-05,0.002183189,0.0,0.000330786,0.0,0.0,0.0,9.92e-05,0.0,0.0,0.0,0.0,0.0,3.31e-05,0.0,0.0,0.0,0.0,0.0,0.000363865,3.31e-05,0.0,0.0,6.62e-05,0.0,0.000363865,0.0,6.62e-05,0.0,9.92e-05,0.0,0.0,0.0,0.0,0.0,0.0,0.0,0.0,0.0,0.0,0.001157752,6.62e-05,0.0,0.0,0.0,0.000132315,0.0,0.0,0.0,0.0,0.0,0.0,6.62e-05,0.0,0.0,0.0,0.0,0.0,0.0,0.819787635,0.0,0.0,0.0,0.0,0.0,0.001422381,0.0,0.0,6.62e-05,0.000330786,0.0,9.92e-05,0.000760808,0.0,0.0,3.31e-05,0.0,0.0,0.000198472,0.0,0.0,0.0,3.31e-05,0.0,0.0,0.0,0.0,0.0,6.62e-05,3.31e-05,0.0,0.0,0.00095928,0.000132315,0.000463101,0.0,0.0,6.62e-05,3.31e-05,0.0,0.0,0.0,0.0,9.92e-05,0.0,0.0,0.0,0.0,3.31e-05,0.0,0.0,6.62e-05,3.31e-05,0.0,3.31e-05,0.0,0.000264629,0.0,0.0,0.0,0.0,0.000165393,0.0,0.0,0.0,0.0,0.0
SRR12478657,0.0,0.000135925,0.0005437,0.0,0.007475873,0.000135925,0.0,0.0,0.0,0.000407775,0.0,0.00027185,0.0,0.0,0.000135925,0.0,0.000135925,0.0,0.0,0.0,0.0,0.0,0.0,0.0,0.0,0.0,0.000135925,0.818404241,0.0,0.0,0.000407775,0.00027185,0.011281772,0.00027185,0.0,0.0,0.0,0.0,0.0,0.000135925,0.0,0.000135925,0.0,0.00135925,0.00081555,0.0,0.0,0.000135925,0.0,0.0005437,0.0,0.0,0.00135925,0.0,0.0005437,0.0016311,0.0,0.000679625,0.0,0.0,0.0,0.0,0.0,0.0,0.0,0.0,0.00027185,0.000951475,0.0,0.000135925,0.0,0.0,0.0,0.0,0.0005437,0.0,0.00027185,0.001223325,0.0,0.0,0.0,0.0,0.000135925,0.0,0.0,0.0,0.0,0.0,0.0,0.0,0.0,0.001767025,0.00027185,0.000135925,0.001767025,0.0,0.060214761,0.000407775,0.004077749,0.0,0.0,0.003126274,0.00027185,0.0,0.0,0.0,0.0,0.0,0.0,0.0,0.0005437,0.000135925,0.0,0.0,0.000951475,0.0,0.000135925,0.0,0.0,0.0,0.0,0.000135925,0.0,0.0,0.00027185,0.0,0.00027185,0.0,0.0,0.000679625,0.003126274,0.0,0.000135925,0.000679625,0.0,0.001767025,0.0,0.0,0.0,0.0,0.0,0.0,0.0,0.0,0.000135925,0.0,0.0,0.0,0.0,0.0,0.0,0.0,0.0,0.0,0.0,0.0,0.0,0.000135925,0.00027185,0.000135925,0.0,0.000407775,0.00027185,0.0,0.0,0.0,0.0,0.0,0.0,0.0,0.0,0.0,0.001223325,0.0,0.0,0.0,0.003398124,0.0005437,0.00081555,0.0,0.0,0.0,0.0,0.0,0.0,0.0,0.0,0.0,0.0,0.0,0.002038875,0.013048797,0.0,0.0,0.000407775,0.0,0.00081555,0.0,0.000679625,0.0,0.0,0.001223325,0.0,0.000135925,0.000135925,0.0,0.003669974,0.0,0.0,0.0,0.00027185,0.0,0.001223325,0.00027185,0.006932173,0.0,0.002718499,0.0,0.0,0.007068098,0.000135925,0.00027185,0.0,0.0,0.001223325,0.0,0.0,0.0,0.000135925,0.000135925,0.000679625,0.0,0.000135925,0.0,0.0,0.000135925,0.000135925,0.0,0.000135925,0.0,0.0,0.0,0.0,0.0,0.0,0.0,0.0,0.0,0.0,0.0,0.0,0.0,0.0,0.0,0.0,0.008699198,0.0,0.0,0.0
SRR12478658,0.000255021,0.008096908,0.000191266,6.38e-05,0.0,0.0,0.000191266,0.0,0.0,0.0,0.0,0.002486452,0.0,0.0,6.38e-05,0.0,0.0,0.020784189,0.000382531,0.0,0.000637552,0.0,0.0,0.0,6.38e-05,0.0,6.38e-05,0.011985974,0.000255021,0.0,0.000828817,6.38e-05,0.025438317,6.38e-05,0.0,0.001083838,0.0,0.000255021,0.0,0.00012751,0.0,0.00012751,6.38e-05,6.38e-05,6.38e-05,0.002422697,0.0,0.0,0.0,0.0,0.0,0.0,0.00012751,0.000573797,0.0,0.0,0.0,0.0,0.0,0.000382531,0.0,0.0,0.0,0.0,6.38e-05,0.0,0.002805228,0.011922219,0.00012751,6.38e-05,0.0,0.0,0.0,0.0,0.000191266,0.006120497,0.002932738,0.0,0.0,0.0,0.00012751,0.0,0.001912655,0.0,0.000637552,0.0,0.0,0.0,0.0,0.0,0.0,0.000765062,0.00012751,0.0,0.0,6.38e-05,0.003825311,0.00357029,0.044692381,0.0,0.0,0.075486133,0.002040166,0.000382531,0.0,0.000255021,6.38e-05,6.38e-05,0.003187759,0.001083838,0.00012751,0.00012751,6.38e-05,0.0,6.38e-05,0.0,0.021102965,0.0,0.0,0.00159388,0.000255021,0.0,0.000191266,0.0,6.38e-05,0.0,0.000318776,0.0,0.0,6.38e-05,0.000191266,0.0,0.000255021,0.006694294,0.0,0.000510041,0.005482945,0.0,6.38e-05,0.0,0.0,0.00012751,0.0,0.0,6.38e-05,0.000255021,0.0,0.0,0.00012751,0.0,0.0,6.38e-05,6.38e-05,0.0,0.0,0.000446286,0.0,0.000765062,0.00012751,0.000255021,0.0,6.38e-05,0.00012751,0.0,0.0,6.38e-05,0.0,0.0,0.0,0.000510041,0.000318776,0.0,0.01071087,0.00012751,0.000255021,0.0,0.0,0.000573797,0.0,0.0,0.0,6.38e-05,0.0,0.000191266,0.0,0.0,0.0,0.0,0.0,0.0,0.0,0.664010201,0.0,0.0,0.000892573,0.0,0.00012751,0.003315269,0.0,0.0,0.000255021,0.005100414,0.0,0.001912655,0.006184252,0.0,0.000510041,0.0,0.0,0.0,0.000255021,0.0,0.000255021,0.0,0.000191266,0.0,0.0,0.0,0.0,0.0,6.38e-05,0.001275104,0.0,0.0,0.005227925,0.0,0.0,0.0,0.0,0.00012751,0.0,0.0,0.0,0.0,0.0,0.000318776,0.0,0.0,6.38e-05,0.0,6.38e-05,0.0,0.0,6.38e-05,0.000191266,0.000573797,0.0,0.0,0.015046223,0.0,0.0,6.38e-05,0.0,0.000510041,6.38e-05,0.000255021,0.0,0.0,0.0
SRR12478659,0.0,0.001244168,0.001866252,0.0,0.00622084,0.0,0.0,0.0,0.0,0.002488336,0.0,0.000311042,0.0,0.0,0.0,0.0,0.0,0.0,0.0,0.0,0.0,0.0,0.0,0.000622084,0.000311042,0.0,0.000622084,0.00933126,0.0,0.0,0.000311042,0.0,0.0,0.000622084,0.000311042,0.0,0.0,0.0,0.0,0.0,0.0,0.000311042,0.0,0.004976672,0.033592535,0.0,0.0,0.000622084,0.0,0.000622084,0.0,0.0,0.003732504,0.0,0.0,0.00622084,0.0,0.0,0.0,0.0,0.0,0.0,0.0,0.0,0.0,0.0,0.0,0.000933126,0.000311042,0.0,0.0,0.0,0.0,0.0,0.000622084,0.0,0.0,0.0,0.0,0.0,0.0,0.0,0.000311042,0.0,0.002177294,0.0,0.0,0.0,0.0,0.000933126,0.0,0.1437014,0.011819596,0.000311042,0.040435459,0.0,0.246656299,0.0,0.003421462,0.0,0.0,0.005909798,0.0,0.0,0.0,0.0,0.0,0.0,0.000622084,0.0,0.000311042,0.0,0.0,0.0,0.000311042,0.0,0.000311042,0.0,0.0,0.0,0.000311042,0.0,0.0,0.0,0.000311042,0.0,0.000311042,0.001244168,0.0,0.0,0.078693624,0.0,0.0,0.002177294,0.0,0.00622084,0.003732504,0.0,0.0,0.0,0.0,0.0,0.0,0.0,0.0,0.0,0.0,0.0,0.0,0.0,0.0,0.0,0.0,0.0,0.0,0.0,0.0,0.0,0.00777605,0.0,0.0,0.000311042,0.0,0.0,0.0,0.0,0.0,0.000622084,0.0,0.000311042,0.000311042,0.0,0.001244168,0.0,0.0,0.0,0.026749611,0.004354588,0.001244168,0.0,0.0,0.0,0.0,0.0,0.0,0.0,0.0,0.0,0.000311042,0.0,0.004976672,0.037013997,0.0,0.0,0.001244168,0.0,0.00777605,0.000311042,0.000622084,0.0,0.0,0.002799378,0.0,0.0,0.000933126,0.0,0.098911353,0.0,0.0,0.0,0.0,0.0,0.011197512,0.004976672,0.019284603,0.0,0.028615863,0.0,0.0,0.004043546,0.0,0.000311042,0.000933126,0.0,0.017107309,0.0,0.0,0.0,0.0,0.0,0.0,0.0,0.000311042,0.0,0.0,0.0,0.0,0.0,0.0,0.0,0.0,0.0,0.0,0.000311042,0.0,0.0,0.0,0.000933126,0.000311042,0.0,0.000622084,0.0,0.0,0.008709176,0.0,0.055987558,0.0,0.0,0.0
SRR12478660,0.0,0.003771552,0.0,0.0,0.000323276,0.0,0.0,0.0,0.0,0.00075431,0.0,0.008297414,0.0,0.0,0.0,0.0,0.0,0.001616379,0.000646552,0.0,0.0,0.0,0.0,0.0,0.0,0.0,0.000107759,0.334698276,0.001508621,0.0,0.0,0.004741379,0.000107759,0.000107759,0.0,0.001185345,0.0,0.0,0.0,0.0,0.0,0.000107759,0.0,0.000107759,0.0,0.0,0.0,0.0,0.0,0.0,0.0,0.0,0.0,0.000538793,0.000431034,0.0,0.0,0.0,0.0,0.0,0.0,0.0,0.0,0.0,0.000107759,0.0,0.000646552,0.02112069,0.001185345,0.0,0.0,0.0,0.0,0.000107759,0.000107759,0.0,0.000107759,0.0,0.0,0.0,0.0,0.0,0.002478448,0.0,0.003987069,0.0,0.0,0.0,0.000107759,0.0,0.0,0.000431034,0.0,0.0,0.0,0.000107759,0.00075431,0.012068966,0.123599138,0.0,0.0,0.297844828,0.0,0.000107759,0.0,0.000431034,0.0,0.0,0.003663793,0.0,0.000107759,0.0,0.000107759,0.0,0.0,0.000107759,0.003340517,0.0,0.0,0.003448276,0.001616379,0.0,0.0,0.0,0.000107759,0.0,0.000107759,0.0,0.0,0.000215517,0.000323276,0.0,0.000431034,0.015086207,0.0,0.001508621,0.0,0.0,0.0,0.0,0.0,0.0,0.0,0.0,0.0,0.0,0.0,0.0,0.000323276,0.0,0.000323276,0.001508621,0.000215517,0.0,0.0,0.0,0.0,0.016056034,0.0,0.0,0.000107759,0.0,0.0,0.0,0.0,0.0,0.0,0.0,0.0,0.001508621,0.0,0.000107759,0.005387931,0.000215517,0.0,0.0,0.000215517,0.00237069,0.0,0.0,0.0,0.0,0.0,0.000215517,0.0,0.0,0.0,0.0,0.0,0.0,0.0,0.003340517,0.0,0.0,0.0,0.0,0.000107759,0.0,0.0,0.000107759,0.000969828,0.090409483,0.0,0.000107759,0.007219828,0.0,0.000107759,0.0,0.0,0.0,0.002155172,0.0,0.000215517,0.0,0.000107759,0.0,0.0,0.0,0.0,0.0,0.000107759,0.000215517,0.0,0.0,0.002262931,0.0,0.00075431,0.0,0.0,0.0,0.000107759,0.0,0.000215517,0.0,0.0,0.0,0.0,0.0,0.0,0.0,0.000107759,0.0,0.000107759,0.0,0.0,0.000107759,0.0,0.0,0.003556034,0.0,0.000107759,0.0,0.0,0.000215517,0.0,0.0,0.0,0.0,0.0
SRR12478661,0.000666503,0.012488161,7.02e-05,0.000350791,0.000140316,0.0,3.51e-05,0.0,3.51e-05,0.001227769,0.0,0.001333006,0.0,0.0,0.000806819,0.0,3.51e-05,0.022871575,0.003823622,3.51e-05,0.000806819,7.02e-05,0.0,0.0,0.0,0.0,3.51e-05,0.090469008,0.000806819,0.0,3.51e-05,3.51e-05,0.000666503,0.000175396,3.51e-05,0.004349809,0.000105237,0.0,0.0,0.0,0.000140316,3.51e-05,0.0,0.0,0.000210475,0.000315712,7.02e-05,0.0,0.0,0.0,3.51e-05,0.0,0.0,0.003297436,0.000105237,7.02e-05,0.0,0.0,0.0,0.000526187,0.0,0.000280633,0.0,0.0,7.02e-05,3.51e-05,0.000315712,0.015224331,0.002490616,3.51e-05,0.0,0.0,0.0,0.000105237,3.51e-05,0.000456028,0.006840425,0.0,3.51e-05,3.51e-05,7.02e-05,0.0,0.005963448,0.0,0.017329077,0.0,0.0,0.0,0.0,0.000806819,0.0,0.000806819,7.02e-05,0.0,0.000315712,0.00392886,0.001753955,0.008418985,0.045076648,0.0,0.0,0.376258463,0.007506928,0.001052373,0.0,0.000175396,0.0,0.0,0.017329077,0.0,0.0,0.000245554,0.000210475,0.0,0.0,0.0,0.00077174,0.0,0.0,0.0,0.000526187,0.0,0.000350791,0.0,3.51e-05,0.0,0.000631424,0.0,0.0,0.000105237,0.000666503,0.0,0.000526187,0.019258428,0.0,0.000876978,0.000947136,0.0,0.000210475,0.0,0.0,0.001438243,0.0,0.0,0.0,0.0,3.51e-05,3.51e-05,0.0047006,0.0,0.0,0.00038587,0.000350791,0.001683797,0.0,0.003262357,0.001648718,0.003157119,0.0,0.000456028,0.0,0.000561266,7.02e-05,0.0,7.02e-05,0.0,3.51e-05,0.0,0.0,0.000210475,0.0,0.000105237,0.037429403,0.001403164,0.0,0.0,7.02e-05,0.008559301,3.51e-05,0.0,3.51e-05,0.0,0.0,0.004630442,0.0,0.0,0.0,0.0,0.0,0.0,0.000105237,0.137615323,3.51e-05,0.000140316,0.004419967,0.0,0.0,0.002525695,7.02e-05,0.000105237,0.000315712,0.004946154,0.0,0.00038587,0.061669064,0.0,0.000280633,0.000175396,0.0,0.0,0.001789034,0.0,3.51e-05,3.51e-05,0.000105237,0.000210475,0.000350791,0.0,3.51e-05,0.0,0.000350791,7.02e-05,0.0,0.0,0.019995089,0.0,3.51e-05,0.0,0.0,0.0,0.000140316,0.0,3.51e-05,7.02e-05,0.0,0.0,3.51e-05,0.0,0.0,0.0,7.02e-05,0.0,0.0,0.002209984,0.0,0.000175396,0.0,0.0,0.001122531,0.0,0.0,0.0,0.0,0.000912057,0.002245063,0.000245554,0.0,0.0,0.0
SRR12478662,0.0001318,0.00042835,0.0,0.0001977,3.3e-05,0.0,0.0,0.0,3.3e-05,6.59e-05,0.0,0.00069195,0.0,0.0,0.0,0.0,0.0,0.0009226,0.0009226,0.0,6.59e-05,0.0,0.0,0.0,0.0,0.0,0.0,0.014695707,0.0,0.0,0.0,0.0004613,0.0003295,3.3e-05,3.3e-05,9.89e-05,0.0,3.3e-05,0.0,3.3e-05,0.0,0.0,0.0,3.3e-05,0.00029655,0.0004613,0.0,0.0,0.0,0.0,0.0,0.0,3.3e-05,6.59e-05,0.0,6.59e-05,0.0,0.0,0.0,9.89e-05,0.0,0.0,0.0,0.0,6.59e-05,0.0,0.000659,0.001746351,0.0008567,0.0,0.0,0.0,0.0,3.3e-05,0.0,0.0,0.0009226,3.3e-05,0.0,0.0,3.3e-05,0.0,0.0009885,0.0,0.011499555,0.0,0.0,3.3e-05,0.0,0.001845201,0.0,0.0009226,0.0,0.0,0.00016475,0.0,0.00036245,0.00029655,0.011301855,0.0,0.0,0.102210946,0.001911101,3.3e-05,0.0,0.0,3.3e-05,6.59e-05,0.0010544,3.3e-05,0.00016475,3.3e-05,6.59e-05,0.0,0.0,0.0,0.002998451,0.0,3.3e-05,0.0001318,0.00016475,0.0,0.00075785,0.0,0.0,0.0,3.3e-05,0.0,0.0,3.3e-05,0.00029655,0.0,0.00023065,0.003426802,0.0,0.00023065,0.0,0.0,9.89e-05,3.3e-05,0.0,0.0001318,0.0,0.0,3.3e-05,3.3e-05,0.0,0.0,3.3e-05,0.0,0.0,3.3e-05,6.59e-05,0.0,0.0,0.0003954,9.89e-05,0.00042835,0.0,0.0,0.0,0.00029655,0.0,0.0,3.3e-05,0.0,0.0,0.0,0.0,0.0001318,0.0,0.0,0.004019902,6.59e-05,0.0,0.0,6.59e-05,9.89e-05,0.0,0.0,0.0,0.0,0.0,9.89e-05,0.0,0.0,0.0,0.0,3.3e-05,0.0,0.0,0.811064615,0.0,0.0,3.3e-05,0.0,0.0,0.000659,9.89e-05,0.0,0.00016475,0.006194603,0.0,3.3e-05,0.003393852,0.0,0.00023065,0.0,0.0,0.0,0.000659,0.0,0.0,3.3e-05,0.0,0.0,0.0001318,0.0,0.0,0.0001318,0.0,0.0002636,3.3e-05,0.0,0.00069195,0.0,0.0003954,3.3e-05,0.0,0.0,0.0,0.0,0.0,0.0,0.0,3.3e-05,6.59e-05,6.59e-05,0.0,0.0,0.0,0.0,0.0,3.3e-05,0.0,0.0003295,0.0,0.0,0.001845201,0.0,0.0,0.0,0.0,0.00042835,0.0,0.0001318,0.0,0.0,0.0
SRR12478663,0.001165974,0.008820846,0.000101389,0.004866673,5.07e-05,0.0,0.0,0.0,0.0,0.000304167,0.0,0.021190307,5.07e-05,0.0,0.000709723,0.0,0.0,0.022964615,0.005931258,0.0,0.000253473,0.000101389,0.0,0.0,5.07e-05,0.0,0.0,0.255652438,0.000152084,0.0,0.0,5.07e-05,0.000659029,0.0,0.0,0.00055764,0.0,0.0,0.0,5.07e-05,0.0,0.0,0.0,5.07e-05,0.0,0.0,0.0,0.0,0.0,0.0,0.0,0.0,0.0,0.007097232,0.0,5.07e-05,0.0,0.0,0.0,0.000506945,0.0,0.000101389,0.0,0.0,0.000101389,0.0,0.001165974,0.007097232,0.005221535,0.0,0.0,0.0,0.0,0.000253473,0.0,0.001470141,0.005981953,0.000304167,5.07e-05,5.07e-05,0.000101389,5.07e-05,0.002433337,0.0,0.000152084,0.0,0.0,0.0,0.000152084,5.07e-05,0.0,0.000101389,0.0,0.0,0.000152084,0.0,0.02245767,0.013079185,0.059109804,0.0,0.0,0.369613708,0.0,0.000608334,0.0,0.000304167,0.0,5.07e-05,0.008111122,0.0,0.000101389,0.000253473,5.07e-05,0.0,5.07e-05,0.000202778,0.0037007,0.0,0.0,0.000456251,0.00212917,0.0,0.000202778,0.0,0.0,0.0,0.000152084,0.0,0.0,5.07e-05,0.000405556,0.0,0.000608334,0.035587549,0.0,0.000152084,0.0,0.0,0.000152084,0.0,5.07e-05,0.0,0.0,0.0,0.0,0.000152084,0.004562506,0.000101389,0.000101389,0.0,5.07e-05,0.000152084,0.004663895,0.0,0.0,0.002027781,0.0,0.008820846,0.000152084,0.005627091,0.0,0.000506945,0.0,0.0,0.0,0.0,0.0,0.0,0.0,0.005627091,0.0,0.0,0.047450066,0.000659029,5.07e-05,0.0,0.000405556,0.006640981,5.07e-05,0.0,0.0,0.0,0.0,0.001064585,0.000101389,0.0,0.0,0.0,0.0,0.0,0.000456251,0.00471459,0.0,0.0,0.000608334,0.0,0.0,5.07e-05,5.07e-05,0.0,0.000101389,0.007046538,0.0,0.0,0.013180574,0.0,0.0,0.000101389,0.0,0.0,0.000101389,0.0,0.000608334,0.0,0.000506945,0.0,0.000354862,0.0,0.000101389,0.0,0.0,0.000405556,0.0,0.0,0.002331948,0.0,0.000101389,0.0,0.0,0.0,0.0,0.0,0.000304167,0.0,0.0,0.0,0.0,0.0,0.0,0.0,0.0,0.0,5.07e-05,0.0,0.0,5.07e-05,0.0,0.0,0.002230559,0.0,0.0,0.0,0.0,0.000608334,0.000152084,0.000506945,0.0,0.0,0.0
SRR12478664,0.0,0.0,0.0,0.0,0.0,0.0,0.0,0.0,0.0,0.0,0.0,0.0,0.0,0.0,0.0,0.0,0.0,0.0,0.0,0.0,0.0,0.0,0.0,0.0,0.0,0.0,0.0,0.0,0.0,0.0,0.0,0.0,0.0,0.0,0.0,0.0,0.0,0.0,0.0,0.0,0.0,0.0,0.0,0.0,0.0,0.0,0.0,0.0,0.0,0.0,0.0,0.0,0.0,0.0,0.0,0.0,0.0,0.0,0.0,0.0,0.0,0.0,0.0,0.0,0.0,0.0,0.0,0.0,0.0,0.0,0.0,0.0,0.0,0.0,0.0,0.0,0.0,0.0,0.0,0.0,0.0,0.0,0.0,0.0,0.0,0.0,0.0,0.0,0.0,0.0,0.0,0.0,0.0,0.0,0.0,0.0,0.0,0.0,0.0,0.0,0.0,0.0,0.0,0.0,0.0,0.0,0.0,0.0,0.0,0.0,0.0,0.0,0.0,0.0,0.0,0.0,0.0,0.0,0.0,0.0,0.0,0.0,0.0,0.0,0.0,0.0,0.0,0.0,0.0,0.0,0.0,0.0,0.0,0.0,0.0,0.0,0.0,0.0,0.0,0.0,0.0,0.0,0.0,0.0,0.0,0.0,0.0,0.0,0.0,0.0,0.0,0.0,0.0,0.0,0.0,0.0,0.0,0.0,0.0,0.0,0.0,0.0,0.0,0.0,0.0,0.0,0.0,0.0,0.0,0.0,0.0,0.0,0.0,0.0,0.0,0.0,0.0,0.0,0.0,0.0,0.0,0.0,0.0,0.0,0.0,0.0,0.0,0.0,0.0,0.0,0.0,1.0,0.0,0.0,0.0,0.0,0.0,0.0,0.0,0.0,0.0,0.0,0.0,0.0,0.0,0.0,0.0,0.0,0.0,0.0,0.0,0.0,0.0,0.0,0.0,0.0,0.0,0.0,0.0,0.0,0.0,0.0,0.0,0.0,0.0,0.0,0.0,0.0,0.0,0.0,0.0,0.0,0.0,0.0,0.0,0.0,0.0,0.0,0.0,0.0,0.0,0.0,0.0,0.0,0.0,0.0,0.0,0.0,0.0,0.0,0.0,0.0,0.0,0.0,0.0,0.0,0.0,0.0,0.0
SRR12478665,0.000149156,0.010440904,2.98e-05,0.0,0.000119325,0.0,5.97e-05,0.0,0.0,8.95e-05,0.0,0.022403198,0.0,0.0,0.0,0.0,2.98e-05,0.000745779,0.000357974,0.0,0.000119325,5.97e-05,0.0,0.0,5.97e-05,0.0,2.98e-05,0.334914385,0.002356661,0.0,0.0,0.011186683,0.000596623,0.0,0.0,0.001133584,0.0,0.0,0.0,0.0,5.97e-05,0.0,0.0,0.0,0.0,0.0,0.0,8.95e-05,0.0,5.97e-05,0.0,2.98e-05,0.0,0.000536961,0.000178987,2.98e-05,0.0,0.0,0.0,0.000357974,0.0,0.0,0.0,0.0,0.000119325,0.0,0.000894935,0.008203568,0.001193246,5.97e-05,0.0,0.0,0.0,0.0,0.0,8.95e-05,0.000387805,8.95e-05,0.0,2.98e-05,0.0,0.0,0.003132271,0.0,8.95e-05,0.0,0.0,0.0,0.0,0.0,0.0,0.000178987,0.0,0.0,2.98e-05,2.98e-05,0.00232683,0.002446155,0.10712368,0.0,0.0,0.290525625,2.98e-05,0.000208818,5.97e-05,0.000119325,0.0,0.0,0.002296999,0.0,2.98e-05,0.0,0.0,0.0,0.0,0.0,0.00155122,0.0,0.0,0.002446155,0.000745779,0.0,0.001431895,0.0,8.95e-05,0.0,0.001103753,5.97e-05,0.0,0.000208818,8.95e-05,0.0,0.000298312,0.031829843,0.0,0.006294374,5.97e-05,0.0,0.000119325,8.95e-05,0.0,0.0,0.0,0.0,0.0,0.001402064,2.98e-05,0.0,0.003370921,0.0,0.000357974,0.036364179,8.95e-05,0.0,0.0,0.00050713,0.000924766,0.002863791,0.0,0.010381242,8.95e-05,5.97e-05,5.97e-05,0.0,2.98e-05,0.0,0.0,0.0,0.0,0.000835272,0.0,0.000536961,0.010948034,2.98e-05,0.0,0.0,0.000208818,0.000865104,0.0,0.0,0.0,0.0,0.0,0.000119325,0.0,0.0,0.0,0.0,0.0,2.98e-05,2.98e-05,0.003788557,0.0,0.0,0.0,0.0,0.0,0.000178987,0.0,0.0,0.000149156,0.026281248,0.0,0.000447467,0.026490066,0.0,0.000119325,2.98e-05,0.0,0.0,0.010769047,0.0,0.0,0.000178987,0.000208818,0.0,0.000119325,0.0,0.0,0.0,0.0,5.97e-05,0.0,0.0,0.002446155,0.0,0.000357974,2.98e-05,0.0,0.0,0.000298312,0.0,0.0,2.98e-05,0.0,2.98e-05,0.0,0.0,2.98e-05,0.0,5.97e-05,0.0,0.0,0.0,0.0,0.000865104,0.0,0.0,8.95e-05,0.0,0.0,0.0,0.0,0.003400752,0.0,0.000149156,0.0,0.0,0.0
SRR12478667,0.000106445,0.001809569,5.32e-05,0.000798339,0.000425781,0.0,0.0,0.0,0.0,5.32e-05,0.0,0.002874022,0.0,5.32e-05,0.000159668,0.0,5.32e-05,0.00830273,0.000585449,0.0,0.000585449,5.32e-05,0.0,0.0,5.32e-05,0.0,0.000904785,0.022992176,0.000319336,0.0,0.002820799,0.000266113,0.0,0.000106445,0.0,0.00324658,5.32e-05,5.32e-05,0.0,5.32e-05,0.000266113,0.0,0.0,5.32e-05,5.32e-05,0.000319336,0.0,0.0,0.0,0.0,5.32e-05,5.32e-05,5.32e-05,0.001916015,0.000266113,0.0,0.0,0.0,0.0,0.000319336,0.0,0.0,0.0,0.0,0.000266113,0.0,0.001170898,0.010484858,0.002288573,0.00101123,0.0,0.0,0.0,0.000159668,0.000638672,0.000479004,0.00404492,5.32e-05,5.32e-05,0.0,5.32e-05,0.0,0.001277343,0.0,0.028953111,0.000106445,0.0,0.0,5.32e-05,0.0,0.0,0.000319336,0.0,0.000212891,0.0,0.000798339,0.000851562,0.000159668,0.063015594,0.0,0.0,0.081324179,0.002661132,0.000904785,5.32e-05,0.000266113,0.000425781,0.0,0.006333493,0.000106445,0.0,0.0,5.32e-05,0.000106445,0.000106445,0.0,0.00223535,0.0,0.0,0.000106445,0.000638672,0.0,0.001064453,0.0,5.32e-05,0.0,0.000159668,0.0,0.0,0.000532226,0.000159668,0.0,0.000212891,0.006333493,0.0,0.001649902,0.000851562,0.0,0.000851562,0.000319336,5.32e-05,0.000745117,0.0,0.0,0.0,0.0,0.0,5.32e-05,0.001277343,0.0,0.0,0.000106445,0.000106445,0.0,0.0,0.000532226,0.0,0.001809569,0.000159668,0.000212891,0.0,0.000319336,0.000159668,0.0,0.0,0.000106445,0.0,0.0,0.0,0.000159668,0.0,0.000159668,0.013944329,0.000266113,0.0,0.0,5.32e-05,0.001117675,0.000212891,0.0,0.0,0.0,5.32e-05,0.002128905,5.32e-05,0.0,0.0,0.0,5.32e-05,5.32e-05,0.0,0.643834158,0.0,0.0,0.0,0.0,0.000159668,0.006120602,0.0,0.000159668,0.000212891,0.007610836,0.0,0.000106445,0.009952632,0.0,0.00101123,5.32e-05,0.0,0.0,0.007876949,0.0,0.000212891,0.000266113,0.0,0.0,0.0,0.0,0.0,0.001117675,0.000212891,0.000585449,0.000106445,5.32e-05,0.007185055,5.32e-05,0.000106445,0.0,5.32e-05,5.32e-05,0.0,0.0,5.32e-05,5.32e-05,0.0,0.000532226,0.0,0.0,0.000212891,0.0,0.000106445,0.0,0.0,0.0,0.011176752,0.000106445,0.000106445,0.0,0.000319336,0.0,0.0,0.0,0.0,0.000425781,0.0,0.0,0.0,0.0,0.0
SRR12478668,0.000116973,0.000877296,5.85e-05,0.001754591,0.0,0.0,0.0,0.0,0.000116973,0.000233945,0.0,0.000175459,0.0,0.0,0.0,0.0,0.0,0.001052755,0.000116973,0.0,0.000233945,5.85e-05,0.0,5.85e-05,0.0,0.0,0.000116973,0.011229384,0.0,0.0,0.001579132,0.00064335,0.000350918,0.0,0.0,0.000116973,0.0,0.0,0.0,0.0,5.85e-05,0.000175459,0.0,0.0,0.0,0.001169727,0.0,0.0,0.0,0.0,5.85e-05,0.000116973,5.85e-05,0.000526377,5.85e-05,0.0,0.0,0.0,0.0,0.0,0.0,0.0,0.0,0.0,0.0,0.0,0.001228214,0.006959878,0.000877296,0.0,0.0,0.0,0.0,0.0,0.0,5.85e-05,0.003158264,0.0,0.0,5.85e-05,0.0,0.0,0.000233945,0.0,0.019534448,0.0,0.0,0.0,0.0,0.000409405,0.0,0.000350918,0.0,0.0,0.0,0.0,0.000701836,0.000467891,0.025675518,0.0,0.0,0.068546029,0.001871564,0.000584864,0.000467891,0.000175459,0.001169727,0.0,0.005029828,5.85e-05,0.000175459,5.85e-05,0.0,0.0,0.0,0.0,0.003626155,0.0,0.0,0.000116973,0.0,0.0,0.000818809,0.0,0.0,0.0,0.000175459,5.85e-05,0.0,0.0,0.000175459,0.0,0.000877296,0.002222482,0.0,0.002047023,0.000292432,0.0,5.85e-05,0.000233945,0.0,0.000467891,0.0,0.0,0.0,0.0,0.0,0.0,0.000233945,0.0,0.0,0.01193122,5.85e-05,5.85e-05,0.0,0.000292432,0.000350918,0.001579132,0.0,5.85e-05,0.0,0.000526377,0.0,0.0,0.0,0.0,5.85e-05,0.0,0.0,0.0,0.0,0.000233945,0.010118142,0.000116973,0.0,0.0,5.85e-05,0.000292432,0.0,0.0,0.0,0.0,0.0,0.000233945,0.0,0.0,0.0,0.0,0.0,0.0,0.0,0.761492572,0.0,0.0,0.0,5.85e-05,5.85e-05,0.000994268,0.0,0.0,0.000116973,0.012633056,0.0,0.000175459,0.01064452,0.0,0.000526377,0.0,0.0,0.0,0.009884197,0.0,0.000584864,0.0,0.0,0.0,5.85e-05,0.0,0.0,5.85e-05,0.0,0.000350918,0.000116973,0.0,0.000935782,0.0,0.000116973,0.0,0.0,5.85e-05,5.85e-05,0.0,0.0,0.000584864,0.0,0.000175459,0.0,0.0,0.0,0.0,5.85e-05,0.0,0.0,5.85e-05,5.85e-05,0.000409405,0.0,0.0,0.002456428,0.0,0.000116973,0.0,0.0,5.85e-05,0.0,5.85e-05,0.0,0.0,0.0
SRR12478669,0.0,0.014705882,0.0,0.0,0.058823529,0.0,0.0,0.0,0.0,0.0,0.0,0.029411765,0.0,0.0,0.0,0.0,0.0,0.0,0.0,0.0,0.0,0.0,0.0,0.0,0.0,0.0,0.0,0.088235294,0.0,0.0,0.0,0.0,0.0,0.0,0.0,0.0,0.0,0.0,0.0,0.0,0.0,0.0,0.0,0.0,0.0,0.0,0.0,0.0,0.0,0.0,0.0,0.0,0.0,0.0,0.0,0.0,0.0,0.073529412,0.0,0.0,0.0,0.0,0.0,0.0,0.0,0.0,0.014705882,0.0,0.0,0.0,0.0,0.0,0.0,0.0,0.0,0.0,0.0,0.014705882,0.0,0.0,0.0,0.0,0.0,0.0,0.0,0.0,0.0,0.0,0.0,0.0,0.0,0.0,0.0,0.0,0.0,0.0,0.0,0.0,0.0,0.0,0.0,0.044117647,0.0,0.0,0.0,0.0,0.0,0.0,0.0,0.0,0.0,0.0,0.0,0.0,0.0,0.0,0.0,0.0,0.0,0.0,0.0,0.0,0.0,0.0,0.0,0.0,0.0,0.0,0.0,0.0,0.0,0.0,0.0,0.0,0.0,0.0,0.0,0.0,0.0,0.0,0.0,0.0,0.0,0.0,0.0,0.0,0.0,0.0,0.0,0.0,0.0,0.014705882,0.0,0.0,0.0,0.0,0.0,0.0,0.0,0.0,0.0,0.0,0.0,0.0,0.0,0.0,0.0,0.0,0.0,0.0,0.0,0.0,0.014705882,0.0,0.0,0.0,0.0,0.0,0.0,0.0,0.0,0.0,0.0,0.0,0.0,0.0,0.0,0.0,0.0,0.0,0.0,0.117647059,0.0,0.0,0.0,0.0,0.029411765,0.0,0.0,0.0,0.0,0.0,0.0,0.0,0.0,0.0,0.0,0.0,0.0,0.0,0.0,0.0,0.0,0.0,0.0,0.0,0.0,0.0,0.0,0.426470588,0.0,0.0,0.0,0.0,0.0,0.0,0.0,0.0,0.0,0.0,0.0,0.0,0.0,0.0,0.0,0.0,0.0,0.0,0.0,0.0,0.0,0.0,0.0,0.0,0.0,0.0,0.0,0.0,0.0,0.0,0.0,0.0,0.0,0.0,0.0,0.0,0.0,0.0,0.0
SRR12478670,0.001764245,0.001960272,0.00026137,0.0,6.53e-05,6.53e-05,0.000130685,0.0,0.000130685,0.018099843,0.0,0.01391793,6.53e-05,6.53e-05,0.0,0.0,0.0,0.005880815,0.004247256,0.0,0.00026137,0.0,0.0,0.0,6.53e-05,0.0,0.0,0.428646106,6.53e-05,0.0,0.0,0.000326712,0.001241505,0.000130685,0.000130685,0.000718766,0.0,0.0,0.0,0.000130685,0.0,0.0,0.0,6.53e-05,0.0,0.0,0.0,0.0,0.0,0.000130685,0.0,0.0,0.0,0.000196027,0.000326712,0.0,0.0,0.0,0.0,0.000457397,0.0,6.53e-05,0.0,0.0,0.0,0.0,0.000326712,0.004051228,0.002548353,0.0,0.0,0.0,6.53e-05,0.0,0.000392054,0.000130685,0.00927862,0.000196027,0.0,0.0,0.000130685,0.0,0.001960272,6.53e-05,0.002875065,0.0,0.0,6.53e-05,0.000326712,0.0,0.0,0.000196027,0.0,0.0,0.0,0.00026137,0.001306848,0.003201777,0.122451647,0.0,0.0,0.134474647,0.0,0.000392054,0.0,0.0,0.0,0.0,0.004966022,0.0,0.0,0.0,0.000130685,0.0,6.53e-05,0.0,0.052273915,0.0,0.0,0.002613696,0.002025614,0.0,0.00026137,0.0,0.000130685,0.0,0.00026137,0.000130685,0.0,0.000653424,6.53e-05,0.0,0.001894929,0.020452169,0.0,0.00137219,0.0,0.0,6.53e-05,0.0,0.0,0.0,0.0,0.0,0.0,0.0,6.53e-05,0.0,0.017642446,0.0,0.0,6.53e-05,0.000980136,0.0,0.0,0.00026137,6.53e-05,0.007318348,6.53e-05,0.00137219,0.0,0.000196027,0.000130685,0.0,0.0,6.53e-05,0.0,0.0,0.0,0.002090957,0.0,6.53e-05,0.005162049,0.0,0.0,0.0,0.0,0.00300575,0.0,0.0,0.0,0.0,0.0,0.0,0.0,0.0,0.0,0.0,0.0,0.0,0.0,0.008821223,6.53e-05,0.0,6.53e-05,0.000130685,0.000130685,0.042864611,6.53e-05,0.000196027,0.00026137,0.008494511,0.0,0.000588082,0.003528489,0.0,0.000130685,0.0,0.0,0.0,6.53e-05,0.0,0.0,0.0,6.53e-05,6.53e-05,0.0,0.0,0.0,0.0,6.53e-05,0.0,0.0,0.0,0.004247256,0.0,6.53e-05,0.0,0.0,6.53e-05,6.53e-05,0.0,0.0,0.0,0.0,0.0,0.0,0.0,0.0,0.0,0.0,0.0,0.0,0.0,0.0,0.0,0.0,0.0,0.036787768,0.0,0.0,6.53e-05,0.0,0.0,0.0,0.000326712,0.0,0.0,0.0
SRR12478671,0.000740386,0.009799225,0.0,0.0,4.36e-05,0.0,0.000130656,0.0,0.0,8.71e-05,4.36e-05,4.36e-05,0.0,0.0,0.0,0.0,0.0,0.001175907,0.000304865,0.0,0.0,4.36e-05,0.0,0.0,0.0,0.0,0.0,0.011846174,0.0,0.0,0.0,0.0,0.001742084,0.0,0.0,0.000217761,0.0,0.0,0.0,0.0,0.0,0.0,4.36e-05,0.0,0.0,0.0,0.0,0.0,0.0,0.0,0.0,0.0,0.0,0.0,0.0,0.0,0.0,0.0,0.0,0.0,0.0,0.0,0.0,0.0,0.0,0.0,4.36e-05,0.017638605,0.000391969,0.000348417,0.0,0.0,0.0,4.36e-05,4.36e-05,0.0,0.000391969,0.0,0.0,0.0,0.0,0.0,0.0,0.0,8.71e-05,0.0,0.0,0.0,4.36e-05,0.0,0.0,0.000174208,0.0,0.0,0.0,4.36e-05,0.000261313,4.36e-05,0.013806019,0.0,0.0,0.037716127,0.007186098,0.000566177,0.0,0.0,0.0,0.0,0.000914594,0.0,0.000566177,0.0,0.0,0.0,4.36e-05,0.0,8.71e-05,0.0,0.0,0.0,0.000261313,0.0,4.36e-05,0.0,0.0,0.0,8.71e-05,0.0,0.0,4.36e-05,0.0,0.0,0.000479073,0.002743783,0.0,0.000435521,0.000261313,0.0,0.001698532,0.0,0.0,4.36e-05,0.0,0.0,0.0,0.0,4.36e-05,0.0,4.36e-05,0.0,0.0,0.0,0.000435521,0.0,0.0,4.36e-05,0.0,0.003135752,0.0,4.36e-05,0.0,4.36e-05,0.0,0.0,4.36e-05,0.0,0.0,0.0,0.0,4.36e-05,0.0,0.0,0.00082749,4.36e-05,0.0,0.0,0.0,0.000174208,0.0,0.0,0.0,0.0,0.0,0.0,0.0,0.0,0.0,0.0,0.0,0.0,0.0,0.873568224,0.0,0.0,0.0,0.0,0.0,0.000566177,0.0,0.0,0.0,0.002700231,0.0,0.000261313,0.00060973,0.0,0.0,0.0,0.0,0.0,0.0,0.0,0.0,0.0,4.36e-05,0.0,0.0,0.0,0.0,0.0,0.0,0.0,0.0,0.0,0.000174208,0.0,8.71e-05,0.0,0.0,0.0,0.0,0.0,0.0,0.0,0.0,0.0,0.0,0.0,0.0,0.0,4.36e-05,0.0,0.0,4.36e-05,0.0,8.71e-05,0.0,0.0,0.000174208,0.0,0.0,0.0,0.0,0.003614825,4.36e-05,0.0,0.0,0.0,0.0
SRR12478672,0.000774593,0.000229509,0.0,0.0,8.61e-05,0.0,2.87e-05,0.0,0.0,2.87e-05,0.0,0.010815618,0.0,0.0,0.0,0.0,0.0,0.001147546,0.000315575,0.0,0.0,5.74e-05,0.0,0.0,0.0,0.0,5.74e-05,0.038414092,0.004475428,0.0,0.0,0.000372952,0.000372952,2.87e-05,0.0,0.000372952,0.0,0.0,0.0,0.000315575,0.0,0.000114755,5.74e-05,2.87e-05,0.0,0.0,0.0,0.0,0.0,5.74e-05,0.0,0.0,2.87e-05,0.000401641,8.61e-05,0.0,0.0,0.0,0.0,8.61e-05,0.0,0.0,0.0,0.0,0.000172132,0.0,0.005192644,0.006856585,0.001118857,5.74e-05,0.0,0.0,0.0,0.000315575,0.0,0.0,5.74e-05,2.87e-05,2.87e-05,8.61e-05,0.0,0.0,0.000315575,0.0,0.054278911,0.0,0.0,0.000229509,5.74e-05,0.0,0.0,5.74e-05,0.0,0.0,5.74e-05,2.87e-05,0.00043033,0.000114755,0.032618986,0.0,0.0,0.123102964,0.00401641,5.74e-05,0.0,0.000172132,0.0,8.61e-05,0.004590183,0.0,0.0,0.0,0.0,0.0,0.0,0.0,0.002295091,0.0,0.0,0.010500043,0.000401641,0.0,5.74e-05,0.0,2.87e-05,0.0,0.000114755,0.0,0.0,0.000114755,0.000143443,0.0,0.000315575,0.019364833,0.0,0.000401641,2.87e-05,0.0,2.87e-05,0.0,0.0,0.0,0.0,0.0,0.0,0.0,0.0,0.0,0.0,0.0,0.0,0.000516396,0.000717216,0.0,0.0,0.000286886,8.61e-05,0.000831971,0.0,0.0,5.74e-05,0.000717216,0.0,0.0,0.0,0.0,0.0,0.0,0.0,0.000803282,0.0,0.0,0.009036922,0.0,2.87e-05,0.0,5.74e-05,0.002295091,0.0,0.0,0.0,0.0,0.0,5.74e-05,0.0,0.0,0.0,0.0,0.0,5.74e-05,0.0,0.639068193,0.0,0.0,2.87e-05,0.0,0.0,8.61e-05,0.0,2.87e-05,0.0,0.005967238,0.0,0.0,0.003844278,0.0,8.61e-05,2.87e-05,0.0,0.0,0.0,0.0,0.0,0.0,0.000143443,0.0,0.0,0.0,0.0,0.0,0.0,0.002668044,0.0,0.0,0.000860659,0.0,5.74e-05,0.0,0.0,2.87e-05,0.0,0.0,2.87e-05,0.0,0.0,2.87e-05,0.0,0.0,0.0,0.0,8.61e-05,0.0,0.0,2.87e-05,0.0,0.000401641,0.0,0.0,0.003614769,0.0,0.0,0.0,0.0,0.0,0.0,2.87e-05,0.0,0.0,0.0
SRR12478674,0.00064704,9.24e-05,4.62e-05,0.000600823,9.24e-05,0.0,0.0,0.0,4.62e-05,0.000231086,0.0,0.004113324,0.0,0.0,0.001710034,0.0,0.0,0.001062994,0.000785691,0.0,0.000184869,0.0,0.0,0.0,0.0,0.0,0.000231086,0.032444424,9.24e-05,0.0,0.0,0.0,0.00097056,0.0,0.0,0.000554606,0.0,0.0,0.0,0.0,0.0,4.62e-05,0.0,4.62e-05,0.0,0.0,0.0,0.0,0.0,0.0,4.62e-05,0.0,9.24e-05,0.002357074,9.24e-05,0.0,0.0,0.0,0.0,0.000693257,0.0,0.0,0.0,0.0,4.62e-05,0.0,0.000231086,0.006008227,0.001016777,0.002403291,0.0,0.0,0.0,0.0,0.0,0.002773028,0.001062994,4.62e-05,0.0,0.000138651,9.24e-05,0.0,0.005869575,0.0,0.037574525,0.0,0.0,0.0,0.0,0.008134215,0.0,0.00064704,0.0,0.0,9.24e-05,0.00032352,0.001016777,0.007856912,0.015898692,0.0,0.0,0.097379489,9.24e-05,0.000600823,9.24e-05,0.0,0.0,0.0,0.005823358,4.62e-05,0.001062994,9.24e-05,0.0,0.0,4.62e-05,0.0,0.001894902,0.0,0.0,9.24e-05,0.0,0.0,0.000184869,0.0,0.0,0.0,4.62e-05,0.0,0.0,0.0,0.000184869,0.0,0.000878125,0.005499838,0.0,0.000184869,0.0,0.0,0.0,0.0,0.00032352,0.001386514,0.0,0.0,0.0,0.004483061,0.0,0.0,0.0,0.0,0.0,0.000184869,0.000184869,0.000415954,0.0,0.000878125,0.00064704,0.001201645,4.62e-05,0.000184869,0.0,0.00032352,0.0,0.0,0.0,0.0,0.0,0.0,0.0,0.000739474,0.0,9.24e-05,0.027129454,0.000369737,0.0,0.0,4.62e-05,0.00129408,0.0,0.0,9.24e-05,0.0,0.0,0.000184869,0.0,0.0,0.0,0.0,0.0,9.24e-05,9.24e-05,0.671442437,0.0,0.0,4.62e-05,0.0,4.62e-05,0.015667606,0.0,0.000138651,0.00032352,0.003281416,0.0,0.000878125,0.004621713,0.0,0.000184869,0.0,0.0,0.0,0.006146878,0.0,0.0,0.0,0.000138651,0.000739474,0.000277303,0.0,0.0,0.0,0.0,0.00032352,0.0,0.0,0.000831908,0.0,0.0,0.0,0.0,4.62e-05,9.24e-05,0.0,9.24e-05,0.0,0.0,0.000138651,0.0,0.0,0.0,0.0,0.0,0.0,4.62e-05,4.62e-05,0.0,9.24e-05,0.0,0.0,0.000138651,0.0,4.62e-05,0.0,0.0,0.000231086,0.0,0.000277303,0.0,0.0,0.0
SRR12478675,0.000130727,0.014053206,6.54e-05,0.0,6.54e-05,0.0,0.0,0.0,0.0,0.000392182,0.0,0.001895549,0.0,0.0,0.0,0.0,0.0,0.002157004,0.000261455,0.0,0.0,0.0,0.0,6.54e-05,6.54e-05,0.0,0.0,0.018236486,0.0,0.0,0.001960912,0.000392182,0.000588274,0.0,6.54e-05,0.000130727,0.0,0.0,0.0,0.000457546,0.0,0.0,0.0,0.0,0.0,0.000130727,0.0,0.0,0.0,0.0,0.0,6.54e-05,0.0,0.0,6.54e-05,6.54e-05,0.0,0.000588274,0.0,0.0,0.0,0.0,0.0,0.0,0.0,0.0,0.000392182,0.001699457,0.000980456,0.001372639,0.0,0.0,6.54e-05,0.0,0.0,0.0,0.0,0.0,0.0,0.000130727,6.54e-05,0.0,0.000784365,0.0,0.0,0.0,0.0,0.000261455,0.000130727,0.0,0.0,0.000326819,0.0,0.000130727,6.54e-05,0.0,0.000849729,0.000196091,0.045754624,0.0,0.0,0.03346624,0.002157004,0.0,0.0,0.0,0.0,0.0,0.00366037,0.0,0.0,0.0,0.0,0.000588274,0.0,0.0,0.002026276,0.0,0.0,0.0,0.000392182,0.0,0.000457546,0.0,0.0,0.0,0.0,0.000130727,0.0,0.000196091,0.000196091,0.0,0.000261455,0.005033009,0.0,0.002157004,0.0,0.0,0.0,0.000261455,0.0,0.0,0.0,0.0,0.0,0.0,0.0,0.0,0.000130727,0.0,6.54e-05,0.0,0.000130727,0.0,0.0,0.000457546,0.0,0.000980456,0.0,0.0,6.54e-05,0.000261455,0.0,0.0,6.54e-05,0.0,0.0,0.0,0.0,0.000849729,0.0,0.0,0.004052552,0.0,6.54e-05,0.0,0.0,0.000653637,0.000130727,0.0,0.0,0.0,6.54e-05,6.54e-05,0.0,0.0,0.0,0.0,0.0,0.0,0.0,0.822145238,0.0,0.0,0.0,0.0,0.000719001,6.54e-05,0.0,0.0,0.0,0.010392836,0.0,0.0,0.001830185,0.0,0.000653637,0.0,0.0,0.0,0.001372639,0.0,0.000261455,6.54e-05,0.0,0.0,0.0,0.0,0.0,0.001960912,0.0,0.000392182,0.000130727,0.0,0.000392182,0.0,0.000719001,0.0,0.0,0.0,0.0,0.0,0.0,0.0,0.0,0.0,6.54e-05,0.000261455,6.54e-05,0.0,6.54e-05,0.0,0.0,6.54e-05,0.0,0.000196091,0.0,0.0,0.000261455,0.0,0.0,0.0,0.0,0.0,0.0,0.0,0.0,0.0,0.0
SRR12478676,0.000774631,0.010070201,0.0,0.0,0.000145243,0.0,0.0,0.0,0.0,0.000484144,0.0,0.001210361,0.0,0.0,4.84e-05,0.0,0.0,0.003146938,0.00043573,0.0,0.000193658,0.0,0.0,0.0,4.84e-05,0.0,0.0,0.033599613,0.0,4.84e-05,4.84e-05,0.000145243,0.000532559,0.0,0.0,0.000629388,0.0,0.000145243,0.0,9.68e-05,0.0,4.84e-05,0.0,0.0,4.84e-05,0.0,0.0,0.0,0.0,4.84e-05,0.0,4.84e-05,0.0,0.000968289,9.68e-05,0.0,0.0,0.0,0.0,0.0,0.0,0.0,0.0,0.0,0.0,0.0,0.000193658,0.006390704,0.000242072,0.0,0.0,0.0,0.0,0.0,0.000145243,4.84e-05,0.000387315,4.84e-05,0.0,4.84e-05,0.0,0.0,0.000484144,0.0,0.004793028,0.0,0.0,0.0,4.84e-05,0.0,0.0,9.68e-05,0.0,0.0,4.84e-05,4.84e-05,0.000290487,0.000823045,0.032292423,0.0,0.0,0.071411281,0.0,0.000193658,9.68e-05,9.68e-05,0.0,0.0,0.001936577,0.0,4.84e-05,4.84e-05,4.84e-05,0.0,4.84e-05,0.0,0.007601065,0.0,0.0,0.002420721,0.000193658,0.0,0.000484144,0.0,0.0,0.0,9.68e-05,0.0,0.0,0.000290487,0.000193658,0.0,0.000145243,0.006197047,0.0,0.001500847,0.000193658,0.0,0.0,0.0,0.0,0.000145243,0.0,0.0,0.0,0.0,0.0,0.0,0.000145243,0.0,4.84e-05,0.0,0.000338901,0.0,0.0,0.000193658,4.84e-05,0.000774631,0.0,4.84e-05,0.0,0.000193658,0.000145243,0.0,0.0,0.0,0.0,0.0,0.0,0.000484144,0.0,0.0,0.004212055,0.0,0.0,0.0,0.0,0.000193658,0.0,0.0,0.0,0.0,0.0,4.84e-05,0.0,0.0,0.0,0.0,0.0,0.0,0.0,0.769547325,0.0,0.0,0.0,0.0,0.0,0.004793028,9.68e-05,0.0,0.0,0.011038489,0.0,0.0,0.00721375,0.0,4.84e-05,4.84e-05,0.0,0.0,4.84e-05,0.0,0.0,0.0,0.0,0.0,4.84e-05,0.0,0.0,0.0,0.0,0.0,0.0,0.0,0.001161946,0.0,0.00043573,0.0,0.0,0.0,0.0,0.0,9.68e-05,0.0,0.0,0.0,0.0,0.0,0.0,0.0,0.0,0.0,0.0,0.0,0.0,0.000145243,0.0,0.0,0.004744614,0.0,0.0,0.0,0.0,0.000145243,0.0,0.0,0.0,0.0,0.0
SRR12478677,0.000267838,0.007338762,5.36e-05,0.0,0.000160703,0.0,0.0,0.0,0.0,5.36e-05,0.0,0.000642811,0.0,0.0,0.0,0.0,0.0,0.001392758,0.000535676,0.0,0.000267838,0.0,0.0,0.0,0.0,0.0,5.36e-05,0.016338119,0.000589244,0.0,0.0,0.0,0.000107135,0.0,5.36e-05,0.0,0.0,0.0,0.0,5.36e-05,5.36e-05,5.36e-05,0.0,0.0,0.0,0.0,0.0,0.0,0.0,0.0,0.0,0.0,0.0,0.00021427,0.0,0.0,0.0,0.0,0.0,0.000267838,0.0,0.0,0.0,0.0,0.000107135,0.0,0.000160703,0.004660381,0.000428541,5.36e-05,0.0,0.0,0.0,5.36e-05,0.000160703,0.000160703,0.003964003,0.0,5.36e-05,0.000107135,0.0,0.0,0.000107135,0.0,0.01162417,0.0,0.0,0.0,0.0,0.0,0.0,0.0,0.0,0.0,0.0,0.0,0.000374973,0.0,0.009106492,0.0,0.0,0.042854082,0.001874866,0.000160703,0.0,0.0,0.0,0.0,0.001499893,0.0,0.0,0.0,0.0,0.0,5.36e-05,0.0,0.000857082,0.0,0.0,0.000160703,0.000160703,0.0,0.000321406,0.0,0.0,0.0,0.0,0.0,0.0,0.000374973,0.0,0.0,0.000267838,0.003589029,0.0,0.000428541,0.0,0.0,0.0,0.0,0.0,0.00021427,0.0,0.0,5.36e-05,0.0,0.0,0.0,0.000107135,0.0,0.0,5.36e-05,0.0,0.0,0.0,0.00021427,0.0,0.000642811,0.0,0.0,0.0,5.36e-05,5.36e-05,0.0,0.0,0.0,0.0,5.36e-05,0.0,0.000160703,0.000107135,0.0,0.00401757,0.0,0.0,0.0,0.0,0.000160703,0.0,0.0,0.0,0.0,0.0,0.002089136,0.0,0.0,0.0,0.0,0.0,0.0,0.0,0.866830941,0.0,0.0,0.000107135,0.0,5.36e-05,5.36e-05,0.0,0.0,0.000107135,0.003267624,0.0,0.000107135,0.001660596,0.0,0.0,0.0,0.0,0.0,0.002999786,0.0,0.0,0.0,0.000107135,0.0,0.000267838,0.0,0.0,0.000589244,0.0,0.00021427,0.0,0.0,0.001607028,0.0,0.000107135,0.0,0.0,5.36e-05,0.0,0.0,5.36e-05,0.0,0.0,5.36e-05,0.0,0.0,0.0,0.0,0.0,0.0,0.0,0.0,5.36e-05,5.36e-05,0.0,0.0,0.000374973,0.0,0.0,0.0,0.0,5.36e-05,0.0,0.0,0.0,0.0,0.0
SRR12478678,3.6e-05,0.001438797,3.6e-05,0.0,0.00025179,0.0,0.00017985,0.0,3.6e-05,0.00010791,0.0,0.003884752,0.0,0.0,0.0,0.0,0.0,0.005755189,0.000971188,0.0,3.6e-05,0.0,0.0,0.0,0.0,0.0,7.19e-05,0.110247833,0.004532211,0.0,7.19e-05,0.001654617,0.001222978,0.0,3.6e-05,0.000431639,0.0,7.19e-05,0.0,0.000755369,3.6e-05,3.6e-05,3.6e-05,3.6e-05,0.000359699,0.0,0.0,0.0,0.0,0.0,3.6e-05,0.0,7.19e-05,3.6e-05,7.19e-05,3.6e-05,0.0,0.0,0.0,3.6e-05,0.0,3.6e-05,0.0,0.0,0.0,0.0,0.00025179,0.004352361,0.000395669,0.0,0.0,0.0,0.0,0.0,7.19e-05,7.19e-05,0.002553865,3.6e-05,0.0,7.19e-05,3.6e-05,3.6e-05,0.000287759,0.0,0.000755369,0.0,0.0,0.000611489,0.0,0.0,0.0,0.001906406,0.0,0.0,0.000287759,0.0,0.001330887,0.000395669,0.03539441,0.0,0.0,0.114528254,0.001151038,0.00014388,0.0,0.0,0.0,7.19e-05,0.001366857,0.0,0.000431639,3.6e-05,0.0,0.0,0.0,0.0,0.027984605,0.0,0.0,0.0,0.00017985,0.0,7.19e-05,0.0,0.0,0.0,0.00010791,0.0,0.0,3.6e-05,0.000755369,0.0,0.000431639,0.037156937,0.0,0.000467609,7.19e-05,0.0,0.0,0.0,0.0,0.0,0.0,0.0,0.0,0.0,0.000719399,3.6e-05,0.000575519,0.0,0.0,0.000323729,0.00010791,0.0,0.0,3.6e-05,0.0,0.004496241,3.6e-05,7.19e-05,0.0,0.00021582,0.0,0.0,0.0,0.0,0.0,0.0,0.0,0.001079098,0.0,0.0,0.003417143,0.0,0.0,0.0,7.19e-05,0.002877594,0.0,0.0,0.0,0.0,0.0,0.00014388,0.0,0.0,0.0,0.0,3.6e-05,0.0,3.6e-05,0.50257185,0.0,0.0,3.6e-05,0.0,0.0,0.000611489,0.0,3.6e-05,3.6e-05,0.024747311,0.0,3.6e-05,0.001834466,0.0,0.000647459,0.0,0.0,0.0,3.6e-05,0.0,0.00010791,0.00014388,0.00010791,0.0,0.00014388,0.0,0.0,0.0,0.0,3.6e-05,3.6e-05,0.0,0.006366677,0.0,3.6e-05,0.0,0.0,0.0,0.00010791,0.0,0.0,0.0,0.0,3.6e-05,0.0,0.0,0.0,0.0,3.6e-05,0.0,0.0,0.0,0.0,3.6e-05,0.0,0.0,0.077910867,0.0,0.0,3.6e-05,0.0,0.001870436,7.19e-05,0.000503579,0.0,0.0,0.0
SRR12478679,0.0,0.053934341,0.0,0.005992705,0.000521105,0.000260552,0.0,0.0,0.0,0.0,0.0,0.000521105,0.0,0.0,0.001042209,0.0,0.0,0.008337676,0.002866076,0.0,0.001042209,0.0,0.0,0.0,0.0,0.0,0.0,0.097446587,0.0,0.0,0.005211047,0.0,0.000781657,0.0,0.0,0.001302762,0.0,0.000521105,0.0,0.0,0.0,0.000521105,0.0,0.0,0.0,0.001302762,0.0,0.0,0.0,0.0,0.0,0.0,0.0,0.022407504,0.000521105,0.0,0.0,0.0,0.0,0.0,0.0,0.0,0.000260552,0.0,0.0,0.0,0.001302762,0.019020323,0.002344971,0.000781657,0.0,0.0,0.0,0.000781657,0.000260552,0.000781657,0.001823867,0.0,0.0,0.0,0.0,0.0,0.0054716,0.0,0.0,0.0,0.0,0.0,0.0,0.0,0.0,0.000260552,0.0,0.0,0.0,0.008858781,0.000781657,0.008077124,0.017196456,0.0,0.0,0.17587285,0.003387181,0.001302762,0.0,0.0,0.0,0.0,0.020062533,0.0,0.0,0.0,0.0,0.0,0.0,0.0,0.003126628,0.0,0.0,0.002084419,0.001302762,0.0,0.0,0.0,0.0,0.0,0.0,0.0,0.0,0.0,0.000781657,0.0,0.000260552,0.004950495,0.0,0.000521105,0.0,0.0,0.0,0.0,0.0,0.001302762,0.0,0.0,0.0,0.0,0.0,0.0,0.005992705,0.0,0.0,0.0,0.000781657,0.0,0.0,0.002866076,0.002344971,0.009119333,0.000260552,0.0109432,0.0,0.001302762,0.0,0.0,0.0,0.0,0.0,0.0,0.0,0.002605524,0.0,0.0,0.020062533,0.000521105,0.0,0.0,0.0,0.000781657,0.0,0.0,0.0,0.0,0.0,0.001563314,0.0,0.0,0.0,0.0,0.0,0.0,0.0,0.392912976,0.0,0.0,0.0,0.0,0.001302762,0.001302762,0.0,0.000260552,0.000781657,0.007034914,0.0,0.000260552,0.036998437,0.0,0.000260552,0.000521105,0.0,0.0,0.0,0.0,0.000260552,0.0,0.0,0.0,0.0,0.0,0.0,0.000781657,0.000260552,0.000521105,0.0,0.0,0.001302762,0.0,0.0,0.0,0.0,0.0,0.001042209,0.0,0.0,0.0,0.0,0.0,0.0,0.0,0.0,0.0,0.0,0.0,0.0,0.0,0.000781657,0.0,0.0,0.0,0.000260552,0.0,0.0,0.0,0.0,0.000781657,0.000521105,0.0,0.0,0.0,0.0
SRR12478680,7.26e-05,0.000108865,3.63e-05,0.0,0.000145154,0.0,0.0,0.0,0.0,0.000108865,0.0,0.000108865,0.0,0.0,0.0,0.0,0.0,0.000580615,0.0,0.0,0.0,0.0,0.0,0.0,0.0,0.0,7.26e-05,0.154915267,0.0,0.0,0.0,0.003991726,0.000108865,0.0,0.0,3.63e-05,0.0,0.0,0.0,0.0,3.63e-05,0.0,0.0,3.63e-05,0.000254019,0.0,0.0,0.0,0.0,3.63e-05,3.63e-05,0.0,0.0,7.26e-05,0.000108865,0.0,0.0,0.000145154,0.0,0.0,0.0,0.0,0.0,0.0,0.0,0.0,0.000616903,0.00137896,0.000217731,0.0,0.0,0.0,0.0,0.0,0.0,0.0,0.0,0.0,0.0,0.0,0.0,0.0,0.000544326,0.0,0.016692673,0.0,0.0,0.0,0.0,0.0,0.0,0.000907211,0.0,0.0,0.000326596,0.0,0.003411112,0.0,0.020466669,0.0,0.0,0.084189135,0.001342672,3.63e-05,0.0,7.26e-05,0.0,0.0,0.000616903,0.0,0.0,0.0,0.0,7.26e-05,0.0,0.0,0.000362884,0.0,0.0,0.0,7.26e-05,0.0,0.0,0.0,3.63e-05,0.0,0.000145154,3.63e-05,0.0,7.26e-05,0.000435461,0.0,0.0,0.001669267,0.0,0.002649055,0.000145154,0.0,0.0,0.0,0.0,0.0,0.0,0.0,0.0,0.0,3.63e-05,0.0,0.000108865,0.0,0.0,0.0,0.000108865,0.0,0.0,0.000145154,0.0,0.002104728,7.26e-05,0.0,7.26e-05,0.0,0.0,0.0,0.0,0.0,0.0,0.0,0.0,0.002576478,3.63e-05,7.26e-05,0.001124941,0.0,0.0,0.0,0.000181442,0.007076242,3.63e-05,0.0,0.0,0.0,0.0,3.63e-05,0.0,0.0,0.0,0.0,0.0,3.63e-05,7.26e-05,0.670464855,0.0,0.0,3.63e-05,0.0,0.000108865,3.63e-05,0.0,0.0,3.63e-05,0.00228617,0.0,0.0,0.003338535,0.0,0.000471749,0.0,0.0,0.0,0.0,0.0,0.000145154,3.63e-05,0.000399173,0.0,0.000580615,0.0,0.0,0.000798345,0.0,0.000326596,0.0,0.0,0.001669267,0.0,0.0,0.0,0.0,0.0,3.63e-05,0.0,0.0,0.0,0.0,0.0,0.0,0.000145154,0.0,0.0,0.000108865,0.0,0.0,0.0,0.0,0.0,0.0,0.0,0.005443263,0.0,7.26e-05,0.0,0.0,0.000471749,0.0,0.000544326,0.0,0.0,0.0
SRR12478681,4.65e-05,0.000744428,0.0,4.65e-05,4.65e-05,0.0,0.0,0.0,0.0,0.002977714,0.0,9.31e-05,0.0,0.0,9.31e-05,0.0,4.65e-05,0.005722793,9.31e-05,0.0,9.31e-05,4.65e-05,0.0,0.0,0.0,0.0,9.31e-05,0.089750151,4.65e-05,0.0,0.000279161,4.65e-05,0.000837482,9.31e-05,4.65e-05,0.000372214,0.0,0.000418741,0.0,0.00013958,0.0,0.0,0.0,0.0,0.0,9.31e-05,0.0,0.0,0.0,0.0,9.31e-05,4.65e-05,4.65e-05,9.31e-05,4.65e-05,0.0,0.0,0.0,0.0,0.000186107,0.0,0.0,0.0,0.0,0.0,0.0,0.000790955,0.011073373,0.0,9.31e-05,0.0,0.0,0.0,0.0,4.65e-05,0.000837482,0.000651375,0.0,0.0,9.31e-05,4.65e-05,0.0,4.65e-05,0.0,0.011306007,0.0,0.0,0.000232634,4.65e-05,0.000279161,0.0,4.65e-05,4.65e-05,0.0,0.0,0.0,0.000325687,0.000325687,0.022844647,0.0,0.0,0.050481552,0.000697902,0.000604848,0.0,0.0,9.31e-05,0.0,0.001349277,0.0,0.0,0.0,0.0,0.0,4.65e-05,0.0,0.001349277,0.0,0.0,4.65e-05,9.31e-05,0.0,4.65e-05,0.0,0.0,0.0,0.000232634,0.0,0.0,0.000279161,0.0,0.0,0.000232634,0.002931187,0.0,0.000977062,0.0,0.0,4.65e-05,0.0,0.0,0.0,0.0,0.0,0.0,0.0,0.0,0.0,4.65e-05,0.0,0.0,4.65e-05,0.0,0.0,0.0,0.000186107,4.65e-05,0.000511795,0.0,0.0,0.0,0.000279161,4.65e-05,0.0,0.0,0.0,0.0,0.0,0.0,0.0,0.0,0.0,0.001628437,0.0,0.0,0.0,0.0,0.000697902,0.0,0.0,0.0,0.0,0.0,0.00013958,0.0,0.0,0.0,0.0,0.0,0.0,0.0,0.749918578,0.0,0.0,0.0,0.0,4.65e-05,0.000604848,4.65e-05,4.65e-05,0.0,0.018657237,0.0,0.000372214,0.003908249,0.0,0.0,0.0,0.0,0.0,0.005955427,0.0,0.0,0.0,0.0,0.0,4.65e-05,0.0,0.0,0.0,0.0,0.001070116,0.0,0.0,0.000790955,0.0,0.0,0.0,4.65e-05,0.0,4.65e-05,0.0,4.65e-05,0.0,0.0,4.65e-05,0.0,0.0,4.65e-05,0.0,4.65e-05,0.0,0.0,0.0,9.31e-05,0.000837482,0.0,0.0,0.000837482,0.0,0.0,0.0,0.0,0.0,0.000651375,0.0,0.0,0.0,0.0
SRR12478682,0.000436023,0.000158554,3.96e-05,0.005073728,7.93e-05,0.0,7.93e-05,0.0,0.0,0.000237831,0.0,0.000713493,0.0,0.0,0.000198192,0.0,0.0,0.014428413,0.001863009,0.0,0.000753131,3.96e-05,0.0,0.0,0.0,0.0,3.96e-05,0.043324877,0.000673854,0.0,7.93e-05,0.007491676,0.000118915,3.96e-05,3.96e-05,0.000118915,0.0,3.96e-05,0.0,0.0,0.001664817,0.00289361,0.0,0.0,0.0,7.93e-05,0.0,0.0,0.0,0.0,7.93e-05,0.0,3.96e-05,0.002735056,7.93e-05,0.0,0.0,0.0,0.0,0.000436023,0.0,0.000118915,3.96e-05,0.0,0.000832408,0.0,0.000198192,0.007253845,0.002259394,0.0,0.0,0.0,0.0,0.0,0.0,0.0,0.001426986,0.000118915,0.0,7.93e-05,0.000118915,0.0,0.000713493,3.96e-05,0.029411765,0.0,0.0,0.0,0.0,0.0,0.0,0.0,0.0,0.0,0.0,0.000158554,7.93e-05,0.000396385,0.043285239,0.0,0.0,0.156136039,0.000158554,0.000634216,0.0,0.000158554,0.0,0.0,0.005906136,0.0,0.0,3.96e-05,0.000317108,0.0,7.93e-05,0.0,0.000237831,0.0,0.0,0.0,0.00158554,0.0,0.002299033,0.0,0.0,0.0,7.93e-05,3.96e-05,0.0,0.000237831,0.0,0.0,0.000396385,0.012050103,0.0,0.000634216,0.0,0.0,0.0,3.96e-05,0.0,0.00158554,0.0,0.0,0.0,3.96e-05,0.0,0.000198192,0.000396385,0.0,3.96e-05,0.002061202,0.000356746,0.0,0.0,0.001030601,3.96e-05,0.000911685,3.96e-05,0.005073728,0.0,0.000237831,0.0,0.0,0.0,0.0,0.0,0.0,0.0,0.001466624,0.0,0.000277469,0.028539718,0.002021563,0.0,0.0,0.0,0.001783732,0.0,0.0,0.0,0.0,0.0,0.000990962,3.96e-05,0.0,0.0,0.0,0.0,0.0,0.0,0.548596797,0.0,7.93e-05,0.0,0.0,7.93e-05,0.020255272,0.0,0.0,0.000118915,0.014071666,0.000198192,0.000198192,0.003844934,0.0,0.0,3.96e-05,0.0,0.0,0.004796258,0.0,0.0,0.0,0.0,0.0,0.0,0.0,0.0,0.0,7.93e-05,0.000198192,0.0,0.0,0.000911685,0.0,0.000436023,0.0,3.96e-05,3.96e-05,0.000198192,0.0,7.93e-05,0.0,0.0,0.000158554,0.0,0.0,0.0,0.0,0.000158554,0.0,0.0,0.0,0.000158554,0.000118915,0.0,0.0,0.000158554,0.0,0.0,0.0,0.0,7.93e-05,0.000277469,0.0,0.0,0.0,0.0
SRR12478683,0.000817661,0.044090823,6.29e-05,0.004151204,0.000251588,0.0,0.0,0.0,0.0,0.0,6.29e-05,0.021259199,0.000251588,0.0,0.002138499,0.0,0.000125794,0.019372288,0.001509529,0.0,0.001006353,0.0,0.0,0.0,6.29e-05,0.0,0.000188691,0.330272344,0.001195044,0.0,0.0,0.001006353,0.000691867,6.29e-05,0.000125794,0.000251588,0.0,0.0,0.0,0.0,6.29e-05,0.000440279,0.0,0.000125794,0.0,0.0,0.0,0.0,0.0,0.0,0.0,0.0,0.000125794,0.01018932,0.000754764,0.0,0.0,0.0,0.0,0.002012705,0.0,6.29e-05,0.0,0.0,0.00062897,0.0,0.003333543,0.020064155,0.005157557,0.0,0.0,0.0,0.0,0.0,0.000188691,0.000377382,0.000314485,0.0,0.0,0.0,0.000125794,0.000125794,0.001195044,0.0,0.000251588,0.0,0.0,0.0,0.000440279,0.0,0.0,6.29e-05,0.0,0.0,0.000188691,6.29e-05,0.004528587,0.003648028,0.045160073,0.0,0.0,0.221271778,0.0,6.29e-05,0.000125794,0.000377382,0.003522234,0.0,0.009308762,0.0,6.29e-05,0.000691867,0.000691867,0.0,6.29e-05,0.0,6.29e-05,0.0,0.0,0.000251588,0.003459337,0.0,0.001949808,0.0,0.000377382,0.0,0.00062897,0.000188691,0.0,0.000377382,0.0,0.0,0.00062897,0.03503365,0.0,0.001006353,6.29e-05,0.0,0.000188691,0.0,0.000125794,0.000503176,0.0,0.0,0.0,0.0,0.0,0.0,0.000125794,0.0,0.0,6.29e-05,0.003836719,0.0,0.0,0.001824014,0.001006353,0.01465501,6.29e-05,0.000188691,0.001006353,0.000943456,6.29e-05,0.0,0.0,0.0,0.0,0.0,0.0,0.009874835,0.0,6.29e-05,0.054909114,0.00062897,0.0,0.0,0.000251588,0.004591484,0.0,0.0,0.0,0.0,0.0,0.000377382,0.0,0.0,0.0,0.0,0.0,0.000125794,0.000314485,0.016793509,0.0,0.0,0.0,0.0,0.000125794,0.008868482,6.29e-05,0.0,6.29e-05,0.006855777,0.0,6.29e-05,0.050254733,0.0,6.29e-05,0.000188691,0.0,0.0,0.000125794,0.0,6.29e-05,0.0,0.000377382,0.0,0.000314485,0.0,0.0,0.0,6.29e-05,0.000817661,0.0,0.0,0.001886911,0.0,0.002515882,0.0,0.0,6.29e-05,0.000314485,0.0,0.000566073,0.0,0.0,0.000188691,6.29e-05,0.0,0.0,0.0,0.000188691,0.0,6.29e-05,6.29e-05,6.29e-05,0.001195044,0.0,0.0,0.0,0.0,0.0,0.0,0.0,6.29e-05,0.0,0.000691867,0.0,0.0,0.0
SRR12478684,0.001124514,0.000102229,0.0,5.11e-05,0.000102229,0.0,0.0,0.0,0.0,0.0,0.0,0.002402372,0.0,0.0,5.11e-05,0.0,0.0,0.000817829,0.001124514,0.0,0.000102229,0.000102229,0.0,0.0,0.0,0.0,0.0,0.018298916,0.0,0.0,0.0,5.11e-05,0.000306686,5.11e-05,0.0,0.000153343,0.0,0.0,0.0,0.000102229,0.0,0.0,0.0,0.0,5.11e-05,5.11e-05,0.0,0.0,0.0,5.11e-05,0.0,0.0,5.11e-05,0.000153343,0.000153343,5.11e-05,0.0,0.0,0.0,0.000153343,0.0,0.0,0.0,0.0,5.11e-05,0.0,0.000102229,0.002657943,0.000255571,0.000766714,0.0,0.0,0.0,0.0,5.11e-05,0.0,0.001891229,5.11e-05,0.0,0.000102229,0.0,0.0,0.004395829,0.0,0.026170517,0.0,0.0,5.11e-05,0.0,5.11e-05,0.0,0.000204457,0.0,0.0,5.11e-05,0.000255571,0.000766714,0.001124514,0.036904519,5.11e-05,0.0,0.097270497,0.000613371,0.000766714,0.0,0.0,5.11e-05,0.0,0.0028624,0.0,0.0,0.000102229,0.000204457,0.0,0.0,0.0,0.000664486,0.0,0.0,0.000153343,0.000460029,0.0,0.000153343,0.0,0.0,0.0,0.000153343,0.0,0.0,0.000408914,0.000204457,0.0,0.000153343,0.006695972,0.0,0.000306686,5.11e-05,0.0,0.000102229,0.0,5.11e-05,0.0,0.0,0.0,0.0,0.0,0.0,0.0,0.001737886,0.0,0.0,0.0,0.000102229,0.0,0.0,0.000664486,0.0,0.000920057,5.11e-05,0.0,0.0,0.000868943,0.0,0.0,0.0,0.0,0.0,0.0,0.0,0.000868943,0.0,0.0,0.010785116,0.0,0.0,0.0,5.11e-05,0.000920057,0.0,0.0,0.0,0.0,0.0,0.000306686,5.11e-05,0.0,0.0,0.0,5.11e-05,0.0,0.0,0.741923942,0.0,0.0,0.0,5.11e-05,0.0,0.003117972,0.0,0.0,0.000102229,0.007462687,0.0,0.006184829,0.005724801,0.0,0.000102229,0.0,0.0,0.0,0.0,0.0,5.11e-05,0.0,0.0,0.0,0.000102229,0.0,0.0,0.0,0.000255571,0.000255571,0.0,0.0,0.000153343,5.11e-05,0.000817829,0.0,0.0,0.0,5.11e-05,0.0,0.000102229,0.0,0.0,0.000408914,0.0,0.0,0.0,0.0,0.0,0.0,0.000153343,0.0,5.11e-05,0.001175629,0.0,0.0,0.000408914,0.0,0.0,0.0,0.0,0.0,0.0,5.11e-05,0.0,0.0,0.0
SRR12478685,8.71e-05,0.01558894,4.35e-05,0.0,0.000174178,0.0,0.0,0.0,0.0,0.002743305,4.35e-05,0.013890703,0.0,4.35e-05,4.35e-05,0.0,0.0,0.000435445,0.000174178,0.0,8.71e-05,0.0,0.0,0.0,0.0,0.0,0.0,0.476464185,4.35e-05,0.0,4.35e-05,0.000348356,0.000304812,4.35e-05,0.0,0.000217723,0.0,0.0,0.0,4.35e-05,0.000130634,0.0,0.0,4.35e-05,8.71e-05,0.0,0.0,4.35e-05,0.0,0.0,0.0,0.0,0.000130634,0.0,0.000609623,4.35e-05,0.0,8.71e-05,0.0,8.71e-05,0.0,4.35e-05,4.35e-05,0.0,0.0,0.0,0.000914435,0.002438493,0.000130634,8.71e-05,0.0,0.0,0.0,0.0,0.000130634,4.35e-05,4.35e-05,0.0,0.0,4.35e-05,4.35e-05,0.0,0.001698236,0.0,0.0,0.0,0.0,0.0,0.000348356,0.0,0.0,0.000348356,4.35e-05,0.0,8.71e-05,4.35e-05,0.00047899,0.000609623,0.004049641,0.0,0.0,0.276986719,4.35e-05,0.0,0.0,0.0,0.0,0.0,0.003265839,0.0,0.00500762,0.0,0.0,0.0,0.0,0.0,0.001001524,0.0,0.0,4.35e-05,0.0,0.000130634,4.35e-05,0.0,4.35e-05,0.0,0.000304812,0.0,0.0,0.000261267,0.000304812,0.0,0.000217723,0.018637056,0.0,0.00095798,0.0,0.0,4.35e-05,0.0,0.0,0.0,0.0,0.0,0.0,0.0,0.0,0.0,0.0,0.0,0.00134988,0.002569127,0.00047899,0.0,0.0,0.000522534,4.35e-05,8.71e-05,0.0,0.000914435,0.000261267,0.000130634,0.0,0.0,4.35e-05,0.0,0.0,0.0,0.0,0.003614196,0.0,4.35e-05,0.002699761,0.000130634,0.0,0.0,4.35e-05,0.011060309,0.0,0.0,0.0,0.0,4.35e-05,0.0,0.0,0.0,0.0,0.0,0.0,8.71e-05,0.0,0.132549532,0.0,0.0,0.0,0.0,4.35e-05,4.35e-05,0.0,0.0,0.0,0.000261267,0.0,0.0,0.003396473,0.0,0.000217723,0.0,0.0,0.0,0.003962552,0.0,0.0,0.0,0.0,0.0,8.71e-05,0.0,0.0,0.000261267,4.35e-05,0.0,0.0,0.0,0.001175702,0.0,0.0,0.0,0.0,8.71e-05,0.000435445,0.0,4.35e-05,0.0,0.0,0.0,0.0,0.0,0.0,0.0,4.35e-05,0.0,0.0,0.0,0.0,4.35e-05,0.0,0.0,0.00095798,0.0,0.0,0.0,0.0,0.000174178,0.0,4.35e-05,0.0,0.0,0.0
SRR12478686,0.000303429,0.001820572,3.37e-05,0.0,3.37e-05,0.0,0.0,0.0,0.0,0.000438286,0.0,6.74e-05,0.0,0.0,0.0,0.0,0.0,0.002528573,0.000202286,0.0,3.37e-05,0.0,0.0,0.0,0.0,0.0,0.0,0.017059438,0.0,0.0,0.0,3.37e-05,0.000303429,3.37e-05,0.0,6.74e-05,0.0,0.0,0.0,6.74e-05,3.37e-05,0.0,0.0,0.0,0.0,0.000236,0.0,0.0,0.0,3.37e-05,0.0,0.0,0.0,0.000101143,3.37e-05,0.0,0.0,0.0,0.0,6.74e-05,0.0,0.0,0.0,0.0,3.37e-05,0.0,0.000944001,0.007484576,0.000269714,3.37e-05,0.0,0.0,0.0,6.74e-05,0.0,0.000505715,0.000101143,3.37e-05,0.0,6.74e-05,0.0,0.0,6.74e-05,0.0,0.017194296,0.0,0.0,6.74e-05,3.37e-05,0.0,0.0,0.000168572,0.0,0.0,6.74e-05,0.0,0.000202286,0.0,0.011092006,0.0,0.0,0.071980041,0.000809143,3.37e-05,0.0,0.0,3.37e-05,0.0,0.001416001,0.0,3.37e-05,0.0,0.0,0.0,6.74e-05,0.0,0.006574289,0.0,0.0,0.000101143,0.000236,3.37e-05,0.0,0.0,0.0,0.0,0.000168572,3.37e-05,0.0,6.74e-05,0.000134857,0.0,0.000134857,0.003169145,0.0,0.000438286,0.000202286,0.0,0.000134857,0.0,0.0,0.000168572,0.0,0.0,0.0,0.0,3.37e-05,0.0,0.000573143,0.0,0.0,3.37e-05,3.37e-05,3.37e-05,0.0,0.0,0.0,0.001517144,0.0,3.37e-05,3.37e-05,0.000101143,0.0,0.0,0.0,0.0,0.0,0.0,0.0,0.0,0.0,0.0,0.002933145,0.000134857,0.0,0.0,3.37e-05,0.000337143,0.0,0.0,0.0,0.0,0.0,6.74e-05,0.0,0.0,0.0,0.0,0.0,0.0,0.0,0.803175888,0.0,0.0,0.0,0.0,0.0,0.001888001,0.0,3.37e-05,0.000337143,0.010552577,0.0,3.37e-05,0.003607431,0.0,0.0,0.0,0.0,0.0,0.000842858,0.0,0.0,3.37e-05,0.0,0.0,0.0,0.0,0.0,0.0,0.0,0.000708,0.0,0.0,0.015441152,0.0,3.37e-05,0.0,0.0,0.0,0.0,0.0,3.37e-05,0.0,0.0,0.0,0.0,0.0,0.0,0.0,3.37e-05,0.0,0.0,3.37e-05,0.0,3.37e-05,0.0,0.0,0.007956576,0.0,0.0,0.0,0.0,0.000809143,0.0,3.37e-05,0.0,0.0,0.0
SRR12478687,2.5e-05,4.99e-05,4.99e-05,0.0,0.000449438,0.0,0.0,0.0,0.0,0.000249688,0.0,0.008913858,2.5e-05,0.0,2.5e-05,0.0,0.0,0.000299625,0.000149813,0.0,2.5e-05,0.0,0.0,0.0,0.0,0.0,2.5e-05,0.287865169,9.99e-05,0.0,9.99e-05,0.008813983,0.0,2.5e-05,0.000124844,4.99e-05,0.0,0.0,0.0,0.0,0.0,9.99e-05,0.0,4.99e-05,4.99e-05,2.5e-05,2.5e-05,2.5e-05,0.0,4.99e-05,0.0,0.0,9.99e-05,0.0,0.0,0.000174782,0.0,0.0,0.0,2.5e-05,0.0,7.49e-05,0.0,0.0,4.99e-05,0.0,4.99e-05,0.00062422,0.000124844,0.0,0.0,0.0,0.0,0.0,0.0,2.5e-05,4.99e-05,0.0,0.0,0.0,0.0,0.0,0.001573034,0.0,0.058202247,0.0,0.0,0.0,2.5e-05,0.0,0.0,0.000374532,2.5e-05,0.0,0.000274657,4.99e-05,0.007290886,4.99e-05,0.001598002,0.0,0.0,0.352409488,2.5e-05,9.99e-05,0.0,2.5e-05,2.5e-05,0.000249688,0.001498127,0.0,0.0,0.000124844,2.5e-05,0.0,2.5e-05,4.99e-05,0.000174782,0.0,0.0,7.49e-05,4.99e-05,0.0,2.5e-05,0.0,0.000124844,0.0,0.000174782,4.99e-05,0.0,0.00019975,0.000224719,0.0,7.49e-05,0.002521848,0.0,0.000399501,0.0,0.0,0.0,2.5e-05,0.0,0.0,0.0,0.0,0.0,0.0,0.0,0.0,0.001148564,0.0,0.0,0.004494382,0.000124844,0.0,0.0,2.5e-05,0.0,0.001073658,0.000299625,4.99e-05,2.5e-05,0.000474407,0.0,0.0,2.5e-05,0.0,0.0,0.0,0.0,0.001098627,2.5e-05,0.0,0.008789014,0.0,0.0,0.0,0.000374532,0.002946317,7.49e-05,0.0,0.0,0.0,0.0,0.0,0.0,0.0,0.0,0.0,0.0,7.49e-05,0.000299625,0.233233458,0.0,0.0,4.99e-05,0.0,2.5e-05,0.0,2.5e-05,0.0,2.5e-05,0.000399501,0.0,2.5e-05,0.003021223,0.0,0.000299625,4.99e-05,0.0,0.0,7.49e-05,0.0,2.5e-05,2.5e-05,0.000848939,0.0,0.000499376,0.0,2.5e-05,0.0,0.0,4.99e-05,0.0,2.5e-05,0.000274657,0.0,2.5e-05,0.0,0.0,0.0,4.99e-05,0.0,0.0,0.0,0.0,0.0,0.0,0.0,4.99e-05,2.5e-05,0.0,0.0,0.0,0.000149813,0.0,0.0,0.0,0.0,7.49e-05,0.0,4.99e-05,0.0,0.0,0.0,0.0,0.000898876,0.0,0.0,0.0
SRR12478688,8.03e-05,0.022389856,0.0,0.0,0.000240751,0.0,0.0,0.0,0.000160501,8.03e-05,0.0,0.000160501,0.0,0.0,8.03e-05,0.0,0.0,0.001685258,0.000321002,0.0,8.03e-05,0.0,0.0,0.0,8.03e-05,0.0,8.03e-05,0.012759811,0.0,0.0,0.000963005,0.0,0.000240751,0.0,0.0,0.000240751,0.0,8.03e-05,0.0,0.000160501,0.0,8.03e-05,0.0,0.0,0.0,0.0,0.0,0.0,0.0,8.03e-05,0.0,8.03e-05,0.0,0.0,0.0,0.0,0.0,0.0,0.0,0.000160501,0.0,0.0,8.03e-05,0.0,0.000160501,0.0,0.000642003,0.010833801,0.000321002,0.000321002,0.0,0.0,0.0,0.0,8.03e-05,0.000321002,0.000882754,8.03e-05,0.0,0.0,8.03e-05,0.0,0.000321002,0.0,0.001364256,0.0,0.0,0.0,0.000160501,0.0,0.0,8.03e-05,0.0,0.000160501,0.0,0.0,0.000561753,0.000963005,0.054088757,0.0,0.0,0.091405184,0.000802504,8.03e-05,0.0,8.03e-05,0.0,0.0,0.000963005,0.0,0.0,0.0,8.03e-05,0.0,8.03e-05,0.0,0.007463285,0.0,0.0,0.000240751,0.000160501,0.0,0.002327261,0.0,0.0,0.0,8.03e-05,0.000160501,0.0,0.000321002,0.000240751,0.0,0.0,0.002407511,0.0,0.000722253,0.000240751,0.0,0.0,8.03e-05,0.0,0.0,0.0,0.0,0.0,0.000160501,0.0,0.0,0.001364256,0.0,0.0,8.03e-05,0.0,0.0,0.0,0.000321002,0.0,0.000561753,0.0,8.03e-05,0.0,8.03e-05,0.000561753,0.0,8.03e-05,0.0,0.0,8.03e-05,0.0,0.0,0.0,8.03e-05,0.002889014,0.0,0.0,0.0,0.0,0.000401252,0.0,0.0,0.0,0.0,0.0,0.0,0.000160501,0.0,0.0,0.0,0.0,0.000160501,0.0,0.70315384,0.0,0.0,0.0,0.0,0.0,0.002247011,0.0,0.0,0.000160501,0.004092769,0.0,0.000481502,0.002648263,0.0,0.000240751,8.03e-05,0.0,0.0,0.000240751,0.0,8.03e-05,0.0,0.0,0.0,8.03e-05,0.0,0.0,0.00216676,0.0,0.000481502,0.0,0.0,0.011957307,0.0,8.03e-05,0.0,8.03e-05,0.0,0.0,0.0,0.0,0.0,0.0,0.001845759,0.0,0.0,0.0,0.0,8.03e-05,0.0,0.0,0.0,0.001123505,0.005216275,0.0,0.0,0.029612391,0.0,0.0,0.0,0.0,0.003370516,0.0,0.000160501,0.0,0.0,0.0
SRR12478689,0.000256463,0.000307755,5.13e-05,0.010155929,5.13e-05,0.0,0.0,0.0,0.0,0.000102585,0.0,0.002872384,0.0,0.0,0.000718096,0.0,5.13e-05,0.008206812,0.000718096,0.0,0.001025851,0.0,0.0,0.0,0.0,0.0,5.13e-05,0.058524826,0.000359048,0.0,0.000102585,0.0,0.0,0.0,0.0,0.001384899,0.0,0.0,0.0,5.13e-05,0.0,5.13e-05,0.0,5.13e-05,0.0,5.13e-05,0.0,5.13e-05,0.0,0.0,0.0,0.0,0.0,0.004821502,0.000102585,0.0,0.0,0.0,0.0,0.000307755,0.0,5.13e-05,0.0,0.0,0.00020517,0.0,0.000461633,0.005026672,0.000153878,0.0,0.0,0.0,0.0,0.0,5.13e-05,0.000666803,0.005642183,5.13e-05,0.0,5.13e-05,0.000102585,0.0,0.005539598,0.0,0.038725892,5.13e-05,0.0,0.0,0.000512926,0.019645055,0.0,0.00020517,0.0,0.0,0.0,0.000307755,0.000923266,0.005847353,0.054216249,0.0,0.0,0.25338531,0.002564629,0.000512926,0.000153878,0.000256463,0.0,0.0,0.012515388,0.0,0.0,0.00020517,0.000102585,0.0,0.000153878,0.0,0.000461633,0.0,0.0,5.13e-05,0.001128437,0.0,0.001487485,0.0,0.0,0.0,0.000564218,0.0,0.0,0.00020517,0.000102585,0.0,0.000461633,0.005129257,0.0,0.001384899,0.000923266,0.0,5.13e-05,0.0,0.0,0.001025851,0.0,0.0,0.0,0.0,0.0,5.13e-05,5.13e-05,0.0,0.0,0.000102585,0.000461633,0.00020517,0.0,0.00159007,0.0,0.004308576,0.0,0.000512926,5.13e-05,0.001231022,0.000256463,0.0,0.0,5.13e-05,0.0,0.0,0.0,0.000410341,0.0,0.001077144,0.031750103,0.000359048,0.0,0.0,0.0,0.001436192,5.13e-05,0.0,0.0,0.0,0.0,0.001743947,0.0,0.0,0.0,0.0,0.0,0.0,0.0,0.407263028,0.0,0.0,0.0,0.0,5.13e-05,0.002513336,0.0,0.0,0.00020517,0.002923677,0.0,0.000153878,0.015695527,0.0,0.00020517,0.000102585,0.0,0.0,0.006719327,0.0,0.0,0.0,0.000102585,0.0,5.13e-05,0.0,0.0,0.0,5.13e-05,0.000102585,0.0,0.0,0.002256873,0.000102585,0.000512926,0.00020517,5.13e-05,5.13e-05,0.000102585,0.0,0.000102585,5.13e-05,0.0,5.13e-05,5.13e-05,0.0,0.0,0.0,0.000102585,0.0,0.00020517,0.0,0.0,0.0,0.0,0.0,0.0,0.0,0.0,0.0,0.0,5.13e-05,0.000102585,5.13e-05,0.0,0.0,0.0
SRR12478690,0.0,0.00990099,0.0,0.00990099,0.0,0.0,0.0,0.0,0.0,0.0,0.0,0.0,0.0,0.0,0.0,0.0,0.0,0.0,0.0,0.0,0.0,0.0,0.0,0.0,0.0,0.0,0.0,0.03960396,0.0,0.0,0.0,0.0,0.0,0.00990099,0.0,0.0,0.0,0.0,0.0,0.0,0.0,0.0,0.0,0.0,0.0,0.0,0.0,0.0,0.0,0.0,0.0,0.0,0.0,0.0,0.0,0.0,0.0,0.128712871,0.0,0.0,0.0,0.0,0.0,0.0,0.0,0.0,0.0,0.0,0.0,0.04950495,0.0,0.0,0.0,0.0,0.0,0.0,0.0,0.0,0.0,0.0,0.0,0.0,0.0,0.0,0.0,0.0,0.0,0.0,0.0,0.0,0.0,0.0,0.0,0.0,0.0,0.0,0.0,0.0,0.0,0.0,0.0,0.069306931,0.0,0.0,0.0,0.0,0.0,0.0,0.0,0.0,0.0,0.0,0.0,0.0,0.0,0.0,0.0,0.0,0.0,0.0,0.0,0.01980198,0.0,0.0,0.0,0.0,0.0,0.0,0.0,0.0,0.0,0.0,0.0,0.0,0.0,0.0,0.0,0.0,0.0,0.0,0.0,0.0,0.0,0.0,0.0,0.0,0.0,0.0,0.0,0.0,0.0,0.0,0.0,0.0,0.0,0.0,0.0,0.0,0.0,0.0,0.0,0.0,0.0,0.0,0.0,0.0,0.0,0.0,0.0,0.0,0.0,0.0,0.0,0.0,0.0,0.0,0.0,0.0,0.0,0.0,0.0,0.0,0.0,0.0,0.0,0.0,0.0,0.0,0.0,0.0,0.0,0.059405941,0.0,0.0,0.0,0.0,0.03960396,0.0,0.0,0.0,0.0,0.0,0.0,0.0,0.02970297,0.0,0.0,0.0,0.0,0.0,0.0,0.0,0.0,0.0,0.0,0.0,0.0,0.0,0.0,0.386138614,0.0,0.0,0.0,0.0,0.00990099,0.0,0.0,0.0,0.0,0.0,0.0,0.0,0.0,0.0,0.0,0.0,0.0,0.00990099,0.0,0.0,0.0,0.0,0.0,0.0,0.0,0.0,0.0,0.0,0.0,0.0,0.0,0.0,0.0,0.0,0.0,0.0,0.0,0.0,0.0
SRR12478691,0.000314046,0.0,0.0,0.0,0.001177671,0.000157023,0.0,0.0,0.002826411,0.0,0.0,0.0,0.0,0.0,0.0,0.0,0.0,0.0,0.0,0.0,0.000157023,0.0,0.0,0.0,0.0,0.0,0.000706603,0.000235534,0.0,0.0,0.0,0.000314046,0.0,0.002590877,0.0,0.0,0.0,0.000314046,0.0,0.0,0.0,7.85e-05,0.0,7.85e-05,0.0,0.0,0.0,0.000392557,0.0,0.0,0.0,7.85e-05,0.000157023,7.85e-05,7.85e-05,7.85e-05,0.0,0.0,0.0,0.0,0.0,0.0,0.0,0.0,0.0,0.0,0.0,0.000314046,0.0,0.000785114,0.0,0.0,0.0,0.0,0.012247782,0.0,0.0,0.000235534,0.0,7.85e-05,7.85e-05,0.0,7.85e-05,0.0,0.000628091,0.0,0.0,0.0,0.0,0.0,0.0,7.85e-05,0.004867708,0.0,0.0,7.85e-05,0.001491717,7.85e-05,7.85e-05,0.000785114,0.0,0.000471069,0.0,0.0,0.0,0.0,0.002041297,0.0,7.85e-05,0.0,0.0,0.0,0.0,7.85e-05,7.85e-05,0.0,0.082515506,0.0,0.0,0.0,7.85e-05,0.000157023,0.0,0.0,0.0,0.0,0.000942137,0.020569993,0.0,0.0,0.000235534,0.0,0.0,7.85e-05,0.0,0.228468242,0.00109916,0.0,0.0,0.0,0.0,0.0,7.85e-05,0.0,0.0,0.0,0.0,0.0,0.0,0.0,0.0,0.000235534,7.85e-05,0.0,0.0,0.0,0.0,0.0,7.85e-05,0.0,0.0,0.000157023,0.214257674,0.0,7.85e-05,0.0,0.0,7.85e-05,0.0,0.0,0.0,0.0,0.000157023,7.85e-05,0.0,0.0,0.000157023,0.0,0.0,0.0,0.0,0.000157023,0.000235534,0.0,7.85e-05,0.0,0.0,0.0,0.0,0.0,7.85e-05,0.007615608,0.0,0.0,0.0,0.0,0.000235534,7.85e-05,0.000157023,0.0,0.0,0.0,0.002512366,0.0,0.000157023,0.0,0.0,0.0,0.0,0.0,7.85e-05,0.0,0.0,0.0,0.00054958,0.0,7.85e-05,0.0,0.0,0.001884274,0.0,0.001413206,0.0,0.0,0.221088168,0.0,0.0,0.0,0.0,0.0,0.0,0.0,0.0,0.0,0.0,0.0,0.0,0.000157023,0.0,0.0,0.0,0.0,0.0,0.0,0.0,0.0,0.0,0.000235534,7.85e-05,0.0,0.0,0.0,0.0,0.000235534,0.0,0.000235534,0.0,0.0,0.0
SRR12478692,3.18e-05,0.026342548,3.18e-05,0.0,0.000190658,0.0,0.0,0.0,0.0,0.000127105,6.36e-05,0.001843025,0.0,0.0,3.18e-05,0.0,0.0,0.002542104,0.00060375,0.0,3.18e-05,0.0,0.0,0.0,0.0,0.0,3.18e-05,0.404829997,0.00540197,0.0,9.53e-05,0.000413092,0.003018748,9.53e-05,0.0,0.000476644,0.0,0.0,0.0,0.0,0.0,0.0,0.0,0.0,0.0,0.0,0.0,0.0,0.0,0.0,0.0,0.0,3.18e-05,3.18e-05,0.00025421,0.0,0.0,0.000190658,0.0,0.000222434,0.0,6.36e-05,0.0,0.0,0.0,0.0,0.001271052,0.014013346,0.000222434,3.18e-05,0.0,0.0,0.0,0.0,0.0,9.53e-05,0.000158881,0.0,0.0,0.000127105,3.18e-05,0.0,0.002637432,0.0,0.00600572,0.0,0.0,0.0,0.000317763,0.0,0.0,0.0,0.0,0.0,3.18e-05,6.36e-05,0.000285987,0.000317763,0.098347633,0.0,0.0,0.125993009,0.0,0.000127105,0.0,0.0,0.0,3.18e-05,0.001302828,0.0,6.36e-05,0.0,0.000222434,0.0,3.18e-05,0.0,0.000985065,0.0,0.0,3.18e-05,0.002542104,0.0,0.0,0.0,3.18e-05,0.0,0.000349539,0.0,0.0,0.00025421,3.18e-05,0.0,0.003400064,0.011693677,0.0,0.003495392,0.000381316,0.0,0.000444868,0.0,0.0,0.0,0.0,0.0,0.0,0.0,0.0,0.0,0.008102955,0.0,3.18e-05,0.012392755,0.003527169,0.0,0.0,0.00025421,0.000317763,0.005529075,0.0,3.18e-05,9.53e-05,3.18e-05,0.0,0.0,3.18e-05,0.0,0.0,0.0,0.0,3.18e-05,0.0,0.0,0.012710518,0.0,0.0,0.0,0.0,0.003654274,0.0,0.0,0.0,0.0,3.18e-05,0.0,0.0,0.0,0.0,0.0,0.0,6.36e-05,0.0,0.003813155,0.0,0.0,0.0,3.18e-05,0.000158881,6.36e-05,6.36e-05,0.0,6.36e-05,0.110994598,0.0,3.18e-05,0.107213219,0.0,0.0,0.0,0.0,0.0,0.000317763,0.0,0.0,0.0,0.0,0.0,3.18e-05,0.0,0.0,0.000317763,3.18e-05,0.000127105,0.0,0.0,0.001493486,0.0,0.0,0.0,0.0,0.0,0.003368287,0.0,3.18e-05,3.18e-05,0.0,0.0,3.18e-05,6.36e-05,3.18e-05,0.0,0.0,0.0,3.18e-05,0.0,0.0,3.18e-05,0.0,0.0,0.000508421,0.0,0.0,0.0,0.0,6.36e-05,0.0,3.18e-05,0.0,0.0,0.0
SRR12478693,0.00019015,0.027001331,4.75e-05,0.000142613,0.000237688,0.0,4.75e-05,0.0,0.000142613,0.0,0.0,0.000522913,0.0,0.0,0.0,0.0,9.51e-05,0.005229131,0.003707929,4.75e-05,4.75e-05,0.0,0.0,0.0,0.0,0.0,4.75e-05,0.020488686,0.00019015,0.0,4.75e-05,9.51e-05,0.011171325,9.51e-05,0.0,0.000665526,0.0,0.0,0.0,9.51e-05,0.0,4.75e-05,0.0,4.75e-05,0.000142613,0.003185016,0.0,0.0,0.0,9.51e-05,4.75e-05,0.0,0.0,0.002281803,0.000285225,0.00019015,0.0,0.0,0.0,0.000237688,0.0,0.0,0.0,0.0,9.51e-05,0.0,0.001188439,0.014498954,0.00019015,4.75e-05,0.0,0.0,0.0,0.0,0.000142613,0.002709641,0.000570451,0.0,4.75e-05,4.75e-05,0.0,0.0,0.001473664,0.0,0.007558471,4.75e-05,0.0,4.75e-05,0.0,0.001663814,0.0,0.000570451,0.0,0.0,0.000285225,0.000285225,0.002899791,0.001521202,0.026288268,0.0,0.0,0.10634151,0.000570451,0.001378589,4.75e-05,4.75e-05,0.0,4.75e-05,0.003470241,4.75e-05,0.000522913,9.51e-05,9.51e-05,0.0,9.51e-05,0.0,0.002614566,0.0,0.0,0.00019015,0.000760601,0.0,4.75e-05,0.0,4.75e-05,0.0,0.00019015,0.0,0.0,0.000475376,0.000475376,0.0,0.000142613,0.005038981,0.0,0.00175889,0.000998289,0.0,0.000998289,0.0,0.0,0.000332763,0.0,0.0,0.0,0.0003803,0.0,0.0,0.000903214,0.0,0.0,0.000142613,0.000142613,0.0,0.0,0.0003803,0.00019015,0.001235976,9.51e-05,0.000522913,0.0,0.00019015,4.75e-05,0.0,0.0,0.0,0.0,0.0,0.0,4.75e-05,0.000237688,0.0,0.008128922,0.0,0.0,0.0,9.51e-05,9.51e-05,0.0,0.0,0.0,0.0,0.0,0.000855676,9.51e-05,0.0,0.0,0.0,4.75e-05,0.0,4.75e-05,0.657396844,0.0,0.0,4.75e-05,0.0,9.51e-05,0.00622742,4.75e-05,0.0,0.000142613,0.020773911,0.0,0.001426127,0.020868986,0.0,0.000617988,0.0,0.0,0.0,0.001996577,0.0,0.000142613,0.00019015,0.000237688,0.0,0.000285225,0.0,0.0,0.0,0.0,0.000522913,0.0,4.75e-05,0.003042403,0.0,0.00019015,0.0,0.0,0.0,4.75e-05,0.0,0.0,0.0,4.75e-05,0.000142613,0.0,0.0,0.0,0.0,9.51e-05,0.0,4.75e-05,9.51e-05,0.00019015,0.000522913,0.0,0.0,0.00175889,0.0,0.0,4.75e-05,0.0,0.001378589,0.0,0.000285225,0.0,0.0,0.0
SRR12478694,0.000735937,0.011131043,9.2e-05,0.005795502,9.2e-05,0.0,0.0,0.0,0.0,9.2e-05,4.6e-05,0.00174785,0.0,0.0,0.000505956,0.0,0.0,0.007129387,0.003127731,0.0,0.000781933,0.0,0.0,0.0,9.2e-05,0.0,9.2e-05,0.035324962,0.001103905,0.0,9.2e-05,0.001701854,0.001011913,4.6e-05,0.0,0.00197783,0.0,0.0,0.0,4.6e-05,0.0,0.000137988,4.6e-05,0.0,0.0,0.000321972,9.2e-05,0.0,0.0,0.000137988,0.000827929,0.0,0.0,0.004001656,0.000183984,0.0,0.0,0.0,0.0,0.00045996,0.0,4.6e-05,0.0,0.0,0.000137988,0.0,0.000413964,0.016880548,0.00045996,0.000137988,0.0,0.0,0.0,0.0,0.0,0.00174785,0.006991399,0.000321972,0.0,0.00045996,9.2e-05,4.6e-05,0.002299802,0.0,0.000321972,0.0,0.0,0.0,4.6e-05,0.0,0.0,0.0,0.0,0.0,0.0,0.00045996,0.000137988,0.003495699,0.099443448,0.0,0.0,0.347224139,0.001609862,0.009521181,0.0,0.000321972,0.022032105,0.0,0.006899407,4.6e-05,0.00045996,0.00022998,0.0,0.0,4.6e-05,0.0,0.001195897,0.0,0.0,0.0,0.001701854,0.0,0.001149901,0.0,0.0,0.0,0.000183984,0.0,0.0,0.000137988,4.6e-05,0.0,0.000275976,0.025159836,0.0,0.000965917,0.0,0.0,9.2e-05,9.2e-05,9.2e-05,0.001379881,0.0,0.0,0.000137988,0.001563866,0.0,0.0,0.000137988,0.0,0.0,0.000551953,0.000689941,0.0,0.0,0.001563866,0.000919921,0.002851755,0.0,0.020330252,0.0,0.001517869,0.0,0.0,0.0,0.0,0.0,0.0,0.0,0.001379881,4.6e-05,4.6e-05,0.036658847,0.000137988,0.0,0.0,0.0,0.00045996,0.0,0.0,0.0,0.0,4.6e-05,0.006025482,4.6e-05,0.0,0.0,0.0,0.0,0.000137988,0.0,0.151372982,4.6e-05,0.0,0.000367968,9.2e-05,0.0,0.037164804,4.6e-05,0.0,0.000275976,0.050871625,0.0,0.006945403,0.031139322,0.0,0.0,0.000137988,0.0,0.0,0.000735937,0.0,0.0,0.0,0.0,0.0,0.0,0.0,0.0,0.0,0.000321972,0.00022998,0.0,0.000367968,0.000781933,0.0,4.6e-05,0.0,0.0,9.2e-05,0.0,0.0,0.000137988,0.0,0.0,0.000183984,0.0,0.0,0.0,4.6e-05,0.0,0.0,9.2e-05,0.00022998,0.001011913,0.0,0.0,0.0,0.001379881,0.0,0.0,0.0,0.0,0.0,0.005059565,0.0,0.0,0.0,0.0
SRR12478695,0.0,4.8e-05,9.6e-05,0.0,0.0,0.0,9.6e-05,0.0,0.0,4.8e-05,4.8e-05,0.000575816,0.0,0.0,0.0,0.0,0.0,0.002159309,0.000527831,0.0,4.8e-05,0.0,0.0,0.0,0.0,0.0,4.8e-05,0.011276392,0.0,0.0,0.0,0.0,0.0,0.0,0.0,0.000671785,0.0,0.0,0.0,0.0,0.0,0.000143954,0.0,4.8e-05,0.0,0.0,0.0,0.0,0.0,0.0,0.0,4.8e-05,0.0,9.6e-05,0.0,0.0,0.0,0.0,0.0,0.000143954,0.0,0.0,0.0,0.0,0.000143954,0.0,0.000143954,0.042226488,0.000191939,0.0,0.0,0.0,0.0,0.0,9.6e-05,0.0,0.0,0.0,4.8e-05,0.0,0.0,0.0,0.0,0.0,0.02096929,0.0,0.0,0.0,0.000287908,0.0,0.0,0.0,0.0,0.0,4.8e-05,0.0,0.000575816,4.8e-05,0.008589251,0.0,0.0,0.069385797,0.0,4.8e-05,0.0,9.6e-05,0.0,0.0,0.003119002,0.0,0.0,0.0,0.0,0.0,4.8e-05,0.0,0.000767754,0.0,0.0,0.000191939,9.6e-05,4.8e-05,0.0,0.0,0.0,0.0,0.000239923,0.0,0.0,0.000287908,0.0,0.0,0.000383877,0.007629559,0.0,0.0006238,4.8e-05,0.0,0.0,0.0,4.8e-05,0.0,0.0,0.0,0.0,0.0,4.8e-05,0.0,0.0,0.0,0.0,0.0,0.0,0.0,0.0,0.000239923,4.8e-05,0.014203455,0.0,0.000143954,0.0,4.8e-05,4.8e-05,0.0,0.0,0.0,0.0,4.8e-05,0.0,0.0,0.0,0.0,0.005038388,4.8e-05,0.0,0.0,4.8e-05,0.005662188,0.0,0.0,0.0,0.0,0.0,4.8e-05,0.0,0.0,0.0,0.0,0.0,0.0,4.8e-05,0.778982726,0.0,0.0,0.0,0.0,0.0,0.004126679,0.0,4.8e-05,0.0,0.007629559,0.0,0.0,0.008685221,0.0,0.0,0.0,0.0,0.0,0.0,0.0,0.0,0.0,0.000191939,0.0,0.0,0.0,0.0,0.0,0.0,9.6e-05,0.0,4.8e-05,0.000479846,0.0,0.0,9.6e-05,0.0,4.8e-05,4.8e-05,0.0,4.8e-05,0.0,0.0,4.8e-05,0.0,0.0,0.0,0.0,0.0,0.0,0.0,0.0,4.8e-05,0.0,0.0,0.0,0.000431862,0.0,0.0,0.0,0.0,0.0,0.0,4.8e-05,0.0,0.0,0.0
SRR12478696,0.0,9.29e-05,0.0,0.0,0.000464296,0.0,0.0,0.0,0.000185718,0.0,0.0,9.29e-05,0.0,0.0,0.0,0.0,0.0,0.000557155,0.000278577,0.0,9.29e-05,0.0,0.0,9.29e-05,0.0,0.0,0.0,0.122388337,0.0,0.0,0.006128703,0.000557155,9.29e-05,0.0,0.0,0.000185718,0.0,0.0,0.0,0.0,0.0,0.0,0.0,9.29e-05,0.000278577,0.000371437,0.0,0.0,0.0,0.0,0.0,0.000185718,0.0,0.0,9.29e-05,0.000928591,0.0,0.0,0.0,9.29e-05,0.0,0.0,0.0,0.0,0.0,0.0,0.0,0.003157211,0.0,9.29e-05,0.0,0.0,0.0,0.0,9.29e-05,0.0,0.0,0.0,0.0,0.0,9.29e-05,0.0,0.0,0.0,0.0,9.29e-05,0.0,0.0,0.000278577,0.0,0.0,0.000371437,0.0,0.000464296,9.29e-05,0.0,0.002414337,0.0,0.004921534,0.0,0.0,0.09425202,0.002321478,9.29e-05,0.0,0.000185718,0.0,0.0,0.001207169,0.0,9.29e-05,0.0,0.0,0.0,9.29e-05,0.0,0.001300028,0.0,0.0,0.0,0.0,9.29e-05,0.0,0.0,0.0,0.0,0.0,0.0,0.0,0.000278577,0.000464296,0.0,0.000557155,0.008450181,0.0,0.000835732,9.29e-05,0.0,0.000185718,0.0,0.0,0.0,0.0,0.0,0.0,0.0,0.0,0.0,0.0,0.0,0.0,0.0,9.29e-05,0.0,0.0,0.0,0.0,0.000185718,0.000185718,9.29e-05,0.0,0.000185718,0.0,0.0,9.29e-05,0.0,0.0,0.0,0.0,0.000185718,0.0,0.000185718,0.001857183,0.0,0.0,0.0,0.000185718,0.001207169,9.29e-05,0.0,0.0,0.0,0.0,0.0,0.0,0.0,0.0,0.0,0.0,0.0,0.0,0.724301235,0.0,0.0,0.0,0.0,0.000185718,0.00538583,0.000185718,0.0,0.0,0.001857183,0.0,0.000185718,0.000464296,0.0,0.001392887,0.0,0.0,0.0,0.0,0.0,0.000650014,0.000185718,9.29e-05,0.0,0.000185718,0.0,0.0,0.0,0.0,9.29e-05,0.000278577,0.0,0.000928591,0.0,0.000557155,9.29e-05,0.0,9.29e-05,0.0,0.0,9.29e-05,0.0,0.0,0.000185718,0.0,0.0,9.29e-05,0.0,9.29e-05,0.0,0.0,0.0,0.0,0.0,9.29e-05,0.0,0.0,0.0,9.29e-05,0.0,0.0,0.0,0.0,0.000650014,0.0,0.0,0.0
SRR12478697,0.001978729,0.011307021,3.53e-05,0.0,0.001342709,0.0,0.000176672,0.0,0.0,0.035369775,0.0,0.051305608,3.53e-05,0.0,0.0,0.0,0.0,0.003215434,0.003003427,0.0,7.07e-05,7.07e-05,0.0,0.0,0.0,0.0,7.07e-05,0.317267941,0.019221936,0.0,3.53e-05,0.000494682,0.001024699,0.0,7.07e-05,0.000459348,0.0,0.0,0.0,0.0,0.0,0.000106003,0.0,0.0,7.07e-05,0.0,3.53e-05,0.0,0.0,3.53e-05,0.0,0.0,0.0,0.000459348,0.000106003,0.0,0.0,0.000424013,0.0,0.000388679,0.0,0.0,0.0,0.0,0.000282676,0.0,0.000388679,0.009116286,0.000918695,0.0,0.0,0.0,0.0,0.0,0.00127204,3.53e-05,0.002826755,0.000106003,0.0,3.53e-05,0.000141338,0.0,0.006430868,0.0,0.000424013,3.53e-05,0.0,0.0,7.07e-05,0.0,0.0,0.000353344,0.0,0.0,0.0,7.07e-05,0.00031801,0.00127204,0.061375923,0.0,0.0,0.244655666,0.004240133,7.07e-05,0.0,0.000106003,0.000812692,0.0,0.004734815,0.0,3.53e-05,0.000176672,0.0,0.0,0.0,0.0,0.002155401,0.0,0.0,0.000106003,0.00286209,0.0,0.001166037,0.0,0.000106003,0.0,0.000176672,0.000812692,0.0,0.000106003,0.000176672,0.0,0.000388679,0.069078831,0.0,0.001060033,0.0,0.0,0.000141338,0.0,0.0,3.53e-05,0.0,0.0,0.0,0.0,0.015087806,0.0,0.001342709,0.0,0.0,0.00031801,0.00095403,0.0,0.0,0.001024699,0.000600685,0.004169464,3.53e-05,0.005759514,3.53e-05,0.000742023,0.000459348,0.0,7.07e-05,3.53e-05,0.0,3.53e-05,0.0,0.004063461,0.000141338,0.000212007,0.036677149,0.000176672,0.0,0.0,0.0,0.003038762,0.0,0.0,0.0,0.0,0.0,0.000424013,3.53e-05,0.0,0.0,0.0,3.53e-05,0.001802056,7.07e-05,0.00819759,0.0,0.0,3.53e-05,0.0,0.000777358,0.000212007,3.53e-05,0.0,0.0,0.002720752,0.000247341,7.07e-05,0.021200664,0.0,0.000141338,3.53e-05,0.0,0.0,7.07e-05,0.0,3.53e-05,3.53e-05,0.0,0.000141338,0.000106003,0.0,0.0,7.07e-05,0.0,0.000212007,0.000141338,0.0,0.009893643,0.0,0.000777358,0.0,0.0,0.0,0.000494682,0.0,0.0,0.0,0.0,3.53e-05,3.53e-05,0.0,3.53e-05,0.0,3.53e-05,0.0,0.0,7.07e-05,0.0,3.53e-05,0.0,0.000106003,0.001978729,0.0,0.0,0.0,0.0,0.000106003,0.0,7.07e-05,0.0,0.0,0.0
SRR12478699,0.000330087,0.017329592,4.13e-05,0.0,0.0,0.0,0.0,0.0,0.000123783,4.13e-05,0.0,0.001155306,0.0,0.0,0.0,0.0,0.0,0.009118666,0.000536392,0.0,0.000247566,0.0,0.0,0.0,0.0,0.0,0.0,0.01456511,0.001732959,0.0,0.0,0.0,8.25e-05,0.0,4.13e-05,0.000123783,0.0,0.0,0.0,0.0,4.13e-05,0.000123783,0.0,0.0,0.0,0.0,0.0,0.0,0.0,0.0,4.13e-05,0.0,0.0,0.00045387,0.0,0.0,0.0,0.0,0.0,4.13e-05,0.0,0.0,4.13e-05,0.0,0.000206305,0.0,0.000247566,0.005900314,0.000288827,0.0,0.0,0.0,0.0,8.25e-05,0.0,0.0,0.000618914,0.0,4.13e-05,8.25e-05,0.0,4.13e-05,0.000288827,0.0,0.0,0.0,0.0,0.0,0.0,0.0,0.0,0.0,0.0,0.0,0.0,0.0,0.0,0.014523849,0.048440337,0.0,0.0,0.065068493,0.001732959,8.25e-05,0.0,4.13e-05,4.13e-05,8.25e-05,0.001485394,0.0,0.0,8.25e-05,0.0,0.0,0.0,0.0,0.004745007,0.0,0.0,0.000412609,0.00045387,0.0,0.0,0.0,0.0,0.0,4.13e-05,0.0,0.0,4.13e-05,0.0,0.0,0.000247566,0.004992573,0.0,0.000247566,0.0,0.0,0.0,0.0,0.0,0.0,0.0,0.0,0.0,0.0,0.0,0.0,0.006519228,0.0,0.0,4.13e-05,8.25e-05,0.0,0.0,0.000288827,8.25e-05,0.001691698,0.0,0.0,0.0,8.25e-05,8.25e-05,0.0,0.0,0.0,0.0,0.0,0.0,0.000288827,0.0,8.25e-05,0.010067668,0.0,0.0,0.0,0.0,0.000536392,0.0,0.0,0.0,0.0,0.0,0.000949001,0.0,0.0,0.0,0.0,0.0,0.0,0.0,0.756395445,0.0,0.0,4.13e-05,0.0,4.13e-05,0.0,0.0,0.0,0.000123783,0.015844199,0.0,0.0,0.00486879,0.0,0.0,0.0,0.0,0.0,4.13e-05,0.0,0.0,0.0,0.0,0.0,0.0,0.0,0.0,0.0,0.0,0.000165044,0.0,0.0,0.001898003,4.13e-05,0.000907741,0.0,0.0,8.25e-05,0.0,0.0,0.0,0.0,0.0,0.0,4.13e-05,0.0,0.0,0.0,8.25e-05,0.0,0.0,0.0,0.0,0.000123783,0.0,0.0,0.001031523,0.0,0.0,0.0,0.0,0.0,0.0,4.13e-05,0.0,0.0,0.0
SRR12478700,0.0,0.004698921,0.0,0.0,0.0,0.0,8.7e-05,0.0,0.0,0.028976679,0.0,0.027497389,0.0,0.0,8.7e-05,0.0,0.0,0.000696136,0.000957188,0.0,0.000348068,0.0,0.0,0.0,0.000261051,0.0,0.000348068,0.532109293,0.028802645,0.0,0.0,0.023581622,0.000348068,0.0,0.0,8.7e-05,0.0,0.0,0.0,0.0,0.0,0.001044205,0.0,0.0,0.0,0.0,8.7e-05,0.0,0.0,0.0,0.0,0.0,0.0,0.0,0.000522102,0.0,0.0,0.0,0.0,8.7e-05,0.0,0.0,0.0,0.0,0.000174034,0.0,0.000870171,0.004263836,0.001653324,0.0,0.0,0.0,0.0,0.0,0.0,0.002436478,0.001218239,0.0,0.0,0.0,0.0,0.0,0.010790115,0.0,0.0,0.0,0.0,0.0,0.000696136,0.0,0.0,0.0,0.0,0.0,0.0,0.0,0.000696136,0.003306648,0.012791507,0.0,0.0,0.077271145,0.0,0.000522102,0.0,0.0,0.0,0.0,0.002262443,0.0,0.0,0.000261051,0.000174034,0.000174034,0.0,0.000261051,0.0,0.0,0.0,0.008614688,0.0,0.0,0.0,0.0,0.0,0.0,0.001740341,0.000261051,0.0,8.7e-05,8.7e-05,0.0,0.000174034,0.017664462,0.0,0.001044205,0.0,0.0,0.0,0.0,0.0,0.002088409,0.0,0.0,0.0,8.7e-05,0.0,0.0,0.0,0.0,0.0,0.02010094,0.00234946,0.000435085,0.0,8.7e-05,0.006613296,0.014444831,0.0,8.7e-05,0.000174034,0.0,0.0,0.0,0.0,0.0,0.0,0.0,0.0,0.005046989,0.0,8.7e-05,0.038896624,0.0,0.0,0.0,0.0,0.003915767,0.0,0.0,0.0,0.0,0.0,0.0,0.0,0.0,0.0,0.0,0.0,0.001914375,0.0,0.004959972,0.0,0.0,0.0,0.0,0.000783153,0.0,0.0,0.0,0.0,0.000870171,0.0,0.0,0.084406544,0.0,0.0,0.0,0.0,0.0,0.001218239,0.0,0.0,0.0,0.0,0.0,0.0,0.0,0.0,0.002784546,0.0,8.7e-05,0.0,0.0,0.003654716,0.0,0.0,0.0,0.0,8.7e-05,0.000522102,0.0,0.000261051,0.0,0.0,0.0,0.0,0.0,0.0,0.0,0.0,0.0,0.0,0.0,0.0,0.000261051,0.0,0.0,8.7e-05,0.0,0.0,0.0,0.0,0.0,0.0,0.0,0.0,0.0,0.0
SRR12478701,0.00034188,0.009230769,0.0,0.00017094,0.0,0.0,5.7e-05,0.0,0.0,0.00011396,0.0,0.003133903,0.0,0.0,0.0,0.0,0.0,0.010712251,0.00017094,0.0,0.00017094,0.0,0.0,0.0,0.0,0.0,0.00011396,0.037663818,0.003418803,0.0,0.0,0.00034188,0.000683761,0.0,0.0,0.0002849,0.0,0.0,0.0,0.00011396,0.0,0.00017094,0.0,0.0,0.0,5.7e-05,0.0,0.0,0.0,0.0,0.0,0.0,0.0,0.000854701,5.7e-05,0.0,0.0,0.0,0.0,0.00022792,0.0,0.0,0.0,0.0,0.00011396,0.0,0.000626781,0.005470085,0.0,0.0,0.0,0.0,0.0,0.0,5.7e-05,0.00011396,0.003931624,0.0,0.0,0.0,5.7e-05,0.0,0.002678063,0.0,5.7e-05,0.0,0.0,0.0,5.7e-05,0.0,0.0,5.7e-05,0.0,0.0,0.0,0.0,5.7e-05,0.005868946,0.025754986,0.0,0.0,0.062564103,0.000854701,0.001538462,0.0,0.00017094,0.00011396,5.7e-05,0.002507123,0.0,0.0,0.00011396,0.0,0.0,0.0,0.0,0.00011396,0.0,0.0,0.0002849,0.000797721,0.0,0.001253561,0.0,0.0,0.0,0.0,0.0,0.0,5.7e-05,0.0,0.0,0.00022792,0.007065527,0.0,0.00034188,0.0,0.0,0.0,0.00011396,0.0,0.0,0.0,0.0,0.0,0.00017094,0.0,0.0,0.005527066,0.0,0.0,0.0,0.0,0.0,0.0,0.000683761,0.00011396,0.001709402,0.00011396,0.000911681,0.0,5.7e-05,0.0,0.0,0.0,0.0,0.0,0.0,0.0,0.000626781,0.0,0.00011396,0.006780627,5.7e-05,0.0,0.0,0.0,0.001253561,0.0,0.0,0.0,0.0,0.0,0.000512821,0.00011396,0.0,0.0,0.0,0.0,0.00011396,0.0,0.733675214,0.0,0.0,0.00017094,0.0,0.0,0.00011396,0.0,0.00017094,0.00022792,0.007179487,0.0,0.016296296,0.018404558,0.0,0.0,0.0,0.0,0.0,0.00011396,0.0,0.0,0.00011396,0.0,0.0,0.0,0.0,0.0,0.0,0.0,0.0,0.0,0.0,0.0,0.0,5.7e-05,0.0,0.0,0.0,5.7e-05,0.0,0.0,0.0,0.0,0.000626781,0.0,0.0,5.7e-05,0.0,0.0,0.0,0.0,0.011282051,0.00034188,0.00011396,0.0,0.0,5.7e-05,0.0,0.0,0.0,0.0,0.0,0.0,0.0,0.0,0.0,0.0
SRR12478702,0.000252972,0.003984316,0.000252972,0.0,0.00265621,0.0,0.0,0.0,0.0,0.089741968,0.0,0.024285353,6.32e-05,6.32e-05,0.000379459,0.0,0.0,0.005375664,0.000695674,0.0,0.000252972,0.0,0.0,0.0,6.32e-05,0.0,6.32e-05,0.260055654,0.01018214,0.0,0.000252972,0.004490261,0.000252972,0.000189729,6.32e-05,0.000252972,0.0,0.002782697,0.0,0.0,0.000126486,6.32e-05,0.0,0.000758917,0.000252972,0.0,0.0,0.0,0.0,0.000126486,6.32e-05,0.0,0.000379459,0.000569188,0.000695674,0.000379459,0.0,0.0,0.0,6.32e-05,0.0,0.000126486,0.0,0.0,0.000126486,0.0,0.000189729,0.002782697,0.002782697,0.0,0.0,0.0,0.0,0.0,0.000316216,0.000252972,0.000189729,0.000126486,0.0,0.000126486,0.0,0.0,0.004616747,0.0,0.016632937,0.0,0.0,0.0,0.000189729,0.0,0.0,0.001581078,0.0,0.0,0.000948647,0.000126486,0.016190235,0.006071338,0.015051859,0.001138376,0.0,0.055464204,0.0,0.000316216,0.000126486,6.32e-05,0.000189729,0.000126486,0.002909183,0.0,0.0,0.000252972,0.0,0.0,0.000316216,0.0,0.000189729,0.0,0.0,0.006071338,0.000569188,0.0,0.0,0.0,0.000189729,0.0,0.000569188,0.0,0.0,0.000126486,0.001328105,0.0,0.000632431,0.007209714,0.0,0.001075133,0.000189729,0.0,6.32e-05,0.0,0.0,0.0,0.0,0.0,0.0,0.0,0.0,0.0,0.0,0.0,0.0,0.004363774,0.000632431,0.0,0.0,0.001897293,0.000316216,0.000948647,0.000695674,0.0,0.000126486,0.000379459,0.0,0.0,0.000126486,0.0,0.0,0.0,0.0,0.000632431,0.0,0.000316216,0.022261573,0.000126486,0.0,0.0,0.000948647,0.021502656,0.000126486,0.0,0.0,0.0,0.0,0.000316216,0.000316216,0.0,0.0,0.0,0.000126486,0.000948647,0.000442702,0.361118138,0.0,0.0,0.000252972,0.0,0.0,0.000252972,0.000189729,6.32e-05,0.000252972,0.003604857,0.0,0.000189729,0.00467999,0.0,0.001328105,0.0,0.0,0.0,0.000189729,0.0,0.00101189,0.000189729,0.001517835,0.0,0.000948647,0.0,0.0,0.0,0.0,0.000126486,0.0,0.0,0.002213509,0.0,0.000442702,0.0,0.0,0.0,0.000126486,0.0,0.000126486,6.32e-05,0.0,0.0,6.32e-05,0.0,0.0,0.0,0.000126486,0.0,6.32e-05,0.0,0.0,0.0,0.0,0.0,0.000126486,0.0,0.000189729,0.0,0.0,0.000505945,0.0,0.001581078,0.0,0.0,0.0
SRR12478703,0.000181835,0.002454769,0.0,0.001318302,0.0,0.0,0.000181835,0.0,0.0,4.55e-05,0.0,0.002318393,0.0,0.0,4.55e-05,0.0,0.0,0.001772888,0.000818256,0.0,0.000636421,0.0,0.0,0.0,0.0,0.0,4.55e-05,0.346349668,0.000181835,0.0,0.000545504,0.103963997,0.000318211,9.09e-05,0.0,4.55e-05,0.0,0.0,0.0,4.55e-05,4.55e-05,0.000500045,0.0,4.55e-05,0.0,0.002682062,0.0,0.000136376,0.0,0.0,0.0,0.0,0.0,0.001318302,0.0,0.0,0.0,0.0,0.0,0.000181835,0.0,0.0,0.0,0.0,0.000318211,0.0,4.55e-05,0.007182471,0.01959269,4.55e-05,0.0,0.0,0.0,0.000363669,0.0,0.000454587,0.001181926,0.0,0.0,0.0,0.0,0.0,0.003545777,0.0,0.026275116,0.0,0.0,0.0,0.000363669,0.0,0.0,4.55e-05,0.0,0.0,0.000181835,0.000136376,0.002727521,0.001136467,0.020683699,0.0,0.0,0.147422493,0.020547322,0.000136376,0.0,0.0,9.09e-05,0.0,0.006227839,0.0,0.000909174,4.55e-05,0.000181835,0.0,0.0,0.0,4.55e-05,0.0,0.0,0.001227384,0.000500045,0.0,0.00068188,0.0,4.55e-05,0.0,4.55e-05,0.0,0.0,0.0,9.09e-05,0.0,0.001409219,0.018592599,0.0,0.000545504,0.0,0.0,0.0,0.001272843,0.0,0.000136376,0.0,0.0,0.0,0.0,0.0,4.55e-05,0.005682335,0.0,0.0,0.018728975,0.000363669,0.0,0.0,0.003954905,0.000136376,0.00377307,4.55e-05,9.09e-05,0.0,0.000181835,0.0,0.0,4.55e-05,0.0,0.0,0.0,0.0,0.000227293,4.55e-05,0.001772888,0.043958542,0.001181926,0.0,0.0,0.000136376,0.000227293,0.0,0.0,0.000318211,0.0,0.0,0.005455041,0.0,0.0,0.0,0.0,0.0,9.09e-05,4.55e-05,0.141467406,0.0,4.55e-05,0.0,0.0,4.55e-05,0.004091281,9.09e-05,0.000136376,0.000136376,0.001591054,0.0,9.09e-05,0.008318938,0.0,9.09e-05,4.55e-05,0.0,0.0,0.002818438,0.0,9.09e-05,0.0,9.09e-05,0.000818256,0.000272752,0.0,0.0,0.0,4.55e-05,0.000136376,0.0,0.0,0.000454587,0.0,0.000181835,0.000318211,0.0,0.0,0.0,0.0,9.09e-05,0.0,0.0,0.0,0.0,0.0,0.0,0.0,4.55e-05,0.0,0.0,0.0,0.0,0.0,4.55e-05,0.0,0.000136376,0.0,0.0,0.0,0.0,0.0,0.0,0.000363669,0.0,0.0,0.0
SRR12478704,9.83e-05,0.000294753,9.83e-05,0.0,0.0,0.0,9.83e-05,0.0,0.0,0.097661623,0.0,0.0,0.0,0.0,0.0,0.0,0.0,0.002358027,0.000393005,0.0,0.0,0.0,0.0,0.0,0.0,0.0,0.0,0.625270191,0.0,0.0,0.0,0.008351346,0.005010808,0.0,0.0,0.000196502,0.0,0.0,0.0,0.0,0.0,0.0,0.0,0.0,0.000294753,0.0,0.0,0.0,0.0,0.0,0.0,0.0,0.0,9.83e-05,0.0,0.0,0.0,0.0,0.0,0.0,0.0,0.0,0.0,0.0,0.0,0.0,0.00176852,0.003144036,0.0,9.83e-05,0.0,0.0,0.0,0.0,0.0,0.000589507,0.0,0.0,0.0,0.0,0.0,9.83e-05,0.00343879,0.0,0.024169778,0.0,0.0,0.0,0.000393005,0.0,0.0,0.000589507,0.0,0.0,0.0,0.0,0.000786009,0.000491256,0.062094714,0.0,0.0,0.069463549,0.000196502,0.000196502,0.0,0.0,0.0,0.0,0.011691884,0.0,0.0,0.0,0.0,0.0,0.0,0.0,0.000196502,0.0,0.0,0.0,0.002358027,0.0,0.0,0.0,0.0,0.0,0.000294753,0.0,0.0,0.0,0.000196502,0.0,0.0,0.010021615,0.0,9.83e-05,0.000294753,0.0,0.0,0.0,0.0,0.0,0.0,0.0,0.0,0.0,0.0,0.0,0.0,0.0,0.0,0.0,0.000393005,0.0,0.0,0.000491256,0.000687758,0.000982511,0.001080762,0.0,0.0,0.0,0.0,0.0,0.0,0.0,0.0,0.0,0.0,0.0,0.0,0.0,0.007761839,0.0,0.0,0.0,0.0,0.006582826,0.0,0.0,0.0,0.0,0.0,0.0,0.0,0.0,0.0,0.0,0.0,0.0,0.0,0.005895068,0.0,0.0,0.0,0.0,0.0,0.0,0.0,0.0,0.000294753,0.010218118,0.0,9.83e-05,0.028001572,0.0,0.000294753,0.0,0.0,0.0,0.0,0.0,0.0,0.0,9.83e-05,0.0,0.0,0.0,0.0,0.0,0.0,0.0,0.0,0.0,0.001473767,0.0,9.83e-05,0.0,0.0,0.0,0.0,0.0,0.0,0.0,0.0,0.0,0.0,0.0,0.000196502,0.0,9.83e-05,0.0,0.0,9.83e-05,0.0,0.0,0.0,0.0,0.000982511,0.0,0.0,0.0,0.0,0.000393005,0.0,9.83e-05,0.0,0.0,0.0
SRR12478705,0.0,0.013457857,0.0,0.0,0.0,0.0,0.000116016,0.0,0.0,0.039561459,0.0,0.024943442,0.0,0.0,0.0,0.0,0.0,0.007309009,0.000464064,0.0,0.0,0.0,0.0,0.0,0.0,0.0,0.0,0.469864841,0.0,0.0,0.0,0.000754104,5.8e-05,0.0,0.0,0.0,0.0,0.0,0.0,0.0,5.8e-05,0.000174024,0.0,0.0,0.0,0.0,0.0,0.0,0.0,0.0,0.0,0.0,0.0,0.0,0.000232032,0.0,0.0,0.0,0.0,0.000638088,0.0,5.8e-05,0.0,0.0,5.8e-05,0.0,0.001102152,0.001682232,0.000174024,5.8e-05,0.0,0.0,0.0,0.0,0.0,0.0,0.000116016,5.8e-05,0.0,0.0,0.0,0.0,0.009687337,0.0,0.00029004,0.0,0.0,0.0,0.000174024,0.0,0.0,5.8e-05,0.0,0.0,0.0,5.8e-05,0.001334184,0.001392192,0.028481931,0.0,0.0,0.323510644,0.002552352,5.8e-05,0.0,0.0,0.0,0.0,0.005974825,0.0,0.000116016,0.0,0.0,0.000116016,0.0,0.0,0.000348048,0.0,0.0,0.012761761,0.001218168,0.0,0.0,0.0,0.000116016,0.0,0.000638088,0.000116016,0.0,0.0,0.000174024,0.0,5.8e-05,0.006902953,0.0,5.8e-05,0.0,0.0,0.0,0.0,0.0,0.0,0.0,0.0,0.0,0.0,0.0,0.0,0.0,0.0,0.00058008,5.8e-05,0.001102152,0.0,0.0,0.00116016,0.002262312,0.003944544,0.0,0.002552352,0.000406056,5.8e-05,0.0,0.0,0.0,0.0,0.0,0.0,0.0,0.001856256,0.0,0.0,0.010847497,0.0,0.0,0.0,5.8e-05,0.002552352,0.0,0.0,0.0,0.0,0.0,0.0,0.0,0.0,0.0,0.0,0.0,0.0,5.8e-05,0.000638088,0.0,0.0,0.0,0.0,5.8e-05,0.002146296,0.0,0.0,0.0,0.000464064,0.000116016,0.0,0.00522072,0.0,0.000116016,0.0,0.0,0.0,0.000406056,0.0,0.000116016,0.0,0.000116016,0.0,0.0,0.0,0.0,0.0,0.0,0.0,0.0,0.000116016,0.003016416,0.0,0.0,0.0,0.0,0.0,0.000754104,0.0,0.0,0.0,0.0,0.0,0.0,0.0,0.0,0.0,0.0,0.0,0.0,0.0,0.0,0.000116016,0.0,0.0,0.0,0.0,0.0,0.0,0.0,0.0,0.0,5.8e-05,0.0,0.0,0.0
SRR12478706,0.0,0.002338216,6.88e-05,0.0,0.000343855,0.0,0.0,0.0,0.0,0.0,0.0,0.0,0.0,0.0,0.0,0.0,0.0,0.000481397,0.0,0.0,6.88e-05,0.0,0.0,0.0,0.0,0.0,0.0,0.010934599,0.0,0.0,6.88e-05,0.0,0.0,6.88e-05,0.000137542,6.88e-05,0.0,0.0,0.0,0.0,0.0,0.0,0.0,0.000275084,0.0,0.0,0.0,0.0,0.0,6.88e-05,0.0,0.0,0.000206313,0.0,6.88e-05,6.88e-05,0.0,0.0,0.0,0.0,0.0,0.0,0.0,0.0,0.0,0.0,0.0,0.000481397,0.00061894,0.0,0.0,0.0,0.0,0.0,6.88e-05,0.0,0.0,6.88e-05,0.0,0.0,0.0,0.0,0.0,0.0,0.024482498,0.0,0.0,0.0,0.0,0.0,0.0,0.000206313,0.0,0.0,0.000137542,0.0,0.004195035,0.0,0.002682071,0.0,0.0,0.039199505,0.000275084,0.0,6.88e-05,0.0,6.88e-05,0.0,0.000550168,0.0,0.000137542,0.0,0.0,0.0,0.0,0.0,0.000894024,0.0,0.0,0.0,0.0,0.0,0.0,0.0,0.0,0.0,0.0,0.0,0.0,0.000137542,0.000206313,0.0,0.000275084,0.00061894,0.0,0.000343855,0.000687711,0.0,0.0,0.0,0.0,0.0,0.0,0.0,0.0,0.0,0.0,0.0,0.0,0.0,0.0,0.000137542,0.0,0.0,0.0,0.000137542,0.0,0.000825253,0.0,6.88e-05,0.0,0.0,6.88e-05,0.0,0.0,0.0,0.0,0.0,0.0,0.0,0.0,0.0,0.001237879,0.0,0.0,0.0,0.000206313,0.0,0.0,0.0,0.0,0.0,0.0,0.0,0.0,0.0,0.0,0.0,0.0,0.0,0.000137542,0.892923458,0.0,0.0,0.0,0.0,0.0,0.001031566,0.000137542,0.0,0.0,0.001031566,0.0,0.0,0.002338216,0.0,6.88e-05,0.0,0.0,0.0,6.88e-05,0.0,6.88e-05,6.88e-05,0.000275084,0.0,0.000137542,0.0,0.0,0.0,0.0,0.0,0.0,0.0,0.000894024,0.0,0.000481397,0.0,0.0,0.0,0.0,0.0,0.0,0.0,0.0,0.0,0.0,0.0,0.0,0.0,0.000137542,0.0,0.0,0.0,0.0,0.0,0.0,0.0,0.004332577,0.0,0.0,0.0,0.0,0.000481397,0.0,0.000550168,0.0,0.0,0.0
SRR12478707,0.000445888,0.002229441,0.0,0.000254793,0.000318492,0.0,0.000191095,0.0,6.37e-05,0.000254793,0.0,0.000509587,0.0,0.0,0.001656156,0.0,0.000191095,0.006624626,0.003567106,0.0,0.002611631,0.000191095,0.0,0.0,6.37e-05,0.0,6.37e-05,0.023377285,0.000318492,0.0,0.000636983,0.00267533,0.000573285,0.000127397,0.0,0.003694503,0.0,6.37e-05,0.0,0.000191095,0.00076438,0.000573285,6.37e-05,0.000127397,6.37e-05,0.002930123,6.37e-05,0.0,0.0,0.0,0.000127397,0.000191095,6.37e-05,0.011465698,0.000509587,0.0,0.0,0.0,0.0,0.00076438,0.0,0.000127397,6.37e-05,0.0,0.000636983,0.0,0.000636983,0.011465698,0.002611631,0.0,0.0,0.0,0.0,0.000191095,0.000254793,0.000318492,0.001847251,0.000191095,0.000127397,6.37e-05,0.000127397,0.0,0.007389006,0.0,0.034014905,0.000127397,0.0,6.37e-05,0.001019173,0.001082872,0.0,6.37e-05,0.000127397,0.000191095,0.000254793,0.011210905,0.004331486,0.008854067,0.031339576,6.37e-05,0.0,0.202815466,0.013249252,0.006051341,0.000573285,0.000445888,0.000254793,0.0,0.022931397,6.37e-05,0.0,0.000573285,0.00038219,0.0,0.0,0.000127397,0.000254793,0.0,0.0,0.008535576,0.000636983,0.000191095,0.0,0.0,0.000127397,0.0,0.000891777,6.37e-05,0.0,0.000828078,0.000318492,0.0,0.001210268,0.018663609,0.0,0.002993821,0.000445888,0.0,0.000191095,0.000509587,0.0,0.003184916,6.37e-05,0.0,0.000127397,0.000828078,0.0,0.0,0.000955475,0.0,0.0,0.000318492,0.00038219,0.00114657,0.0,0.004586279,0.001210268,0.001337665,6.37e-05,0.001592458,0.0,0.001656156,0.00038219,0.0,6.37e-05,0.000254793,6.37e-05,0.0,0.0,0.0,0.0,0.001082872,0.05853876,0.001974648,0.0,0.0,0.00038219,0.00038219,0.0,0.0,0.0,0.0,0.0,0.003630805,0.000127397,0.0,0.0,0.0,0.0,0.000127397,0.000254793,0.404293267,0.0,0.0,6.37e-05,0.0,0.000127397,0.00191095,0.0,0.0,0.000191095,0.002930123,0.0,0.000445888,0.016561564,0.0,0.000318492,0.000191095,0.0,0.0,0.002611631,0.0,0.001019173,0.0,0.000573285,0.0,0.00038219,0.0,0.0,0.000127397,0.0,0.000445888,6.37e-05,0.0,0.003503408,0.0,6.37e-05,0.000127397,0.000318492,0.0,0.0,0.0,0.000191095,6.37e-05,0.0,0.000700682,0.000191095,0.0,0.000127397,0.0,0.0,0.0,0.0,0.000318492,0.000445888,0.0,0.0,0.0,0.001719855,0.0,0.0,0.0,0.0,0.000318492,0.0,0.000318492,0.0,0.0,0.0
SRR12478708,0.000382007,0.01126922,9.55e-05,0.0,0.000573011,0.0,0.000191004,0.0,0.0,0.003533569,0.0,0.031515615,0.0,0.0,0.000573011,0.0,0.0,0.009454684,0.003151561,0.0,9.55e-05,0.000191004,0.0,0.0,0.000191004,0.0,0.000191004,0.548849203,0.015184796,0.0,0.0,0.004297584,0.003247063,0.0,0.0,0.000859517,0.0,0.0,0.0,0.0,9.55e-05,0.0,0.0,9.55e-05,0.0,0.0,9.55e-05,0.000191004,0.0,0.0,0.0,0.0,9.55e-05,0.000859517,0.000382007,0.0,0.0,0.000382007,0.0,0.000382007,0.0,0.0,0.0,0.0,0.000286506,0.0,9.55e-05,0.009645688,0.001241524,9.55e-05,0.0,0.0,9.55e-05,0.0,9.55e-05,0.0,0.000191004,0.0,0.000191004,0.0,0.0,0.0,0.003438067,0.0,0.0,0.0,0.0,0.0,0.000191004,0.0,0.0,0.000191004,9.55e-05,9.55e-05,9.55e-05,9.55e-05,0.003915576,0.0,0.065896285,0.0,0.0,0.084519148,0.001814535,0.000382007,0.000382007,0.0,0.0,0.0,0.008308662,0.0,0.0,0.000191004,0.0,0.0,9.55e-05,0.0,0.002101041,0.0,0.0,0.0,0.003629071,0.0,9.55e-05,0.0,0.000668513,0.0,0.000191004,0.0,0.0,0.000764015,0.000191004,0.0,0.000955019,0.055009073,0.0,0.003438067,0.0,0.0,0.0,0.0,0.0,0.0,0.0,0.0,0.0,9.55e-05,0.001146022,0.0,0.001814535,0.0,0.0,0.0,0.000573011,0.0,0.0,0.00105052,0.0,0.003629071,0.0,0.0,9.55e-05,9.55e-05,9.55e-05,0.0,0.0,0.0,0.0,0.0,0.0,0.002292045,0.0,0.0,0.024448477,0.0,0.0,0.0,0.000286506,0.001623532,0.0,0.0,0.0,0.0,9.55e-05,0.000191004,0.0,0.0,0.0,0.0,0.0,0.000477509,0.000191004,0.009359183,0.0,0.0,0.0,0.0,0.000191004,0.000191004,0.0,0.0,0.000191004,0.03743673,0.0,0.000191004,0.015566804,0.0,0.000286506,0.0,0.0,0.0,9.55e-05,0.0,9.55e-05,0.000477509,0.000286506,0.0,0.000286506,0.0,0.0,0.00305606,0.0,0.000191004,0.0,0.0,0.001337026,9.55e-05,0.00152803,0.0,0.0,0.0,0.000191004,0.0,9.55e-05,0.0,0.0,0.0,0.0,0.0,0.0,0.0,0.0,0.0,9.55e-05,0.0,9.55e-05,0.0,0.0,0.0,0.002292045,0.0,0.0,0.0,0.0,0.000191004,0.0,0.000286506,0.0,0.0,0.0
SRR12478709,0.000240269,0.021083614,0.0,0.0,0.000120135,0.0,6.01e-05,0.0,0.0,0.004805382,0.0,0.012914464,0.0,0.0,0.000600673,0.0,0.000120135,0.005706391,0.001021144,0.0,0.000300336,0.000120135,0.0,0.0,0.0,0.0,0.0,0.161280634,0.003784238,0.0,0.000180202,0.000420471,0.000901009,6.01e-05,0.0,0.000480538,0.0,0.0,0.0,6.01e-05,0.0,0.000120135,0.0,0.0,6.01e-05,0.0,6.01e-05,0.0,0.0,0.000120135,0.0,6.01e-05,0.0,0.003904373,0.000180202,0.0,0.0,6.01e-05,0.0,0.000120135,0.0,0.0,0.0,0.0,0.001021144,0.0,0.000240269,0.00949063,0.003063431,0.000180202,0.0,0.0,0.0,0.0,0.000240269,0.0,0.000420471,6.01e-05,0.0,0.0,0.000180202,0.0,0.001922153,0.0,6.01e-05,0.0,0.0,0.0,6.01e-05,0.000120135,0.0,0.000780875,0.0,0.0,6.01e-05,0.000180202,0.000780875,6.01e-05,0.053700144,0.0,0.0,0.1283037,0.001201346,0.000180202,0.000120135,6.01e-05,0.000120135,0.0,0.005225853,0.0,0.0,6.01e-05,0.000120135,0.0,6.01e-05,0.0,0.00132148,0.0,0.0,0.000480538,0.001141278,0.0,6.01e-05,0.0,0.0,0.0,0.000180202,6.01e-05,0.0,0.000180202,0.000240269,0.0,6.01e-05,0.006307064,0.0,0.001261413,0.001141278,0.0,0.0,6.01e-05,0.000120135,0.0,0.0,0.0,0.0,6.01e-05,0.0,0.0,0.000300336,0.0,6.01e-05,0.0,0.000780875,0.0,0.0,0.000240269,0.000180202,0.002703027,0.0,0.001021144,0.000180202,0.000600673,0.0,0.0,6.01e-05,0.0,0.0,0.0,0.0,0.001441615,0.0,0.0,0.009010091,0.000961076,0.0,0.0,0.000120135,0.004685247,0.0,0.0,0.0,0.0,0.0,0.000840942,0.000240269,0.0,0.0,0.0,0.0,0.000240269,0.0,0.40563431,0.0,0.0,0.0,0.0,0.0,0.022224892,0.0,0.0,0.0,0.064392119,0.0,0.029072561,0.002823162,0.0,0.0,0.0,0.0,0.0,0.002102355,0.0,0.000120135,0.0,6.01e-05,0.0,0.0,0.0,0.0,0.0,0.0,0.0,0.0,0.0,0.00132148,6.01e-05,0.000600673,0.0,0.0,0.0,0.000600673,0.0,0.0,0.000540605,0.0,0.001201346,6.01e-05,0.0,0.0,0.0,0.0,0.0,0.0,0.0,0.000480538,0.000120135,0.0,0.0,0.00198222,0.0,6.01e-05,0.0,0.0,6.01e-05,0.000180202,0.0,0.0,0.0,0.0
SRR12478710,0.001691332,0.000211416,0.000211416,0.0,0.001057082,0.0,0.0,0.0,0.0,0.000845666,0.0,0.000105708,0.0,0.000105708,0.0,0.0,0.0,0.000845666,0.002008457,0.0,0.002536998,0.0,0.0,0.0,0.000211416,0.0,0.000105708,0.000951374,0.0,0.0,0.000317125,0.001374207,0.004122622,0.000105708,0.0,0.00243129,0.0,0.0,0.0,0.0,0.0,0.000105708,0.0,0.000105708,0.0,0.0,0.0,0.0,0.0,0.0,0.000105708,0.0,0.000211416,0.000105708,0.0,0.000211416,0.0,0.000634249,0.0,0.000528541,0.0,0.0,0.0,0.0,0.000105708,0.0,0.000317125,0.024312896,0.000211416,0.000105708,0.0,0.0,0.000105708,0.0,0.000211416,0.0,0.001374207,0.000105708,0.0,0.0,0.000105708,0.0,0.0,0.000105708,0.000528541,0.0,0.0,0.0,0.0,0.0,0.0,0.000634249,0.000528541,0.0,0.000422833,0.0,0.02410148,0.000211416,0.236680761,0.0,0.0,0.348520085,0.002959831,0.000528541,0.0,0.000845666,0.0,0.0,0.005708245,0.0,0.0,0.000105708,0.000634249,0.0,0.000105708,0.0,0.000739958,0.0,0.0,0.000528541,0.0,0.0,0.000634249,0.0,0.0,0.0,0.000211416,0.000528541,0.0,0.000105708,0.001162791,0.0,0.002325581,0.032663848,0.0,0.005285412,0.000211416,0.0,0.000211416,0.0,0.0,0.001374207,0.0,0.0,0.0,0.0,0.0,0.0,0.000211416,0.0,0.0,0.002325581,0.000528541,0.0,0.0,0.001374207,0.0,0.031501057,0.000739958,0.0,0.0,0.000634249,0.0,0.0,0.000105708,0.0,0.0,0.0,0.0,0.0,0.000105708,0.000317125,0.026427061,0.0,0.0,0.0,0.001374207,0.0,0.0,0.0,0.0,0.0,0.0,0.001374207,0.0,0.0,0.0,0.0,0.0,0.0,0.000528541,0.002536998,0.0,0.0,0.0,0.000105708,0.000211416,0.000317125,0.000317125,0.0,0.000105708,0.134883721,0.0,0.000211416,0.009196617,0.0,0.001057082,0.000422833,0.0,0.0,0.001057082,0.0,0.000739958,0.000105708,0.001585624,0.0,0.001162791,0.0,0.0,0.001902748,0.0,0.000422833,0.000211416,0.0,0.051691332,0.0,0.0,0.000105708,0.0,0.000105708,0.0,0.0,0.000317125,0.0,0.0,0.0,0.0,0.0,0.0,0.0,0.0,0.0,0.0,0.000105708,0.0,0.000951374,0.0,0.000105708,0.000105708,0.0,0.0,0.0,0.0,0.001479915,0.000105708,0.002325581,0.0,0.0,0.0
SRR12478711,0.000994305,0.007683269,0.0,0.003163699,0.0,0.0,0.000271174,0.0,0.0,0.0,0.0,0.001627045,0.0,0.0,0.000723131,0.0,0.0,0.030281117,0.004971527,0.0,0.001446262,0.0,0.0,0.0,0.000271174,0.0,0.000542348,0.024586459,0.002169393,0.0,9.04e-05,0.002892525,0.001536654,0.0,0.0,0.001175088,0.0,0.0,0.0,9.04e-05,0.0,0.0,0.0,0.0,9.04e-05,0.0,9.04e-05,0.0,0.0,0.000180783,0.000723131,0.0,0.0,0.011479707,0.000271174,9.04e-05,0.0,0.0,0.0,0.001175088,0.0,0.000723131,9.04e-05,0.0,0.002892525,0.0,0.000361566,0.060471843,0.008496791,9.04e-05,0.0,0.0,9.04e-05,0.0,0.000271174,0.000180783,0.005423484,0.0,0.000271174,0.000180783,0.0,0.0,0.009400705,0.0,9.04e-05,9.04e-05,0.0,0.0,9.04e-05,0.01102775,0.0,0.000813523,0.0,0.0,0.0,0.000361566,0.000903914,0.008225617,0.116604899,0.000180783,0.0,0.22489379,0.000542348,0.000542348,9.04e-05,0.000813523,0.000361566,0.0,0.016993582,0.0,0.0,0.001446262,0.000271174,0.0,0.0,0.0,0.000723131,0.0,0.0,0.001446262,0.002982916,0.0,0.005604266,0.0,0.0,0.0,0.000271174,0.0,0.0,0.000180783,0.000542348,0.0,0.001988611,0.025038416,0.0,0.001898219,0.0,0.0,0.000542348,0.0,0.0,0.001446262,0.0,0.0,0.0,0.006327398,9.04e-05,0.0,0.003344482,0.0,0.0,0.000361566,0.001717437,0.0,0.0,0.007864051,0.00063274,0.019072584,0.0,0.000994305,0.0,0.00063274,0.000180783,0.0,0.0,9.04e-05,9.04e-05,0.0,0.0,0.002530959,0.000271174,0.000271174,0.092199223,0.00126548,0.0,0.0,9.04e-05,0.007502486,0.0,0.0,0.0,0.0,0.0,0.001355871,9.04e-05,0.0,0.0,0.0,0.0,9.04e-05,0.0,0.142004881,0.0,0.0,0.0,9.04e-05,9.04e-05,0.027117418,9.04e-05,0.000271174,0.000361566,0.010304619,9.04e-05,0.000271174,0.048269005,0.0,0.000451957,0.000813523,0.0,0.0,0.0,0.0,0.000180783,9.04e-05,0.0,0.0,0.0,0.0,0.0,0.0,9.04e-05,9.04e-05,0.0,0.0,0.001717437,0.0,0.000180783,0.0,0.0,9.04e-05,0.0,0.0,0.000542348,0.0,0.0,0.0,0.0,0.0,0.0,0.0,9.04e-05,0.0,0.000271174,9.04e-05,0.0,9.04e-05,0.0,0.0,9.04e-05,0.0,0.0,0.0,0.0,0.000994305,9.04e-05,0.0,0.0,0.0,0.0
SRR12478712,0.00033184,0.023809524,0.00016592,0.0008296,0.00016592,0.0,8.3e-05,0.0,0.0,8.3e-05,0.00016592,0.00024888,0.0,0.0,0.00033184,0.0,0.0,0.010452962,0.00141032,0.0,0.00066368,0.0,0.0,0.0,0.0,0.0,0.00074664,0.033266965,0.0,0.0,0.0,0.0,0.00074664,8.3e-05,0.0,0.00091256,0.0,0.0,0.0,0.00016592,0.00024888,0.0,0.0,8.3e-05,8.3e-05,0.0,0.0,0.0,0.0,0.0,0.00016592,0.0,0.0,0.00033184,8.3e-05,0.0,0.0,8.3e-05,0.0,0.00074664,0.0,0.0,0.0,0.0,8.3e-05,0.0,0.0,0.010452962,8.3e-05,0.0,0.0,0.0,0.0,0.0,0.00016592,0.00141032,0.005807201,0.00016592,8.3e-05,0.0,8.3e-05,8.3e-05,0.009955202,0.0,8.3e-05,0.0,0.0,8.3e-05,8.3e-05,0.0,0.0,0.00016592,0.0,0.0,8.3e-05,0.00033184,0.0004148,0.012526962,0.042641447,8.3e-05,0.0,0.181267629,0.003816161,0.00282064,8.3e-05,0.00024888,0.00074664,0.0,0.007549361,0.0,0.0,0.0004148,0.00016592,0.0,0.0,0.0,0.003152481,0.0,0.0,0.0,0.00223992,0.0,0.0029036,0.0,0.0,0.0,0.00016592,0.0,0.0,8.3e-05,0.00016592,0.0,0.00016592,0.021486643,0.0,0.00049776,0.00058072,0.0,0.0,0.0,0.0,0.00024888,0.0,0.0,0.0,8.3e-05,0.0004148,0.0,0.00091256,0.0,0.0,0.00024888,0.00066368,0.0,0.0,0.00058072,0.0,0.0012444,0.0,0.00058072,0.0,0.00099552,0.0,0.0,0.0,0.0,0.0,0.0,0.0,0.00091256,0.00074664,0.0,0.022316244,0.00049776,0.0,0.0,8.3e-05,0.0024888,0.0,0.0,0.0,0.0,0.0,0.00033184,0.0,0.0,0.0,0.0,0.0,0.0,0.0,0.446573751,8.3e-05,8.3e-05,0.0,0.0,0.0,0.008047121,0.0,0.0,0.00033184,0.014683922,0.0,0.045710967,0.047536088,0.0,0.0,8.3e-05,0.0,0.0,0.00298656,0.0,8.3e-05,0.0,0.0,0.0,8.3e-05,0.0,0.0,0.0,0.00049776,0.00024888,0.0,0.0,0.00107848,0.0,0.0008296,0.0,0.0,0.0,0.00016592,0.0,8.3e-05,0.0,0.0,0.0012444,0.0,0.0,0.0,0.0,8.3e-05,0.0,8.3e-05,0.00016592,0.00049776,0.00024888,0.0,0.0,0.00116144,0.0,0.0,0.0,0.0,0.0004148,0.00232288,0.0,0.0,0.0,0.0
SRR12478713,0.000357675,0.000596125,0.000178838,0.0,0.000178838,5.96e-05,0.000119225,0.0,5.96e-05,0.001967213,0.0,0.0395231,5.96e-05,0.0,5.96e-05,0.0,0.0,0.003159463,0.000774963,0.0,0.000417288,0.0,0.0,0.0,5.96e-05,0.0,0.00023845,0.261758569,0.000119225,5.96e-05,0.000119225,0.059791356,0.0004769,5.96e-05,0.0,0.000596125,0.0,0.0,0.0,0.0,0.0,0.000298063,5.96e-05,0.0,5.96e-05,0.0,0.0,0.000536513,5.96e-05,5.96e-05,0.0,0.0,0.0,0.001311475,0.000536513,0.0,0.0,5.96e-05,0.0,0.000357675,0.0,0.000178838,0.0,0.0,0.000298063,0.0,0.000178838,0.011922504,0.002622951,0.000178838,0.0,0.0,0.0,0.0,0.000298063,0.0004769,0.005961252,5.96e-05,0.000119225,5.96e-05,5.96e-05,0.000119225,0.001073025,0.0,0.013651267,0.0,0.0,0.0,0.000119225,0.0,0.0,0.00023845,0.0,0.0,5.96e-05,0.0,0.0004769,0.00023845,0.032965723,0.0,0.0,0.328226528,5.96e-05,5.96e-05,5.96e-05,5.96e-05,5.96e-05,0.0,0.002622951,0.0,5.96e-05,0.000178838,0.000119225,0.0,0.000178838,0.0,0.009836066,0.0,0.0,0.001728763,0.001967213,0.0,0.00709389,0.0,5.96e-05,0.0,0.00023845,0.0,0.0,0.000417288,0.00071535,0.0,0.003040238,0.011207154,0.0,0.012578241,0.0,0.0,0.000298063,0.0,0.0,0.0,0.0,0.0,0.0,0.0,5.96e-05,0.0,5.96e-05,0.0,0.0,0.053472429,0.0009538,0.0,0.0,0.0004769,0.0004769,0.006974665,0.0,0.002622951,5.96e-05,0.000298063,0.000119225,0.0,0.0,0.0,5.96e-05,5.96e-05,0.0,0.001311475,5.96e-05,0.001728763,0.00900149,5.96e-05,0.0,0.0,0.0,0.00852459,0.0,0.0,0.0,0.0,0.0,0.0,0.0,0.0,0.0,0.0,5.96e-05,0.000834575,0.0,0.004172876,0.0,5.96e-05,0.0,0.0,0.000119225,0.000119225,5.96e-05,0.0,5.96e-05,0.032131148,0.0,5.96e-05,0.021460507,0.0,0.00023845,0.0,0.0,0.0,0.000178838,0.0,0.000178838,0.001669151,0.0,5.96e-05,0.0,0.0,0.0,0.00023845,0.0,5.96e-05,0.0,5.96e-05,0.003159463,0.0,0.006676602,0.0,0.0,0.0,0.001371088,0.0,0.000119225,0.0,0.0,5.96e-05,5.96e-05,0.0,0.0,0.0,0.0,0.0,5.96e-05,5.96e-05,0.0,0.0009538,0.0,0.0,0.008405365,0.0,0.0,0.0,0.0,0.0009538,0.0,0.0,0.0,0.0,0.0
SRR12478714,0.0,0.0,0.0,0.0,0.0,0.0,0.0,0.0,0.0,0.0,0.0,0.0,0.0,0.0,0.0,0.0,0.0,0.0,0.0,0.0,0.0,0.0,0.0,0.0,0.0,0.0,0.0,0.0,0.0,0.0,0.0,0.0,0.0,0.0,0.0,0.0,0.0,0.0,0.0,0.0,0.0,0.0,0.0,0.0,0.0,0.0,0.0,0.0,0.0,0.0,0.0,0.0,0.0,0.0,0.0,0.0,0.0,0.0,0.0,0.0,0.0,0.0,0.0,0.0,0.0,0.0,0.0,0.0,0.0,0.0,0.0,0.0,0.0,0.0,0.0,0.0,0.0,0.0,0.0,0.0,0.0,0.0,0.0,0.0,0.0,0.0,0.0,0.0,0.0,0.0,0.0,0.0,0.0,0.0,0.0,0.0,0.0,0.0,0.0,0.0,0.0,0.0,0.0,0.0,0.0,0.0,0.0,0.0,0.0,0.0,0.0,0.0,0.0,0.0,0.0,0.0,0.0,0.0,0.0,0.0,0.0,0.0,0.0,0.0,0.0,0.0,0.0,0.0,0.0,0.0,0.0,0.0,0.0,0.0,0.0,0.0,0.0,0.0,0.0,0.0,0.0,0.0,0.0,0.0,0.0,0.0,0.0,0.0,0.0,0.0,0.0,0.0,0.0,0.0,0.0,0.0,0.0,0.0,0.0,0.0,0.0,0.0,0.0,0.0,0.0,0.0,0.0,0.0,0.0,0.0,0.0,0.0,0.0,0.0,0.0,0.0,0.0,0.0,0.0,0.0,0.0,0.0,0.0,0.0,0.0,0.0,0.0,0.0,0.0,0.0,0.0,0.0,0.0,0.0,0.0,0.0,0.0,0.0,0.0,0.0,0.0,0.0,0.0,0.0,0.0,0.0,0.1,0.0,0.0,0.0,0.0,0.0,0.0,0.0,0.0,0.0,0.0,0.0,0.0,0.5,0.0,0.0,0.0,0.0,0.0,0.0,0.1,0.0,0.0,0.0,0.0,0.0,0.0,0.0,0.0,0.0,0.0,0.0,0.0,0.0,0.0,0.0,0.0,0.0,0.0,0.0,0.0,0.0,0.0,0.0,0.0,0.0,0.0,0.0,0.0,0.0,0.0,0.0,0.0
SRR12478715,0.000176546,0.023215783,0.000176546,0.0,0.000132409,0.0,0.0,0.0,4.41e-05,0.000397228,0.0,0.002736461,4.41e-05,0.0,0.000220682,0.0,0.0,0.012314075,0.001147548,0.0,0.000441365,0.0,0.0,0.0,4.41e-05,0.0,0.0,0.024407468,0.000353092,0.0,0.000132409,8.83e-05,0.003530918,0.0,0.0,0.001191685,0.0,0.0,0.0,8.83e-05,4.41e-05,0.000220682,4.41e-05,0.0,0.0,0.001015139,0.0,0.0,0.0,4.41e-05,0.0,0.0,0.0,0.002427506,0.0,0.0,0.0,0.000132409,0.0,4.41e-05,0.0,0.0,0.0,0.0,4.41e-05,0.0,0.000308955,0.004104692,0.001103412,8.83e-05,0.0,0.0,0.0,4.41e-05,4.41e-05,0.003221962,0.002692325,8.83e-05,4.41e-05,4.41e-05,4.41e-05,0.0,0.00150064,0.0,0.006355652,0.0,0.0,0.0,0.0,4.41e-05,0.0,4.41e-05,0.0,0.0,0.0,0.000132409,0.000706184,0.001809595,0.036765679,0.0,0.0,0.169793,0.004899148,0.000529638,0.0,8.83e-05,0.000220682,0.0,0.00662047,0.0,0.001677186,4.41e-05,0.0,0.0,4.41e-05,0.0,0.000573774,0.0,0.0,0.000662047,0.001235821,0.0,8.83e-05,0.0,0.0,0.0,0.000573774,0.0,0.0,0.000308955,0.000132409,0.0,0.000838593,0.009842433,0.0,0.000662047,0.0,0.0,0.0,8.83e-05,0.0,0.000441365,0.0,0.0,0.0,0.0,0.0,0.0,0.000132409,0.0,4.41e-05,8.83e-05,0.000353092,4.41e-05,0.0,0.001103412,0.000397228,0.001721322,0.0,8.83e-05,0.0,0.000706184,0.0,0.0,0.0,0.0,0.0,0.0,0.0,4.41e-05,0.0,8.83e-05,0.013991261,0.000176546,0.0,0.0,0.000176546,0.000926866,0.0,0.0,0.0,0.0,0.0,0.000397228,0.0,0.0,0.0,0.0,4.41e-05,0.0,0.0,0.609833606,0.0,4.41e-05,0.0,0.0,0.000132409,0.003619191,0.0,0.000132409,0.0,0.004766739,0.0,4.41e-05,0.017080814,0.0,0.000176546,0.0,0.0,0.0,0.003089553,0.0,4.41e-05,0.0,4.41e-05,0.0,0.000132409,0.0,0.0,0.000132409,0.0,0.000353092,0.0,0.0,0.002824734,0.0,0.000662047,4.41e-05,0.0,0.0,0.000132409,0.0,8.83e-05,0.0,0.0,0.0,4.41e-05,0.0,0.0,0.0,0.0,0.0,4.41e-05,0.000132409,4.41e-05,0.000132409,0.0,0.0,0.000662047,0.0,0.0,0.0,0.0,0.000132409,0.000529638,0.000176546,0.0,0.0,0.0
SRR12478716,0.000298574,7.46e-05,0.0,0.0,7.46e-05,0.0,7.46e-05,0.0,0.0,0.00418004,0.0,0.021571994,0.0,0.0,0.0,0.0,0.0,0.00395611,0.00709114,0.0,7.46e-05,0.0,0.0,0.0,0.0,0.0,7.46e-05,0.058147346,0.0,0.0,0.0,0.002388594,0.000223931,0.0,0.0,0.000149287,0.0,0.0,0.0,7.46e-05,0.0,0.000373218,7.46e-05,0.0,0.0,0.0,0.0,0.0,0.0,0.0,0.0,0.0,0.0,7.46e-05,0.000149287,0.0,0.0,0.0,0.0,0.000522505,0.0,0.0,0.0,0.0,0.000149287,0.0,0.000298574,0.007240427,0.000671792,0.000895723,0.0,0.0,0.0,0.0,0.0,0.0,0.0,0.0,0.0,0.0,0.0,0.0,0.001194297,0.0,0.016048369,0.0,0.0,0.0,0.0,0.0,0.0,7.46e-05,0.0,0.0,0.0,0.0,7.46e-05,0.000149287,0.014256923,0.0,0.0,0.22475181,0.0,0.000373218,0.0,7.46e-05,0.0,0.0,0.00395611,0.0,0.0,0.0,0.0,0.0,0.0,0.0,0.000522505,0.0,0.0,0.000447861,0.000298574,0.0,0.0,0.0,0.0,0.0,7.46e-05,0.0,0.0,0.0,0.0,0.0,0.001194297,0.007912219,0.0,0.002537882,0.0,0.0,7.46e-05,0.0,0.0,0.0,0.0,0.0,0.0,0.0,0.0,0.0,0.000970366,0.0,0.0,0.001492872,0.000447861,0.0,0.0,0.000671792,0.000298574,0.000821079,0.0,0.0,0.0,0.000149287,0.0,0.0,0.0,0.0,0.0,0.0,0.0,0.001268941,0.0,0.000223931,0.00627006,0.000223931,0.0,0.0,0.0,0.000895723,0.0,0.0,0.0,0.0,0.0,0.0,0.0,0.0,0.0,0.0,0.0,0.0,0.0,0.57408375,0.0,0.0,0.0,0.0,7.46e-05,7.46e-05,0.0,7.46e-05,7.46e-05,0.00627006,0.0,0.0,0.015525864,0.0,7.46e-05,0.0,0.0,0.0,0.0,0.0,0.0,0.0,0.0,0.0,0.0,0.0,0.0,0.00104501,0.0,0.000373218,7.46e-05,0.0,0.000746436,0.0,0.00104501,0.0,0.0,0.0,0.0,0.0,0.0,0.0,0.0,0.0,0.0,0.000223931,0.0,0.0,0.0,0.0,0.0,0.0,0.0,0.0,0.0,0.0,0.000746436,0.0,0.0,0.0,0.0,7.46e-05,0.0,0.0,0.0,0.0,0.0
SRR12478717,0.0,0.0,0.0,0.0,0.0,0.0,0.0,0.0,0.0,0.0,0.0,0.0,0.0,0.0,0.0,0.0,0.0,0.0,0.0,0.0,0.0,0.0,0.0,0.0,0.0,0.0,0.0,0.0,0.0,0.0,0.0,0.0,0.0,0.0,0.0,0.0,0.0,0.0,0.0,0.0,0.0,0.0,0.0,0.0,0.0,0.0,0.0,0.0,0.0,0.0,0.0,0.0,0.0,0.0,0.0,0.0,0.0,0.0,0.0,0.0,0.0,0.0,0.0,0.0,0.0,0.0,0.0,0.0,0.0,0.0,0.0,0.0,0.0,0.0,0.0,0.0,0.0,0.0,0.0,0.0,0.0,0.0,0.0,0.0,0.25,0.0,0.0,0.0,0.0,0.0,0.0,0.0,0.0,0.0,0.0,0.0,0.0,0.0,0.0,0.0,0.0,0.0,0.0,0.0,0.0,0.0,0.0,0.0,0.0,0.0,0.0,0.0,0.0,0.0,0.0,0.0,0.0,0.0,0.0,0.0,0.0,0.0,0.0,0.0,0.0,0.0,0.0,0.0,0.0,0.0,0.0,0.0,0.0,0.0,0.0,0.0,0.0,0.0,0.0,0.0,0.0,0.0,0.0,0.0,0.0,0.0,0.0,0.0,0.0,0.0,0.0,0.0,0.0,0.0,0.0,0.0,0.0,0.0,0.0,0.0,0.0,0.0,0.0,0.0,0.0,0.0,0.0,0.0,0.0,0.0,0.0,0.0,0.0,0.0,0.0,0.0,0.0,0.0,0.0,0.0,0.0,0.0,0.0,0.0,0.0,0.0,0.0,0.0,0.0,0.0,0.0,0.25,0.0,0.0,0.0,0.0,0.0,0.0,0.0,0.0,0.0,0.0,0.0,0.0,0.0,0.0,0.0,0.0,0.0,0.0,0.0,0.0,0.0,0.0,0.0,0.0,0.0,0.0,0.0,0.0,0.0,0.0,0.0,0.0,0.0,0.0,0.0,0.0,0.0,0.0,0.0,0.0,0.0,0.0,0.0,0.0,0.0,0.25,0.0,0.0,0.0,0.0,0.0,0.0,0.0,0.0,0.0,0.0,0.0,0.0,0.0,0.0,0.0,0.0,0.0,0.0,0.0,0.0,0.0
SRR12478718,0.000230023,9.2e-05,9.2e-05,0.0,0.000138014,0.0,0.0,0.0,9.2e-05,0.010857064,0.0,0.002254221,0.0,0.0,4.6e-05,0.0,0.0,4.6e-05,4.6e-05,0.0,9.2e-05,0.0,0.0,0.0,0.0,0.0,4.6e-05,0.703730966,0.0,0.0,0.0,0.006256613,0.000368036,0.0,9.2e-05,0.000276027,0.0,0.0,0.0,0.0,4.6e-05,4.6e-05,0.0,0.0,0.0,0.0,0.0,4.6e-05,0.0,0.000138014,0.0,0.0,0.0,0.0,0.000598059,0.0,0.0,4.6e-05,0.0,0.000230023,0.0,4.6e-05,4.6e-05,0.0,0.0,0.0,0.001518149,0.001288126,0.0,0.00050605,0.0,0.0,4.6e-05,0.0,9.2e-05,0.0,0.0,0.0,4.6e-05,0.0,4.6e-05,4.6e-05,0.0,0.0,0.001702167,0.0,0.0,0.0,0.000230023,0.0,0.0,0.000138014,4.6e-05,4.6e-05,0.0,0.0,0.000276027,0.0,0.005704559,0.0,0.0,0.176887335,0.0,0.0,4.6e-05,0.0,0.0,0.0,0.004738464,4.6e-05,0.0,4.6e-05,0.0,0.0,0.0,0.0,0.001518149,0.0,0.0,0.0,0.000782077,4.6e-05,0.0,0.0,0.000368036,0.0,4.6e-05,0.0,0.0,0.000598059,0.0,0.0,0.00092009,0.025486498,0.0,0.000874086,0.0,0.0,4.6e-05,0.0,0.0,0.0,0.0,0.0,0.0,0.0,0.0,0.0,9.2e-05,0.0,0.0,0.0,0.0,0.0,0.0,0.0,0.0,0.001748171,0.0,0.0,0.0,0.000184018,0.000184018,0.0,4.6e-05,0.0,0.0,0.0,0.0,0.001334131,0.0,0.0,0.002484243,0.0,0.0,0.0,9.2e-05,0.004140406,0.0,0.0,0.0,0.0,0.0,0.0,0.0,0.0,0.0,0.0,0.0,0.0,4.6e-05,0.003082302,0.0,0.0,0.0,0.0,4.6e-05,4.6e-05,9.2e-05,0.0,0.000138014,0.00142614,0.0,4.6e-05,0.00184018,0.0,0.0,4.6e-05,0.0,0.0,0.0,0.0,0.0,0.001196117,0.0,0.0,0.0,0.0,0.0,0.0,0.0,0.0,0.0,0.0,0.00285228,0.0,0.018171781,0.0,0.0,0.0,0.0,0.0,0.0,0.0,0.0,0.0,4.6e-05,0.0,0.0,0.0,9.2e-05,0.0,0.0,0.0,0.0,0.0,0.0,0.0,0.003312325,0.0,0.0,0.0,0.0,0.0,0.0,0.0,0.0,0.0,0.0
SRR12478719,0.000670103,0.00628866,0.0,0.0,5.15e-05,0.0,0.0,0.0,0.0,0.0,0.0,0.001082474,0.0,5.15e-05,0.000103093,0.0,0.0,0.000618557,0.000876289,0.0,0.000876289,5.15e-05,0.0,0.0,5.15e-05,0.0,0.000103093,0.021082474,5.15e-05,0.0,5.15e-05,0.0,0.000463918,5.15e-05,0.0,0.000103093,0.0,5.15e-05,0.0,5.15e-05,0.0,5.15e-05,5.15e-05,0.0,0.0,0.0,0.0,0.0,0.0,5.15e-05,0.000463918,0.0,0.0,0.000824742,0.0,0.0,0.0,0.0,0.0,0.000257732,0.0,0.0,0.0,0.0,5.15e-05,0.0,0.001082474,0.006134021,0.000206186,0.0,0.0,0.0,0.0,0.000103093,0.000103093,0.0,0.001907216,5.15e-05,0.0,5.15e-05,0.0,0.000103093,0.001185567,0.0,0.007989691,0.0,0.0,0.000515464,0.000360825,0.0,0.0,5.15e-05,0.0,0.0,5.15e-05,5.15e-05,0.000309278,0.00871134,0.030463918,0.0,0.0,0.082319588,0.000515464,0.00056701,0.0,0.0,0.000618557,0.0,0.004072165,0.000154639,5.15e-05,0.000154639,5.15e-05,0.0,0.0,0.0,0.001701031,0.0,0.0,0.0,0.000515464,0.0,0.000618557,0.0,0.0,0.0,0.000154639,0.0,0.0,0.000206186,0.000412371,0.0,0.000463918,0.006237113,0.0,0.001030928,0.0,0.0,0.000206186,0.0,0.0,0.0,0.0,0.0,0.0,0.0,0.000103093,0.0,0.000412371,0.0,0.0,5.15e-05,0.0,0.0,0.0,0.000721649,0.000360825,0.006804124,0.0,0.000103093,0.000154639,0.000154639,5.15e-05,0.0,0.0,0.0,0.0,0.0,0.0,0.000618557,0.0,0.000103093,0.008092784,5.15e-05,0.0,0.0,0.0,0.000876289,0.0,0.0,0.0,0.0,0.0,0.000412371,0.0,0.0,0.0,0.0,5.15e-05,0.0,0.0,0.755979381,5.15e-05,0.0,0.0,0.0,0.0,0.001804124,0.0,0.0,0.000103093,0.007886598,0.0,0.008350515,0.003814433,0.0,5.15e-05,0.0,0.0,0.0,0.000103093,0.0,5.15e-05,5.15e-05,5.15e-05,0.0,5.15e-05,0.0,0.0,0.0,0.000154639,0.000773196,0.000103093,0.0,0.000721649,0.0,0.000257732,5.15e-05,5.15e-05,0.0,0.0,0.0,5.15e-05,0.0,0.0,0.000463918,0.0,0.0,0.0,0.0,0.0,0.0,5.15e-05,0.0,0.000257732,0.001752577,5.15e-05,0.0,0.000927835,0.0,0.0,0.0,0.0,0.0,0.001701031,0.000103093,0.0,0.0,0.0
SRR12478720,0.001395762,0.011292983,0.000126887,0.001649537,0.0010151,0.0,0.000634437,0.0,0.000126887,0.000380662,0.0,0.001522649,0.000126887,0.0,0.001268875,0.0,0.0,0.022712854,0.002157087,0.0,0.001141987,0.0,0.0,0.000380662,0.000126887,0.0,0.0,0.05227763,0.000126887,0.0,0.002791524,0.0,0.001522649,0.000126887,0.0,0.001903312,0.0,0.002918411,0.0,0.000126887,0.0,0.000253775,0.0,0.000380662,0.002664636,0.0,0.0,0.0,0.0,0.000126887,0.000253775,0.000634437,0.000380662,0.001776424,0.000380662,0.000126887,0.0,0.0,0.0,0.000126887,0.0,0.0,0.0,0.0,0.00050755,0.0,0.000634437,0.014084507,0.00050755,0.0,0.0,0.0,0.0,0.0,0.0,0.009770334,0.010150996,0.000126887,0.0,0.0,0.000126887,0.0,0.001522649,0.0,0.013703845,0.000126887,0.0,0.0,0.0,0.0,0.0,0.007359472,0.0,0.000253775,0.000634437,0.001649537,0.014465169,0.01941378,0.068011674,0.0,0.0,0.082984393,0.002283974,0.002283974,0.0,0.00050755,0.000126887,0.0,0.005709935,0.000126887,0.000253775,0.000126887,0.000126887,0.000126887,0.0,0.0,0.002537749,0.0,0.0,0.00050755,0.000126887,0.0,0.001903312,0.0,0.0,0.0,0.000126887,0.0,0.0,0.000253775,0.003933511,0.0,0.0010151,0.023474178,0.0,0.003172186,0.0,0.0,0.000126887,0.0,0.0,0.000253775,0.0,0.0,0.0,0.0,0.0,0.0,0.015734044,0.0,0.0,0.0,0.000126887,0.000126887,0.0,0.005836823,0.00050755,0.003299074,0.000380662,0.003172186,0.0,0.000253775,0.000253775,0.0,0.0,0.0,0.0,0.0,0.0,0.00050755,0.0,0.000253775,0.01941378,0.000380662,0.0,0.0,0.001141987,0.000761325,0.0,0.0,0.000888212,0.0,0.0,0.002537749,0.0,0.0,0.0,0.0,0.0,0.000380662,0.000126887,0.439791905,0.0,0.000126887,0.000253775,0.000126887,0.000126887,0.006851922,0.0,0.0,0.001141987,0.05722624,0.0,0.000253775,0.005329273,0.0,0.002918411,0.0,0.0,0.0,0.000126887,0.0,0.000761325,0.000380662,0.000888212,0.0,0.001649537,0.0,0.0,0.000126887,0.000126887,0.0010151,0.000126887,0.000126887,0.000761325,0.0,0.00050755,0.0,0.0,0.0,0.004441061,0.0,0.000126887,0.0,0.0,0.000380662,0.0,0.0,0.000126887,0.0,0.000253775,0.0,0.0,0.0,0.0,0.000126887,0.0,0.000126887,0.000634437,0.0,0.000126887,0.0,0.0,0.000380662,0.0,0.002664636,0.0,0.0,0.0
SRR12478721,4.97e-05,0.007951101,0.0,9.94e-05,9.94e-05,0.0,4.97e-05,0.0,0.0,0.000248472,0.0,0.001739303,0.0,0.0,0.0,0.0,0.0,0.009591015,0.000646027,0.0,9.94e-05,0.0,0.0,0.0,0.0,0.0,4.97e-05,0.072106545,4.97e-05,0.0,0.0,0.000149083,0.001142971,4.97e-05,0.0,9.94e-05,0.0,0.0,0.0,0.0,0.0,0.0,0.0,0.0,0.0,4.97e-05,0.0,0.0,0.0,0.0,0.0,0.0,4.97e-05,4.97e-05,0.000149083,0.0,0.0,0.0,0.0,0.0,0.0,0.0,0.0,0.0,0.0,0.0,0.000347861,0.004720966,9.94e-05,0.0,0.0,0.0,0.0,0.0,0.0,0.000149083,0.000646027,0.0,0.0,4.97e-05,0.0,0.0,4.97e-05,0.0,0.000149083,0.0,0.0,4.97e-05,0.0,0.0,0.0,0.0,0.0,0.0,0.0,0.000149083,4.97e-05,0.0,0.022312776,9.94e-05,0.0,0.062664613,0.000646027,0.000695721,4.97e-05,9.94e-05,0.0,0.0,0.000993888,0.0,9.94e-05,0.0,0.0,0.0,0.0,0.0,0.005565771,0.0,0.0,0.0,4.97e-05,0.0,0.0,0.0,0.0,0.0,0.000447249,0.0,0.0,4.97e-05,0.0,0.0,0.000248472,0.011032152,0.0,0.000496944,0.0,0.0,0.0,0.0,0.0,0.0,0.0,0.0,0.0,0.0,0.0,0.0,0.0,0.0,0.0,0.000447249,0.0,0.0,0.0,9.94e-05,0.0,0.003478607,0.0,0.0,0.0,0.0,0.0,0.0,0.0,0.0,4.97e-05,0.0,0.0,0.000646027,0.0,0.0,0.002335636,0.0,0.0,0.0,0.0,0.001888386,0.0,0.0,0.0,0.0,0.0,0.0,0.0,0.0,0.0,0.0,0.0,0.0,0.0,0.752422601,0.0,0.0,0.0,0.0,0.0,0.004870049,0.0,0.0,4.97e-05,0.019082642,0.0,0.000447249,0.00079511,0.0,4.97e-05,0.0,0.0,0.0,4.97e-05,0.0,0.0,0.0,0.0,0.0,0.0,0.0,0.0,0.0,0.0,0.000298166,0.0,0.0,0.000745416,0.0,0.000844804,0.0,0.0,0.0,0.0,0.0,0.0,0.0,0.0,9.94e-05,0.0,0.0,0.0,0.0,0.0,0.0,4.97e-05,9.94e-05,0.0,0.001292054,0.0,0.0,0.002683496,0.0,0.0,0.0,0.0,0.000149083,0.0,0.0,0.0,0.0,0.0
SRR12478722,9.55e-05,0.000191046,9.55e-05,6.37e-05,0.000700503,0.0,0.0,0.0,0.000254728,0.000222887,0.0,0.001560211,6.37e-05,0.0,3.18e-05,0.0,0.0,0.000159205,0.000191046,0.0,0.0,3.18e-05,0.0,0.000159205,3.18e-05,0.0,0.000222887,0.62835127,0.0,0.0,0.000159205,6.37e-05,0.002865694,3.18e-05,0.0,0.000191046,3.18e-05,0.0,0.0,0.0,9.55e-05,3.18e-05,0.0,0.000127364,0.000827867,0.0,0.0,0.0,0.0,3.18e-05,0.0,0.0,0.000222887,0.000286569,0.000222887,6.37e-05,0.0,0.0,0.0,0.000191046,0.0,6.37e-05,0.0,0.0,0.0,0.0,0.008342355,0.043271986,0.0,0.0,0.0,0.0,0.0,0.0,3.18e-05,3.18e-05,0.0,9.55e-05,3.18e-05,3.18e-05,3.18e-05,0.0,0.0,0.0,0.000127364,3.18e-05,0.0,0.0,3.18e-05,0.0,0.0,0.00362988,0.0,6.37e-05,0.000859708,3.18e-05,0.007323441,9.55e-05,0.000987073,0.0,0.0,0.004521429,9.55e-05,3.18e-05,0.0,0.000159205,0.0,0.0,0.005126409,0.0,0.000127364,3.18e-05,3.18e-05,6.37e-05,3.18e-05,0.0,0.010666752,0.0,3.18e-05,3.18e-05,3.18e-05,0.0,0.0,0.0,0.000159205,0.0,9.55e-05,0.0,0.0,3.18e-05,0.001337324,0.0,9.55e-05,0.000509457,0.0,0.000477616,0.000764185,0.0,9.55e-05,0.0,0.0,3.18e-05,0.0,0.0,0.0,0.0,0.0,0.0,3.18e-05,0.0,0.0,3.18e-05,3.18e-05,0.0,0.0,9.55e-05,0.0,0.000254728,0.000350252,0.000732344,0.000541298,6.37e-05,0.0,0.0,0.0,0.0,0.0,0.0,0.0,0.0,3.18e-05,0.0,0.000509457,0.0,0.0,0.0,0.000796026,0.032700758,0.000222887,0.0,0.0,0.0,0.0,6.37e-05,0.0,0.0,0.0,0.0,3.18e-05,6.37e-05,0.000382093,0.005954276,0.0,0.0,0.000732344,0.0,0.0,0.016748392,0.000127364,0.0,0.0,0.000127364,0.0,0.0,0.00031841,0.0,0.001592052,0.0,0.0,0.0,0.0,0.0,0.000191046,0.000350252,0.000859708,0.0,0.000573139,0.0,0.0,0.0,0.0,6.37e-05,0.0,0.0,0.037349551,0.0,0.0,0.0,0.0,0.0,0.000445775,0.0,0.0,0.0,0.0,0.0,0.0,0.0,6.37e-05,0.0,0.0,0.0,0.0,0.0,0.0,3.18e-05,0.0,3.18e-05,0.162803286,0.0,9.55e-05,0.0,0.0,0.000127364,0.0,0.001241801,0.0,0.0,0.0
SRR12478723,0.000611621,0.013368283,0.0,0.0,0.0,0.0,0.0,0.0,0.0,0.007688947,0.0,0.022804718,0.0,0.0,0.0,0.0,0.0,0.005417213,0.002009611,0.0,0.000174749,0.0,0.0,0.0,0.0,0.0,0.0,0.152031455,0.007252075,0.0,0.0,8.74e-05,0.000349498,8.74e-05,0.0,0.000262123,0.0,8.74e-05,0.0,0.0,0.0,0.0,0.0,0.0,0.0,0.0,0.0,0.0,0.0,0.0,0.0,0.0,0.0,0.000349498,0.0,0.0,0.0,0.00078637,0.0,0.000262123,0.0,0.0,0.0,0.0,0.0,0.0,0.0,0.003669725,8.74e-05,0.002621232,0.0,0.0,0.0,0.0,8.74e-05,0.000873744,0.004543469,0.0,8.74e-05,0.0,0.0,0.0,0.00218436,8.74e-05,0.00078637,0.0,0.0,0.0,0.0,0.0,0.0,0.0,0.0,0.0,0.0,0.0,0.0,0.008824814,0.018785496,0.0,0.0,0.062297947,0.0,0.000349498,0.0,0.000174749,0.0,0.0,0.001572739,0.0,0.0,0.0,0.0,0.0,0.0,0.0,0.000262123,0.0,0.0,0.001572739,0.000524246,0.0,0.001572739,0.0,0.0,0.0,0.0,0.0,0.0,8.74e-05,0.0,0.0,0.000262123,0.008038445,0.0,0.000262123,0.0,0.0,0.0,0.0,0.0,0.0,0.0,0.0,0.0,8.74e-05,0.0,0.0,0.0,0.0,0.0,0.0,0.000174749,0.0,0.0,0.000524246,8.74e-05,0.006116208,0.0,0.0,0.0,0.000174749,0.0,0.0,0.0,0.0,0.0,0.0,0.0,0.002795981,0.0,0.0,0.004630843,8.74e-05,0.0,0.0,0.0,0.001310616,0.0,0.0,0.0,0.0,0.000698995,0.000262123,0.0,0.0,0.0,0.0,0.0,0.0,0.0,0.615028397,0.0,0.0,0.0,0.0,0.000611621,0.0,0.0,0.0,0.000174749,0.011446046,0.0,8.74e-05,0.004718218,0.0,0.0,0.0,0.0,0.0,0.0,0.0,0.0,0.000524246,0.0,0.0,0.0,0.0,0.0,0.00078637,0.0,0.0,0.0,0.0,0.008650066,0.0,0.004456094,0.0,0.0,0.0,0.000174749,0.0,8.74e-05,0.0,0.0,0.000174749,0.0,0.0,0.0,0.0,0.0,0.0,0.0,0.0,0.0,0.0,0.0,0.0,0.000262123,0.0,0.0,0.0,0.0,0.000524246,0.000698995,0.0,0.0,0.0,0.0
SRR12478724,0.0,9.24e-05,0.0,0.0,4.62e-05,0.0,4.62e-05,0.0,0.0,0.00013853,0.0,9.24e-05,0.0,0.0,0.0,0.0,0.0,4.62e-05,4.62e-05,0.0,0.0,0.0,0.0,0.0,0.0,0.0,0.0,0.035971555,0.0,0.0,0.0,0.000554119,0.0,0.0,0.0,0.0,0.0,0.0,0.0,0.000230883,0.0,4.62e-05,0.0,4.62e-05,9.24e-05,0.0,0.0,0.0,0.0,0.0,0.0,0.0,0.0,0.0,0.0,4.62e-05,0.0,0.0,0.0,0.0,0.0,0.0,0.0,0.0,0.0,0.0,0.0,0.000461766,4.62e-05,0.000184706,0.0,0.0,0.0,0.0,0.0,0.0,0.0,0.0,0.0,0.0,0.0,0.0,0.0,0.0,0.0,0.0,0.0,0.0,0.0,0.0,0.0,0.000877355,4.62e-05,0.0,9.24e-05,4.62e-05,0.001570004,0.0,0.000831178,0.0,0.0,0.075314001,0.0,0.0,0.0,4.62e-05,0.0,0.0,9.24e-05,0.0,0.0,0.0,0.0,4.62e-05,0.0,0.0,4.62e-05,0.0,0.0,0.0,0.0,0.0,0.0,0.0,4.62e-05,0.0,0.0,0.0,0.0,4.62e-05,0.000646472,0.0,4.62e-05,0.00013853,0.0,0.000323236,0.0,0.0,4.62e-05,0.0,0.0,0.0,0.0,0.0,0.0,0.0,0.0,0.0,0.0,0.0,0.001708533,0.0,0.0,0.0,0.0,0.0,0.0,0.000738825,4.62e-05,0.0,0.0,0.0,0.0,0.0,0.0,0.0,0.0,0.0,0.0,4.62e-05,0.0,0.0,0.000230883,0.0,0.0,0.0,0.00013853,0.000277059,0.0,0.0,0.0,0.0,0.0,0.0,0.0,0.0,0.0,0.0,0.0,0.0,4.62e-05,0.86594939,0.0,0.0,0.0,0.0,4.62e-05,0.002447359,0.0,0.0,0.0,0.000184706,0.0,0.0,0.00013853,0.0,0.000646472,0.0,0.0,0.0,0.006557074,0.0,4.62e-05,4.62e-05,0.00013853,0.0,9.24e-05,0.0,0.0,0.000692649,0.0,4.62e-05,0.0,0.0,0.0,0.0,0.000554119,0.0,0.0,0.0,0.0,0.0,0.0,0.0,9.24e-05,0.0,0.0,9.24e-05,0.0,0.0,4.62e-05,0.0,0.0,9.24e-05,0.0,0.0,0.0,0.0,0.0,0.0,0.0,0.0,0.0,4.62e-05,0.0,0.00013853,0.0,0.0,0.0
SRR12478725,0.00045106,0.014095625,0.0,0.0,5.64e-05,0.0,0.0,0.0,0.0,0.000169147,0.0,0.00135318,0.0,0.0,5.64e-05,0.0,0.0,0.00270636,0.000563825,0.0,0.0,0.0,0.0,0.000112765,0.0,0.0,0.0,0.0157871,0.000169147,0.0,0.002819125,0.001071267,0.001240415,0.0,0.0,0.000845737,0.0,0.000281912,0.0,0.0,0.0,0.0,0.0,0.0,0.0,0.0,0.0,5.64e-05,0.0,0.0,0.0,0.0,0.0,0.000620207,5.64e-05,5.64e-05,0.0,0.0,0.0,0.000281912,0.0,0.0,0.0,0.0,0.00022553,0.0,0.001184032,0.00563825,0.000845737,0.000394677,0.0,0.0,0.0,0.0,0.0,0.004566982,0.000394677,5.64e-05,0.0,0.0,0.0,0.0,0.000958502,0.0,0.000112765,0.0,0.0,0.0,0.0,0.000112765,0.0,0.000281912,0.0,0.000112765,0.00022553,0.000112765,0.001014885,0.00744249,0.045895354,0.0,0.0,0.076567433,0.001296797,5.64e-05,0.0,0.000112765,0.0,0.0,0.002424447,0.0,0.0,0.0,0.0,0.0,0.0,0.0,0.003552097,0.0,0.0,5.64e-05,0.000169147,0.0,0.001296797,0.0,0.0,0.0,0.000112765,0.0,0.0,0.000112765,0.0,0.0,0.000394677,0.005299955,0.0,0.000338295,0.0,0.0,0.000112765,0.0,0.0,0.000281912,0.0,0.0,0.0,0.00112765,0.0,0.0,0.001014885,0.0,0.0,0.000507442,0.0,0.000112765,0.0,0.000281912,0.0,0.001014885,0.0,0.003721245,0.0,0.00022553,0.0,0.0,0.0,5.64e-05,0.0,0.0,0.0,0.000112765,0.0,0.000169147,0.009810555,0.000112765,5.64e-05,0.0,0.0,0.001296797,0.000112765,0.0,0.0,5.64e-05,0.0,0.003721245,0.0,0.0,0.0,0.0,5.64e-05,5.64e-05,0.0,0.744079838,0.0,0.0,0.0,5.64e-05,0.00045106,0.001917005,0.0,0.0,5.64e-05,0.01037438,0.0,0.000112765,0.00631484,0.0,0.000732972,0.0,0.0,0.0,0.002593595,0.0,0.000169147,5.64e-05,0.000112765,0.0,0.0,0.0,0.0,0.0,0.0,0.00022553,5.64e-05,0.0,0.00090212,0.0,0.0,0.0,0.0,0.0,0.0,0.0,5.64e-05,0.000958502,0.0,5.64e-05,0.0,0.0,5.64e-05,0.0,0.0,0.0,5.64e-05,0.0,5.64e-05,0.000112765,0.0,0.0,0.001296797,0.0,0.0,0.0,0.0,0.0,0.0,5.64e-05,0.0,0.0,0.0
SRR12478726,0.000991041,0.01716483,7.93e-05,0.0,0.000158567,0.0,0.0,0.0,3.96e-05,0.002973123,3.96e-05,0.014667407,0.0,0.0,0.0,0.0,0.0,0.00194244,0.00071355,0.0,0.000118925,3.96e-05,0.0,0.0,3.96e-05,0.0,0.0,0.403908666,0.00194244,0.0,0.0,7.93e-05,0.002735273,0.0,3.96e-05,0.000594625,0.0,0.0,0.0,0.0,0.0,0.000158567,0.0,3.96e-05,0.00071355,0.0004757,7.93e-05,0.0,0.0,3.96e-05,0.0,0.0,3.96e-05,0.000317133,7.93e-05,7.93e-05,0.0,0.0,0.0,0.000396416,0.0,0.0,0.0,0.0,3.96e-05,0.0,0.000277491,0.008205819,3.96e-05,0.0,0.0,0.0,3.96e-05,0.0,0.0,0.000118925,0.002933481,0.0,0.0,0.0,0.0,0.0,0.000951399,0.0,0.000118925,0.0,0.0,0.0,0.000317133,0.0,0.0,0.003924522,0.0,0.0,0.000277491,7.93e-05,0.001625307,0.000198208,0.072940617,0.0,0.0,0.241021169,7.93e-05,0.009117577,0.0,0.000396416,0.0,0.0,0.001506382,0.0,0.0,3.96e-05,0.0,0.0,0.0,0.0,0.000753191,0.0,0.0,0.0,0.006025529,0.0,0.000515341,0.0,3.96e-05,0.0,0.000198208,0.0,0.0,0.000277491,0.001189249,0.0,0.000753191,0.03964164,0.0,0.00071355,7.93e-05,0.0,0.000118925,0.0,0.0,3.96e-05,0.0,0.0,0.0,7.93e-05,0.0,0.0,3.96e-05,0.0,0.0,0.000158567,0.000198208,0.0,0.0,0.000118925,0.000198208,0.014667407,0.000118925,0.000753191,0.000317133,0.000554983,0.0,0.0,3.96e-05,0.0,0.0,0.0,0.0,0.001030683,0.000158567,0.0,0.00507413,0.0,0.0,0.0,0.000396416,0.004994847,3.96e-05,0.0,0.0,0.0,0.0,3.96e-05,0.0,0.0,0.0,0.0,0.0,3.96e-05,0.0,0.005470546,0.0,0.0,7.93e-05,0.0,0.0,0.057440736,3.96e-05,3.96e-05,0.0,0.024577817,0.0,7.93e-05,0.023745342,0.0,0.001109966,3.96e-05,0.0,0.0,0.000158567,0.0,0.000594625,0.000554983,0.0,0.0,0.000436058,0.0,0.0,0.0,3.96e-05,0.000158567,0.000118925,0.0,0.000872116,0.0,0.003488464,0.0,0.0,0.0,0.000911758,0.0,0.0,0.0,0.0,7.93e-05,3.96e-05,0.0,3.96e-05,0.0,0.0,0.0,0.0,3.96e-05,0.0,0.000277491,0.0,0.0,0.000198208,0.0,0.0,0.0,0.0,0.002061365,0.0,0.000356775,0.0,0.0,0.0
SRR12478727,0.000204388,0.003133942,0.0,0.001771358,0.000272517,0.0,0.0,0.0,0.0,0.0,0.0,0.000136258,0.0,0.0,0.0,0.0,0.000136258,0.034132716,0.002043875,0.0,0.001226325,0.0,0.0,0.0,0.0,0.0,6.81e-05,0.013285189,0.000272517,0.0,0.004632784,0.002112004,0.000272517,0.0,0.0,0.004700913,0.0,0.002248263,0.0,6.81e-05,0.0,0.0,6.81e-05,0.0,0.0,0.002248263,0.0,0.0,0.0,0.0,0.000272517,6.81e-05,0.0,0.003883363,6.81e-05,0.0,6.81e-05,0.0,0.0,0.000136258,0.0,0.0,0.0,0.0,0.000136258,0.0,0.000136258,0.00906118,0.001907617,0.0,0.0,0.0,0.0,6.81e-05,0.000272517,0.000272517,0.00081755,0.000204388,0.0,6.81e-05,0.000136258,0.0,0.003133942,6.81e-05,0.036108462,0.0,0.0,0.0,0.000953808,0.0,0.0,0.0,0.0,0.000136258,0.0,0.000272517,0.000408775,0.001021938,0.043398283,0.0,0.0,0.191442976,0.011036926,6.81e-05,0.000204388,0.000136258,0.000136258,6.81e-05,0.007766726,0.000136258,6.81e-05,0.000476904,0.000136258,0.000204388,6.81e-05,0.0,6.81e-05,0.0,0.0,0.0,0.001430713,0.0,0.000953808,0.0,0.0,0.0,0.000681292,0.0,0.0,0.000476904,0.0,0.0,0.000476904,0.006881046,0.0,0.001839488,0.0,0.0,0.0,0.000545033,0.0,0.002657038,0.0,0.0,0.0,0.000272517,6.81e-05,0.0,6.81e-05,0.0,0.0,0.0,0.000408775,0.000272517,0.0,0.001158196,0.00081755,0.011309443,0.0,0.000476904,0.0,0.003951492,6.81e-05,0.0,0.0,0.0,0.0,0.0,0.0,0.0,0.0,0.000476904,0.032293228,0.000408775,0.0,0.0,0.0,6.81e-05,0.0,0.0,0.000136258,0.0,0.0,0.000340646,0.0,0.0,0.0,0.0,0.0,0.0,0.0,0.50497343,6.81e-05,0.000204388,0.0,0.0,0.000136258,0.002248263,0.0,0.0,0.000340646,0.004224009,0.0,0.000136258,0.012876414,0.0,0.000613163,0.000204388,0.0,0.0,0.007766726,0.0,0.000681292,0.0,6.81e-05,0.0,0.0,0.0,0.0,0.000885679,0.0,0.000136258,0.000340646,0.000136258,0.001158196,0.0,0.0,0.000340646,0.0,6.81e-05,6.81e-05,0.0,0.000204388,0.0,0.0,0.000340646,6.81e-05,0.0,6.81e-05,0.0,6.81e-05,0.0,0.0,0.0,0.000408775,0.000136258,0.000136258,0.0,0.000340646,0.0,0.000136258,0.0,0.0,6.81e-05,0.0,0.0,0.0,0.0,0.0
SRR12478728,0.00248993,7.32e-05,0.000146466,0.002856097,0.000585866,0.0,0.0,0.0,0.0,0.0,0.0,0.010252655,7.32e-05,0.0,0.001318198,0.0,0.0002197,0.016990114,0.001830831,0.0,0.004613695,7.32e-05,0.0,0.0,0.0,0.0,0.000292933,0.172903698,0.013694617,0.0,0.0,0.000878799,0.001098499,7.32e-05,0.0,0.000878799,0.0,0.0,0.0,0.000146466,0.0,0.000585866,0.0,0.0,7.32e-05,0.000512633,0.0002197,0.0,0.0,7.32e-05,7.32e-05,0.0,7.32e-05,0.00248993,0.000878799,7.32e-05,0.0,0.0,0.0,0.000878799,0.0,7.32e-05,0.0,0.0,0.001464665,0.0,0.001611131,0.022336141,0.005199561,0.0,0.0,0.0,0.0,0.0,0.000366166,0.000659099,0.018015379,0.000439399,0.0,0.0002197,7.32e-05,7.32e-05,0.001464665,0.0,0.023507873,7.32e-05,0.0,0.0,0.000366166,7.32e-05,0.0,7.32e-05,7.32e-05,0.0,7.32e-05,0.000292933,0.002196997,0.006298059,0.049212743,0.0,0.0,0.292054193,0.004613695,0.009886488,0.0,0.0,0.003441963,7.32e-05,0.013621384,0.0,0.003002563,0.000805566,7.32e-05,0.0002197,7.32e-05,0.0,0.0002197,0.0,0.0,0.002196997,0.000439399,0.0,0.010252655,0.0,0.000146466,0.0,0.000439399,7.32e-05,0.0,0.001025265,0.000146466,0.0,0.000878799,0.016770414,0.0,0.002416697,0.0,0.0,0.0,0.0,7.32e-05,0.000366166,7.32e-05,0.0,0.000292933,7.32e-05,0.000292933,7.32e-05,0.003734896,0.0,0.0,0.000878799,0.001904064,0.0,0.0,0.003881362,0.001757598,0.002856097,7.32e-05,0.046356646,0.000292933,0.005565727,0.0,0.0,7.32e-05,7.32e-05,7.32e-05,0.0,0.0,0.002123764,0.0,7.32e-05,0.083852069,0.000439399,7.32e-05,0.0,0.000146466,0.004247528,0.0,0.0,0.0,0.0,0.0,0.004247528,0.0,0.0,0.0,0.0,0.0,7.32e-05,7.32e-05,0.032735262,0.000146466,0.0,0.0,7.32e-05,0.0002197,7.32e-05,0.0,0.0002197,0.0002197,0.007176858,0.0,0.006444526,0.030611498,0.0,0.0002197,0.000366166,0.0,0.0,0.000366166,0.0,7.32e-05,7.32e-05,0.000146466,0.0,7.32e-05,0.0,0.000146466,0.0,0.000659099,0.001757598,7.32e-05,0.0,0.003441963,0.0,0.000805566,0.000146466,0.000146466,0.0,0.000366166,0.0,0.0002197,0.0,0.0,0.0,0.0,0.0,0.0,0.0,0.0,0.0,0.000292933,7.32e-05,0.0,0.000805566,7.32e-05,0.0,0.000292933,0.0,0.0,0.0,0.0,0.000366166,0.00856829,0.000292933,0.0,0.0,0.0
SRR12478729,7.42e-05,0.00029678,0.00029678,0.0,7.42e-05,0.0,0.00014839,0.0,0.0,0.00029678,0.0,0.003858139,7.42e-05,0.0,0.000222585,0.0,0.00014839,0.003412969,0.00074195,0.0,0.001112925,7.42e-05,0.0,0.0,0.0,0.0,0.000370975,0.135183262,0.00192907,0.0,0.0,0.164712865,0.00014839,0.0,0.0,0.00059356,0.0,0.0,0.0,0.0,7.42e-05,0.003041994,0.0,0.0,0.0,7.42e-05,7.42e-05,0.0014839,0.0,0.00014839,0.0,0.0,0.0,0.000222585,0.000370975,0.0,0.0,7.42e-05,0.0,0.00044517,0.0,0.0,0.0,0.0,0.001112925,0.0,0.00014839,0.0236682,0.003487164,0.0,0.0,0.0,0.0,0.0,0.00059356,0.000222585,7.42e-05,7.42e-05,0.0,0.00014839,7.42e-05,0.0,0.00059356,0.0,0.085769402,0.0,0.0,0.0,7.42e-05,0.0,0.0,0.00014839,0.0,0.0,0.0,7.42e-05,0.00059356,0.001706485,0.0458525,0.002003265,0.0,0.278750556,0.004006529,0.00014839,0.000222585,7.42e-05,7.42e-05,0.0,0.005045259,0.0,0.00014839,0.000519365,0.00014839,0.0,7.42e-05,0.0,0.00044517,0.0,0.0,0.0,0.000964535,0.0,0.00029678,0.0,0.0,0.0,0.00014839,0.0,0.0,0.00014839,0.00014839,0.0,0.002448434,0.008458228,0.0,0.066923876,0.0,0.0,0.0,0.0,0.0,0.001409705,0.0,0.0,0.0,7.42e-05,0.00014839,7.42e-05,0.000667755,0.0,0.0,0.019439086,0.000519365,0.0,0.0,0.001261315,0.001112925,0.002893604,0.0,0.0,7.42e-05,0.00029678,7.42e-05,0.0,0.00014839,0.0,0.0,0.0,0.0,0.001854875,0.00029678,0.002003265,0.041549191,0.000667755,0.0,0.0,0.0,0.003041994,0.0,0.0,7.42e-05,0.0,0.0,0.00029678,0.000370975,0.0,0.0,0.0,0.0,7.42e-05,0.0,0.033239353,7.42e-05,7.42e-05,0.0,0.0,0.00014839,0.000222585,7.42e-05,0.00014839,7.42e-05,0.005564624,0.0,0.0,0.019439086,0.0,0.00014839,0.00014839,0.0,0.0,0.00029678,0.0,0.0,0.0,0.0,0.0,0.0,0.0,0.0,0.00044517,0.0,0.0,7.42e-05,0.0,0.00163229,7.42e-05,7.42e-05,0.0,0.0,0.0,0.0,0.0,0.000222585,0.0,0.0,0.00014839,0.0,0.0,0.0,0.0,0.0,0.0,7.42e-05,0.0,0.0,0.0,0.0,0.0,0.00014839,0.0,0.0,0.0,0.0,0.00029678,0.00014839,7.42e-05,0.0,0.0,0.0
SRR12478730,0.000917699,0.029074375,0.0,0.0,0.000166854,0.0,0.0,0.0,0.0,0.0,0.0,0.004880491,0.0,0.0,0.00045885,0.0,4.17e-05,0.00475535,0.007258165,0.0,0.000166854,8.34e-05,0.0,0.0,0.0,0.0,8.34e-05,0.17569766,0.000166854,0.0,0.0,4.17e-05,0.005673049,0.0,0.0,0.000542277,4.17e-05,0.0,0.0,4.17e-05,0.0,0.0,0.0,0.0,4.17e-05,0.0,0.0,0.0,0.0,4.17e-05,4.17e-05,0.0,0.0,0.000125141,0.000125141,0.0,0.0,0.0,0.0,0.000125141,0.0,4.17e-05,0.0,0.0,8.34e-05,0.0,4.17e-05,0.006799316,0.001167981,8.34e-05,0.0,0.0,0.0,8.34e-05,4.17e-05,0.0,0.0,4.17e-05,0.0,0.000125141,4.17e-05,0.0,8.34e-05,0.0,0.000166854,0.0,0.0,0.0,4.17e-05,0.0,0.0,8.34e-05,0.0,0.0,0.0,8.34e-05,0.002169107,0.001167981,0.090935636,0.0,0.0,0.273432612,0.008342719,8.34e-05,4.17e-05,0.000208568,4.17e-05,0.0,0.004963918,0.0,0.0,0.000125141,4.17e-05,0.0,0.0,0.0,0.001251408,0.0,0.0,8.34e-05,0.005255913,0.0,0.0,0.0,0.0,0.0,8.34e-05,0.0,0.0,0.00045885,0.0,0.0,0.001293121,0.043465565,0.0,0.000542277,0.0,0.0,0.0,0.0,0.0,4.17e-05,0.0,0.0,0.0,0.0,0.0,0.0,0.0,0.0,0.0,0.000291995,0.001293121,4.17e-05,0.0,0.000875985,8.34e-05,0.003378801,0.0,0.0,0.0,0.000542277,0.0,0.0,0.0,0.0,0.0,0.0,0.0,4.17e-05,0.0,0.0,0.016435156,0.0,0.0,0.0,4.17e-05,0.007591874,0.0,0.0,0.0,0.0,0.0,0.000125141,0.0,0.0,0.0,0.0,4.17e-05,0.0,0.0,0.274016602,0.0,0.0,8.34e-05,4.17e-05,0.0,0.000125141,0.0,0.0,8.34e-05,0.00371251,4.17e-05,4.17e-05,0.012680933,0.0,8.34e-05,0.000125141,0.0,0.0,0.000166854,0.0,0.0,0.0,0.000125141,0.0,0.000125141,0.0,0.0,0.0,0.0,0.0,4.17e-05,0.0,0.00045885,0.0,0.0,0.0,0.0,0.0,0.0,0.0,0.000166854,0.0,0.0,0.0,4.17e-05,0.0,4.17e-05,0.0,0.0,0.0,4.17e-05,0.000166854,0.0,0.0,0.0,0.0,0.001960539,0.0,0.000125141,0.0,0.0,4.17e-05,0.0,4.17e-05,0.0,0.0,0.0
SRR12478731,0.000347554,0.006342862,0.000260666,0.000955774,0.000868885,0.0,0.009210183,0.0,0.0,0.033191415,0.0,0.027282996,0.0,8.69e-05,0.0,0.0,0.0,0.006951082,0.000781997,8.69e-05,0.000173777,0.0,0.0,0.0,0.0,0.0,0.0,0.327222174,0.000434443,0.0,8.69e-05,0.036058737,0.001042662,0.0,0.0,0.003214875,0.0,0.012251282,0.0,0.0,0.0,8.69e-05,0.0,0.000260666,8.69e-05,0.0,0.0,0.000260666,0.0,8.69e-05,8.69e-05,0.0,0.000173777,0.000695108,0.001563993,0.000173777,0.0,0.0,0.0,0.000955774,0.0,0.0,0.0,0.0,0.000260666,8.69e-05,0.004344426,0.017812147,0.002432879,0.000260666,0.0,0.0,0.0,8.69e-05,0.000434443,8.69e-05,0.001216439,0.0,0.0,0.0,8.69e-05,8.69e-05,0.002693544,0.0,0.002780433,0.000173777,0.0,0.0,8.69e-05,0.0,0.0,0.000347554,8.69e-05,0.0,0.000260666,8.69e-05,0.007993744,0.00060822,0.055782431,0.002693544,0.0,0.227821705,0.0,0.000260666,0.0,0.000260666,0.000173777,0.0,0.001216439,0.0,8.69e-05,8.69e-05,8.69e-05,0.0,0.0,0.0,0.000521331,0.0,0.0,0.00060822,0.001042662,0.0,0.0,0.0,0.0,0.0,0.000521331,0.0,0.0,0.000347554,0.000695108,0.0,0.000173777,0.013380832,0.0,0.00234599,8.69e-05,0.0,0.0,0.0,0.0,0.0,0.0,0.0,0.0,8.69e-05,0.0,0.0,0.001824659,0.0,0.0,0.00060822,0.000695108,0.000781997,0.0,0.002606656,0.000347554,0.014771049,8.69e-05,0.000434443,0.0,0.000173777,8.69e-05,0.0,0.0,0.0,0.0,0.0,0.0,0.000695108,0.0,0.000781997,0.023286124,0.000695108,0.0,0.0,0.000521331,0.001042662,8.69e-05,0.0,0.00060822,0.0,0.0,0.000347554,0.001042662,0.0,0.0,0.0,0.0,0.005908419,0.000173777,0.072986359,8.69e-05,0.000173777,0.0,0.0,8.69e-05,0.015553045,0.000173777,0.0,0.0,0.002432879,0.0,0.0,0.011295508,0.0,0.000434443,0.0,0.0,0.0,8.69e-05,0.0,8.69e-05,8.69e-05,0.000781997,0.0,8.69e-05,0.0,0.0,0.000173777,0.0,0.000434443,0.0,0.0,0.00469198,0.0,0.000695108,8.69e-05,0.0,0.0,8.69e-05,0.0,0.0,0.0,0.0,0.000260666,0.0,0.0,0.0,8.69e-05,0.0,0.0,8.69e-05,0.0,0.0,0.000173777,0.0,0.0,0.002780433,0.0,0.0,0.0,0.0,0.000260666,0.0,0.000173777,0.0,0.0,0.0
SRR12478732,0.001247758,0.014661156,0.000311939,0.0,0.000935818,0.0,0.0,0.0,0.0,0.00015597,0.0,0.00015597,7.8e-05,0.0,0.0,0.0,0.0,0.003665289,0.001793652,0.0,0.000779849,0.0,0.0,0.0,7.8e-05,0.0,0.0,0.052951727,0.0,0.0,0.00015597,7.8e-05,0.00304141,0.0,0.0,0.001013803,0.0,0.0,0.0,7.8e-05,0.000233955,0.00015597,0.0,0.000233955,0.0,0.0,0.0,0.0,0.0,0.00015597,0.0,0.0,0.00015597,7.8e-05,0.004289168,0.00015597,0.0,0.0,0.0,0.000389924,0.0,0.0,7.8e-05,0.0,7.8e-05,0.0,0.001169773,0.053029712,0.000311939,0.0,0.0,0.0,0.0,0.0,0.001481713,0.00015597,0.000389924,0.0,7.8e-05,0.000233955,7.8e-05,0.0,7.8e-05,0.0,7.8e-05,0.0,0.0,0.0,0.0,0.0,0.0,0.000545894,0.0,0.0,0.000233955,0.0,0.009982063,0.011307806,0.026436871,0.0,0.0,0.083209857,0.00015597,0.000389924,0.000233955,0.000857834,0.0,0.0,0.012555564,0.0,0.0,0.000545894,0.000389924,0.0,7.8e-05,0.0,0.000233955,0.0,0.0,0.002495516,0.000701864,0.0,0.001559697,0.0,7.8e-05,0.0,0.003509319,0.0,0.0,0.000545894,0.000233955,0.0,0.01536302,0.159323091,0.0,0.001325743,0.0,0.0,0.0,0.0,0.0,0.0,0.0,0.0,0.0,0.0,0.0,0.0,0.00015597,0.0,0.0,7.8e-05,0.000779849,0.0,0.0,0.001169773,7.8e-05,0.009592139,0.0,0.0,0.0,0.000311939,0.0,0.0,0.0,0.0,0.0,0.0,0.0,0.0,0.0,0.0,0.040318178,0.0,0.0,0.0,0.000623879,7.8e-05,0.00015597,0.0,0.0,0.0,0.0,0.0,0.0,0.0,0.0,0.0,0.0,7.8e-05,0.000311939,0.401388131,0.0,0.0,0.0,7.8e-05,0.0,0.000311939,7.8e-05,0.0,0.000389924,0.02128987,0.0,0.00015597,0.032519691,0.0,0.000857834,7.8e-05,0.0,0.0,0.0,0.0,0.00015597,0.0,0.001013803,0.00015597,0.001169773,0.0,0.0,0.0,0.0,0.004445138,0.0,0.0,0.000779849,0.0,0.0,0.0,0.0,0.000311939,0.000311939,0.0,0.000545894,0.0,0.00015597,0.0,0.0,0.0,0.0,0.0,0.0,0.0,0.0,0.0,0.0,0.0,0.0,0.0,0.00015597,0.0,0.0,0.0,0.0,0.0,0.0,0.001169773,0.0,0.0,0.0
SRR12478733,0.000114064,0.000399224,5.7e-05,0.0,5.7e-05,0.0,5.7e-05,0.0,0.0,0.0,0.0,0.00832668,0.0,0.0,0.0,0.0,0.0,0.002623474,0.00028516,0.0,0.000171096,5.7e-05,0.0,0.0,0.0,0.0,5.7e-05,0.03085434,0.006273526,0.0,0.0,0.029542603,0.000228128,0.0,0.0,0.000228128,0.0,0.0,0.0,0.000171096,0.0,0.000228128,0.0,0.0,0.0,0.0,0.0,0.000171096,0.0,5.7e-05,0.0,0.0,0.0,0.002680506,5.7e-05,0.0,0.0,0.0,0.0,0.000228128,0.0,0.0,0.0,0.0,0.0,0.0,0.000798449,0.004619596,0.000513288,0.0,0.0,0.0,0.0,5.7e-05,0.000114064,0.000171096,0.003136763,0.000342192,5.7e-05,0.0,0.000114064,0.0,0.00028516,0.0,0.013687692,0.0,0.0,0.0,0.000114064,0.0,0.0,5.7e-05,0.0,0.0,0.0,0.0,0.000114064,0.010208737,0.019162769,0.0,0.0,0.07642295,0.001083609,0.000171096,5.7e-05,0.0,0.000114064,0.0,0.004904756,0.0,0.0,5.7e-05,0.0,0.0,5.7e-05,0.0,0.003136763,0.0,0.0,0.001197673,0.000741417,0.0,5.7e-05,0.0,0.0,0.0,5.7e-05,0.0,0.0,0.000684385,5.7e-05,0.0,0.001083609,0.004277404,0.0,0.002452378,0.000114064,0.0,0.0,0.0,0.0,0.00028516,0.0,0.0,5.7e-05,0.0,0.0,0.0,0.000114064,0.0,0.000171096,0.012661116,0.000570321,0.0,0.0,0.000399224,0.000228128,0.001425801,0.0,0.0,0.000114064,0.000171096,0.000114064,0.0,5.7e-05,0.0,0.0,0.0,0.0,0.001140641,0.0,0.000228128,0.003935212,0.000228128,0.0,0.0,0.0,0.000855481,0.0,0.0,0.0,0.0,0.0,0.00222425,0.0,0.0,0.0,0.0,0.0,0.0,0.0,0.719858561,0.0,0.0,0.0,5.7e-05,0.0,5.7e-05,0.0,0.0,0.000114064,0.010322801,0.0,5.7e-05,0.005703205,0.0,0.000114064,0.0,0.0,0.0,0.000570321,0.0,0.0,0.0,5.7e-05,0.0,0.0,0.0,0.0,0.0,0.0,0.000513288,0.0,0.0,0.000513288,0.0,0.000513288,0.0,0.0,0.0,0.000171096,0.0,0.0,0.0,0.0,0.0,5.7e-05,0.0,0.0,0.0,0.0,0.0,0.0,5.7e-05,0.0,0.0,0.0,0.0,0.002680506,0.0,0.0,0.0,0.0,0.0,0.0,0.0,0.0,0.0,0.0
SRR12478734,0.000170721,0.004097311,8.54e-05,0.0,0.000170721,0.0,0.0,0.0,0.0,0.0,0.0,0.006914213,0.0,0.0,0.000341443,0.0,0.0,0.034997866,0.002560819,0.0,0.000426803,0.0,0.0,0.0,0.000170721,0.0,8.54e-05,0.105335041,0.0,0.0,0.0,8.54e-05,0.000341443,0.000170721,0.0,0.000256082,0.0,0.0,0.0,8.54e-05,0.0,0.0,0.0,0.0,0.000256082,0.0,0.0,0.0,0.0,0.0,0.0,0.0,0.0,0.001195049,0.0,0.000170721,0.0,0.0,0.0,0.000512164,0.0,0.000170721,8.54e-05,0.0,0.000341443,0.0,8.54e-05,0.004268032,0.000682885,0.0,0.0,0.0,0.0,0.0,0.000341443,8.54e-05,0.018864703,0.0,0.0,0.0,8.54e-05,0.0,0.000853606,0.0,0.020401195,8.54e-05,0.0,0.0,0.000170721,0.0,0.0,0.000256082,0.0,0.0,0.000341443,8.54e-05,0.001024328,0.021596244,0.05258216,0.0,0.0,0.120102433,0.00128041,0.000426803,8.54e-05,0.000170721,0.0,0.000170721,0.003329065,0.0,0.0,0.000256082,0.000170721,0.0,0.0,0.0,0.003670508,0.0,0.0,0.001621852,0.000341443,0.0,0.002134016,0.0,0.0,0.0,0.000341443,0.0,0.0,0.000170721,0.000768246,0.0,0.000426803,0.00793854,0.0,0.000682885,0.0,0.0,0.0,0.0,0.0,0.0,0.0,0.0,0.0,0.0,0.0,0.0,0.000938967,0.0,0.0,0.001024328,8.54e-05,0.0,0.0,0.000768246,0.000170721,0.00136577,0.0,0.003499787,0.0,0.000426803,0.0,0.0,0.0,0.0,0.0,0.0,0.0,0.002390098,0.0,0.0,0.009389671,0.0,0.0,0.0,0.0,0.000853606,8.54e-05,0.0,0.0,0.0,0.0,0.001195049,0.0,0.0,0.0,0.0,0.0,0.0,0.0,0.521980367,0.0,0.0,0.0,8.54e-05,0.0,8.54e-05,0.0,0.0,8.54e-05,0.01177977,0.0,0.0,0.005975245,0.0,0.000512164,0.0,0.0,0.0,0.000597525,0.0,8.54e-05,0.000170721,0.0,0.0,8.54e-05,0.0,0.0,0.0,0.0,0.0,0.0,0.0,0.006316688,0.0,0.0,0.0,0.0,8.54e-05,0.0,0.0,0.0,8.54e-05,0.0,0.0,0.0,0.0,0.0,0.0,0.0,0.0,0.0,0.0,0.0,0.00136577,0.0,0.000170721,0.001707213,0.0,0.0,0.0,0.0,0.000512164,0.0,8.54e-05,0.0,0.0,0.0
SRR12478735,0.0,0.000217171,0.000144781,0.0,0.000579123,0.0,0.0,0.0,0.0,0.000144781,0.0,0.0,0.0,0.0,0.0,0.0,7.24e-05,0.000579123,7.24e-05,0.0,0.000361952,0.0,0.0,0.0,0.0,0.0,0.0,0.88113508,0.000289561,0.0,0.000144781,0.0,0.004560591,7.24e-05,0.0,0.001085855,0.0,0.0,0.0,0.0,0.0,0.0,0.0,7.24e-05,0.0,0.0,0.0,0.0,0.0,0.000361952,0.0,0.0,0.0,7.24e-05,0.000289561,0.000289561,0.0,7.24e-05,0.0,0.000434342,0.0,0.0,0.0,0.0,0.0,0.0,0.006008397,0.003619516,0.0,0.000579123,0.0,0.0,0.0,0.0,0.0,0.000144781,7.24e-05,0.0,0.0,0.000144781,0.0,0.0,0.0,0.0,0.000506732,0.0,0.0,0.0,0.000796294,0.0,0.0,7.24e-05,7.24e-05,0.0,7.24e-05,7.24e-05,0.004705371,0.013030259,0.003329955,7.24e-05,0.0,0.003764297,7.24e-05,0.0,0.0,7.24e-05,0.000144781,0.0,0.001664978,0.0,0.0,0.0,0.0,7.24e-05,7.24e-05,0.0,0.0,0.0,0.0,0.0,0.0,0.0,0.0,0.0,7.24e-05,0.0,0.000289561,7.24e-05,0.0,7.24e-05,0.000289561,0.0,0.000289561,0.034819748,0.0,0.001592587,7.24e-05,0.0,0.0,0.0,0.0,0.0,7.24e-05,0.0,0.0,0.0,0.0,7.24e-05,7.24e-05,0.0,0.0,7.24e-05,0.000506732,0.0,0.0,7.24e-05,0.0,0.000941074,0.0,0.0,0.0,7.24e-05,7.24e-05,0.0,0.0,7.24e-05,0.0,0.0,0.0,0.0,0.0,0.0,0.002678442,0.0,0.0,0.0,0.000217171,0.004271029,7.24e-05,0.0,0.0,0.0,0.000144781,0.0,0.0,0.0,0.0,0.0,0.0,0.0,0.0,0.00890401,0.0,0.0,0.0,0.0,0.000217171,0.000217171,0.000144781,0.0,0.0,0.003764297,0.0,0.0,0.001737368,0.0,7.24e-05,0.0,0.0,0.0,0.0,0.0,0.0,0.000144781,0.000579123,0.0,0.000579123,0.0,0.0,0.000723903,0.0,0.000217171,0.0,0.0,0.001520197,0.0,0.000723903,0.0,0.0,0.0,0.0,0.0,0.0,0.0,0.0,7.24e-05,0.000144781,0.0,0.0,0.0,0.0,0.0,0.0,0.000144781,0.0,0.0,0.0,0.0,0.0,0.0,0.0,0.0,0.0,7.24e-05,0.0,0.000434342,0.0,0.0,0.0
SRR12478736,0.000398327,0.011252738,0.0,0.001991635,9.96e-05,0.0,9.96e-05,0.0,9.96e-05,9.96e-05,0.0,0.000398327,0.0,9.96e-05,0.001991635,0.0,9.96e-05,0.004282016,0.000995818,0.0,0.001593308,9.96e-05,0.0,0.0,0.0,0.0,9.96e-05,0.013941446,0.0,0.0,0.0,0.017426807,9.96e-05,9.96e-05,0.0,0.007269468,0.0,0.000497909,0.0,0.0,0.000597491,0.001095399,0.0,0.0,9.96e-05,0.005576578,0.0,0.000298745,0.0,0.0,0.000298745,0.0,0.0,0.007269468,9.96e-05,0.0,0.0,0.0,0.0,0.000298745,0.0,0.000398327,9.96e-05,0.0,0.000497909,0.001194981,0.001294563,0.022505477,0.002987453,0.033957379,0.0,0.0,9.96e-05,0.0,9.96e-05,0.000298745,0.00229038,0.0,0.0,9.96e-05,0.0,0.0,0.012148974,0.0,0.011949811,0.0,0.0,0.0,0.0,0.003485361,0.0,0.000298745,0.0,0.0,0.000298745,0.001394145,0.004580761,0.005576578,0.010555666,0.0,0.0,0.135630353,0.001194981,0.013543119,0.000199164,0.000298745,0.0,0.0,0.023102968,0.0,0.000398327,0.000298745,0.0,9.96e-05,0.0,0.0,0.000995818,0.0,0.0,0.003584943,0.0,0.0,0.000298745,0.0,0.0,0.0,0.0,0.0,0.0,0.0,0.000497909,0.0,9.96e-05,0.001095399,0.0,0.000597491,0.0,0.0,9.96e-05,0.0,0.001792472,0.004381597,0.0,0.0,0.0,0.012547301,0.0,9.96e-05,0.007767377,0.0,0.0,0.000398327,0.000896236,0.00398327,0.0,0.004879506,0.001792472,0.004779924,0.000298745,0.012746465,9.96e-05,0.003784107,0.0,0.0,0.0,0.0,0.000199164,0.0,0.0,0.000796654,0.0,0.000995818,0.117805218,0.004182434,0.0,0.0,0.000398327,0.000497909,0.0,0.0,0.0,0.0,0.0,0.040430193,0.0,0.0,0.0,0.0,0.0,0.0,0.000199164,0.010456084,0.0,0.0,0.0,0.0,9.96e-05,0.0,9.96e-05,0.000199164,0.0,0.000298745,0.0,0.000298745,0.007070305,0.0,0.000398327,0.0,0.0,0.0,0.001493726,0.0,0.000298745,0.0,0.000199164,0.0,0.000298745,0.0,0.0,0.000796654,0.0,0.000199164,0.0,0.0,0.001194981,0.0,0.000199164,0.0,0.0,0.0,9.96e-05,0.0,0.000298745,0.0,0.0,0.0,0.0,0.0,0.0,0.0,0.0,0.0,0.0,0.365465047,0.0,0.000597491,0.0,0.0,0.001991635,0.0,0.0,0.0,0.0,0.0,0.000697072,0.000398327,0.0,0.0,0.0
SRR12478737,0.0,0.000216998,0.000216998,0.0,0.00079566,0.0,0.0,0.0,0.0,7.23e-05,0.0,7.23e-05,0.0,0.0,0.0,0.0,7.23e-05,0.000289331,0.000216998,0.0,0.0,0.0,0.0,0.0,0.0,0.0,7.23e-05,0.433417722,0.0,0.0,0.000216998,0.000216998,7.23e-05,0.0,0.0,7.23e-05,0.0,0.0,0.0,7.23e-05,0.0,7.23e-05,0.0,0.000361664,0.0,0.0,0.0,0.0,0.0,7.23e-05,0.0,0.0,7.23e-05,7.23e-05,0.002314647,7.23e-05,0.0,0.0,0.0,7.23e-05,0.0,0.0,0.0,0.0,0.0,0.0,7.23e-05,0.001084991,0.0,0.000144665,0.0,0.0,0.0,0.0,0.000144665,0.0,0.0,0.0,0.0,0.0,0.0,0.0,7.23e-05,0.0,7.23e-05,0.0,0.0,0.0,7.23e-05,0.0,0.0,0.000289331,0.0,0.0,0.000216998,0.0,0.01034358,7.23e-05,0.012875226,0.0,0.0,0.002314647,0.0,7.23e-05,0.0,0.0,0.0,0.0,7.23e-05,0.0,0.000144665,7.23e-05,7.23e-05,0.0,0.000144665,0.0,0.0,0.0,0.0,0.0,0.0,0.0,0.0,0.0,0.0,0.0,0.0,0.0,0.0,0.000144665,0.000506329,7.23e-05,0.0,0.000433996,0.0,0.000650995,0.0,0.0,0.0,0.0,0.0,0.0,0.0,0.0,0.0,0.0,0.0,0.0,0.0,0.0,0.0,7.23e-05,0.0,0.0,0.0,0.0,0.0,0.0,0.000144665,0.0,7.23e-05,0.0,7.23e-05,0.0,7.23e-05,0.0,0.0,0.0,0.0,0.0,0.0,0.0,0.001952984,0.0,0.0,0.0,0.000578662,0.513562387,0.0,0.0,0.0,0.0,0.0,0.0,0.0,0.0,0.0,0.0,7.23e-05,0.0,0.0,0.004267631,0.0,0.0,0.0,0.0,0.0,0.000433996,0.0,0.0,0.0,0.001012658,0.0,0.0,0.000289331,0.0,0.000506329,0.0,0.0,0.0,0.0,0.0,0.000506329,7.23e-05,0.000723327,0.0,0.000723327,0.0,0.0,0.0,0.0,0.0,0.0,0.0,0.000216998,0.0,7.23e-05,0.000144665,0.0,7.23e-05,0.000723327,0.0,0.0,0.0,0.0,0.0,0.0,0.0,0.0,0.000216998,0.0,0.0,0.0,0.0,0.0,0.0,0.0,0.0,0.0,0.0,7.23e-05,0.0,0.0,7.23e-05,0.0,0.001229656,0.0,0.0,0.0
SRR12478738,0.000119768,0.000119768,0.0,0.0,0.001018025,0.0,0.000658722,0.0,0.0,0.0,0.0,0.001856399,5.99e-05,0.0,0.0,0.0,0.0,0.002095934,0.000299419,0.0,0.0,0.0,0.0,0.0,0.0,0.0,0.0,0.859093359,0.0,0.0,5.99e-05,0.000119768,0.001437212,0.0,0.000179651,0.0,0.0,0.0,0.0,0.0,5.99e-05,0.0,0.0,0.000119768,5.99e-05,0.0,0.0,0.0,0.0,5.99e-05,0.0,0.0,0.000119768,0.000119768,0.000598838,5.99e-05,0.0,0.0,0.0,0.000119768,0.0,0.0,0.0,0.0,0.0,0.002095934,0.002694772,0.001377328,5.99e-05,0.0,0.0,0.0,0.0,0.0,0.000119768,0.0,0.0,5.99e-05,0.0,0.0,5.99e-05,0.0,0.016288401,0.0,0.000239535,0.0,0.0,0.0,0.000239535,0.0,0.0,0.000419187,0.000299419,0.0,0.000119768,5.99e-05,0.006048266,0.0,0.001377328,0.0,0.0,0.002275585,0.0,0.0,0.0,5.99e-05,5.99e-05,0.0,0.001976166,0.0,0.0,5.99e-05,0.0,0.0,0.000119768,0.0,0.0,0.0,0.0,0.000119768,0.0,0.0,0.0,0.0,0.000119768,0.0,0.001377328,0.000179651,0.0,0.000359303,0.000538954,0.0,5.99e-05,0.003533146,0.0,0.00077849,0.0,0.0,5.99e-05,0.0,0.0,0.0,0.0,0.0,0.0,0.0,0.0,0.0,0.000239535,0.0,0.0,0.000239535,0.0,0.000479071,0.0,0.000179651,0.0,0.000598838,0.000239535,0.0,0.000718606,0.0,5.99e-05,0.0,0.0,0.0,0.0,0.0,0.0,0.010300018,0.0,0.0,0.000119768,0.000119768,0.0,0.0,0.000658722,0.029882029,5.99e-05,0.0,0.0,0.0,0.0,0.0,5.99e-05,0.0,0.0,0.0,0.0,0.000479071,0.000179651,0.023654111,0.0,0.0,5.99e-05,0.0,5.99e-05,5.99e-05,0.0,0.0,0.0,0.000239535,0.0,0.0,0.000299419,0.0,0.000479071,0.0,0.0,0.0,0.0,0.0,0.000239535,5.99e-05,0.000658722,0.0,0.000179651,0.0,0.0,0.0,5.99e-05,0.0,0.0,0.0,0.000958141,0.0,0.0,0.0,0.0,0.0,0.000958141,0.0,0.0,0.0,0.0,0.0,0.0,0.0,0.0,0.0,0.0,0.0,0.0,0.0,5.99e-05,0.0,0.0,0.0,0.009162225,0.0,0.0,0.0,0.0,5.99e-05,0.0,0.000598838,0.0,0.0,0.0
SRR12478739,0.0,0.010439706,0.000176944,0.0,0.0,0.0,0.0,0.0,8.85e-05,0.0,0.0,0.008404848,0.0,0.0,0.001327081,0.0,0.0,0.00212333,8.85e-05,0.0,0.000176944,0.0,0.0,0.0,0.0,0.0,8.85e-05,0.249933646,8.85e-05,0.0,0.0,0.0,0.000353888,0.0,0.0,8.85e-05,0.0,0.0,0.0,0.0,0.0,0.0,0.0,0.0,0.0,0.0,0.0,0.0,0.0,0.0,0.0,0.0,0.0,0.0,8.85e-05,0.0,0.0,0.0,0.0,0.000176944,0.0,0.0,0.0,0.0,0.0,0.0,0.000265416,0.002300274,0.0,0.0,0.0,0.0,0.0,0.000176944,8.85e-05,0.0,0.0,0.000265416,0.000176944,0.0,8.85e-05,0.0,0.001504025,0.0,0.0,0.0,0.0,8.85e-05,0.000796249,0.0,0.0,0.0,0.0,0.0,0.0,0.0,8.85e-05,8.85e-05,0.025037601,0.0,0.0,0.162169336,0.0,0.000176944,0.0,0.000176944,0.0,0.0,0.001415553,0.0,0.0,0.000176944,0.0,0.0,0.0,0.0,0.006723879,0.0,0.0,0.002034858,0.00044236,0.0,0.0,0.0,8.85e-05,0.0,0.000176944,0.0,0.0,0.000265416,0.0,0.0,0.000176944,0.004512076,0.0,8.85e-05,0.0,0.0,0.0,0.0,0.0,0.0,0.0,0.0,0.0,0.0,0.0,0.0,0.0,0.0,0.0,8.85e-05,0.000265416,0.0,0.0,0.000353888,0.0,0.003715828,0.0,0.001504025,0.0,0.000176944,8.85e-05,0.0,0.0,0.0,0.0,0.0,0.0,0.0,0.0,0.0,0.006900823,0.0,0.0,0.0,0.000176944,0.002742635,0.0,0.0,0.0,0.0,0.0,0.0,0.0,0.0,0.0,0.0,0.0,0.0,0.0,0.441918075,8.85e-05,8.85e-05,0.0,0.0,0.0,0.026807042,0.0,8.85e-05,0.000176944,0.018490666,0.0,8.85e-05,0.006635407,0.0,0.0,0.0,0.0,0.0,0.000176944,0.0,0.0,0.0,0.0,0.0,0.0,0.0,0.0,0.0,0.0,0.0,0.0,0.0,0.002211802,0.0,0.0,0.0,0.0,0.0,0.0,0.0,0.0,0.0,0.0,0.0,8.85e-05,0.0,0.0,0.0,0.0,0.0,0.0,0.0,0.0,0.001504025,0.0,0.0,0.001857914,0.0,0.0,0.0,0.0,0.0,0.0,0.0,0.0,0.0,0.0
SRR12478740,8.13e-05,0.003656456,8.13e-05,0.001056309,0.000162509,0.0,0.0,0.0,0.0,0.0,0.0,0.00195011,0.0,0.0,0.0,0.0,0.0,0.051515398,0.000325018,0.0,0.0008938,0.0,0.0,0.0,0.0,0.0,0.0,0.041277322,0.0,0.0,0.0,0.0,0.001137564,0.0,0.0,0.000325018,0.0,0.0,0.0,0.0,8.13e-05,0.0,0.0,0.0,0.0,0.0,0.0,0.0,0.0,0.0,0.0,0.0,0.0,0.005444056,8.13e-05,0.0,0.0,0.0,0.0,8.13e-05,0.0,8.13e-05,0.0,0.0,8.13e-05,8.13e-05,8.13e-05,0.004387747,0.000243764,0.000406273,0.0,0.0,0.0,0.0,0.000162509,0.0,0.001137564,0.0,0.0,0.000243764,0.000162509,0.0,0.0,0.0,0.006825384,0.0,0.0,0.0,0.000243764,8.13e-05,0.0,8.13e-05,0.0,0.0,0.0,8.13e-05,8.13e-05,0.002275128,0.025107662,0.0,0.0,0.061590964,0.003006419,0.000406273,0.0,0.0,0.0,0.0,0.004387747,0.0,0.000162509,0.000162509,8.13e-05,0.0,0.0,0.0,0.000650037,0.0,0.0,8.13e-05,0.000162509,0.0,8.13e-05,0.0,0.0,0.0,0.000325018,0.0,0.0,8.13e-05,0.0,0.0,8.13e-05,0.00658162,0.0,0.001137564,0.0,0.0,0.0,0.0,0.0,0.000975055,0.0,0.0,0.0,0.0,0.0,8.13e-05,0.004225238,0.0,0.0,0.0,0.000162509,0.0,0.0,0.000731291,0.000243764,0.003493947,0.0,0.000162509,0.0,0.000731291,0.0,0.0,8.13e-05,0.0,0.0,0.0,0.0,0.0,0.0,0.0,0.009913058,8.13e-05,0.0,0.0,0.0,0.002518892,0.0,0.0,0.0,0.0,0.0,0.000406273,0.0,0.0,0.0,0.0,0.0,0.0,0.0,0.702608272,0.0,0.0,0.0,0.0,0.0,0.008694239,0.0,0.0,8.13e-05,0.003656456,0.0,0.012350695,0.013894532,0.0,0.0,0.0,0.0,0.0,0.002193873,0.0,0.0,0.0,0.0,0.0,0.0,0.0,0.0,0.0,0.0,8.13e-05,0.0,0.0,0.000162509,0.0,8.13e-05,0.0,0.0,8.13e-05,0.0,0.0,0.0,0.0,0.0,0.000243764,8.13e-05,0.0,0.0,0.0,0.0,0.0,0.0,0.0,8.13e-05,0.0,0.0,0.0,0.002275128,0.0,0.0,0.0,0.0,0.000162509,0.0,0.0,0.0,0.0,0.0
SRR12478741,0.0,0.000576507,0.0,0.0,0.0,0.0,0.0,0.0,0.0,0.0,0.0,9.61e-05,0.0,0.0,0.0,0.0,0.0,0.000336296,9.61e-05,0.0,0.0,0.0,0.0,0.0,0.0,0.0,0.0,0.031083353,0.0,0.0,0.0,0.0,0.0,0.0,0.0,4.8e-05,0.0,0.0,0.0,0.000240211,0.0,0.0,0.0,0.0,4.8e-05,0.0,0.0,0.0,0.0,0.0,0.0,0.0,0.0,0.000144127,0.0,0.0,0.0,0.0,0.0,0.0,0.0,0.0,0.0,0.0,0.0,0.0,0.0,0.002882537,9.61e-05,0.0,0.0,0.0,0.0,0.0,0.0,9.61e-05,0.0,0.0,0.0,0.0,0.0,0.0,0.0,0.0,0.025654576,0.0,0.0,4.8e-05,0.0,0.0,0.0,0.0,0.0,0.0,0.0,0.0,0.0,0.0,0.002065818,0.0,0.0,0.092385299,0.0,4.8e-05,0.0,0.0,0.0,0.0,0.000288254,0.0,0.0,0.0,0.0,0.0,0.0,0.0,0.0,0.0,0.0,0.0,4.8e-05,0.0,0.0,0.0,0.0,0.0,0.0,0.0,0.0,9.61e-05,0.0,0.0,0.0,0.001153015,0.0,9.61e-05,0.0,0.0,9.61e-05,0.0,0.0,0.0,0.0,0.0,0.0,0.0,0.0,0.0,0.000384338,0.0,0.0,0.0,4.8e-05,0.0,0.0,0.0,0.0,0.000768676,0.0,0.0,0.0,0.0,0.0,0.0,0.0,0.0,0.0,0.0,0.0,0.0,0.0,0.0,0.00062455,4.8e-05,0.0,0.0,0.0,4.8e-05,0.0,0.0,0.0,0.0,0.0,0.0,0.0,0.0,0.0,0.0,0.0,0.0,0.0,0.8307951,0.0,0.0,0.0,0.0,0.0,0.001153015,0.0,0.0,0.0,0.001873649,4.8e-05,0.0,0.000768676,0.0,0.0,0.0,0.0,0.0,0.0,0.0,0.0,0.000288254,0.0,0.0,0.0,0.0,0.0,0.0,0.0,0.0,0.0,0.0,9.61e-05,0.0,0.004612059,0.0,0.0,0.0,9.61e-05,0.0,0.0,0.0,0.0,0.0,0.0,0.0,0.0,0.0,0.0,0.0,0.0,4.8e-05,0.0,0.0,0.0,0.0,9.61e-05,0.0,0.0,0.0,0.0,0.0,0.0,0.0,0.0,0.0,0.0
SRR12478742,4.8e-05,0.011080731,0.0,0.0,0.000287811,0.0,0.0,0.0,0.0,0.0,0.0,0.00163093,9.59e-05,0.0,4.8e-05,0.0,0.0,4.8e-05,0.0,0.0,4.8e-05,0.0,0.0,0.0,0.0,0.0,0.0,0.720199549,0.0,0.0,4.8e-05,9.59e-05,0.000191874,0.0,0.0,9.59e-05,0.0,0.0,0.0,0.0,4.8e-05,9.59e-05,0.0,0.000287811,0.000191874,0.0,0.0,0.0,0.0,0.0,0.0,0.0,4.8e-05,0.0,0.000479685,9.59e-05,0.0,0.0,0.0,0.0,0.0,4.8e-05,0.0,0.0,4.8e-05,0.0,0.001582962,0.002494364,0.000143906,0.0,0.0,0.0,0.0,0.0,0.0,4.8e-05,0.0,0.0,0.0,0.0,0.0,0.0,9.59e-05,9.59e-05,0.000191874,0.0,0.0,0.0,0.000143906,0.0,0.0,0.000287811,0.0,0.0,4.8e-05,4.8e-05,0.006235909,9.59e-05,0.007147311,0.0,0.0,0.188996019,9.59e-05,0.0,4.8e-05,0.0,0.0,0.0,0.001726867,0.0,0.0,0.0,0.0,0.0,4.8e-05,0.0,0.000143906,0.0,0.0,0.0,9.59e-05,0.0,0.0,0.0,0.000191874,0.0,0.000143906,0.0,0.0,0.000911402,0.000479685,4.8e-05,0.000527654,0.010409172,0.0,0.000383748,4.8e-05,0.0,4.8e-05,0.0,0.0,0.0,0.0,0.0,0.0,0.0,0.0,0.0,0.003117955,0.0,0.0,0.000479685,0.0,0.0,0.0,0.00033578,0.0,0.002830143,9.59e-05,0.0,0.000143906,0.0,4.8e-05,0.0,0.0,0.0,0.0,0.0,0.0,0.001487025,0.0,0.0,0.002734206,4.8e-05,0.0,0.0,0.000479685,0.016405238,9.59e-05,0.0,0.0,0.0,0.0,0.0,0.0,0.0,0.0,0.0,0.0,9.59e-05,4.8e-05,0.005756224,0.0,0.0,0.0,0.0,0.000239843,9.59e-05,0.000143906,0.0,4.8e-05,0.002014678,0.0,0.0,0.000767497,0.0,0.000239843,0.0,0.0,0.0,0.0,0.0,0.000239843,4.8e-05,0.000719528,0.0,9.59e-05,0.0,0.0,0.000863434,0.0,0.0,0.0,0.0,0.000143906,0.0,4.8e-05,0.0,0.0,0.0,0.0,0.0,4.8e-05,0.0,0.0,0.0,0.0,0.0,0.0,4.8e-05,0.0,0.0,0.0,0.0,0.0,0.0,0.0,0.0,4.8e-05,0.0,0.0,0.0,0.0,0.000143906,0.0,0.000719528,0.0,0.0,0.0
SRR12478743,3.58e-05,0.000107392,3.58e-05,0.0,3.58e-05,0.0,0.0,0.0,0.0,0.00014319,0.0,0.011025595,3.58e-05,0.0,0.0,0.0,0.0,0.00014319,0.000250582,0.0,0.0,0.0,0.0,0.0,0.0,0.0,0.0,0.659208878,3.58e-05,0.0,0.0,7.16e-05,0.001002327,0.000214784,3.58e-05,0.000178987,3.58e-05,0.0,0.0,0.0,7.16e-05,0.0,0.0,3.58e-05,0.0,0.0,0.0,0.0,0.0,0.0,0.0,3.58e-05,0.0,3.58e-05,7.16e-05,0.0,0.0,0.0,0.0,0.000214784,0.0,7.16e-05,0.0,0.0,0.000107392,0.0,0.00068015,0.001073922,0.0,3.58e-05,0.0,0.0,0.0,0.0,0.000107392,7.16e-05,0.0,0.0,0.000178987,0.0,0.0,7.16e-05,0.0,0.0,0.003257562,0.0,0.0,0.0,0.000322176,0.0,0.0,0.0,7.16e-05,0.0,0.0,0.0,0.00014319,0.001109719,0.001539288,0.0,0.0,0.210524432,7.16e-05,0.0,7.16e-05,0.000107392,0.0,0.0,0.001933059,0.0,0.002219438,0.00014319,0.0,0.0,3.58e-05,0.0,0.0,0.0,0.0,3.58e-05,0.000107392,0.0,0.0,0.0,0.00014319,0.0,0.00014319,3.58e-05,0.0,0.000178987,0.0,0.0,0.000214784,0.011168785,0.0,0.000501163,0.000178987,0.0,0.000107392,0.0,0.0,0.0,0.0,0.0,0.0,0.0,0.0,0.0,0.02287453,0.0,0.006371935,0.012027922,3.58e-05,0.000178987,0.0,0.000286379,0.0,0.002291033,3.58e-05,0.000250582,3.58e-05,3.58e-05,0.0,0.0,0.000107392,0.0,0.0,0.0,0.0,0.000715948,0.0,0.0,0.002398425,0.0,0.0,0.0,0.0,0.013388223,0.0,0.0,0.0,0.0,0.0,0.0,0.0,0.0,0.0,0.0,3.58e-05,7.16e-05,3.58e-05,0.005655987,0.0,0.0,7.16e-05,0.0,0.0,0.017719706,0.0,0.0,0.000107392,0.00014319,0.0,0.0,0.000644353,0.0,0.0,0.0,0.0,0.0,3.58e-05,0.0,0.0,0.0,0.0,0.00014319,0.0,0.0,0.0,0.0,3.58e-05,0.000357974,0.0,0.0,0.000644353,0.0,0.0,0.0,0.0,3.58e-05,0.002004654,0.0,0.0,0.0,0.0,0.0,0.0,0.0,0.00014319,0.0,0.0,0.0,0.0,3.58e-05,0.0,0.0,0.0,0.0,7.16e-05,0.0,0.0,0.0,0.0,0.000178987,3.58e-05,0.0,0.0,0.0,0.0
SRR12478744,0.000287621,0.0,0.0,0.0,0.000115048,0.0,5.75e-05,0.0,0.0,0.0,0.0,0.001323056,0.0,0.0,0.000115048,0.0,0.0,0.000517717,0.000460193,0.0,5.75e-05,0.0,0.0,5.75e-05,0.0,0.0,5.75e-05,0.575931891,0.0,0.0,0.0,0.002358491,0.000287621,0.0,0.0,0.000862862,0.0,0.0,0.0,0.0,5.75e-05,5.75e-05,0.0,0.0,5.75e-05,0.0,0.0,0.0,0.0,0.0,5.75e-05,5.75e-05,0.000115048,0.000345145,0.000115048,0.000115048,0.0,0.0,0.0,0.0,0.0,0.0,0.0,0.0,0.0,0.001955821,5.75e-05,0.001668201,0.001840773,0.0,0.0,0.0,0.0,0.000115048,5.75e-05,0.0,0.000230097,0.0,0.0,0.0,0.0,0.0,0.011044639,0.0,0.010411873,0.0,0.0,0.0,5.75e-05,0.0,0.0,0.0,0.0,0.0,0.000172572,0.000115048,0.003969167,0.000172572,0.009031293,0.000345145,0.0,0.026231017,0.0,0.000115048,0.0,0.000172572,0.000230097,0.0,0.001553152,0.0,0.038943856,0.0,0.0,0.0,0.0,0.0,0.000115048,0.0,0.0,5.75e-05,0.0,0.0,0.000172572,0.0,5.75e-05,0.0,0.000345145,0.0,0.0,0.000115048,0.000402669,0.0,0.000172572,0.004889554,0.0,0.001438104,0.0,0.0,0.0,0.0,0.0,0.000287621,0.0,0.0,0.0,0.0,0.0,5.75e-05,0.00069029,0.0,0.0,0.005464795,5.75e-05,0.000805338,0.0,0.001783249,0.0,0.000345145,0.0,0.000345145,0.000115048,0.000287621,0.0,0.0,0.0,0.0,0.0,0.0,0.0,0.001208007,0.0,0.0,0.010124252,0.000115048,0.0,0.0,0.000287621,0.00138058,0.0,0.0,0.000287621,0.0,0.0,0.0,0.002185918,0.0,0.0,0.0,0.0,0.001208007,0.000172572,0.250230097,0.0,0.0,0.0,5.75e-05,5.75e-05,0.000920387,0.0,0.0,0.0,0.001725725,0.0,5.75e-05,0.005004602,0.0,0.000115048,0.0,0.0,0.0,0.001438104,0.0,0.000230097,0.0,0.000517717,0.0,0.000575242,0.0,0.0,0.0,0.0,0.0,0.0,0.0,0.000805338,0.0,5.75e-05,0.0,0.0,0.0,0.000172572,0.0,0.0,0.0,0.0,0.0,0.0,0.0,0.0,0.0,5.75e-05,0.0,0.0,0.0,0.0,0.000115048,0.0,0.0,0.000345145,0.0,5.75e-05,0.0,0.0,0.0,0.0,0.000402669,0.0,0.0,0.0
SRR12478745,0.0,0.0,0.0,0.0,0.0,0.0,0.0,0.0,0.0,0.0,0.0,0.0,0.0,0.0,0.0,0.0,0.0,0.0,0.0,0.0,0.0,0.0,0.0,0.0,0.0,0.0,0.0,0.0,0.0,0.0,0.0,0.0,0.0,0.0,0.0,0.0,0.0,0.0,0.0,0.0,0.0,0.0,0.0,0.0,0.0,0.0,0.0,0.0,0.0,0.0,0.0,0.0,0.0,0.0,0.0,0.0,0.0,0.0,0.0,0.0,0.0,0.0,0.0,0.0,0.0,0.0,0.0,0.0,0.0,0.0,0.0,0.0,0.0,0.0,0.0,0.0,0.0,0.0,0.0,0.0,0.0,0.0,0.0,0.0,0.0,0.0,0.0,0.0,0.0,0.0,0.0,0.0,0.0,0.0,0.0,0.0,0.0,0.0,0.0,0.0,0.0,0.090909091,0.0,0.0,0.0,0.0,0.0,0.0,0.0,0.0,0.0,0.0,0.0,0.0,0.0,0.0,0.0,0.0,0.0,0.0,0.0,0.0,0.0,0.0,0.0,0.0,0.0,0.0,0.0,0.0,0.0,0.0,0.0,0.0,0.0,0.0,0.0,0.0,0.0,0.0,0.0,0.0,0.0,0.0,0.0,0.0,0.0,0.0,0.0,0.0,0.0,0.0,0.0,0.0,0.0,0.0,0.0,0.0,0.0,0.0,0.0,0.0,0.0,0.0,0.0,0.0,0.0,0.0,0.0,0.0,0.0,0.0,0.0,0.0,0.0,0.0,0.0,0.0,0.0,0.0,0.0,0.0,0.0,0.0,0.0,0.0,0.0,0.0,0.0,0.0,0.0,0.909090909,0.0,0.0,0.0,0.0,0.0,0.0,0.0,0.0,0.0,0.0,0.0,0.0,0.0,0.0,0.0,0.0,0.0,0.0,0.0,0.0,0.0,0.0,0.0,0.0,0.0,0.0,0.0,0.0,0.0,0.0,0.0,0.0,0.0,0.0,0.0,0.0,0.0,0.0,0.0,0.0,0.0,0.0,0.0,0.0,0.0,0.0,0.0,0.0,0.0,0.0,0.0,0.0,0.0,0.0,0.0,0.0,0.0,0.0,0.0,0.0,0.0,0.0,0.0,0.0,0.0,0.0,0.0
SRR12478746,5.9e-05,0.000118022,5.9e-05,0.0,0.00059011,0.0,0.0,0.0,0.000118022,5.9e-05,0.0,0.000118022,5.9e-05,0.0,5.9e-05,0.0,0.0,0.000236044,0.000944176,0.0,0.000236044,0.000118022,0.0,5.9e-05,0.0,0.0,0.0,0.610940635,5.9e-05,0.0,0.005192966,0.0,0.000118022,0.000177033,5.9e-05,0.000177033,0.0,0.0,0.0,0.0,0.0,0.0,0.000118022,0.0,0.000118022,0.000118022,0.000177033,0.0,0.0,5.9e-05,5.9e-05,0.000295055,0.0,0.000885165,0.000472088,0.000177033,0.0,0.0,0.0,0.0,0.0,0.000118022,0.0,0.0,0.0,0.0,0.001298241,0.002478461,0.000236044,0.000236044,0.0,0.0,0.0,5.9e-05,0.000177033,5.9e-05,0.000649121,0.000118022,0.0,0.0,0.0,0.0,0.0,0.0,5.9e-05,5.9e-05,0.0,0.0,0.000295055,0.002301428,0.0,0.000649121,0.0,5.9e-05,0.000118022,0.000413077,0.004720878,0.000413077,0.002950549,0.0,0.0,0.245957748,0.004897911,0.000177033,0.0,0.000295055,5.9e-05,0.0,0.001711318,0.0,0.0,0.0,0.000118022,0.0,5.9e-05,0.0,0.000885165,0.0,0.0,0.019473622,5.9e-05,0.0,0.0,0.0,0.000531099,0.0,0.002832527,0.0,0.0,0.000295055,0.001003187,0.0,0.000295055,0.001003187,0.0,0.001298241,0.0,0.0,5.9e-05,0.0,0.0,0.000177033,0.0,0.0,0.0,0.0,0.0,0.0,0.001593296,0.0,0.0,0.000118022,5.9e-05,0.00059011,0.0,0.000177033,0.0,0.0,0.0,0.0,0.0,0.000531099,0.000118022,0.0,0.0,0.0,0.0,0.0,0.0,5.9e-05,5.9e-05,0.000295055,0.014929777,0.000295055,0.0,0.0,0.000413077,0.037058893,0.000118022,0.0,0.0,0.0,0.0,0.0,0.0,0.0,0.0,0.0,0.0,5.9e-05,0.000118022,0.006078131,0.0,0.0,0.000354066,0.0,0.0,0.0,5.9e-05,5.9e-05,0.0,0.000708132,0.0,0.000531099,0.001652307,0.0,0.001534285,5.9e-05,0.0,0.0,0.0,0.0,0.000708132,5.9e-05,0.000472088,0.0,0.000708132,0.0,0.0,0.0,0.0,0.000767143,0.000118022,5.9e-05,0.001534285,5.9e-05,0.000295055,0.0,0.0,0.0,0.0,0.0,5.9e-05,0.0,0.0,0.000177033,0.0,0.0,0.000118022,0.0,0.0,0.0,0.0,5.9e-05,0.0,5.9e-05,0.0,0.0,0.000649121,0.0,5.9e-05,0.0,0.0,0.0,0.000295055,0.000413077,0.0,0.0,0.0
SRR12478747,0.000140449,0.010440075,0.0,0.0,0.000327715,0.0,0.0,0.0,0.0,0.000140449,0.0,0.003370787,0.0,0.0,4.68e-05,0.0,4.68e-05,0.000561798,0.000514981,0.0,0.000234082,0.000187266,0.0,0.0,0.0,0.0,4.68e-05,0.149531835,0.000280899,4.68e-05,0.003089888,4.68e-05,4.68e-05,0.0,4.68e-05,4.68e-05,0.0,0.0,0.0,4.68e-05,4.68e-05,4.68e-05,9.36e-05,0.0,4.68e-05,0.290449438,0.0,0.0,0.0,0.0,9.36e-05,4.68e-05,0.0,0.001872659,4.68e-05,0.000280899,0.0,9.36e-05,0.0,9.36e-05,0.0,0.0,0.0,0.0,0.0,0.0,0.001264045,0.007022472,0.000374532,0.0,0.0,0.0,0.0,0.0,0.0,9.36e-05,0.000983146,4.68e-05,0.0,0.0,0.0,0.0,0.004541199,0.0,4.68e-05,0.0,0.0,0.0,4.68e-05,0.0,0.0,0.000468165,0.0,9.36e-05,0.000187266,0.0,0.001123596,0.000702247,0.015262172,0.0,0.0,0.206460674,0.000421348,0.004166667,0.0,0.0,0.0,0.0,0.001919476,0.0,0.0,9.36e-05,0.0,0.0,0.0,0.0,0.0,0.0,0.0,0.000140449,4.68e-05,4.68e-05,0.000234082,0.0,0.000140449,0.0,0.000374532,0.0,0.0,4.68e-05,0.000280899,0.0,4.68e-05,0.003838951,0.0,0.000234082,0.0,0.0,0.0,0.0,0.0,0.000187266,4.68e-05,0.0,0.0,0.000187266,0.0,0.0,0.000983146,0.0,0.0,0.0,0.000140449,0.0,0.0,0.000327715,0.000140449,0.002294007,0.0,0.0,0.003043071,0.000234082,0.0,0.0,4.68e-05,0.0,0.0,0.0,0.0,0.000468165,0.011235955,9.36e-05,0.014138577,0.000140449,0.0,0.0,0.0,0.02247191,0.0,0.0,0.0,0.0,0.0,0.005102996,0.0,0.0,0.0,0.0,0.0,0.0,0.0,0.204588015,0.0,0.0,0.0,0.0,0.000561798,9.36e-05,0.0,4.68e-05,4.68e-05,0.000749064,0.0,0.000140449,0.013857678,0.0,0.000842697,4.68e-05,0.0,0.0,9.36e-05,0.0,0.000374532,9.36e-05,0.0,0.0,4.68e-05,0.0,0.0,0.000140449,0.0,0.000140449,4.68e-05,0.0,0.000280899,0.0,0.00079588,0.0,0.000280899,0.0,4.68e-05,0.0,4.68e-05,9.36e-05,4.68e-05,0.0,0.0,0.0,0.000140449,0.0,9.36e-05,0.0,0.0,4.68e-05,0.0,0.0,0.0,0.0,0.000327715,0.0,0.0,0.0,0.0,0.000140449,0.0,9.36e-05,0.0,0.0,0.0
SRR12478748,0.0,0.022812067,0.0,0.003624347,0.000213197,0.0,0.0,0.0,0.0,0.001172583,0.0,0.000106598,0.0,0.0,0.000213197,0.0,0.0,0.016629357,0.000639591,0.0,0.000426394,0.000106598,0.0,0.0,0.0,0.0,0.000106598,0.029847564,0.0,0.0,0.010126852,0.000532992,0.001918772,0.000106598,0.0,0.000532992,0.0,0.0,0.0,0.000106598,0.000319795,0.0,0.0,0.000213197,0.0,0.000106598,0.0,0.000106598,0.0,0.0,0.0,0.000639591,0.000213197,0.00277156,0.000213197,0.000532992,0.0,0.000639591,0.0,0.0,0.0,0.0,0.0,0.0,0.000106598,0.0,0.000532992,0.00959386,0.000106598,0.000426394,0.0,0.0,0.0,0.0,0.000319795,0.0,0.000213197,0.0,0.0,0.000106598,0.0,0.000213197,0.001812174,0.0,0.018867925,0.0,0.0,0.000106598,0.000319795,0.0,0.0,0.000213197,0.0,0.000426394,0.0,0.000106598,0.003624347,0.001172583,0.053725616,0.0,0.0,0.229399851,0.001279181,0.000639591,0.0,0.0,0.0,0.0,0.005010127,0.000106598,0.0,0.000106598,0.0,0.0,0.0,0.0,0.001918772,0.0,0.0,0.000213197,0.000106598,0.0,0.0,0.0,0.0,0.0,0.000319795,0.000106598,0.0,0.000319795,0.000746189,0.0,0.000319795,0.003624347,0.0,0.001065984,0.0,0.0,0.0,0.0,0.0,0.002345166,0.0,0.0,0.0,0.0,0.000106598,0.0,0.00138578,0.0,0.0,0.0,0.000106598,0.0,0.0,0.000959386,0.000532992,0.012365419,0.000319795,0.000213197,0.0,0.000426394,0.0,0.0,0.0,0.0,0.0,0.0,0.0,0.000639591,0.0,0.000213197,0.018441531,0.0,0.0,0.0,0.000319795,0.008741072,0.0,0.0,0.0,0.0,0.0,0.003517749,0.0,0.0,0.0,0.0,0.0,0.0,0.0,0.46711438,0.0,0.0,0.0,0.0,0.000746189,0.008101482,0.0,0.0,0.000106598,0.008527875,0.000106598,0.000426394,0.007781686,0.0,0.002558363,0.0,0.0,0.0,0.000213197,0.0,0.001279181,0.000106598,0.000106598,0.0,0.000106598,0.0,0.0,0.003517749,0.0,0.000106598,0.000319795,0.0,0.002345166,0.0,0.001279181,0.000106598,0.000106598,0.000213197,0.0,0.0,0.000319795,0.003091355,0.0,0.001065984,0.0,0.0,0.000106598,0.0,0.0,0.0,0.0,0.0,0.000852788,0.0,0.0,0.0,0.002664961,0.0,0.0,0.0,0.0,0.001172583,0.0,0.000639591,0.0,0.0,0.0
SRR12478749,0.000482044,0.039768619,0.000241022,0.0,0.000723066,0.0,0.0,0.0,0.0,0.018317667,0.0,0.001566643,0.0,0.000120511,0.0,0.0,0.000120511,0.00120511,0.000482044,0.000241022,0.000120511,0.0,0.0,0.0,0.0,0.0,0.000120511,0.41889612,0.000120511,0.0,0.023981682,0.009640877,0.000482044,0.0,0.000120511,0.000241022,0.0,0.0,0.0,0.0,0.0,0.0,0.0,0.0,0.000120511,0.000120511,0.0,0.000120511,0.0,0.0,0.0,0.002289708,0.0,0.0,0.000361533,0.000361533,0.0,0.000361533,0.0,0.000241022,0.0,0.000120511,0.0,0.0,0.0,0.0,0.000482044,0.007953724,0.0,0.0,0.0,0.0,0.000120511,0.0,0.000241022,0.0,0.0,0.000120511,0.000241022,0.0,0.0,0.0,0.000361533,0.0,0.0,0.0,0.0,0.0,0.000241022,0.0,0.0,0.000482044,0.0,0.001084599,0.0,0.0,0.001687154,0.005061461,0.006507592,0.000120511,0.0,0.367076404,0.002048686,0.000843577,0.000241022,0.0,0.0,0.0,0.002410219,0.0,0.000602555,0.000241022,0.0,0.0,0.0,0.0,0.000120511,0.0,0.0,0.000241022,0.000361533,0.0,0.0,0.0,0.000241022,0.0,0.0,0.0,0.0,0.000723066,0.000964088,0.0,0.000120511,0.011810075,0.0,0.001687154,0.0,0.0,0.000241022,0.0,0.0,0.000120511,0.0,0.0,0.0,0.018799711,0.0,0.0,0.0,0.0,0.0,0.000241022,0.000120511,0.0,0.0,0.000120511,0.0,0.002651241,0.0,0.0,0.0,0.000361533,0.000120511,0.0,0.0,0.0,0.000120511,0.0,0.0,0.0,0.0,0.000482044,0.008194746,0.000241022,0.0,0.0,0.000361533,0.000241022,0.000602555,0.0,0.0,0.0,0.0,0.0,0.0,0.0,0.0,0.0,0.0,0.000120511,0.000120511,0.004699928,0.0,0.0,0.0,0.0,0.000843577,0.0,0.000241022,0.0,0.000120511,0.005181972,0.0,0.000120511,0.000361533,0.0,0.004579417,0.0,0.0,0.0,0.0,0.0,0.006025548,0.000241022,0.000241022,0.0,0.0,0.0,0.0,0.0,0.0,0.000723066,0.000602555,0.0,0.000602555,0.0,0.000241022,0.0,0.000120511,0.0,0.0,0.0,0.000120511,0.0,0.0,0.000482044,0.0,0.0,0.000241022,0.0,0.0,0.0,0.0,0.0,0.0,0.0,0.0,0.000120511,0.0,0.0,0.000120511,0.0,0.0,0.0,0.0,0.000241022,0.0,0.0,0.0
SRR12478750,0.0,0.00023015,0.0,0.0,0.000690449,0.0,0.00023015,0.0,0.0,0.0,0.0,0.000383583,0.0,0.0,0.0,0.0,7.67e-05,0.000153433,0.0,0.0,0.0,0.0,0.0,0.0,0.0,0.0,0.0,0.555427695,7.67e-05,0.0,7.67e-05,0.00023015,0.0,0.0,0.0,0.0,0.0,0.0,0.0,7.67e-05,0.0,0.0,0.0,0.000306866,7.67e-05,0.0,0.0,0.0,0.0,0.0,0.0,0.0,7.67e-05,0.00552359,0.001917913,7.67e-05,0.0,0.0,0.0,0.0,0.0,0.0,0.0,0.0,0.0,0.0,0.001150748,0.000613732,0.0,0.0,0.0,0.0,7.67e-05,0.0,0.000153433,0.0,7.67e-05,0.0,0.0,0.0,0.0,0.0,7.67e-05,0.0,0.000153433,0.0,0.0,0.0,0.0,0.0,0.0,0.000383583,0.0,0.0,0.000153433,0.0,0.008822401,0.0,0.000306866,0.0,0.0,0.003298811,0.000153433,0.0,0.0,0.0,0.0,0.0,0.000153433,0.0,0.03053318,0.0,0.0,0.0,0.0,0.0,0.0,0.0,0.0,7.67e-05,0.0,0.0,0.0,0.0,7.67e-05,0.0,0.000306866,7.67e-05,0.0,0.000306866,0.000306866,0.0,0.0,7.67e-05,0.0,0.000690449,0.0,0.0,7.67e-05,7.67e-05,0.0,0.000537016,0.0,0.0,0.0,0.0,0.0,0.0,0.001380898,0.0,0.0,0.0,0.000153433,0.0,0.0,0.0,0.0,0.001457614,7.67e-05,7.67e-05,0.0,0.002071346,0.000153433,0.0,0.0,0.0,0.0,0.0,0.0,0.0,0.0,0.0,0.0,0.0,0.0,0.0,0.000920598,0.335021097,7.67e-05,0.0,0.0,0.0,0.0,0.0,0.0,0.0,0.0,0.0,0.0,0.0,0.000537016,0.030916763,0.0,0.0,0.0,0.0,0.0,0.000153433,0.0,0.0,0.0,7.67e-05,0.0,0.0,0.000537016,0.0,0.000460299,0.0,0.0,0.0,0.0,0.0,0.000383583,0.0,0.001227465,0.0,0.000383583,0.0,0.0,0.0,0.0,0.0,0.0,0.0,0.000153433,0.0,0.0,0.0,0.0,0.0,0.004065976,0.0,0.0,0.0,0.0,0.0,0.0,0.0,0.001611047,0.0,0.0,0.0,0.0,0.0,0.0,0.0,7.67e-05,0.0,7.67e-05,0.0,0.0,0.0,0.0,0.0,0.0,0.001074031,0.0,0.0,0.0
SRR12478751,0.0,0.035790336,0.0,0.0,0.0,0.0,0.0,0.0,0.0,0.0,0.0,0.012121212,0.0,0.0,0.0,0.0,0.0,0.0,0.0001638,0.0,0.0,0.0,0.0,0.0,0.0,0.0,0.0,0.621785422,0.0,0.0,0.000573301,0.0003276,0.0,0.0,0.0,0.0,0.0,0.0,0.0,8.19e-05,0.0,0.0,0.0,0.0,0.0,0.0,0.0,0.0,0.0,0.0,0.0,0.0,0.0,0.0,0.000573301,0.000655201,0.0,0.0,0.0,0.0001638,0.0,0.0,0.0,0.0,0.0,0.0,0.003112203,0.0003276,0.0,0.0,0.0,0.0,0.0,0.0,8.19e-05,0.0,8.19e-05,0.0,0.0,0.0,0.0,0.0,0.0002457,0.0,0.0,0.0,0.0,0.0,0.0004095,0.0,0.0,0.0003276,0.0,0.0,0.0,0.0,0.0004095,0.014987715,0.0002457,0.0,0.0,0.021539722,0.0,8.19e-05,8.19e-05,0.0,0.0,0.0,0.0002457,0.0,0.0,0.0,0.0,0.0,0.0,0.0,0.0,0.0,0.0,0.0,0.0,0.0,0.0,0.0,0.0001638,0.0,8.19e-05,0.0,0.0,0.0,0.0002457,0.0,8.19e-05,0.027846028,0.0,0.0004095,0.0,0.0,0.0,0.0,0.0,0.0,0.0,0.0,0.0,0.0,0.0,0.0,0.001801802,0.0,0.0,0.0002457,0.0,0.0,0.0,0.0,0.0,0.000982801,0.0,0.003112203,0.0,8.19e-05,0.0,0.0,0.0,0.003112203,0.0,0.0,0.0,0.0002457,0.0,0.0001638,0.0,0.0,0.0,0.0,0.0,0.202620803,0.0,0.0,0.0,0.0,0.0,0.0,0.0,0.0,0.0,0.0,0.0,0.0,8.19e-05,0.001228501,0.0,0.0,0.0,0.0,0.0,0.0,0.0,0.0,0.0,0.0001638,8.19e-05,0.0,0.006552007,0.0,0.0,0.0,0.0,0.0,0.0,0.0,0.0,0.0,0.0002457,0.0,0.0,0.0,0.0,0.0,0.0,0.0,0.0,0.0,8.19e-05,0.0,0.0001638,0.0,0.0,0.0,0.0,0.0,0.0,0.0,0.0,0.0,0.0,0.0,0.0,8.19e-05,0.0,0.0,0.0,0.0,0.0,0.0,0.0,0.0,0.0,0.0,0.0,0.0,0.0,8.19e-05,0.0,0.0,0.0,0.0,0.0
SRR12478752,0.000229634,5.74e-05,0.0,0.0,0.000172226,0.0,0.000172226,0.0,5.74e-05,0.0,0.0,0.007233481,0.0,0.0,0.0,0.0,5.74e-05,0.00040186,0.000114817,0.0,0.0,0.0,0.0,0.0,5.74e-05,0.0,0.0,0.475859693,0.0,0.0,5.74e-05,0.000172226,0.0,0.000172226,0.000172226,5.74e-05,5.74e-05,0.0,0.0,0.0,0.0,0.0,0.0,0.0,0.0,0.0,0.0,0.0,0.0,0.0,0.0,0.0,0.0,0.0,5.74e-05,0.0,0.0,0.0,0.0,5.74e-05,0.0,0.0,0.0,0.0,0.0,0.0,0.008266835,0.001837074,0.0,5.74e-05,0.0,0.0,5.74e-05,0.0,0.0,0.0,0.000114817,0.0,0.0,0.0,0.0,0.0,0.0,0.0,5.74e-05,0.0,0.0,0.0,0.000287043,0.0,0.0,0.000114817,0.0,0.0,0.0,0.000287043,0.000975946,0.000344451,0.001664849,0.0,0.0,0.201389288,0.024169011,0.000229634,0.0,0.000229634,0.0,0.0,0.005970492,0.0,0.0,5.74e-05,0.0,0.0,0.0,0.0,0.002296343,0.0,0.0,0.0,0.0,0.0,0.0,0.0,5.74e-05,0.0,0.000287043,5.74e-05,0.0,5.74e-05,5.74e-05,0.0,0.000229634,0.008726104,0.0,0.000344451,0.000114817,0.0,5.74e-05,0.0,0.0,5.74e-05,0.0,0.0,0.0,0.0,0.000172226,0.0,0.000287043,0.0,0.0,0.0,5.74e-05,0.0,0.0,0.000229634,0.0,0.002238934,0.0,0.00120558,0.0,0.000172226,0.0,0.0,0.0,0.0,0.0,0.0,0.0,0.0,0.0,0.0,0.002353752,0.0,0.0,0.0,0.000114817,0.161605144,0.0,0.0,0.0,0.0,0.0,0.0,0.0,0.0,0.0,0.0,0.0,5.74e-05,0.0,0.006027901,0.0,0.0,0.0,0.0,5.74e-05,0.060393823,0.000114817,0.0,0.0,0.000172226,0.0,0.0,0.000172226,0.0,5.74e-05,0.0,0.0,0.0,0.0,0.0,0.000114817,0.0,5.74e-05,0.0,0.000114817,0.0,0.0,0.0,0.000229634,0.0,0.0,0.0,0.001951892,0.0,0.010965038,0.0,0.0,5.74e-05,0.0,0.0,5.74e-05,0.0,0.0,0.0,0.0,0.0,0.0,0.0,0.00040186,0.0,5.74e-05,0.000114817,0.0,0.0,5.74e-05,0.0,0.00522418,0.0,0.0,0.0,0.0,0.0,0.0,5.74e-05,0.0,0.0,0.0
SRR12478753,0.000132398,0.022507613,0.0,0.0,0.0,0.0,0.0,0.0,0.0,6.62e-05,0.0,0.000132398,0.0,0.0,0.0,0.0,0.0,0.000264795,6.62e-05,0.0,0.000330994,0.0,0.0,0.0,0.000198597,0.0,0.0,0.48199391,0.000529591,0.0,6.62e-05,6.62e-05,0.00350854,0.0,0.0,0.002052165,0.0,0.0,0.0,0.0,0.0,0.0,0.0,0.0,0.0,0.0,0.0,0.0,0.0,0.0,0.0,0.0,0.0,0.000264795,0.000198597,0.0,0.0,0.0,0.0,0.000132398,0.0,0.0,0.0,0.0,0.0,0.0,0.024228783,0.105918178,0.0,0.0,0.0,0.0,0.0,0.0,0.0,0.0,0.0,0.0,0.0,0.000132398,0.0,0.0,0.0,0.0,6.62e-05,0.0,0.0,0.0,0.0,0.0,0.0,0.0,0.0,0.0,0.0,6.62e-05,0.000264795,0.0,0.006553687,0.0,0.0,0.242685026,0.016946909,0.000860585,0.0,0.000926784,0.0,0.0,0.000992983,0.0,6.62e-05,0.000132398,0.0,0.0,6.62e-05,0.0,0.0,0.0,0.0,0.0,0.0,0.0,0.0,0.0,0.000198597,0.0,0.0,6.62e-05,0.0,0.000397193,6.62e-05,0.0,0.001390176,0.05348868,0.0,0.001390176,0.0,0.0,6.62e-05,0.0,0.0,6.62e-05,0.0,0.0,0.0,0.0,0.0,0.0,0.0,0.0,0.0,0.00059579,0.000132398,0.0,0.0,0.000330994,6.62e-05,0.016549715,0.0,0.0,0.0,0.000132398,0.0,0.0,0.0,0.0,0.0,0.0,0.0,6.62e-05,0.0,6.62e-05,0.001654972,0.0,0.000132398,0.0,0.000132398,6.62e-05,0.0,0.0,0.0,0.0,0.0,0.0,0.0,0.0,0.0,0.0,0.0,0.0,0.0,0.00231696,0.0,0.0,0.0,0.0,0.0,0.0,0.0,0.0,0.000132398,0.004700119,0.0,0.000132398,0.000992983,0.0,0.0,0.0,0.0,0.0,6.62e-05,0.0,6.62e-05,0.0,6.62e-05,0.0,6.62e-05,0.0,0.0,0.0,0.0,0.0,0.0,0.0,0.00059579,0.0,0.0,6.62e-05,0.0,6.62e-05,0.0,0.0,6.62e-05,0.0,0.0,0.0,0.0,0.0,0.0,6.62e-05,0.0,0.0,6.62e-05,0.0,0.0,0.000330994,6.62e-05,0.0,6.62e-05,0.0,0.0,0.0,0.0,0.0,0.0,0.000132398,0.0,0.0,0.0
SRR12478754,0.000260629,0.00325786,0.0,3.26e-05,9.77e-05,0.0,6.52e-05,0.0,0.0,0.000130314,0.0,0.000358365,0.0,0.0,0.0,0.0,0.0,0.000260629,0.000847043,0.0,6.52e-05,0.0,0.0,0.0,0.0,0.0,0.0,0.177129826,3.26e-05,0.0,0.0,0.000195472,0.00022805,3.26e-05,6.52e-05,0.000879622,0.0,0.0,0.0,0.000130314,0.0,0.0,0.0,0.0,0.0,3.26e-05,0.0,0.0,0.0,0.0,0.0,3.26e-05,0.0,0.000293207,0.000195472,0.0,0.0,0.0,0.0,0.0,0.0,6.52e-05,0.0,0.0,6.52e-05,6.52e-05,6.52e-05,0.000521258,0.000423522,0.000553836,0.0,0.0,3.26e-05,3.26e-05,0.0,9.77e-05,0.000390943,3.26e-05,0.0,0.0,0.0,0.0,0.001596351,0.0,0.007297605,3.26e-05,0.0,0.0,6.52e-05,0.0,0.0,0.0,0.0,0.0,0.0,0.000390943,0.000130314,0.000358365,0.003518488,0.0,0.0,0.114969865,0.000195472,0.000130314,0.0,9.77e-05,0.0,0.000130314,0.003779117,0.0,3.26e-05,6.52e-05,0.0,3.26e-05,3.26e-05,0.0,3.26e-05,0.0,3.26e-05,0.0,3.26e-05,6.52e-05,0.000162893,0.0,3.26e-05,0.0,0.000162893,0.0,0.0,0.000195472,9.77e-05,0.0,6.52e-05,0.00231308,0.0,0.000586415,0.0,0.0,3.26e-05,0.0,0.0,0.000162893,0.0,0.0,0.0,3.26e-05,0.0,0.0,0.014139111,0.0,0.0,0.004104903,6.52e-05,0.0,0.0,0.001140251,3.26e-05,0.000130314,0.0,0.000651572,9.77e-05,0.000553836,9.77e-05,0.0,6.52e-05,0.0,0.0,0.0,0.0,3.26e-05,0.0,3.26e-05,0.006287669,0.000162893,0.0,0.0,0.0,0.000684151,0.0,0.0,0.0,0.0,0.0,6.52e-05,0.0,0.0,0.0,0.0,0.0,0.0,0.0,0.639778466,0.0,0.0,3.26e-05,0.0,6.52e-05,6.52e-05,0.0,6.52e-05,0.000130314,0.000423522,0.000293207,0.000423522,0.000684151,0.0,0.0,0.0,0.0,0.0,0.001270565,0.0,0.0,0.0,3.26e-05,0.0,6.52e-05,0.0,0.0,0.00022805,0.0,0.0,0.0,0.000293207,0.001303144,0.0,0.000130314,0.0,0.0,0.0,0.000847043,0.0,0.0,0.0,0.0,3.26e-05,0.0,0.0,0.0,0.0,3.26e-05,0.0,0.0,6.52e-05,0.0,0.0,0.0,0.0,9.77e-05,0.0,3.26e-05,0.0,0.0,0.0,0.0,0.0,0.0,0.0,0.0
SRR12478755,0.000177221,0.026110586,0.0,0.0,0.000236295,0.0,0.0,0.0,0.0,0.0,0.0,0.00206758,0.0,0.0,5.91e-05,0.0,0.0,0.000118147,0.000177221,0.0,0.000177221,5.91e-05,0.0,0.0,0.000118147,0.0,0.0,0.14721172,0.0,0.0,0.003426276,0.000118147,0.001240548,0.0,0.0,0.000118147,0.0,5.91e-05,0.0,0.0,0.0,0.000118147,0.0,0.0,5.91e-05,0.0,0.0,0.0,0.0,0.0,0.0,0.0,0.0,5.91e-05,0.000177221,5.91e-05,0.0,0.0,0.0,0.000354442,0.0,5.91e-05,0.0,0.0,0.0,0.0,5.91e-05,0.007561437,0.00206758,0.0,0.0,0.0,0.0,0.0,0.000236295,0.0,0.0,0.0,0.0,0.0,0.0,0.0,0.000649811,0.0,0.000118147,5.91e-05,0.0,0.0,0.0,5.91e-05,0.0,0.000118147,0.0,0.000177221,0.0,0.0,0.000886106,0.000236295,0.002894612,0.0,0.0,0.128839792,0.0,0.0,0.0,0.0,0.0,0.0,0.001476843,0.0,0.000413516,0.0,0.0,0.0,5.91e-05,0.0,0.001417769,0.0,0.0,0.002185728,5.91e-05,0.0,0.0,0.0,5.91e-05,0.0,0.000118147,0.0,0.0,0.000649811,0.000177221,0.0,0.000413516,0.012878072,0.0,0.001181474,5.91e-05,0.0,0.0,0.0,0.0,0.0,0.0,0.0,0.0,0.0,0.0,0.0,0.0,0.0,0.001831285,0.006675331,0.000354442,0.0,0.0,0.001063327,0.0,0.001772212,0.0,0.0,5.91e-05,0.0,0.0,0.0,5.91e-05,0.0,0.0,0.0,0.0,0.000590737,0.0,0.0,0.002481096,0.0,5.91e-05,0.0,0.0,0.008742911,0.0,0.0,0.0,0.0,0.0,0.0,0.000177221,0.0,0.0,0.0,0.0,5.91e-05,0.0,0.586779301,0.0,0.0,0.0,0.0,0.0,0.003839792,0.0,0.0,0.0,0.008152174,0.0,0.014236767,0.006143667,0.0,0.000708885,0.000118147,0.0,0.0,0.004489603,0.0,0.000886106,0.0,5.91e-05,0.0,0.0,0.0,0.0,0.0,0.0,0.000177221,0.0,0.0,0.00094518,0.0,0.0,0.0,0.0,0.0,0.000118147,0.0,5.91e-05,0.0,0.0,0.000886106,0.0,0.0,0.0,0.0,0.0,0.0,0.0,0.0,0.0,0.0,0.0,0.0,0.0,0.0,0.000118147,0.0,0.0,5.91e-05,0.0,0.0,0.0,0.0,0.0
SRR12478756,5.36e-05,0.000375054,0.0,0.0,0.0,0.0,0.0,0.0,0.0,5.36e-05,0.0,0.016555937,0.0,0.0,0.000107158,0.0,0.0,0.000107158,0.000160737,0.0,0.0,0.0,0.0,0.0,0.0,0.0,0.0,0.614659237,0.000910844,0.0,0.0,0.0,0.0,5.36e-05,0.0,5.36e-05,0.0,0.0,0.0,0.0,0.0,0.0,0.0,0.0,0.0,0.0,0.000107158,0.0,0.0,0.0,0.0,0.0,0.0,0.0,0.000160737,0.0,0.0,0.0,0.0,5.36e-05,0.0,0.0,5.36e-05,0.0,0.003696957,0.0,5.36e-05,0.001071582,0.0,0.0,0.0,0.0,0.0,0.0,5.36e-05,0.0,0.0,0.000107158,0.0,0.0,5.36e-05,0.0,0.0,0.0,0.000160737,0.0,0.0,0.0,0.000160737,0.0,0.0,5.36e-05,0.0,0.0,0.0,0.0,0.000910844,0.00058937,0.004447064,0.0,0.0,0.274753536,0.0,0.000214316,0.0,0.000160737,0.0,0.0,0.001393056,0.0,0.0,0.0,0.0,5.36e-05,0.0,0.0,0.0,0.0,0.0,0.003750536,0.0,0.0,0.0,0.0,0.000107158,0.0,0.0,0.0,0.0,0.000214316,0.000160737,0.0,5.36e-05,0.000803686,0.0,0.00289327,0.0,0.0,5.36e-05,0.0,0.0,0.0,0.0,0.0,0.0,0.0,0.000107158,0.0,5.36e-05,0.0,0.0,0.000214316,0.000107158,0.0,0.0,0.0,0.0,0.000321474,0.0,0.008840549,0.0,0.000214316,0.0,0.0,0.0,5.36e-05,0.0,0.0,0.0,0.001232319,0.0,0.000107158,0.022717531,0.000107158,0.0,0.0,5.36e-05,0.024164166,0.0,0.0,0.0,0.0,0.0,0.0,0.0,0.0,0.0,0.0,0.0,5.36e-05,0.0,0.001607372,5.36e-05,0.0,0.0,0.0,5.36e-05,5.36e-05,0.0,0.0,0.0,0.0,0.0,0.000160737,0.003054008,0.0,0.000160737,0.0,0.0,0.0,0.0,0.0,0.0,0.0,0.0,0.0,5.36e-05,0.0,0.0,0.0,5.36e-05,0.000107158,0.0,0.0,0.000803686,0.0,0.000160737,0.000107158,0.0,5.36e-05,0.004607801,0.0,0.000160737,0.0,0.0,0.0,0.0,0.0,0.0,0.0,0.0,0.0,0.0,0.0,0.0,0.0,0.0,0.0,0.0,0.0,0.0,0.0,0.0,0.0,0.0,5.36e-05,0.0,0.0,0.0
SRR12478757,0.000108483,0.001193317,0.0,0.0,0.0006509,0.0,0.0,0.0,0.0,0.00542417,0.0,0.015838577,0.0,0.0,0.0,0.0,0.0,0.000433934,0.000867867,0.0,0.000108483,0.000108483,0.0,0.0,0.000108483,0.0,0.000108483,0.543718811,0.000216967,0.0,0.0,0.000976351,0.001844218,0.0,0.0,0.0,0.0,0.0,0.0,0.0,0.000108483,0.000108483,0.0,0.000216967,0.0,0.000108483,0.0,0.0,0.0,0.0,0.000108483,0.0,0.0,0.002169668,0.000976351,0.000108483,0.0,0.0006509,0.0,0.000216967,0.0,0.0,0.0,0.0,0.000542417,0.0,0.00032545,0.004013886,0.0,0.001627251,0.0,0.0,0.0,0.000216967,0.0,0.0,0.000108483,0.0,0.000108483,0.0,0.0,0.000108483,0.000542417,0.0,0.008244739,0.0,0.0,0.0,0.000433934,0.0,0.0,0.0,0.0,0.0,0.0,0.000759384,0.000867867,0.000108483,0.007919288,0.0,0.0,0.229225429,0.000216967,0.0,0.000108483,0.000108483,0.0,0.0,0.001627251,0.0,0.0,0.0,0.0,0.0,0.0,0.000108483,0.0,0.0,0.0,0.000108483,0.000216967,0.0,0.0,0.0,0.0,0.0,0.000108483,0.0,0.0,0.000216967,0.000216967,0.0,0.000108483,0.002820568,0.0,0.001301801,0.000108483,0.0,0.000108483,0.0,0.0,0.0,0.0,0.0,0.0,0.0,0.000108483,0.0,0.000108483,0.0,0.002169668,0.00032545,0.0,0.0,0.0,0.000108483,0.0,0.001518768,0.0,0.000108483,0.004990236,0.000108483,0.0,0.0,0.000108483,0.0,0.0,0.0,0.0,0.002061185,0.000108483,0.0,0.005641137,0.0,0.0,0.0,0.000216967,0.11130397,0.0,0.0,0.0,0.0,0.00032545,0.000108483,0.0,0.0,0.0,0.0,0.0,0.000216967,0.000108483,0.003905402,0.0,0.0,0.000108483,0.0,0.001301801,0.000108483,0.0,0.0,0.000216967,0.003362985,0.0,0.0006509,0.003471469,0.0,0.000108483,0.0,0.0,0.0,0.012150141,0.0,0.000108483,0.0,0.000108483,0.0,0.000108483,0.0,0.0,0.000433934,0.0,0.000108483,0.0,0.0,0.0006509,0.0,0.000108483,0.0,0.0,0.0,0.000976351,0.0,0.000108483,0.0,0.0,0.0,0.0,0.000108483,0.0,0.0,0.0,0.0,0.0,0.000108483,0.000108483,0.0,0.0,0.000108483,0.000108483,0.0,0.0,0.0,0.0,0.000542417,0.0,0.000108483,0.0,0.0,0.0
SRR12478758,7.12e-05,0.0,7.12e-05,0.000213508,0.0,0.0,0.0,0.0,0.0,0.006903423,0.0,0.011102413,0.000213508,0.0,0.0,0.0,0.0,0.002989111,0.000498185,0.0,0.000142339,0.0,0.0,0.0,0.0,0.0,0.0,0.17678457,0.000142339,0.0,0.0,0.001209878,7.12e-05,0.0,0.0,7.12e-05,0.0,0.0,0.0,0.0,0.0,0.000142339,0.0,0.0,0.0,0.0,0.0,0.0,0.0,0.0,0.0,0.0,0.0,0.000142339,0.000427016,0.0,0.0,0.0,0.0,7.12e-05,0.0,0.0,0.0,0.0,0.000427016,0.0,0.000142339,0.001921571,0.000711693,0.0,0.0,0.0,0.0,0.0,7.12e-05,0.0,0.000142339,0.0,0.0,0.0,0.0,0.0,0.001565725,0.0,0.013522169,0.0,0.0,0.0,0.0,0.0,0.0,0.0,0.0,0.0,0.0,0.0,0.0,0.001138709,0.006832254,0.0,0.0,0.307309088,0.002989111,0.0,0.0,0.0,0.0,0.0,0.001565725,0.0,0.0,0.0,0.0,0.0,0.0,0.0,7.12e-05,0.0,0.0,0.002989111,0.000284677,0.0,7.12e-05,0.0,0.0,0.0,0.0,0.0,0.0,7.12e-05,0.0,0.0,0.000498185,0.004839513,0.0,0.000355847,7.12e-05,0.0,0.000284677,0.0,0.0,7.12e-05,0.0,0.0,0.0,0.0,0.0,0.0,0.0,0.0,0.0,0.000498185,0.0,0.0,0.0,0.000142339,0.0,0.000854032,0.0,0.0,0.000427016,0.000498185,0.0,0.0,7.12e-05,0.0,0.0,0.0,0.0,0.001779233,0.0,7.12e-05,0.012881645,7.12e-05,0.0,0.0,0.0,0.003273788,0.0,0.0,0.0,0.0,0.0,0.0,7.12e-05,0.0,0.0,0.0,0.0,0.0,0.0,0.397978792,0.0,7.12e-05,0.0,0.0,0.0,7.12e-05,0.000284677,0.0,0.0,0.002704434,0.0,0.01857519,0.007686286,0.0,0.0,0.0,0.0,0.0,0.0,0.0,0.0,7.12e-05,7.12e-05,0.0,0.0,0.0,0.0,0.0,0.0,0.0,0.0,7.12e-05,0.000498185,0.0,0.0,0.0,0.0,0.0,0.000355847,0.0,0.0,0.0,0.0,0.000142339,0.0,0.0,0.0,0.0,0.0,0.0,0.0,0.0,0.0,0.0,0.0,0.0,0.0,0.0,0.0,0.0,0.0,0.000498185,0.0,0.0,0.0,0.0,0.0
SRR12478759,0.0,0.000210194,0.000210194,0.0,0.00262743,0.0,0.0,0.0,0.0,0.000105097,0.0,0.0,0.0,0.0,0.0,0.0,0.0,0.000105097,0.000105097,0.0,0.0,0.0,0.0,0.0,0.0,0.0,0.0,0.020914346,0.0,0.0,0.000315292,0.000105097,0.0,0.0,0.0,0.0,0.0,0.0,0.0,0.000105097,0.0,0.000105097,0.0,0.000945875,0.0,0.0,0.0,0.0,0.0,0.000105097,0.0,0.0,0.000210194,0.0,0.000105097,0.000525486,0.0,0.0,0.0,0.0,0.0,0.000315292,0.0,0.0,0.0,0.0,0.000210194,0.000525486,0.0,0.0,0.0,0.0,0.0,0.0,0.000210194,0.0,0.0,0.0,0.0,0.0,0.0,0.0,0.0,0.0,0.000105097,0.0,0.0,0.000105097,0.000420389,0.0,0.0,0.000630583,0.0,0.0,0.000525486,0.000210194,0.033631109,0.0,0.0,0.0,0.0,0.000840778,0.013347346,0.0,0.0,0.0,0.0,0.0,0.0,0.0,0.0,0.0,0.0,0.0,0.000315292,0.0,0.000840778,0.0,0.0,0.0,0.0,0.0,0.0,0.0,0.000105097,0.0,0.000105097,0.0,0.0,0.000105097,0.001471361,0.0,0.000105097,0.000315292,0.0,0.000525486,0.0,0.0,0.0,0.0,0.0,0.0,0.0,0.0,0.0,0.0,0.0,0.0,0.0,0.0,0.0,0.0,0.0,0.0,0.0,0.0,0.0,0.0,0.000630583,0.0,0.0,0.000105097,0.0,0.0,0.0,0.0,0.0,0.0,0.0,0.0,0.0,0.000105097,0.0,0.0,0.0,0.0,0.001471361,0.000315292,0.000210194,0.0,0.0,0.0,0.0,0.0,0.0,0.0,0.0,0.0,0.000105097,0.0,0.000945875,0.89774041,0.0,0.0,0.0,0.0,0.000210194,0.000420389,0.000210194,0.0,0.0,0.000210194,0.0,0.0,0.000525486,0.0,0.00189175,0.0,0.0,0.0,0.0,0.0,0.001156069,0.000105097,0.002942722,0.0,0.002312139,0.0,0.0,0.0,0.0,0.0,0.0,0.0,0.000315292,0.0,0.000210194,0.000105097,0.0,0.0,0.0,0.0,0.0,0.0,0.0,0.0,0.0,0.0,0.0,0.000105097,0.0,0.0,0.0,0.0,0.0,0.0,0.0,0.0,0.0,0.0,0.0,0.0,0.0,0.0,0.0,0.003573305,0.0,0.0,0.0
SRR12478760,0.0,0.022641229,0.0,0.0,0.0,0.0,0.0,0.0,0.0,0.0,0.0,0.0,0.0,0.0,0.0,0.0,0.0,0.000296934,0.0,0.0,7.42e-05,0.0,0.0,0.0,0.0,0.0,7.42e-05,0.016257145,0.0,0.0,0.000593868,7.42e-05,0.000296934,0.0,0.0,7.42e-05,0.0,0.0,0.0,0.0,0.0,0.0,0.0,0.0,7.42e-05,0.0,0.0,7.42e-05,0.0,0.0,0.0,0.0,0.0,0.000296934,7.42e-05,0.0,0.0,0.0,0.0,0.0,0.0,0.0,0.0,0.0,0.0,0.0,0.002227006,0.003414743,0.000296934,0.0,0.0,0.0,0.0,0.0,0.0,0.0,0.0,0.0,0.0,0.0,0.0,0.0,0.000371168,0.0,7.42e-05,0.0,0.0,0.0,0.0,0.0,0.0,0.0,0.0,0.0,0.0,0.0,7.42e-05,0.000222701,0.002227006,0.0,0.0,0.083883899,7.42e-05,0.0,7.42e-05,0.0,0.0,0.0,0.001410437,0.0,0.0,0.0,0.0,0.0,0.0,0.0,0.0,0.0,0.0,7.42e-05,0.0,0.0,0.0,0.0,0.0,0.0,0.0,0.0,0.0,7.42e-05,0.0,0.0,0.000148467,0.001336204,0.0,0.000148467,0.0,0.0,0.0,0.000519635,0.0,0.000148467,0.0,0.0,0.0,0.0,0.0,0.0,0.000222701,0.0,0.0,0.0,0.0,0.0,0.0,7.42e-05,0.0,0.001410437,0.0,7.42e-05,0.0,0.0,0.0,0.0,0.0,0.0,0.0,0.0,0.0,0.0,0.0,0.001336204,0.003340509,0.000148467,0.0,0.0,0.0,0.0,0.0,0.0,0.0,0.0,0.0,0.0,0.0,0.0,0.0,0.0,0.0,0.0,0.0,0.849083216,0.0,0.0,0.0,0.0,0.0,0.000445401,0.0,0.0,0.0,0.000222701,0.0,0.0,0.004973647,0.0,0.000148467,0.0,0.0,0.0,0.000148467,0.0,0.000148467,0.0,0.0,0.0,0.0,0.0,0.0,0.0,0.0,0.0,0.0,0.0,0.0,0.0,0.000148467,0.0,0.0,0.0,0.0,0.0,0.0,0.0,0.0,0.0,0.0,0.0,0.0,0.0,0.0,0.0,0.0,0.0,0.0,0.0,0.0,0.0,0.0,0.0,0.0,0.0,0.0,7.42e-05,0.0,0.0,0.0,0.0,0.0
SRR12478761,0.0,0.01336789,6.82e-05,0.0,0.000613832,0.0,6.82e-05,0.0,0.0,6.82e-05,0.0,0.007024962,0.0,0.0,0.0,0.0,0.0,0.000613832,0.000682035,6.82e-05,0.000409221,0.0,0.0,6.82e-05,0.0,0.0,6.82e-05,0.246010094,0.002250716,0.0,0.00484245,0.000409221,0.00115946,6.82e-05,0.000136407,0.000341018,0.0,6.82e-05,0.0,0.0,0.0,0.000409221,0.0,6.82e-05,6.82e-05,0.000682035,6.82e-05,0.0,0.0,0.000136407,0.0,6.82e-05,6.82e-05,0.001500477,0.000750239,0.000204611,0.0,0.000136407,0.0,0.000136407,0.0,0.0,0.0,0.0,0.000204611,0.0,0.000682035,0.00252353,0.000545628,0.000204611,0.0,0.0,0.0,0.0,0.0,0.000477425,0.008798254,0.0,6.82e-05,0.0,0.0,6.82e-05,0.001705088,0.0,0.0,0.0,0.0,0.0,0.0,0.0,0.0,0.000409221,0.0,0.000409221,0.000136407,0.000682035,0.00115946,0.001091256,0.076183331,0.0,0.0,0.268244441,0.000272814,0.0,6.82e-05,0.0,0.0,6.82e-05,0.001977902,0.0,6.82e-05,0.0,0.0,0.0,0.0,0.0,0.000954849,0.0,0.0,0.0,0.000545628,0.0,0.000886646,0.0,6.82e-05,0.0,0.000409221,0.0,0.0,0.000272814,0.001568681,0.0,6.82e-05,0.007979812,0.0,0.00136407,0.0,0.0,6.82e-05,0.0,0.0,6.82e-05,0.0,0.0,0.0,0.0,0.000136407,0.0,0.001841495,0.0,0.0,0.000272814,0.000477425,0.0,0.0,0.000341018,6.82e-05,0.003069158,0.0,0.013436093,0.000136407,0.000341018,0.0,0.0,6.82e-05,0.0,0.0,0.0,0.0,0.000545628,0.0,0.0,0.008116219,0.000136407,0.0,0.0,0.0,0.004024008,0.0,0.0,0.0,0.0,6.82e-05,0.0,0.0,0.0,0.0,0.0,0.0,6.82e-05,6.82e-05,0.006956759,0.0,0.0,0.0,0.0,0.000477425,0.0,6.82e-05,6.82e-05,6.82e-05,0.004774246,0.0,0.000477425,0.007434184,0.0,0.000886646,0.0,0.0,0.0,6.82e-05,0.0,0.000613832,0.000204611,0.000136407,0.0,0.0,0.0,0.0,0.000818442,6.82e-05,0.000341018,6.82e-05,0.0,0.000613832,0.0,6.82e-05,0.0,0.0,0.0,0.000272814,0.0,6.82e-05,0.0,0.0,0.000136407,0.0,0.0,0.000204611,0.0,6.82e-05,0.0,6.82e-05,0.275542218,6.82e-05,0.0,0.0,0.0,0.000341018,0.0,0.0,0.0,0.0,0.000750239,0.0,0.000204611,0.0,0.0,0.0
SRR12478762,0.0,0.0,9.31e-05,0.0,0.001582131,0.0,0.0,0.0,0.0,0.000372266,0.0,0.001023732,0.0,0.0,0.0,0.0,0.0,9.31e-05,0.002512797,0.0,0.0,0.0,0.0,0.0,0.0,0.0,0.0,0.852396463,0.0,0.0,9.31e-05,0.000558399,0.0,0.0,9.31e-05,0.0,0.0,0.0,0.0,0.0,9.31e-05,0.000186133,0.0,0.000744532,0.000651466,0.0,0.0,0.0,0.0,9.31e-05,0.0,0.0,0.000372266,0.0,0.000465333,0.000465333,0.0,9.31e-05,0.0,0.0,0.0,9.31e-05,0.0,0.0,0.0,0.0,9.31e-05,0.000372266,0.0,0.0,0.0,0.0,0.0,0.0,0.000558399,0.0,9.31e-05,0.0,0.0,0.0,0.0,0.0,0.000465333,0.0,0.0002792,0.0,0.0,0.0,9.31e-05,0.0,0.0,0.002512797,0.0,0.0,0.001302932,0.0,0.021870638,0.0,0.001395998,0.0,0.0,0.007724523,0.000186133,0.0,0.0,9.31e-05,0.0,0.0,9.31e-05,0.0,0.0,0.0,0.0,0.0,0.000372266,0.0,0.0,0.0,0.0,0.004187994,0.0,0.0,0.0,0.0,0.0002792,0.0,0.0,0.0,0.0,9.31e-05,0.002047464,0.0,9.31e-05,0.002326664,0.0,0.001768264,0.0,0.0,0.0,0.0,0.0,0.0,0.0,0.0,0.0,0.0,0.0002792,0.0,9.31e-05,0.0,0.0,9.31e-05,0.0,0.0,0.0,0.0,0.0,9.31e-05,0.0002792,0.005304793,0.000744532,0.0,9.31e-05,0.0,9.31e-05,0.0,0.0,0.0,0.0,0.0,0.0,9.31e-05,0.000465333,0.0,0.0,0.0,0.001209865,0.052861796,0.0002792,0.0,0.0,0.0,0.0,9.31e-05,0.0,0.0,0.0,0.0,9.31e-05,0.0,0.000837599,0.007352257,0.0,9.31e-05,0.0,0.0,0.0,9.31e-05,0.000372266,0.0,0.0,0.0002792,0.0,9.31e-05,0.001209865,0.0,0.002512797,0.0,0.0,0.0,0.0,0.0,0.002047464,0.000186133,0.001489065,0.0,0.001302932,0.0,0.0,9.31e-05,0.000186133,0.0,0.0,0.0,0.000372266,0.0,0.002233597,0.0,0.0,0.0,0.000465333,0.0,0.0,9.31e-05,0.0,0.0,0.0,0.0,0.0,0.0,0.000186133,0.0,0.0,0.0,0.0,0.0,0.0,0.0,0.0,0.0,0.000186133,0.0,0.0,9.31e-05,0.0,0.001768264,0.0,0.0,0.0
SRR12478763,0.000396589,0.000198295,0.000198295,0.0,0.003569304,0.0,0.000198295,0.0,0.0,0.000793179,0.0,0.001586357,0.0,0.0,0.0,0.0,0.0,0.015070395,0.001189768,0.0,0.000396589,0.0,0.0,0.0,0.0,0.0,0.0,0.190164585,0.001586357,0.0,0.000198295,0.050366845,0.001586357,0.000198295,0.0,0.000991473,0.0,0.0,0.0,0.0,0.0,0.0,0.0,0.001586357,0.005750545,0.0,0.0,0.000594884,0.0,0.000198295,0.0,0.0,0.000396589,0.0,0.0,0.000594884,0.0,0.0,0.0,0.000198295,0.0,0.0,0.0,0.0,0.0,0.0,0.016855047,0.035098156,0.003172715,0.0,0.0,0.0,0.0,0.0,0.0,0.000396589,0.003172715,0.000396589,0.0,0.0,0.0,0.0,0.000594884,0.0,0.028554432,0.0,0.0,0.0,0.0,0.0,0.0,0.018837993,0.0,0.0,0.003767599,0.0,0.02082094,0.0,0.074757089,0.0,0.0,0.26690462,0.0,0.000396589,0.0,0.000396589,0.0,0.0,0.003172715,0.0,0.000396589,0.0,0.0,0.0,0.0,0.000198295,0.002181241,0.0,0.0,0.0,0.004560777,0.0,0.000793179,0.0,0.0,0.0,0.0,0.000198295,0.0,0.000198295,0.016458457,0.0,0.000594884,0.013880627,0.0,0.001388063,0.0,0.0,0.000198295,0.0,0.0,0.0,0.0,0.0,0.000198295,0.0,0.0,0.0,0.0,0.0,0.000198295,0.0,0.0,0.0,0.0,0.000594884,0.0,0.002379536,0.001189768,0.0,0.000396589,0.000198295,0.0,0.0,0.0,0.0,0.0,0.0,0.0,0.0,0.0,0.000198295,0.004164188,0.0,0.000396589,0.0,0.003767599,0.002379536,0.0,0.0,0.000198295,0.0,0.0,0.0,0.0,0.0,0.0,0.0,0.000793179,0.0,0.0,0.00297442,0.0,0.0,0.0,0.0,0.0,0.0,0.0,0.0,0.0,0.081895697,0.0,0.000198295,0.004164188,0.0,0.009914733,0.0,0.0,0.0,0.047987309,0.0,0.001388063,0.000991473,0.000396589,0.0,0.003371009,0.0,0.0,0.0,0.0,0.002181241,0.000594884,0.0,0.003371009,0.0,0.0,0.0,0.0,0.000198295,0.000198295,0.0,0.0,0.0,0.0,0.000198295,0.0,0.0,0.0,0.0,0.0,0.0,0.0,0.0,0.0,0.0,0.0,0.0,0.006940313,0.0,0.000198295,0.0,0.0,0.010509617,0.0,0.005155661,0.0,0.0,0.0
SRR12478764,0.000125534,0.001213491,0.0,0.0,0.0,0.0,0.0,0.0,0.0,8.37e-05,0.0,4.18e-05,0.0,0.0,0.0,0.0,0.0,0.000125534,8.37e-05,0.0,0.0,0.0,0.0,0.0,0.0,0.0,0.0,0.01569169,0.0,0.0,0.0,8.37e-05,0.000125534,0.0,0.0,8.37e-05,0.0,0.0,0.0,0.0,0.0,0.0,0.0,0.0,0.0,0.0,4.18e-05,0.0,0.0,0.0,0.0,0.0,0.0,0.0,4.18e-05,0.0,0.0,0.0,0.0,0.0,0.0,4.18e-05,0.0,0.0,0.0,0.0,4.18e-05,0.000376601,4.18e-05,0.0,0.0,0.0,0.0,4.18e-05,0.0,0.0,8.37e-05,0.0,0.0,0.0,0.0,0.0,4.18e-05,4.18e-05,0.01652858,0.0,0.0,4.18e-05,4.18e-05,0.0,0.0,8.37e-05,0.0,0.0,0.0,4.18e-05,4.18e-05,0.0,0.001255335,0.0,0.0,0.043978576,0.0,4.18e-05,4.18e-05,0.0,0.0,4.18e-05,0.000209223,0.0,4.18e-05,0.0,0.0,0.0,0.0,0.0,4.18e-05,0.0,0.0,0.0,0.0,0.0,0.0,0.0,0.0,0.0,0.0,0.0,0.0,0.000125534,0.0,0.0,0.000669512,0.001339024,0.0,0.000292912,0.0,0.0,0.0,0.0,0.0,0.0,0.0,0.0,0.0,0.0,0.0,0.0,8.37e-05,0.0,0.001883003,0.009247636,4.18e-05,0.0,0.0,0.0,0.0,0.000251067,0.0,8.37e-05,0.0,8.37e-05,0.0,0.0,0.0,0.0,0.0,0.0,0.0,8.37e-05,4.18e-05,4.18e-05,0.000543979,0.0,0.0,0.0,0.0,0.000627668,0.0,0.0,0.0,0.0,0.0,0.0,0.0,0.0,0.0,0.0,0.0,0.0,0.0,0.890451084,0.0,0.0,0.0,0.0,0.0,0.002678048,0.0,0.0,0.0,0.000209223,0.0,0.0,8.37e-05,0.0,0.0,0.0,0.0,0.0,0.00928948,0.0,0.0,0.0,0.0,0.0,4.18e-05,0.0,0.0,0.0,0.0,4.18e-05,0.0,0.0,0.000167378,0.0,0.0,0.0,0.0,0.0,0.0,0.0,0.0,0.0,0.0,4.18e-05,0.0,0.0,0.0,0.0,0.0,0.0,0.0,8.37e-05,0.0,0.0,0.0,0.0,4.18e-05,0.0,0.0,0.0,0.0,4.18e-05,0.0,0.0,0.0,0.0,0.0
SRR12478765,0.0,5.86e-05,0.0,2.93e-05,0.000263489,0.0,0.0,0.0,0.0,0.000204936,0.0,5.86e-05,0.0,0.0,0.0,0.0,0.0,5.86e-05,2.93e-05,0.0,0.0,0.0,0.0,2.93e-05,0.0,0.0,0.0,0.006967825,0.0,0.0,2.93e-05,5.86e-05,0.0,0.0,0.0,0.0,0.0,0.0,0.0,0.0,0.0,2.93e-05,0.0,0.0,5.86e-05,0.0,0.0,0.0,0.0,5.86e-05,0.0,0.0,0.0,2.93e-05,0.0,0.000117106,0.0,0.0,0.0,0.0,0.0,0.0,0.0,0.0,0.0,0.0,2.93e-05,2.93e-05,0.0,2.93e-05,0.0,0.0,2.93e-05,0.0,0.0,0.0,0.0,2.93e-05,0.0,0.0,0.0,0.0,0.0,0.0,8.78e-05,0.0,0.0,2.93e-05,0.0,0.0,0.0,0.000146383,0.0,0.0,0.000234213,0.0,0.00529906,5.86e-05,0.000556255,0.0,0.0,0.000585532,0.0,2.93e-05,0.0,0.0,0.0,0.0,0.0,0.0,2.93e-05,0.0,0.0,0.0,0.0,0.0,0.0,0.0,0.0,5.86e-05,0.0,2.93e-05,0.0,0.0,0.0,0.0,0.0,0.0,0.0,0.0,0.000380595,0.0,0.0,8.78e-05,0.0,0.000117106,0.0,0.0,0.0,0.0,0.0,0.0,0.0,0.0,0.0,0.0,0.0,0.0,0.0,0.0,0.0,0.0,0.0,0.0,0.0,0.0,0.0,5.86e-05,0.000146383,0.0,0.0,0.0,0.0,0.0,2.93e-05,0.0,0.0,0.0,0.0,0.0,0.0,0.0,8.78e-05,0.0,0.0,0.0,0.000322042,0.000175659,0.0,0.0,0.0,0.0,0.0,0.0,0.0,0.0,0.0,0.0,0.0,0.0,0.000292766,0.979828439,0.0,0.0,5.86e-05,0.0,0.0,2.93e-05,8.78e-05,0.0,0.0,8.78e-05,0.0,0.0,5.86e-05,0.0,0.000263489,0.0,0.0,0.0,0.0,0.0,0.000439149,0.000146383,0.000439149,0.0,0.000175659,0.0,0.0,0.0,0.0,0.0,0.0,0.0,2.93e-05,0.0,2.93e-05,0.0,0.0,0.0,0.0,0.0,0.0,0.0,0.0,0.0,0.0,0.0,0.0,0.0,0.0,0.0,0.0,5.86e-05,0.0,0.0,0.0,0.0,0.0,0.0,0.0,0.0,0.0,0.0,0.0,0.000702638,0.0,0.0,0.0
SRR12478766,9.92e-05,0.023311179,4.96e-05,0.0,9.92e-05,0.0,0.0,0.0,9.92e-05,9.92e-05,0.0,0.001835135,0.0,0.0,9.92e-05,0.0,0.0,0.001091162,0.001339153,0.0,0.002727904,0.0,0.0,9.92e-05,0.0,0.0,0.0,0.032486856,4.96e-05,0.0,0.003174288,0.002430314,9.92e-05,0.0,0.0,0.000347188,0.0,4.96e-05,0.0,4.96e-05,0.0,0.000148795,4.96e-05,4.96e-05,4.96e-05,0.0,0.0,0.0,0.0,4.96e-05,0.0,9.92e-05,0.0,0.000247991,0.0,0.000198393,0.0,9.92e-05,0.0,0.0,0.0,0.0,0.0,0.0,9.92e-05,0.0,0.0,0.005307013,0.000247991,4.96e-05,0.0,0.0,0.0,0.0,0.0,4.96e-05,4.96e-05,0.0,0.0,0.0,9.92e-05,0.0,0.00540621,0.0,0.011705188,0.0,0.0,9.92e-05,0.0,4.96e-05,0.0,0.000347188,0.0,0.0,4.96e-05,9.92e-05,0.000446384,0.000991965,0.023360778,0.0,0.0,0.11506795,0.000892769,0.000198393,4.96e-05,9.92e-05,0.0,0.0,0.003571074,0.0,0.0,4.96e-05,0.0,0.0,0.0,0.0,4.96e-05,0.0,0.0,0.000991965,0.000595179,0.0,0.0,0.0,0.0,0.0,0.0,0.0,0.0,4.96e-05,0.000148795,0.0,0.000198393,0.007439738,0.0,0.000247991,0.0,0.0,0.0,0.0,0.0,0.000545581,0.0,0.0,0.0,4.96e-05,0.0,0.0,0.002182323,0.0,0.0,4.96e-05,0.0,0.0,0.0,0.000545581,0.000148795,0.000148795,0.0,4.96e-05,0.0,0.000198393,0.0,0.0,0.0,0.0,0.0,0.0,0.0,0.00029759,0.0,0.000198393,0.0198889,0.000148795,0.0,0.0,0.0,0.001487948,0.0,0.0,0.0,0.0,4.96e-05,9.92e-05,0.0,0.0,0.0,0.0,0.0,9.92e-05,0.0,0.70652713,0.0,0.0,0.0,0.0,0.000347188,0.002628707,0.0,0.0,0.000247991,0.003719869,0.0,0.0,0.006100585,0.0,0.000892769,0.0,0.0,0.0,0.001785537,0.0,9.92e-05,0.0,4.96e-05,0.0,0.0,0.0,0.0,0.001289555,0.0,4.96e-05,0.0,0.0,0.000247991,0.0,0.000148795,0.0,4.96e-05,4.96e-05,0.0,0.0,9.92e-05,0.0,0.0,9.92e-05,0.0,0.0,0.0,0.0,0.0,0.0,0.0,0.0,0.0,4.96e-05,0.0,0.0,4.96e-05,0.0,0.0,0.0,0.0,0.000396786,0.0,0.0,0.0,0.0,0.0
SRR12478767,0.000259224,0.007690314,0.000172816,0.0,0.001555344,0.0,0.0,0.0,0.000259224,0.00872721,0.0,0.003197097,0.0,0.0,0.00129612,0.0,0.0,0.003283505,0.001036896,0.0,0.004838849,0.0,0.0,8.64e-05,8.64e-05,0.0,8.64e-05,0.437138166,0.0,8.64e-05,0.001036896,0.0,8.64e-05,8.64e-05,8.64e-05,0.011751491,0.0,0.000259224,0.0,0.0,0.0,8.64e-05,0.0,0.00086408,0.0,0.0,0.0,0.0,8.64e-05,0.000172816,8.64e-05,8.64e-05,8.64e-05,0.001036896,0.000604856,0.000259224,0.0,0.0,0.0,0.001036896,0.0,8.64e-05,0.0,0.0,0.000345632,8.64e-05,8.64e-05,0.009072842,0.002246608,0.000345632,0.0,0.0,0.0,8.64e-05,0.000345632,0.00043204,0.005443705,0.0,0.0,8.64e-05,0.0,0.0,0.002419425,0.0,0.000259224,0.0,0.0,8.64e-05,0.000691264,0.0,0.0,0.000518448,0.0,0.0,0.001036896,0.000259224,0.033439903,0.001036896,0.030588439,0.000259224,0.0,0.109651776,0.003542729,0.000345632,0.0,0.000345632,0.0,0.0,0.012701979,8.64e-05,0.0,8.64e-05,8.64e-05,0.0,0.0,0.0,0.00086408,0.0,0.0,0.000172816,0.000259224,0.000259224,8.64e-05,0.0,8.64e-05,0.0,8.64e-05,0.0,0.0,0.000259224,0.002505833,0.0,0.000172816,0.006480601,0.0,0.00086408,0.0,0.0,0.0,0.0,0.0,0.000172816,0.0,0.0,8.64e-05,0.0,8.64e-05,0.0,8.64e-05,0.0,0.000777672,0.000172816,0.00043204,0.0,0.0,0.001814568,8.64e-05,0.000345632,0.00043204,0.00043204,0.0,0.001468936,0.0,0.0,0.0,0.0,0.0,0.0,0.0,0.00172816,0.0,8.64e-05,0.06670699,0.000950488,0.0,0.0,0.0021602,0.001641752,8.64e-05,0.0,0.0,0.0,0.000345632,0.000259224,0.000259224,0.0,0.0,0.0,0.0,0.000172816,0.000777672,0.144042167,0.0,0.0,0.0,0.0,0.000259224,0.011578675,8.64e-05,0.0,0.000172816,0.003456321,0.000518448,0.000518448,0.011837899,0.0,0.00129612,0.0,0.0,0.0,0.001555344,0.0,0.001382528,0.000172816,0.0021602,0.0,0.001468936,0.0,8.64e-05,0.003542729,0.0,8.64e-05,0.0,0.0,0.0021602,0.0,0.000259224,0.000345632,0.0,8.64e-05,8.64e-05,0.0,0.000518448,0.0,0.0,0.0,0.0,0.0,8.64e-05,0.0,0.0,0.0,8.64e-05,0.0,0.0,0.000172816,0.0,0.0,0.000345632,0.0,8.64e-05,0.0,0.0,0.005616521,0.0,0.004233993,0.0,0.0,0.0
SRR12478768,0.000801632,0.011732984,7.29e-05,7.29e-05,7.29e-05,0.0,3.64e-05,0.0,3.64e-05,0.002477773,0.0,0.075863577,3.64e-05,0.0,0.002040519,0.0,0.0,0.009255211,0.002259146,0.0,0.000692319,0.0,0.0,0.0,7.29e-05,0.0,0.0,0.402237283,0.004955546,0.0,3.64e-05,0.000109314,0.002842151,0.000109314,0.000109314,0.000400816,0.0,0.0,0.0,7.29e-05,0.000182189,0.0,0.0,3.64e-05,3.64e-05,0.0,3.64e-05,0.0,3.64e-05,0.000145751,0.0,0.0,3.64e-05,0.001457513,0.000182189,7.29e-05,0.0,0.0,3.64e-05,0.000583005,0.0,3.64e-05,0.0,0.0,0.000655881,0.0040446,0.001421076,0.008781519,0.001311762,0.001093135,0.0,0.0,0.0,0.0,3.64e-05,0.000400816,0.000728757,0.000255065,0.0,0.0,3.64e-05,0.0,0.00976534,0.0,0.000109314,3.64e-05,0.0,7.29e-05,0.000327941,0.0,0.0,0.000546568,0.0,0.0,0.0,0.000145751,0.001056697,0.010056843,0.045547296,0.0,0.0,0.243295438,0.003825973,0.000291503,0.0,0.000182189,0.0,0.0,0.005210611,0.0,0.008052762,0.000255065,0.000109314,0.0,0.0,0.000109314,0.003498032,0.0,0.0,0.0,0.000765195,0.0,0.000109314,0.0,0.0,0.0,0.000182189,0.0,0.0,0.000145751,0.000218627,0.0,0.000437254,0.018401108,0.0,0.000765195,3.64e-05,0.0,0.000218627,0.0,0.0,0.0,0.0,0.0,0.0,7.29e-05,0.000327941,7.29e-05,0.002149832,0.0,0.0,0.002368459,0.000583005,0.000728757,0.0,0.001202449,0.001056697,0.009328086,0.0,0.000109314,0.000291503,0.002878589,0.000145751,3.64e-05,0.000109314,0.0,0.0,0.0,0.0,0.004408978,0.0,0.000255065,0.024376913,0.001166011,3.64e-05,0.0,7.29e-05,0.009911092,3.64e-05,0.0,0.000473692,0.0,0.0,0.000327941,0.0,0.0,0.0,0.0,0.0,0.000218627,7.29e-05,0.007615508,0.0,7.29e-05,3.64e-05,3.64e-05,7.29e-05,7.29e-05,0.000109314,3.64e-05,3.64e-05,0.008307827,0.0,3.64e-05,0.014065005,0.0,0.000218627,3.64e-05,0.0,0.0,3.64e-05,0.0,7.29e-05,0.000400816,0.0,0.0,7.29e-05,0.0,0.0,0.0,0.0,0.000655881,3.64e-05,0.0,0.000692319,0.0,0.00353447,0.0,0.0,7.29e-05,7.29e-05,0.0,0.0,0.00320653,0.0,0.0,0.0,0.0,3.64e-05,0.0,0.0,0.0,7.29e-05,0.0,0.0,0.001676141,0.0,0.0,7.29e-05,0.0,0.0,0.0,0.0,0.000109314,3.64e-05,0.000109314,0.0,0.0,0.0
SRR12478769,0.000179276,8.96e-05,0.0,0.000896379,0.001075654,0.0,0.0,0.0,0.0,0.000179276,0.0,0.001792757,0.0,0.0,0.0,0.0,0.0,0.024022947,0.002778774,0.0,0.000627465,0.0,0.0,0.0,0.0,0.0,0.000179276,0.017658659,0.0,0.0,0.011652922,0.004033704,0.000268914,0.0,0.000179276,0.001165292,0.0,0.0,0.0,8.96e-05,8.96e-05,0.0,0.0,8.96e-05,0.0,0.001523844,0.0,8.96e-05,0.0,8.96e-05,0.0,0.000537827,0.0,0.00125493,0.000179276,0.000448189,0.0,0.000448189,0.0,0.0,0.0,8.96e-05,0.0,0.0,0.000627465,0.0,8.96e-05,0.008425959,0.000358551,0.027967013,0.0,0.0,0.0,0.0,0.000358551,0.000448189,0.002599498,0.0,0.0,0.0,0.000358551,0.0,0.000448189,0.0,0.060684833,0.0,0.0,0.0,8.96e-05,0.0,0.0,0.000717103,0.0,0.000448189,0.000179276,0.000179276,0.008067408,0.000448189,0.044370742,0.0,0.0,0.165919684,0.008067408,8.96e-05,0.000268914,8.96e-05,0.004033704,0.0,0.00546791,8.96e-05,8.96e-05,0.000268914,0.0,8.96e-05,0.0,0.0,0.000717103,0.0,8.96e-05,0.000358551,0.000896379,0.0,8.96e-05,0.0,8.96e-05,0.0,0.000537827,0.0,0.0,0.000627465,0.000627465,0.0,0.000268914,0.006543564,0.0,0.001613482,0.0,0.0,0.0,0.000179276,0.0,0.000806741,0.0,0.0,0.0,0.0,0.0,0.0,0.000179276,0.0,8.96e-05,0.002061671,0.00125493,0.0,0.0,0.000268914,0.000986016,0.001434206,0.0,0.000179276,0.000179276,0.001972033,0.000717103,0.0,0.0,0.0,0.0,0.0,0.0,0.000179276,0.0,0.000179276,0.016045177,0.000268914,0.0,0.0,0.000448189,0.002599498,0.000358551,0.0,0.0,8.96e-05,8.96e-05,0.000627465,0.000448189,0.0,0.0,0.0,0.0,0.0,0.000448189,0.433488706,0.0,0.0,8.96e-05,0.0,0.000358551,0.004750807,0.0,0.000179276,0.000179276,0.010577268,8.96e-05,0.029670133,0.011832198,0.0,0.001613482,0.0,0.0,0.0,0.003137325,0.0,0.00376479,0.003047687,0.001523844,0.0,0.000627465,0.0,0.0,0.000448189,8.96e-05,0.000179276,0.000627465,0.0,0.001075654,8.96e-05,0.019003227,0.0,0.000268914,0.0,8.96e-05,0.0,0.000179276,0.003316601,0.0,0.00250986,0.0,0.0,0.000179276,0.0,0.000179276,0.0,8.96e-05,0.0,0.00125493,0.0,0.000179276,0.0,0.000537827,0.0,0.000268914,0.0,0.0,8.96e-05,8.96e-05,0.000986016,0.0,0.0,0.0
SRR12478770,0.000139121,0.00542571,0.0,0.0,9.27e-05,0.0,0.0,0.0,0.0,9.27e-05,0.0,0.000788351,0.0,0.0,0.0,0.0,0.0,0.002179559,0.000278242,0.0,0.0,9.27e-05,0.0,0.0,0.0,0.0,4.64e-05,0.048043035,0.000788351,0.0,0.0,0.000139121,0.0,9.27e-05,0.0,0.000139121,0.0,0.0,0.0,0.000278242,0.0,0.0,0.0,0.0,4.64e-05,0.0,0.0,0.0,0.0,0.0,0.0,0.0,0.0,0.0,4.64e-05,0.0,0.0,0.0,0.0,4.64e-05,0.0,0.0,0.0,0.0,0.0,0.0,0.000139121,0.005101094,0.000834725,0.0,0.0,0.0,0.0,0.0,0.000278242,0.0,4.64e-05,9.27e-05,0.0,0.0,0.0,0.0,0.000741977,0.0,0.0,0.0,0.0,0.000556483,0.0,4.64e-05,0.0,0.0,0.0,0.0,0.0,4.64e-05,0.000324615,0.0,0.014283064,0.0,0.0,0.040391393,0.0,9.27e-05,9.27e-05,0.0,0.0,0.0,0.001112966,0.0,0.0,4.64e-05,4.64e-05,0.0,0.0,0.0,0.00064923,0.0,0.0,0.000231868,4.64e-05,0.0,0.0,0.0,9.27e-05,0.0,4.64e-05,0.0,0.0,0.000788351,9.27e-05,4.64e-05,0.000139121,0.004219996,0.0,0.001715823,0.000417362,0.0,0.000231868,0.0,0.0,0.0,0.0,0.0,0.0,4.64e-05,0.0,0.0,9.27e-05,0.0,9.27e-05,0.001901317,0.000139121,0.0,0.0,0.000139121,0.0,0.000463736,4.64e-05,4.64e-05,0.0,4.64e-05,0.0,0.0,0.0,0.0,0.0,0.0,0.0,4.64e-05,0.0,0.000231868,0.00129846,0.0,0.0,0.0,0.0,0.001391208,0.0,0.0,0.0,0.0,0.0,0.0,0.0,0.0,0.0,0.0,4.64e-05,0.0,0.0,0.82099796,0.0,0.0,0.0,0.0,0.0,0.001994064,0.0,4.64e-05,0.0,0.016879985,4.64e-05,4.64e-05,0.002689668,0.0,4.64e-05,0.0,0.0,0.0,0.001762196,0.0,0.0,0.0,0.0,0.0,4.64e-05,0.0,0.0,0.0,0.0,0.0,0.0,0.0,0.007327027,0.0,0.003199777,0.0,0.0,0.0,9.27e-05,0.0,0.0,0.0,0.0,9.27e-05,0.0,0.0,0.0,0.0,0.0,0.0,0.0,9.27e-05,9.27e-05,4.64e-05,0.0,0.0,0.000278242,0.0,0.0,0.0,0.0,0.005889445,0.0,4.64e-05,0.0,0.0,0.0
SRR12478771,0.001488538,0.00024809,4.96e-05,0.0,0.000198472,0.0,0.00024809,0.0,0.0,0.051007244,0.0,0.015381562,0.0,0.0,0.0,0.0,0.0,0.016175449,0.001587774,0.0,4.96e-05,0.0,0.0,4.96e-05,0.0,0.0,4.96e-05,0.260196487,0.00024809,0.0,0.0,0.001041977,0.001091595,4.96e-05,0.0,0.000694651,0.0,0.0,0.0,0.0,0.0,0.0,0.0,0.0,0.000545797,0.0,9.92e-05,0.0,0.0,4.96e-05,0.0,0.0,0.000148854,0.002282425,0.0,4.96e-05,0.0,4.96e-05,0.0,0.000545797,0.0,4.96e-05,0.000148854,0.0,0.000396944,0.0,0.003225166,0.010469386,0.004664087,0.001290066,0.0,0.0,0.0,0.0,0.0,0.000396944,0.001141213,0.000148854,4.96e-05,4.96e-05,0.000198472,0.0,0.001984718,0.0,0.041679071,4.96e-05,0.0,0.0,0.000148854,0.000297708,0.0,0.001339684,0.0,0.0,0.000148854,0.000198472,0.000843505,0.009576263,0.053240052,4.96e-05,0.0,0.246799643,0.002977077,0.000148854,4.96e-05,0.000396944,0.0,0.0,0.020095266,0.0,0.0,0.000297708,4.96e-05,0.0,4.96e-05,9.92e-05,0.001290066,0.0,0.0,0.0,0.000893123,0.0,0.000595415,0.0,0.0,0.0,0.000545797,4.96e-05,0.0,0.000148854,0.000446561,0.0,0.000545797,0.026793689,0.0,0.000595415,0.0,0.0,0.0,0.0,0.0,0.0,0.0,0.0,0.0,4.96e-05,0.000893123,0.0,4.96e-05,0.0,0.0,4.96e-05,0.000595415,0.000148854,0.0,0.001190831,0.001041977,0.001786246,9.92e-05,4.96e-05,9.92e-05,0.000148854,0.0,0.0,0.0,4.96e-05,0.0,4.96e-05,0.0,0.004763322,4.96e-05,0.0,0.022824253,0.00168701,0.0,0.0,4.96e-05,0.004415997,4.96e-05,0.0,0.0,0.0,0.0,0.001041977,0.0,0.0,0.0,0.0,0.0,0.0,0.0,0.129999008,0.0,0.0,0.0,0.0,0.0,4.96e-05,0.0,0.0,0.000396944,0.009675499,0.0,4.96e-05,0.020938771,0.0,0.000347326,4.96e-05,0.0,0.0,9.92e-05,0.0,4.96e-05,9.92e-05,0.000148854,0.0,0.000148854,0.0,0.0,4.96e-05,0.0,0.001835864,0.0,0.001240449,0.00143892,0.0,0.0,0.0,0.0,9.92e-05,0.000496179,0.0,0.0,0.0,4.96e-05,4.96e-05,0.0,0.0,0.0,0.0,0.0,0.0,0.0,4.96e-05,0.0,0.000645033,0.0,0.0,0.000793887,0.0,4.96e-05,0.0,0.0,0.0,0.0,0.000446561,0.0,0.0,0.0
SRR12478772,0.0,0.0,0.0,0.0,0.0,0.0,0.0,0.0,0.0,0.428571429,0.0,0.0,0.0,0.0,0.0,0.0,0.0,0.0,0.0,0.0,0.0,0.0,0.0,0.0,0.0,0.0,0.0,0.0,0.0,0.0,0.0,0.0,0.0,0.0,0.0,0.0,0.0,0.0,0.0,0.0,0.0,0.0,0.0,0.0,0.0,0.0,0.0,0.0,0.0,0.0,0.0,0.0,0.0,0.0,0.0,0.0,0.0,0.0,0.0,0.0,0.0,0.0,0.0,0.0,0.0,0.0,0.0,0.0,0.0,0.0,0.0,0.0,0.0,0.0,0.0,0.0,0.0,0.0,0.0,0.0,0.0,0.0,0.0,0.0,0.142857143,0.0,0.0,0.0,0.0,0.0,0.0,0.0,0.0,0.0,0.0,0.0,0.0,0.0,0.0,0.0,0.0,0.142857143,0.0,0.0,0.0,0.0,0.0,0.0,0.0,0.0,0.0,0.0,0.0,0.0,0.0,0.0,0.0,0.0,0.0,0.0,0.0,0.0,0.0,0.0,0.0,0.0,0.0,0.0,0.0,0.0,0.0,0.0,0.0,0.0,0.0,0.0,0.0,0.0,0.0,0.0,0.0,0.0,0.0,0.0,0.0,0.0,0.0,0.0,0.0,0.0,0.0,0.0,0.0,0.0,0.0,0.0,0.0,0.0,0.0,0.0,0.0,0.0,0.0,0.0,0.0,0.0,0.0,0.0,0.0,0.0,0.0,0.0,0.0,0.0,0.0,0.0,0.0,0.0,0.0,0.0,0.0,0.0,0.0,0.0,0.0,0.0,0.0,0.0,0.0,0.0,0.0,0.285714286,0.0,0.0,0.0,0.0,0.0,0.0,0.0,0.0,0.0,0.0,0.0,0.0,0.0,0.0,0.0,0.0,0.0,0.0,0.0,0.0,0.0,0.0,0.0,0.0,0.0,0.0,0.0,0.0,0.0,0.0,0.0,0.0,0.0,0.0,0.0,0.0,0.0,0.0,0.0,0.0,0.0,0.0,0.0,0.0,0.0,0.0,0.0,0.0,0.0,0.0,0.0,0.0,0.0,0.0,0.0,0.0,0.0,0.0,0.0,0.0,0.0,0.0,0.0,0.0,0.0,0.0,0.0
SRR12478773,0.000135361,9.02e-05,0.0,0.0,0.0,0.0,0.0,0.0,0.0,9.02e-05,0.0,0.000225601,0.0,0.0,4.51e-05,0.0,0.0,0.001263367,0.000541443,0.0,0.0,4.51e-05,0.0,0.0,0.0,0.0,0.0,0.008031404,0.0,0.0,0.000631683,0.000180481,0.000676804,0.0,0.0,9.02e-05,0.0,0.0,0.0,0.0,0.0,0.0,0.0,0.0,9.02e-05,0.0,4.51e-05,0.0,0.0,0.0,0.0,0.0,0.0,0.000135361,0.0,4.51e-05,0.0,0.0,0.0,0.000270721,0.0,0.0,0.0,0.0,0.0,0.0,0.000225601,0.015070162,0.000767044,0.0,0.0,0.0,0.0,0.0,0.0,0.000721924,0.00184993,0.0,0.0,4.51e-05,0.0,0.0,0.000496323,0.0,0.02197356,0.0,0.0,0.0,0.0,0.0,0.0,0.000180481,0.0,0.0,9.02e-05,4.51e-05,0.000541443,0.000180481,0.024003971,0.0,0.0,0.095835401,0.003068177,0.000676804,0.0,0.000180481,9.02e-05,0.0,0.000225601,0.0,9.02e-05,9.02e-05,4.51e-05,0.0,0.0,0.0,0.000496323,0.0,0.0,0.000180481,0.000135361,0.0,0.000451202,0.0,0.0,0.0,4.51e-05,0.0,0.0,4.51e-05,4.51e-05,0.0,0.000270721,0.002887696,0.0,0.001624329,0.0,0.0,0.0,0.0,0.0,0.0,4.51e-05,0.0,0.0,0.0,0.0,0.0,0.000135361,0.0,0.0,0.0,9.02e-05,0.0,0.0,0.0,0.0,0.001037766,0.0,0.000812164,0.0,4.51e-05,0.0,0.0,0.0,0.0,0.0,0.0,0.0,0.0,0.0,0.0,0.001443848,4.51e-05,0.0,0.0,9.02e-05,0.000225601,0.0,0.0,0.0,0.0,0.0,4.51e-05,0.0,0.0,0.0,0.0,0.0,4.51e-05,0.0,0.793800478,0.0,0.0,4.51e-05,0.0,0.000180481,4.51e-05,0.0,0.0,4.51e-05,0.004466904,0.0,0.0,0.005233948,0.0,0.000270721,0.0,0.0,0.0,0.003023056,0.0,9.02e-05,0.0,0.0,0.0,0.0,0.0,0.0,0.000451202,0.0,0.000406082,9.02e-05,0.0,0.001353607,0.0,0.0,0.0,0.0,0.0,9.02e-05,0.0,0.0,0.0,0.0,0.0,0.0,4.51e-05,0.0,0.0,0.0,0.0,0.0,4.51e-05,0.0,0.0,0.0,0.0,0.000315842,0.0,0.0,0.0,0.0,0.000270721,9.02e-05,4.51e-05,0.0,0.0,0.0
SRR12478774,0.0,0.000408603,0.0,0.000111437,0.000185729,0.0,3.71e-05,0.0,0.000148583,0.000148583,0.0,0.000854352,0.0,0.0,0.0,0.0,0.0,0.002377326,0.000148583,0.0,3.71e-05,0.0,0.0,0.0,0.0,0.0,3.71e-05,0.01363248,3.71e-05,0.0,0.003305969,0.007057687,3.71e-05,0.0,0.0,0.000334312,0.0,7.43e-05,0.0,0.000148583,3.71e-05,0.000111437,0.0,0.0,0.0,3.71e-05,0.0,0.0,0.0,0.0,0.0,7.43e-05,0.0,0.001931578,0.0,0.0,0.0,3.71e-05,0.0,0.000222874,0.0,3.71e-05,0.0,0.0,0.000111437,0.0,7.43e-05,0.003417406,0.000482894,3.71e-05,0.0,0.0,0.0,7.43e-05,0.0,7.43e-05,0.000408603,0.0,0.0,0.0,0.0,0.0,0.000557186,0.0,0.016009806,0.0,0.0,0.0,3.71e-05,0.0,0.0,0.000222874,0.0,0.000111437,7.43e-05,0.0,0.000334312,0.002340181,0.005980461,0.0,0.0,0.04524349,0.001634412,7.43e-05,0.0,3.71e-05,7.43e-05,0.0,0.000928643,0.0,3.71e-05,0.0,0.0,0.0,0.0,0.0,0.003083095,0.0,0.0,7.43e-05,0.000297166,0.0,0.000891497,0.0,0.0,0.0,3.71e-05,0.0,0.0,7.43e-05,3.71e-05,0.0,0.000148583,0.003788864,0.0,0.001634412,0.0,0.0,0.0,0.0,0.0,0.00026002,0.0,0.0,0.0,0.0,3.71e-05,0.0,0.001634412,0.0,0.0,0.016418409,0.0,0.000185729,0.0,0.000148583,0.000222874,0.001448683,0.0,3.71e-05,0.000148583,0.000222874,0.0,0.0,0.0,3.71e-05,0.0,0.0,0.0,7.43e-05,0.0,0.00052004,0.008394933,3.71e-05,0.0,0.0,0.0,0.000185729,7.43e-05,0.0,0.0,0.0,0.0,0.002005869,0.0,0.0,0.0,0.0,0.0,0.0,0.0,0.817651647,0.0,0.0,0.0,0.0,0.000557186,0.003380261,0.0,3.71e-05,0.0,0.002451618,0.0,3.71e-05,0.008877828,0.0,0.000334312,0.0,0.0,0.0,3.71e-05,0.0,0.000482894,0.000148583,0.0,0.0,3.71e-05,0.0,0.0,0.000185729,0.0,0.000185729,3.71e-05,0.0,0.003751718,0.0,0.00026002,3.71e-05,3.71e-05,0.0,0.000111437,0.0,0.0,0.001597266,0.0,0.0,0.0,7.43e-05,0.0,0.0,0.0,0.0,3.71e-05,3.71e-05,0.0,0.000111437,0.0,0.0,0.006351919,0.0,3.71e-05,0.0,0.0,7.43e-05,0.0,0.0,0.0,0.0,0.0
SRR12478775,4.08e-05,0.000204165,0.0,8.17e-05,0.001878318,0.0,0.0,0.0,0.0,4.08e-05,0.0,0.00996325,0.0,4.08e-05,0.0,0.0,8.17e-05,0.000122499,4.08e-05,0.0,4.08e-05,0.0,0.0,0.0,4.08e-05,0.0,4.08e-05,0.810820743,4.08e-05,0.000122499,8.17e-05,8.17e-05,0.006737444,8.17e-05,8.17e-05,8.17e-05,0.0,0.0,0.0,0.0,4.08e-05,4.08e-05,0.0,0.000734994,4.08e-05,0.0,0.0,0.0,0.0,8.17e-05,0.0,0.0,0.000367497,0.0,0.001020825,0.000367497,0.0,4.08e-05,0.0,8.17e-05,0.0,4.08e-05,0.0,0.0,0.0,0.0,4.08e-05,0.000326664,0.0,0.0,0.0,0.0,0.0,0.0,4.08e-05,0.0,4.08e-05,0.0,0.0,0.0,0.0,0.0,0.0,0.0,0.000163332,0.0,0.0,4.08e-05,0.000326664,0.0,0.0,0.001265823,0.0,0.0,0.000734994,0.000326664,0.01923234,4.08e-05,0.000489996,0.0,0.0,0.002735811,0.0,0.0,0.0,0.0,0.0,0.0,0.000367497,0.0,4.08e-05,0.0,4.08e-05,0.0,0.000163332,0.0,0.000122499,0.0,0.0,0.0,4.08e-05,4.08e-05,0.0,0.0,0.000163332,0.0,0.000571662,0.0,0.0,0.000285831,0.001388322,0.0,4.08e-05,0.000326664,0.0,0.000571662,0.0,0.0,4.08e-05,0.0,0.0,0.0,0.0,0.0,0.0,0.0,0.0,0.0,0.0,0.0,0.0,4.08e-05,0.0,0.0,0.0,8.17e-05,0.0,8.17e-05,0.000449163,0.000489996,8.17e-05,0.000122499,0.000122499,0.0,0.0,0.0,0.0,0.0,0.0,4.08e-05,0.0,0.0,0.000571662,4.08e-05,0.0,0.0,0.001306656,0.095835035,4.08e-05,0.0,0.0,0.0,0.0,0.0,0.0,0.0,0.0,0.0,4.08e-05,0.000326664,0.000694161,0.009514087,0.0,4.08e-05,0.000122499,0.0,0.0,0.012658228,0.000122499,0.0,0.0,0.000449163,0.0,0.0,0.000244998,0.0,0.001388322,0.0,0.0,0.0,8.17e-05,0.0,0.000653328,0.0,0.001837485,0.0,0.001551654,0.0,0.0,0.0,0.0,4.08e-05,0.0,0.0,0.001143324,0.0,4.08e-05,0.0,4.08e-05,0.0,0.000244998,0.0,0.0,0.0,0.0,0.0,0.0,0.0,4.08e-05,0.0,0.0,0.0,0.0,0.0,0.0,0.0,0.0,0.0,4.08e-05,0.0,0.0,0.0,0.0,0.0,0.0,0.00122499,0.0,0.0,0.0
SRR12478776,5.43e-05,0.018138373,0.0,0.0,0.0,0.0,0.0,0.0,0.0,0.000380146,0.0,0.00575649,0.0,5.43e-05,5.43e-05,0.0,0.0,0.002715325,0.000325839,0.0,0.000108613,0.0,0.0,0.0,5.43e-05,0.0,0.000108613,0.032095145,0.001031824,0.0,0.0,5.43e-05,0.00016292,0.0,0.0,0.000325839,0.0,0.0,0.0,0.0,0.0,0.00016292,0.0,5.43e-05,0.000217226,0.0,0.0,0.0,0.0,0.0,0.0,0.0,0.0,0.00016292,0.0,0.0,0.0,0.0,0.0,0.0,0.0,0.0,0.0,0.0,0.0,0.0,0.000217226,0.001303356,0.000543065,0.0,0.0,0.0,0.0,0.0,0.00016292,5.43e-05,0.008906267,0.0,0.0,0.0,0.0,0.0,0.001737808,0.0,5.43e-05,0.0,0.0,0.0,0.0,0.0,0.0,0.000543065,0.0,0.0,0.000108613,0.0,0.000380146,0.000217226,0.046649289,0.0,0.0,0.087650701,0.001574889,0.000108613,0.0,5.43e-05,0.0,0.0,0.000923211,5.43e-05,0.0,0.0,0.0,0.0,0.0,0.0,0.002932551,0.0,0.0,0.0,0.000325839,0.0,0.001955034,0.0,0.00016292,0.0,0.000217226,5.43e-05,0.0,5.43e-05,0.000271533,0.0,0.000814598,0.00575649,0.0,0.000217226,0.000217226,0.0,0.00342131,0.0,0.0,0.000108613,0.0,0.0,0.0,0.0,0.000434452,0.0,0.0,0.0,0.0,0.0,0.0,0.0,0.0,0.00016292,0.000271533,0.003367003,0.0,0.000108613,0.0,0.0,0.0,0.0,0.0,0.0,0.0,0.0,0.0,0.000325839,0.0,0.0,0.002986858,0.0,0.0,0.0,5.43e-05,0.000488759,0.0,0.0,0.0,0.0,0.0,5.43e-05,0.000271533,0.0,0.0,0.0,0.0,0.000705985,0.0,0.695937873,0.0,0.0,5.43e-05,0.0,0.0,0.0,0.0,5.43e-05,0.0,0.025089606,0.0,0.013956772,0.004453133,0.0,0.000271533,0.0,0.0,0.0,0.014391224,0.0,0.0,0.0,0.000108613,0.0,0.000108613,0.0,0.0,0.000597372,0.0,0.00016292,0.0,0.0,0.001792115,0.0,0.000760291,0.0,0.0,0.0,0.0,0.0,0.0,0.0,5.43e-05,0.000271533,0.0,0.0,0.0,0.0,0.0,0.0,0.0,0.0,0.000488759,0.0,0.0,0.0,0.000217226,0.0,0.0,0.0,0.0,0.000380146,0.000434452,0.000271533,0.0,0.0,0.0
SRR12478777,0.00150632,0.000130984,6.55e-05,0.000196477,0.000327461,0.0,0.0,0.0,0.0,0.00058943,0.0,0.009561857,0.0,0.0,0.00150632,0.0,0.000130984,0.00451896,0.001637304,0.0,0.000654922,6.55e-05,0.0,0.0,0.0,0.0,0.0,0.238587989,0.001047875,0.000130984,0.000720414,0.00058943,0.000327461,0.0,0.0,0.000720414,0.0,0.0,0.0,0.0,6.55e-05,0.000392953,0.0,0.000130984,0.0,0.003864038,6.55e-05,0.0,6.55e-05,0.0,0.0,0.0,0.0,0.005763311,0.00058943,6.55e-05,0.0,0.0,0.0,0.000458445,0.0,0.0,0.0,0.0,0.000785906,0.0,6.55e-05,0.019975113,0.000785906,0.0,0.0,0.0,0.0,6.55e-05,0.000261969,0.005370358,0.001899273,0.000327461,0.0,0.000196477,0.000130984,0.0,0.010937193,0.0,0.01866527,0.000130984,0.0,6.55e-05,0.00058943,6.55e-05,0.0,0.0,0.0,0.0,6.55e-05,0.000261969,0.002030257,0.002357718,0.066409064,0.000130984,0.0,0.103150174,0.000392953,0.000851398,6.55e-05,0.000327461,0.001899273,0.0,0.020237082,0.0,6.55e-05,0.000261969,0.000130984,6.55e-05,0.0,0.0,0.0,0.0,0.0,0.004322483,0.001309843,6.55e-05,0.0,0.0,6.55e-05,0.0,0.001571812,0.0,0.0,0.00058943,0.000196477,0.0,0.000130984,0.006745694,0.0,0.000785906,6.55e-05,0.0,6.55e-05,0.0,0.0,0.00091689,0.000130984,0.0,0.0,0.010085795,0.000130984,0.000130984,0.005894296,0.0,0.0,0.000261969,0.001244351,0.000851398,0.0,0.002488703,0.000261969,0.002030257,0.0,0.000654922,0.0,0.000785906,6.55e-05,0.0,0.000196477,0.0,0.000196477,0.0,0.0,0.002554195,0.000392953,0.0,0.087301068,0.001113367,0.0,0.0,0.0,0.007924553,0.0,0.0,0.0,0.0,0.0,0.031305259,0.0,0.0,0.0,0.0,0.0,0.000196477,0.000130984,0.252668806,0.0,0.0,0.0,0.0,6.55e-05,0.008055537,0.0,0.0,0.000196477,0.007466108,0.0,0.000523937,0.017093457,0.0,0.000196477,0.000130984,0.0,0.0,0.000261969,0.0,6.55e-05,0.0,0.000196477,0.0,6.55e-05,0.0,0.0,0.0,0.0,6.55e-05,0.0,0.0,0.00091689,0.0,0.0,6.55e-05,6.55e-05,6.55e-05,0.000261969,0.0,0.000392953,0.0,0.0,0.0,6.55e-05,0.0,0.0,0.0,6.55e-05,0.0,0.000130984,6.55e-05,0.0,0.0,6.55e-05,0.0,6.55e-05,0.0,0.0,0.0,0.0,6.55e-05,0.000196477,0.000130984,0.0,0.0,0.0
SRR12478778,0.0,0.0,0.0,0.0,0.02173913,0.0,0.0,0.0,0.0,0.0,0.0,0.0,0.0,0.0,0.0,0.0,0.0,0.0,0.0,0.0,0.0,0.0,0.0,0.0,0.0,0.0,0.010869565,0.0,0.0,0.0,0.0,0.0,0.043478261,0.0,0.0,0.0,0.0,0.0,0.0,0.0,0.0,0.0,0.0,0.0,0.0,0.0,0.0,0.0,0.0,0.0,0.0,0.0,0.0,0.0,0.0,0.0,0.0,0.0,0.0,0.02173913,0.0,0.0,0.0,0.0,0.0,0.0,0.0,0.0,0.02173913,0.032608696,0.0,0.0,0.0,0.0,0.0,0.0,0.0,0.0,0.0,0.0,0.0,0.0,0.0,0.0,0.0,0.0,0.0,0.0,0.0,0.0,0.0,0.0,0.0,0.0,0.0,0.0,0.0,0.0,0.0,0.0,0.0,0.108695652,0.0,0.0,0.0,0.0,0.0,0.0,0.0,0.0,0.0,0.0,0.0,0.0,0.0,0.0,0.0,0.0,0.0,0.0,0.0,0.0,0.0,0.0,0.0,0.0,0.0,0.0,0.0,0.0,0.0,0.0,0.0,0.0,0.0,0.0,0.0,0.0,0.0,0.0,0.0,0.0,0.0,0.0,0.0,0.0,0.0,0.0,0.0,0.0,0.0,0.0,0.0,0.0,0.0,0.0,0.0,0.010869565,0.0,0.0,0.0,0.0,0.0,0.0,0.0,0.0,0.0,0.0,0.0,0.0,0.0,0.0,0.0,0.0,0.0,0.0,0.0,0.0,0.0,0.0,0.0,0.0,0.010869565,0.0,0.0,0.0,0.0,0.0,0.0,0.0,0.0,0.010869565,0.0,0.0,0.0,0.0,0.010869565,0.0,0.0,0.0,0.0,0.0,0.0,0.0,0.010869565,0.0,0.010869565,0.0,0.0,0.0,0.0,0.0,0.0,0.0,0.0,0.0,0.0,0.0,0.0,0.402173913,0.0,0.032608696,0.0,0.0,0.0,0.0,0.0,0.0,0.0,0.0,0.0,0.0,0.0,0.0,0.0,0.0,0.0,0.054347826,0.0,0.0,0.0,0.0,0.0,0.0,0.0,0.0,0.0,0.0,0.0,0.0,0.0,0.0,0.0,0.0,0.0,0.0,0.0,0.0,0.0
SRR12478779,0.003307191,0.020977039,0.0,0.00085042,9.45e-05,0.0,9.45e-05,0.0,9.45e-05,0.0,0.0,9.45e-05,0.0,0.0,0.000472456,0.0,0.0,0.022488897,0.003496173,0.0,0.000944912,9.45e-05,0.0,0.0,0.0,0.0,0.0,0.01785883,0.0,0.0,0.002645753,9.45e-05,9.45e-05,0.000188982,0.0,0.001228385,0.0,0.0,0.0,0.0,9.45e-05,9.45e-05,0.0,0.0,9.45e-05,0.001133894,0.0,0.0,0.0,0.0,0.002740244,0.0,0.0,0.004252102,9.45e-05,0.000283473,0.0,0.0,0.0,0.0,0.0,0.001417367,0.0,0.0,0.0,0.0,0.001228385,0.005763961,0.000377965,0.0,0.0,0.0,0.0,0.000188982,0.0,0.000283473,0.005291505,9.45e-05,0.0,0.000188982,9.45e-05,0.0,0.002834735,0.0,0.004630067,0.0,0.0,0.0,0.0,0.010205046,0.0,0.000188982,0.0,0.0,0.0,0.001228385,0.000188982,0.00245677,0.030615137,0.0,0.0,0.181801002,0.000188982,0.004346594,9.45e-05,9.45e-05,0.002362279,0.0,0.012472834,0.000283473,0.000472456,9.45e-05,0.000283473,0.0,0.0,0.0,0.00085042,0.0,0.0,0.0,0.000755929,0.0,0.002834735,0.0,0.0,0.0,0.000377965,0.000188982,0.0,0.000472456,0.0,0.0,0.000472456,0.024473212,0.0,0.000944912,0.0,0.0,0.000377965,0.0,0.0,0.00085042,0.0,0.0,0.0,0.006141926,0.0,0.0,0.004441085,0.0,0.0,9.45e-05,0.000188982,9.45e-05,0.0,0.004346594,0.00160635,0.006803364,0.0,0.000188982,0.0,0.000755929,9.45e-05,0.0,0.0,0.0,0.0,9.45e-05,0.0,0.0,9.45e-05,0.000188982,0.028063876,0.000188982,0.0,0.0,0.0,0.000377965,0.0,0.0,0.0,0.0,0.0,0.004441085,0.000283473,0.0,0.0,0.0,0.0,0.0,0.0,0.51828404,0.0,0.0,0.0,0.0,9.45e-05,0.000566947,0.0,0.0,0.000188982,0.005574979,0.0,0.000377965,0.006992346,0.0,0.000188982,0.000188982,0.0,0.0,0.002267788,0.0,0.000472456,9.45e-05,0.0,0.0,9.45e-05,0.0,0.0,0.0,0.001039403,9.45e-05,0.0,0.0,0.001700841,0.0,0.000472456,9.45e-05,0.0,9.45e-05,9.45e-05,0.0,0.000188982,0.0,0.0,0.000944912,0.0,0.0,0.0,0.0,0.000188982,0.0,0.0,0.000566947,0.00085042,0.0,0.0,0.0,0.000377965,0.0,0.0,0.0,0.0,0.0,0.001133894,0.0,0.0,0.0,0.0
SRR12478780,0.000543872,0.002991298,9.06e-05,0.000271936,0.001540972,0.0,0.0,0.0,0.0,0.000181291,0.0,0.000181291,0.0,0.0,0.0,0.0,0.000181291,0.001994199,0.000634518,0.0,0.003172589,9.06e-05,0.0,0.0,0.0,0.0,9.06e-05,0.032451051,9.06e-05,0.0,0.002447426,0.001269036,9.06e-05,0.0,0.000181291,0.000453227,0.0,0.000181291,0.0,0.0,0.000271936,0.000271936,0.0,0.000453227,0.0,0.000543872,9.06e-05,0.0,0.0,0.000362582,0.0,0.0,0.0,0.001450326,0.000543872,0.000362582,0.0,0.001087745,0.0,0.000453227,0.0,0.0,0.0,0.0,0.0,0.0,0.000362582,0.002900653,0.0,0.0,0.0,0.0,9.06e-05,0.000271936,0.0,0.00335388,0.008158086,0.0,0.0,0.000181291,0.0,9.06e-05,0.000181291,0.0,0.025652647,0.0,0.0,0.0,0.000271936,0.0,0.0,0.000543872,9.06e-05,0.000271936,0.000271936,9.06e-05,0.010696157,0.003807107,0.026105874,0.000453227,0.0,0.219180566,0.000543872,0.00453227,0.0,0.000271936,0.00117839,0.0,0.004894851,0.0,0.0,0.000271936,0.000181291,0.0,0.0,0.0,0.0,0.0,0.0,0.000362582,0.000725163,0.0,0.000725163,0.0,0.0,0.0,0.000543872,9.06e-05,0.0,0.000271936,0.000634518,0.0,0.000453227,0.003263234,0.0,0.000725163,0.0,0.0,0.0,0.000181291,0.001903553,0.005982596,0.0,0.0,9.06e-05,0.000181291,0.0,9.06e-05,0.001269036,0.0,0.0,0.000906454,0.000181291,0.0,0.0,9.06e-05,0.000271936,0.006798405,0.0,0.0,0.0,0.000997099,0.0,0.0,0.0,9.06e-05,0.0,0.0,0.0,0.000906454,0.0,9.06e-05,0.017222625,9.06e-05,0.0,0.0,0.000181291,0.000181291,0.000453227,0.0,0.0,0.0,0.0,0.007614213,0.0,0.0,0.0,0.0,9.06e-05,0.0,0.000362582,0.519851342,0.0,0.0,0.0,0.0,0.000815809,0.006526468,0.000362582,0.0,0.000271936,0.002719362,0.0,0.002538071,0.015772299,0.0,0.000906454,0.0,0.0,0.0,0.003897752,0.0,0.000725163,0.0,0.000634518,0.0,0.001269036,0.0,0.0,0.001540972,9.06e-05,0.000362582,0.000362582,0.0,0.000543872,0.0,0.0,9.06e-05,0.0,0.0,0.0,0.0,0.0,0.001087745,0.0,0.000725163,0.0,0.0,0.0,0.0,0.0,0.0,0.0,0.0,0.000362582,9.06e-05,0.0,0.0,0.0,0.0,9.06e-05,0.0,0.0,0.000362582,0.000271936,0.000362582,0.0,0.0,0.0
SRR12478782,0.0,0.012820513,0.0,0.0,0.010861823,0.0,0.000178063,0.0,0.000534188,0.000890313,0.0,0.000356125,0.0,0.0,0.0,0.0,0.0,0.001246439,0.000534188,0.0,0.0,0.0,0.0,0.0,0.0,0.0,0.000178063,0.017628205,0.0,0.0,0.0,0.0,0.000356125,0.0,0.0,0.000178063,0.0,0.000890313,0.0,0.0,0.0,0.0,0.0,0.000356125,0.000712251,0.0,0.0,0.0,0.0,0.000178063,0.0,0.0,0.0,0.0,0.000534188,0.0,0.0,0.0,0.0,0.0,0.0,0.0,0.0,0.0,0.000178063,0.0,0.0,0.00462963,0.000534188,0.057514245,0.0,0.0,0.0,0.0,0.0,0.0,0.000178063,0.000178063,0.0,0.0,0.0,0.0,0.001424501,0.0,0.0,0.0,0.0,0.0,0.0,0.0,0.0,0.002314815,0.0,0.0,0.002136752,0.0,0.011574074,0.0,0.019764957,0.001424501,0.0,0.127849003,0.000712251,0.0,0.0,0.000356125,0.000356125,0.0,0.001424501,0.0,0.0,0.0,0.0,0.0,0.0,0.0,0.005876068,0.0,0.0,0.000534188,0.0,0.0,0.0,0.0,0.0,0.0,0.0,0.0,0.0,0.0,0.003561254,0.0,0.001068376,0.00462963,0.0,0.006410256,0.007834758,0.0,0.003739316,0.0,0.0,0.0,0.0,0.0,0.0,0.0,0.0,0.0,0.001424501,0.0,0.0,0.000178063,0.0,0.0,0.0,0.0,0.0,0.000890313,0.000712251,0.0,0.0,0.0,0.0,0.0,0.0,0.0,0.0,0.0,0.0,0.000178063,0.0,0.000178063,0.00267094,0.0,0.0,0.0,0.000534188,0.000890313,0.0,0.0,0.0,0.0,0.0,0.0,0.000178063,0.0,0.0,0.0,0.0,0.000712251,0.000534188,0.622507123,0.0,0.0,0.000178063,0.0,0.0,0.001958689,0.000178063,0.0,0.0,0.003027066,0.0,0.0,0.003739316,0.0,0.001958689,0.0,0.0,0.0,0.0,0.0,0.000712251,0.000356125,0.000890313,0.0,0.000712251,0.0,0.0,0.0,0.0,0.0,0.0,0.0,0.002492877,0.0,0.000534188,0.0,0.0,0.0,0.000890313,0.0,0.0,0.0,0.0,0.0,0.0,0.0,0.0,0.0,0.0,0.0,0.0,0.004095442,0.0,0.0,0.0,0.0,0.005519943,0.0,0.0,0.0,0.0,0.006944444,0.0,0.001780627,0.0,0.0,0.0
SRR12478783,0.00058183,0.004654642,4.16e-05,0.00718976,0.002576677,0.0,0.000290915,0.0,8.31e-05,0.016873078,0.0,0.010805419,0.0,0.0,0.000457152,0.0,0.0,0.013215859,0.002659796,0.0,0.000415593,8.31e-05,0.0,0.000207797,4.16e-05,0.0,8.31e-05,0.031501953,0.000831186,0.0,0.004072812,0.000374034,0.000457152,8.31e-05,0.0,0.001080542,0.0,0.0,0.0,0.0,0.0,0.0,0.0,0.0,8.31e-05,0.0,8.31e-05,4.16e-05,0.0,0.0,0.000207797,8.31e-05,0.0,0.006150777,8.31e-05,0.000124678,0.0,4.16e-05,0.0,0.000789627,0.0,4.16e-05,0.0,0.0,0.000706508,0.0,0.003407863,0.007480675,0.001454576,8.31e-05,0.0,0.0,0.0,8.31e-05,0.000124678,0.006732607,0.002119525,0.000124678,0.0,8.31e-05,0.000166237,0.0,0.010805419,0.0,0.01974067,0.000124678,0.0,8.31e-05,0.000166237,0.010514504,0.0,0.000540271,0.0,0.000166237,8.31e-05,0.000207797,0.002036406,0.006815726,0.085445931,8.31e-05,0.0,0.179951791,0.005070235,0.000664949,4.16e-05,0.000207797,0.000124678,0.0,0.013839249,8.31e-05,0.000124678,0.000124678,0.000207797,0.0,0.0,8.31e-05,0.002659796,0.0,0.0,0.005942981,0.001703932,0.0,0.003075389,0.0,4.16e-05,0.0,0.000249356,0.000498712,0.0,0.000166237,0.000374034,0.0,0.000498712,0.017787383,0.0,0.000540271,0.001496135,0.0,0.0,0.0,4.16e-05,0.001413016,0.0,0.0,0.0,0.0,4.16e-05,0.000124678,0.000706508,0.0,0.0,0.001413016,0.000457152,4.16e-05,0.0,0.00236888,0.000332474,0.009641759,0.000166237,0.000249356,0.0,0.000831186,0.0,0.0,0.0,4.16e-05,0.0,0.0,0.0,0.003116948,4.16e-05,8.31e-05,0.046130829,0.002742914,0.000124678,0.0,4.16e-05,0.001620813,8.31e-05,0.0,8.31e-05,0.0,0.0,0.007106641,0.000166237,0.0,0.0,0.0,0.0,0.0,0.0,0.33434461,0.0,0.0,0.004987117,0.0,0.00062339,0.009143047,0.0,0.000166237,8.31e-05,0.015210706,0.0,0.009766437,0.02273294,0.0,0.000748067,8.31e-05,0.0,0.0,0.000166237,0.0,0.000498712,0.000166237,0.000207797,0.0,0.000207797,0.0,0.0,0.0,0.000124678,0.001413016,0.000166237,0.0,0.008893691,0.000374034,0.000415593,8.31e-05,8.31e-05,4.16e-05,0.0,0.0,4.16e-05,0.0,0.0,0.000207797,0.0,0.0,8.31e-05,0.0,0.0,0.0,8.31e-05,0.000124678,0.000166237,0.001703932,0.0,0.000789627,0.002161084,0.0,0.0,0.0,0.0,0.00062339,0.0,8.31e-05,0.0,0.0,0.0
SRR12478784,3.17e-05,0.021859831,0.0,3.17e-05,6.35e-05,0.0,0.0,0.0,0.0,0.000190361,0.0,0.002982328,0.0,0.0,3.17e-05,0.0,0.0,0.005266665,0.000983534,0.0,0.0,0.0,0.0,0.0,0.0,0.0,0.000317269,0.138392716,0.0,0.0,0.0,0.006599194,0.000190361,6.35e-05,0.0,0.000285542,0.0,0.0,0.0,0.0,0.0,0.000126908,0.0,0.0,0.0,0.0,0.0,6.35e-05,0.0,0.0,0.0,0.0,0.0,3.17e-05,0.0,0.0,0.0,0.0,0.0,0.0,0.0,0.0,0.0,0.0,0.0,3.17e-05,0.000253815,0.003807227,0.000761445,0.0,0.0,0.0,0.0,0.0,0.0,3.17e-05,0.000126908,0.0,0.0,0.0,3.17e-05,0.0,0.00184016,0.0,0.000253815,0.0,0.0,0.0,9.52e-05,0.0,0.0,6.35e-05,0.0,0.0,0.0,0.0,0.000348996,6.35e-05,0.013928107,0.0,0.0,0.089882293,0.0,3.17e-05,0.0,3.17e-05,0.0,0.0,0.002823694,0.0,0.00326787,0.0,0.0,0.0,3.17e-05,0.0,0.000634538,0.0,0.0,0.0,0.000222088,0.0,3.17e-05,0.0,0.0,0.0,6.35e-05,0.0,0.0,3.17e-05,0.0,0.0,0.000380723,0.004663854,0.0,0.000253815,0.0,0.0,3.17e-05,0.0,0.0,0.0,0.0,0.0,0.0,0.0,0.0,0.0,0.0,0.0,0.0,6.35e-05,0.000602811,0.0,0.0,0.000126908,0.0,0.001046988,6.35e-05,3.17e-05,0.0,3.17e-05,0.0,0.0,3.17e-05,0.0,0.0,0.0,0.0,0.001046988,0.0,3.17e-05,0.003045782,0.0,0.0,0.0,0.0,0.001300803,0.0,0.0,0.0,0.0,0.0,3.17e-05,0.0,0.0,0.0,0.0,0.0,0.0,0.0,0.651289698,0.0,0.0,0.0,0.0,0.0,9.52e-05,0.0,0.0,0.0,0.009232526,0.0,0.0,0.022716457,0.0,0.0,3.17e-05,0.0,0.0,9.52e-05,0.0,3.17e-05,0.0,6.35e-05,0.0,0.0,0.0,0.0,0.0,0.0,9.52e-05,0.0,3.17e-05,9.52e-05,0.0,0.000539357,0.0,0.0,0.0,6.35e-05,0.0,3.17e-05,0.0,0.0,3.17e-05,0.0,0.0,0.0,0.0,0.0,0.0,0.0,3.17e-05,0.0,0.0,0.0,0.0,0.000602811,0.0,0.0,0.0,0.0,0.0,0.0,0.0,0.0,0.0,0.0
SRR12478785,0.00164398,0.001249425,6.58e-05,0.007891103,0.000394555,0.0,0.0,0.0,0.0,6.58e-05,0.0,0.018609851,0.0,0.0,0.003024923,0.0,0.000526074,0.004734662,0.002498849,0.0,0.011113303,6.58e-05,0.0,0.0,6.58e-05,0.0,0.000197278,0.042546196,0.000920629,0.0,0.000131518,0.001183665,0.00078911,0.000131518,6.58e-05,0.003024923,0.0,0.000131518,0.0,0.0,0.0,0.000657592,0.0,0.000328796,0.0,0.000723351,0.000263037,0.0,6.58e-05,0.000131518,0.002038535,0.0,0.000131518,0.008285658,0.000394555,6.58e-05,0.0,0.0,0.0,0.001841257,0.0,6.58e-05,0.0,0.0,0.000328796,0.0,0.001117906,0.06733741,0.002630368,0.002367331,0.0,0.0,0.0,0.000131518,0.000131518,0.001249425,0.023344512,0.000263037,0.0,0.000131518,0.000657592,0.0,0.009469323,0.0,0.030512264,6.58e-05,0.0,0.0,0.000657592,0.005852568,0.0,0.000197278,0.0,0.0,0.000197278,0.000723351,0.005589531,0.002761886,0.046557506,0.000263037,0.0,0.211613073,0.009272046,0.011507858,6.58e-05,0.000394555,0.0,0.0,0.016176761,6.58e-05,0.000197278,0.000657592,0.000460314,0.0,6.58e-05,0.0,0.000591833,0.0,0.0,0.000394555,0.001183665,0.0,0.012296969,0.0,0.0,0.0,0.000854869,0.0,0.0,0.000263037,0.000131518,0.0,0.000657592,0.018544092,0.0,0.001775498,6.58e-05,0.0,0.000263037,0.0,0.0,0.002630368,0.0,0.0,0.0,0.007693825,0.0,0.0,0.000723351,0.0,0.0,0.000460314,0.000526074,0.0,0.0,0.00164398,0.001775498,0.005458013,6.58e-05,0.000131518,0.0,0.001380943,0.000131518,0.0,0.000197278,6.58e-05,0.0,0.0,0.0,0.003024923,0.000526074,0.0,0.036627869,0.000131518,0.0,0.0,0.000723351,0.002696127,0.0,0.0,0.0,0.0,0.0,0.014993095,6.58e-05,0.0,0.0,0.0,0.0,0.000131518,0.0,0.256921155,0.0,0.000197278,0.0,0.000197278,0.0,0.004668902,6.58e-05,0.0,0.000197278,0.002170053,0.0,0.000460314,0.029262839,0.0,0.000394555,0.000131518,0.0,0.0,0.000460314,0.0,0.000394555,0.0,0.000657592,0.0,0.000460314,0.0,0.0,6.58e-05,0.000920629,0.001117906,6.58e-05,0.0,0.002761886,0.0,0.000657592,0.000197278,0.0,6.58e-05,6.58e-05,0.0,0.000328796,6.58e-05,0.0,0.000263037,0.000263037,0.0,0.0,0.0,0.0,0.0,0.0,6.58e-05,6.58e-05,0.000657592,6.58e-05,0.0,0.000328796,0.0,0.0,0.0,0.0,0.000263037,0.003353719,0.000328796,0.0,0.0,0.0
SRR12478786,0.0,0.000157542,0.000157542,0.0,7.88e-05,0.0,7.88e-05,0.0,0.0,0.000945254,0.0,0.002441906,0.0,0.0,0.0,0.0,0.0,0.003229618,0.000315085,0.0,0.000630169,7.88e-05,0.0,0.0,7.88e-05,0.0,0.000315085,0.019929106,0.000472627,0.0,0.0,0.014100039,0.000236314,0.0,0.0,0.000708941,0.0,0.0,0.0,0.0,0.0,0.0,0.0,0.0,7.88e-05,0.0,0.0,0.000157542,0.0,0.0,0.0,0.0,0.0,0.002914533,0.000157542,0.0,0.0,7.88e-05,0.0,0.000236314,0.0,7.88e-05,0.0,0.0,0.000315085,0.0,0.000787712,0.012603387,0.002993304,0.001575423,0.0,0.0,0.0,7.88e-05,0.0,7.88e-05,0.001969279,0.0,0.0,0.0,0.0,0.0,7.88e-05,0.0,0.04513588,0.0,0.0,0.0,7.88e-05,0.0,0.0,0.000236314,0.0,0.0,0.0,0.0,7.88e-05,0.005592753,0.028751477,0.0,0.0,0.148089799,0.012209531,0.000630169,0.0,7.88e-05,0.000236314,0.0,0.007168176,0.000157542,0.0,0.0,0.0,0.000393856,0.0,0.0,0.001575423,0.0,0.0,0.000472627,7.88e-05,7.88e-05,0.001260339,0.0,7.88e-05,0.0,0.000315085,0.0,0.0,0.000393856,0.000236314,0.0,0.000315085,0.002993304,0.0,0.013942497,0.0,0.0,0.0,0.0,0.0,0.001417881,0.0,0.0,0.0,0.001260339,0.0,0.0,0.000866483,0.0,0.0,0.000315085,0.000315085,0.0,0.0,0.001260339,0.000866483,0.005671524,0.0,0.0,0.0,0.001102796,7.88e-05,0.0,0.0,0.0,0.0,0.0,0.0,0.000866483,0.0,0.000157542,0.012367074,0.000157542,0.0,0.0,0.0,0.000157542,0.0,0.0,0.0,0.0,0.000551398,0.000551398,0.0,0.0,0.0,0.0,0.0,0.000236314,0.0,0.57510831,0.0,0.0,0.0,0.0,0.000945254,0.013233557,0.0,0.0,0.000315085,0.003781016,0.0,0.001890508,0.005829067,0.0,0.000157542,7.88e-05,0.0,0.0,0.008034659,0.0,0.0,0.000157542,0.0,0.0,0.0,0.0,0.0,0.005671524,7.88e-05,0.000787712,0.0,0.0,0.006222922,0.0,7.88e-05,7.88e-05,0.0,0.0,0.0,0.0,0.0,0.003465931,0.0,0.000866483,0.0,0.0,0.0,0.0,7.88e-05,0.0,7.88e-05,0.0,0.000236314,0.000315085,0.000157542,0.0,0.001181568,0.0,7.88e-05,0.0,0.0,0.000393856,0.000708941,0.0,0.0,0.0,0.0
SRR12478787,0.00062751,0.00188253,0.000125502,0.0,0.001004016,0.0,0.0,0.0,0.0,0.000941265,0.0,0.001443273,6.28e-05,0.0,0.000125502,0.0,6.28e-05,0.000690261,0.00062751,0.0,0.000564759,0.0,0.0,6.28e-05,0.0,0.0,0.000125502,0.474648594,0.0,0.0,0.000564759,0.002008032,0.000376506,0.000439257,0.000251004,0.000815763,0.0,0.0,0.0,6.28e-05,0.0,0.000125502,0.0,0.000251004,6.28e-05,0.000125502,0.0,0.0,0.0,0.000125502,0.0,6.28e-05,0.000125502,0.000251004,0.000376506,6.28e-05,0.0,0.0,0.0,0.000376506,0.0,6.28e-05,0.0,0.0,0.000125502,0.0,0.000815763,0.013052209,0.000125502,0.02748494,0.0,0.0,0.0,6.28e-05,0.000125502,0.000376506,0.000564759,0.0,0.0,6.28e-05,6.28e-05,6.28e-05,0.005961345,0.0,0.022213855,6.28e-05,0.0,0.0,0.0,0.001129518,0.0,0.000251004,0.0,0.0,0.000125502,0.0,0.007906627,0.001506024,0.040976406,0.0,0.0,0.111571285,0.002635542,0.004769076,0.0,0.000376506,6.28e-05,0.0,0.00439257,0.0,0.007404618,0.000125502,0.000125502,0.000125502,0.000188253,0.0,0.000878514,0.0,0.0,0.002949297,0.000313755,0.0,0.000439257,0.0,0.000125502,0.0,0.000564759,0.001192269,0.0,0.000251004,0.000313755,0.0,0.000125502,0.011922691,0.0,0.001506024,0.001004016,0.0,0.000502008,0.000313755,0.0,0.000690261,0.0,0.0,0.0,0.0,0.0,0.0,0.000815763,0.0,0.0,6.28e-05,0.000376506,0.000125502,0.0,0.002008032,0.0,0.003012048,0.000313755,6.28e-05,0.0,0.000313755,0.0,0.0,6.28e-05,0.0,0.0,0.0,0.0,0.001443273,0.0,6.28e-05,0.015248494,0.000188253,0.0,0.0,0.000502008,0.004204317,0.000125502,0.0,0.000188253,0.0,0.0,0.000251004,0.0,0.0,0.0,0.0,0.0,0.000313755,0.000251004,0.112387048,0.0,0.0,0.0,0.0,6.28e-05,0.00251004,0.0,0.0,6.28e-05,0.004204317,0.0,0.0,0.014307229,0.0,0.000564759,0.0,0.0,0.0,0.000502008,0.0,0.000188253,0.0,0.000690261,0.000564759,0.000753012,0.0,0.0,0.000690261,6.28e-05,6.28e-05,0.0,0.0,0.058797691,0.0,6.28e-05,0.0,0.0,0.0,0.0,0.0,0.0,0.000502008,0.0,6.28e-05,0.0,0.0,0.0,6.28e-05,0.000188253,0.0,6.28e-05,0.0,0.0,0.0,0.0,0.0,0.000502008,0.0,6.28e-05,0.0,0.0,0.000815763,0.0,0.000439257,0.0,0.0,0.0
SRR12478788,0.000201086,0.001105972,0.0,5.03e-05,0.000100543,0.0,0.0,0.0,0.000100543,0.000201086,0.0,0.000201086,0.0,0.0,0.0,0.0,0.0,0.010205108,0.000402172,0.0,0.000100543,0.0,0.0,0.0,0.0,0.0,5.03e-05,0.00924995,0.0003519,0.0,5.03e-05,0.0,0.0003519,0.0,0.0,0.000653529,0.000100543,5.03e-05,0.0,0.000100543,0.0,0.0,0.0,0.0,5.03e-05,5.03e-05,0.0,0.0,0.0,0.0,0.0,0.0,0.0,0.000703801,0.0,5.03e-05,0.0,0.0,0.0,0.000100543,0.0,0.0,0.0,0.0,0.000150814,0.0,0.002513573,0.010054293,0.000804343,0.0003519,0.0,0.0,0.0,0.0,0.0,0.006635834,0.001860044,5.03e-05,5.03e-05,0.0,5.03e-05,0.0,0.000301629,0.0,0.023124874,0.0,0.0,0.0,0.0,0.0,0.0,0.000502715,0.0,0.0,0.000100543,0.000150814,0.000402172,0.000201086,0.035441383,0.0,0.0,0.085411221,0.000754072,0.004273075,0.0,0.000201086,5.03e-05,0.0,0.003569274,5.03e-05,0.0,0.000251357,0.0,5.03e-05,0.0,0.0,0.006836919,0.0,0.0,0.000150814,0.000251357,0.0,0.000452443,0.0,5.03e-05,0.0,0.000301629,0.0,0.0,0.000100543,0.000150814,0.0,0.000955158,0.012366781,0.0,0.000402172,0.000402172,0.0,0.000502715,0.0,0.000251357,0.0,0.0,0.0,0.0,0.0,0.0,0.0,0.002211945,0.0,0.0,0.002463302,0.000201086,0.000150814,0.0,0.000402172,0.000100543,0.004273075,0.0,0.0,0.0,0.000201086,0.0003519,0.0,5.03e-05,0.0,0.0,0.0,0.0,5.03e-05,0.0,0.000452443,0.007289363,0.0,0.0,0.0,0.000201086,0.000301629,0.0,0.0,0.0,0.0,0.0,0.001658958,0.0,0.0,0.0,0.0,0.0,0.0,0.0,0.719887392,0.0,0.0,0.000201086,0.0,0.000150814,0.002312487,0.0,0.0,0.0,0.015131711,0.0,0.000150814,0.004876332,0.0,0.000402172,0.0,0.0,0.0,0.0,0.0,5.03e-05,0.0,0.000150814,0.0,5.03e-05,0.0,0.0,0.001508144,0.0,0.00206113,0.0,0.0,0.000854615,0.0,5.03e-05,0.0,5.03e-05,0.0,0.0,0.0,0.0,0.0,0.0,0.0,0.0,0.0003519,0.0,0.0,0.0,0.0,0.0,0.0,0.0,0.00412226,0.0,0.000100543,0.000804343,0.0,0.0,0.0,0.0,0.000150814,0.0,5.03e-05,0.0,0.0,0.0
SRR12478789,6.48e-05,0.000162048,0.0,0.0,6.48e-05,0.0,0.0,0.0,0.0,0.000810241,0.0,0.003111327,0.0,0.0,0.0,0.0,0.0,0.007130125,0.000550964,0.0,0.000324097,0.0,0.0,0.0,6.48e-05,0.0,0.0,0.014973262,0.000291687,0.0,0.002041808,0.00667639,6.48e-05,3.24e-05,0.0,0.000194458,0.0,0.0,0.0,3.24e-05,3.24e-05,9.72e-05,0.0,0.0,0.0,3.24e-05,3.24e-05,3.24e-05,0.0,0.0,0.0,0.0,0.0,0.001069519,0.0,3.24e-05,0.0,0.0,0.0,9.72e-05,0.0,3.24e-05,0.0,0.0,0.000550964,0.0,0.000129639,0.002495544,0.000356506,6.48e-05,0.0,0.0,0.0,0.0,3.24e-05,3.24e-05,0.010792416,3.24e-05,0.0,0.0,6.48e-05,0.0,0.000518555,0.0,0.029654837,3.24e-05,0.0,0.000129639,0.0,0.0,0.0,3.24e-05,0.0,3.24e-05,6.48e-05,0.0,0.000129639,0.000648193,0.041257495,0.0,0.0,0.077264625,0.0,0.004958678,3.24e-05,3.24e-05,0.000194458,0.0,0.002171447,0.000129639,0.0,6.48e-05,0.0,0.0,0.0,0.0,0.000648193,0.0,0.0,0.001328796,0.000226868,3.24e-05,0.000745422,0.0,0.0,0.0,0.000291687,0.0,0.0,3.24e-05,0.0,3.24e-05,0.000291687,0.003597472,0.0,0.000518555,0.0,0.0,0.0,0.0,0.0,0.000648193,0.0,0.0,3.24e-05,0.0,3.24e-05,0.0,0.000615784,0.0,0.0,0.006157835,3.24e-05,0.0,0.0,0.000194458,0.000324097,0.00288446,0.0,9.72e-05,3.24e-05,0.000226868,0.0,0.0,3.24e-05,0.0,0.0,0.0,0.0,0.000291687,0.0,0.0,0.006968076,6.48e-05,0.0,0.0,0.0,0.000810241,0.0,0.0,0.0,3.24e-05,3.24e-05,0.005120726,0.0,0.0,0.0,0.0,0.0,0.0,0.0,0.717387782,0.0,0.0,0.0,0.0,0.000194458,0.008718198,0.0,3.24e-05,0.0,0.013482418,3.24e-05,0.001393615,0.011213742,0.0,0.000194458,0.0,0.0,0.0,0.0,0.0,0.000129639,3.24e-05,0.0,0.0,0.0,0.0,0.0,6.48e-05,6.48e-05,3.24e-05,9.72e-05,0.0,0.002268676,0.0,6.48e-05,0.0,9.72e-05,0.0,0.0,0.0,0.0,0.0,0.0,0.000194458,0.0,0.0,0.0,0.0,0.0,0.0,0.0,9.72e-05,0.000162048,0.0,0.0,0.0,0.000875061,0.0,0.0,0.0,0.0,0.000291687,6.48e-05,0.0,0.0,0.0,0.0
SRR12478790,0.000111433,0.000111433,0.000390016,5.57e-05,0.000278583,0.0,0.0,0.0,5.57e-05,0.00016715,0.0,0.000612882,0.0,0.0,5.57e-05,0.0,0.0,0.023846668,0.000334299,0.0,0.000111433,5.57e-05,0.0,0.0,0.0,0.0,5.57e-05,0.016547805,0.000222866,0.0,0.002618676,0.002340094,0.000222866,0.000111433,0.0,0.000111433,0.0,0.0,0.0,0.00016715,0.0,0.0,0.0,0.0,0.0,5.57e-05,0.0,0.0,0.0,0.0,5.57e-05,5.57e-05,0.0,0.000111433,5.57e-05,0.0,0.0,0.0,0.0,0.000278583,0.0,0.000111433,0.0,0.0,5.57e-05,0.0,0.00111433,0.003621573,0.001448629,0.0,0.0,0.0,0.0,0.0,0.0,0.000111433,0.000835748,0.0,0.000390016,0.000111433,5.57e-05,0.0,0.000501449,0.0,0.027913974,0.0,0.0,0.0,0.000111433,0.0,0.0,0.0,0.0,0.000111433,0.0,0.0,0.000557165,0.00016715,0.017773568,0.0,0.0,0.068029864,0.0,5.57e-05,5.57e-05,0.000111433,0.000111433,0.0,0.003064408,0.0,0.0,0.000222866,5.57e-05,0.0,0.0,0.0,0.009026075,0.0,0.0,0.0,0.000557165,0.0,0.000835748,0.0,0.0,0.0,0.000390016,0.0,0.0,0.000278583,5.57e-05,0.0,0.000222866,0.010474705,0.0,0.00128148,5.57e-05,0.0,5.57e-05,0.0,0.0,0.0,0.0,0.0,0.0,0.0,0.0,0.0,0.000111433,0.0,0.0,5.57e-05,0.000222866,0.0,0.0,0.000334299,0.0,0.000334299,0.0,0.000222866,0.0,0.000724315,5.57e-05,0.0,5.57e-05,0.0,0.0,0.0,0.0,0.0,0.0,0.0,0.012591932,0.0,0.0,0.0,5.57e-05,0.000222866,0.000111433,0.0,0.0,0.0,0.0,5.57e-05,0.0,0.0,0.0,0.0,0.0,0.0,0.0,0.752952975,0.0,0.0,5.57e-05,5.57e-05,0.00016715,0.004123022,0.0,5.57e-05,0.0,0.003342991,0.0,0.000668598,0.009248941,0.0,0.000111433,0.0,0.0,0.0,0.00016715,0.0,0.000390016,0.0,5.57e-05,0.0,0.0,0.0,0.0,0.0,0.0,0.000111433,0.000111433,0.0,0.001504346,0.0,0.001225763,0.0,0.0,0.0,5.57e-05,0.0,0.0,0.0,0.0,0.000501449,0.0,0.0,5.57e-05,0.0,5.57e-05,0.0,0.0,0.0,0.00016715,0.000111433,0.0,0.0,0.009081792,0.0,0.0,0.0,0.0,0.0,0.0,0.0,0.0,0.0,0.0
SRR12478791,0.000369413,0.00049255,0.000123138,0.000246275,0.000123138,0.0,0.0,0.0,0.0,0.000554119,0.0,0.006834134,6.16e-05,0.0,0.00049255,0.0,0.0,0.01606945,0.001292944,0.0,0.001970201,0.0,0.0,6.16e-05,0.0,0.0,0.000123138,0.063538973,0.000246275,0.0,0.0009851,6.16e-05,0.000184706,0.000123138,0.000123138,0.001354513,0.000123138,0.0,0.0,0.000123138,0.000123138,0.000123138,0.0,0.0,6.16e-05,0.00049255,0.0,6.16e-05,0.0,0.000123138,0.000307844,0.0,0.0,0.004186677,0.000246275,6.16e-05,0.0,6.16e-05,0.0,0.00049255,0.0,6.16e-05,0.0,0.0,0.000554119,0.0,0.000738825,0.013421992,0.001231375,0.018655338,0.0,0.0,0.0,0.0,0.000430981,0.002832164,0.005787465,0.000246275,0.0,0.000184706,6.16e-05,0.0,0.002339613,6.16e-05,0.038911464,0.0,0.0,6.16e-05,0.000307844,0.0,0.0,6.16e-05,0.0,0.0,0.000123138,0.000307844,0.001539219,0.002893732,0.045006773,6.16e-05,0.0,0.157185076,0.01354513,0.001847063,0.000123138,0.000184706,0.000123138,0.0,0.006649427,6.16e-05,0.001108238,0.000554119,0.000184706,6.16e-05,0.0,0.0,0.001108238,0.0,0.0,0.000307844,0.000923532,0.0,0.004802364,0.0,0.0,0.0,0.002709026,0.0,0.0,0.000246275,6.16e-05,0.0,0.001723926,0.019147888,0.0,0.001847063,0.000369413,0.0,6.16e-05,0.0,0.0,0.001600788,6.16e-05,0.0,0.0,0.002893732,0.0,0.0,0.001785494,0.0,0.0,0.000430981,0.002154907,0.000246275,0.0,0.001970201,0.000800394,0.005602758,0.0,0.00049255,6.16e-05,0.00049255,0.0,0.0,0.000307844,0.0,0.0,0.0,0.0,0.001662357,6.16e-05,0.0,0.030168698,0.000615688,0.000123138,0.0,0.000123138,0.001416082,0.0,0.0,0.0,0.0,0.0,0.002031769,0.0,0.0,0.0,0.0,0.0,0.000123138,6.16e-05,0.443356729,0.0,0.0,0.0,0.0,0.0,0.008065509,0.000307844,6.16e-05,0.000123138,0.008989041,0.000123138,0.000123138,0.014160818,0.0,0.000246275,0.000184706,0.0,0.0,0.000430981,0.0,0.000246275,6.16e-05,0.0,6.16e-05,0.000123138,0.0,0.0,0.0,6.16e-05,0.000554119,6.16e-05,0.0,0.001539219,0.0,0.001477651,0.000123138,6.16e-05,6.16e-05,0.000184706,0.0,0.0,0.0,0.0,0.000184706,0.0,0.0,0.000123138,0.0,0.000184706,0.0,0.000307844,0.0,0.000123138,0.000677256,0.000123138,0.0,0.000123138,0.0,0.0,0.0,0.0,0.005910602,6.16e-05,0.000123138,0.0,0.0,0.0
SRR12478792,0.000311807,0.007864468,3.46e-05,0.0,6.93e-05,0.0,0.0,0.0,0.0,0.000311807,0.0,0.000554324,0.0,0.0,3.46e-05,0.0,0.0,0.003118071,0.000311807,0.0,0.0,3.46e-05,0.0,3.46e-05,0.0,0.0,0.0,0.009769956,6.93e-05,0.0,0.000173226,0.0,0.000588969,0.0,0.0,0.000138581,0.0,3.46e-05,0.0,0.0,0.0,0.0,0.0,0.0,0.000138581,0.000519678,0.0,0.0,0.0,0.0,0.0,6.93e-05,0.0,0.000207871,3.46e-05,0.0,0.0,0.0,0.0,0.0,0.0,3.46e-05,0.0,0.0,3.46e-05,0.0,0.000346452,0.003914911,0.000103936,0.0,0.0,0.0,0.0,0.0,0.0,0.000381098,0.002875554,0.0,3.46e-05,3.46e-05,6.93e-05,0.0,0.001732262,0.0,0.008384146,0.0,0.0,3.46e-05,0.0,0.000103936,0.0,0.000381098,0.0,0.0,0.0,3.46e-05,0.000242517,0.000173226,0.011675443,3.46e-05,0.0,0.066103104,0.002875554,0.000346452,0.0,6.93e-05,6.93e-05,0.0,0.001732262,0.0,3.46e-05,0.0,0.0,0.0,0.0,0.0,0.009250277,0.0,0.0,0.0,0.000692905,0.0,0.000207871,0.0,0.0,0.0,0.000103936,3.46e-05,0.0,0.000103936,0.000242517,0.0,0.000519678,0.003845621,0.0,0.000207871,0.004573171,0.0,0.00072755,0.0,0.0,6.93e-05,0.0,0.0,0.0,0.0,3.46e-05,0.0,0.001697616,0.0,0.0,0.000103936,0.0,0.0,0.0,0.000415743,6.93e-05,0.000831486,0.0,3.46e-05,0.0,0.000103936,0.0,0.0,3.46e-05,0.0,0.0,0.0,0.0,6.93e-05,0.0,0.0,0.002736973,0.0,3.46e-05,0.0,6.93e-05,0.000311807,6.93e-05,0.0,0.0,0.0,0.0,0.000103936,0.0,0.0,0.0,0.0,0.0,0.0,0.0,0.793722284,0.0,0.0,0.0,0.0,3.46e-05,0.001420455,0.0,6.93e-05,0.000138581,0.007552661,3.46e-05,0.000381098,0.001697616,0.0,0.000242517,0.0,0.0,0.0,0.001004712,0.0,0.0,3.46e-05,0.0,0.0,3.46e-05,0.0,0.0,0.0,0.0,0.000623614,3.46e-05,0.0,0.023246951,0.0,3.46e-05,3.46e-05,0.0,6.93e-05,0.0,0.0,0.0,0.0,0.0,0.0,0.0,0.0,3.46e-05,0.0,0.0,0.0,3.46e-05,0.0,0.0,0.000311807,0.0,0.0,0.013754157,0.0,0.0,0.0,0.0,0.001628326,0.0,0.0,0.0,0.0,0.0
SRR12478793,0.0,0.0,0.0,0.0,0.0,0.0,0.0,0.0,0.0,0.0,0.0,0.0,0.0,0.0,0.0,0.0,0.0,0.0,0.0,0.0,0.0,0.0,0.0,0.0,0.0,0.0,0.0,0.0,0.0,0.0,0.0,0.25,0.0,0.0,0.0,0.0,0.0,0.0,0.0,0.0,0.0,0.0,0.0,0.0,0.0,0.0,0.0,0.0,0.0,0.0,0.0,0.0,0.0,0.0,0.0,0.0,0.0,0.0,0.0,0.0,0.0,0.0,0.0,0.0,0.0,0.0,0.0,0.0,0.0,0.0,0.0,0.0,0.0,0.0,0.0,0.0,0.0,0.0,0.0,0.0,0.0,0.0,0.0,0.0,0.0,0.0,0.0,0.0,0.0,0.0,0.0,0.0,0.0,0.0,0.0,0.0,0.0,0.0,0.0,0.0,0.0,0.25,0.0,0.0,0.0,0.0,0.0,0.0,0.0,0.0,0.0,0.0,0.0,0.0,0.0,0.0,0.0,0.0,0.0,0.0,0.0,0.0,0.0,0.0,0.0,0.0,0.0,0.0,0.0,0.0,0.0,0.0,0.0,0.0,0.0,0.0,0.0,0.0,0.0,0.0,0.0,0.0,0.0,0.0,0.0,0.0,0.0,0.0,0.0,0.0,0.0,0.0,0.0,0.0,0.0,0.0,0.0,0.0,0.0,0.0,0.0,0.0,0.0,0.0,0.0,0.0,0.0,0.0,0.0,0.0,0.0,0.0,0.0,0.0,0.0,0.0,0.0,0.0,0.0,0.0,0.0,0.0,0.0,0.0,0.0,0.0,0.0,0.0,0.0,0.0,0.0,0.0,0.0,0.0,0.0,0.0,0.0,0.0,0.0,0.0,0.0,0.0,0.0,0.0,0.0,0.0,0.0,0.0,0.0,0.0,0.0,0.0,0.0,0.0,0.0,0.0,0.0,0.0,0.0,0.0,0.0,0.0,0.0,0.0,0.0,0.0,0.0,0.0,0.0,0.0,0.0,0.0,0.0,0.0,0.0,0.0,0.0,0.0,0.0,0.0,0.0,0.0,0.0,0.0,0.0,0.0,0.0,0.0,0.0,0.0,0.0,0.0,0.0,0.0,0.0,0.0,0.0,0.0,0.0
SRR12478794,0.000576424,0.003170333,9.61e-05,0.000288212,0.000288212,0.0,0.0,0.0,9.61e-05,9.61e-05,0.0,0.0,0.0,0.0,0.0,0.0,9.61e-05,0.003266404,0.000192141,0.0,0.000480354,0.0,0.0,0.0,0.0,0.0,0.0,0.028244788,9.61e-05,0.0,0.000288212,9.61e-05,9.61e-05,0.0,9.61e-05,0.000768566,0.0,0.0,0.0,0.0,0.000384283,0.0,0.0,0.0,9.61e-05,0.000288212,0.0,0.0,0.0,0.0,0.000192141,0.0,0.0,0.000864636,0.0,0.0,0.0,0.0,0.0,0.000288212,0.0,0.0,0.0,0.0,9.61e-05,0.0,0.000768566,0.010375636,0.000192141,0.0,0.0,0.0,0.0,9.61e-05,9.61e-05,0.000384283,0.003458545,9.61e-05,0.0,0.0,0.0,0.0,0.002497838,0.0,0.005956384,9.61e-05,0.0,0.0,9.61e-05,0.003266404,0.0,0.000192141,0.0,0.0,9.61e-05,0.0,0.000384283,0.000864636,0.020270919,0.0,0.0,0.046882506,0.001537131,0.000960707,0.0,0.000192141,0.0,0.0,0.003074263,9.61e-05,0.0,9.61e-05,0.000192141,0.0,0.0,0.0,0.002593909,0.0,0.0,0.000192141,0.000384283,0.0,0.000864636,0.0,9.61e-05,0.0,0.000480354,0.0,0.0,0.000288212,0.0,0.0,9.61e-05,0.005860313,0.0,0.000576424,0.000192141,0.0,0.0,0.0,0.000672495,0.000288212,0.0,0.0,0.0,0.0,9.61e-05,0.0,0.004323182,0.0,0.0,0.0,9.61e-05,0.0,0.0,0.000192141,0.0,0.000960707,0.0,9.61e-05,0.0,9.61e-05,9.61e-05,0.0,9.61e-05,0.0,9.61e-05,0.0,0.0,0.0,0.0,0.0,0.01489096,9.61e-05,0.0,0.0,0.0,0.000384283,0.0,0.0,0.0,0.0,0.0,0.001729273,0.0,0.0,0.0,0.0,0.0,0.0,0.0,0.797482947,0.0,0.0,0.0,0.0,0.0,0.000672495,9.61e-05,0.0,0.0,0.005956384,0.0,0.002978192,0.00672495,0.0,9.61e-05,0.0,0.0,0.0,0.000864636,0.0,9.61e-05,0.0,0.0,0.0,0.0,0.0,0.0,0.0,0.0,0.000192141,0.0,0.0,0.000768566,0.0,0.001056778,0.0,0.0,0.0,0.0,0.0,0.000192141,0.0,0.0,9.61e-05,9.61e-05,0.0,0.0,0.0,0.0,0.0,0.0,0.000192141,0.000384283,0.0,9.61e-05,0.0,0.001441061,0.0,0.0,0.0,0.0,0.0,0.000576424,0.0,0.0,0.0,0.0
SRR12478795,0.0,0.0,0.0,0.0,0.000195733,0.0,9.79e-05,0.0,0.0,0.0,0.0,0.005871991,0.0,0.0,0.0,0.0,0.0,0.006850656,0.000685066,0.0,9.79e-05,0.0,0.0,0.0,0.0,0.0,0.0,0.090037189,0.0,0.0,0.0,0.003425328,9.79e-05,0.0,0.0,0.0,0.0,0.0,0.0,0.0,0.0,0.0,0.0,0.0,0.0,0.0,0.0,0.0,0.0,0.0,0.0,0.0,0.0,9.79e-05,9.79e-05,0.0,0.0,0.0,0.0,9.79e-05,0.0,0.0,0.0,0.0,0.0,0.0,0.000195733,0.004697592,0.007927187,0.0,0.0,0.0,0.0,0.0,0.0,0.0,9.79e-05,0.0,9.79e-05,0.0,0.0,0.0,0.0,0.0,0.000391466,0.0,0.0,0.0,0.0,0.0,0.0,0.0,0.0,0.0,0.0,0.0,9.79e-05,0.0002936,0.025445293,0.0,0.0,0.17273439,0.0,0.0,0.0,9.79e-05,0.0,0.0,0.001076532,0.0,0.0,0.0,0.0,0.0,0.0,0.0,0.000782932,0.0,0.0,0.0002936,0.001565864,0.0,0.0,0.0,0.000195733,0.0,9.79e-05,0.0,0.0,0.000195733,0.0,0.0,0.000587199,0.007927187,0.0,0.000489333,0.0,0.0,0.0,0.0,0.0,0.0,0.0,0.0,0.0,0.0,0.0,0.0,0.0,0.0,0.0,0.0,0.000195733,0.0,0.0,0.000195733,0.0,0.003718927,0.0,0.0,0.0,0.0,9.79e-05,0.0,0.0,0.0,0.0,0.0,0.0,0.0,0.0,0.0,0.005382658,0.0,0.0,0.0,0.0,0.002544529,0.0,0.0,0.0,0.0,0.0,0.0,0.0,0.0,0.0,0.0,0.0,0.0,0.0,0.640340575,0.0,0.0,0.0,0.0,0.0,0.0,0.0,0.0,0.0,0.003621061,0.0,0.0,0.000782932,0.0,0.0,0.0,0.0,0.0,9.79e-05,0.0,0.0,0.0,0.0,0.0,9.79e-05,0.0,0.0,0.000587199,0.0,0.0,0.0,0.0,0.00195733,0.0,0.0,0.0,0.0,0.0,0.0,0.0,0.0,0.0,0.0,9.79e-05,0.0,0.0,0.0,0.0,0.0,0.0,0.0,0.0,0.0,0.0,0.0,0.0,0.006752789,0.0,0.0,0.0,0.0,0.0,0.0,0.0,0.0,0.0,0.0
SRR12478796,0.000860057,0.049084654,0.0,0.000307163,6.14e-05,0.0,6.14e-05,0.0,6.14e-05,0.000307163,6.14e-05,0.000122865,0.000307163,0.0,0.003194496,0.0,6.14e-05,0.004423148,0.002211574,0.0,0.001290085,0.000491461,0.0,0.0,0.0,0.0,6.14e-05,0.017815456,0.000307163,0.0,0.000122865,6.14e-05,0.001105787,0.0,0.0,0.004115985,0.0,0.003870254,0.0,0.000122865,0.000122865,0.000122865,0.000184298,0.0,0.0,0.000675759,0.000122865,0.0,0.0,0.000122865,0.000307163,0.0,0.0,0.008416267,0.000675759,0.0,0.0,0.0,0.0,0.000491461,0.0,0.00024573,0.0,0.0,0.003563091,0.0,0.000368596,0.00964492,0.000368596,0.000122865,0.0,0.0,6.14e-05,6.14e-05,6.14e-05,0.000675759,0.020641356,0.0,0.0,6.14e-05,0.0,0.0,0.000184298,6.14e-05,0.000184298,6.14e-05,0.0,0.0,6.14e-05,0.0,0.0,0.0,0.0,0.0,0.0,0.0,0.000860057,0.014006635,0.041651309,6.14e-05,0.0,0.174591473,0.000860057,0.003870254,0.000184298,0.000368596,0.000368596,6.14e-05,0.014743826,6.14e-05,0.0,0.000430028,0.0,0.0,6.14e-05,0.0,0.0,0.0,0.0,0.0,0.002334439,0.0,0.000982922,0.0,0.000184298,0.0,0.000552893,0.0,0.0,0.000307163,0.000122865,0.0,0.000552893,0.012102224,0.0,0.000860057,0.000368596,0.0,0.0,0.0,0.0,0.003624524,0.000184298,0.0,0.0,0.001044354,0.0,0.0,0.001535815,0.0,0.0,0.000184298,0.000430028,0.002457304,0.0,0.002703035,0.000921489,0.001597248,0.0,0.001842978,6.14e-05,0.002273007,0.0,0.0,0.0,0.0,0.000122865,0.0,0.0,0.0,0.000184298,0.0,0.062538395,0.002211574,0.0,0.0,0.0,0.000675759,0.0,0.0,0.0,0.0,0.0,0.003255928,6.14e-05,0.0,0.0,0.0,0.0,0.000307163,6.14e-05,0.373325961,0.0,0.0,0.000184298,0.0,0.000307163,0.000368596,0.0,6.14e-05,0.000184298,0.001228652,0.0,0.000430028,0.0395626,0.0,0.0,0.00024573,0.0,0.0,0.001965843,0.0,0.0,6.14e-05,0.0,0.0,6.14e-05,0.0,0.0,0.001044354,0.001474383,0.000430028,0.0,0.0,0.001228652,0.0,6.14e-05,0.0,0.0,0.00024573,0.000122865,0.0,0.0,6.14e-05,0.0,0.0,6.14e-05,0.000184298,0.0,0.0,0.0,0.0,0.0,0.029733382,0.0,0.0,0.0,0.0,0.000307163,0.0,0.0,0.0,0.0,0.001474383,0.000798624,0.0,0.0,0.0,0.0
SRR12478797,0.000172087,0.01183101,4.3e-05,8.6e-05,4.3e-05,0.0,0.000129066,0.0,4.3e-05,8.6e-05,0.0,0.000258131,0.0,0.0,0.000258131,0.0,0.0,0.01183101,0.000301153,0.0,0.000172087,8.6e-05,0.0,0.0,0.0,0.0,8.6e-05,0.011099639,0.0,0.0,4.3e-05,0.0,4.3e-05,8.6e-05,0.0,0.000258131,4.3e-05,0.011185682,0.0,0.000215109,0.000172087,4.3e-05,0.0,0.0,0.0,0.000172087,0.0,0.0,0.0,0.0,0.0,0.0,0.0,0.001763896,0.0,0.0,4.3e-05,0.000172087,0.0,0.000215109,0.0,0.0,0.0,0.0,0.000344175,0.0,0.001376699,0.006281191,0.000172087,4.3e-05,0.0,0.0,0.0,4.3e-05,0.0,0.002108071,0.003398727,4.3e-05,4.3e-05,0.0,4.3e-05,0.0,0.001333678,0.0,0.008131131,0.0,0.0,0.0,0.0,0.003742901,0.0,4.3e-05,0.000172087,0.0,8.6e-05,0.000258131,0.00047324,0.004732404,0.06169334,4.3e-05,0.0,0.147694029,0.002581311,0.001075546,0.0,8.6e-05,0.0,0.0,0.003097574,8.6e-05,0.0,0.000172087,4.3e-05,0.0,0.0,0.0,0.000344175,0.0,0.0,0.000817415,0.000731372,0.0,0.000344175,0.0,0.0,0.0,0.000129066,0.000172087,0.0,0.000129066,8.6e-05,0.0,0.000301153,0.015143693,0.0,0.000344175,0.0,0.0,0.000129066,0.0,0.0,0.000344175,0.0,0.0,0.0,0.000129066,0.0,0.0,4.3e-05,0.0,0.0,0.000172087,8.6e-05,4.3e-05,0.0,0.000645328,4.3e-05,0.001419721,0.0,0.000129066,0.0,0.000387197,0.0,0.0,0.0,0.0,0.0,0.0,0.0,0.000129066,0.0,0.0,0.01114266,8.6e-05,0.0,0.0,0.0,4.3e-05,0.0,0.0,0.0,0.0,0.0,0.000946481,4.3e-05,0.0,0.0,0.0,0.0,0.0,0.0,0.545947341,0.0,0.0,4.3e-05,0.0,0.0,0.000301153,0.0,4.3e-05,8.6e-05,0.003785923,0.0,0.024092239,0.009550852,0.0,0.0,0.0,0.0,0.0,0.008475305,0.0,4.3e-05,0.0,0.0,0.0,0.0,0.0,0.0,0.001462743,4.3e-05,0.00068835,0.0,0.0,0.009593874,0.0,4.3e-05,0.0,8.6e-05,0.0,0.0,0.0,0.0,0.0,0.0,0.000387197,0.0,0.000172087,0.0,0.0,0.0,0.0,0.0,0.048958871,0.001376699,0.001032525,0.0,0.0,0.002796421,0.0,0.0,0.0,0.0,0.000215109,0.0,8.6e-05,0.0,0.0,0.0
SRR12478798,0.000801381,0.025335964,0.0,0.0,0.0,0.0,6.16e-05,0.0,0.0,0.0,0.0,0.002958945,6.16e-05,6.16e-05,0.0,0.0,0.000123289,0.009123413,0.000493157,0.0,0.000308223,0.000123289,0.0,0.0,0.000123289,0.0,0.000493157,0.735174454,0.000123289,0.0,0.0,0.000616447,0.001664406,0.0,0.0,0.000184934,0.0,0.000123289,0.0,0.0,0.0,0.0,0.0,0.0,6.16e-05,0.0,0.0,0.0,0.0,0.0,0.0,0.0,0.0,0.0,0.000801381,0.0,0.0,0.0,0.0,0.000184934,0.0,6.16e-05,0.0,0.0,0.0,0.0,0.0,0.002589077,0.00104796,0.0,0.0,0.0,0.0,0.0,6.16e-05,0.0,0.0,0.0,0.0,0.0,0.0,0.0,0.004993219,0.0,0.000123289,6.16e-05,0.0,0.0,0.000246579,0.0,0.0,0.0,0.0,0.0,0.0,0.000431513,0.000123289,0.0,0.006287757,0.0,0.0,0.002342498,0.0,0.0,0.0,0.0,0.0,0.0,0.001541117,6.16e-05,0.004561706,0.0,6.16e-05,0.0,0.0,0.0,0.002774011,0.0,0.0,0.0,0.000308223,0.0,0.0,0.0,6.16e-05,0.0,0.000123289,0.0,0.0,0.00092467,0.000616447,0.0,0.000431513,0.02700037,0.0,0.002589077,0.0,0.0,0.000123289,0.0,0.0,0.0,0.0,0.0,0.0,0.0,0.0,0.0,0.00104796,0.0,0.025459253,0.000123289,6.16e-05,0.0,0.0,0.000123289,0.0,0.003328813,0.0,0.0,0.000369868,0.000431513,6.16e-05,0.0,0.0,0.0,0.0,0.0,0.0,0.000616447,0.0,0.0,0.000308223,6.16e-05,0.0,0.0,6.16e-05,0.04043891,0.0,0.0,0.0,0.0,0.0,0.0,0.0,0.0,0.0,0.0,0.0,6.16e-05,0.0,0.003575391,0.0,0.0,0.0,0.0,0.0,6.16e-05,0.0,0.0,6.16e-05,0.000431513,0.0,0.0,0.000308223,0.0,6.16e-05,0.0,0.0,0.0,0.067932437,0.0,0.0,0.0,0.0,0.0,0.0,0.0,0.0,0.0,0.0,0.000493157,0.0,0.0,0.012575515,0.0,0.0,0.0,0.0,0.0,6.16e-05,0.0,0.0,0.0,0.0,0.0,6.16e-05,0.0,0.0,0.0,0.0,0.0,0.0,0.0,0.0,0.0,0.0,0.0,0.002280853,0.0,0.0,0.0,0.0,0.0,0.0,0.0,0.0,0.0,0.0
SRR12478799,0.000149824,0.000224736,0.0,0.000224736,0.000224736,0.0,0.0,0.0,0.0,7.49e-05,0.0,0.000149824,0.0,0.0,0.0,0.0,0.0,0.017304667,0.000449472,0.0,7.49e-05,0.0,0.0,0.0,0.0,0.0,0.0,0.018653083,7.49e-05,0.0,0.000674208,0.001423328,0.000224736,0.0,0.0,0.000599296,0.0,0.0,0.0,0.0,0.0,7.49e-05,0.0,0.0,0.0,0.000224736,0.0,7.49e-05,0.0,0.0,0.0,0.0,0.0,0.000224736,0.000149824,0.0,0.0,0.0,0.0,0.000149824,0.0,0.0,0.0,0.0,0.0,0.0,0.000299648,0.002472095,0.00112368,0.00037456,0.0,0.0,0.0,0.000299648,0.000149824,7.49e-05,0.00074912,0.0,0.0,7.49e-05,0.0,0.0,0.000449472,0.0,0.008614878,0.000149824,0.0,0.0,0.000149824,0.031088471,0.0,0.000149824,0.0,0.0,0.0,0.0,0.000224736,0.0,0.01400854,0.0,0.0,0.048992434,0.000524384,7.49e-05,0.000224736,0.0,0.0,0.0,0.003371039,7.49e-05,0.0,7.49e-05,0.0,0.0,7.49e-05,0.0,0.001348416,0.0,0.0,0.0,0.00037456,0.0,0.000599296,0.0,0.0,0.0,0.000224736,0.0,0.0,0.000149824,7.49e-05,0.0,0.000149824,0.002097535,0.0,0.000524384,0.0,0.0,0.0,0.000149824,0.000674208,7.49e-05,0.0,0.0,0.0,0.0,0.0,0.0,7.49e-05,0.0,0.0,0.004120159,0.0,0.0,0.0,0.00037456,0.000224736,0.001797887,0.0,7.49e-05,0.0,0.000299648,0.0,0.0,0.0,0.0,0.0,0.0,0.0,0.0,0.0,7.49e-05,0.005992958,0.0,0.0,0.0,7.49e-05,0.000224736,0.0,0.0,0.0,0.0,7.49e-05,0.0,0.0,0.0,0.0,0.0,0.0,0.0,0.0,0.805453592,0.0,0.0,7.49e-05,0.0,0.000149824,7.49e-05,0.0,0.0,7.49e-05,0.001722976,0.000149824,0.0,0.007641022,0.0,7.49e-05,0.0,0.0,0.0,0.003970335,0.0,0.000224736,0.0,0.0,0.0,0.0,0.0,0.0,0.001048768,0.0,0.0,0.0,0.0,7.49e-05,0.0,7.49e-05,0.0,0.0,0.0,0.0,0.0,0.000149824,0.0,0.0,0.0,0.0,0.0,0.0,0.0,0.0,0.0,0.0,0.0,7.49e-05,7.49e-05,0.0,0.0,0.002472095,0.0,7.49e-05,0.0,0.0,0.000224736,0.0,0.0,0.0,0.0,0.0
SRR12478800,7.7e-05,0.004694113,0.0,0.0,7.7e-05,0.0,7.7e-05,0.0,7.7e-05,7.7e-05,0.0,0.0,0.0,0.0,0.0,0.0,0.0,0.000615621,0.000230858,0.0,0.000153905,0.0,0.0,0.0,0.0,0.0,0.0,0.015929204,0.0,0.0,0.00430935,0.003078107,0.0,0.0,0.0,0.0,0.0,0.000153905,0.0,0.0,0.0,0.0,0.0,7.7e-05,0.0,0.000384763,0.0,0.0,0.0,0.0,0.0,0.000384763,0.0,0.0,0.000153905,0.000230858,0.0,0.0,0.0,7.7e-05,0.0,0.0,7.7e-05,0.0,0.0,0.0,0.000153905,0.00200077,0.00115429,0.0,0.0,0.0,0.0,0.0,0.000230858,7.7e-05,0.000230858,7.7e-05,0.0,0.0,0.0,0.0,0.000615621,0.0,0.008541747,7.7e-05,0.0,0.0,7.7e-05,0.004001539,0.0,7.7e-05,0.0,0.000692574,0.0,0.000153905,0.000769527,0.000384763,0.004771066,0.0,0.0,0.065101962,0.000615621,0.000153905,0.0,0.0,0.0,0.0,0.000923432,0.0,0.0,7.7e-05,0.0,0.0,0.0,0.0,0.003308965,0.0,0.0,7.7e-05,0.000384763,0.0,7.7e-05,0.0,0.0,0.0,7.7e-05,0.0,0.0,0.000615621,0.000153905,0.0,7.7e-05,0.001692959,0.0,0.001077337,0.000307811,0.0,7.7e-05,0.000307811,0.0,0.000230858,7.7e-05,0.0,0.0,0.0,0.0,0.0,0.000153905,0.0,0.0,0.010157753,0.0,0.0,0.0,0.000538669,0.000307811,0.0,0.0,0.0,0.0,7.7e-05,0.0,0.0,0.0,0.0,0.0,0.0,0.0,0.0,0.0,0.000461716,0.002154675,0.000153905,0.0,0.0,0.0,0.0,0.000153905,0.0,0.0,0.0,0.0,7.7e-05,0.0,0.0,0.0,0.0,7.7e-05,0.0,0.0,0.831011928,0.0,0.0,0.0,0.0,0.000153905,0.001231243,0.0,0.0,7.7e-05,0.001231243,0.0,7.7e-05,0.006925741,0.0,0.000538669,0.0,0.0,0.0,0.006925741,0.0,0.000538669,0.000153905,0.0,0.0,0.0,0.0,0.0,0.0,0.0,0.000153905,0.000307811,0.0,0.001077337,0.0,7.7e-05,0.0,0.0,0.0,0.0,0.0,0.0,0.0,0.0,0.0,7.7e-05,0.0,7.7e-05,0.0,0.0,0.0,0.0,0.0,0.0,0.000153905,0.0,0.0,0.00346287,0.0,7.7e-05,0.0,0.0,0.0,0.0,0.0,0.0,0.0,0.0
SRR12478801,0.0,0.0,0.0,0.0,0.0,0.0,0.0,0.0,0.0,0.0,0.0,0.014705882,0.0,0.0,0.0,0.0,0.0,0.014705882,0.0,0.0,0.0,0.0,0.0,0.0,0.0,0.0,0.0,0.058823529,0.0,0.0,0.0,0.0,0.0,0.0,0.0,0.0,0.0,0.0,0.0,0.0,0.0,0.0,0.0,0.0,0.0,0.0,0.0,0.0,0.0,0.0,0.0,0.0,0.0,0.0,0.0,0.0,0.0,0.0,0.0,0.0,0.0,0.0,0.0,0.0,0.0,0.0,0.0,0.014705882,0.0,0.0,0.0,0.0,0.0,0.0,0.0,0.0,0.0,0.0,0.0,0.0,0.0,0.0,0.0,0.0,0.0,0.0,0.0,0.0,0.0,0.058823529,0.0,0.0,0.0,0.0,0.0,0.0,0.0,0.0,0.014705882,0.0,0.0,0.161764706,0.0,0.0,0.0,0.0,0.0,0.0,0.0,0.0,0.0,0.0,0.0,0.0,0.0,0.0,0.0,0.0,0.0,0.0,0.0,0.0,0.0,0.0,0.0,0.0,0.0,0.0,0.0,0.0,0.0,0.0,0.0,0.0,0.0,0.0,0.0,0.0,0.0,0.0,0.0,0.0,0.0,0.0,0.0,0.0,0.0,0.0,0.0,0.0,0.0,0.0,0.0,0.0,0.0,0.0,0.0,0.0,0.0,0.0,0.0,0.0,0.0,0.0,0.0,0.0,0.0,0.0,0.0,0.0,0.0,0.0,0.0,0.0,0.0,0.0,0.0,0.0,0.0,0.0,0.0,0.0,0.0,0.0,0.0,0.0,0.0,0.0,0.0,0.0,0.0,0.279411765,0.0,0.0,0.0,0.0,0.014705882,0.0,0.0,0.0,0.0,0.0,0.0,0.0,0.0,0.0,0.0,0.0,0.0,0.0,0.0,0.0,0.0,0.0,0.0,0.0,0.0,0.0,0.0,0.25,0.0,0.0,0.0,0.0,0.0,0.0,0.0,0.0,0.0,0.0,0.0,0.0,0.0,0.0,0.0,0.0,0.0,0.0,0.0,0.0,0.0,0.0,0.0,0.0,0.0,0.0,0.0,0.0,0.0,0.0,0.0,0.0,0.0,0.0,0.0,0.0,0.0,0.0,0.0
SRR12478802,0.003610411,0.000167926,0.000251889,8.4e-05,0.000419815,0.0,0.000251889,0.0,0.000251889,0.000503778,0.0,0.005121746,0.0,0.0,0.000251889,0.0,0.0,0.013266163,0.007556675,0.0,0.000335852,0.0,0.0,0.000167926,0.000167926,0.0,0.000503778,0.015785055,0.000251889,0.0,0.007556675,0.000251889,0.001259446,0.0,0.000167926,0.001847187,0.0,0.0,0.0,0.0,8.4e-05,0.000419815,8.4e-05,0.0,0.0,0.000503778,8.4e-05,0.0,8.4e-05,8.4e-05,8.4e-05,8.4e-05,8.4e-05,0.007052897,0.000251889,0.0,0.0,8.4e-05,0.0,0.000587741,0.0,0.000167926,0.0,0.0,0.000335852,0.0,0.000503778,0.018975651,0.003526448,0.0,0.0,0.0,0.0,0.000251889,0.0,0.000503778,0.001679261,0.000251889,0.0,8.4e-05,8.4e-05,0.0,0.005541562,0.0,0.065827036,0.0,0.0,0.0,0.000251889,0.0,0.0,0.000251889,0.0,8.4e-05,0.0,0.001007557,0.000755668,0.028799328,0.073047859,8.4e-05,0.0,0.290428212,0.025440806,0.002686818,8.4e-05,0.000503778,0.0,0.000167926,0.029806885,0.000167926,0.0,0.000839631,0.000167926,8.4e-05,0.0,0.0,0.000335852,0.0,0.0,0.000335852,0.000839631,0.0,0.000755668,0.0,0.0,0.0,0.00109152,0.0,0.0,0.000587741,0.000587741,0.0,0.001259446,0.047858942,0.0,0.000755668,0.000167926,0.0,0.000419815,0.0,0.0,0.002518892,0.0,0.0,8.4e-05,0.0,0.0,8.4e-05,0.00193115,0.0,8.4e-05,8.4e-05,0.000839631,0.0,0.0,0.004450042,0.000167926,0.001259446,0.0,0.000755668,0.0,0.001847187,0.0,0.0,0.000167926,8.4e-05,0.000167926,0.0,0.0,0.0,0.0,8.4e-05,0.068345928,0.000335852,0.0,0.0,0.0,0.001175483,8.4e-05,0.0,0.0,0.000671704,0.0,0.000839631,0.0,0.0,0.0,0.0,0.0,0.000335852,0.0,0.179764903,8.4e-05,0.0,0.0,0.0,0.000503778,0.009235936,0.0,0.0,0.000335852,0.006549118,8.4e-05,0.000167926,0.02418136,0.0,0.001427372,0.0,0.0,0.0,0.002854744,0.0,0.000419815,0.0,0.0,0.0,0.0,0.0,0.0,0.0,8.4e-05,0.000167926,0.000167926,0.0,0.001847187,0.0,0.002854744,0.0,0.000167926,8.4e-05,0.000167926,0.0,0.000335852,0.0,0.0,0.000167926,8.4e-05,0.0,0.000251889,0.0,0.000335852,0.0,8.4e-05,0.000251889,0.000167926,0.0,0.0,0.0,0.000167926,0.0,0.0,0.0,0.0,0.000335852,8.4e-05,0.0,0.0,0.0,0.0
SRR12478803,0.000247321,0.020692498,0.0,0.0,0.001483924,0.0,0.0,0.0,0.0,8.24e-05,0.0,0.001154163,0.0,0.0,0.0,0.0,0.0,0.000741962,0.0,0.0,8.24e-05,0.0,0.0,0.0,8.24e-05,0.0,0.0,0.714591921,0.000329761,0.0,8.24e-05,0.000329761,0.000577082,0.0,0.000247321,0.0,0.0,0.0,0.0,0.0,0.00016488,0.000247321,0.0,0.000659522,0.002555647,0.0,0.0,0.0,0.0,8.24e-05,0.0,0.0,0.000247321,0.0,0.00016488,0.00016488,0.0,0.0,0.0,0.0,0.0,0.0,0.0,0.0,0.0,0.0,0.00016488,0.000659522,0.0,0.0,0.0,0.0,0.0,0.0,0.000329761,8.24e-05,0.000329761,8.24e-05,8.24e-05,0.0,0.00016488,0.00016488,0.002885408,0.0,0.0,0.0,0.0,0.0,0.000329761,8.24e-05,0.0,0.011541632,0.0,0.0,0.000989283,0.0,0.008656224,0.00016488,0.003050289,8.24e-05,0.0,0.152267106,0.0,8.24e-05,0.0,0.0,0.000329761,0.0,0.000247321,0.0,0.000247321,0.0,0.0,0.0,8.24e-05,0.0,0.001648805,0.0,0.0,0.00016488,0.00016488,0.0,0.0,0.0,8.24e-05,0.0,8.24e-05,0.0,0.0,8.24e-05,0.01442704,0.0,8.24e-05,0.00354493,0.0,0.001071723,0.0,0.0,0.000247321,0.0,0.0,0.0,0.0,0.0,0.0,8.24e-05,0.0,0.0,0.010469909,0.0,0.0,0.0,0.0,0.0,0.0,0.0,0.0,0.000329761,0.000247321,0.0,0.000741962,0.0,8.24e-05,0.0,8.24e-05,0.0,0.0,0.0,0.0,0.0,0.0,0.0,0.000494641,0.0,0.0,0.0,0.001071723,0.006347898,0.0,0.0,0.0,0.0,0.0,0.0,0.0,0.0,0.0,0.0,0.000329761,8.24e-05,0.0,0.0071723,0.0,0.0,8.24e-05,0.0,0.0,0.0,0.0,0.0,8.24e-05,0.001071723,0.0,0.00016488,0.001483924,0.0,0.004369332,0.0,0.0,0.0,0.0,0.0,0.001236603,0.000659522,0.000247321,0.0,0.002143446,0.0,0.0,0.0,0.0,0.00016488,0.00016488,0.0,0.000247321,0.0,0.003792251,8.24e-05,0.0,8.24e-05,8.24e-05,0.0,0.0,0.0,0.0,8.24e-05,0.0,0.0,0.00016488,0.0,0.0,0.0,0.0,0.0,0.0,0.0,0.0,0.0,0.000412201,0.0,0.000247321,0.0,0.0,0.0,0.0,0.002473207,0.0,0.0,0.0
SRR12478804,0.000435182,0.00788163,0.000193414,0.000193414,0.000628596,0.0,0.0,0.0,0.000193414,0.000338475,0.0,0.002466032,0.0,0.0,0.000483536,0.0,0.0,0.004835356,0.001257193,0.0,0.001450607,0.0,0.0,0.0,0.0,0.0,0.0,0.035733282,4.84e-05,0.0,0.002514385,0.000483536,0.002514385,0.0,0.000145061,0.000290121,0.0,0.0,0.0,9.67e-05,0.0,0.0,0.0,0.0,0.0,4.84e-05,4.84e-05,4.84e-05,0.0,0.0,4.84e-05,0.0,0.0,0.001837435,0.0,0.000145061,0.0,0.0,0.0,0.000386828,0.0,0.0,0.0,0.0,0.000290121,0.0,0.00067695,0.011121319,0.000531889,0.000386828,0.0,0.0,4.84e-05,0.0,0.0,0.000193414,0.003674871,0.0,4.84e-05,4.84e-05,0.0,0.0,0.000580243,0.0,0.023741599,4.84e-05,0.0,0.0,9.67e-05,0.0,0.0,0.000386828,0.0,0.000145061,4.84e-05,4.84e-05,0.00217591,0.004545235,0.032203472,0.0,0.0,0.108263624,0.001595668,0.001257193,0.0,9.67e-05,0.000145061,4.84e-05,0.00909047,0.0,0.0,4.84e-05,4.84e-05,9.67e-05,0.0,0.0,0.002514385,0.0,0.0,4.84e-05,0.000386828,0.0,0.000435182,0.0,9.67e-05,0.0,9.67e-05,0.000193414,0.0,0.000241768,0.000435182,0.0,0.000386828,0.009477298,0.0,0.000967071,4.84e-05,0.0,0.0,0.0,0.0,0.000241768,4.84e-05,0.0,0.0,0.0,0.0,0.0,0.002466032,0.0,4.84e-05,9.67e-05,0.000580243,0.0,0.0,0.000822011,0.0,0.001740728,0.0,0.000241768,0.0,0.004738649,9.67e-05,0.0,0.0,0.0,0.0,0.0,0.0,0.000628596,0.000145061,0.0,0.019776607,9.67e-05,4.84e-05,0.0,4.84e-05,0.000628596,4.84e-05,0.0,0.0,0.0,0.0,0.000531889,9.67e-05,0.0,0.0,0.0,0.0,0.0,0.0,0.640974808,0.0,0.0,4.84e-05,4.84e-05,0.000241768,0.011314733,0.0,4.84e-05,0.0,0.004787003,4.84e-05,0.00149896,0.013248876,0.0,0.000483536,0.0,0.0,0.0,0.001257193,0.0,0.000918718,0.0,9.67e-05,0.0,0.000145061,0.0,0.0,0.0,4.84e-05,0.000435182,0.0,0.0,0.003626517,0.0,0.001450607,0.0,0.0,0.0,0.0,0.0,4.84e-05,0.0,0.0,9.67e-05,0.0,0.0,0.0,0.0,0.0,0.0,0.0,4.84e-05,9.67e-05,4.84e-05,0.0,0.0,0.002079203,0.0,4.84e-05,0.0,0.0,0.000290121,0.0,0.000290121,0.0,0.0,0.0
SRR12478805,0.000286434,0.004582951,0.000171861,0.0,0.000229148,0.0,0.0,0.0,5.73e-05,0.000114574,0.0,0.075847846,5.73e-05,0.0,5.73e-05,0.0,0.0,0.004468378,0.002463336,0.0,0.00091659,0.0,0.0,0.0,0.0,0.0,0.000171861,0.307000458,0.000114574,0.0,0.0,0.036606324,0.004353804,0.0,0.0,0.001432172,0.0,0.0,0.0,0.000171861,5.73e-05,0.0,0.0,5.73e-05,0.0,0.0,0.0,0.000171861,0.0,0.000114574,0.0,0.0,0.0,0.0,0.000229148,0.0,0.0,0.000114574,0.0,0.000401008,0.0,5.73e-05,0.0,0.0,0.0,0.0,0.000687443,0.005384968,0.02618011,0.000114574,0.0,0.0,0.0,0.000114574,0.000171861,0.000630156,0.032137947,0.000114574,0.0,0.000114574,0.000229148,0.0,0.002635197,0.0,0.000171861,0.0,0.0,0.0,0.000286434,0.0,0.0,0.000401008,0.0,0.0,0.0,0.000171861,0.000171861,0.001088451,0.032882676,0.0,0.0,0.312614574,5.73e-05,0.000286434,0.000171861,0.000171861,0.0,0.0,0.001775894,0.0,0.001203025,0.000401008,0.0,0.0,0.0,5.73e-05,0.001374885,0.0,0.0,5.73e-05,0.001947754,0.0,0.004411091,0.0,0.000114574,0.0,0.001374885,0.000114574,0.0,0.000114574,5.73e-05,0.0,0.004468378,0.020852429,0.0,0.001145738,0.0,0.0,0.000114574,0.000114574,0.0,5.73e-05,0.0,0.0,0.0,5.73e-05,0.000630156,0.0,0.001432172,0.0,0.0,0.002520623,0.000859303,0.0,0.0,5.73e-05,0.000114574,0.003036205,0.0,0.001203025,0.000114574,5.73e-05,0.0,0.0,5.73e-05,0.0,0.0,0.0,0.0,0.0,0.0,0.0,0.003895509,5.73e-05,0.0,0.0,0.0,0.011686526,0.0,0.0,5.73e-05,0.0,0.0,5.73e-05,0.0,0.0,0.0,0.0,0.0,0.00074473,0.0,0.005213107,0.0,0.0,0.0,0.0,5.73e-05,0.026122823,0.0,5.73e-05,0.000286434,0.029273602,0.000114574,0.0,0.00664528,0.0,0.0,5.73e-05,0.0,0.0,0.0,0.0,0.0,0.0,0.0,0.0,0.0,0.0,0.0,0.000343721,0.0,0.0,0.0,0.000114574,0.004181943,0.0,0.000286434,0.000171861,0.0,5.73e-05,0.000171861,0.0,0.0,0.0,0.0,0.0,0.000114574,0.000229148,0.0,0.0,0.000229148,0.0,0.0,5.73e-05,0.0,0.0,0.0,0.0,0.000458295,0.0,0.0,0.0,0.0,0.000114574,0.0,0.0,0.0,0.0,0.0
SRR12478806,0.0,0.013467198,0.0,0.0,3.46e-05,0.0,0.0,0.0,0.0,0.00010386,0.0,0.000415441,0.0,0.0,0.0,0.0,0.0,0.00031158,0.00013848,0.0,6.92e-05,0.0,0.0,0.0,0.0,0.0,3.46e-05,0.009347412,0.00013848,0.0,0.0,6.92e-05,0.00020772,0.0,0.0,3.46e-05,0.0,0.0,0.0,0.0,0.0,0.0,0.0,0.0,0.0,0.00013848,0.0,0.0,0.0,3.46e-05,0.0,0.0,0.0,0.001280942,0.0,0.0,0.0,0.0,0.0,0.0,0.0,0.0,0.0,0.0,0.0,0.0,0.001315562,0.001280942,3.46e-05,0.0,0.0,0.0,0.0,0.0,0.0,0.0,0.0,0.0,0.0,0.0,0.0,3.46e-05,6.92e-05,0.0,0.003219664,0.0,0.0,3.46e-05,0.0,0.0,0.0,3.46e-05,3.46e-05,0.0,0.0,0.0,3.46e-05,0.001142461,0.003115804,0.0,0.0,0.068028388,0.00010386,0.0,0.0,0.0,0.0,0.0,0.000934741,0.0,0.0,0.0,0.0,0.0,0.0,0.0,0.0001731,0.0,0.0,0.00013848,0.0001731,0.0,3.46e-05,0.0,0.0,0.0,3.46e-05,0.0,0.0,0.00010386,0.0,0.0,0.00010386,0.001765622,0.0,0.00020772,0.0,0.0,0.0,0.0,0.0,0.00013848,0.0,0.0,0.0,0.0,0.0,0.0,0.001938723,0.0,0.0,0.0,0.0,0.0,0.0,0.00024234,0.0,0.000761641,0.0,3.46e-05,0.0,0.0,0.0,0.0,0.0,0.0,0.0,0.0,0.0,0.00010386,0.0,3.46e-05,0.002007963,0.0,0.0,0.0,0.0,0.00010386,0.0,0.0,0.0,0.0,0.0,6.92e-05,0.0,0.0,0.0,0.0,0.0,3.46e-05,0.0,0.883088108,0.0,0.0,0.0,0.0,0.0,0.00031158,0.0,0.0,0.00010386,0.00024234,0.0,0.000484681,0.001142461,0.0,0.0,0.0,0.0,0.0,3.46e-05,0.0,0.0,0.0,0.0,0.0,0.0,0.0,0.0,0.0,0.0,0.00010386,0.0,0.0,0.00031158,0.0,0.00010386,3.46e-05,0.0,0.0,0.0,0.0,0.0,3.46e-05,0.0,0.0,0.0,0.0,0.0,0.0,3.46e-05,0.0,0.0,0.0,0.0,0.0,0.0,3.46e-05,0.0,0.0,0.0,0.0,0.0,3.46e-05,0.0,0.0,0.0,0.0,0.0
SRR12478807,9.07e-05,0.0,0.0,0.0,0.000272109,0.0,0.0,0.0,0.000272109,0.000136054,0.0,0.000362812,0.0,0.0,0.0,0.0,0.0,9.07e-05,4.54e-05,0.0,9.07e-05,0.0,0.0,0.0,0.000226757,0.0,9.07e-05,0.314240363,9.07e-05,0.0,0.001133787,0.000589569,0.003809524,0.000181406,4.54e-05,0.0,0.0,0.0,0.0,0.0,9.07e-05,0.0,0.0,0.0,4.54e-05,0.0,0.0,0.0,0.0,0.0,0.0,4.54e-05,4.54e-05,4.54e-05,4.54e-05,0.0,0.0,0.0,0.0,9.07e-05,0.0,0.0,0.0,0.0,0.0,0.0,0.025442177,0.005623583,0.0,4.54e-05,0.0,0.0,0.0,0.0,0.0,4.54e-05,0.0,0.0,0.0,0.0,0.0,4.54e-05,9.07e-05,0.0,0.000136054,0.0,0.0,0.0,0.0,0.0,0.0,0.000226757,9.07e-05,0.0,9.07e-05,9.07e-05,0.001451247,0.0,0.000181406,0.0,0.0,0.000453515,0.0,4.54e-05,0.0,0.0,0.0,0.0,0.0,0.0,0.0,0.0,0.0,0.0,4.54e-05,0.0,0.000362812,0.0,0.0,0.0,0.0,4.54e-05,0.0,0.0,0.0,0.0,4.54e-05,0.0,0.0,0.0,4.54e-05,0.0,0.0,0.000181406,0.0,0.010612245,0.0,0.0,4.54e-05,0.0,0.0,4.54e-05,0.0,0.0,0.0,0.0,0.0,0.0,0.004580499,0.0,0.0,0.0,0.0,0.0,0.0,9.07e-05,4.54e-05,0.011609977,4.54e-05,0.0,0.000362812,0.0,0.000272109,0.0,0.000181406,0.0,0.0,0.0,0.0,0.0,4.54e-05,0.0,0.000181406,0.0,0.000136054,0.0,9.07e-05,0.000272109,4.54e-05,0.0,0.0,0.0,0.0,0.0,0.0,0.0,0.0,0.0,0.0,9.07e-05,9.07e-05,0.552970522,0.0,0.0,0.0,0.0,9.07e-05,9.07e-05,0.0,0.0,0.0,4.54e-05,0.0,4.54e-05,0.00462585,0.0,0.000544218,0.0,0.0,0.0,0.0,0.0,4.54e-05,0.0,0.00031746,0.0,0.000181406,0.0,0.0,0.000181406,0.0,0.000136054,4.54e-05,0.0,0.00031746,0.0,0.003809524,0.0,0.0,0.0,4.54e-05,0.0,0.0,0.0,0.0,4.54e-05,0.0,0.0,0.0,0.0,0.000181406,0.0,0.0,0.0,0.0,4.54e-05,0.0,0.0,4.54e-05,0.0,0.0,0.0,0.0,0.0,0.0,0.000181406,0.0,0.0,0.0
SRR12478808,0.0,0.010754434,0.0,0.0,8.12e-05,0.0,0.0,0.0,0.0,0.000486993,0.0,0.000202914,0.0,0.0,0.0,0.0,0.0,0.00044641,0.000243497,0.0,4.06e-05,4.06e-05,0.0,0.0,0.0,0.0,0.0,0.334239682,0.0,0.0,0.0,0.0,0.000162331,0.0,0.0,0.0,0.0,0.0,0.0,0.0,4.06e-05,0.0,0.0,0.0,0.0,0.0,0.0,0.0,0.0,0.0,0.0,0.0,0.0,0.0,8.12e-05,0.0,0.0,0.0,0.0,4.06e-05,0.0,0.0,0.0,0.0,0.0,0.0,0.000324662,0.004951098,0.000365245,0.000405828,0.0,0.0,0.0,0.0,0.0,0.0,0.0,0.0,0.0,0.0,0.0,0.0,0.0,0.0,0.0,0.0,0.0,0.0,4.06e-05,0.0,0.0,8.12e-05,0.0,0.0,4.06e-05,0.0,0.001420397,4.06e-05,0.010510937,0.0,0.0,0.09439552,4.06e-05,8.12e-05,0.0,0.0,0.0,0.0,0.000527576,0.0,0.0,0.0,0.0,0.0,0.0,0.0,0.0,0.0,0.0,0.0,0.0,0.0,0.0,0.0,0.000162331,0.0,0.0,0.0,0.0,0.0,0.000121748,0.0,0.000121748,0.004382939,0.0,0.0,0.0,0.0,0.0,0.0,0.0,0.0,0.0,0.0,0.0,0.0,0.0,0.0,4.06e-05,0.0,0.0,0.0,0.0,0.0,0.0,0.0,0.0,0.00044641,4.06e-05,0.0,0.0,0.0,0.0,0.0,0.0,0.0,0.0,0.0,0.0,0.0,0.0,0.0,0.000649324,0.0,0.0,0.0,8.12e-05,0.039000041,0.0,0.0,0.0,0.0,0.0,0.0,0.0,0.0,0.0,0.0,0.0,0.0,8.12e-05,0.493324135,0.0,0.0,0.0,0.0,0.0,4.06e-05,0.0,0.0,0.0,0.000162331,0.0,4.06e-05,4.06e-05,0.0,0.000121748,0.0,0.0,0.0,0.0,0.0,4.06e-05,0.0,0.000202914,0.0,4.06e-05,0.0,0.0,0.0,0.0,0.0,0.0,0.0,0.0,0.0,0.000121748,0.0,0.0,0.0,4.06e-05,0.0,0.0,0.0,0.0,0.0,0.0,0.0,0.0,4.06e-05,0.0,0.0,0.0,4.06e-05,0.0,0.0,0.0,0.0,4.06e-05,0.0,0.0,0.0,0.0,0.0,0.0,0.000162331,0.0,0.0,0.0
SRR12478809,0.000622346,0.016144384,3.66e-05,0.000951823,0.000292869,0.0,0.0,0.0,0.0,0.003148338,0.0,0.002086689,0.0,0.0,0.00025626,0.0,0.0,0.00362425,0.002196515,0.0,0.005125201,7.32e-05,0.0,3.66e-05,0.0,0.0,3.66e-05,0.028737736,0.000183043,0.0,7.32e-05,7.32e-05,0.000292869,3.66e-05,3.66e-05,0.002086689,0.0,0.0,0.0,0.0,0.0,3.66e-05,0.0,0.0,0.000109826,3.66e-05,0.000109826,0.0,0.0,0.000109826,0.000183043,0.0,0.000109826,0.001940255,3.66e-05,0.0,0.0,3.66e-05,0.0,0.000109826,0.0,0.0,0.0,0.0,0.000109826,0.0,0.000109826,0.008932494,0.000292869,7.32e-05,0.0,0.0,3.66e-05,0.0,3.66e-05,0.006772587,0.007065456,3.66e-05,0.0,3.66e-05,7.32e-05,0.0,0.007504759,0.0,0.000146434,7.32e-05,0.0,0.0,0.0,3.66e-05,0.0,0.000402694,0.0,3.66e-05,0.000109826,0.000366086,0.002416166,0.048433153,0.019585591,3.66e-05,0.0,0.268304291,0.002965295,0.007138673,3.66e-05,0.000183043,7.32e-05,0.0,0.005051984,7.32e-05,3.66e-05,0.000219651,7.32e-05,0.0,0.0,0.0,0.000183043,0.0,0.0,0.00025626,0.000585737,0.0,0.001757212,0.0,0.0,0.0,0.000585737,0.0,0.0,0.000109826,0.000183043,0.0,0.000805389,0.005015376,0.0,0.000732172,0.0,0.0,0.000183043,0.0,7.32e-05,0.001317909,0.0,0.0,0.000109826,0.000475912,3.66e-05,7.32e-05,7.32e-05,0.0,0.0,0.000439303,3.66e-05,0.000475912,0.0,0.001317909,0.000292869,0.002086689,3.66e-05,0.000109826,7.32e-05,0.000475912,0.0,0.0,7.32e-05,3.66e-05,0.0,0.0,0.0,0.000585737,7.32e-05,0.000366086,0.023173232,0.000841997,0.0,0.0,0.000109826,0.006992239,0.000109826,0.0,0.0,0.0,0.0,0.007651193,3.66e-05,0.0,0.0,0.0,0.0,7.32e-05,0.000146434,0.437143066,0.0,0.0,3.66e-05,0.0,7.32e-05,0.011751355,3.66e-05,0.0,0.0,0.001903646,0.0,0.004209987,0.013435349,0.0,0.000366086,3.66e-05,0.0,0.0,0.000183043,0.0,0.0,3.66e-05,0.000146434,0.0,3.66e-05,0.0,0.0,0.0,0.000219651,0.0,0.0,0.0,0.000585737,3.66e-05,0.004356421,0.0,7.32e-05,3.66e-05,0.000219651,0.0,0.000109826,0.0,0.0,0.000329477,3.66e-05,0.0,0.000219651,0.0,3.66e-05,0.0,3.66e-05,0.000146434,7.32e-05,0.000146434,0.0,7.32e-05,0.0,0.0,0.0,0.0,0.0,0.001061649,0.0,0.000219651,0.0,0.0,0.0
SRR12478810,0.000672194,0.000224065,0.000672194,0.0,0.01434013,0.0,0.0,0.0,0.0,0.0,0.0,0.011651356,0.0,0.0,0.0,0.0,0.0,0.000448129,0.001344387,0.0,0.0,0.0,0.0,0.0,0.0,0.0,0.000448129,0.201658078,0.000448129,0.0,0.000896258,0.0,0.0,0.000672194,0.000448129,0.000448129,0.000224065,0.0,0.0,0.000224065,0.0,0.001344387,0.0,0.004257226,0.000672194,0.0,0.0,0.0,0.0,0.001344387,0.0,0.0,0.000896258,0.000224065,0.001120323,0.002688774,0.0,0.0,0.0,0.000672194,0.0,0.0,0.0,0.0,0.0,0.0,0.0,0.004033162,0.000224065,0.0,0.0,0.0,0.0,0.0,0.000224065,0.0,0.000224065,0.0,0.0,0.0,0.0,0.0,0.002016581,0.0,0.000448129,0.0,0.0,0.0,0.0,0.0,0.0,0.003136903,0.000448129,0.0,0.005153484,0.000224065,0.170064979,0.000224065,0.002016581,0.0,0.0,0.021958324,0.000224065,0.0,0.000224065,0.0,0.0,0.0,0.011427291,0.0,0.000224065,0.000224065,0.0,0.0,0.001344387,0.0,0.0,0.0,0.0,0.002912839,0.0,0.005377549,0.0,0.0,0.000672194,0.0,0.000224065,0.0,0.0,0.000224065,0.006273807,0.0,0.0,0.001344387,0.0,0.000896258,0.0,0.0,0.0,0.0,0.0,0.000224065,0.0,0.0,0.0,0.0,0.0,0.0,0.000672194,0.0,0.0,0.000224065,0.000224065,0.0,0.0,0.000672194,0.0,0.0,0.002240645,0.0,0.000224065,0.0,0.000896258,0.0,0.0,0.0,0.0,0.0,0.0,0.0,0.0,0.0,0.032713421,0.0,0.0,0.0,0.008514452,0.310329375,0.001120323,0.0,0.0,0.0,0.0,0.0,0.0,0.0,0.0,0.0,0.0,0.0,0.006273807,0.008066323,0.0,0.0,0.0,0.0,0.0,0.0,0.001568452,0.0,0.0,0.001344387,0.0,0.0,0.000448129,0.0,0.007618194,0.000672194,0.0,0.0,0.0,0.0,0.005377549,0.000224065,0.012995743,0.0,0.009858839,0.0,0.0,0.0,0.0,0.0,0.0,0.0,0.062738069,0.0,0.003360968,0.0,0.0,0.0,0.0,0.0,0.000224065,0.0,0.0,0.0,0.0,0.0,0.000224065,0.0,0.000224065,0.0,0.000224065,0.000224065,0.0,0.0,0.000448129,0.000224065,0.000224065,0.0,0.0,0.0,0.0,0.0,0.0,0.016580775,0.0,0.0,0.0
SRR12478811,0.00011989,0.001438676,0.00011989,0.0,0.000359669,0.0,0.000239779,0.0,0.0,0.00407625,0.0,0.005275147,0.0,0.0,0.0,0.0,0.0,0.003356912,0.0,0.0,0.000479559,0.0,0.0,0.0,0.0,0.0,0.00011989,0.027214962,0.0,0.0,0.005634816,0.000599449,0.000359669,0.0,0.0,0.000239779,0.0,0.0,0.0,0.0,0.0,0.0,0.0,0.0,0.0,0.0,0.0,0.0,0.0,0.0,0.0,0.00011989,0.0,0.000479559,0.00011989,0.0,0.0,0.0,0.0,0.0,0.0,0.0,0.0,0.0,0.00011989,0.0,0.00011989,0.001678456,0.001318787,0.0,0.0,0.0,0.0,0.0,0.00011989,0.0,0.000959118,0.0,0.0,0.0,0.00011989,0.0,0.003716581,0.0,0.027454742,0.0,0.0,0.0,0.0,0.0,0.0,0.000239779,0.0,0.000239779,0.0,0.00011989,0.000959118,0.0,0.024337609,0.0,0.0,0.043519962,0.00407625,0.0,0.0,0.0,0.0,0.0,0.001318787,0.0,0.0,0.0,0.0,0.0,0.0,0.0,0.000719338,0.0,0.0,0.000959118,0.000599449,0.000239779,0.0,0.0,0.0,0.0,0.0,0.00011989,0.0,0.00011989,0.00011989,0.0,0.000719338,0.003117132,0.0,0.000239779,0.000359669,0.0,0.0,0.0,0.0,0.000719338,0.0,0.0,0.0,0.0,0.0,0.0,0.000839228,0.0,0.0,0.009111617,0.00011989,0.0,0.0,0.0,0.000239779,0.000239779,0.00011989,0.00011989,0.0,0.0,0.0,0.0,0.0,0.0,0.0,0.0,0.0,0.000599449,0.0,0.000359669,0.010310514,0.0,0.0,0.0,0.000359669,0.000599449,0.00011989,0.0,0.0,0.0,0.0,0.005874595,0.0,0.0,0.0,0.0,0.0,0.0,0.0,0.771969788,0.0,0.0,0.0,0.0,0.0,0.005634816,0.0,0.0,0.0,0.001798346,0.0,0.0,0.001798346,0.0,0.001079007,0.0,0.0,0.0,0.0,0.0,0.000239779,0.00011989,0.000239779,0.0,0.000239779,0.0,0.0,0.0,0.0,0.00011989,0.0,0.0,0.013427647,0.0,0.001558566,0.00011989,0.0,0.0,0.00011989,0.0,0.00011989,0.0,0.0,0.0,0.00011989,0.0,0.0,0.0,0.00011989,0.0,0.0,0.0,0.0,0.000239779,0.0,0.0,0.00011989,0.0,0.00011989,0.0,0.0,0.001678456,0.0,0.000239779,0.0,0.0,0.0
SRR12478812,0.000713027,0.017154601,8.39e-05,0.000167771,8.39e-05,0.0,0.0,0.0,0.0,4.19e-05,4.19e-05,0.026130358,8.39e-05,0.0,0.0,0.0,0.0,0.001929368,0.001761597,0.0,0.000419428,0.0,0.0,0.0,8.39e-05,0.0,4.19e-05,0.135223555,0.019964768,0.0,8.39e-05,0.000167771,0.000461371,4.19e-05,4.19e-05,0.0002936,0.0,0.000251657,0.0,4.19e-05,0.0,0.0,0.0,0.0,0.0,4.19e-05,0.0,4.19e-05,4.19e-05,0.0,0.0,0.0,4.19e-05,0.000335542,0.000545256,0.0,0.0,0.0,0.0,4.19e-05,0.0,4.19e-05,4.19e-05,0.0,0.001384112,0.0,0.000545256,0.006585018,0.002768224,0.0,0.0,0.0,0.0,4.19e-05,8.39e-05,0.000209714,8.39e-05,8.39e-05,0.0,4.19e-05,8.39e-05,0.0,0.001677712,0.0,0.0,0.0,0.0,8.39e-05,8.39e-05,4.19e-05,0.0,0.000125828,0.0,0.0,0.0,0.000167771,0.000419428,0.000335542,0.027304756,0.0,0.0,0.294480329,0.0,0.0,0.000209714,0.000167771,0.0,0.000125828,0.003145709,0.0,0.0,0.000251657,0.0,0.0,0.000167771,0.0,0.000251657,0.0,0.0,4.19e-05,0.001677712,0.0,0.0,0.0,8.39e-05,0.0,0.000335542,8.39e-05,0.0,0.000167771,4.19e-05,0.0,0.00104857,0.009730727,0.0,0.001426055,0.0,0.0,8.39e-05,0.0,0.0,0.000713027,0.0,0.0,0.0,0.0,4.19e-05,0.0,0.00360708,0.0,0.000545256,0.000167771,0.0002936,0.0,0.0,0.000503313,0.000419428,0.003271538,4.19e-05,0.000461371,0.000335542,0.001593826,4.19e-05,0.0,8.39e-05,0.0,4.19e-05,0.0,0.0,0.0,0.0,0.000167771,0.02826944,8.39e-05,0.0,0.0,0.0,0.003439309,0.0,0.0,0.0,0.0,0.0,0.000209714,0.0,0.0,0.0,0.0,4.19e-05,0.000335542,0.0,0.36876101,0.0,0.0,0.0,0.0,0.0,0.000167771,8.39e-05,0.0,0.000125828,0.006710846,0.0,0.000125828,0.003984565,0.0,4.19e-05,4.19e-05,0.0,0.0,0.001384112,0.0,0.0,0.000335542,0.0,0.0,0.0,0.0,0.0,0.0,4.19e-05,0.0002936,0.0,0.0,0.001593826,0.0,0.003271538,4.19e-05,0.0,0.0,0.001300226,0.0,0.000209714,0.000377485,0.0,0.0,0.0,0.0,8.39e-05,4.19e-05,0.000167771,0.0,4.19e-05,4.19e-05,0.0,0.000377485,0.0,0.0,0.000251657,0.0,0.0,0.0,0.0,0.0,0.0,0.0,0.0,0.0,0.0
SRR12478813,0.00169348,0.00084674,0.0,0.0,0.0,0.0,0.0,0.0,0.0,0.00084674,0.0,0.00677392,0.0,0.0,0.0,0.0,0.0,0.00254022,0.0,0.0,0.0,0.0,0.0,0.0,0.0,0.0,0.00084674,0.279424217,0.00338696,0.0,0.0,0.00254022,0.0,0.0,0.00084674,0.0,0.0,0.0,0.0,0.0,0.0,0.00084674,0.0,0.0,0.0,0.0,0.0,0.0,0.0,0.0,0.0,0.0,0.0,0.00084674,0.0,0.0,0.0,0.0,0.0,0.0,0.0,0.0,0.0,0.0,0.0,0.0,0.00338696,0.00677392,0.00084674,0.0042337,0.0,0.0,0.0,0.0,0.0,0.0,0.0,0.0,0.0,0.0,0.0,0.0,0.00762066,0.0,0.011007621,0.0,0.0,0.0,0.0,0.014394581,0.0,0.0,0.0,0.0,0.0,0.0,0.0,0.008467401,0.00762066,0.0,0.0,0.176121931,0.0,0.0,0.0,0.0,0.0,0.0,0.00169348,0.0,0.0,0.0,0.0,0.00169348,0.0,0.0,0.0,0.0,0.0,0.0,0.0,0.0,0.0,0.0,0.0,0.0,0.0,0.0,0.0,0.0,0.0,0.0,0.00084674,0.00677392,0.0,0.0,0.0,0.0,0.0,0.0,0.0,0.0,0.0,0.0,0.0,0.0,0.0,0.0,0.00254022,0.0,0.0,0.00677392,0.0,0.0,0.0,0.0,0.0,0.0,0.0,0.0,0.0,0.0,0.0,0.0,0.0,0.0,0.0,0.0,0.0,0.00084674,0.0,0.0,0.011007621,0.0,0.0,0.0,0.0,0.00169348,0.0,0.0,0.0,0.0,0.0,0.0,0.0,0.0,0.0,0.0,0.0,0.0,0.0,0.396274344,0.0,0.0,0.0,0.0,0.0,0.0042337,0.0,0.0,0.0,0.0042337,0.0,0.0,0.00677392,0.0,0.00169348,0.0,0.0,0.0,0.0,0.0,0.0,0.0,0.0,0.0,0.0,0.0,0.0,0.008467401,0.0,0.0,0.0,0.0,0.00084674,0.0,0.0,0.0,0.0,0.0,0.0,0.0,0.0,0.0,0.0,0.0,0.0,0.0,0.0,0.0,0.0,0.0,0.0,0.0,0.0,0.0,0.0,0.0,0.0,0.0,0.0,0.0,0.0,0.0,0.0,0.0,0.0,0.0,0.0
SRR12478814,0.0,0.0,7.35e-05,0.0,0.000661327,0.0,0.000220442,0.0,0.0,0.000440885,0.0,0.000514365,0.0,0.0,0.0,0.0,0.0,0.000587846,7.35e-05,0.0,7.35e-05,0.0,0.0,0.0,7.35e-05,0.0,7.35e-05,0.72283048,0.0,0.0,7.35e-05,0.005878463,0.029098391,0.000146962,7.35e-05,0.000146962,0.0,0.0,0.0,0.0,0.0,0.0,0.0,0.000146962,0.000881769,0.0,0.0,0.0,0.0,0.0,0.0,0.0,7.35e-05,0.0,0.000146962,7.35e-05,0.0,0.0,0.0,0.0,0.0,0.0,0.0,0.0,0.0,0.0,0.00183702,0.010360791,0.0,0.0,0.0,0.0,0.0,0.0,0.000220442,7.35e-05,7.35e-05,7.35e-05,0.0,0.0,0.0,0.0,0.000146962,0.0,0.000587846,0.0,0.0,0.0,0.0,0.0,0.0,0.001983981,0.0,0.0,0.000293923,0.000220442,0.002645308,0.000293923,0.001616577,0.0,0.0,0.004629289,0.000146962,7.35e-05,7.35e-05,0.0,0.0,0.0,0.000808289,0.0,0.060621647,0.000293923,0.0,0.0,0.0,0.0,0.002057462,0.0,0.0,0.000293923,0.000367404,0.0,0.0,0.0,0.0,0.0,0.0,7.35e-05,0.0,7.35e-05,0.002498347,0.0,7.35e-05,0.004335366,0.0,0.000587846,0.000514365,0.0,7.35e-05,0.0,0.0,0.0,0.0,0.0,0.0,0.0,0.0,0.0,0.000146962,0.0,0.0,0.000146962,0.0,0.0,0.0,7.35e-05,0.0,0.018884562,0.000734808,0.000661327,0.0,0.0,0.0,0.0,0.0,0.0,0.0,0.0,0.0,0.0,0.0,0.0,0.001102212,0.0,0.0,0.0,0.000367404,0.084062018,0.0,0.0,0.0,0.0,0.0,7.35e-05,0.0,0.0,0.0,0.0,0.000220442,0.0,0.000146962,0.021235947,0.0,0.0,0.001690058,0.0,0.0,0.0,0.000146962,0.0,7.35e-05,0.000220442,0.0,0.0,0.000734808,0.0,0.001763539,0.0,0.0,0.0,0.000146962,0.0,0.000587846,0.0,7.35e-05,0.0,0.000514365,0.0,0.0,0.000367404,7.35e-05,7.35e-05,7.35e-05,0.0,0.000440885,0.0,0.001102212,0.0,0.0,0.0,0.0,0.0,0.0,0.0,0.0,0.0,0.0,0.0,7.35e-05,0.0,7.35e-05,0.0,0.0,0.000514365,0.0,0.000220442,0.0,0.0,0.000734808,0.0,0.000293923,0.0,0.0,0.0,0.0,0.000808289,0.0,0.0,0.0
SRR12478815,0.0,8.36e-05,4.18e-05,0.0,0.000167175,0.0,0.0,0.0,0.0,0.0,0.0,0.010323066,4.18e-05,0.0,0.0,0.0,0.0,8.36e-05,8.36e-05,0.0,0.0,0.0,0.0,0.0,0.000208969,0.0,8.36e-05,0.785556066,4.18e-05,0.0,0.0,0.0,0.00033435,4.18e-05,0.0,0.000125381,0.0,0.0,0.0,0.0,4.18e-05,0.0,0.0,0.0,0.0,0.0,0.0,0.0,0.0,0.0,0.0,0.0,0.000125381,8.36e-05,0.00033435,0.0,0.0,8.36e-05,0.0,4.18e-05,0.0,4.18e-05,0.0,0.0,0.0,0.0,0.000125381,0.001629958,0.0,0.0,0.0,0.0,0.0,0.0,8.36e-05,4.18e-05,0.0,4.18e-05,0.0,0.0,0.0,4.18e-05,0.0,0.0,4.18e-05,0.0,0.0,0.0,0.000250763,0.0,0.0,8.36e-05,0.0,0.0,0.0,0.000250763,0.001671752,4.18e-05,0.001797133,0.0,0.0,0.001003051,0.0,0.000292557,0.0,0.000417938,0.0,0.0,0.005098842,0.0,0.0,4.18e-05,0.0,0.0,0.0,0.0,0.001964308,0.0,0.0,8.36e-05,0.0,0.0,0.0,0.0,8.36e-05,0.0,0.000292557,0.0,0.0,4.18e-05,4.18e-05,0.0,4.18e-05,0.122037865,0.0,0.000626907,0.0,0.0,4.18e-05,0.0,0.0,0.0,0.0,0.0,0.0,4.18e-05,0.0,0.0,0.0,0.0,0.0,0.0,0.0,0.0,0.0,0.016466753,0.0,0.000794082,8.36e-05,0.000208969,0.000167175,0.000125381,0.0,0.0,4.18e-05,0.0,0.0,0.0,0.0,0.00242404,8.36e-05,0.0,0.000459732,0.0,0.0,0.0,4.18e-05,0.017260835,0.0,0.0,0.0,0.0,0.0,4.18e-05,0.0,0.0,0.0,0.0,0.0,4.18e-05,0.0,0.00915284,0.0,0.0,0.0,0.0,0.0,0.010866385,4.18e-05,0.0,0.0,0.000250763,0.0,0.0,0.000668701,0.0,4.18e-05,0.0,0.0,0.0,0.0,0.0,0.000125381,0.0,0.000250763,0.0,0.000125381,0.0,0.0,4.18e-05,8.36e-05,0.000167175,0.0,4.18e-05,0.001838927,0.0,4.18e-05,0.0,0.0,0.0,8.36e-05,0.0,0.0,0.0,0.0,0.0,0.000167175,0.0,0.0,0.0,0.0,0.0,0.0,0.0,0.0,0.0,0.0,0.0,0.000167175,0.0,0.0,0.0,0.0,0.0,0.0,0.000292557,0.0,0.0,0.0
SRR12478816,0.000117353,0.000195588,0.0,0.0,3.91e-05,0.0,0.0,0.0,0.0,3.91e-05,0.0,0.012987013,0.0,0.0,0.0,0.0,0.0,0.002151463,0.000743233,0.0,3.91e-05,0.0,0.0,0.0,0.0,0.0,3.91e-05,0.310749491,0.003246753,0.0,0.0,0.0,0.000391175,0.0,0.0,0.000195588,0.0,0.0,0.0,0.0,0.0,0.0,0.0,0.0,0.0,0.0,0.0,0.0,0.0,3.91e-05,0.0,0.0,0.0,0.000821468,3.91e-05,0.0,0.0,0.0,0.0,0.0,0.0,0.0,0.0,0.0,0.0,0.0,0.00125176,0.001329995,0.0,0.000704115,0.0,0.0,0.0,0.0,0.0,0.0,0.0,0.0,0.0,0.0,3.91e-05,0.0,0.003324988,0.0,0.014277891,0.0,0.0,0.0,0.000273823,0.0,0.0,0.0,0.0,0.0,0.0,0.0,0.000704115,0.000117353,0.01193084,0.0,0.0,0.147042716,0.002933813,0.000234705,0.0,0.0,0.0,0.0,0.005202629,0.0,0.0,0.0,0.0,0.0,0.0,0.0,0.00031294,0.0,0.0,0.0,0.00109529,0.0,0.0,0.0,0.0,0.0,0.000117353,3.91e-05,0.0,3.91e-05,0.0,0.0,0.0,0.014473478,0.0,0.000352058,0.0,0.0,0.0,0.0,0.0,0.0,0.0,0.0,0.0,0.0,0.0,0.0,0.0,0.0,0.0,0.000704115,0.00031294,0.0,0.0,0.000821468,0.0,0.004420279,0.0,0.001486465,0.0,0.0,0.0,0.0,0.0,0.0,0.0,3.91e-05,0.0,0.0,0.0,0.0,0.031176655,3.91e-05,0.0,0.0,3.91e-05,0.0,0.0,0.0,0.0,0.0,7.82e-05,0.0,0.0,0.0,0.0,0.0,0.0,0.0,0.0,0.400133,0.0,0.0,0.0,0.0,0.000117353,3.91e-05,0.0,0.0,3.91e-05,0.007510562,0.0,7.82e-05,0.01224378,0.0,0.000117353,0.0,0.0,0.0,0.0,0.0,7.82e-05,0.0,0.000117353,0.0,0.0,0.0,0.0,0.000586763,0.0,0.000273823,0.0,0.0,0.000234705,0.0,0.0,0.0,0.0,0.0,0.0,0.0,3.91e-05,0.0,0.0,0.0,0.0,0.00046941,0.0,0.0,0.0,0.0,7.82e-05,0.0,0.0,0.0,7.82e-05,0.0,0.000273823,0.0,0.0,0.0,0.0,0.0,0.0,0.0,0.0,0.0,0.0
SRR12478817,0.0,0.000574456,6.38e-05,0.0,0.001276569,0.0,0.0,0.0,0.0,0.000127657,0.0,0.000255314,0.0,0.0,0.0,0.0,0.0,6.38e-05,0.0,0.0,0.000127657,0.0,0.0,0.0,0.000255314,0.0,0.0,0.821918683,0.0,6.38e-05,0.0,6.38e-05,0.000127657,6.38e-05,0.0,6.38e-05,0.0,0.0,0.0,0.0,0.0,6.38e-05,0.0,0.000382971,0.0,0.0,0.0,0.0,0.0,0.0,0.0,0.0,0.0,0.000127657,0.000702113,0.000191485,0.0,0.0,0.0,0.0,0.0,6.38e-05,0.0,0.0,0.0,0.0,0.0,0.005553073,0.0,0.0,0.0,0.0,0.0,0.0,6.38e-05,0.0,0.0,0.0,0.0,0.0,0.0,0.0,0.000127657,0.0,0.000127657,0.0,0.0,0.0,6.38e-05,0.0,0.0,0.000446799,0.0,0.0,6.38e-05,0.0,0.011489117,0.0,0.001276569,0.0,0.0,0.062232718,0.000446799,6.38e-05,0.000127657,0.0,0.0,0.0,0.000255314,0.0,0.0,0.0,0.0,0.0,6.38e-05,0.0,0.0,0.0,0.0,6.38e-05,0.0,0.0,0.0,0.0,6.38e-05,0.0,0.0,0.0,0.0,0.000319142,0.000446799,0.0,6.38e-05,0.009446608,0.0,0.000510627,0.0,0.0,0.000127657,0.0,0.0,0.0,0.0,0.0,0.0,0.0,0.0,0.0,0.0,0.0,0.0,6.38e-05,0.0,0.0,0.0,0.0,0.0,0.001085083,0.000127657,0.0,0.000319142,6.38e-05,0.000191485,0.0,0.0,0.0,0.0,0.0,0.0,0.000127657,6.38e-05,0.0,0.000319142,0.0,0.0,0.0,0.000510627,0.055913704,0.000127657,0.0,0.0,0.0,0.0,0.000127657,0.0,0.0,0.0,0.0,0.0,0.000127657,0.000255314,0.005808387,0.0,0.0,0.0,0.0,0.0,0.0,0.000191485,0.0,0.0,6.38e-05,0.0,6.38e-05,0.000638284,0.0,0.000382971,0.0,0.0,0.0,0.0,0.0,0.000765941,6.38e-05,0.000957426,0.0,0.000574456,0.0,0.0,0.0,0.0,0.0,0.0,0.0,0.000191485,0.0,0.000127657,0.0,0.0,0.0,0.007212612,0.0,6.38e-05,0.0,0.0,0.000127657,0.0,0.0,0.0,0.0,0.0,0.0,0.0,0.0,0.0,0.0,0.0,6.38e-05,6.38e-05,0.0,0.0,0.0,0.0,0.000127657,0.0,0.001276569,0.0,0.0,0.0
SRR12478818,0.0,0.008865662,0.0,0.0,4.67e-05,9.33e-05,0.000233307,0.0,0.0,4.67e-05,0.0,0.000139984,0.0,0.0,0.0,0.0,0.0,0.000606598,4.67e-05,0.0,0.0,0.0,0.0,0.0,0.0,0.0,4.67e-05,0.014511689,4.67e-05,0.0,0.000186646,4.67e-05,0.000513275,0.0,0.0,9.33e-05,0.0,0.0,0.0,0.000373291,4.67e-05,0.0,0.0,0.0,0.000139984,0.0,0.0,0.0,0.0,0.0,0.0,0.0,4.67e-05,0.0,0.0,0.0,0.0,0.0,0.0,9.33e-05,0.0,0.0,0.0,0.0,0.0,0.0,0.000979889,0.007745789,0.001119873,0.0,0.0,0.0,0.0,4.67e-05,0.0,0.0,0.000513275,4.67e-05,0.0,0.0,0.0,0.0,0.000139984,0.0,0.000186646,0.0,0.0,0.000233307,0.0,0.0,0.0,0.000746582,4.67e-05,0.0,4.67e-05,0.0,0.001306519,4.67e-05,0.030749848,0.0,0.0,0.067332369,0.00102655,0.0,0.0,0.0,0.0,0.0,0.00032663,0.0,0.000139984,0.0,0.0,0.0,0.0,0.0,0.014418366,0.0,0.0,4.67e-05,4.67e-05,0.0,0.0,0.0,0.0,0.0,0.0,0.000419952,0.0,0.000279968,0.000513275,0.0,0.0,0.004712799,0.0,0.00032663,0.0,0.0,0.0,9.33e-05,0.0,0.0,0.0,0.0,0.0,0.0,0.0,0.0,4.67e-05,0.0,0.0,4.67e-05,0.0,0.0,0.0,0.000699921,0.0,0.00032663,9.33e-05,9.33e-05,0.0,0.000139984,0.0,0.0,4.67e-05,0.0,0.0,0.0,0.0,0.0,4.67e-05,0.0,0.001119873,0.0,0.000653259,0.0,0.0,0.000559937,0.0,0.0,0.0,4.67e-05,0.0,0.0,0.0,0.0,0.0,0.0,0.0,4.67e-05,9.33e-05,0.813401148,0.0,0.0,4.67e-05,0.0,0.0,0.000186646,0.0,0.0,0.0,0.006532593,4.67e-05,0.0,0.001493164,0.0,0.000186646,0.0,0.0,0.0,0.000419952,0.0,9.33e-05,9.33e-05,0.0,0.0,0.000139984,0.0,0.0,0.001913117,0.0,0.000839905,0.0,0.0,0.001399841,0.0,0.000933228,0.0,0.0,0.0,0.0,0.0,0.0,4.67e-05,0.0,0.0,0.0,0.0,0.0,0.0,0.0,0.0,0.0,9.33e-05,0.0,0.000466614,0.0,0.0,0.003966217,0.0,0.0,0.0,0.0,0.0,0.0,0.000233307,0.0,0.0,0.0
SRR12478819,4.46e-05,0.02947866,0.000133791,0.0,0.000668956,0.0,0.0,0.0,0.0,0.194487803,4.46e-05,0.0,4.46e-05,0.0,0.0,0.0,0.0,0.001739286,0.000891941,0.0,8.92e-05,0.0,0.0,0.0,0.0,0.0,0.0,0.532845739,0.0,0.0,4.46e-05,4.46e-05,8.92e-05,8.92e-05,4.46e-05,4.46e-05,0.0,0.0,0.0,0.0,0.0,0.0,0.0,0.000312179,0.000847344,0.0,0.0,0.0,0.0,0.0,0.0,0.0,8.92e-05,0.0,4.46e-05,8.92e-05,0.0,0.0,0.0,8.92e-05,0.0,4.46e-05,0.0,0.0,0.0,0.0,0.000312179,0.017125273,0.0,0.001471703,0.0,0.0,0.0,0.0,0.0,0.0,0.0,0.0,0.0,4.46e-05,4.46e-05,0.0,0.0,0.0,8.92e-05,0.0,0.0,0.0,0.000133791,0.0,0.0,0.002140659,0.0,0.0,0.001159524,0.0,0.006020604,0.000312179,0.004325915,0.0,0.0,0.078134059,0.0,4.46e-05,0.0,0.000133791,0.0,0.0,0.001962271,0.0,0.031128752,0.0,0.0,4.46e-05,0.0,0.0,0.000356777,0.0,0.0,0.0,8.92e-05,0.0,0.0,0.0,0.0,0.0,0.000267582,0.0,0.0,0.000133791,0.002854212,0.0,0.0,0.035677652,0.0,0.00075815,4.46e-05,0.0,8.92e-05,0.0,0.0,0.0,0.0,0.0,0.0,0.0,0.01079249,0.0,0.0,0.0,0.0,0.0,0.0,0.0,0.0,4.46e-05,0.0,0.001382509,8.92e-05,0.0,0.0,0.0,4.46e-05,4.46e-05,8.92e-05,0.0,0.0,0.0,0.0,0.0,0.0,0.0,4.46e-05,0.0,0.0,0.0,0.000445971,0.000178388,0.0,0.0,0.0,0.0,0.0,0.0,0.0,0.0,0.0,0.0,4.46e-05,0.0,0.000133791,0.001471703,0.0,0.0,0.0,0.0,0.0,0.0,0.0,0.0,0.0,0.000222985,0.0,0.0,0.000579762,0.0,0.001471703,0.0,0.0,0.0,0.0,0.0,0.000312179,0.000222985,0.000535165,0.0,0.000847344,0.0,0.0,0.0,0.0,8.92e-05,0.0,0.0,0.013423717,0.0,0.0,0.0,0.0,0.0,0.0,0.0,0.0,0.0,0.0,4.46e-05,0.000133791,0.0,0.0,0.0,0.0,0.0,0.0,4.46e-05,0.0,0.0,0.0,0.0,0.014092673,0.0,0.0,0.0,0.0,0.002452839,0.0,0.00107033,0.0,0.0,0.0
SRR12478820,0.000179512,0.000239349,5.98e-05,0.0,0.000119674,0.0,0.0,0.0,0.0,0.000359023,0.0,0.02561034,5.98e-05,5.98e-05,0.0,0.0,0.0,0.000538535,0.000718047,0.0,0.0,0.0,0.0,0.0,5.98e-05,0.0,0.000119674,0.396720919,0.0,5.98e-05,5.98e-05,0.00999282,0.000598372,0.000179512,0.0,0.000359023,0.0,0.000179512,0.0,0.000777884,0.000119674,0.000239349,0.000119674,0.0,0.0,0.0,0.0,5.98e-05,0.0,0.0,0.0,0.0,0.0,0.0,0.000179512,0.0,0.0,0.000119674,0.0,5.98e-05,0.0,0.0,0.0,0.0,0.0,0.0,0.001495931,0.011907611,0.0,0.0,0.0,0.0,0.0,0.0,5.98e-05,0.000359023,0.000239349,5.98e-05,0.0,0.0,0.0,5.98e-05,0.001854955,0.0,0.018070847,0.0,0.0,5.98e-05,0.000418861,0.0,0.0,5.98e-05,0.0,0.0,0.0,0.000299186,0.0,0.000299186,0.098791288,0.0,0.0,0.199976065,5.98e-05,0.000179512,0.0,0.000119674,0.0,0.000119674,0.006223073,0.0,0.000179512,0.0,0.0,5.98e-05,5.98e-05,0.0,0.002513164,0.0,0.0,0.000299186,0.003829584,5.98e-05,0.0,0.0,0.000119674,0.0,0.000478698,0.0,0.0,0.000777884,0.0,5.98e-05,0.002752513,0.013822403,0.0,0.000718047,0.0,0.0,0.0,0.0,0.0,0.0,0.0,0.0,0.0,5.98e-05,0.0,0.0,0.015019148,0.0,0.0,0.000837721,0.001017233,0.0,0.0,0.000478698,0.000239349,0.009813308,0.0,0.000538535,0.000179512,5.98e-05,0.000119674,0.0,0.0,0.0,0.0,0.0,0.0,0.0,0.0,0.0,0.010770704,0.000119674,5.98e-05,0.0,0.0,0.009454284,0.0,0.0,0.0,0.0,0.0,0.0,0.0,0.0,0.0,0.0,0.0,0.000239349,0.0,0.008437051,0.0,0.0,0.0,0.0,0.000179512,0.010471517,0.0,0.0,0.000418861,0.115904739,0.0,0.000179512,0.004786979,0.0,5.98e-05,0.0,0.0,0.0,0.000119674,0.0,5.98e-05,0.000179512,0.0,0.0,5.98e-05,0.0,0.0,0.000359023,0.0,0.000119674,5.98e-05,0.0,0.001555768,0.0,0.0,0.0,0.0,0.0,0.000418861,0.0,5.98e-05,0.0,0.0,5.98e-05,5.98e-05,0.0,0.0,0.0,0.000119674,0.0,0.0,5.98e-05,0.0,0.0,0.0,0.0,0.001795117,0.0,5.98e-05,0.0,0.0,0.0,0.0,0.0,0.0,0.0,0.0
SRR12478821,0.000127812,0.00958589,0.000127812,0.0,0.000127812,0.0,0.0,0.0,0.0,0.000383436,0.0,0.00722137,0.0,0.0,0.0,0.0,0.0,0.016551636,0.000702965,0.0,0.0,0.0,0.0,0.0,0.000255624,0.0,0.0,0.427275051,0.0,0.0,0.0,0.00204499,0.000830777,0.0,0.0,0.000383436,6.39e-05,0.0,0.0,0.0,6.39e-05,6.39e-05,0.0,0.0,0.000255624,0.0,0.0,0.0,0.0,0.0,0.0,0.0,0.0,0.0,6.39e-05,0.0,0.0,0.000191718,0.0,0.00031953,0.0,0.0,0.0,0.0,0.0,0.0,0.000255624,0.013803681,0.000639059,0.000766871,0.0,0.0,0.0,0.0,0.0,0.00031953,0.000766871,0.0,0.0,6.39e-05,6.39e-05,0.0,0.000191718,0.0,0.000191718,0.0,0.0,0.0,0.0,0.0,0.0,0.000447342,0.0,0.0,0.0,0.0,0.000575153,6.39e-05,0.175613497,0.0,0.0,0.19127045,0.0,0.000255624,0.0,0.000191718,0.0,0.0,0.002364519,0.0,0.000191718,0.0,0.0,0.00031953,0.0,0.0,0.007157464,0.0,0.0,0.000958589,0.001917178,0.0,0.0,0.0,0.0,0.0,6.39e-05,0.0,0.0,0.0,0.000255624,0.0,0.002300613,0.023645194,0.0,0.000383436,0.001853272,0.0,0.000255624,0.0,0.0,0.0,0.0,0.0,0.0,0.0,0.0,0.0,0.0,0.0,0.0,6.39e-05,0.000639059,0.0,0.0,0.000255624,0.0,0.008691207,6.39e-05,0.0,0.0,0.0,0.0,0.0,0.0,0.0,0.0,0.0,0.0,0.000447342,0.0,0.0,0.003259202,0.0,0.0,0.0,0.0,0.006518405,0.0,0.0,0.0,0.0,0.0,0.000127812,0.0,0.0,0.0,0.0,0.0,0.0,0.0,0.002811861,0.0,0.0,0.0,0.0,0.000191718,0.000127812,0.0,0.0,6.39e-05,0.04978272,0.0,0.000255624,0.010480573,0.0,0.0,0.0,0.0,0.0,0.0,0.0,0.0,0.0,0.0,0.0,0.0,0.0,0.0,0.0,0.0,0.00031953,0.0,0.0,0.005943252,0.0,0.0,0.0,6.39e-05,6.39e-05,0.000127812,0.0,0.0,0.0,0.0,6.39e-05,0.0,0.0,0.0,0.0,0.0,0.0,0.0,0.0,0.0,0.0,0.0,0.0,0.012908998,0.0,0.0,0.0,0.0,0.000766871,0.0,6.39e-05,0.0,0.0,0.0
SRR12478822,3e-05,3e-05,0.0,0.000269623,0.000209706,0.0,0.0,0.0,5.99e-05,0.076273217,0.0,0.002366687,0.0,0.0,3e-05,0.0,0.0,0.0009287,0.000389455,0.0,5.99e-05,3e-05,0.0,0.0,0.0,0.0,5.99e-05,0.24197124,5.99e-05,0.0,3e-05,3e-05,0.000299581,0.0,0.000119832,0.000449371,0.0,0.000419413,0.0,0.0,5.99e-05,0.0,0.0,3e-05,0.000239664,0.0,0.0,0.0,3e-05,5.99e-05,0.0,3e-05,5.99e-05,8.99e-05,0.000179748,8.99e-05,0.0,0.0,0.0,5.99e-05,0.0,0.0,0.0,0.0,0.0,0.0,0.001617735,0.0018574,0.0,3e-05,0.0,0.0,0.0,0.0,0.0,0.000179748,3e-05,3e-05,0.0,3e-05,0.0,0.0,3e-05,0.0,0.000599161,0.0,0.0,0.0,0.000209706,3e-05,0.0,0.0018574,0.0,0.0,0.000119832,8.99e-05,0.001048532,0.000419413,0.030047933,0.0,0.0,0.287118035,3e-05,0.000179748,5.99e-05,0.0,8.99e-05,0.0,0.010874775,0.0,0.000419413,0.0,0.0,0.0,0.0,8.99e-05,0.007429599,0.0,0.0,0.003834632,0.001647693,0.0,8.99e-05,0.0,0.000119832,0.0,0.0009287,0.0,0.0,5.99e-05,0.000868784,3e-05,5.99e-05,0.097902936,0.0,0.011623727,0.0,0.0,0.000119832,3e-05,0.0,3e-05,0.0,0.0,0.0,0.0,3e-05,0.0,0.0,0.0,0.0,0.000329539,0.000659077,0.0,0.0,0.000119832,5.99e-05,0.002786099,0.000119832,3e-05,0.014769323,8.99e-05,0.0,0.0,0.00014979,0.0,0.0,0.0,0.0,0.0,3e-05,0.0,0.01405033,0.0,3e-05,0.0,0.000119832,0.01713601,3e-05,0.0,0.0,3e-05,0.0,0.000239664,0.0,0.0,0.0,0.0,3e-05,5.99e-05,3e-05,0.00431396,0.0,0.0,0.0,8.99e-05,0.0,3e-05,0.000179748,0.0,0.0,0.119802277,0.0,3e-05,0.010874775,0.0,0.000569203,3e-05,0.0,0.0,3e-05,0.0,0.000209706,5.99e-05,8.99e-05,0.0,0.000359497,0.0,0.0,0.0,0.0,3e-05,0.0,0.0,0.006051528,0.0,3e-05,0.0,0.0,0.0,3e-05,0.0,5.99e-05,0.0,0.0,0.0,0.0,0.0,3e-05,0.0,0.0,0.0,0.0,5.99e-05,0.0,8.99e-05,0.0,0.0,0.017165968,0.0,0.0,0.0,0.0,0.00014979,3e-05,0.000179748,0.0,0.0,0.0
SRR12478823,0.000177439,0.010424522,0.0,0.0,0.000177439,0.0,0.0,0.0,0.0,0.00128643,4.44e-05,0.010468882,0.0,0.0,0.0,0.0,0.0,0.003415694,0.001153351,0.0,4.44e-05,0.0,0.0,0.0,4.44e-05,0.0,0.0,0.267488799,0.000177439,0.0,0.0,0.008250898,0.003371335,0.0,0.0,0.001064632,0.0,0.0,0.0,0.0,4.44e-05,0.0,0.0,0.0,0.0,0.0,0.0,0.0,4.44e-05,8.87e-05,0.0,0.0,0.0,0.000221798,8.87e-05,4.44e-05,0.0,0.000133079,0.0,0.000177439,0.0,4.44e-05,0.0,0.0,8.87e-05,0.0,0.000310518,0.020316728,0.001685667,0.000266158,0.0,0.0,4.44e-05,0.0,0.0,0.000133079,0.000266158,0.0,0.0,0.0,4.44e-05,0.0,0.002572861,0.0,0.001153351,0.0,0.0,4.44e-05,4.44e-05,0.0,0.0,4.44e-05,0.0,0.0,0.000133079,4.44e-05,0.000975913,0.006254713,0.124473229,0.0,0.0,0.094042497,0.000443597,0.000354877,4.44e-05,0.000133079,0.0,0.0,0.003060817,0.0,0.000443597,4.44e-05,4.44e-05,8.87e-05,0.0,0.0,0.000931553,0.0,0.0,0.000133079,0.004657765,0.0,4.44e-05,0.0,4.44e-05,0.0,0.000621035,4.44e-05,0.0,0.000221798,0.000177439,0.0,0.000266158,0.029188662,0.0,0.00266158,0.000177439,0.0,0.0,0.0,0.0,0.0,0.0,0.0,0.0,0.0,0.0,8.87e-05,0.000532316,0.0,0.003371335,0.001907466,0.000221798,0.000177439,0.0,0.001685667,8.87e-05,0.005057002,0.0,0.001596948,8.87e-05,0.000177439,8.87e-05,0.0,4.44e-05,0.0,0.0,0.0,0.0,0.000443597,0.0,4.44e-05,0.007718582,0.0,0.0,0.0,0.0,0.030829969,0.0,0.0,0.0,0.0,4.44e-05,0.000221798,0.0,0.0,0.0,0.0,0.0,0.000221798,0.0,0.223484008,0.0,0.0,0.0,4.44e-05,0.000354877,0.023200106,8.87e-05,4.44e-05,8.87e-05,0.036907244,0.000133079,0.0,0.012908663,0.0,8.87e-05,0.000133079,0.0,0.0,0.007274986,0.0,0.0,0.001863106,0.000133079,0.0,0.000133079,0.0,0.0,0.000887193,0.0,0.000177439,8.87e-05,4.44e-05,0.002040545,0.000133079,0.019606973,0.0,0.0,4.44e-05,0.000798474,0.0,0.0,0.002217983,0.0,8.87e-05,4.44e-05,0.0,4.44e-05,0.0,0.0,0.0,0.0,0.000221798,0.0,8.87e-05,0.0,0.0,0.003504414,0.0,0.0,0.0,0.0,0.0,0.0,0.000177439,0.0,0.0,0.0
SRR12478824,0.000338686,0.015099771,2.82e-05,0.000536254,2.82e-05,0.0,0.000112895,0.0,0.0,0.000141119,0.0,0.00124185,0.0,0.0,2.82e-05,0.0,0.0,0.002173238,0.001157179,0.0,8.47e-05,0.0,0.0,0.0,0.0,0.0,2.82e-05,0.035731422,2.82e-05,0.0,0.000112895,0.000282239,8.47e-05,0.0,0.0,0.001128955,0.0,0.000169343,0.0,0.000112895,0.0,0.0,0.0,0.0,0.0,2.82e-05,0.0,0.0,0.0,2.82e-05,0.0,0.0,0.0,0.00225791,0.0,2.82e-05,0.0,0.0,0.0,2.82e-05,0.0,8.47e-05,2.82e-05,0.0,0.000169343,0.0,2.82e-05,0.002737716,0.000790268,0.0,0.0,0.0,0.0,0.0,0.0,2.82e-05,0.000959612,0.0,0.0,5.64e-05,0.0,2.82e-05,0.000620925,0.0,0.001524089,2.82e-05,0.0,0.000254015,5.64e-05,0.0,0.0,5.64e-05,0.0,2.82e-05,2.82e-05,8.47e-05,5.64e-05,0.000536254,0.007761565,8.47e-05,0.0,0.110157771,0.002088567,0.000112895,0.0,2.82e-05,0.0,0.0,0.003612656,0.0,2.82e-05,5.64e-05,0.0,0.0,2.82e-05,0.0,2.82e-05,0.0,0.0,2.82e-05,0.000451582,0.0,0.0,0.0,0.0,0.0,0.000141119,0.0,0.0,5.64e-05,0.0,0.0,0.000479806,0.002709492,0.0,0.000649149,5.64e-05,0.0,2.82e-05,0.0,0.0,0.000451582,0.0,0.0,0.0,0.001185403,0.0,0.0,8.47e-05,0.0,0.0,8.47e-05,0.000141119,0.0,0.0,0.000705597,0.000310463,0.000310463,0.0,0.000141119,2.82e-05,0.000790268,0.0,0.0,0.0,0.0,0.0,0.0,0.0,0.001608761,0.0,0.0,0.030707572,2.82e-05,0.0,0.0,0.0,0.000705597,0.0,0.0,0.0,0.0,0.0,0.001157179,0.000141119,0.0,0.0,0.0,0.0,0.000169343,0.0,0.743247439,0.0,5.64e-05,2.82e-05,2.82e-05,0.0,0.006068132,0.0,2.82e-05,5.64e-05,0.001185403,0.0,8.47e-05,0.010273489,0.0,0.000141119,0.0,0.0,0.0,2.82e-05,0.0,2.82e-05,0.0,2.82e-05,0.00087494,0.0,0.0,0.0,0.0,2.82e-05,0.0,2.82e-05,0.0,0.000479806,0.0,2.82e-05,0.0,0.0,0.0,2.82e-05,0.0,5.64e-05,0.0,0.0,0.0,0.0,0.0,2.82e-05,0.0,8.47e-05,0.0,0.0,2.82e-05,0.0,0.0,0.0,0.0,2.82e-05,0.0,0.0,0.0,0.0,0.0,0.0,0.0,0.0,0.0,0.0
SRR12478825,0.000109016,0.000109016,0.0,0.0,0.000109016,0.0,0.000109016,0.0,0.0,0.0,0.0,0.005123733,0.0,0.0,0.0,0.0,0.000109016,0.000872125,0.0,0.0,0.0,0.000109016,0.0,0.0,0.0,0.0,0.000109016,0.789272866,0.0,0.0,0.0,0.000763109,0.000436062,0.000109016,0.0,0.000218031,0.0,0.000109016,0.0,0.0,0.0,0.0,0.0,0.000109016,0.0,0.000109016,0.0,0.0,0.0,0.0,0.0,0.0,0.0,0.000436062,0.000436062,0.0,0.0,0.0,0.0,0.000327047,0.0,0.000109016,0.0,0.0,0.0,0.0,0.000872125,0.002071296,0.0,0.0,0.0,0.0,0.0,0.0,0.000109016,0.0,0.0,0.0,0.000109016,0.0,0.000109016,0.0,0.0,0.0,0.0,0.0,0.0,0.0,0.0,0.0,0.0,0.0,0.0,0.0,0.0,0.0,0.001199171,0.0,0.006213889,0.0,0.0,0.029761256,0.0,0.000327047,0.0,0.000436062,0.0,0.0,0.001744249,0.0,0.0,0.000109016,0.000109016,0.0,0.0,0.0,0.001417203,0.0,0.0,0.0,0.001090156,0.0,0.000109016,0.0,0.000109016,0.0,0.0,0.0,0.0,0.000327047,0.000109016,0.0,0.005668811,0.006649951,0.0,0.000763109,0.0,0.0,0.000109016,0.0,0.0,0.0,0.0,0.0,0.0,0.0,0.0,0.0,0.015044151,0.0,0.0,0.003161452,0.0,0.0,0.0,0.0,0.0,0.006867982,0.0,0.0,0.0,0.0,0.000109016,0.0,0.000218031,0.0,0.0,0.0,0.0,0.004251608,0.0,0.0,0.007086013,0.0,0.0,0.0,0.000218031,0.01013845,0.0,0.0,0.0,0.0,0.0,0.0,0.0,0.0,0.0,0.0,0.0,0.0,0.0,0.003924561,0.0,0.0,0.0,0.000109016,0.0,0.0,0.0,0.0,0.000218031,0.055706966,0.0,0.0,0.025291617,0.0,0.0,0.0,0.0,0.0,0.0,0.0,0.0,0.0,0.000109016,0.0,0.000109016,0.0,0.0,0.0,0.0,0.002071296,0.0,0.0,0.000654094,0.0,0.0,0.0,0.0,0.000109016,0.0,0.0,0.000109016,0.0,0.0,0.000109016,0.000109016,0.0,0.0,0.0,0.0,0.0,0.0,0.0,0.0,0.0,0.0,0.0,0.00468767,0.0,0.0,0.0,0.0,0.000109016,0.0,0.000109016,0.0,0.0,0.0
SRR12478826,0.0,0.0,0.0,0.0,0.000419815,0.0,0.0,0.0,0.0,0.090726747,0.0,0.014553596,0.0,4.66e-05,0.0,0.0,0.0,0.000466461,0.0,0.0,0.0,0.0,0.0,0.0,0.0,0.0,0.000186585,0.71377927,0.0,4.66e-05,4.66e-05,0.000326523,0.003031999,0.0,0.0,0.0,0.0,9.33e-05,0.0,0.0,0.0,0.0,0.0,0.0,4.66e-05,0.0,0.0,0.0,0.0,0.0,0.0,0.0,0.0,0.0,0.000466461,4.66e-05,0.0,0.001072861,0.0,0.000139938,0.0,0.0,0.0,0.0,0.0,0.0,0.000373169,0.001632615,0.0,4.66e-05,0.0,0.0,0.0,0.0,4.66e-05,0.0,4.66e-05,0.0,0.0,0.0,4.66e-05,4.66e-05,0.0,0.0,0.030040116,0.0,0.0,0.0,0.000279877,4.66e-05,0.0,4.66e-05,4.66e-05,0.0,0.0,4.66e-05,0.001306092,0.0,0.000699692,0.0,0.0,0.001632615,4.66e-05,0.0,0.0,0.0,0.0,0.0,0.002612184,0.0,0.0,0.0,0.0,0.0,0.0,0.0,0.005224368,0.0,0.0,0.0,0.000326523,0.0,0.0,0.0,9.33e-05,0.0,4.66e-05,0.0,0.0,0.000139938,4.66e-05,0.0,9.33e-05,0.031812669,0.0,0.0006064,0.0,0.0,4.66e-05,0.0,0.0,0.0,0.0,0.0,0.0,0.0,0.0,0.0,0.0,0.0,0.0,0.0,0.0,0.0,0.0,0.0,0.0,0.00979569,0.0,0.000233231,0.000233231,9.33e-05,4.66e-05,0.0,0.000139938,0.0,0.0,0.0,0.0,0.003731691,0.0,0.0,0.003171938,4.66e-05,0.0,0.0,0.000279877,0.05187051,4.66e-05,0.0,0.0,0.0,0.0,4.66e-05,0.0,0.0,0.0,0.0,4.66e-05,4.66e-05,0.0,0.004058214,0.0,0.0,9.33e-05,0.0,0.000139938,0.011754828,0.000186585,0.0,0.0,0.0,0.0,4.66e-05,0.000279877,0.0,9.33e-05,0.0,0.0,0.0,0.0,0.0,4.66e-05,0.0,0.000139938,0.0,0.0,0.0,0.0,0.000513108,0.0,0.0,0.0,0.0,0.000326523,0.0,4.66e-05,0.0,0.0,0.0,0.004897845,0.0,0.0,0.0,0.0,0.0,0.0,9.33e-05,0.0,0.0,0.0,0.0,0.0,0.0,0.0,0.0,0.0,0.0,0.002332307,0.0,0.0,0.0,0.0,0.0,0.0,0.000279877,0.0,0.0,0.0
SRR12478827,0.000320945,0.015533731,6.42e-05,0.005841196,0.000834457,0.0,0.000385134,0.0,0.0,0.007702677,0.0,0.021439117,0.000192567,0.0,0.0,0.0,6.42e-05,0.007060787,0.001091213,0.0,0.000449323,0.0,0.0,0.0,6.42e-05,0.0,0.0,0.142114385,0.000513512,0.0,6.42e-05,0.00436485,0.000256756,6.42e-05,6.42e-05,0.000513512,0.0,0.015276975,0.0,0.0,6.42e-05,0.000385134,0.0,0.000320945,0.000192567,0.000192567,0.0,0.0,0.0,0.000128378,0.0,0.0,6.42e-05,0.000834457,0.000192567,0.000128378,0.0,0.0,0.0,0.000513512,0.0,0.0,0.0,0.0,0.000128378,0.0,0.000577701,0.009499968,0.001283779,6.42e-05,0.0,0.0,6.42e-05,0.0,6.42e-05,0.000385134,0.002952693,0.000577701,0.000128378,0.0,0.0,0.0,0.001797291,0.0,0.000513512,0.0,0.0,0.0,0.000192567,0.0,0.0,0.000385134,0.0,0.0,0.000192567,0.000256756,0.00564863,0.005905385,0.048526863,6.42e-05,0.0,0.092881443,0.000128378,0.0,0.000577701,0.000192567,0.000128378,0.0,0.004300661,0.0,0.000385134,0.000128378,0.0,0.0,6.42e-05,0.0,0.005135118,0.0,0.0,0.006290519,0.001027024,0.000128378,0.002054047,0.0,6.42e-05,0.0,0.000192567,0.0,0.0,0.00064189,0.000577701,0.0,0.000192567,0.009564157,0.0,0.00186148,0.000192567,0.0,0.000706079,0.0,0.0,6.42e-05,0.0,0.0,0.0,0.0,0.0,0.0,0.0,0.0,6.42e-05,0.000385134,0.000577701,0.000192567,0.0,0.000256756,0.001476346,0.003402016,6.42e-05,0.006033763,6.42e-05,0.000385134,0.000577701,0.0,6.42e-05,0.0,0.0,0.0,0.0,0.001989858,6.42e-05,0.0,0.010526991,6.42e-05,0.0,0.0,0.000128378,0.001412157,6.42e-05,0.0,0.0,0.0,0.000128378,0.000513512,0.0,0.0,0.0,0.0,0.0,0.000385134,6.42e-05,0.473008537,0.0,0.0,0.0,0.0,0.000192567,0.018678991,0.0,0.0,6.42e-05,0.010334425,0.000192567,0.0,0.023878298,0.0,0.000577701,0.000192567,0.0,0.0,6.42e-05,0.0,0.000128378,0.0,0.000513512,0.000128378,6.42e-05,0.0,0.0,0.000128378,6.42e-05,0.000449323,0.0,0.0,0.001797291,0.0,0.000320945,0.0,0.0,0.0,6.42e-05,0.0,0.000192567,6.42e-05,0.0,0.000128378,6.42e-05,0.0,6.42e-05,0.0,6.42e-05,0.0,0.0,6.42e-05,0.0,0.000898646,0.0,0.0,0.002054047,0.0,6.42e-05,0.0,0.0,0.000128378,0.0,0.000449323,0.0,0.0,0.0
SRR12478828,0.000519211,0.0064036,0.00017307,0.0,0.001903773,0.0,8.65e-05,0.0,0.0,8.65e-05,0.0,0.003288335,0.0,0.0,8.65e-05,0.0,8.65e-05,0.00623053,0.000259605,0.0,0.0,0.0,0.0,8.65e-05,0.00017307,0.0,8.65e-05,0.245067497,0.002855659,0.0,8.65e-05,0.001384562,0.000259605,8.65e-05,0.0,0.000692281,0.0,0.0,0.0,0.0,0.0,8.65e-05,0.0,0.001903773,0.005192108,8.65e-05,0.0,0.0,0.0,8.65e-05,0.0,8.65e-05,0.000432676,8.65e-05,0.000259605,0.000951886,0.0,0.0,0.0,0.001471097,0.0,8.65e-05,0.0,0.0,0.00017307,0.0,0.010730357,0.06827622,0.002163378,0.0,0.0,0.0,0.0,0.0,0.000605746,0.0,0.000346141,8.65e-05,0.0,0.0,0.0,0.0,0.001211492,0.0,0.0,0.0,0.0,0.0,0.000432676,0.0,0.0,0.017480097,0.0,0.0,0.002249913,0.0,0.017739702,0.005019038,0.222308757,0.0,0.0,0.208895812,0.000951886,0.000778816,8.65e-05,0.00017307,8.65e-05,0.0,0.002336449,0.0,0.0,8.65e-05,0.0,8.65e-05,0.000346141,0.0,0.003634476,0.0,0.0,8.65e-05,0.002336449,0.0,0.001298027,0.0,8.65e-05,0.0,0.000259605,0.00017307,0.0,0.000259605,0.012893735,0.0,0.001124957,0.056161301,0.0,0.002336449,0.0,0.0,0.000519211,0.0,0.0,8.65e-05,0.0,0.0,0.0,0.0,0.0,0.0,0.000692281,0.0,0.0,8.65e-05,0.00017307,0.0,0.0,0.000865351,0.0,0.002076843,0.000778816,0.0,0.0,0.000519211,0.00017307,0.0,0.0,0.0,0.0,0.0,0.0,8.65e-05,8.65e-05,0.0,0.002855659,0.0,0.00017307,0.0,0.001730703,0.001124957,8.65e-05,0.0,0.0,0.0,0.0,0.0,0.0,0.0,0.0,0.0,0.0,0.0,0.0,0.004586362,0.0,0.0,0.00017307,0.0,0.000259605,0.00017307,0.000259605,8.65e-05,0.00017307,0.013412946,0.0,0.00017307,0.005278643,0.0,0.009865005,0.0,0.0,0.0,0.0,0.0,0.001644168,0.001038422,0.000692281,0.0,0.002682589,0.0,0.0,0.0,0.0,0.00302873,0.00017307,0.0,0.002855659,0.0,0.002163378,0.0,0.0,0.0,8.65e-05,0.0,0.0,0.0,0.0,0.00017307,0.0,0.0,0.00017307,0.0,0.0,0.0,8.65e-05,8.65e-05,0.0,0.002422984,0.0,0.0,0.002076843,0.0,0.000432676,0.0,0.0,0.001298027,0.0,0.004153686,0.0,0.0,0.0
SRR12478829,0.000704048,0.033593161,0.0,0.002564747,0.000201157,0.0,0.0,0.0,0.000452602,0.013628363,0.0,0.000804627,0.0,0.0,0.002967061,0.0,5.03e-05,0.006487302,0.001961277,0.0,0.001458386,0.000201157,0.0,5.03e-05,0.0,0.0,0.0,0.06965049,0.000150867,0.0,0.003067639,5.03e-05,0.047120945,0.0,0.0,0.001508675,0.0,0.0,0.0,0.0,5.03e-05,0.000653759,0.0,0.0,0.0,0.001910988,0.000100578,0.0,0.0,0.0,0.0,0.000100578,0.0,0.017802364,0.000100578,0.000352024,0.0,0.0,0.0,0.000452602,0.0,0.0,5.03e-05,0.0,0.000754337,0.000704048,0.001458386,0.031028413,0.000452602,0.007895399,0.0,0.0,5.03e-05,0.0,5.03e-05,0.004425446,0.005833543,0.0,5.03e-05,5.03e-05,0.000150867,0.0,0.005732965,0.0,0.005028916,5.03e-05,0.0,5.03e-05,0.0,0.0,0.0,0.000402313,0.0,5.03e-05,5.03e-05,0.011164194,0.003972844,0.014583857,0.023987931,0.0,0.0,0.213930098,0.005582097,0.005079205,5.03e-05,0.000402313,0.000955494,0.0,0.011063616,5.03e-05,0.000955494,0.000502892,5.03e-05,0.0,0.0,0.0,0.000704048,0.0,0.0,0.002615036,0.001106362,0.0,0.001910988,0.0,0.0,0.0,0.001156651,0.0,0.0,0.000201157,5.03e-05,0.0,0.000352024,0.016746291,0.0,0.00060347,0.0,0.0,5.03e-05,0.0,0.0,0.001408097,0.0,0.0,0.0,0.000955494,5.03e-05,5.03e-05,0.000452602,0.0,5.03e-05,0.000100578,0.000100578,0.001408097,0.0,0.005481519,0.000653759,0.014533568,0.0,0.000402313,0.0,0.001458386,0.0,0.0,0.000100578,0.0,5.03e-05,0.0,0.0,0.002363591,5.03e-05,5.03e-05,0.039426704,0.000150867,0.0,0.0,5.03e-05,0.003520241,0.000100578,0.0,0.0,0.0,0.0,0.018104099,0.0,0.0,0.0,0.0,0.0,0.000553181,0.000100578,0.260095549,0.0,0.0,0.0,0.000100578,5.03e-05,0.000905205,5.03e-05,0.0,0.000201157,0.023384461,0.0,0.000201157,0.015287905,0.0,0.000754337,0.000402313,0.0,0.0,0.000100578,0.0,0.000452602,5.03e-05,0.000402313,0.0,5.03e-05,0.0,0.0,0.0,0.00120694,0.001408097,0.000100578,5.03e-05,0.005330651,0.0,0.000100578,0.0,0.0,0.000100578,5.03e-05,0.0,5.03e-05,0.0,0.0,0.000150867,5.03e-05,0.0,0.0,5.03e-05,0.0,0.0,0.0,5.03e-05,0.000251446,0.001760121,0.0,0.0,5.03e-05,0.0,0.0,0.0,0.0,0.000150867,5.03e-05,0.000201157,0.0,0.0,0.0
SRR12478830,0.000158103,0.04055336,0.0,7.91e-05,0.000395257,0.0,0.0,0.0,0.000395257,0.010909091,7.91e-05,0.008695652,0.0,0.0,7.91e-05,0.0,0.0,0.006166008,0.00055336,0.0,0.000237154,0.0,0.0,0.000316206,0.0,0.0,0.0,0.073754941,0.006561265,0.0,0.014387352,0.000869565,0.000395257,0.0,0.0,0.000632411,0.0,0.0,0.0,0.0,0.0,0.000158103,0.0,0.0,7.91e-05,0.0,0.0,0.0,0.0,0.0,0.0,7.91e-05,0.0,0.0056917,0.000237154,0.000158103,0.0,0.0,0.0,0.000395257,0.0,0.0,0.0,0.0,0.000158103,0.0,0.00055336,0.006482213,0.00055336,0.000316206,0.0,0.0,0.0,0.000237154,0.0,0.0,0.001027668,0.0,0.0,0.0,7.91e-05,0.0,0.001897233,0.0,0.000237154,0.0,0.0,0.0,0.0,0.0,0.0,0.001027668,0.0,0.000316206,7.91e-05,0.004189723,0.001264822,0.000869565,0.061106719,0.0,0.0,0.040632411,0.007747036,0.000948617,0.0,0.0,0.0,0.0,0.010355731,0.000237154,0.0,7.91e-05,0.0,0.0,0.0,7.91e-05,0.000632411,0.0,0.0,7.91e-05,0.003003953,0.0,7.91e-05,0.0,0.0,0.0,0.000395257,0.0,0.0,0.000158103,0.000632411,0.0,0.000395257,0.005770751,0.0,0.000316206,0.0,0.0,0.0,0.0,0.0,0.000316206,0.0,0.0,0.0,0.0,0.0,0.0,0.008142292,0.0,0.0,7.91e-05,0.000474308,0.0,0.0,0.001106719,0.000158103,0.003083004,0.0,0.0,7.91e-05,0.000395257,0.0,0.0,7.91e-05,7.91e-05,0.000316206,0.0,0.0,0.000948617,0.0,0.001106719,0.033043478,0.000711462,0.0,0.0,0.0,0.002687747,7.91e-05,0.0,0.0,0.0,0.0,0.000474308,0.000158103,0.0,0.0,0.0,0.0,0.0,0.0,0.590671937,0.0,0.0,7.91e-05,0.0,0.000711462,0.001818182,0.0,0.0,7.91e-05,0.007667984,0.0,0.001185771,0.005612648,0.0,0.002371542,0.0,0.0,0.0,0.000395257,0.0,0.002766798,0.000237154,0.0,0.0,0.000237154,0.0,0.0,0.0,0.0,0.000316206,0.00055336,0.0,0.000158103,0.0,0.0,0.0,0.000237154,0.0,0.002055336,0.0,7.91e-05,7.91e-05,0.0,0.000395257,0.0,0.0,0.000316206,0.0,0.0,0.0,0.0,0.0,0.00055336,0.0,0.0,0.0,0.001106719,0.0,0.0,0.0,0.0,0.0,0.000158103,0.000237154,0.0,0.0,0.0
SRR12478831,0.000617561,0.000112284,5.61e-05,0.0,5.61e-05,0.0,0.032786885,0.0,0.000392993,0.000112284,5.61e-05,0.000224568,0.0,5.61e-05,0.0,0.0,5.61e-05,5.61e-05,0.000336852,0.000112284,0.000392993,0.0,0.0,0.000168426,0.000168426,0.0,0.000112284,0.040983607,0.000112284,0.0,0.000617561,0.00931956,0.027790254,0.0,0.0,0.21912194,0.0,0.0,0.0,0.000168426,0.000168426,5.61e-05,0.000168426,0.0,0.0,0.00117898,0.0,0.0,0.0,5.61e-05,0.0,0.000785987,0.0,5.61e-05,5.61e-05,5.61e-05,0.0,0.0,0.0,0.000336852,0.0,0.000112284,5.61e-05,0.0,0.000112284,0.0,0.001235122,0.004266786,0.008870424,0.000336852,0.0,0.0,0.0,5.61e-05,5.61e-05,5.61e-05,0.001403548,0.0,0.0,0.0,5.61e-05,5.61e-05,5.61e-05,0.0,0.008758141,0.0,0.0,0.003536941,5.61e-05,0.0,0.0,0.000168426,5.61e-05,5.61e-05,0.0,5.61e-05,0.000673703,5.61e-05,0.005614193,0.0,0.0,5.61e-05,5.61e-05,0.000392993,5.61e-05,0.000449135,0.0,0.0,0.00291938,0.0,0.000224568,0.000112284,5.61e-05,0.0,0.0,0.0,0.002807096,0.000224568,0.000112284,5.61e-05,0.013586346,0.0,0.0,0.0,0.0,0.0,0.000224568,0.000673703,0.0,0.002077251,5.61e-05,0.0,5.61e-05,0.000505277,0.0,0.00028071,0.0,0.0,0.00028071,0.0,0.0,5.61e-05,0.0,0.0,0.0,0.0,0.0,0.0,5.61e-05,0.0,0.0,0.000112284,5.61e-05,0.0,0.0,0.000561419,0.000112284,0.0413766,0.0,5.61e-05,0.0,0.000112284,0.000112284,0.0,5.61e-05,0.0,0.0,0.000336852,0.0,0.000168426,0.000112284,0.022849764,0.000392993,5.61e-05,0.000561419,0.0,0.0,0.02301819,0.000168426,0.0,0.0,0.0,0.0,0.000112284,0.0,0.0,0.0,0.0,0.0,0.0,5.61e-05,0.490848866,0.0,0.0,0.0,5.61e-05,0.000392993,5.61e-05,0.0,0.000336852,0.0,5.61e-05,0.0,5.61e-05,0.008589715,0.0,5.61e-05,5.61e-05,0.0,0.0,0.002694812,0.0,5.61e-05,0.0,0.000112284,0.0,0.0,0.0,0.0,5.61e-05,0.0,0.000505277,0.000112284,0.000168426,0.001291264,0.0,5.61e-05,0.000224568,0.0,5.61e-05,0.000168426,0.0,0.000112284,0.0,0.003929935,0.0,5.61e-05,5.61e-05,0.000112284,0.0,0.0,0.0,0.0,0.0,0.0,5.61e-05,0.0,0.0,0.000168426,0.0,0.0,5.61e-05,0.0,5.61e-05,0.0,0.00028071,0.0,0.0,0.0
SRR12478832,0.000760456,0.0,0.0,0.0,0.0,0.0,0.0,0.0,0.0,0.0,0.0,0.0,0.0,0.0,0.0,0.0,0.0,0.0,0.0,0.0,0.0,0.000760456,0.0,0.0,0.0,0.0,0.0,0.001520913,0.0,0.0,0.0,0.0,0.0,0.0,0.0,0.063117871,0.0,0.0,0.0,0.0,0.000760456,0.0,0.0,0.0,0.0,0.0,0.0,0.0,0.0,0.0,0.0,0.0,0.0,0.0,0.0,0.0,0.0,0.0,0.0,0.0,0.0,0.0,0.0,0.0,0.0,0.0,0.0,0.0,0.0,0.0,0.0,0.0,0.0,0.0,0.0,0.0,0.000760456,0.0,0.0,0.0,0.0,0.0,0.0,0.0,0.003041825,0.0,0.0,0.0,0.0,0.0,0.0,0.0,0.0,0.0,0.0,0.0,0.0,0.0,0.0,0.0,0.0,0.0,0.0,0.0,0.0,0.0,0.0,0.003802281,0.0,0.0,0.0,0.0,0.0,0.0,0.0,0.0,0.0,0.0,0.0,0.0,0.002281369,0.0,0.0,0.0,0.0,0.0,0.0,0.0,0.0,0.001520913,0.0,0.0,0.0,0.0,0.0,0.0,0.0,0.0,0.0,0.0,0.0,0.0,0.0,0.0,0.0,0.0,0.0,0.0,0.000760456,0.0,0.0,0.0,0.0,0.000760456,0.0,0.0,0.0,0.0,0.0,0.0,0.0,0.0,0.0,0.0,0.0,0.0,0.0,0.0,0.0,0.000760456,0.0,0.0,0.0,0.0,0.0,0.0,0.0,0.015209125,0.0,0.0,0.0,0.0,0.0,0.0,0.0,0.0,0.0,0.0,0.0,0.000760456,0.0,0.899619772,0.0,0.0,0.0,0.0,0.0,0.0,0.0,0.0,0.0,0.0,0.0,0.0,0.001520913,0.0,0.0,0.0,0.0,0.0,0.0,0.0,0.0,0.0,0.0,0.0,0.0,0.0,0.0,0.0,0.0,0.0,0.0,0.0,0.0,0.0,0.0,0.0,0.0,0.0,0.0,0.0,0.0,0.0,0.0,0.0,0.0,0.0,0.0,0.0,0.0,0.0,0.0,0.001520913,0.0,0.0,0.0,0.0,0.0,0.0,0.0,0.0,0.0,0.0,0.0,0.0,0.0,0.0,0.0
SRR12478833,0.003425123,0.000570854,8.16e-05,2.72e-05,0.000135918,5.44e-05,0.009568598,0.0,0.000163101,0.000326202,2.72e-05,0.000570854,0.0,0.000217468,8.16e-05,0.0,5.44e-05,0.0,8.16e-05,0.000190285,0.000217468,0.0,0.0,0.003316389,0.004104711,0.0,0.001359176,0.001413543,8.16e-05,0.012721885,0.003098921,0.001277625,0.006714328,2.72e-05,5.44e-05,0.107320521,8.16e-05,0.0,0.0,0.00595319,0.000163101,8.16e-05,0.000244652,2.72e-05,0.0,0.006116291,8.16e-05,0.00850844,0.000434936,0.001739745,0.005355153,0.002337782,0.0,0.0,8.16e-05,0.0,0.000108734,2.72e-05,0.0,0.000190285,0.0,0.140430043,8.16e-05,0.0,0.0,0.001386359,0.001277625,0.012667518,0.0,0.000407753,0.0,0.0,2.72e-05,2.72e-05,0.005599804,2.72e-05,0.001223258,2.72e-05,2.72e-05,0.000244652,8.16e-05,2.72e-05,0.0,0.0,0.015576155,0.0,0.0,0.000407753,0.0,2.72e-05,0.0,0.000190285,8.16e-05,5.44e-05,2.72e-05,8.16e-05,0.005192052,0.0,0.008263789,0.0,0.0,2.72e-05,2.72e-05,2.72e-05,0.0,0.000489303,2.72e-05,0.0,0.0,5.44e-05,5.44e-05,0.061679398,0.0,8.16e-05,0.0,2.72e-05,0.008861826,0.0,0.000108734,2.72e-05,0.010411287,0.000108734,2.72e-05,0.0,8.16e-05,0.0,0.00046212,0.000897056,0.0,0.003778509,8.16e-05,0.0,0.0,0.000244652,0.0,0.000897056,5.44e-05,0.0,0.007747302,0.000978607,2.72e-05,5.44e-05,0.00154946,0.0,0.0,2.72e-05,0.0,0.0,0.000135918,0.0,0.0,0.000951423,0.000380569,0.000163101,0.0,0.006306576,0.0,0.028461141,8.16e-05,8.16e-05,0.001331992,0.0,2.72e-05,0.0,0.0,5.44e-05,5.44e-05,0.000163101,0.0,0.000326202,8.16e-05,0.000489303,0.000299019,0.0,0.000625221,0.0,0.0,0.10275369,0.0,0.0,2.72e-05,2.72e-05,0.000217468,0.000108734,0.000135918,0.0,0.0,0.0,0.0,0.000135918,0.0,0.287819067,0.0,0.00046212,5.44e-05,0.000271835,8.16e-05,0.000353386,0.000190285,0.000190285,8.16e-05,0.0,0.0,0.000135918,0.001114524,0.0,0.001984397,0.0,0.0,0.0,0.0049474,0.0,0.000761138,0.0,8.16e-05,0.0,0.000190285,0.0,0.0,2.72e-05,0.000271835,0.002419333,0.002663985,0.000135918,0.002500883,5.44e-05,0.000706771,0.000326202,2.72e-05,5.44e-05,0.000815505,0.0,0.0,8.16e-05,0.002799902,5.44e-05,8.16e-05,0.000163101,0.001277625,8.16e-05,8.16e-05,0.0,2.72e-05,0.0,2.72e-05,0.0,5.44e-05,0.0,2.72e-05,0.0,0.000380569,0.002256232,0.0,0.000190285,2.72e-05,0.014597548,0.0,0.0,0.0
SRR12478834,0.000192753,0.0,0.000115652,0.0,0.0,0.0,7.71e-05,0.0,0.0,0.0,0.0,0.000385505,3.86e-05,0.000115652,0.0,0.0,0.0,0.0,0.0,3.86e-05,0.0,0.0,0.0,0.007247494,3.86e-05,0.0,0.000192753,0.000115652,0.000346955,0.0,0.0,3.86e-05,0.000115652,0.0,0.0,0.217964534,0.0,0.0,0.0,0.0,0.000539707,0.0,0.000308404,0.0,3.86e-05,0.000154202,7.71e-05,0.0,0.0,0.000192753,3.86e-05,0.000192753,0.0,0.0,3.86e-05,0.0,0.0,0.0,0.0,3.86e-05,0.0,7.71e-05,0.0,0.0,0.0,7.71e-05,0.005744025,0.002043177,0.0,3.86e-05,0.0,0.0,0.0,0.0,7.71e-05,0.0,0.000269854,0.0,0.0,0.0,0.0,0.0,0.0,0.0,0.018928296,0.0,0.0,0.000154202,0.0,0.0,0.0,0.0,0.001966076,0.0,0.0,0.0,3.86e-05,0.0,0.034502699,0.0,0.0,0.0,0.0,0.0,0.0,0.000346955,0.0,0.0,0.0,0.0,0.0,0.0,0.0,3.86e-05,0.0,0.0,0.0,3.86e-05,0.0,0.0,0.000462606,0.0,0.0,0.0,0.0,0.0,0.000346955,0.000963763,0.0,0.00690054,0.0,0.0,0.0,3.86e-05,0.0,0.0,0.0,0.0,0.0,0.0,0.0,0.0,0.0,0.0,0.0,0.0,0.0,0.0,0.0,0.0,0.0,0.000115652,0.001272167,0.0,0.0,3.86e-05,0.000115652,0.002929838,0.0,0.000269854,0.0,0.0,0.0,0.0,3.86e-05,0.0,0.0,7.71e-05,0.0,0.000616808,3.86e-05,3.86e-05,0.003238242,0.0,0.000886662,0.0,7.71e-05,0.677255204,0.0,0.0,0.0,0.0,0.0,0.000269854,0.0,0.0,0.0,0.0,0.0,0.0,0.0,0.003392444,3.86e-05,0.0,0.0,0.000192753,0.0,3.86e-05,0.0,7.71e-05,0.0,0.0,0.0,0.0,3.86e-05,0.0,0.0,0.0,0.0,0.0,0.001272167,0.0,3.86e-05,0.0,3.86e-05,0.0,3.86e-05,0.0,0.000192753,0.0,0.0,3.86e-05,0.0,0.0,0.00304549,0.0,0.0,0.000308404,0.0,0.0,0.001079414,0.0,0.0,0.0,3.86e-05,0.0,0.000115652,0.0,0.0,0.0,0.0,0.0,0.0,0.0,7.71e-05,0.0,0.0,0.0,0.0,0.0,0.0,0.0,0.0,3.86e-05,0.0,0.0,0.0,0.0,0.0
SRR12478835,0.000565858,7.72e-05,2.57e-05,0.0,0.0,0.038375473,0.004629749,0.0,0.0,0.0,0.0,7.72e-05,0.0,0.0,0.0,0.0,0.0,0.0,0.000282929,7.72e-05,7.72e-05,0.0,0.0,0.0,5.14e-05,0.0,2.57e-05,0.086087605,0.000128604,5.14e-05,0.0,0.0,0.001286041,0.0,0.0,0.002469199,0.0,0.0,0.0,0.0,0.0,2.57e-05,2.57e-05,0.0,0.0,0.000180046,2.57e-05,0.0,2.57e-05,0.062835978,0.0,0.00154325,0.0,0.0,0.0,0.0,0.0,0.0,0.0,0.0,0.0,0.0,0.0,0.0,2.57e-05,2.57e-05,0.000205767,0.002366316,0.0,2.57e-05,0.0,0.0,0.0,0.0,2.57e-05,0.0,0.000231487,0.0,0.0,0.0,7.72e-05,0.0,0.0,2.57e-05,0.000745904,0.000154325,0.0,0.00933666,0.0,0.0,0.0,2.57e-05,0.001388925,0.0,0.0,0.0,7.72e-05,0.0,0.060881196,0.0,0.0,5.14e-05,0.0,0.0,7.72e-05,0.000128604,0.0,0.000231487,0.0,0.0,0.0,0.0,0.0,5.14e-05,2.57e-05,0.0,0.0,0.0,0.000231487,0.0,0.023380231,0.0,0.0,0.0,0.0,0.0,5.14e-05,0.00653309,0.0,0.000437254,0.0,0.000102883,0.000102883,0.000180046,0.0,0.0,0.0,0.0,2.57e-05,5.14e-05,0.0,0.0,5.14e-05,0.0,0.0,0.0,0.0,0.0,0.0,0.0,0.0,0.011883022,0.000154325,0.0,0.0,5.14e-05,2.57e-05,0.008179223,0.0,0.000205767,0.0,0.0,2.57e-05,0.0,0.0,0.0,0.0,0.000462975,0.0,2.57e-05,2.57e-05,2.57e-05,5.14e-05,0.0,0.000128604,0.0,0.0,0.61115255,0.0,0.0,0.0,0.0,2.57e-05,0.0,5.14e-05,0.0,0.0,0.0,0.0,7.72e-05,0.0,0.003858124,2.57e-05,0.000128604,0.0,2.57e-05,0.0,0.000102883,0.0,0.0,0.0,0.000154325,0.000180046,0.029038813,7.72e-05,0.0,5.14e-05,0.0,0.0,0.0,0.018544716,0.0,0.0,0.0,2.57e-05,0.000102883,2.57e-05,0.0,2.57e-05,2.57e-05,2.57e-05,0.000128604,5.14e-05,2.57e-05,0.000180046,0.0,0.000154325,0.003189382,0.0,0.0,0.000488696,0.0,0.0,2.57e-05,0.002160549,0.0,2.57e-05,2.57e-05,0.0,5.14e-05,0.0,0.0,0.0,5.14e-05,0.000102883,0.0,0.0,5.14e-05,0.0,0.0,0.0,0.0,0.0,2.57e-05,0.0,5.14e-05,0.0,0.0,0.0
SRR12478836,0.001152843,0.000182028,6.07e-05,0.0,6.07e-05,0.0,0.0244524,0.0,0.000424732,0.0,0.0,0.002487713,0.0,0.000667435,0.0,0.0,6.07e-05,0.0,0.000121352,6.07e-05,0.000546083,0.0,0.0,0.003519204,0.001759602,0.0,6.07e-05,0.005460834,0.000485407,0.0,0.001092167,6.07e-05,0.006370973,0.0,0.0,0.113706693,0.000121352,0.0,0.0,0.000121352,0.00030338,0.000121352,0.000242704,0.0,0.0,0.018748862,6.07e-05,6.07e-05,6.07e-05,0.000364056,0.000242704,0.003033796,0.0,0.0,0.0,0.0,0.0,0.0,0.0,0.0,0.0,6.07e-05,0.0,0.0,6.07e-05,0.000182028,0.000910139,0.004429343,0.0,0.0,0.0,0.0,0.0,0.0,0.000606759,0.00030338,0.000242704,0.0,6.07e-05,0.000121352,0.000242704,0.0,0.000121352,0.0,0.00685638,0.0,0.0,0.001516898,0.0,0.0,0.0,0.0,0.000788787,0.000121352,0.0,0.000121352,0.000849463,0.0,0.002669741,0.0,0.0,0.0,0.0,6.07e-05,0.0,0.000849463,0.0,0.0,0.0,0.0,0.0,0.0,6.07e-05,0.000121352,0.0,0.0,0.001031491,6.07e-05,0.000182028,0.0,0.005036102,0.0,0.0,0.0,0.0,0.0,0.000121352,0.001152843,0.0,0.004672047,0.000121352,0.00133487,0.0,6.07e-05,0.0,0.000242704,0.0,0.0,0.000364056,6.07e-05,0.000667435,0.0,0.010557612,0.0,0.0,6.07e-05,6.07e-05,0.0,0.0,0.0,0.0,0.023299557,0.001152843,0.000485407,0.0,0.001395546,6.07e-05,0.033189734,0.000667435,0.000728111,0.0,0.0,0.000121352,0.0,0.0,0.0,0.0,0.000121352,0.0,0.000485407,6.07e-05,0.004854074,0.000424732,0.0,0.000182028,0.0,6.07e-05,0.021721983,0.0,0.0,0.0,0.0,6.07e-05,0.000182028,6.07e-05,0.0,0.0,0.0,0.0,0.001395546,6.07e-05,0.625629513,6.07e-05,0.0,0.000424732,0.00163825,0.000242704,0.0,0.0,0.000546083,0.0,0.000121352,0.0,0.001152843,0.011649779,0.0,0.000242704,0.0,0.0,0.0,0.009465445,0.0,0.0,0.000182028,0.000788787,6.07e-05,0.000485407,0.0,6.07e-05,0.0,0.000121352,0.000910139,6.07e-05,0.0,0.000910139,0.000182028,0.000424732,0.001213519,0.0,0.0,0.001759602,0.0,0.0,6.07e-05,0.000546083,0.0,6.07e-05,0.0,0.0,0.0,0.0,0.0,0.0,0.0,0.000910139,0.000242704,0.000546083,0.000121352,0.000182028,0.0,0.000242704,0.000121352,0.0,0.000121352,0.0,6.07e-05,0.0,0.0,0.0
SRR12478837,0.000440292,0.0,0.0,0.0,0.000146764,0.0,0.0,0.0,0.0,0.0,0.0,9.78e-05,0.0,0.0,0.0,0.0,0.0,0.0,4.89e-05,0.0,0.0,0.0,0.0,0.0,0.0,0.0,4.89e-05,0.004060467,0.0,0.0,0.0,0.0,0.0,0.0,0.0,0.092656915,0.000195685,0.0,0.0,0.00039137,9.78e-05,0.0,9.78e-05,0.0,0.0,0.010175627,0.0,0.0,0.0,0.0,0.0,0.000195685,0.0,0.0,0.0,0.0,0.0,0.0,0.0,0.0,0.0,0.0,0.0,0.0,0.0,0.000195685,0.000244606,0.000146764,0.0,0.0,0.0,0.0,0.0,0.0,0.0,0.0,0.000146764,0.0,0.0,0.0,0.0,0.0,0.0,0.0,0.000978426,0.0,0.0,0.000293528,0.0,0.0,0.0,0.0,9.78e-05,0.0,0.0,0.0,4.89e-05,0.0,0.00190793,4.89e-05,0.0,0.0,0.0,0.0,0.0,0.0,0.0,0.0,0.0,0.0,0.0,0.0,0.0,0.0,0.0,0.0,9.78e-05,0.0,0.0,4.89e-05,0.000342449,0.0,0.0,0.0,0.0,0.0,9.78e-05,0.002984198,0.0,0.001956851,4.89e-05,0.0,0.0,0.000195685,0.0,4.89e-05,0.0,0.0,0.0,4.89e-05,0.0,0.0,0.0,0.0,9.78e-05,0.0,0.0,0.0,0.0,0.0,0.0,0.000684898,4.89e-05,0.0,0.0,0.000244606,0.0,9.78e-05,0.0,0.000195685,0.0,0.0,0.0,0.0,0.0,0.0,0.0,0.0,0.0,0.000195685,4.89e-05,0.0,0.000195685,0.0,9.78e-05,0.0,0.0,0.14876963,0.0,0.0,0.0,0.0,0.000342449,4.89e-05,0.0,0.0,0.0,0.0,0.0,0.0,0.0,0.685289369,0.0,0.0,0.0,0.0,4.89e-05,0.0,0.0,0.000195685,0.0,0.0,0.0,0.000489213,0.012083558,0.0,0.0,0.0,0.0,0.0,0.0,0.0,0.0,0.0,0.000538134,0.0,0.0,0.0,4.89e-05,0.0,0.0,4.89e-05,0.0,0.0,0.000440292,0.0,9.78e-05,0.0,0.0,0.0,0.00039137,0.0,0.000146764,0.0,0.0,0.0,0.000146764,9.78e-05,0.0,0.0,0.0,0.0,0.0,0.0,0.029890906,0.0,0.0,0.0,0.0,0.0,0.0,0.0,0.0,0.0,0.0,4.89e-05,0.0,0.0,0.0
SRR12478838,0.005292702,0.0,0.0,0.0,0.000400962,0.001122694,0.0,0.0,0.0,0.0,0.0,0.000481155,0.0,0.0,0.0,0.0,0.0,0.0,8.02e-05,0.002085004,0.000240577,0.0,0.0,0.003127506,0.0,0.0,0.000400962,0.00457097,8.02e-05,8.02e-05,8.02e-05,0.001122694,0.003368083,0.0,0.0,0.134883721,0.0,0.0,0.0,0.0,8.02e-05,0.0,8.02e-05,0.0,0.0,0.02052927,8.02e-05,0.0,0.0,0.000481155,0.0,0.004009623,0.0,0.0,0.001283079,0.0,0.0,0.0,0.0,0.0,0.0,0.0,8.02e-05,0.0,0.0,8.02e-05,0.00457097,0.004490778,0.0,8.02e-05,0.0,0.0,0.000160385,0.0,0.0,0.0,0.000721732,0.0,0.0,8.02e-05,8.02e-05,0.0,0.0,0.0,0.013472334,0.0,0.0,0.026623897,0.0,0.0,0.0,0.0,0.000160385,0.0,0.0,0.0,0.000160385,0.0,0.017642342,0.0,0.0,0.000160385,0.0,0.0,0.0,0.00032077,0.0,0.0,0.0,0.0,0.0,0.000400962,0.0,0.000160385,0.0,0.0,0.000400962,0.0,8.02e-05,8.02e-05,0.004651163,0.0,0.0,0.0,0.0,0.0,0.000160385,0.001042502,0.0,0.00032077,0.0,0.0,0.0,0.0,0.0,0.000721732,0.0,0.0,0.0,0.000400962,0.0,0.0,0.0,0.0,0.0,0.0,0.0,0.0,0.0,0.0,0.0,0.008500401,8.02e-05,0.0,0.0,0.005132318,0.0,0.004410585,0.0,0.000160385,0.0,0.0,0.000160385,0.0,0.0,0.0,0.0,0.000160385,0.0,0.0,8.02e-05,0.000481155,0.000160385,0.0,0.000240577,0.0,0.0,0.164955894,0.0,0.0,0.0,0.0,8.02e-05,0.0,8.02e-05,0.0,0.0,0.0,0.0,0.0,0.0,0.464554932,0.002806736,8.02e-05,0.000160385,8.02e-05,0.0,0.0,0.0,0.000240577,0.0,0.0,0.0,0.001684042,0.0,0.0,0.0,0.0,0.0,0.0,0.008660786,0.0,0.00032077,0.0,0.0,0.0,0.0,0.0,8.02e-05,0.0,0.0,0.000721732,0.00032077,0.0,0.001844427,0.0,0.000481155,0.00457097,0.0,0.0,0.0,0.0,0.000481155,8.02e-05,0.004490778,0.0,0.0,0.0,0.0,8.02e-05,0.0,0.0,0.0,0.0,8.02e-05,0.0,0.0,8.02e-05,0.0,0.0,0.010665597,0.0,0.0,0.0,0.0,0.0,0.0,0.0,0.0
SRR12478839,0.004832993,5.37e-05,0.0,0.0,0.0001074,0.001503598,0.0002148,0.0,0.0,0.0,0.0,0.0001611,5.37e-05,0.0,5.37e-05,0.0,0.0,0.0,0.000375899,0.0,5.37e-05,0.0,0.0,0.0,0.0,0.0,0.001073998,0.003973794,5.37e-05,0.0,0.0,0.002792396,0.000912899,0.0,0.0,0.155031683,0.0,0.0,0.0,0.0002148,5.37e-05,5.37e-05,0.0,0.0,0.0,0.031897755,0.0,0.0,0.0,0.0002685,0.0,0.000644399,0.0001611,0.0,0.0002685,0.0,0.0,0.0,0.0,0.0,0.0,0.0,5.37e-05,0.0,0.0,0.0001611,0.038234346,0.003007196,0.0,0.0003222,0.0,0.0,0.0,0.0,0.0002148,5.37e-05,0.001288798,0.0,0.0,5.37e-05,5.37e-05,0.0,0.0,5.37e-05,0.065621308,0.0,0.0,0.006229191,5.37e-05,0.0,0.0,0.0002685,0.0,0.0,0.0,0.0,0.0001611,0.0,0.017935775,0.0,0.0,0.0,0.0,0.0,5.37e-05,5.37e-05,0.0,0.0,5.37e-05,0.0,0.0,0.0,0.0,5.37e-05,0.0,0.0,0.001235098,0.0,0.0001074,5.37e-05,0.005906992,0.0,0.0,0.0,0.0,0.0,0.000751799,0.0,0.0,0.0001611,0.0,0.0,0.0,0.0001611,0.0,0.0003222,0.0,0.0,5.37e-05,0.0,0.0,0.0,0.0,0.0,5.37e-05,0.0,0.0,0.0,0.0,0.0,0.0,5.37e-05,5.37e-05,0.0,0.0,0.000698099,0.0,0.008538288,0.0,5.37e-05,0.0,0.0,0.0,0.0,5.37e-05,0.0,0.0,0.0003222,0.0,5.37e-05,0.0,5.37e-05,0.000966599,0.0,0.001557298,0.0,5.37e-05,0.195414026,0.0,0.0,0.0,0.0,0.0,0.0,0.0,0.0,0.0,0.0,0.0,5.37e-05,0.0,0.412200623,0.001503598,0.0,0.0,0.0,0.0,0.0,0.000698099,0.000536999,0.0,0.0,0.0,0.0,0.007625389,0.0,0.0,0.0,0.0,0.0,0.008806788,0.0,0.0,0.0,0.0001074,5.37e-05,0.0,0.0,0.0001074,5.37e-05,5.37e-05,0.0002148,0.001503598,0.0,0.005423692,0.0,0.0001074,0.0002685,0.0,0.0,0.000590699,0.0,0.0001074,0.0,0.001933197,0.0,0.0,0.0,0.0,0.0002148,0.0,0.0,0.0,0.0,0.000644399,5.37e-05,0.0,0.0,0.0,0.0,0.0001611,0.0,0.0,0.0001611,0.0,0.0,0.0,0.0,0.0
SRR12478840,0.0,0.0,3.31e-05,0.0,0.0,9.93e-05,9.93e-05,0.0,0.0,3.31e-05,0.0,0.000496672,0.0,6.62e-05,3.31e-05,0.0,0.0,0.0,0.0,0.000331115,3.31e-05,0.0,0.0,0.0,0.0,0.0,0.0,0.117578888,0.000298003,0.0,0.0,0.0,6.62e-05,3.31e-05,0.0,0.213370418,0.0,3.31e-05,0.0,0.0,0.000463561,0.0,0.000562895,0.0,0.0,9.93e-05,0.0,0.0,0.0,0.000132446,3.31e-05,0.000264892,0.0,0.0,0.00824476,0.0,0.0,0.0,0.0,0.0,0.0,0.0,0.0,0.0,3.31e-05,0.0,0.000132446,0.000761564,0.0,0.0,0.0,0.0,6.62e-05,0.0,6.62e-05,0.0,6.62e-05,0.0,0.0,0.0,0.0,0.0,0.0,0.0,0.00023178,0.000132446,0.0,0.011059236,0.0,0.0,0.0,0.0,0.0,0.0,0.0,0.0,0.0,0.0,0.000132446,0.0,0.0,3.31e-05,0.0,0.0,9.93e-05,0.000264892,0.0,0.0,0.0,0.0,0.000165557,0.0,0.0,0.0,0.0,0.0,0.0,0.0,0.0,0.0,9.93e-05,0.0,0.0,0.0,0.0,0.0,6.62e-05,3.31e-05,0.0,0.007052747,0.0,0.0,6.62e-05,0.000165557,0.0,3.31e-05,0.0,0.0,0.0,0.0,0.0,0.0,0.0,0.0,0.0,0.0,0.0,0.0,0.0,0.0,0.0,0.0,0.000993345,3.31e-05,0.0,0.0,6.62e-05,0.000165557,0.0,0.000198669,0.0,0.0,3.31e-05,0.0,0.0,0.0,0.0,6.62e-05,0.0,0.001158902,0.0,0.0,0.0,0.0,3.31e-05,0.0,0.0,0.622793947,0.0,0.0,0.0,0.0,3.31e-05,0.000132446,0.0,0.0,0.0,0.0,3.31e-05,6.62e-05,0.0,0.002913811,0.001490017,0.0,0.0,0.000927122,0.0,0.0,0.0,3.31e-05,0.0,0.0,0.0,6.62e-05,0.0,0.0,0.0,0.0,0.0,0.0,3.31e-05,0.0,0.0,0.0,0.0,0.0,6.62e-05,0.0,6.62e-05,0.0,0.0,0.0,3.31e-05,0.0,3.31e-05,0.0,0.00155624,9.93e-05,0.0,0.0,0.000264892,0.0,0.0,3.31e-05,0.0,0.0,0.000132446,0.0,0.0,3.31e-05,0.0,0.0,0.0,0.0,0.00245025,0.0,3.31e-05,0.0,0.0,0.0,6.62e-05,0.0,0.0,6.62e-05,0.0,0.0,0.0,0.0,0.0
SRR12478841,0.004793138,0.000126135,0.000126135,0.0,0.00315338,0.0,0.000630676,0.0,0.0,0.001513623,0.000126135,0.000126135,0.0,0.0,0.0,0.0,0.0,0.007441978,0.030398587,0.00025227,0.006432896,0.00290111,0.0,0.007189707,0.005297679,0.0,0.0,0.001513623,0.00025227,0.015893037,0.000126135,0.0,0.0,0.0,0.0,0.061301715,0.0,0.00025227,0.0,0.0,0.0,0.000126135,0.00025227,0.0,0.0,0.002522704,0.000504541,0.0,0.002522704,0.01185671,0.000126135,0.006685166,0.0,0.0,0.00264884,0.0,0.0,0.0,0.0,0.002144299,0.0,0.000126135,0.000378406,0.0,0.006685166,0.001009082,0.002774975,0.001009082,0.0,0.0,0.0,0.0,0.000126135,0.0,0.000126135,0.0,0.003910192,0.0,0.002144299,0.0,0.0,0.0,0.0,0.0,0.029137235,0.0,0.0,0.002774975,0.001387487,0.000630676,0.0,0.00025227,0.002396569,0.0,0.0,0.000126135,0.0,0.0,0.010847629,0.0,0.0,0.0,0.0,0.004036327,0.0,0.028506559,0.0,0.012739657,0.0,0.0,0.0,0.00605449,0.004667003,0.0,0.0,0.0,0.00554995,0.003027245,0.000756811,0.0,0.005423814,0.0,0.0,0.0,0.0,0.0,0.00025227,0.002774975,0.0,0.001009082,0.004414733,0.0,0.0,0.00025227,0.0,0.008324924,0.0,0.0,0.0,0.0,0.000126135,0.0,0.0,0.0,0.0,0.0,0.0,0.003027245,0.0,0.0,0.000126135,0.0,0.000378406,0.0,0.0,0.0,0.000378406,0.006811302,0.000126135,0.000504541,0.0,0.0,0.0,0.0,0.000126135,0.0,0.0,0.000378406,0.0,0.000126135,0.0,0.003657921,0.00025227,0.0,0.001892028,0.0,0.0,0.068995964,0.000756811,0.0,0.000126135,0.0,0.0,0.000378406,0.0,0.0,0.0,0.0,0.0,0.015262361,0.0,0.10759334,0.0,0.0,0.0,0.00025227,0.0,0.000126135,0.0,0.000126135,0.0,0.0,0.0,0.0,0.001765893,0.0,0.007315843,0.015640767,0.0,0.0,0.010343088,0.0,0.000378406,0.0,0.000378406,0.000504541,0.00025227,0.0,0.0,0.000756811,0.000126135,0.0,0.001639758,0.0,0.00025227,0.0,0.000126135,0.000126135,0.000126135,0.0,0.000630676,0.0,0.00025227,0.0,0.007694248,0.0,0.000126135,0.0,0.0,0.0,0.000504541,0.0,0.0,0.000630676,0.000126135,0.0,0.0,0.0,0.0,0.0,0.0,0.000126135,0.0,0.000126135,0.0,0.0,0.0,0.0,0.0
SRR12478842,0.003315233,0.000114318,0.0,0.0,5.72e-05,0.0,0.04292655,0.0,0.0,0.000114318,0.0,0.000114318,0.0,0.0,0.0,0.0,5.72e-05,0.0,0.000114318,0.0,0.0,0.0,0.0,0.000628751,0.005773078,0.0,0.000342955,0.000171478,0.0,0.0,0.001486139,5.72e-05,0.005773078,0.0,0.0,0.067447842,0.0,0.0,0.0,0.0,0.0,0.0,0.0,0.0,0.0,0.001657616,5.72e-05,5.72e-05,0.0,0.000171478,5.72e-05,0.002629323,0.0,0.0,0.000114318,0.0,0.000228637,0.0,0.0,0.0,0.0,0.000114318,5.72e-05,0.0,0.0,0.0,0.003658188,0.007373535,0.0,5.72e-05,0.0,0.0,0.0,0.0,0.000114318,0.0,0.002515004,0.0,0.0,0.0,0.0,0.0,0.0,0.0,0.015432981,0.0,0.0,0.000171478,0.0,0.0,0.0,5.72e-05,0.000400114,0.000228637,0.0,5.72e-05,0.000114318,0.0,0.002057731,0.0,0.0,0.0,0.0,0.0,0.0,0.000114318,0.0,0.0,0.0,0.0,0.0,0.0,0.0,0.0,0.0,0.0,0.000743069,0.0,0.000228637,5.72e-05,0.004572735,0.001714776,0.0,0.0,0.0,0.0,0.000342955,0.000114318,0.0,0.00068591,0.0,0.0,0.0,0.000114318,0.0,0.000228637,0.0,0.0,0.000743069,0.0,0.0,0.0,0.000914547,0.0,0.0,5.72e-05,0.0,0.0,5.72e-05,0.0,0.0,0.000514433,0.0,0.0,0.0,0.00068591,5.72e-05,0.014918548,5.72e-05,0.000228637,0.0,0.0,0.0,0.0,0.0,0.0,0.0,0.000342955,0.0,0.0,5.72e-05,0.002629323,0.000400114,0.0,0.000342955,0.0,0.0,0.01200343,0.0,0.0,0.0,0.0,0.001200343,0.0,0.0,0.0,0.0,0.0,5.72e-05,0.0,0.0,0.769419834,0.0,5.72e-05,5.72e-05,5.72e-05,5.72e-05,0.0,0.0,0.000400114,0.0,0.0,0.0,5.72e-05,0.002629323,0.0,5.72e-05,0.0,0.0,0.0,0.0028008,0.0,0.000285796,0.0,0.000285796,0.0,0.0,0.0,5.72e-05,0.000114318,5.72e-05,0.000400114,0.000171478,0.0,0.001714776,0.0,0.000171478,0.000285796,0.0,0.0,0.000171478,0.0,5.72e-05,5.72e-05,0.000114318,0.0,5.72e-05,0.000800229,0.0,0.0,0.0,0.0,0.0,0.0,0.000114318,0.0,5.72e-05,0.0,5.72e-05,0.0,0.00142898,0.000228637,0.0,5.72e-05,0.0,5.72e-05,0.0,0.0,0.0
SRR12478843,0.002300807,9.46e-05,3.15e-05,0.0,0.0,0.0,0.00015759,0.0,9.46e-05,0.0,0.0,0.000819465,0.0,6.3e-05,6.3e-05,0.0,0.0,0.0,3.15e-05,0.000724912,0.00059884,0.0,0.0,0.000977055,0.00135527,0.0,6.3e-05,0.001071609,6.3e-05,0.0,0.0,0.002742057,0.000220625,0.0,0.0,0.064643217,6.3e-05,0.0,0.0,9.46e-05,3.15e-05,0.0,0.0,0.0,0.0,0.022377711,0.0,0.0,0.0,0.000126072,0.000126072,0.000378215,9.46e-05,0.0,0.00015759,0.0,0.000283661,0.0,0.0,0.000220625,0.0,3.15e-05,3.15e-05,0.0,0.0,3.15e-05,0.005893848,0.003120272,0.000346697,3.15e-05,0.0,0.0,3.15e-05,0.0,0.004254917,3.15e-05,0.00255295,0.0,0.0,3.15e-05,3.15e-05,0.0,0.0,9.46e-05,0.019509581,0.0,0.0,0.00195411,0.0,0.0,0.0,9.46e-05,0.000252143,0.000252143,0.0,0.0,0.0,0.0,0.00570474,0.0,0.0,0.0,0.0,0.0,0.0,6.3e-05,0.0,0.0,0.0,0.0,0.0,0.0,0.0,0.0,0.0,0.0,0.001386788,3.15e-05,6.3e-05,0.0,0.002679022,0.004223399,0.0,0.0,0.0,0.0,0.000189107,0.001638931,0.0,0.000630358,0.0,0.0,0.0,0.0,0.0,9.46e-05,0.0,0.0,3.15e-05,3.15e-05,6.3e-05,0.0,0.002332325,0.0,0.0,0.0,0.0,0.0,0.0,0.0,0.0,0.001575895,9.46e-05,0.0,0.0,0.000945537,0.0,0.010148764,6.3e-05,0.000220625,0.0,0.0,0.0,0.0,3.15e-05,6.3e-05,0.0,3.15e-05,0.0,3.15e-05,0.000189107,0.002615986,0.000220625,0.0,0.000567322,0.0,0.0,0.047970247,0.0,0.0,0.0,0.0,6.3e-05,3.15e-05,0.0,0.0,0.0,0.0,0.0,0.000409733,0.000189107,0.750283661,0.000819465,0.0,3.15e-05,0.00015759,3.15e-05,0.0,0.0,6.3e-05,9.46e-05,3.15e-05,0.0,0.000882501,0.010873676,0.0,0.0,0.0,0.0,0.0,0.00255295,0.0,0.000252143,0.0,0.00015759,0.0,6.3e-05,0.0,3.15e-05,3.15e-05,0.000315179,0.000283661,0.000914019,0.0,0.000882501,3.15e-05,9.46e-05,0.000661876,0.0,0.0,3.15e-05,0.0,0.0,3.15e-05,0.002080182,0.000189107,3.15e-05,3.15e-05,0.0,3.15e-05,0.0,0.0,0.0,0.0,0.000315179,3.15e-05,9.46e-05,0.0,0.0,0.0,0.0,0.0,0.0,0.0,0.0,9.46e-05,0.0,0.0,0.0
SRR12478844,0.009163386,0.0,0.0,0.0,0.0,3.31e-05,0.002051011,0.0,0.000132323,3.31e-05,0.0,9.92e-05,0.0,3.31e-05,0.0,0.0,0.0,0.0,3.31e-05,0.001025505,0.0,0.0,0.0,3.31e-05,0.0,0.0,0.0,0.0,0.0,3.31e-05,3.31e-05,0.0,3.31e-05,0.0,0.0,0.045022991,0.0,0.0,0.0,0.0,3.31e-05,0.0,0.0,0.0,0.0,0.000595455,0.0,0.0,0.0,0.000264647,0.0,0.003671971,0.0,0.0,0.0,0.0,0.0,0.0,0.0,0.0,0.0,3.31e-05,0.0,0.0,3.31e-05,0.0,0.000430051,0.000860101,0.0,3.31e-05,0.0,0.0,0.0,0.0,0.0,0.0,0.000694697,0.0,0.0,3.31e-05,0.0,0.0,3.31e-05,0.0,0.001720202,0.0,0.0,0.000165404,0.0,0.0,0.0,0.0,0.0,0.0,0.0,0.0,3.31e-05,0.0,0.000926263,0.0,0.0,0.0,0.0,0.0,0.0,6.62e-05,0.0,0.0,0.0,0.0,0.0,0.0,0.0,0.0,0.0,0.0,0.000198485,0.0,0.0,0.0,0.002150253,0.0,0.0,0.0,0.0,0.0,0.0,9.92e-05,0.0,0.000264647,0.0,0.0,0.0,0.0,0.0,0.0,0.0,0.0,0.0,0.0,0.0,0.0,0.000661616,0.0,0.0,0.0,0.0,0.0,0.0,0.0,0.0,0.001554798,0.0,0.0,0.0,0.0,0.0,0.00122399,3.31e-05,9.92e-05,0.0,0.0,0.000132323,0.0,0.0,0.0,0.0,3.31e-05,0.0,3.31e-05,0.0,0.000132323,0.0,0.0,0.0,0.0,0.0,0.0081048,0.0,0.0,0.0,0.0,0.0,0.0,0.0,0.0,0.0,0.0,0.0,0.0,0.0,0.906381289,3.31e-05,0.0,3.31e-05,0.000231566,0.0,0.0,0.0,3.31e-05,0.0,0.0,3.31e-05,0.008601012,0.000231566,0.0,0.0,0.0,0.0,0.0,0.000198485,0.0,0.0,3.31e-05,0.0,3.31e-05,0.0,0.0,6.62e-05,0.0,0.0,0.0,0.000661616,0.0,0.000231566,0.0,3.31e-05,6.62e-05,0.0,0.0,0.000132323,0.0,0.0,0.0,0.000132323,0.0,0.0,0.0,0.000132323,0.0,0.0,0.0,0.0,0.0,0.0,0.0,6.62e-05,0.0,0.0,0.0,0.000165404,0.0,0.0,0.0,0.0,0.0,0.0,0.0,0.0
SRR12478845,0.007175926,0.004398148,0.000231481,0.0,0.000578704,0.0,0.010532407,0.0,0.00150463,0.001736111,0.000347222,0.002083333,0.0,0.001388889,0.0,0.0,0.000115741,0.0,0.002314815,0.000115741,0.009722222,0.0,0.0,0.0,0.003703704,0.0,0.001157407,0.002430556,0.001273148,0.0,0.000925926,0.000462963,0.003587963,0.0,0.0,0.136458333,0.000462963,0.000115741,0.0,0.003935185,0.003240741,0.000347222,0.003587963,0.0,0.000231481,0.000925926,0.0,0.0,0.000115741,0.024768519,0.000462963,0.000694444,0.000578704,0.0,0.000810185,0.0,0.000115741,0.000462963,0.0,0.000347222,0.0,0.0,0.000231481,0.0,0.0,0.0,0.004861111,0.028819444,0.0,0.000462963,0.0,0.0,0.0,0.0,0.000231481,0.0,0.001967593,0.0,0.0,0.0,0.0,0.0,0.0,0.000115741,0.045949074,0.0,0.0,0.034837963,0.0,0.0,0.0,0.000115741,0.002777778,0.0,0.0,0.0,0.003587963,0.0,0.015162037,0.000462963,0.0,0.000115741,0.000115741,0.0,0.0,0.002893519,0.0,0.0,0.0,0.0,0.0,0.0,0.0,0.000810185,0.0,0.0,0.015856481,0.0,0.000115741,0.0,0.009606481,0.000347222,0.0,0.0,0.0,0.0,0.014814815,0.004166667,0.0,0.037037037,0.0,0.000231481,0.0,0.000231481,0.0,0.000347222,0.0,0.0,0.017013889,0.000115741,0.0,0.0,0.0,0.0,0.0,0.0,0.0,0.0,0.0,0.0,0.0,0.000115741,0.002662037,0.000694444,0.0,0.005439815,0.000347222,0.132175926,0.000115741,0.002777778,0.0,0.0,0.0,0.0,0.000115741,0.0,0.0,0.001851852,0.0,0.003703704,0.000925926,0.000347222,0.000925926,0.0,0.003356481,0.0,0.0,0.178472222,0.000115741,0.0,0.0,0.0,0.000115741,0.000925926,0.0,0.0,0.0,0.0,0.0,0.000810185,0.0,0.024421296,0.004861111,0.001157407,0.0,0.002199074,0.000347222,0.0,0.0,0.000115741,0.0,0.000115741,0.0,0.0,0.001041667,0.0,0.0,0.0,0.0,0.0,0.02974537,0.0,0.005555556,0.0,0.000231481,0.0,0.000347222,0.0,0.000231481,0.0,0.000115741,0.005208333,0.008333333,0.006134259,0.004050926,0.0,0.003125,0.000694444,0.0,0.000115741,0.002314815,0.0,0.000231481,0.000115741,0.008449074,0.0,0.000694444,0.000231481,0.001851852,0.000231481,0.000115741,0.0,0.0,0.0,0.06400463,0.000115741,0.0,0.0,0.000115741,0.0,0.0,0.000231481,0.0,0.0,0.0,0.000810185,0.0,0.0,0.0
SRR12478847,0.0,0.0,0.0,0.0,0.0,0.0,0.0,0.0,0.0,0.0,0.0,0.0,0.0,0.0,0.0,0.0,0.0,0.0,0.0,0.0,0.0,0.0,0.0,0.0,0.0,0.0,0.0,0.0,0.0,0.0,0.0,0.0,0.0,0.0,0.0,0.0,0.0,0.0,0.0,0.0,0.0,0.0,0.0,0.0,0.0,0.0,0.0,0.0,0.0,0.0,0.0,0.0,0.0,0.0,0.0,0.0,0.0,0.0,0.0,0.0,0.0,0.0,0.0,0.0,0.0,0.0,0.0,0.0,0.0,0.0,0.0,0.0,0.0,0.0,0.0,0.0,0.0,0.0,0.0,0.0,0.0,0.0,0.0,0.0,0.333333333,0.0,0.0,0.0,0.0,0.0,0.0,0.0,0.0,0.0,0.0,0.0,0.0,0.0,0.0,0.0,0.0,0.0,0.0,0.0,0.0,0.0,0.0,0.0,0.0,0.0,0.0,0.0,0.0,0.0,0.0,0.0,0.0,0.0,0.0,0.0,0.0,0.0,0.0,0.0,0.0,0.0,0.0,0.0,0.0,0.0,0.0,0.0,0.0,0.0,0.0,0.0,0.0,0.0,0.0,0.0,0.0,0.0,0.0,0.0,0.0,0.0,0.0,0.0,0.0,0.0,0.0,0.0,0.0,0.0,0.0,0.0,0.0,0.0,0.0,0.0,0.0,0.0,0.0,0.0,0.0,0.0,0.0,0.0,0.0,0.0,0.0,0.0,0.0,0.0,0.0,0.0,0.0,0.0,0.0,0.0,0.0,0.0,0.0,0.0,0.0,0.0,0.0,0.0,0.0,0.0,0.0,0.666666667,0.0,0.0,0.0,0.0,0.0,0.0,0.0,0.0,0.0,0.0,0.0,0.0,0.0,0.0,0.0,0.0,0.0,0.0,0.0,0.0,0.0,0.0,0.0,0.0,0.0,0.0,0.0,0.0,0.0,0.0,0.0,0.0,0.0,0.0,0.0,0.0,0.0,0.0,0.0,0.0,0.0,0.0,0.0,0.0,0.0,0.0,0.0,0.0,0.0,0.0,0.0,0.0,0.0,0.0,0.0,0.0,0.0,0.0,0.0,0.0,0.0,0.0,0.0,0.0,0.0,0.0,0.0
SRR12478848,0.002168413,7.74e-05,0.0,0.0,2.58e-05,7.74e-05,0.022071351,0.0,0.0,0.0,2.58e-05,0.000826062,0.0,0.0,0.0,0.0,0.0,0.0,5.16e-05,0.002349115,0.000103258,0.0,0.0,0.0,0.000387217,0.0,0.000309773,0.002013527,7.74e-05,0.0,0.000774433,2.58e-05,0.000103258,0.0,0.0,0.134338376,5.16e-05,0.0,0.0,0.000206516,2.58e-05,2.58e-05,0.000129072,2.58e-05,0.0,0.004078682,7.74e-05,0.0,0.0,0.000800248,2.58e-05,0.00487893,0.0,0.0,0.008905984,2.58e-05,0.0,0.0,0.0,2.58e-05,0.0,0.0,2.58e-05,0.0,2.58e-05,0.0,0.004982188,0.007176416,0.0,0.000129072,0.0,0.0,0.000103258,0.0,0.000103258,5.16e-05,0.000490474,0.0,0.0,0.0,0.0,0.0,0.0,0.0,0.01561774,2.58e-05,0.0,0.016340544,0.0,0.0,0.0,2.58e-05,0.001006763,0.0,0.0,2.58e-05,0.000206516,0.0,0.011693944,0.0,0.0,2.58e-05,0.0,0.0,2.58e-05,0.000129072,0.0,0.0,0.0,0.0,0.0,5.16e-05,0.0,5.16e-05,0.0,0.0,0.0,0.000361402,2.58e-05,0.0,0.033971811,0.0,0.0,0.0,0.0,0.0,0.000309773,2.58e-05,0.0,0.000877691,0.0,0.000490474,0.0,2.58e-05,0.0,0.000335588,0.0,0.0,0.0,0.0,0.0,5.16e-05,0.0,0.0,0.0,0.0,0.0,0.0,0.0,0.0,0.0,0.000800248,0.000180701,2.58e-05,0.0,0.00092932,0.0,0.011616501,0.0,0.00046466,5.16e-05,0.0,7.74e-05,0.0,0.0,0.0,0.0,7.74e-05,0.0,7.74e-05,0.0,7.74e-05,0.000567918,0.0,0.001600496,0.0,0.0,0.112086324,0.0,0.0,0.0,0.0,2.58e-05,0.0,0.0,0.0,0.0,0.0,0.0,0.0,7.74e-05,0.547576024,0.002039341,0.000748619,2.58e-05,0.0,2.58e-05,0.0,0.000103258,7.74e-05,0.0,0.000129072,0.0,0.001239093,0.014998193,0.0,0.0,0.0,0.0,0.0,0.003820538,0.0,2.58e-05,0.0,0.000361402,0.0,0.0,0.0,7.74e-05,7.74e-05,5.16e-05,0.000361402,0.003794724,0.0,0.002917032,0.0,2.58e-05,0.000180701,0.0,0.0,0.000903506,0.0,0.0,0.000129072,0.000851877,0.0,5.16e-05,0.000129072,0.0,0.000103258,2.58e-05,0.0,0.0,0.0,0.005627549,0.0,0.0,0.0,0.0,0.0,0.000671176,0.002865403,0.0,0.0,0.0,0.000129072,0.0,0.0,0.0
SRR12478849,0.000858062,7.15e-05,0.000107258,0.0,0.0,3.58e-05,0.001608867,0.0,0.000107258,0.00014301,0.0,0.00014301,3.58e-05,0.0,0.0,0.0,3.58e-05,0.0,3.58e-05,3.58e-05,3.58e-05,0.0,0.0,0.001287093,7.15e-05,0.0,0.000286021,0.000357526,7.15e-05,0.0,3.58e-05,0.006435467,0.000715052,0.0,0.0,0.138684305,0.0,3.58e-05,0.0,0.0,0.000107258,0.0,0.00014301,0.0,0.0,0.0186271,3.58e-05,0.0,0.0,7.15e-05,0.0,0.001394351,0.0,0.0,7.15e-05,0.0,0.0,0.0,0.0,3.58e-05,0.0,0.0,0.0,0.0,0.0,0.000178763,0.006006435,0.002538434,0.0,0.0,0.0,0.0,0.0,0.0,7.15e-05,0.0,0.000750804,0.0,0.0,0.0,3.58e-05,0.0,0.0,0.0,0.020128709,0.0,0.0,0.002395424,0.0,0.0,0.0,0.0,0.000214516,3.58e-05,0.0,0.0,3.58e-05,0.0,0.007829818,0.0,0.0,0.0,0.0,0.0,0.0,0.0,0.0,0.0,0.0,0.0,0.0,0.0,0.0,3.58e-05,0.0,0.0,0.000607794,7.15e-05,0.0,0.0,0.005398641,0.0,0.0,0.0,0.0,0.0,0.000321773,0.000607794,0.0,0.002681444,3.58e-05,0.0,0.0,0.000250268,0.0,0.000107258,0.0,0.0,0.0,0.0,0.0,0.0,0.001251341,0.0,0.0,0.0,0.0,0.0,0.0,0.0,0.0,0.000178763,0.000250268,0.0,0.0,0.00110833,0.0,0.006792992,3.58e-05,0.00014301,7.15e-05,0.0,0.0,0.0,0.0,0.0,0.000429031,0.000107258,0.0,0.000464784,3.58e-05,0.00014301,0.000429031,0.0,0.000214516,0.0,7.15e-05,0.55806221,0.0,0.0,3.58e-05,0.0,0.0,0.000107258,0.0,0.0,0.0,0.0,0.0,3.58e-05,0.0,0.186378262,0.000178763,7.15e-05,0.0,3.58e-05,0.0,7.15e-05,0.0,0.0,0.000286021,0.0,0.0,0.000321773,0.001358598,0.0,0.0,0.0,0.0,0.0,0.002931713,0.0,7.15e-05,3.58e-05,0.0,3.58e-05,0.0,0.0,3.58e-05,0.0,0.0,0.00082231,0.000464784,0.000321773,0.002645692,0.0,0.000214516,0.000286021,0.0,0.0,0.00014301,0.0,0.0,0.0,0.000286021,0.0,0.0,3.58e-05,0.0,0.001894887,0.0,0.0,0.0,0.0,0.002216661,0.0,0.0,0.0,0.0,0.0,0.0,0.0,0.0,3.58e-05,0.0,3.58e-05,0.0,0.0,0.0
SRR12478850,0.005854413,0.000165691,5.52e-05,0.0,0.0,0.0,0.013476196,0.0,0.0,0.000165691,0.000110461,0.000165691,0.0,5.52e-05,5.52e-05,0.0,0.0,0.0,0.000110461,5.52e-05,0.000497073,0.0,0.0,0.000331382,0.000276152,0.0,0.000331382,0.001325527,0.000165691,0.0,5.52e-05,0.0,0.002319673,0.0,0.0,0.173975478,0.0,0.0,0.0,0.000386612,0.000220921,0.0,0.000110461,0.0,0.0,0.014083729,0.0,0.0,0.000110461,5.52e-05,0.000662764,0.000883685,0.0,0.0,0.000110461,0.0,0.0,0.0,0.0,5.52e-05,0.0,0.0,0.0,0.0,0.0,0.0,0.002264443,0.005191649,5.52e-05,0.000276152,0.0,0.0,0.0,0.0,0.0,0.0,0.000386612,0.0,0.0,0.0,0.000276152,0.0,0.0,0.0,0.039489672,0.0,0.0,0.005136419,0.0,0.0,0.0,5.52e-05,0.000110461,0.0,0.0,0.0,0.001215067,0.0,0.007235171,0.0,0.0,0.0,0.0,0.0,0.0,0.000110461,0.0,0.0,0.0,5.52e-05,0.0,0.0,0.0,0.000220921,0.0,0.0,0.000220921,5.52e-05,0.0,0.0,0.008450237,0.0,0.0,0.0,0.0,0.0,0.000331382,0.000662764,0.0,0.0018226,0.0,0.000165691,0.0,0.000165691,0.0,0.000441842,5.52e-05,0.0,0.003037667,0.0,0.0,0.0,0.0,0.0,0.0,0.0,0.0,0.0,0.0,0.0,0.0,0.000110461,0.000220921,0.0,0.0,0.000497073,0.0,0.022147354,0.0,0.000331382,0.0,0.0,0.0,0.0,0.0,0.0,0.0,0.0,0.0,0.000276152,5.52e-05,5.52e-05,0.001325527,0.0,5.52e-05,0.0,0.0,0.026344858,0.0,0.0,5.52e-05,0.0,0.000110461,0.0,0.0,0.0,0.0,0.0,5.52e-05,0.0,0.000110461,0.629404617,0.000331382,0.000552303,0.0,0.0,0.0,0.0,0.0,0.000220921,0.0,0.0,0.0,0.0,0.002982437,0.0,5.52e-05,0.0,0.0,0.0,0.003810891,0.0,0.000276152,0.0,0.000276152,5.52e-05,0.0,0.0,0.0,0.0,0.000717994,0.000331382,0.004694576,0.0,0.002319673,0.0,0.000552303,0.000165691,0.0,0.0,0.000497073,0.0,0.0,0.0,0.001104606,0.0,5.52e-05,0.000165691,0.0,5.52e-05,0.0,0.0,0.0,0.0,0.0,0.0,0.0,0.0,0.0,0.0,0.0,0.003313819,0.0,0.0,0.0,0.000717994,0.0,0.0,0.0
SRR12478851,0.00014077,2.82e-05,5.63e-05,0.0,0.0,0.000563079,5.63e-05,0.0,0.0,0.0,0.0,2.82e-05,0.0,0.0,0.0,0.0,0.0,0.0,2.82e-05,2.82e-05,0.000112616,0.0,0.0,0.0,0.0,0.0,0.0,0.00827726,2.82e-05,0.0,0.000112616,0.0,0.0,0.0,0.0,0.05794082,0.0,0.0,0.0,0.000591233,5.63e-05,0.000112616,0.0,0.0,0.0,0.003631859,2.82e-05,0.0,2.82e-05,5.63e-05,0.0,0.00014077,0.00014077,0.0,5.63e-05,0.0,0.0,0.0,0.0,0.0,0.0,2.82e-05,0.0,0.0,0.0,0.0,0.000394155,0.00335032,0.0,0.0,0.0,0.0,0.0,0.0,0.0,0.0,0.000478617,0.0,0.0,0.0,0.0,0.0,0.0,0.0,0.002308624,0.0,0.0,0.000281539,0.0,0.0,0.0,2.82e-05,0.000112616,0.0,0.0,0.0,2.82e-05,0.0,0.007967567,0.0,0.0,0.0,0.0,0.0,0.0,8.45e-05,0.0,0.000450463,0.0,0.0,0.0,0.0,0.0,0.0,0.0,0.0,0.000450463,2.82e-05,0.0,5.63e-05,0.016779752,0.0,0.0,0.0,0.0,0.0,5.63e-05,2.82e-05,0.0,0.001154312,0.0,0.0,0.0,2.82e-05,0.0,0.0,0.0,0.0,0.0,0.0,0.0,0.0,0.0,0.0,0.0,0.0,0.0,0.0,0.0,0.0,0.0,0.0,8.45e-05,5.63e-05,0.0,0.000957234,0.0,0.002956164,0.0,2.82e-05,0.0,0.0,2.82e-05,0.0,0.0,0.0,0.0,0.0,0.0,8.45e-05,2.82e-05,0.0,2.82e-05,0.0,8.45e-05,0.0,0.0,0.270306033,0.0,0.0,2.82e-05,0.0,0.0,5.63e-05,2.82e-05,0.0,0.0,0.0,2.82e-05,0.0,0.0,0.508826262,0.000309693,5.63e-05,0.0,0.0,0.0,0.0,0.0,5.63e-05,0.0,0.000168924,0.0,2.82e-05,0.000112616,0.0,2.82e-05,0.0,0.0,0.0,0.000422309,0.0,0.0,0.0,5.63e-05,0.0,0.0,0.0,2.82e-05,2.82e-05,0.0,2.82e-05,0.0,0.0,0.000366001,0.0,2.82e-05,0.000112616,0.0,0.0,0.000225232,0.0,0.0,0.0,0.005264788,0.0,2.82e-05,2.82e-05,0.0,2.82e-05,0.0,0.0,0.0,0.0,8.45e-05,0.0,0.0,0.0,0.0,0.0,0.0,0.0,0.0,0.0,0.0,0.0,0.0,0.0,0.0
SRR12478852,0.001610446,0.000174102,0.0,0.0,4.35e-05,0.0,0.005788901,0.0,4.35e-05,0.0,0.0,0.000261153,0.0,0.0,0.0,0.0,0.0,0.0,0.000478781,0.000261153,0.000565832,0.0,0.0,0.005005441,0.002698585,0.0,0.000130577,8.71e-05,0.0,0.000304679,0.000435256,0.000130577,0.002611534,0.0,0.0,0.131708379,0.0,0.0,0.0,4.35e-05,8.71e-05,4.35e-05,4.35e-05,0.0,0.0,0.024983678,0.0,0.0,4.35e-05,0.0,0.002176279,0.002176279,0.0,0.0,8.71e-05,0.0,8.71e-05,0.0,0.0,8.71e-05,0.0,8.71e-05,8.71e-05,0.0,4.35e-05,8.71e-05,0.002306855,0.005136017,4.35e-05,0.00078346,0.0,0.0,0.0,0.0,4.35e-05,8.71e-05,0.000435256,0.0,0.0,0.0,0.000261153,0.0,0.0,0.0,0.044657236,0.0,0.0,0.000174102,0.0,0.0,0.0,8.71e-05,0.0018716,8.71e-05,0.0,4.35e-05,0.000304679,0.0,0.01336235,0.0,0.0,0.0,0.0,0.0,0.0,8.71e-05,0.0,0.000870511,0.0,0.0,0.0,4.35e-05,0.0,0.0,0.0,0.0,0.001915125,0.000304679,4.35e-05,0.0,0.020631121,0.0,0.0,0.0,0.0,0.0,0.000130577,0.000522307,0.0,0.000609358,0.0,0.000130577,0.0,0.0,0.0,0.000652884,0.0,0.0,0.000565832,0.0,4.35e-05,0.0,0.001436344,0.0,0.0,0.0,0.0,0.0,0.0,0.0,0.0,0.000217628,8.71e-05,0.0,0.0,0.001044614,4.35e-05,0.031120783,4.35e-05,4.35e-05,0.006398259,0.0,0.0,0.0,0.000130577,4.35e-05,0.0,8.71e-05,0.0,4.35e-05,0.000217628,0.000261153,0.003351469,0.0,0.000478781,0.0,0.0,0.039173014,0.0,0.0,0.0,0.0,0.000130577,4.35e-05,0.0,0.0,0.0,0.0,0.0,0.00039173,0.0,0.575886834,0.00078346,0.0,0.000174102,0.000130577,4.35e-05,0.0,0.0,8.71e-05,0.0,0.0,0.0,0.000130577,0.005484222,0.0,0.0,0.0,0.0,0.0,0.013971708,0.0,0.000739935,0.0,0.000696409,0.0,0.0,0.0,0.0,0.000130577,0.000130577,0.000696409,0.000696409,0.0,0.030119695,0.0,0.000174102,0.000696409,0.0,0.0,0.000130577,0.0,0.0,0.0,0.00226333,8.71e-05,0.0,8.71e-05,0.0,0.0,0.0,0.0,0.0,0.000130577,0.0,0.0,4.35e-05,0.0,0.0,0.0,8.71e-05,0.0,0.0,0.0,0.0,4.35e-05,0.0,0.0,0.0
SRR12478853,0.002129254,0.000394306,3.94e-05,0.0,3.94e-05,0.004100785,0.000157722,0.0,0.000315445,0.001813809,0.000157722,0.000315445,0.0,7.89e-05,3.94e-05,0.0,0.000157722,0.0,0.003469895,0.0,0.000670321,0.0,0.0,0.001025196,0.011277158,0.0,0.009069043,0.004613383,0.000394306,0.016836876,0.003864201,7.89e-05,0.008793029,0.0,0.0,0.139308387,0.000236584,0.0,0.0,0.001064627,0.000276014,3.94e-05,0.0,0.0,0.0,0.015693387,0.000118292,3.94e-05,0.000315445,0.003115019,0.001182919,0.001695517,0.0,0.0,0.007570679,0.000236584,0.0,0.000118292,0.0,0.000788612,0.0,3.94e-05,0.000118292,0.0,0.0,0.000118292,0.002681282,0.024683569,0.0,0.000433737,0.0,0.0,0.0,0.0,0.001971531,0.000157722,0.001301211,0.0,0.0,0.0,0.000433737,0.0,0.0,0.000157722,0.076653129,0.0,0.0,0.021134813,0.0,0.0,0.0,0.000197153,0.001182919,0.0,0.0,0.0,0.003391033,0.0,0.010370254,0.0,0.0,0.0,0.0,3.94e-05,3.94e-05,0.000433737,0.0,3.94e-05,0.0,0.0,0.0,0.000197153,7.89e-05,7.89e-05,3.94e-05,0.0,0.000867474,0.000394306,0.0,3.94e-05,0.009226766,0.0,0.0,0.0,3.94e-05,0.0,0.001774378,3.94e-05,0.0,0.004810536,3.94e-05,0.000354876,0.0,0.001695517,0.0,0.000906904,0.0,0.0,0.00441623,0.0,0.0,7.89e-05,0.0,0.0,0.0,0.0,0.0,3.94e-05,3.94e-05,0.0,0.0,0.000788612,0.000394306,3.94e-05,0.0,0.001143488,0.000157722,0.061354048,7.89e-05,0.00063089,0.004849966,0.0,0.0,0.0,3.94e-05,3.94e-05,0.0,0.000709751,0.0,0.000591459,0.000315445,3.94e-05,0.00126178,0.0,0.000394306,0.0,3.94e-05,0.415441032,0.000118292,0.0,0.0,0.0,0.000118292,0.0,3.94e-05,0.0,0.0,0.0,3.94e-05,0.0,0.0,0.01139545,0.002286976,0.003864201,0.0,0.000315445,0.000236584,7.89e-05,0.000118292,0.000157722,3.94e-05,0.000118292,0.0,0.000591459,0.018256378,0.0,0.0,0.0,0.0,0.0,0.024801861,0.0,0.000788612,3.94e-05,0.000236584,3.94e-05,7.89e-05,0.0,0.000157722,0.00126178,7.89e-05,0.005480856,0.002089823,0.001340641,0.002878435,0.0,0.000946335,0.000315445,0.0,0.0,0.000788612,0.0,0.0,0.000236584,0.001222349,0.0,0.000118292,0.001498364,0.0,0.000118292,0.0,0.0,0.0,0.0,0.009147904,3.94e-05,0.0,0.0,0.0,0.0,3.94e-05,0.000433737,0.0,7.89e-05,0.0,0.000276014,0.0,0.0,0.0
SRR12478854,0.0,0.0,0.0,0.0,0.000563134,6.26e-05,0.001501689,0.0,0.0,0.0,0.0,6.26e-05,0.0,0.0,0.000125141,0.0,0.0,0.0,0.0,0.0,0.0,0.0,0.0,6.26e-05,0.0,0.0,0.0,0.005381054,0.000250282,0.0,0.0,0.0,0.0,0.0,0.0,0.054999374,0.0,0.0,0.0,0.0,0.000125141,0.0,6.26e-05,0.0,0.0,0.021461644,0.0,0.0,0.0,6.26e-05,0.0,0.000375422,0.0,0.0,0.004254787,0.0,0.0,0.0,0.0,0.0,0.0,0.0,0.0,0.0,6.26e-05,0.0,0.000187711,0.001001126,0.005506194,0.0,0.0,0.0,0.0,0.0,0.002753097,0.0,0.000813415,0.0,0.0,0.0,6.26e-05,0.0,0.0,0.0,0.000250282,0.0,0.0,0.000375422,0.0,0.0,0.0,0.0,0.000125141,6.26e-05,0.0,0.0,6.26e-05,0.0,0.010011263,0.0,0.0,0.0,0.0,0.0,0.0,0.000688274,0.0,0.000437993,0.0,0.0,0.0,0.0,0.0,0.000187711,0.0,0.0,0.0,0.0,6.26e-05,0.000187711,6.26e-05,6.26e-05,0.0,0.0,0.0,0.0,0.000250282,0.006006758,0.0,0.001751971,0.0,6.26e-05,0.0,0.000125141,0.0,0.0,0.0,0.0,0.0,0.0,0.0,0.0,0.0,0.0,6.26e-05,0.0,0.0,0.0,0.0,0.0,0.0,6.26e-05,0.0,0.0,0.0,0.000125141,6.26e-05,6.26e-05,0.0,0.000625704,0.000125141,0.0,0.0,0.0,0.0,6.26e-05,0.0,0.0,0.0,0.000250282,0.0,0.016831435,0.0,0.0,0.000187711,0.0,0.0,0.223939432,0.0,0.0,0.0,0.0,0.0,0.0,0.0,0.0,0.0,0.0,0.0,0.000250282,0.0,0.61656864,0.000125141,0.0,0.0,0.0,0.0,0.0,0.0,0.000500563,0.0,0.0,0.0,6.26e-05,6.26e-05,0.0,0.0,0.0,0.0,0.0,0.002753097,0.0,0.0,0.0,6.26e-05,0.0,6.26e-05,0.0,0.0,0.0,0.0,0.0,6.26e-05,0.0,0.001439119,0.0,0.0,0.000250282,0.0,0.0,0.000437993,0.0,0.0,0.0,0.001439119,0.0,6.26e-05,6.26e-05,0.0,0.0,0.0,0.0,0.0,6.26e-05,0.000125141,0.0,0.0,0.0,0.0,0.0,0.000187711,0.0,0.0,0.0,0.0,6.26e-05,0.0,0.0,0.0
SRR12478855,0.000925181,4.02e-05,0.0,4.02e-05,0.0,0.001086082,0.025905068,0.0,0.000160901,0.0,0.0,0.000321802,0.0,0.0,8.05e-05,0.0,4.02e-05,0.0,0.001045857,4.02e-05,0.000683829,0.0,0.0,0.001971038,0.001005632,0.0,0.000160901,0.013032985,0.000120676,0.0,0.000402253,0.0,0.008366854,0.0,0.0,0.269388576,4.02e-05,0.0,0.0,0.003218021,4.02e-05,0.0,0.000241352,0.0,0.0,0.00237329,0.0,0.0,0.0,0.003781175,0.003660499,0.007320998,0.0,0.0,0.000563154,0.0,0.0,0.0,0.0,0.000160901,0.0,8.05e-05,0.0,0.0,0.0,8.05e-05,0.00160901,0.008205953,0.0,0.000724055,0.0,0.0,0.0,0.0,0.022606597,0.0,0.000804505,0.0,0.0,0.0,4.02e-05,0.0,0.0,0.0,0.055510861,4.02e-05,0.0,0.012630732,0.0,0.0,0.0,8.05e-05,0.00076428,0.0,0.0,0.0,4.02e-05,4.02e-05,0.008125503,0.0,0.0,0.0,0.0,0.0,4.02e-05,0.0,0.0,0.0,0.000522928,0.0,0.0,4.02e-05,8.05e-05,4.02e-05,0.0,0.0,0.000402253,0.000241352,0.0,0.0,0.028761062,0.0,0.0,0.0,0.0,0.0,0.000281577,4.02e-05,0.0,0.00076428,0.0,8.05e-05,0.0,0.000281577,0.0,8.05e-05,0.0,0.0,0.002453741,0.0,0.0,0.0,4.02e-05,0.0,0.0,0.0,0.0,0.0,0.0,0.0,0.0,0.002896219,0.000120676,4.02e-05,0.0,0.000643604,4.02e-05,0.024296058,0.0,0.000201126,0.0,0.0,0.0,0.0,0.0,0.0,0.0,0.000160901,0.0,0.0,0.000160901,0.005752212,0.001930813,0.0,0.000683829,0.0,0.0,0.342196299,0.0,0.0,4.02e-05,0.0,0.000402253,0.0,0.0,0.0,0.0,0.0,0.0,0.0,0.0,0.040225261,0.005108608,0.00229284,0.0,0.0,8.05e-05,0.0,0.0,0.000402253,0.0,8.05e-05,0.0,0.001005632,0.000362027,0.0,4.02e-05,0.0,0.0,0.0,0.00840708,0.0,0.000120676,0.0,8.05e-05,4.02e-05,0.0,0.0,0.0,0.0,4.02e-05,0.000563154,0.002091714,0.000160901,0.04915527,0.0,8.05e-05,0.000563154,0.0,0.0,0.000362027,0.0,0.0,4.02e-05,0.00687852,0.0,0.000120676,0.000321802,0.0,4.02e-05,0.0,0.0,0.0,0.0,0.005470636,0.000241352,4.02e-05,0.0,0.0,0.0,0.000925181,0.0,0.0,4.02e-05,0.0,4.02e-05,0.0,0.0,0.0
SRR12478856,0.002493766,0.000293384,0.000146692,0.0,0.000293384,0.0,0.008068065,0.0,0.000806807,0.000220038,0.0,0.000293384,7.33e-05,0.000220038,0.0,0.0,7.33e-05,0.0,0.00073346,0.0,0.000513422,0.0,0.0,0.003080534,0.009241602,0.0,0.000586768,0.001540267,0.000293384,0.0,0.003007188,0.000293384,0.00242042,0.0,0.0,0.151752971,0.0,0.0,0.0,7.33e-05,7.33e-05,0.00036673,0.000220038,0.0,0.0,0.012542174,0.0,0.000440076,7.33e-05,0.0,0.0,0.003667302,0.0,0.0,0.000513422,0.0,0.0,0.0,0.0,0.000513422,0.0,0.087868564,0.0,0.0,0.0,0.0,0.000806807,0.023324043,0.0,0.000660114,0.0,0.0,0.0,0.0,0.000146692,7.33e-05,0.00073346,0.0,0.0,0.0,0.000146692,0.0,0.0,0.000146692,0.017823089,7.33e-05,0.0,0.00278715,0.0,0.0,0.0,7.33e-05,0.000660114,0.000220038,0.0,0.000146692,0.001026845,0.0,0.003740648,0.000146692,0.0,0.0,7.33e-05,0.0,0.0,0.000513422,0.0,0.0,0.0,0.0,7.33e-05,0.0,0.0,7.33e-05,0.0,0.0,0.006601144,0.0,0.000293384,0.0,0.026697961,0.0,0.0,0.0,0.0,0.0,0.009241602,0.000440076,0.0,0.004547455,7.33e-05,0.000806807,0.0,7.33e-05,0.0,0.000293384,0.0,0.0,0.002713804,0.0,7.33e-05,0.0,0.000513422,0.0,0.0,0.0,0.0,0.0,0.0,0.0,0.0,0.000146692,0.000513422,7.33e-05,0.0,0.001026845,0.000220038,0.120434209,0.000146692,0.00036673,0.000146692,7.33e-05,0.000513422,0.0,0.0,7.33e-05,0.0,0.000440076,0.0,0.000440076,0.000220038,0.003007188,0.000586768,0.0,0.000146692,0.0,0.0,0.015109286,0.0,0.0,0.0,0.0,0.0,7.33e-05,7.33e-05,0.0,0.0,0.0,0.0,7.33e-05,7.33e-05,0.416312161,0.00073346,0.000220038,0.0,0.000293384,0.000440076,0.0,0.000146692,0.000440076,0.0,0.0,0.0,7.33e-05,0.001246883,0.0,0.0,0.0,0.0,0.0,0.007627989,0.0,0.00315388,0.0,0.00073346,0.0,7.33e-05,0.0,0.0,7.33e-05,0.000586768,0.001613613,0.000146692,0.000880153,0.002567112,0.0,0.001833651,0.000440076,0.0,0.0,0.00036673,0.0,0.000146692,0.0,0.012028752,0.0,0.0,0.0,0.000660114,0.0,7.33e-05,0.0,0.0,0.0,0.0,0.0,0.0,0.0,7.33e-05,0.0,0.0,0.000586768,0.0,0.000146692,0.0,0.001393575,0.0,0.0,0.0
SRR12478857,0.002534607,0.001072334,0.00038994,0.0,0.000292455,9.75e-05,0.00038994,0.0,0.000292455,0.000487424,0.00019497,0.002534607,0.0,0.000877364,0.0,0.0,9.75e-05,0.0,0.000779879,0.00038994,9.75e-05,0.0,0.0,0.002924547,0.005946578,0.0,0.000292455,0.005264184,9.75e-05,9.75e-05,0.000877364,0.0,0.003119516,9.75e-05,0.0,0.172060831,9.75e-05,0.0,0.0,0.000974849,0.00019497,0.00038994,0.000292455,0.0,0.0,0.046890232,9.75e-05,0.0,0.0,0.000292455,9.75e-05,0.003119516,0.0,0.0,9.75e-05,0.0,9.75e-05,0.0,0.0,0.000292455,0.0,0.000292455,0.00038994,0.0,0.0,0.000682394,0.009456034,0.00916358,9.75e-05,0.001949698,0.0,0.0,0.0,0.0,0.000292455,0.000292455,0.002924547,0.0,0.0,0.0,0.001462273,0.0,0.0,0.000292455,0.100409437,9.75e-05,0.0,0.001559758,0.0,0.0,0.0,0.000292455,0.002729577,0.000292455,0.0,0.0,0.010040944,9.75e-05,0.013940339,0.0,0.0,0.0,9.75e-05,0.0,0.0,0.001169819,0.0,0.000877364,0.0,0.0,0.0,9.75e-05,0.0,9.75e-05,0.0,0.0,0.00038994,0.00038994,9.75e-05,0.0,0.033827257,9.75e-05,0.0,0.0,0.0,0.0,0.003119516,9.75e-05,0.0,0.007896276,0.0,0.001364788,0.0,0.000292455,0.0,0.000584909,0.0,0.0,0.002632092,0.0,0.000292455,0.0,0.012380581,0.0,0.0,0.0,0.0,0.0,0.000487424,0.0,0.0,0.000292455,0.000487424,0.0,0.0,0.002924547,9.75e-05,0.043088321,0.00038994,0.000584909,9.75e-05,0.0,0.0,0.0,0.0,0.0,0.0,9.75e-05,0.0,0.000779879,0.000584909,9.75e-05,0.001949698,0.0,0.001364788,0.0,0.00019497,0.02173913,0.0,0.0,9.75e-05,0.0,0.000292455,0.00019497,0.0,0.0,0.0,0.0,0.0,0.000877364,0.0,0.336810294,0.00019497,0.00019497,0.000682394,0.004971729,9.75e-05,0.0,0.0,0.000877364,0.0,0.00019497,0.0,0.008188731,0.002924547,0.0,0.00019497,0.0,0.0,0.0,0.023103919,0.0,0.000682394,0.000292455,0.001852213,0.0,0.0,0.0,0.000292455,0.000292455,0.000292455,0.002339637,0.023201404,0.00019497,0.007896276,0.00019497,0.000974849,0.001462273,0.0,0.0,0.000877364,0.0,0.00038994,0.00019497,0.013940339,0.00019497,0.0,0.0,0.0,9.75e-05,9.75e-05,0.0,0.0,0.0,0.0,0.0,9.75e-05,0.0,0.0,0.0,9.75e-05,0.000974849,0.0,9.75e-05,0.0,9.75e-05,0.0,0.0,0.0
SRR12478858,0.002717118,5.03e-05,5.03e-05,0.0,5.03e-05,0.000100634,0.010465935,0.0,0.0,5.03e-05,5.03e-05,0.0,0.0,0.0,0.0,0.0,0.0,0.0,0.000100634,0.000301902,5.03e-05,0.0,0.0,0.000201268,0.000553487,0.0,0.000251585,0.000251585,0.0,0.0,0.000704438,0.0,0.0,0.0,0.0,0.044882761,0.0,0.0,0.0,5.03e-05,0.0,0.0,0.0,0.0,0.0,0.00150951,0.0,0.0,0.0,0.000251585,0.0,0.000452853,0.0,0.0,0.0,0.0,0.000201268,0.0,0.0,5.03e-05,0.0,0.0,5.03e-05,0.0,0.0,0.0,0.00553487,0.000603804,0.0,5.03e-05,0.0,0.0,0.0,0.0,5.03e-05,0.0,0.00050317,0.0,0.0,0.0,0.000100634,0.0,0.0,0.0,0.014793197,0.0,0.0,0.001610144,0.0,0.0,0.0,0.0,0.0,0.000201268,0.0,0.0,5.03e-05,0.0,0.00301902,0.0,0.0,0.0,0.0,0.0,0.0,0.000150951,0.0,0.0,0.0,0.0,0.0,0.0,0.0,0.0,0.0,0.0,0.000402536,0.0,0.0,0.0,0.002364899,0.001559827,0.0,0.0,0.0,0.0,0.000301902,5.03e-05,0.0,0.000251585,0.0,0.0,0.0,0.0,0.0,0.000100634,0.0,0.0,0.000100634,0.0,0.0,5.03e-05,0.0,0.0,0.0,0.0,0.0,0.0,0.0,0.0,0.0,0.001106974,0.0,0.0,0.0,0.000201268,0.0,0.004981383,0.0,0.000150951,0.0,0.0,0.0,0.0,0.0,0.0,0.0,5.03e-05,0.0,5.03e-05,5.03e-05,0.0,0.000150951,0.0,0.000150951,0.0,5.03e-05,0.014591929,0.0,0.0,0.0,0.0,5.03e-05,0.0,0.0,0.0,0.0,0.0,0.0,5.03e-05,0.0,0.867263762,0.000150951,0.000100634,0.0,0.0,0.0,0.0,0.0,5.03e-05,0.0,0.0,0.0,5.03e-05,0.002666801,0.0,0.0,0.0,0.0,0.0,0.002314582,0.0,0.0,0.0,0.000100634,0.0,0.0,0.0,0.0,0.0,0.000150951,0.000100634,0.005132334,0.0,0.001257925,0.0,0.000100634,0.000452853,0.0,0.0,5.03e-05,0.0,0.0,0.000100634,0.000352219,0.0,0.0,0.0,0.0,0.0,0.0,0.0,0.0,0.0,0.001157291,0.0,0.0,5.03e-05,0.0,0.0,5.03e-05,0.000100634,0.0,0.0,0.0,5.03e-05,0.0,0.0,0.0
SRR12478859,0.003119189,0.000419891,6e-05,0.0,0.000179953,0.0,0.000419891,0.0,0.000419891,0.0,0.000239938,0.000299922,6e-05,6e-05,0.0,0.0,0.0,0.000119969,0.000659828,0.0,0.000419891,0.0,0.0,0.008817707,0.002339392,0.0,0.000239938,0.001019735,0.000179953,0.0,0.000479875,0.000299922,0.018355228,6e-05,0.0,0.270649631,0.0,0.0,0.0,0.000179953,0.000119969,0.000119969,0.000299922,0.0,0.0,0.042828864,0.0,0.0,0.000119969,0.032451563,0.0,0.007678004,6e-05,0.0,0.00149961,0.0,0.0,0.0,0.0,0.000299922,0.0,0.0,0.000239938,0.0,0.0,0.000119969,0.002219423,0.021534401,0.000179953,0.000239938,0.0,0.0,0.0,0.0,0.0,0.0,0.001859517,0.0,0.0,0.0,6e-05,0.0,0.0,6e-05,0.130406094,6e-05,0.0,0.022374183,0.0,0.0,0.0,0.0,0.000299922,0.0,0.0,0.0,0.011397037,0.0,0.01007738,6e-05,0.0,6e-05,0.0,0.0,0.0,6e-05,0.0,0.0,0.0,0.0,0.0,0.000119969,0.0,0.0,0.000179953,0.0,0.00149961,0.001619579,0.000239938,0.0,0.049427149,0.0,0.0,0.0,6e-05,0.0,0.006238378,0.001739548,0.0,0.002459361,0.000359906,0.0,0.0,0.000239938,0.0,0.000599844,0.0,0.0,0.002099454,0.0,0.0,0.0,6e-05,0.0,0.0,0.0,0.0,0.0,0.0,0.0,0.0,0.000839782,0.000239938,0.0,0.0,0.003419111,0.0,0.050446884,6e-05,0.000239938,0.0,6e-05,0.0,0.0,0.0,0.0,0.0,0.001679563,0.0,0.000299922,0.000299922,0.000299922,0.003179173,0.0,0.000239938,0.0,0.0,0.202567332,0.0,0.0,0.0,0.0,0.000119969,6e-05,0.0,0.0,0.0,0.0,0.0,0.0,0.000839782,0.005818487,0.004738768,0.000599844,0.0,0.000119969,0.000179953,6e-05,0.0,0.000419891,0.0,0.0,0.0,0.003898986,0.006778238,0.0,0.000119969,0.0,0.0,0.0,0.029632296,0.0,0.0,0.0,0.000119969,0.0,6e-05,0.0,0.0,0.0,0.000119969,0.001979485,0.000419891,0.0,0.003179173,0.0,6e-05,0.001139704,0.0,0.0,0.000419891,0.0,6e-05,0.000119969,0.007678004,0.0,0.000119969,0.0,0.0,0.000179953,0.0,0.0,0.0,0.0,6e-05,0.0,6e-05,0.0,0.000239938,0.0,0.0,0.000119969,0.0,0.000239938,0.0,0.000359906,0.0,0.0,0.0
SRR12478860,0.000536193,5.96e-05,2.98e-05,0.0,0.000148943,0.00020852,0.002025618,0.0,0.0,2.98e-05,2.98e-05,8.94e-05,0.0,8.94e-05,0.0,0.0,2.98e-05,0.0,0.000148943,0.001668156,0.000148943,0.0,0.0,0.0,0.001042598,0.0,0.000178731,0.001519214,0.000119154,5.96e-05,0.000506405,0.00974084,0.002621388,0.0,0.0,0.186714328,5.96e-05,0.0,0.0,0.000357462,0.000178731,2.98e-05,0.000357462,0.0,0.0,0.021090259,5.96e-05,2.98e-05,0.0,0.00020852,0.00020852,0.002859696,0.0,0.0,0.001251117,0.0,5.96e-05,0.0,0.0,0.000148943,0.0,8.94e-05,5.96e-05,0.0,0.0,2.98e-05,0.003842717,0.004349121,0.0,5.96e-05,0.0,0.0,0.000119154,0.0,0.000953232,0.0,0.00020852,0.0,0.0,0.0,2.98e-05,0.0,0.0,0.0,0.015609175,0.0,0.0,0.038844206,0.0,0.0,0.0,2.98e-05,0.000714924,8.94e-05,0.0,0.0,0.000178731,0.0,0.00655347,2.98e-05,0.0,0.0,0.0,0.0,0.0,0.000268097,0.0,0.000327674,0.0,0.0,0.0,0.0,0.0,0.0,0.0,0.0,0.001072386,0.00080429,2.98e-05,0.0,0.004915103,0.0,0.0,0.0,0.0,0.0,0.001936253,0.000297885,0.0,0.003485255,0.0,0.000685136,0.0,0.001161752,0.0,0.000387251,0.0,0.0,0.007864164,5.96e-05,2.98e-05,2.98e-05,2.98e-05,0.0,0.0,0.0,0.0,0.0,0.0,0.0,0.0,0.01391123,0.000565982,0.0,0.0,0.002532023,5.96e-05,0.024307417,0.0,0.000297885,0.011289842,0.0,2.98e-05,0.0,0.0,0.0,0.0,0.000119154,0.0,0.000357462,0.00020852,0.000178731,0.000178731,0.0,0.000714924,0.0,2.98e-05,0.334703604,0.0,0.0,0.0,0.0,0.0,2.98e-05,2.98e-05,0.0,0.0,0.0,2.98e-05,2.98e-05,0.0,0.173041406,0.013285672,0.0,0.0,0.000268097,2.98e-05,5.96e-05,0.0,2.98e-05,0.000238308,0.000178731,0.0,0.008221626,0.019034853,0.0,0.0,0.0,0.0,0.0,0.003425678,0.0,0.00020852,0.0,0.000238308,0.0,0.0,0.0,8.94e-05,2.98e-05,0.013672922,0.001459637,0.002025618,0.0,0.005600238,2.98e-05,0.000714924,0.000119154,0.0,0.0,0.000297885,0.0,0.0,2.98e-05,0.006285374,0.0,8.94e-05,8.94e-05,0.0,0.00199583,0.0,0.0,0.0,0.0,0.003455466,2.98e-05,5.96e-05,5.96e-05,2.98e-05,0.0,5.96e-05,0.001310694,0.0,0.0,0.0,0.000148943,0.0,0.0,0.0
SRR12478861,0.009898737,0.000227557,0.0,0.0,0.0,0.0,0.000113779,0.0,0.000113779,0.0,0.0,0.000227557,0.0,0.000113779,0.0,0.0,0.0,0.0,0.0,0.0,0.0,0.0,0.0,0.001024007,0.000455114,0.0,0.000227557,0.000113779,0.0,0.000113779,0.0,0.000113779,0.000113779,0.0,0.0,0.125156446,0.0,0.0,0.0,0.0,0.000113779,0.000113779,0.0,0.0,0.0,0.04505632,0.000113779,0.0,0.0,0.000227557,0.0,0.002730686,0.0,0.0,0.001024007,0.0,0.000113779,0.0,0.0,0.000341336,0.0,0.0,0.0,0.0,0.0,0.0,0.007964501,0.001479122,0.0,0.0,0.0,0.0,0.0,0.0,0.000113779,0.0,0.000227557,0.0,0.0,0.0,0.000113779,0.0,0.0,0.0,0.01365343,0.0,0.0,0.001024007,0.0,0.0,0.0,0.000113779,0.0,0.000227557,0.0,0.0,0.0015929,0.0,0.006030265,0.0,0.0,0.0,0.0,0.0,0.0,0.000113779,0.0,0.0,0.0,0.0,0.0,0.0,0.0,0.0,0.0,0.0,0.0031858,0.0,0.0,0.0,0.003413358,0.0,0.0,0.0,0.0,0.0,0.000227557,0.000113779,0.0,0.00079645,0.0,0.0,0.0,0.0,0.0,0.000113779,0.0,0.0,0.000682672,0.0,0.0,0.0,0.0,0.0,0.0,0.0,0.0,0.0,0.0,0.0,0.0,0.0,0.000341336,0.0,0.0,0.002275572,0.0,0.009329844,0.0,0.000568893,0.0,0.0,0.000568893,0.0,0.0,0.000113779,0.0,0.000341336,0.0,0.000113779,0.000227557,0.0,0.001365343,0.0,0.0,0.0,0.0,0.028103311,0.0,0.0,0.0,0.0,0.000682672,0.0,0.0,0.0,0.0,0.0,0.0,0.0,0.0,0.687564,0.00238935,0.000341336,0.0,0.0,0.0,0.0,0.0,0.000113779,0.0,0.0,0.0,0.000113779,0.0,0.0,0.0,0.0,0.0,0.0,0.002503129,0.0,0.0,0.0,0.0,0.0,0.0,0.0,0.0,0.0,0.027420639,0.0,0.000455114,0.0,0.002275572,0.0,0.000682672,0.0,0.0,0.0,0.000227557,0.0,0.0,0.0,0.001024007,0.0,0.0,0.001024007,0.0,0.0,0.0,0.0,0.0,0.0,0.0,0.0,0.0,0.0,0.0,0.0,0.000682672,0.0,0.0,0.0,0.0,0.0,0.0,0.0,0.0
SRR12478862,0.000498225,0.000124556,6.23e-05,0.0,6.23e-05,0.0,0.003985801,0.0,0.000249113,0.000186834,0.0,0.001121006,0.0,0.000124556,0.0,0.0,0.0,0.0,6.23e-05,0.000249113,0.001370119,0.0,0.0,0.000560503,0.0019929,0.0,0.003363019,0.001806066,0.000124556,0.254157065,0.000498225,0.0,0.001307841,0.0,0.0,0.027277823,0.0,6.23e-05,0.0,0.006476926,0.001307841,6.23e-05,0.001245563,0.0,0.0,0.007535654,0.000498225,0.005729588,0.000124556,0.000311391,6.23e-05,6.23e-05,0.0,0.0,0.000249113,0.0,0.0,0.0,0.0,0.0,0.0,0.028585664,6.23e-05,0.0,0.0,0.0,0.000186834,0.002304291,0.0,6.23e-05,0.0,0.0,0.0,0.0,0.000622781,0.0,0.000498225,0.0,0.0,0.0,0.0,0.0,0.0,0.0,0.002366569,0.0,0.0,0.000186834,0.0,0.0,0.0,6.23e-05,0.000186834,0.0,0.0,6.23e-05,0.001121006,6.23e-05,0.000622781,0.0,0.0,0.0,0.0,0.0,0.0,0.001245563,0.0,0.0,0.0,0.0,0.0,0.0,0.0,0.0,0.0,0.0,0.001432397,0.0,0.0,0.0,0.004359469,0.000498225,0.0,0.0,0.0,0.0,0.000498225,0.000747338,0.0,0.013078408,0.0,0.000124556,0.0,0.0,0.0,0.000249113,0.0,0.0,0.001307841,0.0,0.0,6.23e-05,0.000622781,0.0,0.0,0.0,0.0,0.0,0.0,0.0,0.0,0.000124556,0.002304291,0.000249113,0.0,0.000373669,6.23e-05,0.023727969,6.23e-05,0.00099645,0.000747338,0.0,0.000124556,0.0,6.23e-05,6.23e-05,0.0,0.0,0.0,0.001619231,0.000124556,0.000373669,0.0,0.0,0.0,0.0,0.0,0.458242511,0.0,0.0,0.0,0.0,0.0,0.000622781,0.0,0.0,0.0,0.0,0.0,6.23e-05,0.0,0.057171327,0.000560503,0.000124556,0.0,0.00099645,0.0,0.000186834,0.0,6.23e-05,0.0,0.0,0.0,0.0,0.0,0.0,0.0,0.0,0.0,0.0,0.045089369,0.0,0.000249113,0.0,0.000124556,0.000124556,6.23e-05,0.0,0.000124556,0.0,0.0,0.002055178,0.000186834,0.000622781,0.000249113,0.0,0.000934172,0.000373669,0.0,0.0,0.001121006,0.0,0.000124556,0.0,0.003923522,0.0,0.000124556,0.0,0.0,0.000498225,0.0,0.0,0.0,0.0,0.0,0.0,6.23e-05,0.0,0.0,0.0,0.0,0.0,0.0,0.000186834,0.000124556,6.23e-05,0.0,0.0,0.0
SRR12478863,0.006970159,0.000108909,0.0,0.0,0.0,0.000108909,0.0,0.0,0.000217817,5.45e-05,0.0,0.000217817,0.0,0.0,0.0,0.0,0.0,0.0,5.45e-05,0.000435635,0.0,0.0,0.0,0.003321716,0.000272272,0.0,0.001633631,0.00125245,0.0,0.0,0.000217817,0.000490089,5.45e-05,0.0,0.0,0.085003267,0.0,0.0,0.0,0.0,5.45e-05,0.0,0.000108909,0.0,0.0,0.020638205,5.45e-05,0.0,0.0,0.000490089,0.0,0.013613592,0.0,0.0,0.000490089,0.0,5.45e-05,0.0,0.0,5.45e-05,0.0,5.45e-05,0.000108909,0.0,5.45e-05,0.000326726,0.015900675,0.001851448,0.0,0.000108909,0.0,0.0,0.0,0.0,5.45e-05,0.0,0.000217817,0.0,0.0,0.0,5.45e-05,0.0,0.0,0.0,0.018405576,0.0,0.0,0.000598998,0.0,0.0,0.0,0.0,0.000653452,5.45e-05,0.0,0.0,0.000108909,5.45e-05,0.004138532,0.0,0.0,0.0,0.0,0.000108909,0.0,0.0,0.0,0.0,0.0,0.0,0.000163363,0.0,0.0,0.0,0.0,0.0,0.000381181,5.45e-05,0.0,0.0,0.004192986,0.0,0.0,0.0,0.0,0.0,0.000108909,0.002559355,0.0,0.001197996,0.0,0.000381181,0.0,0.0,0.0,5.45e-05,0.0,0.0,0.000272272,0.0,5.45e-05,0.0,0.00174254,0.0,0.0,0.0,0.0,0.0,5.45e-05,0.0,0.000108909,0.01208887,0.000163363,0.0,0.0,0.000272272,0.0,0.009039425,0.0,0.000163363,5.45e-05,0.0,0.0,0.0,0.000163363,0.0,5.45e-05,0.000108909,0.0,0.000108909,0.0,0.0,0.000435635,0.0,0.000217817,0.0,0.0,0.038009148,0.0,0.0,0.0,0.0,0.0,5.45e-05,5.45e-05,0.0,0.0,0.0,0.0,0.000326726,5.45e-05,0.729035069,0.000217817,0.0,5.45e-05,0.000435635,5.45e-05,0.0,0.0,0.000163363,0.0,0.0,0.0,0.001524722,0.0,0.0,0.0,0.0,0.0,0.0,0.00473753,0.0,5.45e-05,0.0,0.000326726,5.45e-05,5.45e-05,0.0,5.45e-05,0.0,0.0,0.000762361,0.003212808,5.45e-05,0.001415814,0.0,5.45e-05,5.45e-05,0.0,0.0,0.000272272,0.0,5.45e-05,0.0,0.000762361,0.0,0.0,0.000381181,0.000326726,0.0,0.0,0.0,0.0,0.0,0.001361359,0.0,0.0,5.45e-05,0.0,0.0,0.001143542,0.001089087,0.0,5.45e-05,0.0,5.45e-05,0.0,0.0,0.0
SRR12478864,0.000117151,0.000351453,5.86e-05,0.0,0.0,0.0,0.011773664,0.0,0.0,0.0,0.0,0.000995783,0.0,0.000702905,0.0,0.0,0.0,0.0,0.000761481,0.000351453,5.86e-05,0.0,0.0,0.01710403,0.0,0.0,0.000234302,0.001640112,0.001054358,0.000175726,5.86e-05,0.000468604,5.86e-05,5.86e-05,0.0,0.050433458,5.86e-05,5.86e-05,0.0,0.000117151,0.002460169,0.0,0.003514527,0.0,0.0,0.000292877,0.000175726,0.000117151,0.0,0.000175726,5.86e-05,0.028643393,0.0,0.0,0.0,0.0,0.0,0.0,0.0,0.0,0.0,0.0,0.0,0.0,0.0,0.000585754,0.000351453,0.108305998,0.0,5.86e-05,0.0,0.0,5.86e-05,0.0,0.0,5.86e-05,0.001874414,0.0,0.0,0.0,0.000175726,0.0,0.0,0.0,0.001991565,0.0,0.0,0.0,0.0,0.0,0.0,0.000234302,5.86e-05,0.0,0.0,5.86e-05,0.0,0.0,0.011363636,0.0,0.0,0.0,0.0,0.0,0.0,0.001347235,0.0,0.000351453,0.0,0.0,0.0,0.0,0.0,0.000292877,0.0,0.0,0.0,0.000234302,0.0,0.0,0.000820056,5.86e-05,0.0,0.0,0.0,0.0,5.86e-05,0.024543112,0.0,0.046391753,0.0,0.000117151,0.0,0.000117151,0.0,0.000175726,0.0,0.0,0.000175726,0.00849344,0.0,0.0,0.000585754,0.0,0.0,5.86e-05,0.0,0.0,0.0,0.0,0.0,0.000585754,0.004920337,0.000468604,0.0,0.000117151,5.86e-05,0.060274133,0.0,0.000937207,0.0,0.0,0.0,0.0,0.0,0.0,0.0,0.000175726,0.0,0.003865979,0.0,0.001112933,0.0,0.0,0.000175726,0.0,5.86e-05,0.065955951,0.0,0.0,0.0,0.0,5.86e-05,0.001640112,0.0,0.0,0.0,0.0,0.0,5.86e-05,0.0,0.196286317,0.0,0.0,0.0,0.000410028,0.000117151,0.0,0.0,0.0,0.0,0.0,0.0,0.000234302,0.0,0.0,0.239280694,0.0,0.0,0.0,0.00193299,0.0,0.001112933,5.86e-05,0.000175726,0.000702905,0.000234302,0.0,5.86e-05,0.0,0.000117151,0.002225867,0.000234302,0.0,0.000410028,0.0,0.000468604,0.000117151,0.0,0.000117151,0.000937207,0.0,0.0,0.000410028,5.86e-05,0.0,0.0,0.000117151,0.0,0.0,0.005330366,0.0,0.0,0.0,0.0,0.0,0.068240394,0.0,5.86e-05,0.0,0.000234302,0.000117151,0.0,5.86e-05,0.0,0.000117151,0.0,0.0,0.0
SRR12478865,0.024596507,0.00071855,0.000110546,0.0,5.53e-05,0.0,0.027525978,0.0,5.53e-05,5.53e-05,0.0,0.000110546,0.0,0.000165819,0.0,0.0,0.000110546,0.0,0.000110546,5.53e-05,0.000110546,0.0,0.0,0.0,0.000276365,0.0,0.000221092,0.000276365,0.0,0.000939642,0.0,0.006135308,0.001768738,0.0,0.0,0.093135087,0.0,0.0,0.0,0.000110546,0.0,0.0,5.53e-05,0.0,0.0,5.53e-05,0.0,5.53e-05,5.53e-05,5.53e-05,0.0,0.002321468,0.0,0.0,0.0,0.0,0.0,0.0,0.0,5.53e-05,0.0,0.0,5.53e-05,0.0,5.53e-05,0.0,0.009451691,0.002266195,0.0,0.0,0.0,0.0,0.0,0.0,0.000276365,5.53e-05,0.001105461,0.0,0.0,0.0,5.53e-05,0.0,0.0,0.0,0.018405925,0.0,0.0,0.000110546,0.0,0.0,0.0,5.53e-05,0.000497457,0.0,0.0,0.0,0.000110546,0.0,0.007351315,0.0,0.0,5.53e-05,0.0,0.0,0.000110546,0.000276365,0.0,0.0,0.0,0.0,0.0,0.0,0.0,0.0,0.0,0.0,0.0,0.0,0.000331638,0.0,0.034048198,0.0,0.0,0.0,0.000110546,0.0,0.002155649,5.53e-05,0.0,0.001160734,0.0,5.53e-05,0.0,5.53e-05,0.0,5.53e-05,0.0,0.0,0.000884369,0.0,0.0,0.0,0.0,0.0,0.0,0.0,0.0,0.0,0.0,0.0,0.0,0.000829096,0.0,0.0,0.0,0.000994915,0.0,0.013265532,0.0,0.000221092,0.0,0.0,0.0,0.0,0.0,0.000110546,0.0,0.000386911,0.0,0.0,0.000110546,5.53e-05,0.000331638,0.0,0.000994915,0.0,0.000110546,0.044826443,0.0,0.0,0.0,0.0,5.53e-05,0.0,0.0,0.0,0.0,0.0,0.0,0.0,0.0,0.659794384,0.002376741,0.000331638,0.0,0.0,0.0,5.53e-05,0.0,0.000331638,0.0,0.0,0.0,0.000939642,0.006245855,0.0,0.0,0.0,0.0,0.0,0.003537475,0.0,0.0,0.0,0.0,0.0,0.0,0.0,0.0,0.0,0.0,0.000773823,0.000221092,0.0,0.010833518,0.0,0.00071855,0.000663277,0.0,0.0,0.000276365,0.0,0.0,5.53e-05,0.00254256,0.0,5.53e-05,5.53e-05,0.0,0.0,0.0,0.0,0.0,0.0,0.001602918,5.53e-05,0.0,0.0,5.53e-05,0.0,0.000442184,0.0,0.0,0.000110546,0.0,5.53e-05,0.0,0.0,0.0
SRR12478866,0.004096171,8.9e-05,0.0,0.0,8.9e-05,0.000356189,0.011487088,0.0,0.000267142,0.0,0.0,0.000534283,0.0,0.000178094,0.0,0.0,0.000178094,0.0,0.001513802,0.000178094,0.000712378,0.0,0.0,0.0,0.0,0.0,0.000178094,0.018788958,0.0,8.9e-05,0.0,0.000178094,0.001246661,8.9e-05,0.0,0.140427427,8.9e-05,0.0,0.0,0.000178094,0.0,0.0,0.0,0.0,0.0,0.0,0.0,0.0,0.0,0.0,0.0,0.000890472,0.0,0.0,8.9e-05,0.0,0.0,0.0,0.0,0.0,0.0,8.9e-05,0.0,0.0,0.000267142,0.0,0.025111309,0.008192342,0.0,0.0,0.0,0.0,0.0,0.0,0.000445236,8.9e-05,0.002137133,0.0,0.0,0.0,0.000178094,0.0,0.0,8.9e-05,0.064648264,0.0,0.0,0.073463936,0.0,0.0,0.0,8.9e-05,8.9e-05,0.000356189,0.0,8.9e-05,0.000356189,8.9e-05,0.034995548,8.9e-05,0.0,0.000178094,0.0,0.0,0.000267142,0.000534283,0.0,0.001424755,0.0,0.0,0.0,8.9e-05,0.0,0.0,0.0,0.0,0.0,0.0,0.000267142,8.9e-05,0.027248442,0.0,0.0,0.0,0.0,0.0,0.000534283,0.0,0.0,0.000534283,0.0,0.0,0.0,0.000267142,0.0,0.000356189,0.0,0.0,0.0,0.0,0.000178094,0.0,0.004719501,0.0,0.0,8.9e-05,0.0,0.0,0.000267142,0.0,0.0,0.0,8.9e-05,0.0,0.0,0.001869991,0.000178094,0.013446126,8.9e-05,0.0,0.0,8.9e-05,0.0,0.0,0.0,0.0,0.0,0.001157614,0.0,0.0,0.000178094,0.0,0.00160285,0.0,0.001246661,0.0,0.0,0.487889581,0.0,0.0,0.0,0.0,0.0,0.0,0.0,0.0,0.0,0.0,0.0,0.001780944,8.9e-05,0.005342832,0.006767587,0.0,0.000178094,0.000445236,0.0,0.0,8.9e-05,0.000267142,0.0,0.0,8.9e-05,0.000178094,0.000178094,0.0,8.9e-05,0.0,0.0,0.0,0.009884239,0.0,8.9e-05,0.0,8.9e-05,0.000178094,0.000267142,0.0,0.000178094,0.0,0.0,0.001157614,0.0,0.0,0.005966162,8.9e-05,0.000267142,0.002137133,0.0,0.0,0.000445236,0.0,0.0,0.0,0.003739982,0.0,0.0,0.0,0.0,0.000801425,0.0,0.0,0.0,0.0,0.012110419,0.0,0.000178094,0.0,0.0,0.0,0.0,0.0,0.0,0.0,0.0,0.0,0.0,0.0,0.0
SRR12478867,0.003256997,0.001424936,0.000101781,0.0,0.000101781,0.000407125,0.000305344,0.0,0.000101781,0.000508906,0.000203562,0.0,0.0,0.0,0.000101781,0.0,0.000101781,0.0,0.003562341,0.000101781,0.000508906,0.0,0.0,0.009363868,0.006208651,0.0,0.000305344,0.005394402,0.0,0.000101781,0.0,0.0,0.013435115,0.0,0.0,0.150737913,0.000101781,0.0,0.0,0.020763359,0.000101781,0.000203562,0.0,0.0,0.0,0.016590331,0.0,0.0,0.000407125,0.049465649,0.000610687,0.005903308,0.000203562,0.0,0.012620865,0.0,0.000101781,0.0,0.0,0.000610687,0.0,0.0,0.0,0.0,0.0,0.0,0.0156743,0.002544529,0.0,0.000305344,0.0,0.0,0.0,0.0,0.000101781,0.0,0.006513995,0.0,0.0,0.0,0.0,0.000101781,0.0,0.0,0.045089059,0.0,0.0,0.006310433,0.0,0.0,0.0,0.000305344,0.000305344,0.000101781,0.0,0.0,0.001832061,0.000101781,0.019949109,0.0,0.0,0.000101781,0.0,0.0,0.0,0.000305344,0.0,0.0,0.0,0.0,0.000101781,0.0,0.0,0.0,0.0,0.0,0.001933842,0.000101781,0.000203562,0.0,0.010687023,0.0,0.0,0.0,0.0,0.0,0.001017812,0.001221374,0.0,0.001221374,0.000101781,0.000101781,0.0,0.001628499,0.0,0.000407125,0.0,0.0,0.00173028,0.000203562,0.000101781,0.000101781,0.0,0.0,0.0,0.0,0.0,0.0,0.0,0.0,0.0,0.000916031,0.000101781,0.0,0.0,0.00610687,0.0,0.031450382,0.0,0.0,0.000203562,0.0,0.000407125,0.0,0.0,0.0,0.0,0.000712468,0.0,0.000101781,0.000407125,0.000101781,0.000916031,0.0,0.001526718,0.0,0.0,0.328244275,0.0,0.0,0.000101781,0.0,0.000407125,0.0,0.0,0.0,0.0,0.0,0.0,0.000203562,0.0,0.115826972,0.001119593,0.000203562,0.0,0.0,0.000101781,0.0,0.000305344,0.000305344,0.0,0.000101781,0.0,0.001526718,0.000508906,0.0,0.0,0.0,0.0,0.0,0.008244275,0.0,0.001017812,0.0,0.0,0.000101781,0.0,0.0,0.000203562,0.000305344,0.002544529,0.003053435,0.002951654,0.002035623,0.016793893,0.0,0.001628499,0.0,0.0,0.0,0.0,0.0,0.000101781,0.0,0.00346056,0.0,0.0,0.014656489,0.0,0.007938931,0.0,0.0,0.0,0.0,0.001933842,0.000101781,0.0,0.0,0.0,0.0,0.007633588,0.003256997,0.0,0.0,0.0,0.001017812,0.0,0.0,0.0
SRR12478868,0.008223189,0.000301373,8.61e-05,0.0,0.000215267,8.61e-05,0.023205752,0.0,4.31e-05,4.31e-05,0.0,8.61e-05,0.0,8.61e-05,4.31e-05,0.0,0.0,0.0,0.0,0.00167908,0.0,0.0,0.0,0.000301373,4.31e-05,0.0,0.00012916,0.000602747,0.0,0.0,4.31e-05,0.000861067,4.31e-05,0.0,0.0,0.129590563,0.0,0.0,0.0,8.61e-05,0.0,0.0,4.31e-05,0.0,0.0,0.00051664,0.0,0.0,0.0,4.31e-05,0.0,0.002626254,0.0,0.0,0.000559693,0.0,0.0,0.0,0.0,4.31e-05,0.0,0.0,0.0,0.0,0.0,0.0,0.00180824,0.001506867,0.0,0.0,0.0,0.0,0.0,0.0,4.31e-05,0.0,0.00051664,0.0,0.0,0.0,4.31e-05,0.0,0.0,0.0,0.017867137,0.0,0.0,0.003358161,0.0,0.0,0.0,0.0,0.000344427,4.31e-05,0.0,0.0,8.61e-05,0.0,0.006587161,0.0,0.0,4.31e-05,0.0,0.0,0.0,8.61e-05,0.0,0.0,0.0,0.0,0.0,0.0,0.0,0.0,0.0,0.0,0.000731907,0.0,0.000215267,0.0,0.016188057,0.0,0.0,0.0,0.0,0.0,0.000172213,0.000430533,0.0,0.000688853,0.0,4.31e-05,0.0,0.00012916,0.0,8.61e-05,0.0,0.0,0.000215267,4.31e-05,0.0,0.0,0.0,0.0,0.0,0.0,0.0,0.0,0.0,0.0,0.0,0.006716322,0.00012916,0.0,0.0,0.000215267,0.0,0.003487321,0.0,0.00012916,0.0,4.31e-05,0.00012916,0.0,4.31e-05,0.0,0.0,0.00012916,0.0,4.31e-05,0.0,4.31e-05,0.000301373,0.0,8.61e-05,0.0,0.0,0.018685151,0.0,0.0,0.0,0.0,0.001377707,0.0,4.31e-05,0.0,0.0,0.0,4.31e-05,4.31e-05,0.0,0.732165153,0.000688853,0.0,0.0,0.0,0.0,0.0,0.0,0.00025832,0.0,4.31e-05,0.0,0.001722134,0.003401214,0.0,0.0,0.0,0.0,0.0,0.003702588,0.0,8.61e-05,0.0,4.31e-05,0.0,0.0,0.0,0.0,0.0,8.61e-05,0.000602747,0.00025832,0.0,0.000430533,0.0,8.61e-05,0.00012916,0.0,0.0,0.00025832,0.0,4.31e-05,0.0,4.31e-05,0.0,0.000172213,4.31e-05,0.0,0.0,8.61e-05,0.0,0.0,0.0,0.0006458,0.0,8.61e-05,0.0,0.0,0.0,0.000947174,4.31e-05,0.0,4.31e-05,0.0,4.31e-05,0.0,0.0,0.0
SRR12478869,0.005746872,0.002342956,0.00013262,0.0,0.00013262,0.00013262,0.030988904,0.0,0.000176827,8.84e-05,0.000442067,0.0,0.0,0.0,0.0,0.0,0.000176827,0.0,0.000618894,0.00013262,0.00026524,0.0,0.0,0.0,0.001547235,0.0,0.001193581,0.005791079,4.42e-05,0.000176827,0.0,0.000884134,0.011803192,0.0,0.0,0.25118253,8.84e-05,0.0,0.0,0.0,4.42e-05,0.00026524,0.0,0.0,0.0,0.000309447,0.0,4.42e-05,4.42e-05,0.00013262,0.002342956,0.000751514,8.84e-05,0.0,0.000309447,4.42e-05,0.0,0.0,0.0,0.000928341,0.0,4.42e-05,0.000221034,0.0,0.0,8.84e-05,0.00296185,0.016444896,0.0,0.000663101,0.0,0.0,0.0,0.0,0.003845984,0.0,0.001370408,0.0,0.0,4.42e-05,0.000221034,0.0,0.0,0.00013262,0.119269705,0.0,0.0,0.041775341,0.0,4.42e-05,0.0,0.00013262,0.001724062,0.0,0.0,0.000176827,0.001856682,4.42e-05,0.008752929,0.00026524,0.0,4.42e-05,0.0,0.0,4.42e-05,0.00013262,0.0,0.0,0.0,0.0,0.0,8.84e-05,0.0,0.0,0.0,0.0,0.000442067,0.0,0.00039786,8.84e-05,0.038106185,0.0,0.0,0.0,0.0,0.0,0.000928341,0.0,0.0,0.000176827,4.42e-05,0.0,0.0,0.000221034,0.0,0.000884134,0.0,0.0,0.003182883,4.42e-05,0.000176827,4.42e-05,0.0,0.0,0.0,0.0,0.0,0.0,0.0,0.0,0.0,0.0,0.0,0.0,0.0,0.001768268,0.0,0.040537554,0.0,8.84e-05,0.0,0.0,0.0,0.0,0.0,0.0,0.0,0.000442067,0.0,8.84e-05,0.00039786,0.000309447,0.002563989,0.0,0.000353654,0.0,0.0,0.269926175,0.0,0.0,8.84e-05,0.0,0.00013262,4.42e-05,0.0,0.0,0.0,0.0,0.0,8.84e-05,4.42e-05,0.033773927,0.005658459,0.001768268,4.42e-05,0.0,0.000221034,0.0,0.0,0.000353654,0.0,4.42e-05,0.0,0.00026524,4.42e-05,0.0,8.84e-05,0.0,0.0,0.0,0.010653817,0.0,0.000176827,0.0,0.00026524,0.0,0.0,0.0,4.42e-05,4.42e-05,4.42e-05,0.000839928,0.027850228,0.0,0.016356483,0.0,0.000353654,0.000309447,0.0,0.0,4.42e-05,0.0,4.42e-05,0.000176827,0.000972548,0.0,0.0,8.84e-05,0.0,0.000618894,0.0,0.0,4.42e-05,0.0,0.007691968,0.0,0.0,0.0,4.42e-05,0.0,8.84e-05,0.006365766,0.0,0.0,4.42e-05,0.00026524,0.0,0.0,0.0
SRR12478870,0.011848735,0.00013842,5.54e-05,0.0,0.00013842,0.000221472,0.001799457,0.0,0.002353137,2.77e-05,0.0,8.31e-05,0.0,0.0,0.0,0.0,0.000166104,0.0,2.77e-05,0.0,0.00013842,0.0,0.0,0.003931122,0.001024307,0.0,0.000775151,0.00027684,2.77e-05,0.0,2.77e-05,0.003405127,0.00251924,0.0,0.0,0.102153812,0.00013842,0.0,0.0,2.77e-05,2.77e-05,0.000110736,2.77e-05,0.0,0.0,0.015336914,0.0,0.0,2.77e-05,0.000498311,2.77e-05,0.000609047,0.0,0.0,0.000110736,0.0,0.0,0.0,0.0,2.77e-05,0.0,0.0,5.54e-05,0.0,2.77e-05,8.31e-05,0.00160567,0.003017552,5.54e-05,2.77e-05,0.0,0.0,0.0,0.0,0.015143126,0.0,0.006422679,0.0,0.0,0.0,0.0,0.0,0.0,0.0,0.024915564,0.0,0.0,0.000609047,0.0,0.0,0.0,0.000332208,0.002187033,5.54e-05,0.0,2.77e-05,0.00013842,2.77e-05,0.005924367,0.0,0.0,0.0,0.0,0.0,0.0,2.77e-05,0.0,0.0,0.0,0.0,5.54e-05,0.0,0.0,0.0,0.0,0.0,0.001937877,0.000249156,0.0,5.54e-05,0.029621837,0.0,0.0,0.0,0.0,0.0,0.000747467,0.000775151,0.0,0.000249156,0.0,8.31e-05,0.0,0.0,0.0,0.00013842,0.0,0.0,0.001245778,0.0,0.0,0.0,2.77e-05,0.0,0.0,0.0,0.0,0.0,0.0,0.0,0.0,0.001356514,5.54e-05,2.77e-05,0.0,0.000553679,5.54e-05,0.015226178,0.0,0.000193788,2.77e-05,2.77e-05,5.54e-05,0.0,0.0,0.0,0.0,0.000636731,0.0,2.77e-05,5.54e-05,0.004069542,0.000664415,0.0,0.000304524,0.0,0.0,0.022174852,2.77e-05,0.0,0.0,0.0,0.0,0.0,0.0,0.0,0.0,0.0,0.0,0.0,5.54e-05,0.674104424,0.000304524,5.54e-05,0.0,0.0,0.000166104,0.0,0.0,2.77e-05,0.0,2.77e-05,0.0,0.002103981,0.0,0.0,8.31e-05,0.0,0.0,0.0,0.005121533,0.0,0.000941255,0.0,0.000332208,2.77e-05,0.0,0.0,0.0,2.77e-05,2.77e-05,0.000719783,0.000304524,8.31e-05,0.000941255,0.0,0.000332208,0.000166104,0.0,0.0,0.000166104,0.0,0.0,0.0,0.000968939,0.0,2.77e-05,8.31e-05,0.0,0.0,0.0,0.0,0.0,0.0,0.021648857,0.0,0.0,0.0,2.77e-05,0.0,0.00027684,2.77e-05,0.0,2.77e-05,0.0,0.000110736,0.0,0.0,0.0
SRR12478871,0.000601805,0.001270478,0.000267469,0.0,0.000267469,6.69e-05,0.021464393,0.0,0.0,0.000133735,0.0,0.001270478,6.69e-05,0.000200602,0.0,0.0,0.000267469,0.0,0.000133735,0.0,0.000133735,6.69e-05,0.0,0.012102976,6.69e-05,0.0,0.000133735,0.004212638,0.001003009,0.0,6.69e-05,0.10257439,0.000468071,6.69e-05,0.0,0.359745904,6.69e-05,0.0,0.0,0.000133735,0.001069876,0.0,0.000869274,0.0,0.0,0.000468071,0.0,0.0,0.0,0.000133735,0.0,0.003142762,0.0,0.0,0.0,0.0,0.0,0.0,0.0,0.000267469,0.0,6.69e-05,0.0,0.0,0.000133735,0.000133735,0.002474089,0.006486125,0.0,0.000267469,0.0,0.0,0.0,0.0,0.000601805,0.0,0.001671682,0.0,0.0,0.000200602,0.000200602,0.0,0.0,0.000133735,0.011568037,0.0,0.0,0.00855901,0.0,0.0,0.0,0.000267469,0.002139753,6.69e-05,0.0,0.0,0.000468071,0.0,0.012370445,6.69e-05,0.0,0.0,0.0,0.0,0.0,0.001939151,0.0,0.00073554,0.0,0.0,0.0,0.0,0.000200602,0.000668673,0.0,0.0,0.009428285,0.007556001,0.001003009,0.000133735,0.007489134,0.0,0.0,0.0,0.0,0.0,0.000267469,0.009762621,0.0,0.015847543,0.0,6.69e-05,0.0,0.000334336,0.0,0.000133735,0.0,0.0,0.0,0.0,6.69e-05,6.69e-05,0.0,0.0,0.0,0.0,0.0,0.0,0.0,0.0,6.69e-05,0.000267469,0.00073554,0.000401204,0.0,0.001671682,0.000401204,0.023069208,0.000200602,0.001203611,0.0,0.0,0.0,0.0,0.0,6.69e-05,0.0,0.000668673,0.0,0.000936142,0.000200602,0.000334336,0.000133735,0.0,0.000468071,0.0,0.0,0.201872284,0.0,0.0,0.0,0.0,6.69e-05,0.000334336,0.0,0.0,0.0,0.0,0.000133735,0.000334336,0.0,0.100635239,0.002407222,0.001738549,0.0,0.000534938,0.000267469,0.0,0.0,0.000534938,0.0,0.000534938,6.69e-05,0.000200602,0.003477098,0.0,0.0,0.0,0.0,0.0,0.008425276,0.0,0.0,0.0,0.000401204,0.000200602,6.69e-05,0.0,0.0,0.000133735,6.69e-05,0.001805416,0.0,0.0,0.00929455,0.0,6.69e-05,0.000133735,0.0,0.0,0.000936142,0.0,0.000267469,0.000401204,0.006486125,0.0,0.000267469,0.000133735,0.0,0.000133735,0.0,0.0,0.0,0.000401204,0.004346372,0.0,0.0,0.0,0.0,0.0,0.000401204,0.0,0.0,0.000200602,0.0,0.000267469,0.0,0.0,0.0
SRR12478872,0.001965495,0.000218388,0.0,0.0,0.000873553,0.000218388,0.006114872,0.0,0.000655165,0.0,0.0,0.001965495,0.0,0.000218388,0.0,0.0,0.000218388,0.0,0.0,0.0,0.0,0.0,0.0,0.0,0.002839048,0.0,0.000218388,0.011137803,0.0,0.0,0.000436777,0.0,0.003057436,0.0,0.0,0.063114217,0.0,0.0,0.0,0.0,0.0,0.000218388,0.0,0.0,0.000218388,0.061148722,0.0,0.0,0.0,0.018563005,0.0,0.000873553,0.0,0.0,0.002183883,0.0,0.0,0.0,0.0,0.0,0.0,0.0,0.0,0.0,0.0,0.0,0.004149378,0.014413627,0.0,0.0,0.0,0.0,0.0,0.0,0.0,0.0,0.00131033,0.0,0.0,0.0,0.000218388,0.0,0.0,0.000655165,0.012884909,0.0,0.0,0.003057436,0.0,0.0,0.0,0.0,0.000436777,0.000436777,0.0,0.000218388,0.000436777,0.0,0.013758463,0.0,0.0,0.0,0.0,0.0,0.0,0.000655165,0.0,0.000218388,0.0,0.0,0.0,0.0,0.0,0.0,0.0,0.0,0.00131033,0.0,0.0,0.000218388,0.035597292,0.0,0.0,0.0,0.000218388,0.0,0.0,0.000436777,0.0,0.000436777,0.0,0.0,0.0,0.000218388,0.0,0.000218388,0.0,0.0,0.00895392,0.0,0.0,0.0,0.011356191,0.0,0.001528718,0.0,0.0,0.0,0.000436777,0.0,0.0,0.001965495,0.0,0.0,0.0,0.001965495,0.0,0.031229526,0.0,0.0,0.0,0.000218388,0.0,0.0,0.0,0.0,0.0,0.000218388,0.0,0.0,0.0,0.000436777,0.000436777,0.0,0.000873553,0.0,0.0,0.165975104,0.0,0.0,0.0,0.0,0.000436777,0.0,0.000218388,0.0,0.0,0.0,0.0,0.000655165,0.0,0.481109413,0.002183883,0.0,0.000218388,0.000655165,0.000655165,0.0,0.0,0.000655165,0.0,0.0,0.0,0.000436777,0.0,0.0,0.0,0.0,0.0,0.0,0.006114872,0.0,0.0,0.000436777,0.001091941,0.000218388,0.0,0.0,0.0,0.000218388,0.0,0.000218388,0.0,0.0,0.003930989,0.0,0.001091941,0.0,0.0,0.0,0.0,0.0,0.0,0.0,0.001528718,0.0,0.0,0.0,0.000218388,0.0,0.0,0.0,0.0,0.0,0.000218388,0.0,0.000436777,0.0,0.0,0.0,0.0,0.0,0.0,0.0,0.0,0.0,0.0,0.0,0.0
SRR12478873,0.013563189,0.000760553,0.000253518,0.0,0.0,0.0,0.006084421,0.0,0.000380276,0.001647864,0.000126759,0.000760553,0.0,0.0,0.0,0.0,0.0,0.0,0.000633794,0.0,0.000887311,0.0,0.0,0.031055901,0.004563316,0.0,0.000380276,0.01863354,0.0,0.0,0.000253518,0.000633794,0.005450627,0.000126759,0.0,0.130054506,0.0,0.0,0.0,0.000253518,0.001140829,0.000253518,0.000633794,0.0,0.0,0.005957663,0.0,0.0,0.0,0.014957536,0.000633794,0.006844974,0.0,0.0,0.005070351,0.0,0.0,0.0,0.0,0.001647864,0.0,0.000760553,0.000380276,0.0,0.0,0.0,0.011154772,0.01140829,0.0,0.000253518,0.0,0.0,0.0,0.0,0.003042211,0.0,0.003295728,0.0,0.0,0.000126759,0.000380276,0.0,0.0,0.0,0.105463303,0.0,0.0,0.020027887,0.0,0.0,0.0,0.000760553,0.003929522,0.0,0.0,0.0,0.000760553,0.0,0.012675878,0.0,0.0,0.0,0.000633794,0.0,0.0,0.001267588,0.0,0.0,0.000253518,0.0,0.0,0.0,0.0,0.000126759,0.0,0.0,0.005577386,0.001774623,0.000253518,0.000253518,0.008873114,0.0,0.0,0.0,0.0,0.0,0.023577133,0.000126759,0.0,0.014830777,0.0,0.002788693,0.0,0.000633794,0.0,0.001647864,0.0,0.0,0.000253518,0.0,0.0,0.0,0.0,0.0,0.0,0.0,0.0,0.0,0.0,0.0,0.0,0.000126759,0.001140829,0.0,0.0,0.002915452,0.000253518,0.096843706,0.0,0.000887311,0.0,0.0,0.002788693,0.0,0.0,0.0,0.0,0.000507035,0.0,0.000507035,0.000253518,0.000126759,0.001267588,0.0,0.000507035,0.0,0.0,0.183673469,0.0,0.0,0.0,0.0,0.000380276,0.000253518,0.0,0.0,0.0,0.0,0.000126759,0.0,0.0,0.022436304,0.00621118,0.000760553,0.0,0.001140829,0.000126759,0.0,0.0,0.000126759,0.000253518,0.000253518,0.0,0.0,0.0,0.0,0.0,0.0,0.0,0.0,0.013563189,0.0,0.008619597,0.0,0.000507035,0.000126759,0.0,0.0,0.000126759,0.000126759,0.000760553,0.003549246,0.075167955,0.007352009,0.033464317,0.0,0.001521105,0.0,0.0,0.0,0.000126759,0.0,0.000126759,0.000126759,0.009633667,0.0,0.0,0.004309798,0.00101407,0.000380276,0.0,0.0,0.0,0.0,0.004943592,0.0,0.0,0.0,0.0,0.0,0.000887311,0.001647864,0.0,0.0,0.0,0.001394347,0.0,0.0,0.0
SRR12478874,0.008758141,7.49e-05,0.000523991,0.0,0.000149712,0.0,0.01077925,0.0,0.000299424,0.000748559,0.0,0.000898271,0.0,0.000149712,0.0,0.0,0.000149712,0.0,0.000598847,0.0,0.002395389,0.0,0.0,0.005389625,0.004790778,0.0,0.000823415,0.00583876,7.49e-05,7.49e-05,0.003667939,0.000299424,0.002170821,7.49e-05,0.0,0.280335354,0.000299424,0.0,0.0,0.001197694,0.001871398,0.000224568,0.000224568,7.49e-05,0.0,0.040646755,0.0,0.0,0.00037428,0.000149712,0.00164683,0.001571974,0.0,0.0,0.000224568,0.0,0.0,0.0,0.0,0.000449135,0.0,0.002470245,7.49e-05,0.0,0.000898271,7.49e-05,0.004491354,0.02118422,0.0,0.000598847,0.0,0.0,0.0,7.49e-05,0.0,0.0,0.001347406,0.0,0.0,7.49e-05,0.000673703,0.0,7.49e-05,0.000224568,0.040272475,0.0,0.0,0.000224568,0.0,0.0,0.0,7.49e-05,0.000598847,0.00037428,0.000449135,0.000224568,0.000973127,0.0,0.011527809,0.000149712,0.0,0.0,0.0,0.0,0.0,0.00037428,0.0,0.0,0.000224568,0.0,0.0,0.0,0.000973127,0.000598847,0.0,0.0,0.001946253,0.000748559,0.000673703,7.49e-05,0.03069092,0.0,0.0,0.0,0.0,0.0,0.000823415,0.002994236,0.0,0.002844524,0.000299424,0.0,0.0,0.00037428,0.0,0.002694812,0.0,0.0,0.002769668,0.0,0.000299424,0.0,0.007635302,0.0,0.0,7.49e-05,0.0,0.0,0.000449135,0.0,0.0,0.001796542,0.000449135,0.001721686,0.0,0.002619957,7.49e-05,0.069690845,0.0,0.000224568,7.49e-05,0.0,0.001946253,0.0,0.0,0.0,0.0,0.000973127,0.0,0.000299424,0.000149712,0.002320533,0.001571974,0.0,0.000299424,0.0,0.0,0.065049779,0.0,0.0,0.0,0.0,0.000299424,0.0,0.0,0.0,0.0,0.0,0.0,7.49e-05,0.0,0.235945804,7.49e-05,0.00127255,0.000898271,0.000598847,7.49e-05,0.0,7.49e-05,0.000523991,0.0,0.0,0.000149712,0.000748559,0.001347406,0.0,0.0,0.0,0.0,0.0,0.011527809,0.0,0.000973127,0.000149712,7.49e-05,7.49e-05,7.49e-05,0.0,7.49e-05,0.000224568,0.000224568,0.002619957,0.002545101,0.000149712,0.002619957,7.49e-05,0.002694812,0.000823415,0.0,7.49e-05,0.001197694,0.0,0.000224568,7.49e-05,0.007635302,0.0,0.0,0.00037428,0.000224568,0.0,0.0,0.0,0.0,0.0,7.49e-05,0.0,0.000523991,7.49e-05,0.000823415,0.0,0.0,0.000523991,0.0,0.0,0.0,0.000299424,0.0,0.0,0.0
SRR12478875,0.002546554,0.000238739,0.000318319,0.0,0.0,0.0,0.000318319,0.0,0.0,0.0,0.0,0.002069075,7.96e-05,0.00015916,0.0,0.0,0.0,0.0,0.000238739,7.96e-05,0.00015916,0.0,0.0,0.0,0.000238739,0.0,0.00015916,0.003899411,0.000557059,7.96e-05,0.00015916,0.00015916,0.005888907,0.0,0.0,0.209931561,7.96e-05,0.0,0.0,0.0,0.000795798,0.0,0.000875378,0.0,0.0,0.006445965,7.96e-05,0.0,7.96e-05,0.000318319,0.0,0.003024033,0.0,0.0,0.001034538,0.0,0.0,0.0,0.0,0.000238739,0.0,7.96e-05,7.96e-05,0.0,0.0,0.0,0.003660672,0.000954958,0.007082604,7.96e-05,0.0,0.0,0.0,0.0,0.000238739,0.0,0.000954958,0.0,0.0,7.96e-05,7.96e-05,0.0,0.0,0.0,0.014801846,0.0,0.0,0.002466974,0.0,0.0,0.0,0.0,0.000238739,0.00015916,0.0,0.0,0.00015916,0.0,0.032786885,0.0,0.0,7.96e-05,0.0,0.0,0.0,0.000238739,0.0,0.0,0.0,0.0,0.0,0.0,0.0,0.00015916,0.0,0.0,0.000636639,0.0,0.0,0.0,0.002626134,0.0,0.0,0.0,0.0,0.0,0.000557059,0.005570587,0.0,0.004058571,0.0,0.000397899,7.96e-05,0.0,0.0,0.00015916,0.0,0.0,0.0,0.0,0.0,0.0,0.0,0.0,0.0,0.0,0.0,0.0,0.0,0.0,0.0,0.000954958,0.001750756,0.000238739,0.0,0.001352857,0.0,0.004854369,7.96e-05,0.002626134,0.001273277,0.0,0.0,0.0,0.0,0.0,0.0,0.000477479,0.0,0.0,0.00015916,0.02172529,0.000557059,0.0,0.001114117,0.0,7.96e-05,0.529842432,0.0,0.0,0.0,0.0,7.96e-05,7.96e-05,0.0,0.0,0.0,0.0,0.0,0.0,0.0,0.006764285,0.000397899,0.0,0.0,0.000477479,0.0,0.0,0.0,0.000238739,0.0,0.0,0.0,0.001591596,7.96e-05,0.0,0.0,0.0,0.0,0.0,0.003024033,0.0,0.000318319,0.0,0.000238739,0.0,0.000238739,0.0,0.0,0.0,7.96e-05,7.96e-05,0.004138151,0.0,0.014324367,0.0,7.96e-05,0.000716218,0.0,0.0,0.007321343,0.0,0.0,7.96e-05,0.001512017,0.0,0.001830336,0.0,0.0,0.00015916,7.96e-05,0.0,0.0,0.0,0.067802005,0.0,0.0,0.0,0.0,0.0,7.96e-05,0.000636639,0.0,0.00015916,0.0,0.0,0.0,0.0,0.0
SRR12478876,0.014739909,0.000856971,0.000171394,0.0,0.000171394,8.57e-05,0.018424886,0.0,8.57e-05,0.000171394,0.000428486,8.57e-05,0.0,0.0,0.0,0.0,0.000171394,0.0,0.000428486,0.0,8.57e-05,0.0,0.0,0.003770674,0.003427886,0.0,0.003684977,0.001542549,8.57e-05,0.0,0.001371154,0.00239952,0.012854572,0.0,0.000171394,0.158454023,8.57e-05,0.0,0.0,0.001285457,0.0,0.000428486,0.0,0.0,0.0,0.000342789,0.0,0.0,8.57e-05,8.57e-05,8.57e-05,0.000685577,0.000171394,0.0,0.000257091,0.0,0.000428486,0.0,0.0,0.000514183,0.0,0.0,0.000171394,0.0,0.0,0.0,0.007284257,0.01139772,0.0,0.00119976,0.0,0.0,0.0,0.0,8.57e-05,0.0,0.001114063,0.0,0.0,8.57e-05,8.57e-05,0.0,0.0,8.57e-05,0.085011569,0.0,0.0,0.001456851,0.0,0.0,0.0,0.000257091,0.000428486,0.000514183,0.0,0.0,0.001885337,0.0,0.013025966,8.57e-05,0.0,0.0,0.0,0.0,0.0,8.57e-05,0.0,0.0,0.0,0.0,0.0,0.0,0.0,0.0,8.57e-05,0.0,0.000856971,8.57e-05,8.57e-05,0.0,0.012683178,0.0,0.000171394,0.0,0.0,0.0,0.001285457,0.001371154,0.0,0.000171394,8.57e-05,0.0,0.0,0.0,0.0,0.002656612,0.0,0.0,0.001885337,0.0,0.0,0.0,0.0,0.0,0.0,0.0,0.0,8.57e-05,0.0,0.0,0.0,0.000514183,0.0,0.0,0.0,0.007455652,8.57e-05,0.039077899,0.0,8.57e-05,0.012597481,0.0,0.000771274,0.0,0.0,0.0,0.0,0.000771274,0.0,0.0,0.000685577,0.000171394,0.001885337,0.0,0.001028366,0.0,8.57e-05,0.02793727,0.0,0.0,0.0,0.0,8.57e-05,0.0,0.0,0.0,0.0,0.0,0.0,0.0,8.57e-05,0.512040449,0.000428486,0.000171394,8.57e-05,8.57e-05,8.57e-05,0.0,0.00119976,0.000428486,8.57e-05,0.0,0.0,0.0,0.001456851,0.0,0.0,0.0,0.0,0.0,0.003256492,0.0,0.000257091,8.57e-05,0.000171394,0.000171394,0.0,0.0,0.0,0.000171394,0.000685577,0.001713943,0.000856971,0.0,0.002142429,0.0,0.000428486,0.000685577,0.0,8.57e-05,0.000257091,0.0,0.0,8.57e-05,0.001542549,0.0,0.0,0.000257091,8.57e-05,0.0,0.0,0.0,0.0,0.0,0.000171394,0.000171394,0.0,0.0,0.0,0.0,8.57e-05,8.57e-05,0.0,0.0,8.57e-05,0.000257091,0.0,0.0,0.0
SRR12478877,0.000901463,0.0,3.47e-05,0.0,0.0,3.47e-05,0.011996394,0.0,0.0,6.93e-05,0.0,0.000173358,0.0,3.47e-05,6.93e-05,0.0,0.0,0.0,0.0,0.0,3.47e-05,0.0,0.0,3.47e-05,6.93e-05,0.0,0.0,0.000554747,6.93e-05,0.000104015,6.93e-05,0.0,0.000485403,0.0,0.0,0.131960336,0.0,0.0,0.0,0.0,0.000138687,0.0,6.93e-05,0.0,0.0,0.001490881,0.0,0.00041606,0.0,0.000277373,0.0,0.000242702,0.0,0.0,0.0,0.0,3.47e-05,0.0,0.0,0.0,0.0,3.47e-05,0.0,0.0,0.0,6.93e-05,0.000381388,0.000381388,0.0,0.0,0.0,0.0,0.0,0.0,0.0,0.0,0.000277373,0.0,0.0,0.0,0.0,0.0,0.0,0.0,0.002947091,0.0,0.0,0.000346717,0.0,0.0,0.0,0.0,0.0,3.47e-05,0.0,0.0,6.93e-05,0.0,0.000520075,0.0,0.0,0.0,0.0,0.0,0.0,3.47e-05,0.0,0.0,0.0,0.0,0.0,0.0,0.0,0.0,0.0,0.0,0.002427016,3.47e-05,3.47e-05,0.0,0.001386866,0.0,0.0,0.0,0.0,0.0,0.000104015,0.00062409,0.0,0.001144165,0.0,0.0,0.0,0.00041606,0.0,3.47e-05,0.0,0.0,3.47e-05,0.0,0.0,0.0,0.0,0.0,0.0,0.0,0.0,0.0,0.0,0.0,0.0,0.000277373,0.00020803,0.0,0.0,6.93e-05,0.0,0.000520075,0.0,0.000277373,0.000346717,0.0,0.0,0.0,3.47e-05,3.47e-05,0.0,6.93e-05,0.0,6.93e-05,0.0,3.47e-05,0.0,0.0,3.47e-05,0.0,0.0,0.142431177,0.0,0.0,3.47e-05,0.0,3.47e-05,6.93e-05,0.0,0.0,0.0,0.0,0.0,0.0,0.0,0.684834616,0.0,0.0,0.0,3.47e-05,0.0,0.0,0.0,0.000104015,0.000104015,0.0,0.0,0.001525553,0.002357673,0.0,6.93e-05,0.0,0.0,0.0,0.000693433,0.0,6.93e-05,0.0,3.47e-05,0.0,3.47e-05,0.0,6.93e-05,0.0,0.000104015,0.0,3.47e-05,0.000589418,0.0020803,0.0,0.0,0.000277373,0.0,0.0,0.000277373,0.0,0.0,0.0,0.000381388,0.0,6.93e-05,6.93e-05,0.0,3.47e-05,0.0,0.0,0.0,0.0,0.0,0.0,0.0,0.0,0.0,0.0,0.000138687,3.47e-05,0.0,0.0,0.0,3.47e-05,0.0,0.0,0.0
SRR12478878,0.0,0.0,0.0,0.0,0.0,0.0,0.0,0.0,0.0,0.0,0.0,0.0,0.0,0.0,0.0,0.0,0.0,0.0,0.0,0.0,0.0,0.0,0.0,0.0,0.0,0.0,0.0,0.0,0.0,0.0,0.0,0.0,0.0,0.0,0.0,1.0,0.0,0.0,0.0,0.0,0.0,0.0,0.0,0.0,0.0,0.0,0.0,0.0,0.0,0.0,0.0,0.0,0.0,0.0,0.0,0.0,0.0,0.0,0.0,0.0,0.0,0.0,0.0,0.0,0.0,0.0,0.0,0.0,0.0,0.0,0.0,0.0,0.0,0.0,0.0,0.0,0.0,0.0,0.0,0.0,0.0,0.0,0.0,0.0,0.0,0.0,0.0,0.0,0.0,0.0,0.0,0.0,0.0,0.0,0.0,0.0,0.0,0.0,0.0,0.0,0.0,0.0,0.0,0.0,0.0,0.0,0.0,0.0,0.0,0.0,0.0,0.0,0.0,0.0,0.0,0.0,0.0,0.0,0.0,0.0,0.0,0.0,0.0,0.0,0.0,0.0,0.0,0.0,0.0,0.0,0.0,0.0,0.0,0.0,0.0,0.0,0.0,0.0,0.0,0.0,0.0,0.0,0.0,0.0,0.0,0.0,0.0,0.0,0.0,0.0,0.0,0.0,0.0,0.0,0.0,0.0,0.0,0.0,0.0,0.0,0.0,0.0,0.0,0.0,0.0,0.0,0.0,0.0,0.0,0.0,0.0,0.0,0.0,0.0,0.0,0.0,0.0,0.0,0.0,0.0,0.0,0.0,0.0,0.0,0.0,0.0,0.0,0.0,0.0,0.0,0.0,0.0,0.0,0.0,0.0,0.0,0.0,0.0,0.0,0.0,0.0,0.0,0.0,0.0,0.0,0.0,0.0,0.0,0.0,0.0,0.0,0.0,0.0,0.0,0.0,0.0,0.0,0.0,0.0,0.0,0.0,0.0,0.0,0.0,0.0,0.0,0.0,0.0,0.0,0.0,0.0,0.0,0.0,0.0,0.0,0.0,0.0,0.0,0.0,0.0,0.0,0.0,0.0,0.0,0.0,0.0,0.0,0.0,0.0,0.0,0.0,0.0,0.0,0.0,0.0,0.0,0.0,0.0,0.0
SRR12478879,0.001378385,0.0,3.73e-05,0.0,0.0,0.0,0.017620981,0.0,7.45e-05,7.45e-05,0.0,0.000186268,0.0,7.45e-05,0.0,0.0,0.0,0.0,0.0,0.0,7.45e-05,0.0,0.0,0.001229371,0.00040979,0.0,0.000260776,0.000186268,3.73e-05,0.0,0.000111761,3.73e-05,0.0,0.0,0.0,0.054725627,0.0,0.0,0.0,3.73e-05,0.0,0.0,0.0,0.0,0.0,3.73e-05,7.45e-05,0.0,0.0,0.000149015,0.000111761,0.002309727,0.0,0.0,3.73e-05,0.0,0.0,0.0,0.0,3.73e-05,0.0,0.0,0.0,0.0,0.0,3.73e-05,0.002868532,0.001192117,0.0,3.73e-05,0.0,0.0,0.0,0.0,0.0,0.0,0.001154863,0.0,0.0,0.0,0.0,0.0,0.0,3.73e-05,0.018850352,0.0,0.0,0.00040979,0.0,0.0,0.0,0.0,0.000260776,0.0,0.0,0.0,3.73e-05,0.0,0.002943039,0.0,0.0,0.0,0.0,0.0,0.0,3.73e-05,0.0,0.0,0.0,0.0,0.0,0.0,0.0,0.0,0.0,0.0,0.000521551,0.0,0.0,0.0,0.004544947,0.002570503,0.0,0.0,0.0,0.0,3.73e-05,0.000149015,0.0,7.45e-05,0.0,0.000558805,0.0,0.0,0.0,7.45e-05,0.0,0.0,7.45e-05,3.73e-05,3.73e-05,0.0,0.001154863,0.0,0.0,0.0,0.0,0.0,0.0,0.0,0.0,0.000819581,0.0,0.0,0.0,0.00040979,0.0,0.002868532,0.0,7.45e-05,0.0,0.0,0.000335283,0.0,0.0,0.0,0.0,0.000111761,0.0,0.0,7.45e-05,0.000111761,0.000149015,0.0,0.000111761,0.0,0.0,0.009760459,0.0,0.0,0.0,0.0,0.0,0.0,0.0,0.0,0.0,0.0,0.0,3.73e-05,0.0,0.851134374,0.000111761,0.0,0.0,0.000149015,3.73e-05,0.0,0.0,0.0,0.0,0.0,0.0,0.00040979,0.003986142,0.0,0.0,0.0,0.0,0.0,0.006966434,0.0,7.45e-05,3.73e-05,0.000149015,0.0,3.73e-05,0.0,0.0,0.0,0.000521551,0.000223522,0.001229371,7.45e-05,0.000596059,0.0,0.00040979,7.45e-05,0.0,0.0,0.000111761,0.0,0.0,0.0,0.000186268,0.0,0.0,7.45e-05,0.0,0.0,0.0,0.0,0.0,0.0,0.0,0.0,0.0,0.0,0.0,0.0,0.000298029,0.000521551,0.0,0.0,0.0,3.73e-05,0.0,0.0,0.0
SRR12478880,0.0,0.001623377,0.0,0.0,0.0,0.0,0.055194805,0.0,0.0,0.003246753,0.0,0.0,0.0,0.0,0.0,0.0,0.0,0.0,0.0,0.0,0.0,0.0,0.0,0.003246753,0.011363636,0.0,0.00487013,0.0,0.0,0.0,0.0,0.01461039,0.00974026,0.0,0.0,0.199675325,0.0,0.0,0.0,0.01461039,0.0,0.0,0.0,0.0,0.0,0.029220779,0.0,0.006493506,0.0,0.003246753,0.0,0.003246753,0.0,0.0,0.0,0.0,0.00487013,0.0,0.0,0.0,0.0,0.058441558,0.0,0.0,0.0,0.0,0.019480519,0.011363636,0.0,0.0,0.0,0.0,0.0,0.0,0.011363636,0.0,0.001623377,0.0,0.0,0.0,0.001623377,0.0,0.0,0.0,0.022727273,0.0,0.0,0.0,0.0,0.0,0.0,0.0,0.00487013,0.0,0.0,0.0,0.003246753,0.0,0.001623377,0.0,0.0,0.0,0.0,0.0,0.001623377,0.0,0.0,0.00974026,0.0,0.0,0.001623377,0.0,0.0,0.0,0.0,0.0,0.003246753,0.0,0.0,0.0,0.022727273,0.0,0.0,0.0,0.0,0.0,0.003246753,0.0,0.0,0.0,0.0,0.0,0.0,0.0,0.0,0.0,0.0,0.0,0.00974026,0.0,0.0,0.0,0.001623377,0.0,0.0,0.0,0.0,0.0,0.0,0.0,0.0,0.001623377,0.0,0.0,0.0,0.003246753,0.0,0.048701299,0.0,0.0,0.0,0.0,0.0,0.0,0.0,0.0,0.0,0.0,0.0,0.0,0.0,0.006493506,0.0,0.0,0.001623377,0.0,0.0,0.032467532,0.0,0.0,0.0,0.0,0.0,0.0,0.0,0.0,0.0,0.0,0.0,0.0,0.001623377,0.282467532,0.0,0.0,0.0,0.0,0.0,0.0,0.0,0.0,0.0,0.0,0.0,0.0,0.0,0.0,0.0,0.0,0.0,0.0,0.008116883,0.0,0.003246753,0.0,0.0,0.0,0.0,0.0,0.0,0.0,0.0,0.003246753,0.00487013,0.001623377,0.011363636,0.0,0.001623377,0.001623377,0.0,0.0,0.0,0.0,0.0,0.0,0.003246753,0.0,0.0,0.0,0.0,0.0,0.0,0.0,0.0,0.0,0.0,0.0,0.0,0.0,0.0,0.0,0.0,0.016233766,0.0,0.0,0.0,0.0,0.0,0.0,0.0
SRR12478881,0.000695221,9.07e-05,0.0,0.0,0.0,6.05e-05,0.000332497,0.0,0.0,0.0,6.05e-05,0.00030227,0.0,0.000151135,0.0,0.0,0.0,0.00030227,0.0,0.001390442,0.000181362,0.0,0.0,0.002176344,0.000120908,0.0,0.000967264,0.001420669,0.000120908,0.001450896,3.02e-05,6.05e-05,0.000120908,3.02e-05,0.0,0.10485748,0.0,0.0,0.0,0.000120908,0.00030227,6.05e-05,0.000332497,0.0,0.0,0.014781005,9.07e-05,0.000120908,3.02e-05,0.002539068,6.05e-05,0.000816129,0.0,0.0,6.05e-05,6.05e-05,6.05e-05,0.0,0.0,0.0,0.0,0.000241816,0.0,0.0,0.0,0.0,0.005924493,0.001541577,0.0,3.02e-05,0.0,0.0,9.07e-05,0.0,0.000453405,0.0,0.000392951,0.0,0.0,0.0,3.02e-05,0.0,0.0,0.0,0.052504307,0.0,0.0,0.000574313,0.0,0.0,0.0,0.0,6.05e-05,6.05e-05,0.0,0.0,6.05e-05,0.0,0.003204063,0.0,0.0,0.0,0.0,0.0,9.07e-05,0.009733096,0.0,3.02e-05,0.0,0.0,0.0,0.00897742,0.0,6.05e-05,0.0,0.0,0.000211589,0.0,6.05e-05,3.02e-05,0.000634767,6.05e-05,0.0,0.0,0.0,0.0,0.000846356,0.000120908,0.0,0.003113381,0.0,0.000423178,0.0,3.02e-05,0.0,0.000272043,0.0,0.0,0.000513859,0.0,0.0,0.0,9.07e-05,0.0,0.0,0.0,0.0,3.02e-05,6.05e-05,0.0,0.0,0.009370371,0.00060454,3.02e-05,0.0,0.000272043,0.0,0.002569295,9.07e-05,0.000392951,3.02e-05,0.0,6.05e-05,0.0,0.0,0.0,0.0,9.07e-05,0.0,0.000241816,6.05e-05,0.000211589,0.00030227,0.0,0.000846356,0.0,3.02e-05,0.035879455,0.0,0.0,3.02e-05,0.0,3.02e-05,0.000181362,3.02e-05,0.0,0.0,0.0,0.0,0.000392951,0.0,0.69008252,6.05e-05,3.02e-05,0.0,0.000181362,3.02e-05,0.0,0.0,9.07e-05,0.0,0.0,0.0,0.011032857,0.001390442,0.0,0.0,0.0,0.0,0.0,0.002811111,0.0,6.05e-05,0.0,3.02e-05,9.07e-05,0.000241816,0.0,6.05e-05,3.02e-05,0.0,6.05e-05,0.000483632,0.0,0.003445879,0.0,3.02e-05,0.000241816,0.0,0.0,0.000876583,0.0,6.05e-05,9.07e-05,9.07e-05,0.0,3.02e-05,3.02e-05,0.0,3.02e-05,0.000151135,0.0,0.0,0.0,0.00030227,0.0,0.0,6.05e-05,0.0,0.0,0.0,0.0,0.0,3.02e-05,0.0,0.000120908,0.0,0.0,0.0
SRR12478882,0.004535147,0.000269949,0.0,0.0,0.0,5.4e-05,0.002753482,0.0,0.00016197,0.0,5.4e-05,5.4e-05,5.4e-05,0.0,0.0,0.0,0.00010798,0.0,0.000485909,0.0,5.4e-05,0.0,0.0,0.0,5.4e-05,0.0,0.00016197,0.005452975,0.0,0.00010798,0.00010798,5.4e-05,0.004049239,5.4e-05,0.0,0.461883166,0.0,0.0,0.0,0.000863838,0.0,5.4e-05,0.0,0.0,0.0,0.009664183,0.0,0.0,5.4e-05,0.00010798,5.4e-05,0.001079797,0.0,0.0,0.013011554,0.0,0.0,0.0,0.0,0.00016197,0.0,0.0,5.4e-05,0.0,0.0,0.0,0.006424792,0.00345535,0.0,0.00016197,0.0,0.0,0.0,0.0,0.00010798,0.0,0.004481158,0.0,0.0,0.0,5.4e-05,0.0,0.0,0.00010798,0.073588165,0.0,0.0,0.010204082,0.0,0.0,0.0,0.00016197,0.001187777,5.4e-05,0.0,0.0,5.4e-05,0.0,0.012255696,5.4e-05,0.0,0.0,0.0,0.0,0.0,5.4e-05,0.0,0.0,0.0,0.0,0.0,0.00010798,0.0,0.0,0.0,0.0,0.002915452,0.0,5.4e-05,5.4e-05,0.015225138,0.0,0.0,0.0,0.0,0.0,0.000485909,0.002105604,0.0,5.4e-05,0.0,0.000269949,0.0,0.000215959,0.0,0.00010798,0.0,0.0,5.4e-05,0.0,0.0,0.0,5.4e-05,0.0,5.4e-05,0.0,0.0,0.0,0.0,0.0,0.0,0.003023432,0.0,0.0,0.0,0.002267574,0.0,0.025429219,0.0,0.0,5.4e-05,0.00016197,0.0,0.0,0.0,0.0,0.0,0.00016197,0.0,0.0,0.00016197,0.00010798,0.001727675,0.0,0.000755858,0.0,0.0,0.26633193,0.0,0.0,0.0,0.0,0.0,0.0,5.4e-05,0.0,0.0,0.0,0.0,0.0,0.0,0.001619695,0.005668934,0.0,0.0,5.4e-05,5.4e-05,0.0,0.0,5.4e-05,0.0,0.00010798,0.0,0.000431919,0.0,0.0,0.0,0.0,0.0,0.0,0.031422093,0.0,5.4e-05,0.0,0.00016197,5.4e-05,0.0,0.0,0.0,0.0,0.0,0.000539898,0.003023432,0.0,0.003239391,0.0,0.000269949,0.000485909,0.0,0.0,0.0,0.0,0.0,0.0,0.0,0.0,0.0,0.0,0.0,0.0,0.0,0.0,0.0,0.0,0.007990498,0.0,0.0,5.4e-05,0.0,0.0,0.0,0.000269949,0.0,0.0,0.0,0.000269949,0.0,0.0,0.0
SRR12478883,0.000856164,0.0,0.000856164,0.0,0.045376712,0.0,0.023972603,0.0,0.0,0.0,0.0,0.001712329,0.0,0.001712329,0.0,0.0,0.000856164,0.0,0.0,0.0,0.0,0.0,0.0,0.000856164,0.001712329,0.0,0.000856164,0.002568493,0.0,0.000856164,0.0,0.0,0.0,0.0,0.0,0.053082192,0.0,0.0,0.0,0.005136986,0.0,0.0,0.0,0.0,0.0,0.009417808,0.0,0.0,0.0,0.000856164,0.0,0.024828767,0.0,0.0,0.000856164,0.0,0.000856164,0.0,0.0,0.0,0.0,0.0,0.0,0.0,0.0,0.0,0.009417808,0.008561644,0.0,0.0,0.0,0.0,0.0,0.0,0.005993151,0.0,0.029965753,0.0,0.0,0.0,0.0,0.0,0.0,0.0,0.038527397,0.0,0.0,0.010273973,0.0,0.0,0.0,0.0,0.0,0.0,0.0,0.0,0.000856164,0.0,0.004280822,0.0,0.0,0.0,0.0,0.0,0.0,0.01369863,0.0,0.002568493,0.0,0.0,0.0,0.0,0.0,0.0,0.0,0.0,0.002568493,0.0,0.0,0.0,0.002568493,0.0,0.0,0.0,0.0,0.0,0.003424658,0.001712329,0.0,0.000856164,0.0,0.0,0.0,0.000856164,0.0,0.0,0.0,0.0,0.0,0.0,0.0,0.0,0.0,0.0,0.0,0.0,0.0,0.0,0.0,0.0,0.0,0.003424658,0.0,0.000856164,0.0,0.000856164,0.0,0.01369863,0.0,0.001712329,0.001712329,0.0,0.0,0.0,0.0,0.0,0.0,0.000856164,0.0,0.0,0.0,0.0,0.0,0.0,0.000856164,0.0,0.0,0.077910959,0.0,0.0,0.0,0.0,0.0,0.0,0.0,0.0,0.0,0.0,0.0,0.024828767,0.0,0.286815068,0.0,0.0,0.0,0.0,0.0,0.0,0.001712329,0.0,0.006849315,0.0,0.0,0.005136986,0.0,0.0,0.006849315,0.002568493,0.0,0.0,0.008561644,0.0,0.0,0.0,0.0,0.0,0.002568493,0.0,0.0,0.001712329,0.0,0.000856164,0.004280822,0.0,0.0,0.0,0.004280822,0.0,0.0,0.0,0.0,0.0,0.0,0.0,0.0,0.0,0.0,0.0,0.0,0.000856164,0.0,0.0,0.0,0.005993151,0.000856164,0.0,0.0,0.0,0.0,0.0,0.002568493,0.002568493,0.0,0.0,0.0,0.0,0.0,0.0,0.0
SRR12478884,0.001623157,0.000135263,0.0,0.0,0.000541052,6.76e-05,0.008251048,0.0,6.76e-05,0.0,0.0,0.000135263,0.0,6.76e-05,0.0,0.0,0.0,0.0,0.000135263,0.0,0.000270526,0.0,0.0,0.002164209,0.000473421,0.0,0.0,0.000202895,0.0,0.0,0.000270526,0.000338158,0.0,0.0,0.0,0.043487082,0.0,0.0,0.0,0.000202895,0.0,6.76e-05,0.0,0.0,0.0,0.005951576,0.000202895,0.0,0.0,6.76e-05,0.0,0.000541052,0.0,0.0,6.76e-05,0.0,0.0,0.0,0.0,6.76e-05,0.0,0.0,0.0,0.0,0.0,0.0,0.007304207,0.003584472,0.0,0.0,0.0,0.0,0.0,0.0,0.000338158,0.0,0.000338158,0.0,0.0,6.76e-05,0.000202895,0.0,0.0,0.0,0.007642364,0.0,0.0,0.000135263,0.0,0.0,0.0,0.0,0.00087921,0.0,6.76e-05,6.76e-05,0.0,0.0,0.004869471,0.0,0.0,0.0,0.0,0.0,0.0,0.000135263,0.0,0.0,0.0,0.0,0.0,0.0,0.0,0.0,0.0,0.0,0.000676315,0.0,0.000202895,6.76e-05,0.00351684,0.0,0.0,0.0,0.0,0.0,0.0,0.000338158,0.0,0.000338158,0.0,0.000743947,0.0,0.0,0.0,6.76e-05,0.0,0.0,0.000338158,0.0,0.0,0.0,0.000202895,0.0,0.0,0.0,0.0,0.0,0.0,0.0,0.0,0.002772893,6.76e-05,0.0,0.0,0.000608684,0.0,0.003246314,0.0,6.76e-05,6.76e-05,0.0,0.0,0.0,0.0,6.76e-05,0.0,6.76e-05,0.0,0.0,6.76e-05,0.000743947,6.76e-05,0.0,0.000608684,0.0,0.0,0.017246044,0.0,0.0,0.0,0.0,0.0,0.0,0.0,0.0,0.0,0.0,0.0,0.0,0.0,0.863046125,0.000135263,0.0,0.0,6.76e-05,0.0,6.76e-05,6.76e-05,0.000338158,0.000135263,0.0,0.0,0.000608684,0.000946842,0.0,0.0,0.0,0.0,0.0,0.005816313,0.0,0.0,6.76e-05,0.000405789,6.76e-05,0.0,0.0,0.0,6.76e-05,0.001352631,0.000541052,6.76e-05,0.0,0.000338158,0.0,0.000405789,0.000202895,0.0,0.0,0.000135263,0.0,6.76e-05,6.76e-05,0.000743947,0.0,6.76e-05,0.0,0.0,0.0,0.0,0.0,0.0,0.0,0.0,6.76e-05,0.0,0.0,0.0,0.0,0.0,0.000135263,0.0,0.0,0.0,0.0,0.0,0.0,0.0
SRR12478885,0.000408898,0.0,0.0,0.0,0.0,0.0,0.004416094,0.0,8.18e-05,0.0,0.0,0.000654236,0.0,0.000408898,0.0,0.0,0.0,0.0,0.0,0.011694472,0.001226693,0.0,0.0,8.18e-05,0.0,0.0,0.0,0.04105332,0.000408898,0.0,0.0,0.0,0.0,0.0,0.0,0.087095191,0.0,0.0,0.0,0.0,0.0,0.0,0.000163559,0.0,0.0,0.008014393,0.0,0.0,0.0,0.000163559,0.0,8.18e-05,0.0,0.0,0.0,0.0,0.0,0.0,0.0,0.0,0.0,0.0,0.0,0.0,0.0,0.0,0.000163559,0.001799149,0.0,0.000163559,0.0,0.0,0.0,0.0,8.18e-05,0.0,0.000327118,0.0,0.0,0.0,0.0,0.0,0.0,0.000163559,0.000981354,0.0,0.0,0.000163559,0.0,0.0,0.0,0.0,0.001308472,0.0,0.0,0.0,8.18e-05,0.0,0.001144913,0.0,0.0,0.0,0.0,0.0,0.0,8.18e-05,0.0,0.0,0.0,0.0,0.0,0.0,0.0,0.000408898,0.0,0.0,0.000572457,8.18e-05,8.18e-05,0.0,0.003598299,0.0,0.0,0.0,0.0,0.0,0.0,0.000817795,0.0,0.002944063,0.0,0.0,0.0,0.000981354,0.0,0.0,0.0,0.0,0.0,0.0,8.18e-05,0.0,0.001799149,0.0,0.0,0.0,0.0,0.0,8.18e-05,0.0,0.0,8.18e-05,0.000408898,8.18e-05,0.0,0.0,8.18e-05,0.003598299,0.000163559,0.000490677,0.0,0.0,0.0,0.0,0.0,0.000163559,0.0,0.000163559,0.0,0.000327118,0.0,8.18e-05,0.000163559,0.0,8.18e-05,0.0,0.0,0.185312398,0.0,0.0,0.0,0.0,8.18e-05,0.0,0.0,0.0,0.0,0.0,8.18e-05,0.0,8.18e-05,0.619807,0.000163559,0.0,0.000327118,0.000327118,0.0,0.0,0.0,0.0,0.0,0.0,0.0,0.003025842,0.000572457,0.0,0.0,0.0,0.0,0.0,0.000736016,0.0,0.0,8.18e-05,0.000327118,8.18e-05,0.0,0.0,8.18e-05,0.0,0.0,0.000490677,0.0,0.0,0.000736016,8.18e-05,0.000163559,0.001063134,0.0,0.0,0.000736016,0.0,0.0,0.0,0.002208047,0.0,0.000245339,0.0,0.0,8.18e-05,8.18e-05,0.0,0.0,0.0,8.18e-05,0.0,0.0,0.0,0.0,0.0,0.002126268,0.0,0.0,8.18e-05,0.0,0.0,0.0,0.0,0.0
SRR12478886,0.000314338,4.49e-05,8.98e-05,0.0,0.0,0.000314338,0.000179622,0.0,0.0,0.0,0.0,0.033274956,0.0,0.000314338,4.49e-05,0.0,0.0,0.0,0.0,0.004804886,0.0,0.0,0.0,4.49e-05,0.000538866,0.0,0.000134716,0.790560869,0.001661503,0.0,0.0,0.0,8.98e-05,0.0,0.0,0.003457721,0.0,4.49e-05,0.0,4.49e-05,0.001302259,0.0,0.001032826,0.0,0.0,0.000179622,0.000404149,0.0,0.0,0.000449055,0.0,0.001257353,0.0,0.0,0.0,0.0,0.0,0.0,0.0,0.0,0.0,4.49e-05,0.0,0.0,4.49e-05,0.0,0.000404149,8.98e-05,0.0,0.0,0.0,0.0,0.000134716,0.0,0.000673582,4.49e-05,0.00049396,0.0,0.0,0.0,0.0,0.0,0.0,0.0,0.001302259,0.000853204,0.0,0.000134716,0.0,0.0,0.0,4.49e-05,0.000763393,0.0,0.0,8.98e-05,4.49e-05,0.0,0.012977682,0.0,0.0,0.0,0.0,0.0,0.000134716,0.000583771,0.0,0.0,0.021464817,0.0,0.0,4.49e-05,0.0,0.000224527,0.0,0.0,4.49e-05,8.98e-05,0.000538866,8.98e-05,0.000269433,0.0,0.0,0.0,0.0,0.0,0.0,0.000359244,0.0,0.013651264,0.0,0.0,0.000134716,0.001167542,0.0,0.0,0.0,0.0,4.49e-05,4.49e-05,4.49e-05,0.0,4.49e-05,0.0,0.0,0.0,0.0,4.49e-05,0.0,0.0,0.0,4.49e-05,0.003233194,0.000179622,0.0,0.000134716,0.000179622,0.000359244,4.49e-05,0.004041493,0.0,0.0,0.0,0.0,0.0,0.0,0.000404149,0.000224527,0.0,0.000583771,0.000673582,4.49e-05,0.0,0.0,4.49e-05,0.0,0.0,0.009789393,0.0,0.0,4.49e-05,0.0,8.98e-05,0.000404149,0.0,0.0,0.0,0.0,0.0,4.49e-05,0.0,0.004086398,4.49e-05,0.0,0.0,0.000538866,0.0,0.0,0.0,0.0,0.0,8.98e-05,0.0,0.061385783,4.49e-05,0.0,4.49e-05,0.0,0.0,0.0,0.002155463,0.0,0.0,0.0,0.0,4.49e-05,0.000449055,0.0,0.0,0.0,0.0,0.00049396,4.49e-05,0.0,0.000628677,0.0,0.000179622,0.0,0.0,8.98e-05,0.005972428,0.0,8.98e-05,0.000134716,4.49e-05,0.0,0.001257353,0.0,0.0,8.98e-05,8.98e-05,0.0,0.0,0.0,0.0,4.49e-05,0.0,0.0,0.0,0.0,0.0,0.0,0.0,0.0,0.0,0.000224527,0.0,0.0,0.0
SRR12478887,0.010568533,0.000921359,5.42e-05,0.0,0.000108395,0.0,0.051650317,0.0,5.42e-05,0.000596174,5.42e-05,0.000270988,0.0,0.0,0.0,0.0,5.42e-05,0.0,0.000433581,0.000487778,0.001625928,0.0,0.0,0.002872473,0.002547287,0.0,0.004281611,0.000325186,0.000108395,0.0,0.000758766,0.0,0.00655791,0.0,0.0,0.170451466,0.0,0.0,0.0,0.000650371,0.0,0.0,0.0,0.0,0.0,0.000162593,5.42e-05,0.0,5.42e-05,0.0,0.000541976,0.001896916,0.0,0.0,0.000325186,0.0,0.000758766,0.0,0.0,0.000270988,0.0,0.000108395,0.000162593,0.0,5.42e-05,0.000162593,0.007262479,0.004281611,0.0,0.000379383,0.0,0.0,0.0,0.0,0.0,0.0,0.00113815,0.0,0.0,0.0,0.000596174,0.0,5.42e-05,0.000108395,0.01696385,5.42e-05,0.0,0.000596174,0.0,0.0,0.0,0.000108395,0.000108395,0.000867162,0.0,0.0,0.001625928,0.0,0.012194461,0.0,0.0,0.0,0.0,0.0,5.42e-05,5.42e-05,0.0,0.0,0.0,0.0,0.0,0.0,0.0,0.0,5.42e-05,0.0,0.000379383,5.42e-05,5.42e-05,0.0,0.007641862,0.0,0.0,0.0,0.0,0.0,0.000867162,0.001409138,0.0,5.42e-05,0.000108395,0.0,0.0,0.000270988,0.0,0.001029754,0.0,0.0,0.007262479,0.0,0.0,0.0,0.002113707,0.0,0.0,0.0,0.0,0.0,5.42e-05,0.0,0.0,0.000270988,0.0,0.0,0.0,0.001246545,0.0,0.021353856,5.42e-05,5.42e-05,5.42e-05,0.0,0.0,0.0,0.000162593,0.000162593,0.0,0.000270988,0.0,0.0,0.000270988,0.000270988,0.002059509,0.0,0.000758766,0.0,0.0,0.01425397,0.0,0.0,0.0,0.0,5.42e-05,0.0,0.0,0.0,0.0,0.0,5.42e-05,5.42e-05,0.0,0.569183242,0.000379383,0.00021679,0.000162593,0.000162593,5.42e-05,0.0,0.002276299,0.00021679,0.0,0.0,0.0,0.000541976,0.017776814,0.0,5.42e-05,0.0,0.0,0.0,0.012411251,0.0,0.000108395,0.0,5.42e-05,0.0,0.0,0.0,0.0,0.00021679,0.00113815,0.000975557,0.002655683,0.0,0.002059509,0.0,0.000541976,0.002384695,0.0,0.0,5.42e-05,0.0,0.0,5.42e-05,0.000758766,0.0,0.0,0.0,0.0,0.0,0.0,0.0,0.0,0.0,5.42e-05,0.0,0.0,0.0,0.0,0.0,0.0,0.00135494,0.0,0.000108395,0.0,5.42e-05,0.0,0.0,0.0
SRR12478888,0.00189166,0.000601892,8.6e-05,0.0,8.6e-05,8.6e-05,0.025967326,0.0,0.001289768,0.00094583,0.000171969,0.001031814,0.0,0.000171969,8.6e-05,0.0,0.0,0.0,0.000601892,0.000773861,0.001375752,0.0,0.0,0.002235598,0.03250215,0.0,0.005760963,0.001117799,8.6e-05,0.0,0.003697334,0.000343938,0.009372313,0.0,8.6e-05,0.131384351,0.000171969,0.0,0.0,0.000343938,0.000343938,0.000171969,0.0,0.0,0.0,0.020206363,8.6e-05,0.0,0.0,0.000171969,0.003869304,0.000687876,0.0,0.0,0.0,0.0,8.6e-05,0.0,0.0,0.000429923,0.0,0.0,0.000171969,0.0,8.6e-05,0.000171969,0.004901118,0.014789338,0.0,0.000601892,0.0,0.0,0.0,0.0,0.010920034,8.6e-05,0.001203783,0.0,0.0,8.6e-05,0.000171969,0.0,8.6e-05,8.6e-05,0.039122958,0.0,0.0,0.000687876,0.0,0.0,0.0,0.000773861,0.000687876,0.000429923,0.001031814,0.0,0.00894239,0.0,0.008426483,0.0,0.0,0.0,0.0,0.0,0.0,0.000343938,8.6e-05,0.000515907,0.0,0.0,0.000515907,0.0,0.000171969,0.0,8.6e-05,8.6e-05,0.000257954,0.0,0.001547721,0.0,0.007738607,0.0,0.0,0.0,8.6e-05,0.0,0.002493551,0.000343938,0.0,0.002407567,0.0,0.0,0.0,0.000601892,0.0,0.000773861,0.0,0.0,0.009458298,8.6e-05,0.000257954,0.0,0.005932932,0.0,0.0,0.0,8.6e-05,0.0,0.000257954,0.0,0.0,8.6e-05,0.000343938,8.6e-05,0.0,0.00533104,8.6e-05,0.04866724,0.000171969,0.000257954,0.003095443,0.0,0.001805675,0.0,0.000687876,0.0,0.000171969,0.000687876,0.0,0.0,0.000515907,0.000859845,0.000257954,0.0,0.000429923,0.0,0.0,0.173516767,0.0,0.0,0.0,0.0,0.0,8.6e-05,0.0,0.0,0.0,0.0,0.0,0.000257954,0.0,0.313585555,0.0,0.000257954,0.000601892,0.001289768,0.000343938,0.0,0.0,0.000257954,0.0,0.0,0.0,0.0,0.001117799,0.0,0.0,0.0,0.0,0.0,0.024505589,0.0,0.000859845,0.000257954,0.001117799,0.0,0.0,0.0,8.6e-05,8.6e-05,0.001461737,0.001805675,0.003955288,0.0,0.002923474,0.0,0.001633706,0.000171969,0.0,0.0,0.000343938,0.0,0.000171969,0.0,0.005760963,0.0,0.0,0.0,0.000601892,8.6e-05,0.0,0.0,0.0,0.000343938,0.000171969,8.6e-05,0.000257954,0.0,0.000343938,0.0,8.6e-05,0.001805675,0.0,8.6e-05,0.0,0.000687876,0.0,0.0,0.0
SRR12478889,0.005440638,0.000269339,0.0,0.0,0.000161603,5.39e-05,0.023755656,0.0,5.39e-05,0.0,5.39e-05,0.000377074,0.0,5.39e-05,5.39e-05,0.0,0.000107735,0.0,0.000377074,0.0,0.011797027,0.0,0.0,0.00328593,0.004740358,0.0,0.004417151,0.000538677,0.000107735,0.0,0.000808016,0.0,0.001669899,0.0,5.39e-05,0.168767507,0.0,0.0,0.0,0.00210084,5.39e-05,5.39e-05,5.39e-05,0.0,0.0,0.000161603,0.0,0.0,0.0,0.000161603,0.002316311,0.00188537,5.39e-05,0.0,0.000161603,0.0,0.0,0.0,0.0,0.0,0.0,0.000107735,0.000107735,0.0,0.000107735,0.000107735,0.036522301,0.007002801,0.000107735,0.000269339,0.0,0.0,0.0,0.0,0.000430942,0.0,0.000808016,0.0,0.0,0.0,0.000107735,0.0,0.0,5.39e-05,0.048858005,0.0,0.0,0.011096746,0.0,0.0,0.0,0.000107735,0.00140056,0.0,0.0,0.0,0.000484809,0.0,0.010450334,0.0,0.0,0.0,0.0,0.0,0.0,5.39e-05,0.0,0.0,0.0,0.0,0.0,0.0,0.0,5.39e-05,0.0,0.0,0.001669899,0.0,0.0,0.0,0.007810817,0.0,0.0,0.0,0.0,0.0,0.001238957,0.0,0.0,0.000754148,5.39e-05,0.00140056,0.0,5.39e-05,0.0,0.000215471,0.0,0.0,0.009588451,5.39e-05,5.39e-05,5.39e-05,0.0,0.0,0.0,0.0,0.0,0.0,0.0,0.0,0.0,0.005440638,0.000107735,5.39e-05,0.0,0.000646412,0.0,0.020631329,0.0,0.000323206,0.001777634,0.0,0.0,0.0,0.0,0.0,0.0,0.000269339,0.0,5.39e-05,0.000377074,5.39e-05,0.001777634,0.0,0.000215471,0.0,5.39e-05,0.090066796,0.0,0.0,0.0,0.0,0.000107735,0.0,5.39e-05,0.0,0.0,0.0,0.0,0.0,0.000161603,0.456097824,0.000646412,5.39e-05,0.0,0.0,0.0,0.000107735,0.000808016,0.000215471,0.0,5.39e-05,0.0,0.001939237,0.000107735,0.0,0.0,0.0,0.0,0.0,0.010719672,0.0,0.000107735,0.0,0.000323206,0.000161603,0.000107735,0.0,0.0,0.0,0.000161603,0.001238957,0.006356389,0.0,0.001562163,0.0,0.000538677,0.000430942,0.0,0.0,0.000646412,0.0,0.0,0.0,0.000969619,0.0,0.000215471,0.0,0.0,0.0,0.0,0.0,0.0,0.0,0.007810817,5.39e-05,0.0,0.000107735,0.0,0.0,0.000215471,0.001454428,0.0,0.0,0.0,0.000215471,0.0,0.0,0.0
SRR12478890,0.003475018,0.000508539,4.24e-05,0.0,4.24e-05,8.48e-05,0.012501589,0.0,0.0,0.0,0.0,0.0,0.0,0.0,4.24e-05,0.0,4.24e-05,0.0,0.000762809,0.000127135,0.000127135,0.0,0.0,4.24e-05,0.000127135,0.0,8.48e-05,0.009068949,0.0,0.0,0.0,0.005466797,0.008094249,0.0,0.0,0.179853371,4.24e-05,4.24e-05,0.0,4.24e-05,8.48e-05,0.0,4.24e-05,0.0,0.0,0.001991779,0.0,4.24e-05,4.24e-05,0.000169513,4.24e-05,0.009662245,8.48e-05,0.0,0.003475018,4.24e-05,0.0,0.0,0.0,8.48e-05,0.0,4.24e-05,4.24e-05,0.0,0.0,0.0,0.025596474,0.007458575,0.0,0.000339026,0.0,0.0,0.0,0.0,8.48e-05,0.0,0.000339026,4.24e-05,0.0,0.0,0.0009747,0.0,0.0,0.0,0.053227105,0.0,0.0,0.00733144,0.0,0.0,0.0,0.000211891,0.001525618,0.0,0.0,8.48e-05,0.000339026,4.24e-05,0.009619867,0.0,0.0,8.48e-05,8.48e-05,0.0,0.0,0.000169513,0.0,0.00122897,4.24e-05,0.0,0.0,8.48e-05,0.0,0.0,0.0,0.0,0.000339026,0.000211891,8.48e-05,8.48e-05,0.003559775,0.0,0.0,0.0,0.0,0.0,0.000339026,0.030639488,0.0,0.000762809,0.0,0.001907022,0.0,4.24e-05,0.0,0.000635674,0.0,0.0,0.000593296,0.0,0.0,4.24e-05,0.0,0.0,0.0,0.0,0.0,0.0,0.0,0.0,0.000169513,0.001356105,0.0,4.24e-05,0.0,0.000466161,0.0,0.022206213,0.0,0.0,0.0,0.0,0.0,0.0,0.0,0.0,0.0,0.000127135,0.0,8.48e-05,8.48e-05,0.00025427,0.003686909,0.0,0.000381404,0.0,0.0,0.133067763,0.0,0.0,0.0,0.0,4.24e-05,0.0,0.0,0.0,0.0,0.0,0.0,0.000127135,4.24e-05,0.396618214,0.00317837,0.000847565,0.0,0.0,0.0,4.24e-05,0.0,0.0,0.0,0.0,0.0,0.001907022,0.004322583,0.0,8.48e-05,0.0,0.0,0.0,0.009407976,0.0,0.0,0.0,0.001864644,0.000169513,4.24e-05,0.0,0.0,4.24e-05,0.0,0.000508539,0.008009493,0.0,0.016485146,0.0,0.000932322,0.000720431,0.0,4.24e-05,0.000169513,0.0,0.000296648,8.48e-05,0.000466161,0.0,4.24e-05,0.0,0.0,0.0,0.0,0.0,0.0,0.000169513,0.001695131,4.24e-05,4.24e-05,0.0,4.24e-05,0.0,0.00025427,0.000508539,0.0,0.0,0.0,0.0,0.0,0.0,0.0
SRR12478891,0.0,0.0,0.0,0.0,0.0,0.0,0.0,0.0,0.020833333,0.0,0.0,0.0,0.0,0.0,0.0,0.0,0.0,0.0,0.0,0.0,0.0,0.0,0.0,0.0,0.0,0.0,0.0,0.0,0.0,0.0,0.0,0.0,0.0,0.0,0.0,0.041666667,0.0,0.0,0.0,0.0,0.0,0.0,0.0,0.0,0.0,0.0,0.0,0.0,0.0,0.0,0.0,0.0,0.0,0.0,0.0,0.0,0.0,0.0,0.0,0.0,0.0,0.0,0.0,0.0,0.0,0.0,0.0,0.0,0.0,0.0,0.0,0.0,0.0,0.0,0.0,0.0,0.229166667,0.0,0.0,0.0,0.0,0.0,0.0,0.0,0.0,0.0,0.0,0.0,0.0,0.0,0.0,0.0,0.0,0.0,0.0,0.0,0.0,0.0,0.0,0.0,0.0,0.0,0.0,0.0,0.0,0.0,0.0,0.3125,0.0,0.0,0.0,0.0,0.0,0.0,0.0,0.0,0.0,0.0,0.0,0.0,0.0,0.0,0.0,0.0,0.0,0.0,0.0,0.0,0.0,0.0,0.0,0.0,0.0,0.0,0.0,0.0,0.0,0.0,0.0,0.0,0.0,0.0,0.0,0.0,0.0,0.0,0.0,0.0,0.0,0.0,0.0,0.0,0.0,0.0,0.0,0.0,0.0,0.0,0.0,0.0,0.0,0.0,0.0,0.0,0.0,0.0,0.0,0.0,0.0,0.0,0.0,0.0,0.0,0.0,0.0,0.0,0.0,0.0,0.0,0.0,0.0,0.0,0.0,0.0,0.0,0.0,0.0,0.0,0.0,0.041666667,0.0,0.166666667,0.0,0.0,0.0,0.0,0.0,0.0,0.0,0.0,0.0,0.0,0.0,0.0,0.0,0.0,0.0,0.0,0.0,0.0,0.0,0.0,0.0,0.0,0.0,0.0,0.0,0.0,0.0,0.083333333,0.0,0.0,0.0,0.0,0.0,0.0,0.0,0.0,0.0,0.0,0.0,0.0,0.0,0.0,0.0,0.0,0.0,0.0,0.0,0.0,0.0,0.0,0.0,0.020833333,0.0,0.0,0.0,0.0,0.0,0.0,0.0,0.0,0.0,0.0,0.0,0.0,0.0,0.0,0.0
SRR12478892,0.00628822,0.0,0.0,0.0,0.0,0.0,0.0,0.0,0.0,0.0,0.0,0.00028845,0.0,0.0,5.77e-05,0.0,0.0,0.0,0.0,0.000346141,0.00011538,0.0,0.0,0.001038422,0.0,0.0,0.0,0.000461521,0.0,0.0,0.0,0.0,0.0,0.0,0.0,0.051055729,0.0,0.0,0.0,0.0,0.0,5.77e-05,5.77e-05,0.0,0.0,0.013441791,0.0,0.0,0.0,0.0,0.0,0.004615207,0.0,0.0,0.00028845,0.0,5.77e-05,0.0,5.77e-05,0.0,0.0,0.0,5.77e-05,0.0,0.0,0.0,0.004845967,0.000749971,0.000346141,0.0,0.0,0.0,0.0,0.0,5.77e-05,0.0,0.00028845,0.0,0.0,0.0,5.77e-05,0.0,0.0,0.0,0.005769009,0.0,0.0,0.000576901,0.0,0.0,0.0,0.0,5.77e-05,0.0,0.0,0.0,0.0,0.0,0.002249913,0.0,0.0,0.0,5.77e-05,0.0,0.0,5.77e-05,0.0,0.0,0.0,0.0,0.0,0.0,0.0,0.0,0.0,0.0,0.0,5.77e-05,0.0,0.0,0.00017307,0.0,0.0,0.0,0.0,0.0,0.0,0.0,0.0,0.00011538,0.0,0.0,0.0,0.0,0.0,0.0,0.0,0.0,5.77e-05,0.0,0.0,0.0,0.000865351,0.0,0.0,0.0,0.0,0.0,0.0,0.0,0.0,0.000923041,0.0,5.77e-05,0.0,0.000634591,0.0,0.001211492,0.0,0.00023076,0.0,0.0,0.0,0.0,0.0,0.0,0.0,5.77e-05,0.0,0.0,0.0,0.000461521,5.77e-05,0.0,0.0,0.0,0.0,0.008595823,0.0,0.0,0.0,0.0,0.00017307,0.0,0.0,0.0,0.0,0.0,0.0,0.00011538,0.0,0.887100496,0.000749971,0.0,0.0,0.00017307,0.0,0.0,0.0,5.77e-05,0.0,5.77e-05,0.0,0.000403831,0.0,0.0,0.0,0.0,0.0,0.0,0.000576901,0.0,0.0,0.0,0.0,0.0,0.0,0.0,0.0,0.0,0.0,0.00017307,0.00023076,0.0,0.000576901,0.0,0.00023076,0.000346141,0.0,0.0,0.00011538,0.0,0.0,0.0,0.00028845,0.0,0.00011538,0.000461521,0.0,0.0,0.0,0.0,0.0,0.00011538,0.0,5.77e-05,0.0,0.0,0.0,0.0,0.000403831,5.77e-05,0.0,0.0,0.0,0.0,0.0,0.0,0.0
SRR12478893,9.36e-05,0.000233918,0.0,0.0,0.000140351,0.000421053,0.008421053,0.0,0.0,4.68e-05,0.0,0.001169591,0.0,0.000187135,4.68e-05,0.0,9.36e-05,4.68e-05,9.36e-05,0.000187135,0.00051462,0.0,0.0,0.001076023,0.017076023,0.0,0.021005848,0.179649123,9.36e-05,0.0,0.00102924,0.000233918,0.000187135,0.0,0.0,0.097169591,0.0,0.0,0.0,0.000467836,0.000935673,4.68e-05,0.000795322,0.0,4.68e-05,0.00902924,9.36e-05,0.0,4.68e-05,4.68e-05,0.000233918,0.000701754,0.0,0.0,0.000187135,0.0,0.000654971,0.0,0.0,4.68e-05,0.0,4.68e-05,0.0,0.0,0.0,0.0,0.00051462,0.00051462,0.0,4.68e-05,0.0,0.0,0.0,0.0,0.000140351,0.0,0.000842105,0.0,0.0,0.0,0.0,0.0,9.36e-05,4.68e-05,0.004163743,0.000233918,0.0,0.003368421,0.0,0.0,0.0,0.0,0.000187135,0.0,0.0,4.68e-05,0.000233918,0.0,0.001122807,0.0,0.0,0.0,0.0,0.0,4.68e-05,0.00102924,0.0,0.0,0.0,0.0,0.0,0.000140351,0.0,0.000374269,9.36e-05,0.0,9.36e-05,0.000187135,0.0,4.68e-05,0.001590643,0.003040936,4.68e-05,0.0,0.0,0.0,0.000327485,0.000233918,0.0,0.010947368,4.68e-05,0.0,9.36e-05,0.004304094,0.0,0.000280702,0.0,0.0,0.011368421,0.0,0.0,0.0,4.68e-05,0.0,0.0,4.68e-05,0.0,0.0,0.0,0.0,0.0,4.68e-05,0.001122807,0.000140351,0.0,0.000561404,9.36e-05,0.002011696,9.36e-05,0.00102924,4.68e-05,0.0,9.36e-05,4.68e-05,0.0,0.0,0.0,0.001403509,0.0,0.001122807,4.68e-05,4.68e-05,0.0,0.0,4.68e-05,0.0,4.68e-05,0.499368421,0.0,0.0,4.68e-05,0.0,0.000374269,0.000374269,0.0,0.0,0.0,0.0,0.0,0.0,0.0,0.026479532,0.000701754,0.0,0.0,0.000608187,9.36e-05,9.36e-05,0.000608187,0.000374269,4.68e-05,0.0,0.0,9.36e-05,0.015017544,0.0,0.000140351,0.0,0.0,0.0,0.002292398,0.0,0.000233918,4.68e-05,0.0,4.68e-05,0.000140351,0.0,0.000187135,0.0,0.000374269,4.68e-05,0.002900585,0.0,0.000701754,0.0,0.001169591,0.000842105,0.0,0.0,0.000608187,0.0,0.0,0.0,0.007391813,0.0,0.000280702,9.36e-05,0.0,4.68e-05,0.0,0.0,0.0,0.0,4.68e-05,0.0,0.0,0.0,4.68e-05,0.0,0.000280702,0.000374269,0.0,9.36e-05,0.0,0.000280702,0.0,0.0,0.0
SRR12478894,0.00078638,0.000117957,0.0,0.0,3.93e-05,3.93e-05,0.0,0.0,0.0,0.0,0.0,7.86e-05,0.0,0.0,0.0,0.0,0.0,0.0,0.000825699,0.0,0.0,0.0,0.0,0.0,0.000157276,0.0,0.000235914,0.005268745,0.0,0.0,0.0,0.0,7.86e-05,0.0,0.0,0.327645185,0.0,3.93e-05,0.0,0.000432509,0.000117957,3.93e-05,0.0,0.0,3.93e-05,0.006487634,0.0,0.0,7.86e-05,7.86e-05,0.0,0.005150788,0.0,0.0,7.86e-05,0.0,0.0,0.0,0.0,0.0,0.0,0.0,0.0,0.0,0.0,7.86e-05,0.00078638,0.002123226,0.001336846,3.93e-05,0.0,0.0,0.0,0.0,0.000117957,0.0,0.000117957,0.0,0.0,0.0,0.0,0.0,0.0,0.0,0.055872292,7.86e-05,0.0,0.0140762,0.0,0.0,0.0,0.0,0.006173082,0.000117957,0.0,0.000117957,0.001336846,0.0,0.008414265,0.0,0.0,0.0,0.0,0.0,3.93e-05,0.0,0.0,0.0,0.0,0.0,0.0,0.0,0.0,0.0,0.0,0.0,0.000235914,3.93e-05,7.86e-05,0.0,0.087563402,0.0,0.0,0.0,0.0,0.0,3.93e-05,0.00275233,0.0,0.000275233,0.0,3.93e-05,0.0,3.93e-05,0.0,0.0,0.0,0.0,0.000511147,0.0,0.0,0.0,0.0,0.0,0.0,0.0,0.0,0.0,3.93e-05,0.0,0.0,0.005976487,0.000117957,0.0,0.0,0.000432509,0.0,0.006173082,0.0,0.000196595,0.0,0.0,0.0,0.0,0.0,0.0,0.0,0.000235914,0.0,0.0,7.86e-05,0.0039319,0.001061613,0.0,0.000117957,0.0,0.0,0.390516258,0.0,0.0,0.0,0.0,0.000589785,7.86e-05,0.0,0.0,0.0,0.0,0.0,0.0,0.0,0.00275233,0.002595054,0.0,0.0,3.93e-05,0.0,3.93e-05,0.0,3.93e-05,7.86e-05,0.000196595,0.0,0.001415484,0.040026737,0.0,0.0,0.0,0.0,0.0,0.003499391,0.0,0.0,0.0,0.000589785,0.0,3.93e-05,0.0,0.0,0.0,0.000235914,0.001376165,0.000589785,0.0,0.003027563,0.0,3.93e-05,0.000629104,0.0,0.0,3.93e-05,0.0,0.0,0.0,0.000825699,0.0,0.0,0.0,0.0,0.0,0.0,0.0,0.0,0.0,0.000353871,0.0,0.0,0.0,0.0,0.0,0.000904337,0.0,0.0,3.93e-05,0.0,0.000157276,0.0,0.0,0.0
SRR12478895,0.007867533,0.000686122,0.0,0.0,0.0,0.0,0.007867533,0.0,4.57e-05,0.000503156,9.15e-05,0.000548898,0.0,0.000137224,0.0,0.0,9.15e-05,0.0,0.001600951,4.57e-05,0.000457415,0.0,0.0,0.002149849,0.010383314,0.0,0.00279023,0.0018754,9.15e-05,0.0,0.000228707,0.0,0.004070991,9.15e-05,0.0,0.115222761,0.0,0.0,0.0,0.000137224,0.000228707,0.000137224,9.15e-05,0.0,0.0,0.001829659,0.0,0.0,0.0,0.007318635,0.000182966,0.000594639,4.57e-05,0.0,0.000137224,0.0,0.0,4.57e-05,0.0,0.000274449,0.0,4.57e-05,0.0,0.0,0.0,0.0,0.000686122,0.00654103,0.0,0.000182966,0.0,0.0,0.0,0.0,4.57e-05,9.15e-05,0.000548898,0.0,0.0,0.0,0.000457415,0.0,0.0,0.0,0.036684658,0.0,0.0,0.004940079,0.0,0.0,0.0,9.15e-05,0.002470039,0.0,0.0,4.57e-05,0.000503156,0.0,0.004848596,0.0,0.0,0.0,0.0,0.0,4.57e-05,0.000182966,0.0,0.0,0.0,0.0,0.000137224,0.000137224,4.57e-05,0.0,0.0,0.0,0.000640381,4.57e-05,9.15e-05,0.0,0.010977953,0.0,0.0,0.0,0.0,0.0,0.005580459,0.000640381,0.0,0.001692434,0.0,0.000777605,0.0,0.000182966,0.0,0.000228707,0.0,0.0,0.000823346,0.0,4.57e-05,0.0,0.002470039,0.0,0.0,4.57e-05,0.0,0.0,4.57e-05,0.0,0.0,0.000365932,9.15e-05,0.0,0.0,0.000869088,0.0,0.029823438,4.57e-05,0.000228707,0.000274449,4.57e-05,0.000594639,0.0,9.15e-05,0.0,0.0,0.000182966,0.0,0.000274449,0.000228707,0.000457415,0.000686122,0.0,0.000137224,0.0,4.57e-05,0.067194218,0.0,0.0,0.0,4.57e-05,9.15e-05,0.000137224,0.0,0.0,0.0,0.0,0.0,0.000182966,0.0,0.570167414,0.001372244,0.001006312,0.0,0.00032019,9.15e-05,0.0,0.007044186,0.000137224,0.0,0.0,0.0,0.001966883,0.023099442,0.0,0.0,0.0,0.0,0.0,0.015597841,0.0,0.002287073,4.57e-05,0.000914829,4.57e-05,4.57e-05,0.0,9.15e-05,0.0,0.00123502,0.001600951,0.00530601,0.000869088,0.004940079,0.0,0.001189278,0.0,0.0,0.0,0.000274449,0.0,0.0,0.0,0.003613576,0.0,4.57e-05,0.000137224,0.0,4.57e-05,0.0,0.0,0.0,0.0,0.000182966,0.0,4.57e-05,0.0,0.0,0.0,0.000182966,0.000411673,0.0,0.0,0.0,9.15e-05,0.0,0.0,0.0
SRR12478896,0.014859704,0.00016603,0.000249045,0.0,8.3e-05,0.000249045,0.027145941,0.0,0.000249045,8.3e-05,0.0,0.000913166,0.0,0.00033206,0.0,0.0,0.00016603,0.0,0.000830151,0.0,0.0,0.0,0.0,0.009297692,0.000996181,0.0,0.000415076,0.006641209,0.000581106,0.022082019,0.00033206,0.031628756,0.001245227,8.3e-05,0.0,0.316204549,0.0,0.0,0.0,0.00016603,0.001162212,0.00016603,0.000747136,0.0,0.0,0.00016603,0.0,8.3e-05,8.3e-05,0.0,0.002739499,0.001909348,8.3e-05,0.0,0.013448448,0.0,0.00016603,0.0,0.0,0.000498091,0.0,0.0,0.0,0.0,0.0,0.00016603,0.007139299,0.009712768,0.0,0.000415076,0.0,0.0,0.0,0.0,0.0,0.0,0.005395982,0.0,0.0,8.3e-05,0.000581106,0.0,0.0,0.0,0.039930267,0.0,0.0,0.043665947,0.0,0.0,0.0,0.0,0.000913166,0.000664121,0.0,0.0,0.00016603,0.0,0.025319608,0.0,0.0,0.00016603,0.0,0.0,0.0,0.001494272,0.0,0.0,0.0,8.3e-05,0.0,0.0,8.3e-05,0.000913166,8.3e-05,0.0,0.000913166,0.0,8.3e-05,0.0,0.027062925,0.0,0.0,0.0,0.0,0.0,0.000249045,0.002324423,0.0,0.020006641,8.3e-05,0.0,0.0,0.001245227,0.0,0.001162212,0.0,0.0,0.00033206,0.00016603,0.0,8.3e-05,8.3e-05,0.0,0.0,0.0,8.3e-05,0.0,0.0,0.0,0.0,0.00016603,0.002075378,8.3e-05,0.0,0.002158393,0.000498091,0.012286236,8.3e-05,0.000415076,0.0,0.0,0.0,0.0,0.0,8.3e-05,0.0,0.0,0.0,0.001328242,0.0,8.3e-05,0.001411257,0.0,0.000498091,0.0,0.00016603,0.24456251,0.0,0.0,0.0,0.0,0.0,0.000830151,0.0,0.0,0.0,0.0,8.3e-05,8.3e-05,8.3e-05,0.035779512,0.006392163,0.00033206,0.0,0.000913166,0.0,8.3e-05,0.0,0.000581106,0.0,0.000249045,0.0,8.3e-05,0.003237589,0.0,0.0,0.0,0.0,0.0,0.004233771,0.0,8.3e-05,0.0,0.0,0.0,8.3e-05,0.0,0.0,0.0,8.3e-05,0.001494272,0.005562012,0.0,0.004565831,0.0,0.000747136,0.000581106,0.0,0.0,0.000415076,0.0,0.00016603,8.3e-05,0.013116387,0.0,0.0,0.00016603,0.0,0.000249045,0.0,0.0,0.0,0.0,0.000581106,0.0,8.3e-05,0.0,0.0,0.0,0.000249045,0.001411257,0.0,0.00016603,0.0,0.00016603,0.0,0.0,0.0
SRR12478897,4.69e-05,0.0,4.69e-05,0.0,0.0,9.37e-05,4.69e-05,0.0,0.0,0.0,0.0,0.006278699,0.0,0.000281136,4.69e-05,0.0,0.0,0.0,0.0,0.0,0.0,0.0,0.0,0.0,0.0,0.0,0.0,0.249273733,0.002342798,0.0,0.0,0.0,0.000140568,0.0,0.0,0.000609128,0.0,0.0,0.0,0.000374848,0.001452535,0.0,0.001358823,0.0,0.0,9.37e-05,0.0,0.0,4.69e-05,0.00023428,0.0,0.000843407,0.0,0.0,0.0,0.0,0.0,0.0,0.0,0.0,0.0,4.69e-05,0.0,0.0,4.69e-05,0.0,0.000187424,0.0,0.0,0.0,0.0,0.0,0.0,0.0,0.000140568,4.69e-05,4.69e-05,0.0,0.0,0.0,0.0,0.0,0.0,0.0,0.000281136,0.0,0.0,0.000140568,0.0,0.0,0.0,9.37e-05,0.0,0.0,0.0,0.0,0.0,0.0,0.000187424,0.0,0.0,0.0,0.0,0.0,0.0,0.000562272,0.0,0.000702839,0.0,0.0,0.0,9.37e-05,0.0,0.00023428,0.0,0.0,0.0,0.0,4.69e-05,4.69e-05,9.37e-05,0.0,0.0,0.0,0.0,0.0,0.0,0.004170181,0.0,0.018742386,0.0,0.0,9.37e-05,0.000140568,0.0,0.0,0.0,0.0,0.0,0.0,4.69e-05,0.0,9.37e-05,0.0,0.0,0.0,0.0,0.0,0.0,0.0,0.0,4.69e-05,0.003701621,0.000187424,0.0,0.0,4.69e-05,0.000140568,9.37e-05,0.004357605,0.0,0.0,0.0,0.0,0.0,4.69e-05,0.0,9.37e-05,0.0,0.001780527,0.0,0.0,4.69e-05,0.0,0.0,0.0,0.0,0.637241121,0.0,0.0,0.0,0.0,0.0,0.000749695,4.69e-05,0.0,0.0,0.0,4.69e-05,0.000796551,0.0,0.003514197,0.0,0.0,0.0,0.001171399,0.0,0.0,0.0,0.0,0.0,4.69e-05,0.0,4.69e-05,0.044513167,0.0,0.0,0.0,0.0,0.0,9.37e-05,0.0,4.69e-05,0.0,0.000140568,4.69e-05,0.000140568,0.0,4.69e-05,0.0,0.0,0.0,0.0,0.0,9.37e-05,0.0,4.69e-05,0.0,0.0,4.69e-05,0.005903852,0.0,0.0,0.0,0.0,0.0,0.000983975,0.0,0.0,0.0,4.69e-05,0.0,0.0,0.0,9.37e-05,0.0,0.0,0.0,0.0,0.0,0.000140568,0.0,0.0,0.0,0.0,0.000187424,0.0,0.0,0.0
SRR12478898,0.009832523,3.6e-05,0.0,0.0,0.0,3.6e-05,0.028597155,0.0,0.00010805,0.0,3.6e-05,0.000540249,0.0,3.6e-05,0.0,0.0,0.0,0.0,0.0,0.0,3.6e-05,0.0,0.0,0.001800828,0.002124977,0.0,0.000432199,0.000288133,0.0,0.0,0.000180083,3.6e-05,0.005582568,0.0,0.0,0.061732397,7.2e-05,0.0,0.0,7.2e-05,0.0,0.0,0.0,0.0,0.0,0.00010805,0.0,0.0,3.6e-05,0.000252116,0.0,0.001728795,0.0,0.0,3.6e-05,0.0,0.003241491,0.0,0.0,3.6e-05,0.0,0.00010805,0.0,0.0,0.0,0.0,0.001872862,0.002341077,7.2e-05,0.00010805,0.0,0.0,0.0,0.0,0.00010805,0.0,0.000396182,0.0,0.0,0.0,0.000180083,0.0,0.0,0.0,0.017179903,0.0,0.0,0.000396182,0.0,0.0,0.0,0.0,3.6e-05,0.000216099,0.0,0.0,0.000252116,0.0,0.00367369,0.0,0.0,0.0,0.0,0.0,0.0,0.000144066,0.0,0.0,0.0,0.0,0.0,0.0,3.6e-05,0.0,0.0,3.6e-05,3.6e-05,0.0,0.0,0.0,0.003853773,0.0,0.0,0.0,0.0,0.0,0.000504232,0.000540249,0.0,0.000288133,0.0,0.000144066,0.0,0.0,0.0,0.000216099,0.0,0.0,0.000216099,0.0,0.000216099,0.0,0.00345759,0.0,0.0,0.0,0.0,0.0,0.0,0.0,0.0,0.000432199,0.0,3.6e-05,0.0,0.000684315,3.6e-05,0.0060868,0.00010805,0.000144066,0.0,0.0,0.00010805,0.0,0.0,0.0,0.0,0.000144066,0.0,3.6e-05,7.2e-05,0.001512696,0.00010805,0.0,0.000504232,0.0,0.0,0.016531605,0.0,0.0,3.6e-05,0.0,0.0,0.0,0.0,0.0,0.0,0.0,0.0,0.00010805,0.0,0.80471817,0.0,0.000144066,0.000144066,0.000432199,0.0,3.6e-05,0.0,3.6e-05,0.0,0.0,0.0,0.000432199,0.001584729,0.0,0.0,0.0,0.0,0.0,0.004754187,0.0,0.00010805,7.2e-05,0.00010805,0.0,3.6e-05,0.0,0.0,7.2e-05,0.001116514,0.000288133,0.000684315,0.0,0.002377093,3.6e-05,0.000252116,0.00010805,0.0,0.0,0.00010805,0.0,0.0,3.6e-05,0.000324149,0.0,0.0,0.0,7.2e-05,0.0,0.00010805,0.0,0.0,0.0,0.000144066,0.000144066,7.2e-05,0.0,0.0,0.0,0.0,0.000180083,0.0,0.00010805,0.0,0.0,0.0,0.0,0.0
SRR12478899,0.000224127,0.0,0.0,0.0,0.0,0.0,0.014288116,0.0,0.0,0.0,0.0,0.0,0.0,0.0,0.0,0.0,0.0,0.0,0.0,0.0,0.0,0.0,0.0,0.000168095,0.0,0.0,5.6e-05,0.000168095,0.0,0.0,0.0,0.0,0.001008573,0.0,0.0,0.031994173,0.0,0.0,0.0,0.0,0.0,0.0,0.0,0.0,0.0,0.0,0.0,0.0,0.0,0.0,0.0,5.6e-05,0.0,0.0,0.0,0.0,0.0,0.0,0.0,5.6e-05,0.0,0.0,0.0,0.0,0.0,0.0,0.0024654,0.0012327,0.0,0.0,0.0,0.0,0.0,0.0,0.0,0.0,0.000112064,0.0,0.0,0.0,0.000168095,0.0,0.0,0.0,0.009021124,0.0,0.0,0.0,0.0,0.0,0.0,0.0,0.001456827,5.6e-05,0.0,0.0,0.0,0.0,0.0012327,0.0,0.0,0.0,0.0,0.0,0.0,0.0,0.0,0.0,0.0,0.0,0.0,0.000224127,0.0,0.0,0.0,0.0,0.0,0.0,0.0,0.0,0.002297305,0.0,0.0,0.0,0.0,0.0,0.0,0.000224127,0.0,0.0,0.0,0.000336191,0.0,5.6e-05,0.0,0.000448255,0.0,0.0,5.6e-05,0.0,0.0,0.0,0.000168095,0.0,0.0,0.0,0.0,0.0,0.0,0.0,0.0,0.001512859,0.0,0.0,0.0,0.001064605,0.0,0.0012327,0.0,0.0,0.000224127,0.0,0.0,0.0,0.0,0.0,0.0,0.0,0.0,0.0,0.0,0.0,0.000112064,0.0,0.000112064,0.0,0.0,0.006275565,0.0,0.0,0.0,0.0,5.6e-05,0.0,0.0,0.0,0.0,0.0,0.0,0.0,0.0,0.915167815,0.0,0.0,0.0,0.0,0.0,0.0,0.0,0.000112064,0.0,0.0,0.0,0.000392223,0.000560318,0.0,0.0,0.0,0.0,0.0,0.0024654,0.0,0.0,0.0,0.000952541,0.0,0.0,0.0,0.0,0.0,0.000336191,5.6e-05,0.000392223,0.0,0.000672382,0.0,0.000224127,0.000336191,0.0,0.0,0.0,0.0,0.0,0.0,0.0,0.0,0.0,0.0,0.0,0.0,0.0,0.0,0.0,0.0,0.0,0.0,0.0,0.0,0.0,0.0,5.6e-05,0.000112064,0.0,0.0,0.0,0.0,0.0,0.0,0.0
SRR12478900,0.006965252,0.000661504,0.0,0.0,0.0,0.0,0.031363088,0.0,0.000233472,0.0,3.89e-05,0.000116736,0.0,0.0,3.89e-05,0.0,0.0,0.0,0.000116736,0.000155648,0.00019456,0.0,0.0,0.004552706,0.001284097,0.0,0.003735554,0.000856064,0.0,0.001284097,0.001128449,0.000233472,0.001050625,0.0,3.89e-05,0.120043581,0.0,0.0,0.0,0.000155648,0.0,0.000116736,0.0,0.0,0.0,0.000544768,0.0,3.89e-05,3.89e-05,0.0,0.000116736,0.001595393,0.0,0.0,7.78e-05,0.0,3.89e-05,0.0,0.0,0.0,0.0,0.0,0.0,0.0,0.0,0.0,0.00326861,0.012840967,0.0,0.000817152,0.0,0.0,0.0,0.0,0.001439745,0.0,0.000272384,0.0,0.0,0.000116736,3.89e-05,0.0,7.78e-05,0.0,0.020701195,0.0,0.0,0.008404996,0.0,0.0,0.0,0.0,0.000311296,7.78e-05,0.0,0.0,0.000428032,0.0,0.010934278,0.0,0.0,0.0,3.89e-05,0.0,0.0,7.78e-05,0.0,0.0,0.0,0.0,0.0,0.0,3.89e-05,0.0,0.0,0.0,0.001712129,0.000116736,0.00019456,0.0,0.048601113,0.0,0.0,0.0,0.0,0.0,0.001284097,0.00077824,0.0,3.89e-05,0.000622592,3.89e-05,0.0,0.0,0.0,0.000622592,0.0,0.0,0.009922565,0.0,7.78e-05,3.89e-05,0.000894976,0.0,0.0,0.0,0.0,0.0,0.0,0.0,0.0,7.78e-05,0.0,0.0,0.0,0.001789953,0.0,0.037199891,3.89e-05,0.0,0.020584459,0.0,0.0,0.0,0.0,0.000116736,0.0,0.000739328,0.0,0.0,0.000311296,0.0,0.000661504,0.0,0.001089537,0.0,0.0,0.026537998,0.0,0.0,0.0,0.0,0.0,0.0,0.0,0.0,0.0,0.0,0.0,0.000116736,0.0,0.514416903,0.002607105,0.000155648,0.0,0.000116736,0.0,3.89e-05,0.0,0.000272384,0.0,0.0,0.0,0.0,0.020584459,0.0,0.0,0.0,0.0,0.0,0.009961477,0.0,0.00019456,0.0,0.0,3.89e-05,3.89e-05,0.0,0.0,0.0,0.000116736,0.001089537,0.004319234,0.0,0.042024982,0.0,0.002684929,0.000116736,0.0,0.0,0.0,0.0,0.0,0.0,0.004280322,0.0,0.0,0.0,0.0,3.89e-05,0.0,0.0,0.0,0.0,0.00365773,0.0,7.78e-05,0.0,0.0,0.0,7.78e-05,0.000700416,0.0,0.0,0.0,0.000311296,0.0,0.0,0.0
SRR12478901,0.011216131,0.000126024,0.0,0.0,0.000126024,0.000126024,0.000252048,0.0,0.001134216,0.000378072,0.000252048,0.000252048,0.0,0.000126024,0.0,0.0,0.000126024,0.0,0.001008192,0.001134216,0.006049149,0.0,0.0,0.006049149,0.01726528,0.0,0.006553245,0.002016383,0.0,0.000126024,0.001008192,0.000756144,0.007057341,0.0,0.0,0.199873976,0.0,0.0,0.0,0.001260239,0.0,0.0,0.0,0.0,0.0,0.016887209,0.000126024,0.0,0.000126024,0.008191556,0.00352867,0.010586011,0.0,0.0,0.008695652,0.000126024,0.000504096,0.000252048,0.0,0.000378072,0.0,0.00063012,0.000252048,0.0,0.0,0.0,0.004662886,0.009199748,0.0,0.000378072,0.0,0.0,0.0,0.0,0.0,0.0,0.001890359,0.0,0.0,0.0,0.0,0.0,0.0,0.000126024,0.134593573,0.0,0.0,0.02747322,0.0,0.0,0.0,0.0,0.001134216,0.000882168,0.000126024,0.0,0.001260239,0.0,0.015500945,0.0,0.0,0.0,0.0,0.0,0.0,0.000504096,0.0,0.000504096,0.0,0.0,0.0,0.0,0.0,0.0,0.000126024,0.0,0.000378072,0.000126024,0.0,0.000126024,0.011594203,0.0,0.0,0.0,0.0,0.0,0.000882168,0.000504096,0.0,0.000378072,0.0,0.000756144,0.0,0.000252048,0.0,0.000378072,0.0,0.0,0.001386263,0.0,0.0,0.0,0.0,0.0,0.0,0.0,0.0,0.0,0.0,0.0,0.0,0.000756144,0.0,0.000126024,0.0,0.002520479,0.0,0.028607435,0.0,0.0,0.001260239,0.0,0.000756144,0.0,0.001260239,0.0,0.0,0.000756144,0.0,0.0,0.000252048,0.000252048,0.002142407,0.0,0.000252048,0.0,0.0,0.060113422,0.0,0.0,0.0,0.0,0.000126024,0.0,0.0,0.0,0.0,0.0,0.0,0.000126024,0.0,0.30447385,0.003024575,0.000252048,0.0,0.0,0.0,0.0,0.009325772,0.00063012,0.0,0.0,0.0,0.001386263,0.000126024,0.0,0.0,0.0,0.0,0.0,0.008821676,0.0,0.000378072,0.0,0.000378072,0.0,0.0,0.0,0.000126024,0.000378072,0.000252048,0.001638311,0.014492754,0.0,0.003780718,0.0,0.001008192,0.001764335,0.0,0.0,0.000252048,0.0,0.000252048,0.0,0.001134216,0.000378072,0.0,0.001638311,0.0,0.00063012,0.000126024,0.0,0.0,0.0,0.0,0.0,0.000126024,0.0,0.0,0.0,0.00352867,0.003906742,0.0,0.000252048,0.0,0.001260239,0.0,0.0,0.0
SRR12478902,0.007473143,0.00015569,0.0,0.0,0.000259484,0.00015569,0.030255851,0.0,5.19e-05,5.19e-05,0.000259484,0.000415175,5.19e-05,0.0,0.0,0.0,0.0,0.0,0.000103794,0.0032695,0.00015569,0.0,0.0,0.0,0.000363278,0.0,5.19e-05,0.000518968,0.0,0.0,5.19e-05,5.19e-05,0.005345373,0.0,0.0,0.075821267,0.0,0.0,0.0,5.19e-05,5.19e-05,0.0,0.0,0.0,0.0,0.004463127,0.000103794,0.0,0.000103794,5.19e-05,0.0,0.001556905,0.0,0.0,0.00015569,0.0,0.00015569,0.0,0.0,0.000259484,0.0,0.0,5.19e-05,0.0,0.0,0.0,0.012195755,0.002542945,0.0,0.00015569,0.0,0.0,5.19e-05,0.0,5.19e-05,0.0,0.000830349,0.0,0.0,5.19e-05,0.0,0.0,0.0,0.0,0.022211843,0.0,0.0,0.00015569,0.0,0.0,0.0,0.0,0.000103794,0.000415175,0.0,0.0,0.000207587,0.0,0.00441123,0.0,0.0,0.0,0.0,5.19e-05,5.19e-05,0.00015569,0.0,0.0,0.0,0.0,0.0,0.0,0.0,0.0,0.0,0.0,0.000415175,0.000415175,0.000311381,0.0,0.007161762,0.0,0.0,0.0,0.0,0.0,0.000467071,0.000830349,0.0,0.000415175,0.0,0.000467071,0.0,0.0,0.0,0.000259484,0.0,0.0,0.000259484,0.000311381,0.000207587,5.19e-05,0.002075873,0.0,0.0,0.0,0.0,0.0,5.19e-05,0.0,0.0,0.004515024,5.19e-05,5.19e-05,0.0,0.000674659,0.0,0.00866677,0.000103794,0.00015569,0.0,0.0,0.0,0.0,0.000103794,0.0,0.0,0.000103794,0.0,0.0,0.000103794,0.00752504,0.000259484,0.0,0.000311381,0.0,0.0,0.010223675,0.0,0.0,0.0,0.0,0.000103794,0.0,5.19e-05,0.0,0.0,0.0,0.0,0.000103794,0.0,0.762935285,5.19e-05,0.0,0.000103794,0.000570865,5.19e-05,0.0,0.0,0.000259484,0.0,0.0,0.0,0.000415175,0.000467071,0.0,0.00015569,0.0,0.0,0.0,0.002854326,0.0,0.000103794,0.0,0.000103794,0.000103794,5.19e-05,0.0,0.0,5.19e-05,5.19e-05,0.000570865,0.002698635,0.0,0.000570865,0.0,0.000311381,0.000415175,0.0,0.0,0.000311381,0.0,0.0,0.0,0.001349318,0.000103794,0.000103794,0.0,5.19e-05,0.0,5.19e-05,0.0,0.0,0.0,0.0,0.0,5.19e-05,5.19e-05,0.0,0.0,0.0,0.000674659,0.0,5.19e-05,0.0,5.19e-05,0.0,0.0,0.0
SRR12478903,0.001797107,0.0,0.0,0.0,0.000179711,4.49e-05,0.013073951,0.0,4.49e-05,4.49e-05,0.0,0.0,0.0,0.0,0.0,0.0,0.0,0.0,0.000134783,0.000224638,0.000134783,0.0,0.0,0.000359421,0.000134783,0.0,4.49e-05,0.000179711,0.0,4.49e-05,0.000404349,4.49e-05,8.99e-05,0.0,4.49e-05,0.038637793,0.0,0.0,0.0,4.49e-05,0.0,4.49e-05,0.0,0.0,0.0,8.99e-05,0.0,0.0,0.0,8.99e-05,4.49e-05,0.003594213,0.0,0.0,8.99e-05,0.0,0.000224638,0.0,0.0,8.99e-05,0.0,4.49e-05,0.0,0.0,0.0,0.0,0.006559439,0.000853626,0.0,4.49e-05,0.0,0.0,4.49e-05,0.0,0.0,0.0,0.000673915,0.0,0.0,0.0,0.0,0.0,0.0,0.0,0.010872495,0.0,0.0,0.000404349,0.0,0.0,0.0,4.49e-05,0.000179711,0.000134783,0.0,0.0,0.000359421,0.0,0.000494204,0.0,0.0,0.0,0.0,0.0,0.0,8.99e-05,0.0,0.0,0.0,0.0,0.0,0.0,0.0,0.0,0.0,0.0,0.000224638,4.49e-05,8.99e-05,0.0,0.0021116,0.0,0.0,0.0,0.0,0.0,0.000134783,0.000494204,0.0,4.49e-05,0.0,0.000314494,0.0,8.99e-05,0.0,4.49e-05,0.0,0.0,0.000449277,0.0,0.0,0.0,0.0,0.0,0.0,0.0,0.0,0.0,0.0,0.0,0.0,0.005346392,0.0,0.0,0.0,0.000134783,0.0,0.005031899,0.0,0.0,0.0,0.0,0.0,0.0,4.49e-05,0.0,0.0,4.49e-05,0.0,0.0,0.0,0.002515949,0.000134783,0.0,8.99e-05,0.0,0.0,0.026731962,0.0,0.0,0.0,0.0,0.0,0.0,0.0,0.0,0.0,0.0,0.0,0.0,0.0,0.862745979,0.000134783,0.000134783,0.0,0.0,0.0,0.0,0.0,0.000269566,0.0,0.0,0.0,0.005211609,0.001302902,0.0,0.0,0.0,0.0,0.0,0.001976817,0.0,0.0,0.0,4.49e-05,0.0,0.0,0.0,0.0,0.0,8.99e-05,0.000134783,0.000673915,0.0,0.000404349,0.0,0.000134783,0.0,0.0,0.0,0.0,0.0,0.0,0.0,0.000359421,4.49e-05,0.0,0.0,0.0,4.49e-05,0.0,0.0,0.0,0.0,0.000404349,0.0,0.0,8.99e-05,0.0,0.0,0.0,8.99e-05,0.0,0.0,0.0,0.0,0.0,0.0,0.0
SRR12478904,0.00035628,0.000158347,0.00011876,0.0,0.0,7.92e-05,0.00011876,0.0,0.0,0.0,0.0,0.00241479,0.0,0.000277107,0.0,0.0,0.0,0.0,0.0,0.003483631,0.0,0.0,0.0,0.00035628,3.96e-05,0.0,3.96e-05,0.074779304,0.001108428,3.96e-05,0.0,0.001543882,3.96e-05,0.0,0.0,0.473496695,0.0,3.96e-05,0.0,0.0,0.000633387,0.0,0.000791734,0.0,0.0,0.012351055,7.92e-05,0.0,0.0,0.00023752,0.0,0.003364871,0.0,0.0,0.0,0.0,0.0,0.0,0.0,0.0,0.0,7.92e-05,7.92e-05,0.0,3.96e-05,0.000593801,0.000435454,0.000870908,0.000633387,0.0,0.0,0.0,0.0,0.01120304,0.0,0.0,0.000197934,0.0,0.0,0.0,0.0,0.0,3.96e-05,0.0,0.006610981,3.96e-05,0.0,0.006452634,0.0,0.0,0.0,0.0,0.003246111,0.0,0.0,0.0,0.0,0.0,0.002731483,0.0,0.0,0.0,0.0,0.0,3.96e-05,0.001029255,0.0,0.0,0.0,0.0,0.0,3.96e-05,0.0,0.000277107,3.96e-05,0.0,7.92e-05,3.96e-05,0.0,7.92e-05,0.001425122,0.0,0.0,0.0,0.0,0.0,0.0,0.0,0.0,0.017101461,3.96e-05,0.0,7.92e-05,0.0,0.0,0.00011876,0.0,0.0,3.96e-05,7.92e-05,0.00011876,0.0,0.000277107,0.0,0.0,3.96e-05,0.0,0.0,0.0,0.0,3.96e-05,3.96e-05,0.002375203,0.000197934,0.0,0.00023752,7.92e-05,0.000633387,7.92e-05,0.002098096,0.0,0.0,0.0,0.0,0.0,0.0,0.0,3.96e-05,0.0,0.001029255,0.0,0.001900162,3.96e-05,0.0,0.0,0.0,3.96e-05,0.305965718,0.0,0.0,0.0,0.0,3.96e-05,0.000316694,0.0,0.0,0.0,0.0,0.0,7.92e-05,0.0,0.003562804,3.96e-05,3.96e-05,0.0,0.000395867,3.96e-05,0.0,0.0,7.92e-05,0.0,3.96e-05,0.0,0.000435454,0.0,0.0,0.000158347,0.0,0.0,0.0,0.033925814,0.0,0.0,3.96e-05,0.001227188,0.00023752,0.000435454,0.0,3.96e-05,0.0,3.96e-05,0.000197934,0.0,3.96e-05,0.000316694,0.0,3.96e-05,0.00011876,0.0,0.00011876,0.004908753,0.0,7.92e-05,3.96e-05,0.000316694,0.0,0.000752148,0.0,0.0,0.0,0.0,0.0,0.0,0.0,0.001425122,0.0,0.0,0.0,0.0,0.0,0.00265231,0.0,0.0,0.0,0.0,0.0,0.0,0.0,0.0
SRR12478905,0.00182565,0.0,0.0,0.0,0.0,0.0,0.030579644,0.0,0.003651301,0.0,0.0,0.0,0.0,0.0,0.0,0.0,0.0,0.0,0.000456413,0.0,0.0,0.0,0.0,0.033774532,0.002282063,0.0,0.0,0.014605203,0.0,0.0,0.0,0.0,0.0,0.0,0.0,0.104518485,0.0,0.0,0.0,0.0,0.0,0.0,0.0,0.0,0.0,0.000456413,0.0,0.0,0.0,0.000456413,0.0,0.000456413,0.0,0.0,0.001369238,0.0,0.0,0.0,0.0,0.0,0.0,0.0,0.0,0.0,0.0,0.0,0.002738476,0.005020539,0.0,0.0,0.0,0.0,0.0,0.0,0.006389776,0.0,0.00182565,0.0,0.0,0.0,0.000456413,0.0,0.0,0.0,0.016430853,0.0,0.0,0.003651301,0.0,0.0,0.0,0.0,0.000456413,0.0,0.0,0.0,0.0,0.0,0.020082154,0.0,0.0,0.0,0.0,0.0,0.0,0.0,0.0,0.001369238,0.0,0.0,0.0,0.0,0.0,0.0,0.0,0.0,0.013692378,0.0,0.0,0.0,0.027841168,0.0,0.0,0.0,0.0,0.0,0.0,0.0,0.0,0.0,0.0,0.0,0.0,0.0,0.0,0.0,0.0,0.0,0.0,0.0,0.0,0.0,0.000456413,0.0,0.0,0.0,0.0,0.0,0.0,0.0,0.0,0.000456413,0.0,0.0,0.0,0.002282063,0.0,0.009584665,0.0,0.0,0.00182565,0.0,0.0,0.0,0.0,0.0,0.0,0.0,0.0,0.0,0.0,0.0,0.0,0.0,0.000456413,0.0,0.0,0.149246919,0.0,0.0,0.0,0.0,0.0,0.0,0.0,0.0,0.0,0.0,0.0,0.0,0.0,0.427202191,0.001369238,0.000456413,0.0,0.0,0.0,0.0,0.0,0.0,0.0,0.0,0.0,0.002738476,0.020082154,0.0,0.0,0.0,0.0,0.0,0.005020539,0.0,0.0,0.0,0.0,0.0,0.0,0.0,0.0,0.0,0.0,0.000456413,0.0,0.0,0.001369238,0.0,0.0,0.0,0.0,0.0,0.0,0.0,0.0,0.000456413,0.002282063,0.0,0.0,0.0,0.0,0.001369238,0.0,0.0,0.0,0.000456413,0.078046554,0.0,0.0,0.0,0.0,0.0,0.0,0.0,0.0,0.0,0.0,0.0,0.0,0.0,0.0
SRR12478906,0.002430815,0.000560957,0.0,0.0,0.000186986,0.0,0.036368736,0.0,0.000373972,0.00065445,0.0,0.001308901,0.0,0.000373972,0.0,0.0,0.000467464,0.0,0.000841436,0.000280479,0.005422588,0.0,0.0,0.005048616,0.002337322,0.0,0.00065445,0.000934929,9.35e-05,0.001869858,0.000747943,0.00065445,0.008133882,0.0,0.000186986,0.17539267,0.0,0.0,0.0,0.000373972,0.0,0.000186986,9.35e-05,0.0,0.0,0.000280479,9.35e-05,0.0,0.000186986,0.0,0.001963351,0.001028422,0.0,0.0,0.000186986,0.0,0.000186986,0.0,0.0,0.000186986,0.0,0.0,0.000186986,0.0,0.0,0.0,0.007853403,0.009723261,0.0,0.000186986,0.0,0.0,0.0,0.0,9.35e-05,0.0,0.000560957,0.0,0.0,0.0,0.0,0.0,0.000373972,0.000186986,0.060676889,0.0,0.0,0.004674645,0.0,0.0,0.0,9.35e-05,0.0,0.000560957,0.0,0.0,0.001589379,9.35e-05,0.010564697,0.0,0.0,0.0,0.0,0.0,0.0,0.000280479,0.0,0.001028422,0.0,9.35e-05,0.0,0.0,0.0,0.0,0.0,0.0,0.002337322,0.001402393,9.35e-05,0.0,0.023466717,0.0,0.0,0.0,9.35e-05,0.0,0.000841436,0.002243829,0.0,0.001308901,0.0,0.000280479,0.0,0.000280479,0.0,0.000280479,0.0,0.0,0.002617801,0.0,0.000280479,0.0,0.007292446,0.0,9.35e-05,0.0,9.35e-05,0.0,0.000373972,0.0,0.0,0.000841436,0.0,9.35e-05,0.0,0.005048616,0.0,0.031226627,0.000280479,0.0,0.000373972,0.0,0.000280479,0.0,0.000186986,0.0,9.35e-05,0.000467464,0.0,0.000186986,9.35e-05,0.000186986,0.000373972,0.0,0.000186986,0.0,0.0,0.026271503,0.0,0.0,0.0,0.0,9.35e-05,0.0,0.0,0.0,0.0,0.0,0.0,0.000280479,0.0,0.473541511,0.0,0.006077038,0.00065445,0.000467464,0.000373972,9.35e-05,0.0,0.000280479,9.35e-05,0.0,0.0,9.35e-05,0.017389678,0.0,0.0,0.0,0.0,0.0,0.011967091,0.0,0.000560957,0.000186986,0.000467464,0.0,9.35e-05,0.0,9.35e-05,0.0,0.006731488,0.000934929,0.005796559,0.000373972,0.002337322,9.35e-05,0.001402393,0.000373972,0.0,0.0,0.0,0.0,0.0,9.35e-05,0.001028422,0.000280479,0.0,9.35e-05,0.0,0.000186986,0.0,0.0,0.0,0.0,0.00065445,0.0,0.000186986,0.0,0.0,0.0,9.35e-05,0.002150337,0.0,0.0,0.0,0.000934929,0.0,0.0,0.0
SRR12478907,0.008075843,0.000351124,8.78e-05,0.0,0.000175562,0.0,0.000175562,0.0,0.001141152,0.0,8.78e-05,0.000351124,0.0,0.0,0.0,0.0,8.78e-05,0.0,0.001843399,0.00096559,0.000877809,0.0,0.0,0.009216994,0.005442416,0.0,0.002018961,0.011850421,0.000175562,0.001053371,0.001492275,8.78e-05,0.005091292,0.0,0.0,0.130617978,0.0,8.78e-05,0.0,0.0,0.000263343,0.000175562,0.000526685,0.0,0.0,0.007724719,0.000175562,0.0,0.0,0.063290028,0.0,0.001316713,0.0,0.0,0.002721208,0.0,0.0,0.000263343,0.0,0.000438904,0.0,0.000175562,0.0,0.0,0.0,0.000263343,0.003335674,0.016239466,0.0,0.000877809,0.0,0.0,8.78e-05,0.0,0.000351124,8.78e-05,0.001755618,0.0,0.0,0.0,0.000175562,0.0,0.0,0.000263343,0.055477528,0.0,0.0,0.055916433,0.0,0.0,0.0,0.000263343,0.000526685,0.0,0.0,0.0,0.004213483,0.0,0.015800562,0.0,0.0,0.0,0.0,0.0,0.0,0.000351124,0.0,0.0,0.0,0.0,0.0,0.0,0.0,0.000263343,0.0,0.0,0.011850421,0.005793539,0.000438904,8.78e-05,0.02729986,0.0,0.0,0.0,0.0,0.0,0.036604635,8.78e-05,0.0,0.007636938,8.78e-05,0.000877809,0.0,0.000614466,0.0,0.000526685,0.0,0.0,0.043802669,0.0,0.0,8.78e-05,0.002018961,0.0,0.0,0.0,0.0,0.0,0.0,0.0,0.0,0.000351124,0.001580056,0.0,0.0,0.002457865,8.78e-05,0.142117275,0.0,8.78e-05,0.0,0.0,0.0,0.0,0.0,0.000175562,0.0,0.004476826,0.0,0.000351124,0.000702247,0.000351124,0.000175562,0.0,0.001404494,0.0,0.0,0.172577247,0.0,0.0,0.0,0.0,0.0,8.78e-05,0.0,0.0,0.0,0.0,0.0,8.78e-05,0.0,0.031425562,0.002282303,0.00096559,0.0,0.000702247,0.000263343,0.0,8.78e-05,0.000175562,0.0,0.000175562,0.0,0.001316713,0.005705758,0.0,8.78e-05,0.0,0.0,0.0,0.029757725,0.0,0.000175562,0.0,0.001053371,0.0,0.000175562,0.0,0.0,0.0,0.000175562,0.009392556,0.0,0.001404494,0.009041433,0.0,0.002106742,0.000175562,0.0,0.0,0.000438904,0.0,0.0,0.000175562,0.007373596,0.0,0.0,0.002457865,0.001843399,0.000351124,0.0,0.0,0.0,0.0,0.001843399,0.0,0.000175562,0.0,0.000175562,0.0,0.003247893,0.0,0.0,8.78e-05,0.0,0.000526685,0.0,0.0,0.0
SRR12478908,0.006543724,0.000148721,0.0,0.0,0.0,0.000148721,0.067816776,0.0,0.0,0.0,0.0,0.0,0.0,0.0,0.0,0.0,0.0,0.0,0.000148721,0.000148721,0.000297442,0.0,0.0,0.002528257,0.001933373,0.0,0.000148721,0.001933373,0.0,0.000446163,0.00148721,0.010707912,0.000148721,0.0,0.0,0.149464604,0.0,0.0,0.0,0.000743605,0.000148721,0.0,0.0,0.0,0.0,0.000148721,0.0,0.0,0.0,0.0,0.0,0.003271862,0.0,0.0,0.000594884,0.0,0.000148721,0.0,0.0,0.000594884,0.0,0.0,0.0,0.0,0.0,0.0,0.001041047,0.015466984,0.0,0.000743605,0.0,0.0,0.0,0.0,0.0,0.0,0.000148721,0.0,0.0,0.0,0.000297442,0.0,0.0,0.0,0.013831053,0.0,0.0,0.010707912,0.0,0.0,0.0,0.0,0.000297442,0.0,0.0,0.000297442,0.000892326,0.0,0.007584771,0.0,0.0,0.0,0.0,0.0,0.0,0.0,0.0,0.000297442,0.0,0.0,0.0,0.0,0.0,0.0,0.0,0.0,0.0,0.000297442,0.0,0.0,0.006841166,0.019185009,0.0,0.0,0.0,0.0,0.000148721,0.001933373,0.0,0.001338489,0.0,0.0,0.0,0.000148721,0.0,0.000446163,0.0,0.0,0.035990482,0.0,0.0,0.0,0.0,0.0,0.0,0.0,0.0,0.0,0.0,0.0,0.0,0.000297442,0.0,0.000148721,0.0,0.003123141,0.0,0.019185009,0.0,0.0,0.0,0.0,0.0,0.0,0.0,0.0,0.0,0.000297442,0.0,0.000297442,0.000297442,0.000297442,0.001338489,0.0,0.000594884,0.0,0.0,0.016061868,0.0,0.0,0.0,0.000148721,0.000148721,0.0,0.0,0.0,0.0,0.0,0.0,0.0,0.0,0.526026175,0.004610351,0.0,0.0,0.0,0.0,0.0,0.00892326,0.0,0.000148721,0.0,0.0,0.000594884,0.011005354,0.0,0.0,0.0,0.0,0.0,0.00594884,0.0,0.000446163,0.0,0.0,0.000148721,0.0,0.0,0.0,0.0,0.000446163,0.000892326,0.003271862,0.0,0.004610351,0.0,0.000892326,0.000148721,0.0,0.0,0.0,0.0,0.0,0.0,0.005353956,0.000148721,0.0,0.000594884,0.0,0.0,0.0,0.0,0.0,0.0,0.013236169,0.0,0.0,0.0,0.0,0.0,0.000594884,0.0,0.0,0.0,0.0,0.000297442,0.0,0.0,0.0
SRR12478909,0.004556023,0.001503018,2.35e-05,0.0,4.7e-05,4.7e-05,0.017965759,0.0,0.000187877,2.35e-05,4.7e-05,0.0,0.0,0.0,0.0,0.0,4.7e-05,0.0,0.00439163,0.0,0.000117423,0.0,0.0,0.0,0.000258331,0.0,0.000117423,0.000681055,0.0,0.0,0.0,0.001103779,0.00742115,0.0,0.0,0.28780442,0.000117423,0.0,0.0,0.0,0.0,2.35e-05,0.0,0.0,0.0,0.003123459,0.0,0.0,4.7e-05,9.39e-05,0.011178695,0.00368709,4.7e-05,0.0,7.05e-05,0.0,0.0,0.0,0.0,0.000211362,0.0,0.0,2.35e-05,0.0,0.0,9.39e-05,0.004955262,0.003452244,0.0,0.000140908,0.0,0.0,0.0,0.0,0.000140908,0.0,0.000422724,0.0,0.0,0.0,9.39e-05,0.0,0.0,0.000187877,0.020854372,0.0,0.0,0.056316197,2.35e-05,0.0,0.0,2.35e-05,0.000587116,0.0,0.0,0.0,7.05e-05,0.0,0.024658885,0.0,0.0,9.39e-05,2.35e-05,0.0,0.0,2.35e-05,0.0,0.0,2.35e-05,0.0,0.0,2.35e-05,0.0,0.0,0.0,0.0,0.007796905,0.0,9.39e-05,0.000117423,0.02437707,0.0,0.0,0.0,0.0,0.0,7.05e-05,0.001972711,0.0,7.05e-05,0.0,0.000211362,0.0,7.05e-05,0.0,0.000117423,0.0,0.0,4.7e-05,4.7e-05,0.0,0.0,2.35e-05,0.0,0.0,0.0,0.0,0.0,2.35e-05,0.0,2.35e-05,0.000375754,2.35e-05,0.0,0.0,0.001855288,0.0,0.015852141,0.0,4.7e-05,0.0,2.35e-05,0.0,0.0,0.0,0.0,0.0,0.000117423,0.0,0.0,7.05e-05,4.7e-05,0.001197717,0.0,0.000493178,0.0,0.0,0.412554895,0.0,0.0,0.0,0.0,2.35e-05,2.35e-05,0.0,0.0,0.0,0.0,0.0,0.0,0.000140908,0.002324981,0.002395435,0.000187877,0.0,0.0,2.35e-05,0.0,2.35e-05,4.7e-05,0.0,0.000140908,0.0,0.00070454,4.7e-05,0.0,2.35e-05,0.0,0.0,0.0,0.004602992,0.0,0.000328785,2.35e-05,0.000446208,4.7e-05,0.0,0.0,0.0,2.35e-05,4.7e-05,0.000328785,0.012071112,0.0,0.002278011,0.0,0.000399239,0.000634086,0.0,0.0,2.35e-05,0.0,4.7e-05,0.0,0.0,0.0,0.0,0.0,0.0,0.000164393,0.0,0.0,0.0,0.0,0.039947394,2.35e-05,0.0,0.0,0.0,0.0,0.0,0.004931777,0.0,0.0,0.0,2.35e-05,0.0,0.0,0.0
SRR12478910,0.0,0.0,0.0,0.0,0.0,0.0,0.0,0.0,0.0,0.0,0.0,0.0,0.0,0.0,0.0,0.0,0.0,0.0,0.0,0.0,0.0,0.0,0.0,0.0,0.0,0.0,0.040935673,0.011695906,0.0,0.01754386,0.0,0.0,0.0,0.0,0.0,0.105263158,0.0,0.0,0.0,0.0,0.0,0.0,0.0,0.0,0.0,0.005847953,0.0,0.0,0.0,0.0,0.0,0.0,0.0,0.0,0.0,0.0,0.0,0.0,0.0,0.01754386,0.0,0.0,0.0,0.0,0.0,0.0,0.052631579,0.0,0.0,0.0,0.0,0.0,0.0,0.0,0.0,0.0,0.0,0.0,0.0,0.0,0.0,0.0,0.0,0.0,0.052631579,0.0,0.0,0.005847953,0.0,0.0,0.0,0.0,0.0,0.0,0.0,0.0,0.0,0.0,0.01754386,0.0,0.0,0.0,0.0,0.0,0.0,0.0,0.0,0.064327485,0.0,0.0,0.0,0.0,0.0,0.0,0.0,0.0,0.0,0.0,0.0,0.0,0.052631579,0.0,0.0,0.0,0.0,0.0,0.005847953,0.0,0.0,0.0,0.0,0.0,0.0,0.0,0.0,0.0,0.0,0.0,0.0,0.0,0.0,0.0,0.0,0.0,0.0,0.0,0.0,0.0,0.0,0.0,0.0,0.0,0.0,0.0,0.0,0.0,0.0,0.011695906,0.0,0.0,0.0,0.0,0.0,0.0,0.0,0.0,0.0,0.0,0.0,0.0,0.0,0.0,0.0,0.0,0.0,0.0,0.0,0.16374269,0.0,0.0,0.0,0.0,0.0,0.0,0.0,0.0,0.0,0.0,0.0,0.005847953,0.0,0.16374269,0.0,0.0,0.0,0.0,0.0,0.0,0.0,0.0,0.0,0.0,0.0,0.0,0.0,0.0,0.0,0.029239766,0.0,0.0,0.040935673,0.0,0.0,0.0,0.0,0.0,0.0,0.0,0.0,0.0,0.0,0.0,0.0,0.0,0.046783626,0.0,0.0,0.005847953,0.0,0.0,0.0,0.0,0.0,0.0,0.0,0.0,0.0,0.0,0.0,0.0,0.0,0.0,0.0,0.011695906,0.029239766,0.0,0.0,0.0,0.0,0.0,0.0,0.0,0.0,0.0,0.0,0.0,0.0,0.0,0.0
SRR12478911,0.006175865,0.000196059,0.0,0.0,9.8e-05,0.0,0.021076365,0.0,9.8e-05,0.000294089,0.0,0.000490148,0.0,0.000294089,0.0,0.0,9.8e-05,0.0,0.000686207,0.000980296,0.000294089,0.0,0.0,0.005685717,0.012645819,0.0,0.001078326,0.003431036,9.8e-05,0.0,0.001274385,0.000882266,0.004607391,0.0,0.0,0.145083815,0.0,0.0,0.0,0.000294089,9.8e-05,9.8e-05,9.8e-05,0.0,0.0,0.002940888,0.000196059,0.0,0.0,0.00490148,0.003725125,0.000980296,9.8e-05,0.0,0.002744829,0.0,0.000196059,0.0,0.0,9.8e-05,0.0,0.0,0.000196059,0.0,0.0,0.0,0.014410352,0.007842368,0.0,9.8e-05,0.0,0.0,9.8e-05,0.0,0.003136947,0.000196059,0.000784237,0.0,0.0,0.0,0.000686207,0.0,0.0,0.000196059,0.03470248,0.0,0.0,0.021076365,9.8e-05,0.0,0.0,0.0,0.000196059,0.000882266,0.0,0.000196059,0.000392118,0.0,0.011567493,0.0,0.0,0.0,0.0,0.0,0.0,0.000882266,0.0,0.000686207,0.0,0.0,0.0,0.0,0.0,9.8e-05,0.0,9.8e-05,0.000784237,9.8e-05,0.000784237,0.000294089,0.02235075,9.8e-05,0.0,0.0,0.0,0.0,0.000490148,0.000588178,0.0,0.000882266,0.0,0.0,0.0,0.000294089,0.0,0.000686207,0.0,0.0,0.001960592,0.0,0.0,9.8e-05,0.005685717,0.0,0.0,0.0,0.0,0.0,9.8e-05,0.0,0.0,0.000686207,0.000294089,0.0,0.0,0.000882266,0.0,0.024213312,9.8e-05,0.000196059,0.0,0.0,0.0,0.0,9.8e-05,0.0,0.0,0.000392118,0.0,9.8e-05,9.8e-05,0.001176355,0.000392118,0.0,0.0,0.0,0.0,0.048328595,0.0,0.0,0.0,0.0,0.0,0.0,0.0,0.0,0.0,0.0,0.0,0.000686207,0.0,0.49887266,0.001078326,0.000490148,0.000294089,0.000784237,0.0,0.0,0.0,0.000294089,9.8e-05,0.0,0.0,0.000980296,0.00980296,0.0,0.0,0.0,0.0,0.0,0.010587197,0.0,9.8e-05,9.8e-05,0.000196059,0.0,9.8e-05,0.0,9.8e-05,9.8e-05,0.021762572,0.001960592,0.005391628,0.000980296,0.000686207,0.0,0.000196059,0.000196059,0.0,0.0,9.8e-05,0.0,9.8e-05,0.0,0.000392118,0.0,0.0,9.8e-05,0.0,0.000196059,0.0,0.0,0.0,0.0,0.005979806,0.0,0.0,0.0,9.8e-05,0.0,0.000294089,0.000490148,0.0,9.8e-05,0.0,0.0,0.0,0.0,0.0
SRR12478912,0.007174984,3.57e-05,3.57e-05,0.0,0.0,0.0,0.000178482,0.0,0.0,0.0,3.57e-05,0.0,0.0,0.0,0.0,0.0,0.0,0.0,3.57e-05,0.001142286,0.001035197,0.0,0.0,0.005175983,0.00049975,0.0,0.000928107,0.000178482,0.0,7.14e-05,3.57e-05,0.0,0.000464054,0.0,0.0,0.105982723,0.0,0.0,0.0,0.000107089,0.0,0.0,0.0,0.0,0.0,0.031020204,3.57e-05,0.0,3.57e-05,0.000178482,0.000214179,0.000785322,0.0,0.0,0.000142786,0.0,3.57e-05,0.0,0.0,0.0,0.0,0.000107089,3.57e-05,0.0,0.0,0.0,0.007924609,0.002427358,0.0,7.14e-05,0.0,0.0,0.0,0.0,3.57e-05,0.0,0.000464054,0.0,0.0,0.0,0.000321268,0.0,0.0,0.0,0.072106804,0.0,0.0,0.000249875,0.0,0.0,0.0,7.14e-05,7.14e-05,3.57e-05,0.0,0.0,7.14e-05,0.0,0.005283073,0.0,0.0,0.0,0.0,0.0,0.0,3.57e-05,0.0,0.0,0.0,0.0,0.0,0.0,0.0,0.0,3.57e-05,0.0,0.000535447,0.000214179,7.14e-05,0.0,0.006139787,0.0,0.0,0.0,0.0,0.0,0.000178482,0.000142786,0.0,0.000142786,0.0,0.0,0.0,0.0,0.0,0.000321268,0.0,0.0,0.000142786,3.57e-05,0.0,0.0,0.0,0.0,0.0,0.0,0.0,0.0,0.0,0.0,0.0,0.000464054,0.0,0.0,0.0,0.001427857,3.57e-05,0.006282573,0.0,0.0,0.0,0.0,0.0,0.0,0.0,3.57e-05,0.0,7.14e-05,0.0,3.57e-05,0.000142786,0.005854216,0.000142786,0.0,0.000321268,0.0,0.0,0.009066895,0.0,0.0,0.0,0.0,0.000535447,0.0,0.0,0.0,0.0,0.0,0.0,0.0,0.0,0.674055829,7.14e-05,0.000107089,0.0,0.0,3.57e-05,0.0,7.14e-05,3.57e-05,0.0,0.0,0.0,0.000356964,0.001249375,0.0,3.57e-05,0.0,0.0,0.0,0.023202684,0.0,0.0,0.0,0.000178482,0.0,7.14e-05,0.0,0.0,0.0,7.14e-05,0.000678232,0.015420861,0.000178482,0.001891911,0.0,0.000107089,0.000856714,0.0,0.0,7.14e-05,0.0,0.0,0.0,0.001642036,0.0,7.14e-05,3.57e-05,0.000214179,0.0,3.57e-05,0.0,0.0,0.0,0.0,0.0,0.0,0.0,0.0,0.0,0.0,0.000642536,0.0,0.0,0.0,0.000214179,0.0,0.0,0.0
SRR12478913,0.012835086,0.000284172,0.0,0.0,9.47e-05,0.0,0.027327839,0.0,4.74e-05,0.000947239,0.00023681,0.000426257,4.74e-05,0.000189448,0.0,0.0,0.000189448,0.0,0.000284172,4.74e-05,0.000663067,0.0,0.0,0.006867481,0.009046131,0.0,0.001420858,0.000331534,0.0,0.0,0.000757791,0.000994601,0.000520981,0.0,4.74e-05,0.172728995,0.0,0.0,0.0,9.47e-05,4.74e-05,4.74e-05,9.47e-05,0.0,0.0,4.74e-05,4.74e-05,9.47e-05,4.74e-05,9.47e-05,0.0,0.001752392,0.0,0.0,4.74e-05,4.74e-05,0.0,0.0,0.0,0.000142086,0.0,4.74e-05,0.0,0.0,0.0,0.000331534,0.00146822,0.010135455,0.0,0.000426257,0.0,0.0,0.0,0.0,0.00341006,0.000142086,0.00023681,0.0,0.0,0.000142086,9.47e-05,0.0,4.74e-05,0.0,0.09936535,0.0,0.0,0.001184048,0.0,0.0,0.0,0.0,0.00123141,4.74e-05,0.0,4.74e-05,0.001562944,0.0,0.016197783,4.74e-05,0.0,0.0,0.0,0.0,0.0,9.47e-05,0.0,0.0,0.0,0.0,0.00023681,0.0,0.0,0.0,4.74e-05,0.0,0.00194184,0.000189448,9.47e-05,4.74e-05,0.022639007,0.0,0.0,0.0,0.0,0.0,0.002036563,0.001373496,0.0,0.000805153,0.0,0.000615705,0.0,9.47e-05,0.0,0.000189448,0.0,0.0,0.001278772,0.00023681,4.74e-05,4.74e-05,0.002462821,0.0,0.0,0.0,0.0,0.0,0.0,0.0,0.0,0.006299138,0.000142086,0.0,0.0,0.000994601,0.0,0.033626977,0.000142086,0.000331534,0.0,0.0,0.0,0.0,0.0,0.000142086,0.0,0.000331534,0.0,0.000142086,0.00023681,0.002273373,0.000947239,0.0,0.000710429,0.0,0.0,0.025338638,4.74e-05,0.0,0.0,0.0,0.0,0.0,0.0,0.0,0.0,0.0,0.0,0.000284172,0.0,0.449606896,9.47e-05,0.001373496,4.74e-05,0.001089325,4.74e-05,0.0,4.74e-05,0.000189448,9.47e-05,0.0,0.0,0.008004168,0.006441224,0.0,9.47e-05,0.0,0.0,0.0,0.010893246,0.0,0.001136687,4.74e-05,0.000899877,9.47e-05,9.47e-05,0.0,0.0,4.74e-05,0.000189448,0.002841716,0.007719996,0.000520981,0.015250545,0.0,0.000520981,0.000331534,0.0,0.0,0.000378896,0.0,0.0,4.74e-05,0.004025765,0.0,4.74e-05,0.0,0.000331534,4.74e-05,0.0,0.0,0.0,0.0,0.000568343,0.0,0.0,4.74e-05,0.000142086,0.0,4.74e-05,9.47e-05,0.0,0.0,0.0,0.00023681,0.0,0.0,0.0
SRR12478914,0.000280544,0.0,4.68e-05,0.0,0.0,0.000748118,0.000280544,0.0,4.68e-05,0.0,0.0,0.001402721,0.0,9.35e-05,0.0,0.0,0.0,0.0,0.000467574,0.0,4.68e-05,0.0,0.0,0.0,9.35e-05,0.0,9.35e-05,0.001122177,0.000794875,0.0,0.0,0.0,0.000561089,0.0,0.0,0.108851171,0.0,0.0,0.0,0.0,0.000233787,0.0,0.000841633,0.0,0.0,0.011689344,0.0,0.0,0.0,0.00018703,0.0,0.004956282,0.0,0.0,0.0,0.0,0.0,0.0,0.0,0.0,0.0,9.35e-05,0.0,0.0,0.0,4.68e-05,0.012858278,0.001730023,0.0,0.0,0.0,0.0,0.0,0.0,0.000327302,0.000140272,0.000374059,0.0,0.0,0.0,0.0,0.0,0.0,0.0,0.031327442,0.0,0.0,0.009304718,0.0,0.0,0.0,0.0,0.000233787,0.0,0.0,0.0,0.0,0.0,0.003460046,0.0,0.0,0.0,0.0,0.0,0.0,0.000374059,0.0,0.0,0.0,0.0,0.0,0.0,0.0,0.000140272,0.0,0.0,0.000233787,0.000841633,4.68e-05,0.0,0.006499275,0.0,0.0,0.0,0.0,0.0,0.000374059,0.0,0.0,0.004021134,0.0,0.0,0.0,0.0,0.0,0.000514331,0.0,0.0,0.0,0.0,0.0,0.0,9.35e-05,0.0,0.0,0.0,0.0,0.0,0.0,0.0,0.0,0.014027213,0.000467574,4.68e-05,0.0,0.000467574,0.0,0.005751157,0.0,0.001496236,0.0,0.0,0.000140272,0.0,0.0,0.0,0.0,0.000140272,0.0,0.000233787,4.68e-05,0.0,0.000140272,0.0,0.000654603,0.0,4.68e-05,0.095385047,0.0,0.0,0.000140272,0.0,0.000233787,0.00018703,0.0,0.0,0.0,0.0,0.0,0.0,0.0,0.646514238,0.000981905,0.0,0.0,0.00018703,4.68e-05,0.0,0.0,0.000140272,0.0,4.68e-05,0.0,0.0057044,0.002758685,0.0,0.000140272,0.0,0.0,0.0,0.004675738,0.0,4.68e-05,0.0,4.68e-05,0.0,9.35e-05,0.0,0.0,0.0,4.68e-05,4.68e-05,9.35e-05,0.0,0.000467574,0.0,0.000327302,9.35e-05,0.0,4.68e-05,0.002898957,0.0,0.0,0.0,0.00018703,0.0,0.000420816,0.000327302,0.0,0.0,0.0,0.0,0.0,0.0,4.68e-05,0.0,0.000233787,4.68e-05,0.0,0.0,0.006639547,4.68e-05,0.0,9.35e-05,0.0,4.68e-05,0.0,0.0,0.0
SRR12478915,0.003590177,3.02e-05,0.0,0.0,6.03e-05,3.02e-05,0.02157123,0.0,6.03e-05,0.000120678,0.0,0.000452543,0.0,0.000120678,0.0,0.0,0.0,0.0,6.03e-05,0.000301696,3.02e-05,0.0,0.0,0.001689495,0.000241356,0.0,0.00066373,0.000241356,9.05e-05,0.000120678,6.03e-05,3.02e-05,0.000181017,0.0,0.0,0.057110964,0.0,0.0,0.0,3.02e-05,0.000120678,0.0,0.000211187,0.0,0.0,0.003861703,3.02e-05,3.02e-05,0.0,0.000120678,0.0,0.014119351,0.0,0.0,6.03e-05,0.0,0.0,0.0,0.0,6.03e-05,0.0,6.03e-05,0.0,0.0,3.02e-05,0.0,0.006697641,0.000603391,0.0,6.03e-05,0.0,0.0,0.0,0.0,0.0,3.02e-05,0.000271526,0.0,0.0,0.0,6.03e-05,0.0,0.0,0.0,0.047094672,0.0,0.0,0.000181017,0.0,0.0,0.0,0.0,0.000995595,0.0,6.03e-05,3.02e-05,0.0,0.0,0.007964762,0.0,0.0,0.0,0.0,0.0,0.0,0.000241356,0.0,0.000603391,0.0,0.0,0.0,0.000241356,0.0,0.0,0.0,0.0,9.05e-05,0.0,0.0,0.0,0.002835938,0.0,0.0,0.0,0.0,0.0,0.000150848,0.000211187,0.0,0.000905087,0.0,0.000181017,0.0,0.0,0.0,0.000150848,0.0,0.0,0.000120678,0.0,0.0,0.0,0.000392204,0.0,0.0,0.0,0.0,0.0,0.0,0.0,0.0,0.003831533,9.05e-05,3.02e-05,0.0,0.000935256,0.0,0.001086104,0.0,0.00066373,0.0,0.0,0.000241356,0.0,0.0,9.05e-05,0.0,3.02e-05,0.0,6.03e-05,3.02e-05,3.02e-05,0.000181017,0.0,0.000301696,0.0,0.0,0.008839679,0.0,0.0,3.02e-05,0.0,0.00066373,0.0,0.0,0.0,0.0,0.0,0.0,0.000150848,0.0,0.769866651,0.0,0.0,0.0,6.03e-05,0.0,3.02e-05,9.05e-05,6.03e-05,0.0,0.0,0.0,0.010891209,9.05e-05,0.0,6.03e-05,0.0,0.0,0.0,0.017106136,0.0,0.0,0.0,0.000392204,0.0,0.0,0.0,3.02e-05,0.0,6.03e-05,6.03e-05,0.000754239,0.0,0.000784408,0.0,0.000120678,0.000241356,0.0,0.0,0.000995595,0.0,0.0,9.05e-05,3.02e-05,0.0,9.05e-05,0.001930851,0.0,0.0,0.0,0.0,0.0,0.0,0.000271526,0.0,0.0,0.0,0.0,0.0,0.000844747,0.000452543,0.0,0.0,0.0,3.02e-05,0.0,0.0,0.0
SRR12478916,0.001369863,0.0,0.0,0.0,0.0,0.0,0.0,0.0,0.0,0.0,0.0,0.0,0.0,0.0,0.0,0.0,0.0,0.0,0.0,0.0,0.0,0.0,0.0,0.001369863,0.001369863,0.0,0.0,0.001369863,0.0,0.015068493,0.0,0.0,0.0,0.0,0.0,0.082191781,0.0,0.0,0.0,0.0,0.0,0.0,0.0,0.0,0.0,0.017808219,0.0,0.001369863,0.0,0.097260274,0.0,0.001369863,0.0,0.0,0.0,0.0,0.0,0.0,0.0,0.0,0.0,0.002739726,0.0,0.0,0.0,0.0,0.006849315,0.0,0.0,0.0,0.0,0.0,0.0,0.0,0.0,0.0,0.0,0.0,0.0,0.0,0.0,0.0,0.0,0.0,0.028767123,0.0,0.0,0.008219178,0.0,0.0,0.0,0.0,0.0,0.0,0.0,0.0,0.0,0.0,0.005479452,0.0,0.0,0.0,0.0,0.0,0.0,0.004109589,0.0,0.0,0.0,0.0,0.0,0.005479452,0.0,0.0,0.0,0.0,0.0,0.0,0.0,0.0,0.004109589,0.0,0.0,0.0,0.0,0.0,0.001369863,0.0,0.0,0.002739726,0.0,0.0,0.0,0.0,0.0,0.0,0.0,0.0,0.0,0.0,0.0,0.0,0.0,0.0,0.0,0.0,0.0,0.0,0.0,0.0,0.0,0.004109589,0.0,0.0,0.0,0.001369863,0.0,0.002739726,0.0,0.0,0.0,0.0,0.0,0.0,0.0,0.0,0.0,0.001369863,0.0,0.0,0.0,0.0,0.0,0.0,0.0,0.0,0.0,0.261643836,0.0,0.0,0.0,0.0,0.0,0.0,0.0,0.0,0.0,0.0,0.0,0.001369863,0.0,0.41369863,0.0,0.0,0.0,0.0,0.0,0.0,0.0,0.0,0.0,0.0,0.0,0.0,0.004109589,0.0,0.0,0.0,0.0,0.0,0.001369863,0.0,0.0,0.0,0.0,0.0,0.0,0.0,0.0,0.0,0.0,0.0,0.001369863,0.0,0.0,0.0,0.0,0.001369863,0.0,0.0,0.0,0.0,0.0,0.0,0.002739726,0.0,0.0,0.0,0.0,0.0,0.0,0.0,0.0,0.0,0.002739726,0.0,0.0,0.0,0.0,0.0,0.0,0.0,0.0,0.0,0.0,0.0,0.0,0.0,0.0
SRR12478917,0.004030492,0.002628581,0.0,0.0,0.0,0.001051433,0.017261018,0.0,8.76e-05,0.0,8.76e-05,0.000175239,0.0,8.76e-05,0.0,0.0,0.000525716,0.0,0.000788574,0.0,0.000788574,0.0,0.0,0.0,0.008761938,0.0,0.001051433,0.013142907,0.000350478,0.006571454,0.000613336,0.00280382,0.007973364,0.0,0.0,0.138613861,8.76e-05,0.0,0.0,8.76e-05,0.0,0.000262858,8.76e-05,0.0,8.76e-05,0.006659073,0.000262858,0.0,8.76e-05,0.007009551,8.76e-05,0.003241917,0.0,0.0,0.001577149,0.0,0.0,8.76e-05,0.0,0.000613336,0.0,8.76e-05,0.0,0.0,0.0,0.0,0.003680014,0.01559625,0.0,0.001051433,0.0,0.0,0.0,0.0,0.000525716,0.0,0.000963813,0.0,0.0,0.0,0.0,0.0,8.76e-05,8.76e-05,0.044072549,0.0,0.0,0.036975379,0.0,0.0,0.0,0.0,0.001840007,8.76e-05,0.0,8.76e-05,0.002015246,8.76e-05,0.018137212,0.0,0.0,0.000175239,0.0,8.76e-05,0.0,0.0,0.0,0.0,0.0,0.0,0.0,0.0,0.0,0.0,0.0,0.0,0.000876194,0.000876194,8.76e-05,0.0,0.019539122,0.0,0.0,0.0,0.0,0.0,0.008674319,8.76e-05,0.0,0.002102865,8.76e-05,0.001139052,0.0,0.001051433,0.0,0.001489529,0.0,0.0,0.001314291,0.0,0.0,0.0,0.0,0.0,0.0,0.0,0.0,0.0,0.0,0.0,0.0,0.000613336,0.000262858,8.76e-05,0.0,0.002278104,8.76e-05,0.076842197,0.0,0.000438097,0.0,0.0,8.76e-05,0.0,0.0,0.0,0.0,0.000175239,0.0,0.0,0.000350478,0.000350478,0.002190485,0.0,0.000525716,0.0,8.76e-05,0.363532813,8.76e-05,0.0,0.0,0.0,8.76e-05,0.0,0.0,0.0,0.0,0.0,0.0,0.0,0.0,0.047051608,0.008937177,0.00280382,0.0,0.000175239,0.000262858,0.000175239,0.0,0.000613336,0.0,0.000262858,0.0,0.000350478,0.007710506,0.0,0.0,0.0,0.0,0.0,0.025322001,0.0,0.001489529,8.76e-05,0.00140191,0.0,0.0,0.0,8.76e-05,0.000350478,0.000613336,0.004731447,0.006746692,0.0,0.003417156,0.0,0.000788574,0.000876194,0.0,0.0,0.000175239,0.0,0.0,8.76e-05,0.004731447,0.0,0.000175239,0.000350478,0.0,0.000175239,0.0,0.0,0.0,0.0,0.002190485,8.76e-05,0.0,0.0,8.76e-05,0.0,0.000175239,0.030491545,0.0,8.76e-05,0.0,0.000438097,0.0,0.0,0.0
SRR12478918,0.002987182,0.000380187,0.0,0.0,0.000108625,5.43e-05,0.000108625,0.0,0.00271562,0.001466435,5.43e-05,0.0,0.0,0.0,0.0,0.0,0.0,0.0,0.000434499,0.000108625,0.000543124,0.0,0.0,0.011242668,0.007440799,0.0,0.004616554,0.001466435,0.0,0.0,0.00135781,0.002606995,0.005322616,0.0,5.43e-05,0.172007386,0.0,0.0,0.0,0.001140561,5.43e-05,0.000325874,5.43e-05,0.0,0.0,0.036660873,0.0,0.010971106,0.000162937,0.047523354,0.001955247,0.000977623,0.0,0.0,0.00021725,5.43e-05,0.000706061,0.0,0.0,0.000108625,0.0,0.00993917,0.000162937,0.0,0.0,0.0,0.002878557,0.011948729,0.0,0.000760374,0.0,0.0,0.0,0.0,5.43e-05,5.43e-05,0.001737997,0.0,0.0,0.000434499,0.00021725,0.0,0.0,5.43e-05,0.018846405,0.0,0.0,0.000108625,0.0,0.0,0.0,5.43e-05,0.000868998,0.000325874,0.0,5.43e-05,0.004127743,0.000108625,0.008418423,0.0,0.0,0.0,0.0,5.43e-05,0.001194873,0.000162937,0.0,0.0,5.43e-05,0.0,0.0,0.0,0.0,0.0,0.0,0.0,0.001412123,0.0,0.002226809,0.0,0.017814469,0.001194873,5.43e-05,0.0,5.43e-05,0.0,0.001303498,0.000162937,0.0,0.000380187,5.43e-05,0.000380187,0.0,0.000434499,0.0,0.001194873,5.43e-05,0.0,0.006082989,0.0,5.43e-05,5.43e-05,0.000380187,0.0,0.0,0.0,0.0,5.43e-05,0.0,0.0,0.0,0.000108625,5.43e-05,0.0,0.0,0.002389746,0.0,0.053714968,5.43e-05,0.000108625,5.43e-05,0.0,0.000814686,0.0,0.000543124,0.000434499,0.0,0.001194873,0.0,0.0,0.00021725,0.001792309,0.001031936,0.0,0.000651749,0.0,5.43e-05,0.036986748,0.0,0.0,0.0,0.0,0.000108625,0.0,0.0,0.0,0.0,0.0,0.0,0.000108625,0.000380187,0.406474039,0.001031936,0.000162937,0.0,0.0,0.000271562,0.000868998,0.000380187,0.000380187,0.0,0.0,0.0,0.000162937,0.00021725,0.0,0.0,0.0,0.0,0.0,0.024603519,0.0,0.001140561,0.0,0.0,5.43e-05,5.43e-05,0.0,5.43e-05,0.000108625,0.000814686,0.002389746,0.012383228,0.00135781,0.011134043,0.0,0.002281121,0.001955247,0.0,0.0,5.43e-05,0.0,5.43e-05,0.000162937,0.005974365,0.0,5.43e-05,0.0,0.0,0.00021725,0.0,0.0,0.0,0.0,5.43e-05,0.00021725,0.0,0.0,0.000108625,0.0,0.0,0.003313057,0.0,0.0,0.0,0.001412123,0.0,0.0,0.0
SRR12478919,0.016651012,0.000341559,0.0,0.0,0.00017078,0.0,8.54e-05,0.0,0.0,0.0,0.0,0.0,0.0,0.0,0.0,0.0,8.54e-05,0.0,0.000256169,0.00017078,0.003415592,0.0,0.0,0.002732474,0.001195457,0.0,8.54e-05,0.000426949,0.002390915,0.0,0.0,0.00017078,0.00017078,0.0,0.0,0.118350269,0.0,0.0,0.0,8.54e-05,0.0,0.0,0.0,0.0,0.0,0.01741952,0.0,0.0,0.0,8.54e-05,8.54e-05,0.000512339,0.0,0.0,0.0,0.0,0.000426949,0.0,0.0,0.0,0.0,0.0,0.0,0.0,0.0,0.0,0.004867219,0.003074033,0.0,8.54e-05,0.0,0.0,0.0,0.0,0.0,0.0,0.000597729,0.0,0.0,0.0,0.000426949,0.0,8.54e-05,0.0,0.040645547,0.0,0.0,0.0,0.0,0.0,0.0,8.54e-05,0.000256169,0.000512339,0.0,0.0,0.000256169,0.0,0.00444027,0.0,0.0,0.0,0.0,0.0,0.0,0.0,0.0,0.0,0.0,0.0,0.0,0.0,0.0,0.0,0.0,0.0,0.001195457,0.0,0.0,0.0,0.005891897,0.0,0.000256169,0.0,0.0,0.0,0.000426949,8.54e-05,0.0,0.000256169,0.0,0.0,0.0,0.00017078,0.0,0.00017078,0.0,0.0,0.000256169,0.0,0.0,0.0,0.0,0.0,0.0,0.0,0.0,0.0,0.0,0.0,0.0,0.002134745,0.0,0.0,0.0,0.001878576,0.0,0.006318846,0.0,0.0,8.54e-05,0.0,0.000256169,0.0,0.0,0.0,0.0,8.54e-05,0.0,0.0,8.54e-05,0.010332166,0.000597729,0.0,0.00017078,0.0,0.0,0.011954573,0.0,0.0,0.0,0.0,0.0,0.0,8.54e-05,0.0,0.0,0.0,0.0,0.0,0.0,0.710784732,0.0,0.0,0.0,0.0,0.0,0.0,0.012210742,0.0,8.54e-05,0.0,0.0,0.00017078,0.001622406,0.0,0.0,0.0,0.0,0.0,0.004867219,0.0,8.54e-05,8.54e-05,0.00017078,0.0,0.0,0.0,0.0,0.0,0.000683118,0.00017078,0.001024678,0.0,0.001537016,0.0,0.0,0.00017078,0.0,0.0,0.0,0.0,0.0,0.0,0.001195457,0.0,0.0,0.0,0.0,8.54e-05,0.0,0.0,0.0,0.0,0.0,0.0,0.0,0.0,0.0,0.0,0.0,0.0,0.0,0.0,0.0,0.0,0.0,0.0,0.0
SRR12478920,0.000661614,0.0,0.0,0.0,6.01e-05,0.0,0.013533021,0.0,0.0,0.0,0.0,0.000120294,0.0,0.0,0.0,0.0,0.0,0.0,0.0,0.00018044,0.0,0.0,0.0,0.000902201,0.0,0.0,0.000481174,0.000360881,0.0,0.000360881,0.0,0.0,0.0,0.0,0.0,0.05713942,0.0,6.01e-05,0.0,6.01e-05,0.0,0.0,0.0,0.0,0.0,0.000781908,0.0,0.0,0.0,0.00018044,0.0,0.001022495,0.0,0.0,6.01e-05,0.0,0.0,0.0,0.0,0.0,0.0,0.0,0.0,0.0,0.0,0.0,0.018886082,0.001263082,0.0,0.0,0.0,0.0,0.0,0.0,0.0,0.0,0.002887044,0.0,0.0,0.0,0.0,0.0,0.0,0.0,0.020991219,0.0,0.0,0.000300734,0.0,0.0,0.0,0.0,0.000481174,0.0,0.0,0.0,0.0,0.0,0.00240587,0.0,0.0,0.0,0.0,0.0,0.0,0.0,0.0,0.0,0.0,0.0,0.0,0.0,0.0,0.0,0.0,0.0,0.000842055,0.0,0.000300734,0.0,0.001443522,0.0,0.0,0.0,0.0,0.0,0.00018044,0.000481174,0.0,0.000120294,0.0,0.001924696,0.0,0.0,0.0,6.01e-05,0.0,0.0,0.00018044,0.0,0.0,0.0,6.01e-05,0.0,0.0,0.0,0.0,0.0,0.0,0.0,0.0,0.011367737,0.000240587,0.0,0.0,6.01e-05,0.0,0.002285577,0.0,0.000481174,0.0,0.0,0.000240587,0.0,0.0,0.0,0.0,0.000360881,0.0,0.0,0.0,0.0,0.000120294,0.0,0.00018044,0.0,0.0,0.017201973,0.0,0.0,0.0,0.0,0.000120294,0.0,6.01e-05,0.0,0.0,0.0,0.0,0.0,0.0,0.815710333,0.000120294,0.0,0.0,0.0,0.0,0.0,0.0,0.00018044,0.0,0.0,0.0,0.00222543,0.002165283,0.0,0.0,0.0,0.0,0.0,0.010044509,0.0,0.0,0.0,0.000300734,6.01e-05,0.0,0.0,0.0,6.01e-05,0.000120294,0.0,0.000120294,0.0,0.003007338,0.0,0.00018044,0.00018044,0.0,0.0,6.01e-05,0.0,0.0,0.0,0.000120294,0.0,0.0,0.0,0.0,0.0,0.0,0.0,0.0,0.0,0.001563816,6.01e-05,0.0,6.01e-05,0.0,0.0,0.001443522,0.0,0.0,0.0,0.0,0.000120294,0.0,0.0,0.0
SRR12478921,0.02657865,0.000130288,0.0,0.0,0.0,0.000173717,0.013072179,0.0,0.0,0.001129158,0.0,0.0,0.0,4.34e-05,0.0,0.0,0.0,0.0,0.000434292,4.34e-05,0.000217146,0.0,0.0,0.0,0.001780596,0.0,0.000217146,0.008642404,8.69e-05,8.69e-05,0.00052115,0.001520021,0.002301746,4.34e-05,0.0,0.302484148,4.34e-05,0.0,0.0,0.001085729,0.0,0.000130288,8.69e-05,4.34e-05,0.0,0.029010684,0.0,0.0,0.0,8.69e-05,0.0,0.001259446,0.0,0.0,0.000217146,0.0,0.0,0.0,0.0,0.000304004,0.0,4.34e-05,0.0,0.0,0.0,0.0,0.008816121,0.01094415,0.0,0.000260575,0.0,0.0,0.0,0.0,0.000564579,0.0,0.0010423,0.0,0.0,0.0,0.000173717,0.0,0.0,0.0,0.050638409,4.34e-05,0.0,0.0020846,0.0,0.0,0.0,0.0,0.000347433,0.0,0.0,0.0,0.000347433,0.0,0.027664379,0.0,0.0,0.000130288,0.0,0.0,0.0,8.69e-05,0.0,0.000130288,0.000130288,0.0,0.000173717,0.0,0.0,0.0,0.0,0.0,0.001954313,0.000434292,4.34e-05,0.0,0.023495179,0.0,0.0,0.0,0.0,0.0,0.000260575,0.003213758,0.0,0.000651438,0.0,0.0,4.34e-05,0.000130288,0.0,8.69e-05,0.0,0.0,0.000260575,0.0,4.34e-05,4.34e-05,0.0,0.0,0.0,0.0,0.0,0.0,0.0,0.0,0.0,8.69e-05,0.000130288,0.0,0.0,0.002822896,8.69e-05,0.032137584,0.0,8.69e-05,0.0,4.34e-05,0.0,0.0,0.0,0.000130288,0.0,0.000260575,0.0,0.0,8.69e-05,0.000173717,0.002866325,0.0,0.000608008,0.0,0.0,0.171936072,4.34e-05,0.0,0.0,0.0,4.34e-05,0.0,0.0,0.0,0.0,0.0,4.34e-05,4.34e-05,0.000347433,0.153956397,0.003300617,0.000173717,0.0,4.34e-05,0.0,0.000173717,0.0,8.69e-05,0.0,0.000173717,0.0,4.34e-05,0.004082342,0.0,0.0,0.0,0.0,0.0,0.079041084,0.0,0.000260575,0.0,4.34e-05,0.0,0.0,0.0,0.000130288,4.34e-05,0.0,0.001302875,0.001650308,0.0,0.001433163,0.0,0.001650308,0.002171458,0.0,0.0,0.000130288,0.0,0.0,4.34e-05,0.008425258,0.0,4.34e-05,0.000304004,0.0,0.000130288,0.0,0.0,0.0,4.34e-05,0.000390863,4.34e-05,0.0,0.0,0.0,0.0,0.000781725,4.34e-05,0.0,0.0,0.0,0.000130288,0.0,0.0,0.0
SRR12478922,0.003223317,0.000272393,0.0,0.0,0.000272393,4.54e-05,4.54e-05,0.0,0.0,0.000136196,4.54e-05,0.0,0.0,0.0,0.0,0.0,0.0,0.0,0.000136196,0.001634358,0.000499387,0.0,0.0,0.002179144,0.000544786,0.0,0.000363191,0.000181595,0.0,0.0,0.000726381,0.000136196,0.005175466,0.0,0.0,0.115540019,4.54e-05,0.0,0.0,0.000136196,0.0,9.08e-05,4.54e-05,0.0,0.0,0.0116221,0.0,0.0,4.54e-05,4.54e-05,9.08e-05,0.002678531,0.0,0.0,0.000181595,0.0,0.000635584,0.0,0.0,4.54e-05,0.0,0.0,4.54e-05,0.0,0.0,0.0,0.008444182,0.002451537,0.0,0.000226994,0.0,0.0,0.0,0.0,4.54e-05,0.0,0.001134971,0.0,0.0,0.0,4.54e-05,0.0,0.0,0.0,0.051028283,0.0,0.0,0.001725155,0.0,0.0,0.0,4.54e-05,9.08e-05,0.000408589,0.0,0.0,0.000363191,4.54e-05,0.008035593,0.0,0.0,0.0,0.0,0.0,4.54e-05,9.08e-05,0.0,0.000907977,0.0,0.0,0.0,0.0,0.0,0.0,4.54e-05,0.0,0.001089572,0.0,9.08e-05,0.000181595,0.005538657,0.0,0.0,0.0,0.0,0.0,0.000590185,0.002542334,0.0,0.000136196,0.0,0.0,0.0,4.54e-05,0.0,0.000363191,0.0,0.0,0.000226994,9.08e-05,4.54e-05,0.0,0.0,0.0,0.0,4.54e-05,0.0,0.0,0.0,0.0,0.0,0.000453988,0.0,4.54e-05,0.0,0.000226994,0.0,0.009488355,0.0,0.000181595,0.0,0.0,0.0,0.0,0.0,0.0,0.0,0.000272393,0.0,0.0,0.0,4.54e-05,0.001634358,0.0,0.000317792,0.0,0.0,0.017160757,4.54e-05,0.0,0.0,0.0,0.0,0.0,0.0,0.0,0.0,0.0,0.0,0.000136196,0.0,0.702138285,0.000272393,0.000226994,0.0,9.08e-05,4.54e-05,0.0,9.08e-05,0.000363191,9.08e-05,0.0,0.0,0.000953375,0.005674854,0.0,0.0,0.0,0.0,0.0,0.00349571,0.0,9.08e-05,0.0,4.54e-05,0.0,0.0,0.0,0.0,9.08e-05,0.009533754,0.000635584,0.001815953,0.0,0.001134971,0.0,9.08e-05,0.000635584,0.0,0.0,0.000408589,0.0,4.54e-05,9.08e-05,0.000998774,0.0,0.0,0.0,0.0,9.08e-05,0.0,0.0,0.0,0.0,0.006174241,0.0,0.0,0.0,0.0,0.0,0.0,0.000136196,0.0,4.54e-05,0.0,0.0,0.0,0.0,0.0
SRR12478923,0.00121034,0.000432264,0.0,0.0,8.65e-05,8.65e-05,0.000950981,0.0,0.0,0.0,0.0,0.000172906,0.0,0.0,0.0,0.0,0.0,0.000691623,0.000172906,0.0,0.0,0.0,0.0,0.0,0.0,0.0,0.0,0.000172906,0.000172906,0.00060517,8.65e-05,0.0,0.0,0.0,0.0,0.097951068,0.0,0.0,0.0,0.0,0.0,0.0,8.65e-05,0.0,0.0,0.0,0.0,0.0,0.0,0.0,0.0,0.012967926,0.0,0.0,0.000172906,0.0,0.0,0.0,0.0,0.0,0.0,0.0,0.0,0.0,0.0,0.0,0.01279502,0.002680038,0.0,0.0,0.0,0.0,0.0,0.0,0.000432264,0.0,0.00121034,0.0,0.0,0.0,8.65e-05,0.0,0.0,0.0,0.227976139,0.0,0.0,8.65e-05,0.0,0.0,0.0,0.0,0.003458114,8.65e-05,0.0,0.0,0.0,0.0,0.000691623,8.65e-05,0.0,0.0,0.0,0.0,0.0,0.000432264,0.0,0.002593585,0.0,0.0,0.0,0.0,0.0,0.0,0.0,0.0,0.001037434,0.0,0.0,0.0,0.000864528,0.0,0.0,0.0,0.0,0.0,0.000778076,0.0,0.0,0.003285208,0.0,0.00060517,0.0,8.65e-05,0.0,0.000172906,0.0,0.0,0.0,0.0,0.0,0.0,0.0,0.0,0.0,0.0,0.0,0.0,0.0,0.0,0.0,0.000259359,0.000172906,0.0,0.0,0.0,0.0,0.000778076,0.0,0.00060517,0.0,0.0,0.0,0.0,0.0,0.0,0.0,0.000172906,0.0,0.000259359,8.65e-05,0.0,0.000259359,0.0,8.65e-05,0.0,0.0,0.013746002,0.0,0.0,0.0,0.0,0.002334227,0.000259359,0.0,0.0,0.0,0.0,0.0,0.000864528,0.0,0.555632403,0.0,0.0,0.0,8.65e-05,0.0,0.0,0.0,0.000345811,0.0,0.0,0.0,0.00700268,8.65e-05,0.0,8.65e-05,0.0,0.0,0.0,0.028270079,0.0,0.0,0.0,0.000864528,0.0,0.0,0.0,0.0,0.000172906,0.0,8.65e-05,0.000172906,0.0,0.005446529,0.0,8.65e-05,0.000259359,0.0,0.0,0.0,0.0,8.65e-05,0.0,0.0,0.0,0.0,8.65e-05,0.0,0.0,0.0,0.0,0.0,0.0,0.001037434,0.0,0.0,0.0,0.0,0.0,0.000950981,0.0,0.0,0.0,0.0,8.65e-05,0.0,0.0,0.0
SRR12478924,0.003752039,0.000108755,0.0,0.0,5.44e-05,0.0,0.000108755,0.0,5.44e-05,5.44e-05,0.0,0.000108755,5.44e-05,0.0,0.0,0.0,0.0,0.0,0.000489396,0.001522567,0.014573138,0.0,0.0,0.002229473,0.001631321,0.0,0.001305057,0.003262643,0.0,0.0,5.44e-05,0.000108755,0.003262643,0.0,0.0,0.10663404,0.0,0.0,0.0,0.00021751,0.0,0.0,0.0,0.0,0.0,0.013213703,0.000271887,0.0,5.44e-05,0.001196302,0.000326264,0.000326264,0.0,0.0,0.001522567,0.0,0.000163132,0.0,0.0,5.44e-05,0.0,0.0,0.0,0.0,0.0,0.0,0.01120174,0.002664492,0.0,0.000163132,0.0,0.0,0.00021751,0.0,0.0,0.0,0.000271887,0.0,0.0,0.0,5.44e-05,0.0,0.0,0.0,0.033768352,0.0,0.0,0.003262643,0.0,0.0,0.0,0.0,0.000326264,0.000380642,0.0,0.0,5.44e-05,0.0,0.027079935,0.0,0.0,0.0,0.0,0.0,0.0,0.00021751,0.0,0.0,0.0,0.0,0.0,5.44e-05,0.0,0.0,0.0,0.0,0.0,0.00021751,5.44e-05,0.000108755,0.010821098,0.0,0.0,0.0,0.0,0.0,0.000380642,0.000326264,0.0,0.000163132,0.0,0.000108755,5.44e-05,0.0,0.0,0.00125068,0.0,0.0,0.001087548,0.0,0.0,0.0,0.000598151,0.0,0.0,0.0,0.0,0.0,0.0,0.0,0.0,0.000326264,0.0,0.0,0.0,0.002392605,0.0,0.013322458,0.0,0.0,5.44e-05,0.000108755,5.44e-05,0.0,0.0,0.0,0.0,0.000163132,0.0,5.44e-05,5.44e-05,0.000978793,0.00125068,0.0,0.000543774,0.0,0.0,0.092006525,0.0,0.0,0.0,0.0,0.0,0.0,0.0,0.0,0.0,0.0,0.0,5.44e-05,0.000108755,0.615280044,0.000924415,0.000163132,5.44e-05,0.000108755,0.000108755,0.0,0.0,5.44e-05,0.0,5.44e-05,5.44e-05,5.44e-05,5.44e-05,0.0,0.0,0.0,0.0,0.0,0.004132681,0.0,0.000271887,0.0,5.44e-05,0.0,0.000108755,0.0,0.0,0.0,0.002936378,0.000870038,0.004948341,0.0,0.000815661,0.0,0.000163132,0.00125068,0.0,0.0,5.44e-05,0.0,0.0,5.44e-05,0.0,0.0,0.0,0.0,0.0,0.0,0.0,0.0,0.0,0.0,0.000271887,0.0,0.0,0.0,0.0,0.0,0.0,0.000761283,0.0,0.0,0.0,0.000380642,0.0,0.0,0.0
SRR12478925,0.0,0.0,0.0,0.0,0.000134204,0.001342042,0.0,0.0,0.0,4.47e-05,0.0,0.000134204,0.0,0.000178939,4.47e-05,0.0,0.0,0.0,0.0,4.47e-05,0.0,0.0,0.0,0.0,0.0,0.0,0.0,0.008768006,0.0,0.0,0.0,0.0,0.000134204,0.0,0.0,0.184799141,0.0,0.0,0.0,4.47e-05,0.000313143,0.0,0.000402613,0.0,0.0,0.027198712,0.0,0.0,0.0,0.0,0.0,0.000805225,0.0,0.0,0.003444574,0.0,0.0,0.0,0.0,0.0,0.0,0.0,0.0,0.0,0.0,0.0,0.000268408,0.000492082,0.0,0.0,0.0,0.0,0.0,0.0,0.0,0.0,0.000492082,0.0,0.0,0.0,4.47e-05,0.0,0.0,8.95e-05,0.000715756,0.0,0.0,0.001476246,0.0,0.0,0.0,4.47e-05,0.001968328,0.0,0.0,0.0,4.47e-05,0.0,0.013107274,0.0,0.0,0.0,0.0,0.0,0.0,0.000402613,0.0,0.0,0.0,0.0,0.0,0.0,0.0,0.000178939,0.0,0.0,0.0,0.0,0.0,8.95e-05,0.000134204,0.0,0.0,0.0,0.0,0.0,4.47e-05,0.002281471,0.0,0.005457636,0.0,0.0,0.0,0.000134204,0.0,4.47e-05,0.0,0.0,0.0,0.0,0.0,0.0,0.0,0.0,4.47e-05,0.0,0.0,0.0,0.0,0.0,0.0,0.0,0.000313143,4.47e-05,0.0,0.000134204,8.95e-05,0.000715756,0.0,0.000223674,0.0,0.0,0.0,0.0,0.0,0.0,0.0,0.000313143,0.0,0.000268408,0.0,4.47e-05,0.0,0.0,0.0,0.0,0.0,0.226626107,0.0,0.0,0.0,0.0,4.47e-05,0.0,0.0,0.0,0.0,0.0,0.0,0.0,0.0,0.500357878,0.0,0.0,4.47e-05,0.000134204,0.0,0.0,0.0,0.000268408,0.0,8.95e-05,0.0,0.000268408,0.002147267,0.0,0.000223674,0.0,0.0,0.0,0.001073633,0.0,4.47e-05,0.0,8.95e-05,0.0,0.0,0.0,4.47e-05,0.0,0.0,0.0,0.0,0.0,8.95e-05,0.0,0.0,0.0,0.0,4.47e-05,0.000223674,0.0,4.47e-05,4.47e-05,0.002684083,0.0,4.47e-05,0.0,0.0,0.0,0.0,0.0,0.0,0.0,0.00076049,4.47e-05,0.0,0.0,0.0,0.0,0.0,0.0,0.0,0.0,0.0,4.47e-05,0.0,0.0,0.0
SRR12478926,0.012176512,6.36e-05,6.36e-05,0.0,0.0,0.00012717,0.001176321,0.0,0.0,3.18e-05,3.18e-05,9.54e-05,0.0,0.0,0.0,0.0,0.0,0.0,0.000572264,0.000763019,0.007439435,0.0,0.0,0.000349717,0.00012717,0.0,0.00012717,0.000413302,3.18e-05,0.00038151,3.18e-05,3.18e-05,9.54e-05,3.18e-05,0.0,0.102785019,0.0,0.0,0.0,0.000445094,0.0,0.0,3.18e-05,0.0,0.0,0.002797736,3.18e-05,0.0,0.0,0.000222547,3.18e-05,0.003338208,3.18e-05,0.0,6.36e-05,3.18e-05,0.0,0.0,0.0,3.18e-05,0.0,3.18e-05,6.36e-05,0.0,0.0,3.18e-05,0.018916513,0.001239906,0.0,3.18e-05,0.0,0.0,0.0,0.0,3.18e-05,3.18e-05,0.000572264,0.0,0.0,0.0,0.0,0.0,0.0,3.18e-05,0.053633878,0.0,0.0,0.000349717,0.0,0.0,0.0,0.000317925,0.000413302,0.00012717,0.0,0.0,9.54e-05,3.18e-05,0.008266039,0.0,0.0,0.0,0.0,0.0,0.0,0.00025434,0.0,0.001462453,0.0,0.0,0.0,3.18e-05,0.0,3.18e-05,0.0,0.0,0.002448019,0.0,0.0,0.0,0.005531888,0.0,0.0,0.0,0.0,0.0,0.000317925,3.18e-05,0.0,0.00038151,0.0,3.18e-05,0.0,0.0,0.0,0.000413302,0.0,0.0,0.001303491,3.18e-05,0.0,0.0,0.0,0.0,0.0,0.0,0.0,3.18e-05,0.0,0.0,0.0,0.007185096,3.18e-05,0.0,0.0,0.001112736,0.0,0.002861321,0.0,0.000158962,0.0,0.0,6.36e-05,0.0,0.0,3.18e-05,0.0,3.18e-05,0.0,0.0,9.54e-05,6.36e-05,0.001462453,3.18e-05,0.000699434,0.0,3.18e-05,0.026610288,0.0,0.0,0.0,0.0,3.18e-05,0.0,0.0,0.0,0.0,0.0,0.0,0.000190755,0.0,0.692153621,3.18e-05,0.0,0.0,0.0,0.0,3.18e-05,0.0,0.0,0.00012717,6.36e-05,0.0,0.004896039,6.36e-05,0.0,0.0,0.0,0.0,0.0,0.018566796,0.0,0.0,0.0,0.000604057,0.0,3.18e-05,0.0,9.54e-05,0.0,9.54e-05,0.000158962,0.001335283,0.0,0.002034717,0.0,0.0,0.002702359,0.0,0.0,0.000190755,0.0,6.36e-05,0.0,3.18e-05,0.0,3.18e-05,0.0,0.0,0.0,0.0,0.0,0.0,6.36e-05,0.00181217,0.0,0.0,0.0,0.0,0.0,0.000667642,0.000667642,0.0,9.54e-05,0.0,9.54e-05,0.0,0.0,0.0
SRR12478927,0.000180788,0.00021092,0.0,0.0,0.0,9.04e-05,0.000120525,0.0,0.0,0.0,3.01e-05,0.0,0.0,0.0,9.04e-05,0.0,6.03e-05,0.0,0.00066289,6.03e-05,0.000451971,0.0,0.0,0.0,9.04e-05,0.0,9.04e-05,0.002802218,0.0,0.0,3.01e-05,3.01e-05,0.000632759,0.0,0.0,0.269404604,0.0,0.0,0.0,0.0,0.0,0.000241051,0.0,0.0,0.0,0.020549596,0.0,6.03e-05,0.000150657,0.000301314,0.0,0.001355912,0.0,0.0,0.002591298,0.0,0.0,0.0,0.0,0.00021092,0.0,0.000150657,6.03e-05,0.0,0.0,0.0,0.001958539,0.00680969,0.0,0.0,0.0,0.0,0.0,0.0,0.000180788,0.0,0.00087381,0.0,0.0,0.0,9.04e-05,0.0,0.0,6.03e-05,0.004549837,6.03e-05,0.0,0.009340726,0.0,0.0,0.0,0.0,9.04e-05,0.000120525,0.0,0.0,9.04e-05,0.0,0.013559118,0.0,0.0,9.04e-05,0.0,0.0,3.01e-05,6.03e-05,0.0,0.000572496,0.0,0.0,0.0,3.01e-05,0.0,0.0,3.01e-05,0.0,0.000723153,0.000331445,0.0,9.04e-05,0.024707726,0.0,0.0,0.0,0.0,0.0,0.000331445,0.016722912,0.0,6.03e-05,0.0,0.0,0.0,0.000180788,0.0,0.0,0.0,0.0,0.0,3.01e-05,0.0,0.0,0.0,0.0,6.03e-05,6.03e-05,0.0,0.0,3.01e-05,0.0,0.000241051,0.001506569,0.0,0.0,0.0,0.00066289,0.0,0.016421598,0.0,0.0,0.0,0.0,0.0,0.0,0.0,0.0,0.0,0.000241051,0.0,9.04e-05,3.01e-05,9.04e-05,9.04e-05,0.0,0.000331445,0.0,0.0,0.572917922,0.0,0.0,0.0,3.01e-05,9.04e-05,3.01e-05,0.0,0.0,0.0,0.0,6.03e-05,3.01e-05,9.04e-05,0.008738098,0.00087381,0.000331445,0.0,0.0,0.000120525,3.01e-05,0.0,0.000150657,0.0,0.000331445,0.0,0.002591298,9.04e-05,0.0,0.0,0.0,0.0,0.0,0.002440641,0.0,0.0,3.01e-05,3.01e-05,6.03e-05,0.0,0.0,9.04e-05,0.0,0.0,9.04e-05,0.000120525,0.0,0.001898276,0.0,0.000632759,0.00021092,0.0,0.0,0.0,0.0,0.000241051,0.000120525,0.002169459,0.0,0.0,0.0,0.0,0.0,0.0,0.0,0.0,9.04e-05,0.001144992,3.01e-05,0.0,3.01e-05,0.0,0.0,0.0,0.0,0.0,6.03e-05,0.0,6.03e-05,0.0,0.0,0.0
SRR12478928,0.017679644,0.000181197,5.18e-05,0.0,5.18e-05,5.18e-05,0.006445434,0.0,0.0,0.000595361,2.59e-05,0.000388279,2.59e-05,2.59e-05,0.0,0.0,0.0,0.0,0.000181197,0.000258853,0.001630772,0.0,0.0,0.005694761,0.004038103,0.0,0.001760199,0.001035411,0.000310623,2.59e-05,0.000595361,0.000103541,0.002096707,0.0,0.0,0.116846138,2.59e-05,0.0,0.0,0.001113067,0.000207082,2.59e-05,0.000155312,0.0,0.0,0.013745082,5.18e-05,5.18e-05,2.59e-05,7.77e-05,0.000854214,0.000880099,0.0,0.0,0.000362394,0.0,0.000155312,2.59e-05,0.0,7.77e-05,0.0,5.18e-05,0.000129426,0.0,0.0,0.0,0.004400497,0.009939946,0.0,0.000155312,0.0,0.0,0.0,0.0,5.18e-05,2.59e-05,0.000595361,0.0,0.0,0.0,0.000129426,0.0,0.0,0.0,0.074704908,7.77e-05,0.0,0.003365086,0.0,0.0,0.0,2.59e-05,0.000207082,7.77e-05,0.0,0.0,0.000569476,0.0,0.013796852,0.0,0.0,2.59e-05,0.0,0.0,0.0,0.000232967,0.0,0.0,0.0,2.59e-05,0.0,2.59e-05,0.0,0.0,2.59e-05,0.0,0.00049182,0.000569476,0.000103541,5.18e-05,0.015479395,0.0,0.0,0.0,0.0,0.0,0.000905985,0.001760199,0.0,0.001837855,2.59e-05,2.59e-05,0.0,0.000284738,0.0,0.00230379,0.0,0.0,0.027308967,0.0,0.0,0.0,2.59e-05,0.0,0.0,0.0,0.0,0.0,2.59e-05,0.0,0.0,0.000983641,0.000388279,2.59e-05,0.0,0.002226134,0.0,0.0295351,2.59e-05,0.000362394,2.59e-05,0.0,0.000465935,0.0,7.77e-05,7.77e-05,0.0,0.000595361,0.0,0.000155312,0.000336509,0.000129426,0.000647132,0.0,0.001087182,0.0,0.0,0.024616898,2.59e-05,0.0,0.0,0.0,0.000905985,7.77e-05,0.0,0.0,0.0,0.0,0.0,2.59e-05,0.0,0.547059433,0.000802444,0.001113067,0.0,0.0,7.77e-05,2.59e-05,0.002692069,0.000181197,0.0,0.0,0.0,0.00049182,0.000776558,0.0,0.0,0.0,0.0,0.0,0.008490371,0.0,0.000207082,0.0,0.000129426,0.0,0.000155312,0.0,2.59e-05,5.18e-05,0.003442742,0.001242493,0.00328743,0.0,0.005875958,0.0,0.000414164,0.001320149,0.0,0.0,0.000828329,0.0,0.0,5.18e-05,0.002096707,0.0,0.000181197,0.005746531,0.0,7.77e-05,2.59e-05,0.0,0.0,0.0,7.77e-05,2.59e-05,0.0,0.0,2.59e-05,0.0,0.005461793,0.000724788,0.0,0.0,0.0,7.77e-05,0.0,0.0,0.0
SRR12478929,0.011820169,0.0,6.83e-05,0.0,6.83e-05,0.000136649,0.003621208,0.0,0.0,0.000341623,0.0,0.000204974,0.0,0.0,0.0,0.0,6.83e-05,0.0,0.000204974,6.83e-05,0.006490844,0.0,0.0,0.001708117,0.002869637,0.0,0.000341623,0.000409948,0.0,0.000819896,0.000136649,0.001708117,0.000546597,0.0,0.0,0.059374146,6.83e-05,0.0,0.0,0.0,0.0,0.0,0.0,0.0,0.0,0.005602624,0.0,6.83e-05,0.0,0.0,0.0,0.000614922,0.0,0.0,0.0,0.0,0.000204974,0.0,0.0,0.000204974,0.0,0.000204974,6.83e-05,0.0,6.83e-05,0.0,0.004782728,0.002323039,0.0,0.000204974,0.0,0.0,0.0,0.0,0.000341623,0.0,0.00116152,0.0,0.0,0.0,0.000136649,0.0,6.83e-05,0.0,0.029242963,0.0,0.0,0.001366494,0.0,0.0,0.0,6.83e-05,0.000136649,0.000204974,0.0,0.0,0.000683247,0.0,0.007720689,0.0,0.0,0.0,0.0,0.0,0.0,0.000136649,0.0,0.002459688,0.0,0.0,0.0,0.0,0.0,0.0,0.0,0.0,0.000478273,0.0,0.000204974,6.83e-05,0.013118338,0.0,0.0,0.0,0.0,0.0,0.000751571,6.83e-05,0.0,6.83e-05,6.83e-05,0.0,0.0,0.0,0.0,0.000341623,0.0,0.0,0.001229844,0.0,6.83e-05,0.0,0.002391364,0.0,0.0,0.0,0.0,0.0,6.83e-05,0.0,0.0,0.000888221,0.0,0.0,0.0,0.000751571,0.0,0.010522001,6.83e-05,0.0,0.0,0.0,0.0,0.0,0.0,0.0,0.0,0.000341623,0.0,0.0,0.0,0.0,0.00102487,0.0,0.000478273,0.0,0.0,0.023640339,0.0,0.0,0.0,0.0,0.0,0.0,0.0,0.0,0.0,0.0,0.0,0.000341623,6.83e-05,0.771795573,0.000478273,0.000409948,0.000204974,6.83e-05,0.0,0.0,0.0,0.000683247,0.0,0.0,0.000136649,0.000273299,0.002254714,0.0,0.0,0.0,0.0,0.0,0.003416234,0.0,6.83e-05,0.0,6.83e-05,0.000136649,6.83e-05,0.0,0.0,0.000136649,0.000204974,0.00102487,0.001776442,0.0,0.001639792,0.000136649,0.000751571,0.000341623,0.0,0.0,6.83e-05,0.0,0.0,0.0,0.002732987,0.0,0.0,0.0,0.0,0.000341623,0.0,0.0,0.0,0.0,0.000341623,0.0,0.0,0.0,6.83e-05,0.0,6.83e-05,0.000546597,0.0,6.83e-05,0.0,6.83e-05,0.0,0.0,0.0
SRR12478930,0.007197973,0.000633422,0.000230335,0.0,0.000518254,0.0,0.015317287,0.0,0.0,0.000230335,5.76e-05,0.0,0.0,0.0,0.0,0.0,0.0,0.0,0.001439595,5.76e-05,5.76e-05,0.0,0.0,0.0,0.000172751,0.0,0.000575838,0.004088449,0.0,5.76e-05,0.0,0.003397443,0.000633422,0.0,0.0,0.186629045,0.000115168,0.0,0.0,0.002706438,5.76e-05,5.76e-05,5.76e-05,0.0,5.76e-05,0.000518254,0.0,0.0,0.000230335,0.006910054,5.76e-05,0.001151676,0.0,0.0,0.000287919,0.0,0.0,0.0,0.0,0.000345503,0.0,0.0,5.76e-05,0.0,5.76e-05,0.0,0.007140389,0.001382011,0.0,0.0,0.0,0.0,0.0,0.0,0.002303351,0.000115168,0.00259127,0.0,0.0,5.76e-05,5.76e-05,0.0,0.0,0.000115168,0.023609352,5.76e-05,0.0,0.0085224,0.0,0.0,0.0,0.000230335,0.001612346,0.0,0.0,0.0,0.000518254,5.76e-05,0.023897271,0.0,0.0,0.0,0.0,0.0,5.76e-05,0.000345503,0.0,0.0,0.0,0.0,0.0,0.000115168,0.0,0.0,0.0,0.0,0.003224692,0.000518254,0.000172751,0.0,0.008176897,0.0,0.0,0.0,0.0,0.0,0.001209259,0.0,0.0,0.001266843,0.0,0.000172751,0.0,0.00046067,0.0,0.000518254,0.0,0.0,0.0,0.0,0.0,0.0,5.76e-05,0.0,0.0,0.0,0.0,0.0,0.0,0.0,0.0,0.001554762,0.000115168,5.76e-05,0.0,0.000863757,0.000115168,0.006161465,0.0,0.000230335,0.0,0.0,0.0,0.0,0.0,0.0,0.0,0.000403086,0.0,0.000115168,0.000287919,0.0,0.001497178,0.0,0.001554762,0.0,5.76e-05,0.504664287,0.0,0.0,0.000115168,0.0,0.000287919,0.000172751,5.76e-05,0.0,0.0,0.0,0.0,5.76e-05,0.0,0.015432454,0.002073016,0.0,0.0,0.000172751,5.76e-05,0.000230335,0.0,0.000633422,0.0,0.000172751,0.0,0.000230335,0.06984913,0.0,0.0,0.0,0.0,0.0,0.005815962,0.0,0.000172751,5.76e-05,0.00046067,0.0,5.76e-05,0.0,0.000230335,0.0,5.76e-05,0.000287919,0.000172751,0.0,0.016526546,0.0,0.000172751,0.007255557,0.0,0.0,0.000115168,0.0,5.76e-05,0.0,0.001612346,0.0,0.0,0.0,0.0,0.000115168,0.0,0.0,0.0,0.0,0.03316826,0.0,5.76e-05,0.0,0.0,0.0,0.0,5.76e-05,0.0,0.000172751,0.0,0.000691005,0.0,0.0,0.0
SRR12478932,0.016195347,0.000451264,0.000100281,0.0,0.000250702,0.0,0.034045327,0.0,0.000250702,0.000501404,5.01e-05,0.000250702,0.0,0.0,0.0,0.0,5.01e-05,0.0,0.000250702,0.000451264,0.004763337,0.0,0.0,0.001754914,0.00130365,0.0,0.001203369,0.000300842,0.000200562,0.000501404,0.000802246,0.000451264,0.001955475,5.01e-05,0.0,0.114269956,5.01e-05,5.01e-05,0.0,0.006016847,5.01e-05,0.000150421,0.0,5.01e-05,0.0,0.000150421,0.0,0.0,0.000150421,5.01e-05,0.000802246,0.001203369,0.0,0.0,0.000150421,0.0,5.01e-05,0.0,0.0,0.000150421,0.0,0.000100281,0.000150421,0.0,5.01e-05,0.0,0.005415162,0.008473726,0.0,0.0,0.0,0.0,0.0,0.0,0.000451264,0.0,0.001454071,0.0,0.0,0.0,0.000401123,0.0,0.0,0.0,0.027928199,0.0,0.0,0.000150421,0.0,0.0,0.0,0.000100281,0.000200562,0.000150421,0.0,0.0,0.001504212,0.0,0.004312074,0.0,0.0,0.0,5.01e-05,5.01e-05,0.0,0.000350983,0.0,0.000802246,0.0,0.0,0.000250702,0.0,0.000100281,5.01e-05,0.0,0.0,0.000952667,5.01e-05,0.000701966,0.0,0.008273165,0.000250702,0.0,0.0,0.0,0.0,0.00255716,0.004512635,0.0,0.000300842,5.01e-05,0.000300842,0.0,0.000100281,0.0,0.000601685,0.0,0.0,0.001955475,0.0,0.0,0.000150421,5.01e-05,0.0,0.0,0.0,0.0,0.0,0.000100281,0.0,0.0,0.000200562,5.01e-05,5.01e-05,0.0,0.001353791,0.0,0.024819495,0.0,0.000100281,0.001052948,0.0,0.001353791,0.0,0.000300842,0.0,0.0,0.000401123,0.0,0.0,5.01e-05,0.0127858,0.000752106,0.0,0.000250702,0.0,5.01e-05,0.019755315,0.0,0.0,0.0,0.0,5.01e-05,0.0,0.0,0.0,0.0,0.0,0.0,0.000200562,5.01e-05,0.643100682,0.000250702,0.000651825,0.0,0.000100281,5.01e-05,5.01e-05,5.01e-05,0.000451264,5.01e-05,0.0,0.0,5.01e-05,0.002657441,0.0,0.0,0.0,0.0,0.0,0.005314882,0.0,0.000100281,0.0,5.01e-05,0.0,0.0,0.0,5.01e-05,5.01e-05,0.000150421,0.000952667,0.003409547,0.000350983,0.000601685,0.0,0.000902527,0.000100281,0.0,0.000100281,0.000100281,0.0,0.000100281,5.01e-05,0.002055756,0.0,0.0,0.000100281,0.000150421,0.0,0.0,0.0,0.0,0.0,0.000501404,0.0,0.0,0.0,5.01e-05,0.0,0.0,0.001805054,0.0,5.01e-05,0.0,0.000752106,0.0,0.0,0.0
SRR12478933,0.002154785,0.0,5.99e-05,0.0,0.0,0.001137248,0.013347699,0.0,5.99e-05,0.0,0.0,0.000179565,5.99e-05,0.000239421,0.0,0.0,0.0,0.0,5.99e-05,0.0,0.0,0.0,0.0,0.0,0.0,0.0,0.0,0.007661459,5.99e-05,0.000538696,0.0,0.0,0.00011971,0.0,5.99e-05,0.15885557,0.0,5.99e-05,0.0,0.000179565,0.00011971,0.0,0.000598552,0.0,0.0,0.000239421,5.99e-05,0.0,0.0,5.99e-05,0.0,0.000239421,0.0,0.0,5.99e-05,0.0,0.0,0.0,0.0,0.0,0.0,5.99e-05,0.0,0.0,5.99e-05,0.0,0.001197103,0.002154785,0.0,0.000239421,0.0,0.0,0.0,0.0,0.000179565,0.0,0.000837972,0.0,0.0,0.0,0.0,0.0,0.0,5.99e-05,0.007242473,0.0,0.0,0.000658407,0.0,0.0,0.0,5.99e-05,0.0,5.99e-05,0.0,5.99e-05,0.000239421,0.0,0.003411744,0.0,0.0,0.0,0.0,0.0,0.0,0.00209493,0.0,0.003112468,0.0,0.0,0.0,0.000897827,0.0,0.000299276,0.0,0.0,0.000418986,0.0,5.99e-05,0.00011971,0.001316813,0.0,0.0,0.0,0.0,0.0,0.000299276,0.006883342,0.0,0.005386964,0.0,0.0,0.0,0.000179565,0.0,0.00011971,0.0,0.0,5.99e-05,0.0,0.0,0.0,5.99e-05,0.0,0.0,0.0,0.0,0.0,0.0,0.0,0.0,0.000418986,0.000538696,0.0,0.0,0.001137248,0.000179565,0.005686239,5.99e-05,0.0,5.99e-05,0.0,0.0,0.0,0.0,0.0,0.0,0.00011971,0.0,0.000418986,0.0,5.99e-05,0.00011971,0.0,0.000179565,0.0,5.99e-05,0.106422458,0.0,0.0,0.0,0.0,5.99e-05,0.00011971,0.0,0.0,0.0,0.0,0.0,0.000957682,0.0,0.642545041,0.001137248,5.99e-05,0.0,0.00011971,5.99e-05,0.0,0.0,0.000359131,0.0,5.99e-05,0.0,5.99e-05,0.004788412,0.0,0.0,0.0,0.0,0.0,0.001675944,0.0,0.0,0.0,0.0,0.00011971,0.0,0.0,0.0,0.0,0.000837972,0.000239421,0.0,0.0,0.002214641,0.0,0.00011971,0.00011971,0.0,0.0,0.000239421,0.0,0.0,0.00011971,0.001077393,0.0,0.0,0.0,0.0,0.0,5.99e-05,0.0,0.0,0.0,0.00011971,0.0,0.0,0.0,0.0,0.0,5.99e-05,0.0,0.0,0.00011971,0.0,0.00011971,0.0,0.0,0.0
SRR12478934,0.000773722,0.000140677,0.0,0.0,7.03e-05,7.03e-05,0.012098192,0.0,0.0,0.000140677,7.03e-05,0.002672856,0.0,0.000140677,7.03e-05,0.0,7.03e-05,0.0,0.000351692,0.001899135,0.001828797,0.0,0.0,0.001477105,0.000140677,0.0,7.03e-05,0.000351692,0.000633045,7.03e-05,0.0,0.0,7.03e-05,0.0,7.03e-05,0.11183794,0.0,0.0,0.0,0.0,0.000351692,0.0,0.000562707,0.0,0.0,0.000140677,0.0,0.0,7.03e-05,7.03e-05,7.03e-05,0.002391503,0.0,0.0,0.001336428,0.0,0.001195752,0.0,0.0,7.03e-05,0.0,7.03e-05,0.000211015,0.0,0.0,0.000211015,0.010269396,0.000984737,0.0,0.000140677,0.0,0.0,0.0,0.0,0.0,7.03e-05,0.001547443,0.0,0.0,0.000140677,0.000281353,7.03e-05,0.0,0.0,0.042414011,0.0,0.0,0.001195752,0.0,0.0,0.0,0.0,0.000140677,0.000984737,0.0,0.0,7.03e-05,0.0,0.007033833,0.0,0.0,7.03e-05,0.0,0.0,0.0,0.000633045,0.0,0.000281353,0.0,0.0,0.0,0.0,0.0,0.000351692,0.0,0.0,0.000211015,7.03e-05,7.03e-05,0.0,0.005697405,0.000562707,0.0,0.0,0.0,0.0,0.000281353,0.00042203,0.0,0.003938946,0.0,0.000492368,0.0,7.03e-05,0.0,7.03e-05,0.0,0.0,0.000351692,7.03e-05,0.0,0.0,0.001195752,0.0,0.0,0.0,0.0,0.0,0.0,0.0,0.0,0.039741155,0.000633045,0.000211015,0.0,0.001125413,0.0,0.003094886,7.03e-05,0.003938946,0.0,0.0,0.00084406,0.0,0.0,0.0,7.03e-05,0.000140677,0.0,0.000211015,7.03e-05,7.03e-05,0.001336428,0.0,0.000773722,0.0,0.0,0.022859956,0.0,0.0,0.0,0.0,0.000281353,7.03e-05,0.00042203,0.0,0.0,0.0,0.0,0.000281353,7.03e-05,0.668003095,0.000281353,0.0,7.03e-05,0.000211015,7.03e-05,0.0,0.0,0.000281353,0.000140677,0.0,0.0,0.007244848,0.000562707,0.0,0.0,0.0,0.0,0.0,0.004501653,0.0,0.0,0.0,7.03e-05,0.0,0.0,0.0,7.03e-05,0.0,0.001477105,0.0,0.001336428,0.0,0.002250826,7.03e-05,0.000281353,0.000703383,0.0,0.0,0.004431315,0.0,7.03e-05,7.03e-05,0.001195752,0.0,0.000914398,7.03e-05,0.0,0.0,0.0,0.0,0.0,0.0,0.0,0.0,0.000140677,0.000492368,0.0,0.0,0.000703383,0.000211015,0.0,0.0,0.0,7.03e-05,0.0,0.0,0.0
SRR12478935,0.006025911,0.000225972,0.0,0.0,0.000301296,0.0,0.043160591,0.0,0.000376619,0.0,0.0,0.000677915,0.0,7.53e-05,0.0,0.0,0.0,0.0,0.000451943,0.000376619,0.0,0.0,0.0,0.001883097,0.0,0.0,7.53e-05,0.000602591,0.0,0.0,0.0,0.0,0.000150648,7.53e-05,7.53e-05,0.105830069,0.0,0.0,0.0,0.0,0.0,0.0,0.0,0.0,0.0,0.0,7.53e-05,0.0,7.53e-05,7.53e-05,0.0,0.001129858,0.0,0.0,0.0,0.0,0.000150648,0.0,0.0,0.0,0.0,0.0,0.0,0.0,0.0,0.0,0.003916842,0.000979211,0.0,0.0,0.0,0.0,7.53e-05,0.0,0.0,7.53e-05,7.53e-05,0.0,0.0,7.53e-05,0.000225972,0.0,0.0,7.53e-05,0.01122326,0.0,0.0,0.000301296,0.0,0.0,0.0,0.000225972,0.002109069,0.000225972,0.0,0.0,0.0,0.0,0.005122025,0.0,0.0,0.0,0.0,0.0,0.0,0.000225972,0.0,0.0,0.0,0.0,0.0,0.0,0.0,0.0,0.0,0.0,0.000753239,7.53e-05,7.53e-05,7.53e-05,0.002485688,0.0,0.0,0.0,0.0,0.0,0.000225972,0.00135583,0.0,0.000225972,7.53e-05,0.001280506,0.0,7.53e-05,0.0,0.000225972,0.0,0.0,0.0,0.0,0.000225972,0.0,0.003163603,0.0,0.0,0.0,0.0,0.0,0.000376619,0.0,0.0,0.008360952,0.0,0.0,0.0,0.000150648,0.0,0.002259717,0.0,0.000527267,0.0,0.0,0.0,0.0,7.53e-05,0.0,0.0,7.53e-05,0.0,0.0,0.0,7.53e-05,0.000225972,0.0,0.0,0.0,0.0,0.046776137,0.0,0.0,0.0,0.0,0.0,0.0,7.53e-05,0.0,0.0,0.0,0.0,0.0,0.000150648,0.718288641,0.0,0.0,0.000301296,0.000376619,0.0,0.0,0.0,0.000301296,0.0,7.53e-05,0.0,0.000376619,0.003766195,0.0,0.0,0.0,0.0,0.0,0.005724616,0.0,0.0,0.0,0.001129858,0.0,0.0,0.0,0.0,0.0,0.000150648,0.000150648,0.001657126,0.0,0.006402531,7.53e-05,0.000376619,7.53e-05,0.0,0.0,0.0,0.0,7.53e-05,7.53e-05,0.000225972,0.0,0.0,0.0,0.0,7.53e-05,0.0,0.0,0.0,0.0,0.001129858,0.0,0.000225972,0.0,0.0,0.0,0.001129858,0.000828563,0.0,0.0,0.0,7.53e-05,0.0,0.0,0.0
SRR12478936,0.009128577,0.000258967,0.0,0.0,0.000129483,0.000258967,0.017868704,0.0,0.000323708,0.0,0.0,6.47e-05,0.0,0.0,0.000129483,0.0,0.0,0.0,0.000971125,0.000323708,0.0,0.0,0.0,0.001294834,0.001618542,0.0,0.000129483,0.001035867,0.0,0.0,0.001489059,0.000129483,0.005503043,0.0,0.0,0.106435323,0.0,0.0,0.0,0.000453192,0.0,0.0,0.0,0.0,0.0,0.010293927,0.0,0.0,0.0,0.009905477,0.0,0.0007769,6.47e-05,0.0,0.0015538,0.0,0.000258967,0.0,0.0,0.0,0.0,6.47e-05,6.47e-05,0.0,6.47e-05,0.0,0.015343778,0.002719151,6.47e-05,0.0,0.0,0.0,0.0,6.47e-05,0.000194225,0.0,0.000582675,0.0,0.0,0.0,0.000129483,0.0,0.0,0.0,0.101126505,0.0,0.0,0.013272045,0.0,0.0,0.0,0.000129483,0.001748025,0.000453192,0.0,6.47e-05,0.000258967,0.0,0.008804869,0.0,0.0,0.0,0.0,0.0,0.0,0.000129483,0.0,0.0,0.0,0.0,0.0,0.0,6.47e-05,6.47e-05,0.0,0.0,0.00038845,6.47e-05,0.000194225,6.47e-05,0.010358669,0.0,0.0,0.0,0.0,0.0,0.000323708,0.0,0.0,0.00038845,6.47e-05,0.001035867,0.0,6.47e-05,0.0,0.000582675,0.0,0.0,0.000453192,0.0,0.0,0.0,0.0,0.0,0.0,0.0,0.0,0.0,0.0,0.0,0.0,0.0007769,0.0,0.0,0.0,0.001230092,0.0,0.031788165,0.0,6.47e-05,0.0,0.0,0.0,0.0,0.0,0.0,0.0,0.0007769,0.0,0.0,6.47e-05,0.000258967,0.001489059,0.0,0.000517933,0.0,0.0,0.039427684,0.0,0.0,0.0,0.0,6.47e-05,6.47e-05,0.0,0.0,0.0,0.0,0.0,6.47e-05,6.47e-05,0.552311278,0.001100609,0.000129483,0.0,0.0,0.0,0.0,0.0,0.000582675,6.47e-05,0.0,0.0,0.000323708,0.016897579,0.0,0.0,0.0,0.0,0.0,0.011977211,0.0,6.47e-05,0.0,0.0007769,0.0,6.47e-05,0.0,6.47e-05,0.0,0.000323708,0.000841642,0.001618542,0.0,0.001618542,0.0,0.000129483,0.000453192,0.0,0.0,0.000129483,0.0,6.47e-05,0.0,0.000841642,0.0,0.000129483,0.0,0.0,0.000194225,0.0,0.0,0.0,0.0,0.000194225,0.0,0.0,6.47e-05,0.0,0.0,0.0,0.000323708,0.0,6.47e-05,0.0,0.000194225,0.0,0.0,0.0
SRR12478937,0.007372754,0.000523952,7.49e-05,0.0,7.49e-05,7.49e-05,0.029640719,0.0,7.49e-05,0.0,3.74e-05,0.000449102,0.0,0.0,0.0,0.0,7.49e-05,0.0,0.001871257,0.000149701,0.00988024,0.0,0.0,0.00632485,0.002208084,0.0,0.003667665,0.007597305,0.0,0.0,0.000486527,0.001609281,0.035179641,0.0,0.0,0.244610778,3.74e-05,0.0,0.0,0.000411677,0.0,7.49e-05,7.49e-05,0.0,0.0,0.001946108,0.000261976,0.0,3.74e-05,0.000187126,0.000673653,0.002657186,0.000149701,0.0,3.74e-05,0.0,0.0,0.0,0.0,0.0,0.0,0.0,0.000187126,0.0,3.74e-05,0.000224551,0.006287425,0.010815868,0.0,0.000112275,0.0,0.0,0.0,0.0,0.000336826,3.74e-05,0.000486527,0.0,0.0,0.0,0.000748503,0.0,0.0,3.74e-05,0.138959581,0.0,0.0,0.031025449,0.0,0.0,0.0,7.49e-05,0.001272455,0.0,0.0,3.74e-05,0.000299401,3.74e-05,0.016504491,0.0,0.0,0.0,0.0,0.0,0.0,0.000187126,0.0,3.74e-05,0.0,0.0,0.0,3.74e-05,0.0,0.0,0.0,0.0,0.001609281,0.000187126,0.0,3.74e-05,0.037013473,0.0,0.0,0.0,0.0,0.0,0.004303892,0.000261976,0.0,0.000374251,0.0,0.001497006,0.0,0.000149701,0.0,0.000261976,3.74e-05,0.0,0.001908683,0.0,0.0,3.74e-05,0.0,0.0,0.0,0.0,0.0,0.0,0.0,0.0,0.0,0.000860778,3.74e-05,3.74e-05,0.0,0.001908683,0.0,0.065194611,0.0,3.74e-05,0.0,0.0,0.0,0.0,0.0,0.0,0.0,0.000449102,0.0,3.74e-05,0.000523952,0.000112275,0.004266467,3.74e-05,0.002058383,0.0,3.74e-05,0.10617515,3.74e-05,0.0,0.0,0.0,0.000261976,3.74e-05,0.0,0.0,0.0,0.0,0.0,0.000112275,0.0,0.111152695,0.003255988,0.000261976,0.0,3.74e-05,0.000149701,7.49e-05,0.006362275,3.74e-05,0.0,7.49e-05,0.0,0.001833832,0.019648204,0.0,0.000299401,0.0,0.0,0.0,0.011489521,0.0,0.000973054,0.0,0.000561377,0.0,0.0,0.0,7.49e-05,0.000149701,0.003742515,0.002170659,0.006811377,0.0,0.004079341,0.0,0.001347305,0.000374251,0.0,0.0,7.49e-05,0.0,0.0,0.000112275,0.00872006,0.0,3.74e-05,3.74e-05,0.0,0.000187126,0.0,0.0,0.0,0.0,0.010516467,0.0,0.0,3.74e-05,3.74e-05,0.0,0.000149701,0.004266467,0.0,0.000112275,0.0,0.000261976,0.0,0.0,0.0
SRR12478938,0.0,0.0,0.0,0.0,0.0,0.0,0.0,0.0,0.0,0.0,0.0,0.0,0.0,0.0,0.0,0.0,0.0,0.0,0.0,0.0,0.0,0.0,0.0,0.0,0.0,0.0,0.0,0.0,0.0,0.0,0.0,0.0,0.0,0.0,0.0,0.206896552,0.0,0.0,0.0,0.034482759,0.0,0.0,0.0,0.0,0.0,0.0,0.0,0.0,0.0,0.0,0.0,0.0,0.0,0.0,0.0,0.0,0.0,0.0,0.0,0.0,0.0,0.0,0.0,0.0,0.0,0.0,0.0,0.0,0.0,0.0,0.0,0.0,0.0,0.0,0.0,0.0,0.0,0.0,0.0,0.0,0.0,0.0,0.0,0.0,0.0,0.0,0.0,0.0,0.0,0.0,0.0,0.0,0.0,0.0,0.0,0.0,0.0,0.0,0.0,0.0,0.0,0.0,0.0,0.0,0.0,0.0,0.0,0.0,0.0,0.0,0.0,0.0,0.0,0.0,0.0,0.0,0.0,0.0,0.0,0.0,0.034482759,0.0,0.0,0.0,0.0,0.0,0.0,0.0,0.0,0.0,0.0,0.0,0.0,0.0,0.0,0.0,0.0,0.0,0.0,0.0,0.0,0.0,0.0,0.0,0.0,0.0,0.0,0.0,0.0,0.0,0.0,0.0,0.0,0.0,0.0,0.0,0.0,0.0,0.0,0.0,0.0,0.0,0.0,0.0,0.0,0.0,0.0,0.0,0.0,0.0,0.0,0.034482759,0.0,0.0,0.0,0.0,0.0,0.655172414,0.0,0.0,0.0,0.0,0.0,0.0,0.0,0.0,0.0,0.0,0.0,0.0,0.0,0.0,0.0,0.0,0.0,0.0,0.0,0.0,0.0,0.0,0.0,0.0,0.0,0.0,0.0,0.0,0.0,0.0,0.0,0.0,0.0,0.0,0.0,0.0,0.0,0.0,0.0,0.0,0.0,0.0,0.0,0.0,0.0,0.0,0.034482759,0.0,0.0,0.0,0.0,0.0,0.0,0.0,0.0,0.0,0.0,0.0,0.0,0.0,0.0,0.0,0.0,0.0,0.0,0.0,0.0,0.0,0.0,0.0,0.0,0.0,0.0,0.0,0.0,0.0,0.0,0.0,0.0,0.0,0.0
SRR12478939,0.019111709,0.000538358,0.0,0.0,0.000336474,6.73e-05,0.023956931,0.0,0.00013459,0.0,0.000336474,6.73e-05,0.0,0.0,0.0,0.0,0.0,0.0,0.000269179,0.0,0.006931359,0.0,0.0,0.005114401,0.001211306,0.0,0.003835801,0.001749664,0.0,0.000269179,0.000538358,0.0,0.004845222,0.0,0.0,0.18781965,0.0,0.0,0.0,0.0,0.0,0.000269179,0.0,0.000201884,0.0,0.0,0.0,6.73e-05,6.73e-05,0.005114401,0.00013459,0.000874832,0.0,0.0,0.004912517,0.0,0.000269179,0.0,0.0,6.73e-05,0.0,0.00013459,6.73e-05,0.0,0.0,6.73e-05,0.016083445,0.005181696,0.0,0.000269179,0.0,0.0,0.0,0.0,0.00013459,0.0,0.001076716,0.0,0.0,0.0,0.0,0.0,0.0,0.0,0.027321669,0.0,0.0,0.008815612,0.0,0.0,0.0,0.0,0.003835801,0.000403769,0.0,0.0,0.000269179,0.0,0.007335128,0.0,0.0,0.0,0.0,0.0,0.0,0.000201884,0.0,0.001211306,0.0,0.0,0.0,0.0,0.0,0.0,0.0,0.0,0.000942127,0.0,0.0,6.73e-05,0.021399731,0.000403769,0.0,0.0,0.0,0.0,0.00141319,0.0,0.0,0.00013459,0.0,0.001345895,0.0,0.0,0.0,0.000269179,6.73e-05,0.0,0.004306864,0.0,0.0,0.0,0.0,0.0,0.0,0.0,0.0,0.0,0.0,0.0,0.0,0.000807537,0.0,0.0,0.0,0.002288022,0.0,0.015275908,0.0,0.0,0.003230148,0.0,0.000201884,0.0,0.0,6.73e-05,0.0,0.000269179,0.0,0.0,0.000201884,6.73e-05,6.73e-05,0.0,0.000269179,0.0,0.0,0.034454913,0.0,0.0,0.0,0.0,0.000269179,0.0,0.0,0.0,0.0,0.0,0.0,0.000538358,6.73e-05,0.51897712,0.001816958,0.000201884,0.0,0.0,0.00013459,0.0,0.000201884,6.73e-05,6.73e-05,0.0,0.0,0.000269179,6.73e-05,0.0,0.0,0.0,0.0,0.0,0.015881561,0.0,0.000605653,0.0,0.000807537,0.0,0.0,0.0,0.0,6.73e-05,0.000336474,0.000538358,0.006258412,0.0,0.002086137,0.0,0.000538358,0.000740242,0.0,0.0,0.0,0.0,0.0,6.73e-05,0.000403769,0.0,0.0,0.0,0.0,0.0,0.0,0.0,0.0,6.73e-05,6.73e-05,0.0,0.0,0.0,0.0,0.0,0.0,0.0,0.0,0.00013459,0.0,6.73e-05,0.0,0.0,0.0
SRR12478940,0.007421255,0.001472921,0.0,0.0,0.000226603,0.00067981,0.06407206,0.0,0.000113302,0.003738953,0.000169952,0.00073646,0.0,5.67e-05,0.0,0.0,5.67e-05,0.0,0.003285747,0.0,0.000849762,0.0,0.0,0.033707229,0.00492862,0.0,0.002492635,0.003738953,5.67e-05,0.003115794,0.0,0.0,0.004588715,0.0,0.0,0.114151371,0.000339905,0.0,0.0,5.67e-05,0.0,0.000396556,5.67e-05,5.67e-05,0.0,0.000283254,0.0,0.000339905,0.000113302,0.033027419,0.003342397,0.001982778,0.000169952,0.0,0.006628144,0.000169952,0.0,0.0,0.0,0.000623159,0.0,0.0,0.000113302,0.0,0.0,0.000339905,0.00073646,0.035066848,0.0,0.001189667,0.0,0.0,0.0,0.0,0.000226603,5.67e-05,0.001133016,0.0,0.0,0.0,0.0,0.0,0.0,0.0,0.027815545,5.67e-05,0.0,0.029798323,0.0,0.0,0.0,0.000169952,0.001529572,0.0,0.0,0.0,0.005155223,5.67e-05,0.027418989,0.0,0.0,5.67e-05,0.000113302,0.0,0.0,5.67e-05,0.0,0.0,0.0,0.0,0.000509857,0.0,0.0,0.0,0.0,0.0,0.00283254,0.0,5.67e-05,0.0,0.018128257,0.0,0.0,0.0,5.67e-05,0.0,0.012123272,0.001019714,0.0,0.00067981,0.000849762,0.000509857,0.0,0.000113302,0.0,0.00067981,0.0,0.0,0.039938817,0.0,0.0,0.0,5.67e-05,0.0,0.0,0.0,0.0,0.0,0.0,0.0,0.0,0.000396556,0.000396556,0.0,0.0,0.006004985,0.0,0.096702923,0.0,0.000793111,0.000396556,0.0,5.67e-05,0.0,0.0,0.0,0.0,0.000623159,0.0,5.67e-05,0.000339905,0.0,0.000453206,0.0,0.001642873,0.0,0.0,0.191026513,0.0,0.0,0.0,0.0,0.003342397,0.0,0.0,0.0,0.0,0.0,0.0,0.00073646,5.67e-05,0.014559257,0.013142987,0.003399048,0.0,0.0,0.000113302,5.67e-05,0.0,0.000113302,0.0,0.0,0.0,0.000169952,0.0,0.0,0.0,0.0,0.0,0.0,0.020620893,0.0,0.001869477,0.0,0.000339905,0.0,0.000113302,0.0,0.0,0.000226603,0.001982778,0.006231588,0.023453433,0.004588715,0.004702017,0.0,0.000963064,0.000793111,0.0,0.0,0.001302969,0.0,0.0,0.000113302,0.003172445,0.0,0.000226603,0.000396556,0.0,0.0,0.0,0.0,0.0,0.0,0.06339225,0.000113302,0.0,0.0,0.0,0.0,0.000566508,0.012519828,0.0,5.67e-05,0.0,0.00067981,0.0,0.0,0.0
SRR12478941,0.000201018,6.7e-05,6.7e-05,0.0,0.000134012,0.0,0.002747253,0.0,0.008643795,6.7e-05,6.7e-05,0.000335031,0.0,0.000201018,0.0,0.0,0.0,0.0,6.7e-05,0.000335031,0.0,0.0,0.0,0.00087108,6.7e-05,0.0,0.002077191,0.005427499,0.000134012,0.0,0.0,0.000268025,0.0,6.7e-05,0.0,0.092602519,0.0,0.0,0.0,0.000134012,0.000670062,0.0,0.000804074,0.0,0.0,0.003953364,0.000134012,0.000134012,6.7e-05,0.051460734,0.000134012,0.002680247,0.0,0.0,0.003216296,0.0,0.0,0.0,0.0,0.000134012,0.0,6.7e-05,0.0,0.0,0.0,0.000670062,0.002546234,0.005092469,0.0,6.7e-05,0.0,0.0,6.7e-05,0.0,0.002077191,6.7e-05,0.001139105,0.0,0.0,0.0,0.0,0.0,0.0,0.0,0.002412222,6.7e-05,0.0,0.009246851,0.0,0.0,0.0,0.000335031,0.0,6.7e-05,0.0,0.0,0.000134012,0.0,0.002948271,6.7e-05,0.0,0.000201018,0.0,0.0,0.0,0.001474136,0.0,0.0,0.0,0.0,0.0,0.000134012,6.7e-05,0.000268025,0.0,6.7e-05,0.000938086,6.7e-05,0.0,6.7e-05,0.00174216,0.0,0.0,0.0,0.0,0.0,0.000469043,0.000335031,0.0,0.011391048,0.0,6.7e-05,0.0,0.000268025,0.0,0.004623425,0.0,0.0,0.000268025,0.001407129,0.0,0.000134012,0.000134012,0.0,6.7e-05,6.7e-05,0.0,0.0,0.0,0.0,0.0,6.7e-05,0.000938086,0.000201018,0.0,0.001273117,0.000201018,0.007839721,0.0,0.000134012,0.001206111,0.0,0.0,0.0,0.0,0.0,0.0,0.000603055,0.0,0.001139105,0.000335031,0.0,6.7e-05,0.0,6.7e-05,0.0,0.0,0.543889038,0.0,0.0,0.0,0.0,0.0,0.000268025,0.0,0.0,0.0,0.0,0.0,0.000201018,0.0,0.06586706,0.006432592,6.7e-05,0.0,0.000201018,6.7e-05,6.7e-05,0.0,0.000201018,0.003484321,0.000201018,0.0,0.000335031,0.000737068,0.0,0.000469043,0.0,0.0,0.0,0.001608148,0.0,0.000134012,0.0,6.7e-05,0.0,6.7e-05,0.0,0.0,0.0,0.0,0.000603055,0.000201018,0.0,0.010586974,0.0,0.000938086,0.000201018,0.0,0.0,0.000402037,0.0,0.000134012,0.0,0.006030555,0.0,0.0,0.0,0.0,0.007638703,0.0,0.0,0.0,0.0,0.000804074,0.0,0.0,0.0,0.0,0.0,0.0,0.0,0.0,6.7e-05,6.7e-05,0.000268025,0.0,0.0,0.0
SRR12478942,0.003015184,0.000323055,3.59e-05,0.0,3.59e-05,0.000323055,7.18e-05,0.0,0.0,0.000323055,0.000107685,0.0,0.0,0.0,0.000107685,0.0,0.0,0.0,0.00014358,0.000538426,0.003481819,0.0,0.0,0.006568793,0.003661294,0.0,0.000179475,0.001507592,0.0,0.0,0.000789691,0.000394845,0.009583976,0.0,3.59e-05,0.158440719,0.0,0.0,0.0,0.000538426,0.0,3.59e-05,0.0,0.0,0.0,0.026921282,7.18e-05,0.0,0.0,0.000179475,0.0,0.000646111,3.59e-05,0.0,0.00014358,3.59e-05,0.000107685,7.18e-05,0.0,0.000107685,0.0,0.00021537,7.18e-05,0.0,0.0,0.0,0.002835708,0.006532898,0.0,0.000251265,0.0,0.0,0.0,0.0,7.18e-05,0.0,0.000538426,0.0,0.0,0.0,0.000682006,0.0,0.0,3.59e-05,0.034028501,0.0,0.0,0.001866542,0.0,0.0,0.0,7.18e-05,0.00021537,3.59e-05,0.0,3.59e-05,0.000538426,3.59e-05,0.013783696,0.0,0.0,0.0,0.0,0.0,0.0,3.59e-05,0.0,0.0,0.0,0.0,3.59e-05,0.0,0.0,0.0,0.0,0.0,0.000466636,0.00021537,0.000107685,0.0,0.011486414,0.002081912,0.0,0.0,3.59e-05,0.0,0.000502531,0.000251265,0.0,3.59e-05,0.0,0.0,0.0,0.000251265,0.0,0.000753796,0.0,0.0,0.002225493,0.0,0.0,3.59e-05,0.000107685,0.0,0.0,0.0,0.0,0.0,0.0,0.0,0.0,0.000179475,0.0,0.0,0.0,0.002871603,0.0,0.031515848,0.0,0.00014358,0.002117808,3.59e-05,0.001507592,0.0,0.0,7.18e-05,0.0,0.000574321,0.0,0.0,0.00021537,0.007537959,0.000825586,0.0,0.000466636,0.0,0.0,0.028859614,3.59e-05,0.0,0.0,0.0,0.00014358,0.0,0.0,0.0,0.0,0.0,0.0,3.59e-05,7.18e-05,0.592770738,0.00014358,0.000179475,0.0,7.18e-05,3.59e-05,0.0,0.0,0.00021537,0.0,0.0,0.0,0.0,0.002835708,0.0,0.0,0.0,0.0,0.0,0.005958577,0.0,0.000107685,0.0,0.000179475,3.59e-05,0.0,0.0,0.000179475,3.59e-05,0.002010122,0.002225493,0.002333178,0.00014358,0.002117808,0.0,0.000430741,0.002728023,0.0,0.0,0.0,0.0,0.0,7.18e-05,0.004881726,0.0,0.0,0.0,3.59e-05,0.000107685,0.0,0.0,0.0,0.0,3.59e-05,0.00021537,0.0,0.0,0.0,0.0,3.59e-05,0.000179475,0.0,0.0,0.0,0.0,0.0,0.0,0.0
SRR12478943,0.01664347,0.0,0.0,0.0,0.0,0.0,0.020238924,0.0,0.0,0.0,0.0,0.0,0.0,0.0,0.0,0.0,0.0,0.0,0.0,0.003363489,0.0,0.0,0.0,0.0,5.8e-05,0.0,0.0,0.000463929,0.0,5.8e-05,5.8e-05,0.0,5.8e-05,0.0,0.0,0.038680121,0.0,0.0,0.0,0.0,0.0,5.8e-05,0.0,0.0,0.0,0.0,0.0,0.0,0.0,0.0,0.0,0.000463929,0.0,0.0,0.000173974,0.0,0.0,0.0,0.0,0.0,0.0,0.0,0.0,0.0,0.0,0.0,0.009046625,0.000463929,0.0,0.0,0.0,0.0,0.0,0.0,0.0,0.0,0.000579912,0.0,5.8e-05,0.0,0.000115982,0.0,0.0,0.0,0.008640687,0.0,0.0,0.001043841,0.0,0.0,0.0,0.0,5.8e-05,5.8e-05,0.0,0.0,0.0,0.0,0.002493621,0.0,0.0,0.0,0.0,0.0,0.0,5.8e-05,0.0,0.0,0.0,0.0,0.0,0.0,0.0,0.0,0.0,0.0,0.000405938,0.0,0.0,0.0,0.002319647,0.0,0.0,0.0,0.0,0.0,5.8e-05,0.000173974,0.0,0.000173974,0.0,0.0,0.0,0.0,0.0,0.000347947,0.0,0.0,0.000173974,0.0,0.0,0.0,0.0,0.0,0.0,0.0,0.0,0.0,0.0,0.0,0.0,0.000695894,0.0,0.0,0.0,0.000173974,0.0,0.001797727,0.0,0.0,0.0,0.0,0.0,0.0,0.0,0.0,0.0,5.8e-05,0.0,0.0,0.0,0.0,0.000115982,0.0,0.000347947,0.0,0.0,0.008350731,0.0,0.0,0.0,0.0,0.0,0.0,0.0,0.0,0.0,0.0,0.0,5.8e-05,0.0,0.861575041,0.000347947,0.000173974,0.0,0.0,0.0,0.0,5.8e-05,5.8e-05,0.0,0.0,0.0,0.000463929,0.004987242,0.0,0.0,0.0,0.0,0.0,0.008524704,0.0,0.0,0.0,0.0,0.0,0.000231965,0.0,0.0,0.0,0.0,0.000173974,0.000579912,0.0,0.000579912,0.0,5.8e-05,0.000231965,0.0,0.0,0.0,0.0,0.0,0.0,0.000753885,0.0,0.0,0.0,0.0,0.0,0.0,0.0,0.0,0.0,0.0,0.0,0.0,0.0,0.0,0.0,0.0,0.002087683,0.0,0.0,0.0,5.8e-05,0.0,0.0,0.0
SRR12478944,0.034215168,0.000440917,0.0,0.0,8.82e-05,8.82e-05,0.027689594,0.0,0.0,0.0,0.0,0.000440917,0.0,0.0,8.82e-05,0.0,0.0,0.0,0.00026455,8.82e-05,0.0,0.0,0.0,0.000352734,0.000352734,0.0,0.0,0.005908289,0.000440917,0.0,0.00026455,0.0,0.000352734,0.0,0.0,0.089065256,0.0,0.0,0.0,0.0,8.82e-05,0.0,0.00026455,0.0,0.0,0.000176367,0.0,0.0,8.82e-05,0.0,0.0,0.000705467,8.82e-05,0.0,8.82e-05,0.0,0.0,0.0,0.0,8.82e-05,0.0,0.0,8.82e-05,0.0,8.82e-05,0.0,0.012962963,0.003880071,0.0,0.000352734,0.0,0.0,0.0,0.0,0.000176367,0.0,0.000617284,0.0,0.0,0.0,8.82e-05,0.0,0.0,8.82e-05,0.021869489,0.0,0.0,0.047530864,0.0,0.0,0.0,0.0,0.000440917,8.82e-05,0.0,0.0,8.82e-05,0.0,0.013227513,0.0,0.0,0.000176367,0.0,0.0,0.0,0.000440917,0.0,0.0,0.0,0.0,0.0,0.000176367,0.0,0.00026455,0.0,0.0,0.000440917,0.001058201,0.0,0.000176367,0.00670194,0.0,0.0,0.0,0.0,0.0,0.0,0.0,0.0,0.001587302,0.0,0.0,0.000176367,0.000793651,0.0,0.000705467,0.0,0.0,0.000793651,0.0,0.0,0.0,0.0,0.0,0.0,0.0,0.0,0.0,0.0,0.0,0.0,8.82e-05,0.000529101,0.0,0.0,0.002116402,8.82e-05,0.014197531,0.0,0.000352734,0.0,8.82e-05,0.0,0.0,0.0,8.82e-05,0.0,8.82e-05,0.0,0.00026455,0.000440917,0.0,0.000705467,0.0,0.000881834,0.0,0.0,0.396560847,0.0,0.0,0.0,0.0,0.0,8.82e-05,0.0,0.0,0.0,0.0,0.0,0.0,0.0,0.278395062,0.003439153,0.00026455,0.0,0.00026455,0.000176367,0.0,0.0,0.000352734,0.0,0.000176367,0.0,0.000881834,8.82e-05,0.0,0.00026455,0.0,0.0,0.0,0.003527337,0.0,8.82e-05,0.0,0.00026455,0.0,8.82e-05,0.0,8.82e-05,8.82e-05,0.000705467,0.000881834,0.001410935,0.0,0.002204586,0.0,0.000352734,0.000881834,0.0,0.0,0.000529101,0.0,0.0,0.0,0.005643739,0.0,0.000352734,0.0,0.0,0.000352734,8.82e-05,0.0,0.0,0.0,0.0,0.0,0.0,0.0,0.0,0.0,8.82e-05,0.001763668,0.0,0.0,0.0,0.000176367,0.0,0.0,0.0
SRR12478945,0.014273046,0.000717875,0.0,0.0,0.0,0.000591191,0.026645834,0.0,4.22e-05,0.000168912,4.22e-05,8.45e-05,0.0,0.0,0.0,0.0,0.0,0.0,0.003589375,0.002195853,0.000337824,0.0,0.0,0.0222119,0.001815802,0.0,0.000380052,0.002111397,0.0,8.45e-05,0.000464507,0.001773574,0.000802331,0.0,0.0,0.238207846,0.0,0.0,0.0,0.00021114,0.0,4.22e-05,0.0,0.0,0.0,0.000126684,0.000126684,0.0,8.45e-05,0.000253368,0.029137283,0.001309066,0.0,0.0,0.002406993,4.22e-05,0.0,0.0,0.0,0.000548963,0.0,4.22e-05,0.000168912,0.0,4.22e-05,0.000126684,0.004222795,0.011528229,0.0,0.000337824,0.0,0.0,4.22e-05,0.0,8.45e-05,0.0,0.000844559,0.0,0.0,0.0,0.000126684,0.0,0.0,8.45e-05,0.096744225,4.22e-05,0.0,0.021494025,0.0,0.0,0.0,4.22e-05,0.000380052,0.0,0.0,0.0,0.000633419,0.0,0.029137283,0.0,0.0,4.22e-05,0.000126684,0.0,4.22e-05,8.45e-05,0.0,8.45e-05,0.0,0.0,0.0,0.0,0.0,0.0,4.22e-05,0.0,0.001140155,0.00021114,0.0,4.22e-05,0.037582872,0.0,0.0,0.0,0.0,0.0,0.000337824,8.45e-05,0.0,0.0,4.22e-05,0.0,0.0,0.000168912,0.0,0.000760103,0.0,0.0,0.011823825,0.0,0.0,4.22e-05,4.22e-05,0.0,0.0,0.0,0.0,0.0,0.0,0.0,0.0,0.001942486,0.0,0.0,0.0,0.003124868,8.45e-05,0.016891179,0.0,4.22e-05,0.0,4.22e-05,0.002491449,0.0,0.0,0.0,0.0,0.00021114,0.0,0.0,0.000422279,4.22e-05,0.001477978,4.22e-05,0.000548963,0.0,0.0,0.157383556,0.0,0.0,0.0,0.0,0.0,0.0,0.0,0.0,0.0,0.0,4.22e-05,0.0,4.22e-05,0.17520375,0.000844559,0.00021114,0.0,0.0,0.000126684,0.0,0.0,4.22e-05,0.0,0.001055699,0.0,0.001393522,0.016975634,0.0,0.0,0.0,0.0,0.0,0.005067354,0.0,0.000337824,0.0,8.45e-05,0.0,0.0,0.0,4.22e-05,4.22e-05,4.22e-05,0.000633419,0.018664752,0.0,0.004349478,0.0,0.000295596,0.000548963,0.0,0.0,0.0,0.0,0.0,4.22e-05,0.009501288,0.0,0.0,0.0,0.0,4.22e-05,0.0,0.0,0.0,0.0,0.000464507,0.0,0.0,0.0,0.0,0.0,0.0,0.001815802,0.0,4.22e-05,0.0,0.000295596,0.0,0.0,0.0
SRR12478946,0.002336059,8.34e-05,8.34e-05,0.0,0.000250292,0.0,0.01001168,0.0,0.000333723,0.000250292,0.0,0.000834307,0.0,0.000166861,0.0,0.0,0.0,0.0,0.000417153,0.001084599,8.34e-05,0.0,0.0,0.0,0.003587519,0.0,0.000250292,0.000917737,8.34e-05,0.0,0.002336059,0.001585183,0.000333723,0.0,0.0,0.113966294,8.34e-05,0.0,0.0,0.000500584,0.0,0.000250292,0.0,0.0,0.0,0.004004672,8.34e-05,0.0,0.0,0.000166861,0.000917737,0.000834307,0.0,0.0,0.000667445,0.0,0.000166861,0.0,0.0,0.000417153,0.0,8.34e-05,0.0,0.0,0.0,0.0,0.003420657,0.007091607,0.000166861,0.000166861,0.0,0.0,0.000166861,8.34e-05,8.34e-05,0.000250292,0.001001168,0.0,0.0,8.34e-05,8.34e-05,0.0,8.34e-05,0.000250292,0.020523945,8.34e-05,0.0,0.002336059,0.0,0.0,0.0,0.000166861,8.34e-05,0.000500584,0.0,8.34e-05,0.000834307,0.0,0.00876022,0.0,0.0,0.0,0.0,0.0,0.0,0.000333723,0.0,0.0,0.0,0.0,0.0,8.34e-05,0.0,0.0,0.0,0.0,0.000417153,0.000500584,0.000166861,8.34e-05,0.002669781,0.0,0.000250292,0.0,0.0,0.0,0.000917737,8.34e-05,0.0,0.00125146,0.0,0.0,0.0,0.000166861,0.0,0.000417153,0.0,0.0,0.0,0.0,0.000166861,0.0,0.005589855,0.0,0.0,8.34e-05,0.0,0.0,8.34e-05,0.0,0.0,0.0,0.0,8.34e-05,0.0,0.00250292,8.34e-05,0.040547305,0.000166861,0.000250292,0.0,0.000166861,0.0,0.0,0.0,8.34e-05,0.0,0.0,0.0,0.000166861,0.000166861,0.000917737,0.000834307,0.0,0.000333723,0.0,0.0,0.039546137,0.0,0.0,8.34e-05,0.0,0.0,0.0,0.0,0.0,0.0,0.0,0.0,0.0,0.0,0.679626231,0.000584015,0.0,0.000500584,0.000250292,0.000250292,0.0,0.0,0.000250292,8.34e-05,0.0,0.0,0.000166861,0.0,0.0,0.0,0.0,0.0,0.0,0.005923578,0.0,0.000417153,0.000166861,0.000250292,0.0,0.000166861,0.0,0.0,8.34e-05,0.0,0.001168029,0.000667445,0.0,0.001418321,8.34e-05,8.34e-05,0.000500584,0.0,0.0,0.000333723,0.0,8.34e-05,8.34e-05,0.007842483,0.0,8.34e-05,0.0,0.0,8.34e-05,8.34e-05,0.0,0.0,0.0,0.003420657,0.0,0.0,0.0,0.0,0.0,0.0,8.34e-05,0.0,0.000166861,0.0,8.34e-05,0.0,0.0,0.0
SRR12478947,0.005773536,0.000235655,0.000117827,0.0,0.000117827,0.0,0.00860139,0.0,0.0,0.000235655,0.0,0.0,0.0,0.0,0.000117827,0.0,0.0,0.0,0.000235655,0.000942618,0.0,0.0,0.0,0.000353482,0.000353482,0.0,0.000353482,0.000589136,0.0,0.0,0.0,0.0,0.000942618,0.0,0.0,0.07152115,0.0,0.0,0.0,0.0,0.0,0.0,0.0,0.0,0.0,0.000117827,0.0,0.0,0.0,0.0,0.0,0.009190527,0.0,0.0,0.000235655,0.0,0.000471309,0.0,0.0,0.000117827,0.0,0.0,0.0,0.0,0.0,0.0,0.011664899,0.002238718,0.0,0.0,0.0,0.0,0.0,0.0,0.0,0.0,0.000942618,0.0,0.0,0.0,0.0,0.0,0.0,0.0,0.03617297,0.0,0.0,0.003416991,0.0,0.0,0.0,0.0,0.0,0.000471309,0.0,0.0,0.000353482,0.0,0.00860139,0.0,0.0,0.0,0.0,0.0,0.0,0.000117827,0.0,0.0,0.0,0.0,0.0,0.0,0.0,0.0,0.0,0.0,0.0,0.0,0.000117827,0.000117827,0.0077766,0.0,0.0,0.0,0.0,0.0,0.000235655,0.000706964,0.0,0.000942618,0.0,0.0,0.0,0.0,0.0,0.0,0.0,0.0,0.000353482,0.0,0.0,0.0,0.0,0.0,0.0,0.0,0.0,0.0,0.0,0.0,0.0,0.008012254,0.000117827,0.0,0.0,0.000706964,0.0,0.0051844,0.0,0.000117827,0.0,0.0,0.0,0.0,0.0,0.0,0.0,0.000353482,0.0,0.0,0.0,0.0,0.000589136,0.0,0.000117827,0.0,0.0,0.026039826,0.0,0.0,0.0,0.0,0.0,0.0,0.0,0.0,0.0,0.0,0.0,0.0,0.0,0.752562743,0.000471309,0.0,0.0,0.0,0.0,0.0,0.0,0.0,0.0,0.0,0.0,0.014021445,0.0,0.0,0.0,0.0,0.0,0.0,0.011311417,0.0,0.0,0.0,0.000353482,0.0,0.0,0.0,0.0,0.0,0.0,0.000353482,0.002945682,0.0,0.000235655,0.0,0.0,0.0,0.0,0.0,0.0,0.0,0.000117827,0.0,0.000235655,0.0,0.000117827,0.0,0.0,0.000117827,0.000117827,0.0,0.0,0.0,0.0,0.0,0.0,0.0,0.0,0.0,0.000235655,0.0,0.0,0.000117827,0.0,0.0,0.0,0.0,0.0
SRR12478948,0.00421479,0.001313701,0.000109475,0.0,0.000164213,0.000602113,0.050468006,0.0,0.0,0.0,0.000164213,0.000383163,0.0,0.000164213,0.0,0.0,0.000383163,0.0,0.000875801,0.0,0.000109475,0.0,0.0,0.0,0.001970551,0.0,0.000985276,0.001149488,0.000164213,5.47e-05,0.0,0.0,0.000602113,5.47e-05,0.0,0.451584652,0.0,0.0,0.0,0.0004379,0.000492638,0.0,0.00021895,0.0,0.0,0.000383163,0.0,0.0,0.000109475,0.000164213,0.007334829,0.001587388,0.000164213,0.0,5.47e-05,0.0,0.0,0.0,0.0,0.000492638,0.0,0.0,0.000109475,0.0,0.0,5.47e-05,0.009962231,0.005035853,0.0,0.0004379,0.0,0.0,0.0,0.0,0.006459029,0.0,0.003284252,0.0,0.0,0.0,0.0004379,0.0,0.0,0.0,0.046143741,0.0,0.0,0.016694948,0.0,0.0,0.0,0.000109475,0.001806339,0.0,0.0,0.0,0.000164213,0.0,0.018446549,0.0,0.0,0.0,0.0,0.0,0.0,0.000273688,0.0,0.0,0.0,0.0,0.0,0.000109475,0.0,0.0,0.0,0.0,0.003612677,0.002572664,0.0,5.47e-05,0.027423504,0.0,0.0,0.0,0.0,0.0,0.000766325,0.000821063,0.0,0.003831627,0.0,0.000547375,0.0,0.0,0.0,0.000711588,0.0,0.0,0.0,0.0,0.0,0.0,0.000109475,0.0,0.0,0.0,0.0,0.0,0.0,0.0,0.0,0.000547375,0.000602113,0.0,0.0,0.000985276,0.000109475,0.03240462,5.47e-05,0.00021895,5.47e-05,0.0,0.0,0.0,0.0,0.0,0.0,0.000109475,0.0,0.000602113,0.000383163,0.000164213,0.000821063,0.0,0.002134764,0.0,0.0,0.093108545,5.47e-05,0.0,0.0,0.0,5.47e-05,0.000109475,0.0,0.0,0.0,0.0,0.0,0.0,0.0,0.085609502,0.001477913,0.000547375,0.0,5.47e-05,5.47e-05,5.47e-05,0.000328425,0.000109475,0.0,0.0,0.0,0.000164213,0.017953911,0.0,0.0,0.0,0.0,0.0,0.025781378,0.0,0.000547375,0.0,0.002572664,0.0,0.0,0.0,0.0,5.47e-05,0.0,0.001258963,0.017351798,0.0,0.008922218,0.0,0.000164213,0.003010564,0.0,0.0,0.00065685,0.0,0.0,5.47e-05,0.001258963,0.0,0.0,5.47e-05,5.47e-05,0.0,0.0,0.0,0.0,5.47e-05,0.003393727,0.0,0.0,0.0,0.000109475,0.0,0.016092835,0.000821063,0.0,5.47e-05,5.47e-05,0.000164213,0.0,0.0,0.0
SRR12478949,0.001851525,0.000264504,8.82e-05,0.0,0.000264504,0.000264504,0.049814847,0.0,0.000264504,0.000529007,0.0,0.00123435,0.0,0.0,8.82e-05,0.0,0.0,0.0,0.001058014,0.0,0.000264504,0.0,0.0,0.0,0.001322518,0.0,0.00167519,0.001851525,8.82e-05,0.0,0.0,0.0,0.001410686,0.0,0.0,0.196702522,0.0,0.0,0.0,0.0,0.0,0.0,0.0,0.0,0.0,8.82e-05,0.000176336,0.0,0.000440839,0.001410686,0.0,0.002821372,0.0,0.0,0.000617175,0.0,0.0,0.0,0.0,0.000881679,0.0,0.0,0.0,0.0,0.0,0.0,0.043025921,0.007317933,0.0,0.000264504,0.0,0.0,0.0,0.0,0.000969847,8.82e-05,0.000440839,0.0,0.0,0.0,8.82e-05,0.0,0.0,8.82e-05,0.035178981,0.0,0.0,0.03438547,0.0,0.0,0.0,0.0,0.002997708,0.000176336,0.0,8.82e-05,0.000264504,0.0,0.047875154,0.0,0.0,0.0,0.0,0.0,0.0,0.000617175,0.0,0.0,0.0,0.0,0.0,0.000352671,0.0,0.0,0.0,0.0,0.0,0.0,0.000440839,0.000617175,0.037030506,0.0,0.0,0.0,0.0,0.0,0.000440839,0.002380533,0.0,0.000440839,0.0,0.000793511,0.0,0.000617175,0.0,0.000264504,0.0,0.0,8.82e-05,0.0,0.0,0.0,0.007670605,0.0,0.0,8.82e-05,0.0,0.0,0.000529007,0.0,0.0,0.003526715,0.0,0.0,0.0,0.000529007,0.0,0.015253042,0.0,0.000529007,0.0,0.0,0.001763357,0.0,0.0,8.82e-05,8.82e-05,0.001498854,0.0,0.0,0.000176336,8.82e-05,0.002733204,0.0,0.0,0.0,0.0,0.357697055,0.0,0.0,0.0,0.0,8.82e-05,0.0,0.0,0.0,0.0,0.0,0.000264504,8.82e-05,0.0,0.006259919,0.003791218,0.000529007,0.000705343,0.000705343,8.82e-05,8.82e-05,0.0,0.000176336,0.0,0.00123435,0.0,0.002116029,0.000176336,0.0,0.0,0.0,0.0,0.0,0.054752248,0.0,8.82e-05,8.82e-05,0.001851525,0.0,0.000176336,0.0,8.82e-05,8.82e-05,0.000176336,8.82e-05,0.0,0.0,0.005730912,8.82e-05,0.000176336,0.000440839,0.0,0.0,0.000352671,0.0,0.0,8.82e-05,0.000969847,0.0,8.82e-05,0.0,0.0,0.000176336,0.0,0.0,0.0,0.0,0.000969847,8.82e-05,0.000264504,0.0,0.0,0.0,0.0,0.0,0.0,8.82e-05,8.82e-05,0.000176336,0.0,0.0,0.0
SRR12478950,0.002460807,0.0,0.0,0.0,0.0,0.0,0.018027484,0.0,8.29e-05,2.76e-05,0.0,2.76e-05,0.0,0.0,0.0,0.0,0.0,0.0,5.53e-05,0.000221196,0.000276495,0.0,0.0,0.00226726,0.000165897,0.0,0.000138248,8.29e-05,8.29e-05,0.0,0.000221196,0.0,0.000774186,0.0,0.0,0.085685846,0.0,0.0,0.0,0.0,2.76e-05,0.0,5.53e-05,0.0,0.0,0.003456189,0.0,0.0,0.0,2.76e-05,0.0,0.002737302,0.0,0.0,5.53e-05,0.0,8.29e-05,0.0,0.0,8.29e-05,0.0,5.53e-05,2.76e-05,0.0,2.76e-05,0.0,0.001410125,0.002599054,5.53e-05,0.000193547,0.0,0.0,0.0,0.0,0.002405508,0.0,0.000221196,0.0,0.0,0.0,5.53e-05,0.0,0.0,0.0,0.038543424,0.0,0.0,0.000276495,0.0,0.0,0.0,0.0,0.000138248,2.76e-05,0.0,0.0,0.000387093,0.0,0.004202726,0.0,0.0,0.0,0.0,0.0,0.0,8.29e-05,0.0,0.0,0.0,0.0,0.0,0.0,0.0,8.29e-05,0.0,0.0,0.000221196,0.0,0.0,0.0,0.007354771,0.0,0.0,0.0,0.0,0.0,0.000221196,0.000387093,0.0,0.000884784,0.0,0.000110598,0.0,2.76e-05,0.0,0.000470042,0.0,0.0,0.000110598,0.0,0.0,0.0,0.0,0.0,0.0,0.0,0.0,0.0,0.0,0.0,0.0,0.001465424,5.53e-05,0.0,0.0,0.000331794,0.0,0.009898526,2.76e-05,0.000248846,0.0,0.0,0.000248846,0.0,0.0,0.0,0.0,0.0,0.0,8.29e-05,2.76e-05,0.004423922,0.000359444,0.0,0.000470042,0.0,0.0,0.010534465,0.0,0.0,2.76e-05,0.0,2.76e-05,2.76e-05,0.0,0.0,0.0,0.0,0.0,0.0,2.76e-05,0.779163326,0.000359444,0.0,0.0,0.0,2.76e-05,0.0,0.0,0.000110598,0.0,0.0,0.0,2.76e-05,0.00229491,0.0,0.0,0.0,0.0,0.0,0.002626704,0.0,0.000138248,0.0,0.000138248,0.0,0.0,0.0,2.76e-05,0.0,0.001548373,0.000663588,0.000497691,0.0,0.000442392,0.0,0.000165897,0.000248846,0.0,0.0,0.000331794,0.0,0.0,2.76e-05,0.002101363,0.0,5.53e-05,0.000331794,5.53e-05,0.0,0.0,0.0,0.0,0.0,0.000718887,0.0,0.0,2.76e-05,0.0,0.0,0.000746537,0.000276495,0.0,2.76e-05,0.0,0.0,0.0,0.0,0.0
SRR34777669,0.0,0.0,0.0,0.0,0.0,0.0,0.000174279,0.0,0.0,0.0,7.47e-05,0.0,0.0,0.0,0.0,0.0,2.49e-05,0.0,3.73e-05,0.000311212,2.49e-05,0.0,0.0,1.24e-05,0.0,0.0,0.004742876,3.73e-05,1.24e-05,0.0,0.0,0.000211624,0.0,0.000435697,2.49e-05,0.0,1.24e-05,0.0,0.0,0.0,3.73e-05,0.0,0.0,0.0,0.0,0.0,0.0,0.0,0.0,1.24e-05,0.0,0.0,0.0,0.0,0.0,0.0,0.0,0.0,0.000323661,8.71e-05,0.0,0.0,0.0,0.0,0.0,0.0,3.73e-05,9.96e-05,1.24e-05,0.0,0.0,0.0,0.0,0.0,0.127024436,1.24e-05,0.0,3.73e-05,4.98e-05,0.0,1.24e-05,0.0,0.0,0.0,0.0,0.0,0.0,0.0,0.0,0.0,0.0,0.0,0.000348558,0.0,0.0,0.0,0.0,0.0,2.49e-05,0.053043034,0.0,0.0,0.0,0.0,0.0,0.0,0.0,0.0,3.73e-05,6.22e-05,0.0,0.0,0.0,0.000224073,4.98e-05,0.0,0.000149382,0.0,0.0,0.0,0.0,6.22e-05,0.0,0.0,0.0,0.0,9.96e-05,1.24e-05,0.0,0.0,0.0,0.0,0.0,0.0,0.0,0.012697464,0.000236521,0.0,0.0,0.0,1.24e-05,0.0,0.000784255,0.0,0.000385903,1.24e-05,0.0,0.01107916,0.000933637,0.0,2.49e-05,1.24e-05,0.0,0.0,0.0,3.73e-05,0.0,0.0,0.0,0.0,0.0,0.000136933,0.000199176,0.0,0.000323661,0.0,0.000112036,0.0,0.0,0.0,0.0,4.98e-05,0.000423249,0.000311212,0.0,0.0,0.0,0.0,0.0,0.0,0.00463084,1.24e-05,3.73e-05,0.0,0.000709564,0.0,0.0,0.0,0.0,2.49e-05,0.0,7.47e-05,0.000448146,0.0,4.98e-05,0.0,4.98e-05,1.24e-05,0.0,0.0,2.49e-05,1.24e-05,1.24e-05,6.22e-05,1.24e-05,0.0,1.24e-05,0.0,0.0,0.0,0.000597528,0.0,0.0,0.0,0.0,0.0,1.24e-05,0.0,1.24e-05,0.0,0.0,0.031693867,0.0,2.49e-05,0.655438125,0.00024897,0.0,0.0,3.73e-05,1.24e-05,0.0,0.0,0.000112036,0.0,0.0,2.49e-05,0.0,0.0,1.24e-05,0.0,4.98e-05,0.0,0.0,0.0,0.0,0.000112036,0.0,2.49e-05,0.0,0.0,0.0,0.0,0.0,7.47e-05,0.0,0.0,0.0,0.0,0.0
SRR34777670,0.0,0.0,7.96e-06,0.0,0.0,0.0,0.000557236,0.0,0.0,0.0,0.0,0.0,0.0,0.0,0.0,0.0,7.96e-06,7.96e-06,1.59e-05,0.00261901,0.007514727,0.0,0.0,0.0,0.0,0.0,0.198431778,3.18e-05,0.0,0.0,0.0,3.98e-05,0.0,0.000963222,0.0,0.0,0.0,0.0,0.0,2.39e-05,0.0,0.0,0.0,0.0,0.0,0.0,0.0,0.0,0.0,7.96e-06,0.0,0.0,0.0,7.96e-06,1.59e-05,0.0,0.0,2.39e-05,2.39e-05,0.0,0.0,0.0,0.0,0.0,7.96e-06,0.0,0.0,0.00015921,0.0,0.0,0.0,0.0,7.96e-06,0.0,0.000143289,2.39e-05,0.0,7.96e-06,7.96e-06,0.0,0.0,2.39e-05,7.96e-06,0.0,0.0,7.96e-06,0.0,0.0,7.96e-06,0.0,0.0,0.0,6.37e-05,0.0,0.0,0.0,7.96e-06,2.39e-05,3.18e-05,0.0,0.0,0.0,0.0,0.0,0.0,0.0,0.0,0.0,0.0,3.18e-05,0.0,7.96e-06,0.0,0.007681898,7.96e-06,1.59e-05,0.0,0.0,0.0,0.0,0.0,5.57e-05,0.0,0.0,7.96e-06,0.0,3.18e-05,3.18e-05,0.0,7.96e-06,0.0,0.0,0.0,2.39e-05,0.0,0.504497691,0.00092342,0.0,0.0,0.0,1.59e-05,0.0,0.000175131,0.0,0.004704665,0.0,0.0,0.000477631,0.0,0.0,7.96e-06,3.98e-05,7.96e-06,0.0,0.0,1.59e-05,0.0,0.0,0.0,0.0,0.0,3.18e-05,0.0,0.0,1.59e-05,0.0,4.78e-05,0.008613278,0.0,0.0,1.59e-05,1.59e-05,0.000135329,0.001146314,0.0,0.0,0.0,0.0,0.0,0.0,7.96e-06,0.0,0.0,0.0,2.39e-05,0.0,0.0,0.0,0.0,7.96e-06,0.0,2.39e-05,3.18e-05,0.0,0.0,0.0,7.96e-06,0.0,7.96e-06,0.0,0.0,7.96e-06,7.96e-06,0.0,0.0,0.0,0.0,7.96e-06,0.0,0.0,3.98e-05,0.0,7.96e-06,0.0,0.0,7.96e-06,7.96e-06,0.0,0.0,0.0,0.0,0.008477949,0.0,7.96e-06,0.020514249,2.39e-05,0.0,0.0,0.0,0.0,0.0,0.0,6.37e-05,0.0,7.96e-06,6.37e-05,0.0,0.0,7.96e-06,0.0,0.0,0.0,0.0,0.0,0.0,6.37e-05,0.0,0.000175131,0.0,0.0,7.96e-06,0.000804012,0.0,0.000103487,0.0,0.0,0.0,0.0,0.0
SRR34777671,6.21e-05,0.0,0.0,0.0,8.27e-05,0.0,0.001034233,0.0,0.0,0.0,8.27e-05,0.0,0.0,0.0,2.07e-05,0.0,0.0,8.27e-05,8.27e-05,0.000103423,0.000206847,0.0,0.0,0.0,0.0,0.0,0.007818802,0.000806702,4.14e-05,0.0,0.0,6.21e-05,0.00182025,8.27e-05,0.000972179,2.07e-05,4.14e-05,2.07e-05,0.0,4.14e-05,4.14e-05,2.07e-05,0.0,0.0,0.0,4.14e-05,0.0,0.0,2.07e-05,0.0,2.07e-05,0.0,0.0,0.0,2.07e-05,0.0,0.000124108,0.0,6.21e-05,4.14e-05,0.0,0.000124108,2.07e-05,0.0,0.0,0.0,4.14e-05,0.015658289,0.00031027,0.0,0.0,0.0,0.0,0.0,0.107518875,2.07e-05,4.14e-05,2.07e-05,2.07e-05,0.0,0.0,8.27e-05,0.0,0.0,2.07e-05,2.07e-05,0.0,0.0,0.0,0.0,0.0,0.0,0.00031027,0.0,0.0,0.0,0.0,0.00182025,0.012431482,0.043706691,0.0,0.0,0.0,0.004674734,0.0,4.14e-05,0.093908367,2.07e-05,0.0,2.07e-05,8.27e-05,0.0,8.27e-05,0.000165477,0.000103423,6.21e-05,2.07e-05,0.0,2.07e-05,0.0,0.0,0.0,0.0,0.0,2.07e-05,0.0,8.27e-05,0.003599131,0.0,6.21e-05,2.07e-05,0.0,0.0,0.001965043,0.0,0.024759541,8.27e-05,0.0,0.0,0.003082015,0.000165477,0.0,0.002233944,0.0,0.001613404,0.000165477,0.000165477,0.028420726,0.0,0.0,0.0,4.14e-05,2.07e-05,0.0,0.0,0.00275106,0.0,0.0,0.0,2.07e-05,8.27e-05,0.000413693,4.14e-05,0.0,8.27e-05,0.0,0.0,0.0,0.0,2.07e-05,2.07e-05,0.0,0.000248216,0.000289585,0.0,0.0,0.0,0.0,0.0,0.0,0.023022029,0.0,0.0,0.000103423,0.005977867,0.0,0.0,0.0,0.0,4.14e-05,0.0,0.089605957,4.14e-05,0.0,2.07e-05,0.0,4.14e-05,0.0,0.0,0.0,4.14e-05,0.00031027,0.0,2.07e-05,0.013879408,0.0,0.0,0.0,0.0,0.0,4.14e-05,0.0,0.0,0.0,0.0,0.0,0.000124108,0.0,0.0,0.0,8.27e-05,0.003785293,0.0,6.21e-05,0.006308822,6.21e-05,0.0,2.07e-05,2.07e-05,0.0,4.14e-05,0.0,2.07e-05,0.0,0.0,4.14e-05,2.07e-05,0.013134761,2.07e-05,0.0,4.14e-05,0.0,0.0,0.0,0.0,0.011583411,0.0,0.000330955,2.07e-05,0.0,0.0,2.07e-05,0.0,8.27e-05,0.0,0.0,0.0,0.0,0.0
SRR34777672,0.00028547,0.00131316,2.85e-05,0.0,2.85e-05,0.0,5.71e-05,0.0,0.0,0.0,0.0,0.00065658,0.000142735,0.0,0.0,0.0,8.56e-05,0.029032258,0.002397945,0.0,2.85e-05,0.0,0.0,0.0,0.000199829,0.0,0.000256923,0.160234085,0.043105909,0.0,0.0,2.85e-05,0.007336569,0.000142735,0.0,0.000114188,2.85e-05,0.0,0.0,2.85e-05,0.000314017,0.0,0.0,0.0,0.0,0.0,0.0,0.0,2.85e-05,0.000628033,0.0,0.0,0.0,0.0,0.002940337,0.0,0.0,0.0,0.0,0.005566657,0.0,0.0,0.0,0.0,0.0,0.0,0.000542392,0.0220668,0.035997716,0.0,0.0,0.0,0.0,8.56e-05,0.004681701,0.000228376,8.56e-05,0.0,5.71e-05,2.85e-05,0.0,2.85e-05,0.0,0.0,2.85e-05,0.0,0.0,0.0,2.85e-05,0.0,0.0,0.0,0.000142735,0.0,0.0,2.85e-05,0.0,0.002226663,0.046617185,0.000913503,0.0,0.006337425,0.0,0.000456751,0.0,0.000171282,0.003825293,0.0,0.001455895,0.0,8.56e-05,0.0,0.0,0.0,0.0,8.56e-05,0.0,0.0,0.0,0.0,8.56e-05,0.0,0.0,0.0,0.0,0.0,0.000199829,0.0,0.0,8.56e-05,0.0,0.0,0.0,0.019954325,0.0,0.002283757,0.008392806,0.0,0.0,0.000199829,2.85e-05,0.0,2.85e-05,0.0,0.0,5.71e-05,0.0,0.000256923,0.0,0.0,0.0,0.0,2.85e-05,0.0,0.0,0.00356837,0.0,0.000256923,0.0,5.71e-05,0.0,5.71e-05,0.0,0.0,0.0,0.0,2.85e-05,0.0,0.0,0.015358264,0.0,5.71e-05,0.018441336,8.56e-05,0.0,0.0,2.85e-05,0.000171282,0.0,0.0,0.0,0.0,0.0,0.0,0.0,0.0,0.0,0.0,0.0,0.000199829,0.0,0.100884956,0.0,0.0,5.71e-05,0.000342564,0.000114188,2.85e-05,2.85e-05,0.0,0.0,0.003111619,0.0,0.0,0.021724236,0.0,0.0,0.0,0.0,0.0,5.71e-05,0.0,0.0,0.0,0.0,0.0,2.85e-05,0.0,0.0,0.0,0.0,0.000713674,0.0,5.71e-05,0.385326863,0.0,0.0,0.0,0.0,5.71e-05,0.000485298,0.0,5.71e-05,0.0,0.0,5.71e-05,0.0,0.0,0.0,0.0,2.85e-05,0.0,0.0,0.0,0.0,0.0,0.0,0.0,0.0,0.0,0.0,0.0,0.0,2.85e-05,0.0,0.0,0.0,0.0,0.0
SRR34777673,0.000238426,0.018974767,1.99e-05,1.99e-05,1.99e-05,0.0,0.00069541,0.0,0.0,0.0,3.97e-05,0.003874429,7.95e-05,0.0,0.0,0.0,5.96e-05,0.004887741,0.000397377,1.99e-05,0.000119213,0.0,0.0,0.0,7.95e-05,0.0,0.000198689,0.244029406,0.004291675,1.99e-05,0.0,0.00017882,0.010828532,0.0,0.0,0.000973574,0.0,0.0,0.0,0.0,0.000158951,0.0,1.99e-05,0.0,0.0,0.0,0.0,0.0,1.99e-05,1.99e-05,0.0,0.0,0.0,0.0,7.95e-05,0.0,1.99e-05,0.0,0.0,9.93e-05,0.0,0.000119213,0.0,0.0,0.0,0.0,0.000814623,0.075183787,0.026604411,0.0,0.0,0.0,1.99e-05,0.0,7.95e-05,9.93e-05,3.97e-05,0.0,0.0,5.96e-05,0.0,3.97e-05,0.0,1.99e-05,3.97e-05,0.0,0.0,0.0,0.000615935,0.0,0.0,0.000337771,7.95e-05,0.0,0.0,3.97e-05,0.0,0.004331413,0.110172859,3.97e-05,0.0,0.011047089,0.0,0.002582953,0.0,0.000933837,0.000238426,1.99e-05,0.000437115,0.0,9.93e-05,1.99e-05,7.95e-05,5.96e-05,0.0,0.000476853,0.0,0.0,0.0,1.99e-05,0.000198689,1.99e-05,0.0,0.0,3.97e-05,0.0,0.001192132,0.0,0.0,3.97e-05,1.99e-05,0.0,1.99e-05,0.273634015,0.0,0.002026624,0.027041526,0.0,7.95e-05,0.000119213,1.99e-05,0.0,0.0,0.0,1.99e-05,7.95e-05,0.0,1.99e-05,0.0,0.0,0.0,0.000119213,0.000794755,0.0,0.0,0.00035764,0.0,0.004351282,0.0,0.0,0.0,0.000139082,0.0,0.0,5.96e-05,0.0,0.0,0.0,0.0,0.000377508,0.0,1.99e-05,0.013669779,1.99e-05,0.0,0.0,0.0,7.95e-05,0.0,0.0,0.0,0.0,0.0,0.0,0.0,0.0,0.0,0.0,0.0,0.000417246,0.0,0.000615935,0.0,0.0,3.97e-05,0.0,7.95e-05,0.0,3.97e-05,0.0,1.99e-05,0.00524538,0.0,7.95e-05,0.017424995,0.0,0.0,3.97e-05,0.0,0.0,3.97e-05,0.0,0.0,0.0,0.0,0.0,0.0,0.0,0.0,0.0,0.0,0.000516591,0.0,0.0,0.118835684,0.0,0.0,0.0,0.0,0.000516591,7.95e-05,0.0,0.0,0.0,1.99e-05,0.0,0.0,0.0,0.0,0.0,0.0,0.0,0.0,0.0,0.0,0.000516591,0.0,1.99e-05,0.0,0.0,0.0,1.99e-05,0.0,7.95e-05,0.0,1.99e-05,0.0,0.0,0.0
SRR34777674,0.001185888,0.030655203,0.0,2.96e-05,0.0,0.0,0.00296472,0.0,0.0,0.0,0.0,0.005277201,0.000118589,0.0,0.000118589,0.0,2.96e-05,0.003616958,0.000266825,2.96e-05,0.002282834,0.000118589,0.0,0.0,0.000237178,0.0,0.001067299,0.022176104,0.003350133,0.0,0.0,0.000563297,0.001423066,5.93e-05,2.96e-05,0.003439075,5.93e-05,8.89e-05,0.0,0.000237178,0.000296472,0.0,0.0,0.0,0.0,0.001808479,0.0,0.0,0.0,0.0,2.96e-05,0.0,0.0,0.0,0.004862141,0.0,8.89e-05,0.0,0.0,0.002935073,0.0,8.89e-05,2.96e-05,0.0,0.0,0.0,0.069759858,0.18455381,0.01894456,0.0,0.0,0.0,0.0,0.000118589,0.030358731,0.000711533,0.000978358,2.96e-05,5.93e-05,0.000266825,2.96e-05,0.000118589,0.0,0.0,0.002342129,0.0,0.0,0.0,5.93e-05,0.0,0.0,0.00020753,2.96e-05,0.0,0.0,0.0,0.0,0.007975096,0.007767566,0.006077676,0.0,0.011740291,0.03533946,0.003350133,2.96e-05,0.000563297,0.012926178,2.96e-05,0.006937444,0.0,0.0,2.96e-05,0.000296472,0.0,5.93e-05,0.000118589,0.0,0.0,0.0,0.0,0.000177883,0.0,0.009753928,0.0,5.93e-05,0.0,0.000296472,0.0,0.0,5.93e-05,0.0,0.0,2.96e-05,0.020278684,0.0,0.011769938,0.000177883,0.0,0.000118589,0.000118589,0.0,8.89e-05,0.0,0.0,0.00020753,0.000118589,0.0,0.001986362,2.96e-05,0.0,0.000237178,0.227453306,0.000326119,0.0,0.0,0.005721909,0.0,0.000296472,0.0,0.026297065,2.96e-05,0.00020753,0.0,0.0,0.0,0.0,2.96e-05,5.93e-05,0.0,0.00127483,0.00020753,0.000355766,0.006374148,0.000563297,5.93e-05,0.0,0.0,0.001808479,0.0,0.0,8.89e-05,0.0,0.0,0.002371776,0.000118589,0.0,0.0,0.0,0.0,0.001245182,0.0,0.11206641,0.0,0.0,0.000118589,0.0,0.000148236,0.0,2.96e-05,0.0,0.000118589,0.000237178,0.0,0.004061666,0.02582271,0.0,0.0,0.0,0.0,0.0,0.000415061,0.0,0.0,0.0,0.0,0.0,0.0,0.0,0.0,0.0,0.0,0.008597688,0.0,0.000118589,0.002104951,5.93e-05,5.93e-05,0.0,0.0,0.000563297,0.002697895,0.0,2.96e-05,0.0,0.0,0.0,0.0,0.0,0.0,0.0,2.96e-05,0.0,0.0,0.0,8.89e-05,0.004209902,0.00020753,2.96e-05,0.001096946,0.0,0.0,0.0,0.0,2.96e-05,0.0,0.0,0.0,0.0,0.0
SRR34777675,0.0,0.0,3.95e-05,0.0,0.000118511,0.0,0.006281109,0.0,0.0,0.0,0.0,3.95e-05,0.0,0.0,0.0,0.0,0.0,0.0,0.0,0.0,0.0,0.0,0.0,0.0,0.0,0.0,0.003436833,0.00082958,0.0,0.0,0.0,7.9e-05,3.95e-05,7.9e-05,0.000592557,0.0,7.9e-05,3.95e-05,0.0,3.95e-05,0.0,0.0,0.0,0.0,0.0,0.0,0.0,0.0,0.0,0.0,0.0,0.0,0.0,0.0,0.000118511,0.0,0.000434542,0.0,0.000355534,0.0,0.0,0.000237023,0.0,0.0,7.9e-05,0.0,0.0,0.000276527,0.0,0.0,0.0,0.0,3.95e-05,0.0,0.078257091,3.95e-05,0.0,0.0,0.0,0.0,3.95e-05,0.0,0.0,0.0,7.9e-05,3.95e-05,0.0,0.000434542,0.0,0.0,0.0,0.0,0.000276527,0.0,0.0,0.0,0.000118511,0.0,3.95e-05,0.0,0.0,0.0,0.0,0.0,3.95e-05,0.0,0.023465276,0.0,0.0,0.0,0.0,3.95e-05,0.0,7.9e-05,7.9e-05,3.95e-05,0.0,0.0,0.0,3.95e-05,0.0,0.0,0.0,0.0,3.95e-05,0.0,0.0,0.0,0.0,7.9e-05,3.95e-05,0.0,0.0,0.0,0.0,0.016512602,0.0,0.0,0.0,0.0,0.000158015,0.0,0.000316031,0.0,0.000316031,3.95e-05,0.0,0.000197519,3.95e-05,0.0,0.0,7.9e-05,0.0,0.0,0.0,0.0,0.0,0.0,0.0,3.95e-05,0.0,0.000948092,0.0,0.0,0.000355534,3.95e-05,7.9e-05,0.0,0.0,3.95e-05,0.0,0.0,3.95e-05,0.059769298,0.0,0.0,0.0,0.0,0.0,0.0,7.9e-05,0.0,0.0,0.0,0.0,0.0,0.0,0.0,0.000118511,0.000118511,3.95e-05,0.000316031,7.9e-05,0.0,0.000592557,0.001145611,0.000355534,0.0,3.95e-05,0.0,0.0,0.000118511,0.0,7.9e-05,3.95e-05,0.0,0.0,0.00948092,0.0,0.0,7.9e-05,0.0,0.0,0.000158015,0.0,0.0,7.9e-05,0.0,0.0,0.0010271,0.0,0.005293513,0.0,0.000197519,0.000869084,0.000118511,0.0,0.0,0.000632061,3.95e-05,3.95e-05,0.0,0.0,3.95e-05,0.0,3.95e-05,0.0,0.0,0.0,0.0,0.003120803,0.0,7.9e-05,0.0,3.95e-05,0.0,0.0,0.0,0.001580153,0.0,0.0,3.95e-05,0.0,3.95e-05,0.0,3.95e-05,0.0,0.0,0.0
SRR34777676,4.98e-05,0.0,0.000497661,0.0,7.46e-05,0.0,4.98e-05,0.0,0.0,0.0,0.0,0.0,2.49e-05,0.0,0.0,0.0,0.0,0.0,2.49e-05,4.98e-05,2.49e-05,2.49e-05,0.0,0.0,9.95e-05,0.0,0.001418334,0.003284563,9.95e-05,0.0,0.0,0.000149298,4.98e-05,2.49e-05,0.0,2.49e-05,2.49e-05,2.49e-05,0.0,0.000149298,7.46e-05,0.0,0.0,0.0,0.0,0.0,0.0,2.49e-05,0.0,2.49e-05,0.0,0.0,0.0,0.0,4.98e-05,0.0,0.000124415,0.00024883,7.46e-05,0.0,0.0,0.0,0.0,0.0,0.0,0.0,0.0,0.001418334,0.008385588,0.0,0.0,0.0,0.0,4.98e-05,0.00522544,0.0,0.0,4.98e-05,0.0,0.0,0.0,0.0,0.0,7.46e-05,7.46e-05,0.0,0.0,0.0,0.0,0.0,0.0,0.0,0.000124415,0.0,0.0,0.0,0.0,0.0,0.000273714,0.0,0.0,0.0,0.0,0.000124415,0.0,4.98e-05,2.49e-05,0.0,0.0,0.0,9.95e-05,0.0,0.0,0.000124415,0.0,0.0,0.0,0.0,0.0,0.0,0.0,0.0,0.0,0.0,0.0,0.0,4.98e-05,0.0,0.0,2.49e-05,2.49e-05,0.0,0.0,0.006967254,0.0,0.091047079,0.000124415,0.0,0.0,0.0,2.49e-05,0.0,4.98e-05,0.0,0.000124415,0.0,0.0,0.00057231,0.0,0.0,2.49e-05,2.49e-05,2.49e-05,0.0,0.0,0.000124415,0.0,2.49e-05,0.0,0.0,2.49e-05,0.001443217,0.004230118,0.0,4.98e-05,0.0,0.0,2.49e-05,0.0,0.0,0.000174181,2.49e-05,7.46e-05,9.95e-05,2.49e-05,0.0,0.0,2.49e-05,0.0,0.0,2.49e-05,0.0,0.0,0.0,0.0,0.0,0.0,0.0,0.0,2.49e-05,0.0,0.004752662,7.46e-05,0.0,4.98e-05,2.49e-05,4.98e-05,2.49e-05,2.49e-05,0.0,0.0,4.98e-05,0.0,0.0,4.98e-05,0.0,0.001169503,2.49e-05,0.0,0.0,0.00236389,0.0,0.0,4.98e-05,0.0,0.0,4.98e-05,0.0,0.0,0.0,0.0,0.000796258,4.98e-05,0.000223947,0.148551807,0.0,0.0,0.0,2.49e-05,2.49e-05,0.0,0.0,0.000149298,0.0,0.0,0.0,2.49e-05,0.0,2.49e-05,0.0,2.49e-05,0.0,0.0,2.49e-05,0.0,0.0,0.0,0.0,0.000223947,0.0,0.0,0.0,0.0,4.98e-05,0.000945556,0.0,0.0,0.0,0.0
SRR34777677,0.0,4.11e-05,4.11e-05,0.0,4.11e-05,0.0,0.02948312,0.0,0.0,0.0,0.0,8.22e-05,0.0,0.0,0.0,0.0,0.0,0.005140014,0.001932645,0.00012336,0.007730581,0.0,0.0,0.0,4.11e-05,0.0,0.004194251,0.000452321,0.0,0.0,0.0,0.000205601,0.0,0.00016448,4.11e-05,4.11e-05,8.22e-05,0.0,0.0,0.0,0.0,0.0,0.0,0.0,0.0,0.0,0.0,0.0,0.0,0.0,0.0,0.0,0.0,0.0,8.22e-05,0.0,0.00012336,0.0,4.11e-05,4.11e-05,0.0,0.00012336,0.0,0.0,0.0,0.0,0.00012336,0.00016448,0.0,0.008635223,0.0,0.0,0.0,0.0,0.094041696,0.00012336,0.004358732,0.0,4.11e-05,0.0,0.00012336,0.0,0.0,0.0,0.0,0.0,0.0,0.0,0.0,0.0,0.0,8.22e-05,0.00012336,0.0,0.0,4.11e-05,4.11e-05,0.001192483,0.000740162,0.0,0.0,0.0,0.0,8.22e-05,0.0,4.11e-05,0.0,0.0,0.0,4.11e-05,8.22e-05,0.0,0.0,0.000287841,8.22e-05,4.11e-05,0.0,0.0,0.0,0.0,0.0,0.0,0.000411201,0.0,0.0,0.0,4.11e-05,4.11e-05,0.0,4.11e-05,0.0,0.0,0.0,0.000452321,0.0,0.001192483,0.0,0.0,4.11e-05,0.0,0.0,0.0,0.000657922,0.0,0.000452321,0.0,0.0,0.00012336,0.0,0.0,4.11e-05,8.22e-05,4.11e-05,0.0,0.0,0.000328961,0.0,0.00012336,0.0,0.0,0.0,4.11e-05,0.0,0.0,4.11e-05,0.0,4.11e-05,0.000246721,0.0,4.11e-05,4.11e-05,4.11e-05,0.000411201,0.00012336,0.0,0.0,0.0,4.11e-05,0.0,0.0,4.11e-05,0.0,4.11e-05,0.0,0.0,0.0,0.0,0.0,4.11e-05,0.0,0.0,0.124306098,8.22e-05,0.0,0.0,0.017517168,0.00012336,0.0,0.0,0.0,0.0,0.0,8.22e-05,0.0,8.22e-05,0.0,0.0,0.0,0.0,0.0,0.006332497,0.0,0.0,0.0,0.0,4.11e-05,0.0,0.0,0.0,0.0,0.0,0.010444508,0.0,0.000575682,0.116493277,0.0,0.0,0.0,4.11e-05,4.11e-05,0.0,0.0,0.0,0.0,8.22e-05,0.0,0.0,0.0,0.0,0.0,4.11e-05,0.0,0.0,0.0,0.0,0.000370081,0.0,4.11e-05,0.0,0.0,0.0,4.11e-05,0.0,4.11e-05,0.0,0.0,0.0,0.0,0.0
SRR34777678,2.25e-05,4.5e-05,2.25e-05,0.0,2.25e-05,0.0,4.5e-05,0.0,0.0,0.0,0.0,4.5e-05,0.0,0.0,0.0,0.0,0.0,0.0,6.75e-05,0.000225043,0.000180034,0.0,0.0,0.0,0.0,0.0,0.016585651,0.000292556,0.0,0.0,0.0,4.5e-05,0.0,0.000247547,0.000135026,0.0,0.0,9e-05,0.0,2.25e-05,4.5e-05,0.0,0.0,0.0,0.0,0.0,0.0,0.0,2.25e-05,0.0,0.0,0.0,0.0,0.0,0.000135026,0.0,6.75e-05,4.5e-05,0.0,2.25e-05,0.0,2.25e-05,0.0,0.0,0.0,0.0,0.0,0.001642812,0.034589072,0.0,0.0,0.0,0.0,0.0,0.000202538,2.25e-05,0.0,4.5e-05,0.0,2.25e-05,0.0,2.25e-05,0.0,0.0,4.5e-05,0.000135026,0.0,0.0,0.0,0.0,0.0,4.5e-05,0.001237735,0.0,2.25e-05,2.25e-05,4.5e-05,0.0,0.000180034,2.25e-05,0.0,4.5e-05,0.0,2.25e-05,0.0,0.0,2.25e-05,0.0,2.25e-05,2.25e-05,0.000247547,2.25e-05,0.0,0.00047259,9e-05,2.25e-05,0.0,0.0,0.0,2.25e-05,0.0,2.25e-05,2.25e-05,0.0,0.0,0.0,0.0,0.02299937,0.0,0.0,6.75e-05,0.0,0.0,0.013097489,0.0,0.168804573,0.022076695,0.0,0.04116032,9e-05,9e-05,4.5e-05,0.000427581,0.0,0.001462778,0.0,2.25e-05,0.000247547,0.0,0.0,0.000180034,9e-05,2.25e-05,0.0,0.0,6.75e-05,0.0,0.0,0.0,0.0,0.0,0.000540103,0.000427581,0.0,4.5e-05,0.0,9e-05,0.000247547,0.0,0.0,9e-05,6.75e-05,0.000270051,0.000652624,0.0,0.0,0.0,2.25e-05,0.0,0.0,6.75e-05,0.0,0.0,0.0,2.25e-05,0.0,0.0,0.0,0.0,4.5e-05,0.0,0.000135026,0.00015753,0.0,0.000112521,0.0,0.000202538,0.0,9e-05,0.0,0.0,2.25e-05,2.25e-05,9e-05,0.0,0.0,4.5e-05,0.0,0.0,0.0,0.00015753,0.0,0.0,0.0,0.0,4.5e-05,2.25e-05,0.0,0.0,0.0,0.0,0.01521289,0.0,0.00015753,0.001440274,4.5e-05,0.0,2.25e-05,6.75e-05,2.25e-05,0.0,0.0,0.0,0.0,0.0,0.0,2.25e-05,0.0,0.0,0.0,0.00015753,0.0,0.0,0.0,0.0,0.0,0.0,0.000270051,2.25e-05,0.0,0.0,0.0,0.0,0.000112521,0.0,0.0,0.0,0.0,0.0
SRR34777679,0.0,0.0,0.0,0.0,0.0,0.0,2.04e-05,0.0,0.0,0.0,2.04e-05,2.04e-05,0.0,0.0,0.0,0.0,0.0,0.0,0.0,0.000142834,0.001387529,0.0,0.0,0.0,0.0,0.0,0.073314561,0.000489716,0.0,0.0,0.0,4.08e-05,0.0,0.001795625,6.12e-05,0.0,0.000265263,6.12e-05,0.0,0.000183643,2.04e-05,0.0,2.04e-05,0.0,0.0,0.0,0.0,0.0,0.0,0.0,0.0,2.04e-05,0.0,0.0,8.16e-05,0.0,0.000122429,8.16e-05,0.0,0.0,0.0,4.08e-05,8.16e-05,0.0,0.0,2.04e-05,4.08e-05,0.001652791,0.0,0.0,0.0,0.0,0.0,0.0,0.001836435,0.000142834,2.04e-05,2.04e-05,8.16e-05,4.08e-05,2.04e-05,2.04e-05,6.12e-05,0.0,0.000122429,0.0,0.0,0.0,0.0,0.0,0.0,2.04e-05,0.00236696,0.0,0.0,2.04e-05,0.0,0.0,0.000204048,0.0,0.0,0.0,0.0,2.04e-05,2.04e-05,0.0,0.0,2.04e-05,0.0,0.000367287,4.08e-05,0.0,0.0,0.000897813,0.000408097,6.12e-05,0.0,0.0,6.12e-05,0.0,0.0,0.0,0.0,0.0,2.04e-05,0.0,6.12e-05,0.000693764,0.0,6.12e-05,6.12e-05,0.0,0.0,2.04e-05,0.0,0.007060072,2.04e-05,0.0,4.08e-05,0.0,0.0,0.0,0.001081456,0.0,0.004958374,0.0,0.000387692,6.12e-05,0.0,0.0,0.000816193,0.000428501,4.08e-05,0.0,0.0,4.08e-05,0.0,0.0,0.0,0.0,2.04e-05,0.00544809,0.0,0.0,4.08e-05,0.003223963,0.0,4.08e-05,0.0,0.0,0.0,0.0,2.04e-05,0.267038035,0.0,0.0,0.0,4.08e-05,0.0,0.0,0.000224453,0.0,0.0,2.04e-05,2.04e-05,0.0,0.0,0.0,4.08e-05,0.000306072,0.0,0.000183643,6.12e-05,0.0,0.0,0.0,0.000102024,0.0,0.0,0.0,2.04e-05,0.0,0.0,4.08e-05,2.04e-05,0.0,0.0,8.16e-05,0.0,0.0,0.000448906,0.0,0.0,2.04e-05,0.0,0.000224453,0.0,0.0,2.04e-05,0.017588965,2.04e-05,0.010141201,0.0,0.000836598,0.013079497,2.04e-05,0.0,0.0,0.001285504,6.12e-05,8.16e-05,0.0,2.04e-05,4.08e-05,0.0,0.0,0.0,0.0,0.0,0.0,0.0,0.0,6.12e-05,0.0,4.08e-05,0.0,2.04e-05,0.000857003,0.0,0.0,0.0,6.12e-05,0.0,0.00059174,0.0,2.04e-05,0.0,0.0,0.0
SRR34777680,2.11e-05,0.001583548,0.0,0.000295596,2.11e-05,0.0,0.013998564,0.0,0.0,0.0,0.0,2.11e-05,2.11e-05,0.0,2.11e-05,0.0,0.0,0.0,2.11e-05,0.00021114,0.000654533,0.0,0.0,0.0,0.0,0.0,0.053587264,0.000464507,2.11e-05,0.0,0.0,0.00010557,2.11e-05,0.00122461,0.0,6.33e-05,2.11e-05,0.000591191,0.0,4.22e-05,0.0,0.0,0.0,0.0,0.0,2.11e-05,0.0,0.000253368,0.0,4.22e-05,0.0,0.0,0.0,0.000633419,0.000168912,0.0,6.33e-05,0.0,0.00010557,0.000147798,0.0,2.11e-05,0.000612305,0.0,0.0,4.22e-05,0.0,0.005362949,0.0,0.0,0.0,0.0,0.0,0.0,0.000126684,2.11e-05,0.00021114,0.000253368,2.11e-05,4.22e-05,2.11e-05,0.0,8.45e-05,0.0,0.00010557,0.0,0.0,0.0,0.000190026,0.0,0.0,0.0,0.001689118,0.0,0.0,2.11e-05,0.000168912,0.0,0.00021114,0.0,0.0,0.0,0.0,0.00010557,4.22e-05,0.0,0.0,4.22e-05,8.45e-05,0.00010557,8.45e-05,0.0,0.0,0.000717875,0.000253368,2.11e-05,0.0,0.0,0.0,0.0,0.0,2.11e-05,0.0,0.0,0.0,0.0,0.001414636,0.000422279,0.0,2.11e-05,2.11e-05,0.0,0.0,0.006967611,0.0,0.057345551,4.22e-05,0.0,6.33e-05,0.0,0.0,2.11e-05,0.00308264,0.0,0.004455048,0.0,4.22e-05,0.000147798,2.11e-05,0.0,0.00021114,0.00010557,0.0,0.0,0.0,0.0,0.0,0.0,0.0,0.0,2.11e-05,0.001119041,0.0,0.0,2.11e-05,4.22e-05,2.11e-05,0.0,0.0,2.11e-05,8.45e-05,2.11e-05,0.000717875,0.032072125,0.0,0.0,0.0,6.33e-05,0.0,0.0,0.000168912,0.0,0.0,0.000929015,0.0,0.0,0.0,0.0,0.0,6.33e-05,0.0,0.00010557,0.000358938,0.0,0.000126684,2.11e-05,8.45e-05,0.0,0.0,0.0,0.001245724,4.22e-05,0.0,0.000147798,0.00010557,0.0,2.11e-05,0.0,0.0,0.0,8.45e-05,0.0,0.0,0.0,0.0,4.22e-05,0.0,0.0,0.0,0.0,0.0,0.017038976,0.0,0.000380052,0.001013471,6.33e-05,0.0,0.000190026,2.11e-05,0.000527849,0.0,0.0,0.000295596,0.0,0.0,0.000591191,0.0,2.11e-05,0.0,0.0,0.0,0.0,0.0,0.0,0.0,6.33e-05,4.22e-05,0.000591191,0.0,0.0,0.0,4.22e-05,0.0,0.000126684,0.0,6.33e-05,0.0,0.0,0.0
SRR34777681,1.9e-05,1.9e-05,3.8e-05,0.0,3.8e-05,0.0,0.045882375,0.0,0.0,0.0,0.0,1.9e-05,0.0,0.0,0.0,0.0,0.003498697,0.0,1.9e-05,0.00028522,0.000513396,0.0,0.0,1.9e-05,0.0,0.0,0.038219467,0.00028522,1.9e-05,0.0,0.0,5.7e-05,1.9e-05,0.000912704,3.8e-05,0.0,0.000209161,3.8e-05,0.0,0.000152117,0.0,0.0,0.0,0.0,0.0,0.0,0.0,0.0,0.0,1.9e-05,0.0,0.0,0.0,0.0,1.9e-05,0.0,0.000114088,0.0,0.000228176,0.0,0.0,5.7e-05,3.8e-05,0.0,0.0,1.9e-05,0.0,0.013006028,0.0,0.0,0.0,0.0,0.0,0.0,0.063356848,7.61e-05,3.8e-05,1.9e-05,5.7e-05,0.0,0.0,0.0,3.8e-05,1.9e-05,0.000114088,1.9e-05,0.0,0.0,0.0,0.0,0.0,0.0,0.001178909,0.0,0.0,0.0,3.8e-05,0.0,0.000152117,0.006522028,0.0,0.0,0.0,0.0,5.7e-05,7.61e-05,0.00616075,5.7e-05,0.0,0.000114088,3.8e-05,1.9e-05,0.0,0.000684528,0.000133103,1.9e-05,0.0,0.0,0.0,1.9e-05,0.0,0.00053241,0.0,0.0,0.000114088,0.0,1.9e-05,0.001026792,0.0,1.9e-05,1.9e-05,0.0,0.0,0.000627484,0.0,0.036888441,5.7e-05,0.0,3.8e-05,0.0,1.9e-05,0.0,0.000874674,0.0,0.00252895,0.0,1.9e-05,0.003213478,0.002738111,0.0,0.000304235,0.000114088,0.0,0.0,0.0,0.0,0.0,1.9e-05,0.0,0.0,1.9e-05,0.000114088,0.000209161,0.0,0.000171132,9.51e-05,5.7e-05,0.000171132,0.0,0.0,1.9e-05,0.0,5.7e-05,0.178604704,0.0,0.0,0.0,1.9e-05,0.0,0.0,5.7e-05,0.0,0.0,0.000399308,0.000323249,0.0,0.0,0.0,1.9e-05,0.000190147,1.9e-05,7.61e-05,5.7e-05,0.0,7.61e-05,0.0,5.7e-05,0.0,0.0,0.0,0.0,1.9e-05,0.0,0.0,0.002395847,0.0,1.9e-05,0.0,0.0,0.0,0.000171132,0.0,0.0,0.0,0.0,1.9e-05,0.0,0.0,0.0,0.0,0.0,0.014717347,5.7e-05,0.000342264,0.048734574,0.000190147,0.0,0.0,1.9e-05,1.9e-05,0.0,0.0,0.0,0.0,0.0,5.7e-05,0.0,1.9e-05,0.0,0.0,3.8e-05,0.0,0.0,0.0,0.0,0.0,0.0,0.000190147,0.0,0.0,0.0,0.0,0.0,0.000228176,0.0,1.9e-05,0.0,0.0,0.0
SRR34777682,0.000111734,0.0,1.6e-05,0.0,0.0,0.0,0.005363214,0.0,0.0,0.0,3.19e-05,3.19e-05,1.6e-05,0.0,0.0,0.0,3.19e-05,3.19e-05,0.000239429,0.000303277,7.98e-05,0.0,0.0,0.0,0.0,0.0,0.007454229,0.104933838,0.0,0.0,0.0,9.58e-05,0.006097464,0.000207505,0.000159619,0.000127696,0.0,0.0,0.0,1.6e-05,9.58e-05,0.0,0.0,0.0,0.0,0.0,0.0,0.0,0.0,0.0,0.0,0.0,0.0,1.6e-05,1.6e-05,0.0,7.98e-05,0.0,3.19e-05,4.79e-05,0.0,1.6e-05,0.0,0.0,0.0,0.0,9.58e-05,0.01508404,0.0,0.0,0.0,0.0,0.0,0.0,0.110983416,0.000143658,1.6e-05,0.0,3.19e-05,1.6e-05,4.79e-05,0.0,0.0,4.79e-05,0.0,3.19e-05,0.0,0.0,4.79e-05,0.0,0.0,0.0,3.19e-05,0.0,0.0,1.6e-05,3.19e-05,4.79e-05,0.000383087,0.028523999,0.0,1.6e-05,0.0,0.000191543,0.0,1.6e-05,0.0,0.0,1.6e-05,0.000399049,0.0,0.0,0.0,0.000335201,4.79e-05,6.38e-05,0.0,0.0,0.0,1.6e-05,0.0,9.58e-05,0.0,0.0,1.6e-05,0.0,9.58e-05,0.0,0.0,3.19e-05,0.0,1.6e-05,1.6e-05,0.024070616,0.0,0.003016808,9.58e-05,0.0,4.79e-05,0.0,0.0,0.0,0.001819662,0.0,0.00057463,0.0,3.19e-05,0.004964165,0.000766173,0.0,1.6e-05,0.0,3.19e-05,0.0,0.0,0.000159619,0.0,1.6e-05,0.0,0.0,1.6e-05,0.001867548,0.126530352,0.0,0.000319239,0.0,0.00057463,0.0,0.0,0.0,0.0,6.38e-05,0.000478858,0.000430973,0.0,0.0,0.0,0.0,0.0,0.0,3.19e-05,0.0,0.0,0.0,0.000415011,0.0,0.0,0.0,0.0,0.000335201,0.0,0.000335201,0.000239429,0.0,7.98e-05,0.0,0.0,0.0,7.98e-05,0.0,0.0,0.005219557,6.38e-05,1.6e-05,0.011205287,0.0,0.0,0.0,0.0,0.0,7.98e-05,0.0,0.0,6.38e-05,0.0,4.79e-05,0.0,0.0,0.0,0.0,3.19e-05,0.041373366,0.0,0.000127696,0.304905106,3.19e-05,1.6e-05,0.0,0.004325688,9.58e-05,1.6e-05,0.0,6.38e-05,0.0,3.19e-05,9.58e-05,0.0,0.0,0.0,0.0,0.0,0.0,1.6e-05,0.0,7.98e-05,7.98e-05,0.0,4.79e-05,0.0,0.0,7.98e-05,1.6e-05,0.0,0.000111734,7.98e-05,1.6e-05,0.0,0.0,0.0
SRR34777683,1.43e-05,0.0,0.0,0.0,1.43e-05,0.0,8.55e-05,0.0,0.0,1.43e-05,0.0,5.7e-05,2.85e-05,0.0,5.7e-05,0.0,0.0,0.0,0.0,0.000142552,0.001097648,0.0,0.0,1.43e-05,0.0,0.0,0.012943692,0.000342124,1.43e-05,0.0,0.0,2.85e-05,0.0,0.000256593,2.85e-05,0.0,1.43e-05,8.55e-05,0.0,9.98e-05,7.13e-05,0.0,0.0,0.0,0.0,0.0,0.0,0.0,0.0,0.0,0.0,4.28e-05,0.0,0.0,4.28e-05,0.0,0.000270848,4.28e-05,0.0,1.43e-05,0.0,0.000242338,0.0,0.0,0.0,0.0,1.43e-05,0.000641483,0.0,5.7e-05,0.0,0.0,1.43e-05,0.0,0.000812545,2.85e-05,1.43e-05,5.7e-05,0.000142552,0.0,0.0,4.28e-05,0.0,0.0,4.28e-05,4.28e-05,0.0,0.0,0.0,0.0,0.0,0.0,0.000627227,0.0,0.0,1.43e-05,2.85e-05,0.0,5.7e-05,0.0,0.0,0.0,0.0,0.0,0.0,1.43e-05,1.43e-05,4.28e-05,1.43e-05,1.43e-05,5.7e-05,0.0,0.0,0.00038489,0.000299359,0.0,1.43e-05,0.0,2.85e-05,0.0,0.0,0.00038489,0.0,0.0,5.7e-05,0.0,1.43e-05,0.000114041,0.0,0.0,0.0,0.0,1.43e-05,0.0,0.0,0.016379187,0.0,0.0,0.0,0.0,5.7e-05,0.0,0.000270848,0.0,0.001054882,0.0,0.0,0.0004134,0.0,0.0,8.55e-05,0.000270848,0.0,0.0,0.0,0.0,0.0,2.85e-05,0.0,1.43e-05,0.0,0.00126871,0.0,0.0,5.7e-05,1.43e-05,1.43e-05,5.7e-05,0.0,0.0,0.0,1.43e-05,1.43e-05,0.02380613,0.0,0.0,0.0,4.28e-05,0.0,0.0,8.55e-05,0.0,2.85e-05,0.0,0.0,0.0,0.0,0.0,2.85e-05,8.55e-05,0.0,0.000128297,0.000156807,0.0,0.000185317,0.016393443,0.000156807,1.43e-05,0.0,0.0,0.0,0.0,0.0,5.7e-05,0.0,0.0,0.000128297,5.7e-05,0.0,0.0,8.55e-05,0.0,0.0,1.43e-05,0.0,4.28e-05,1.43e-05,0.0,0.0,0.0,0.0,0.006015681,0.0,0.000741269,0.000356379,1.43e-05,0.0,0.0,0.0004134,4.28e-05,4.28e-05,0.0,0.0,2.85e-05,0.0,0.0,0.0,2.85e-05,1.43e-05,0.0,2.85e-05,0.0,1.43e-05,4.28e-05,0.0,0.0,0.0,0.000128297,0.0,0.0,0.0,0.0,0.0,0.000128297,0.0,0.00259444,0.0,0.0,0.0
SRR34777684,0.000117357,2.93e-05,5.87e-05,0.0,0.000205375,0.0,0.042541955,0.0,0.0,0.000117357,0.0,0.0,0.0,0.0,0.0,0.0,0.0,5.87e-05,0.0,8.8e-05,0.000176036,0.0,0.0,0.0,0.0,0.0,0.022943317,0.000586786,2.93e-05,2.93e-05,0.0,0.000117357,0.0,0.000176036,2.93e-05,2.93e-05,8.8e-05,0.0,0.0,2.93e-05,0.0,2.93e-05,0.0,0.0,0.0,5.87e-05,0.0,0.0,2.93e-05,5.87e-05,0.0,0.0,0.0,0.0,0.000205375,0.0,0.000117357,0.00205375,0.000264054,0.000146696,0.0,5.87e-05,0.0,0.0,0.0,0.0,0.000146696,0.002464499,0.0,0.001026875,0.0,0.0,0.0,0.0,0.161747447,0.0,2.93e-05,0.0,5.87e-05,2.93e-05,5.87e-05,0.0,5.87e-05,0.04072292,0.0,0.000880178,0.0,0.0,0.000146696,0.0,0.0,0.000117357,0.000381411,0.0,0.0,0.0,8.8e-05,0.0,5.87e-05,0.000762821,0.0,0.0,0.0,0.0,0.0,0.0,0.0,0.0,0.0,0.000176036,0.000117357,2.93e-05,0.0,0.000264054,8.8e-05,5.87e-05,8.8e-05,0.0,0.0,0.0,0.0,0.0,0.0,0.0,8.8e-05,0.0,0.000117357,0.000117357,0.0,8.8e-05,2.93e-05,0.0,0.0,0.0,0.0,0.001907053,0.000205375,0.0,0.0,0.0,0.000117357,0.0,0.000557446,0.0,0.001056214,0.0,0.0,0.000381411,0.035969957,0.0,2.93e-05,0.000176036,0.0,0.0,0.0,2.93e-05,0.0,5.87e-05,0.0,0.0,0.0,0.000381411,5.87e-05,0.0,0.000440089,0.000176036,0.000117357,2.93e-05,0.0,0.0,0.0,8.8e-05,0.000352071,0.010151391,2.93e-05,0.0,2.93e-05,0.0,0.0,0.0,0.0,0.0,0.0,0.0,5.87e-05,0.0,0.0,0.0,2.93e-05,2.93e-05,0.0,0.000205375,0.000176036,0.0,5.87e-05,0.0,0.000146696,8.8e-05,0.000205375,0.0,5.87e-05,0.0,2.93e-05,0.000205375,2.93e-05,0.0,0.0,2.93e-05,0.0,0.0,8.8e-05,0.0,0.0,0.0,0.0,5.87e-05,5.87e-05,0.0,0.0,0.0,2.93e-05,0.014024176,0.0,0.000205375,0.169023589,0.000176036,0.0,0.0,0.000117357,2.93e-05,2.93e-05,0.0,0.000146696,2.93e-05,2.93e-05,0.0,0.0,0.0,0.0,0.0,2.93e-05,0.0,0.0,5.87e-05,0.0,5.87e-05,0.0,0.000498768,0.000146696,0.0,2.93e-05,0.0,0.0,0.0,0.0,2.93e-05,0.0,0.0,0.0
SRR34777685,0.019286007,3.28e-05,0.0,0.001181781,0.0,0.0,0.061616742,0.0,0.0,0.0,1.64e-05,3.28e-05,0.0,0.0,0.0,0.0,4.92e-05,0.0,1.64e-05,0.0,3.28e-05,0.0,0.0,0.0,0.0,0.0,0.001083299,0.001460812,1.64e-05,1.64e-05,0.0,4.92e-05,0.0,0.000114895,0.000246204,0.0,4.92e-05,0.0,0.0,0.0,0.0,0.0,0.0,0.0,0.0,1.64e-05,1.64e-05,0.0,0.0,0.0,0.0,0.0,0.0,0.0,3.28e-05,0.0,1.64e-05,0.000164136,1.64e-05,0.0,0.0,4.92e-05,0.0,0.0,0.0,0.0,0.002494871,0.000525236,0.0,4.92e-05,0.0,0.0,0.0,0.0,0.00339762,0.0,4.92e-05,3.28e-05,1.64e-05,4.92e-05,1.64e-05,1.64e-05,1.64e-05,0.0,0.005761182,0.0,0.0,0.0,0.0,0.0,0.0,0.0,0.000722199,0.0,0.0,1.64e-05,1.64e-05,0.0,0.000295445,0.014296266,0.0,0.000410341,0.0,1.64e-05,0.0,8.21e-05,0.010077965,3.28e-05,0.0,0.000114895,0.011210505,3.28e-05,0.0,0.000114895,0.0,0.0,0.0,0.0,0.0,0.0,0.0,1.64e-05,0.0,0.0,0.0,0.0,0.000164136,0.034419368,0.0,1.64e-05,0.0,0.0,1.64e-05,0.000196963,0.0,0.005859664,0.000279032,0.0,0.000328272,1.64e-05,4.92e-05,1.64e-05,4.92e-05,0.0,0.000196963,0.0,4.92e-05,0.011407468,4.92e-05,0.0,0.0,0.000295445,0.0,0.0,0.0,0.000213377,0.0,0.00113254,0.0,0.0,0.0,9.85e-05,0.0,0.0,8.21e-05,0.0,0.0,3.28e-05,0.0,1.64e-05,1.64e-05,0.000311859,0.000246204,0.002018876,0.0,0.0,0.0,1.64e-05,0.0,0.0,0.02056627,0.0,1.64e-05,0.0,0.002232253,0.0,0.0,0.0,0.0,0.009454247,0.0,0.005958145,0.0,0.0,1.64e-05,0.0,3.28e-05,0.0,0.0,0.0,0.0,3.28e-05,0.001936808,0.000114895,4.92e-05,0.0,0.0,0.0,0.0,0.0,0.000377513,0.0,0.0,0.0,0.0,0.0,0.0,0.0,0.0,0.0,0.0,0.000426754,0.0,4.92e-05,0.529569142,0.0,0.0,0.0,0.005958145,0.0,0.0,0.0,0.0,0.0,0.0,8.21e-05,0.0,3.28e-05,0.0,0.0,0.000262618,0.0,0.0,0.0,0.0,0.003693065,0.0,0.000262618,0.090783751,0.0,0.0,1.64e-05,0.0,0.000246204,0.0,1.64e-05,0.0,0.0,0.0
SRR34777686,0.0,0.0,8.81e-05,0.0,0.0,0.0,1.76e-05,0.0,0.0,0.0,0.0,0.0,1.76e-05,0.0,0.0,0.0,0.0,0.0,7.05e-05,5.28e-05,1.76e-05,0.0,0.0,0.0,0.0,0.0,0.003452284,0.000634093,7.05e-05,0.0,0.0,3.52e-05,0.0,5.28e-05,1.76e-05,0.0,1.76e-05,3.52e-05,0.0,0.0,1.76e-05,0.0,1.76e-05,0.0,0.0,0.0,0.0,0.0,1.76e-05,0.0,0.0,0.0,0.0,0.0,3.52e-05,0.0,0.000176137,0.0,0.0,1.76e-05,0.0,5.28e-05,3.52e-05,0.0,0.0,0.0,1.76e-05,0.000510797,0.0,3.52e-05,0.0,0.0,0.0,0.0,0.001232959,0.0,0.0,3.52e-05,8.81e-05,0.0,0.0,0.0,0.0,0.0,1.76e-05,0.001514778,0.0,0.0,0.0,0.0,0.0,0.0,0.00014091,0.0,0.0,0.0,5.28e-05,0.0,5.28e-05,0.0,0.0,0.0,0.0,5.28e-05,0.0,5.28e-05,0.0,1.76e-05,0.0,1.76e-05,7.05e-05,3.52e-05,0.0,0.00014091,0.0,0.0,0.0,0.0,0.0,0.0,0.0,0.0,8.81e-05,0.0,0.00014091,0.0,0.0,5.28e-05,0.0,0.0,1.76e-05,0.0,0.0,3.52e-05,0.0,0.053739388,0.060309297,0.0,1.76e-05,7.05e-05,1.76e-05,0.0,0.000176137,0.0,0.000299433,0.0,1.76e-05,7.05e-05,3.52e-05,0.0,3.52e-05,0.0,0.0,0.0,0.0,3.52e-05,0.0,0.0,0.0,0.0,0.0,0.000863071,0.000105682,0.0,0.000105682,0.0,3.52e-05,0.0,0.0,0.0,5.28e-05,0.0,5.28e-05,0.000105682,0.0,0.0,0.0,7.05e-05,0.0,0.0,1.76e-05,0.0,0.0,0.0,0.0,0.0,0.0,0.0,0.0,0.000105682,0.0,0.000176137,1.76e-05,0.0,5.28e-05,0.0,0.000176137,1.76e-05,0.0,0.0,0.0,0.0,0.0,0.0,0.0,0.0,7.05e-05,0.001021594,0.0,0.0,7.05e-05,0.0,0.0,3.52e-05,0.0,7.05e-05,3.52e-05,0.0,0.0,0.0,1.76e-05,0.010726741,1.76e-05,0.000581252,0.005971043,3.52e-05,0.0,0.0,0.000158523,1.76e-05,3.52e-05,0.0,1.76e-05,0.0,0.0,1.76e-05,0.0,1.76e-05,1.76e-05,0.0,0.00014091,0.0,0.0,1.76e-05,0.0,0.0,0.0,7.05e-05,0.007327298,0.0,0.0,0.0,0.0,0.000123296,0.0,3.52e-05,0.0,0.0,0.0
SRR34777687,0.0,0.0,0.0,0.0,5.09e-05,0.0,3.39e-05,0.0,0.0,0.0,0.0,0.0,1.7e-05,0.0,0.0,0.0,0.0,0.059715158,8.48e-05,6.78e-05,0.001441166,0.0,0.0,0.0,0.0,0.0,0.00422177,0.00089861,3.39e-05,0.0,0.0,0.0,1.7e-05,0.000118684,0.000220414,8.48e-05,5.09e-05,5.09e-05,0.0,0.0,0.0,1.7e-05,0.0,0.0,0.0,0.0008647,0.0,0.0,0.0,0.0,0.0,0.0,0.0,0.0,6.78e-05,0.0,0.003068837,0.0,3.39e-05,1.7e-05,0.0,0.0,0.0,0.0,0.0,0.0,1.7e-05,0.013648694,0.0,0.001102068,0.0,0.0,0.0,0.0,0.008240081,5.09e-05,1.7e-05,8.48e-05,0.0,0.000118684,0.0,0.0,0.0,0.0,5.09e-05,0.0,0.0,0.0,1.7e-05,0.0,0.0,0.0,0.000169549,0.0,0.0,0.0,0.0,0.0,0.000186504,0.0,0.0,0.000339098,0.0,0.000423872,0.0,5.09e-05,0.011953204,0.0,1.7e-05,3.39e-05,3.39e-05,0.0,0.0,8.48e-05,0.0,0.0,0.0,0.0,0.0,0.0,0.0,0.000203459,0.0,0.0,1.7e-05,0.0,3.39e-05,8.48e-05,0.0,0.0,1.7e-05,0.0,0.0,0.000678196,0.0,0.010342489,1.7e-05,0.0,0.0,1.7e-05,0.0,0.0,6.78e-05,0.0,0.000271278,0.0,1.7e-05,0.000118684,5.09e-05,0.0,1.7e-05,1.7e-05,0.000440827,0.0,0.0,0.0,0.0,0.00764666,0.0,0.0,3.39e-05,0.000881655,1.7e-05,0.0,0.0,0.0,1.7e-05,0.0,0.0,0.0,1.7e-05,0.0,6.78e-05,0.007460156,0.0,0.0,0.0,5.09e-05,0.0,0.0,1.7e-05,0.0,0.0,0.0,0.0,0.0,0.0,0.0,0.0,3.39e-05,0.0,0.100118684,0.0,0.0,3.39e-05,0.0,3.39e-05,0.0,0.0,0.0,0.0,3.39e-05,0.0,0.0,5.09e-05,0.0,0.0,0.0,0.0,0.0,3.39e-05,0.0,0.0,0.0,0.0,5.09e-05,0.0,0.0,0.0,0.0,1.7e-05,0.000610376,0.0,0.000186504,0.006612411,0.0,3.39e-05,0.0,0.000237369,3.39e-05,0.0,0.0,0.0,0.0,5.09e-05,1.7e-05,0.0,0.0,1.7e-05,0.0,1.7e-05,0.0,0.0,0.0,0.0,0.0,0.0,3.39e-05,0.00671414,0.0,1.7e-05,0.0,0.0,1.7e-05,0.0,0.0,0.0,0.0,0.0
SRR34777688,0.0,3.57e-05,0.002317538,3.57e-05,0.000142618,0.0,0.000213927,0.0,3.57e-05,0.0,0.0,0.000178272,0.000142618,0.0,0.0,0.0,0.0,0.0,0.0,0.0,0.0,0.0,0.0,0.0,0.0,0.0,0.001533141,0.002709737,0.000178272,0.0,0.0,0.003993297,0.0,0.0,0.0,0.0,3.57e-05,7.13e-05,0.0,0.000106963,0.000392199,0.0,0.0,0.0,0.0,3.57e-05,0.0,0.000499162,0.0,0.0,0.0,0.0,0.0,0.0,7.13e-05,0.0,3.57e-05,0.0,0.000392199,0.0,0.0,7.13e-05,0.000427853,0.0,0.0,0.0,3.57e-05,0.000249581,0.0,0.0,0.0,0.0,0.0,0.0,0.00128356,7.13e-05,0.0,0.054052127,0.0,0.0,0.0,0.0,0.0,0.0,0.000106963,0.0,0.0,0.000106963,7.13e-05,0.0,0.0,3.57e-05,0.0,0.0,0.000427853,3.57e-05,0.000213927,0.0,7.13e-05,0.0,0.0,0.0,0.013762613,0.000106963,0.000142618,0.0,0.0,7.13e-05,0.0,0.000499162,0.0,0.07159411,0.000713089,7.13e-05,0.000106963,3.57e-05,0.0,0.0,0.0,0.0,0.0,0.001176596,0.0,0.0,0.000142618,0.0,7.13e-05,0.0,0.0,0.0,0.0,0.0,0.0,3.57e-05,0.0,0.010731986,3.57e-05,0.0,0.000106963,0.0,3.57e-05,0.0,0.000285235,0.0,0.000142618,0.000213927,0.0,0.00096267,0.000142618,0.0,0.0,0.000142618,7.13e-05,0.0,0.0,7.13e-05,0.0,0.0,0.0,0.0,0.0,0.0,0.0,0.0,0.000106963,3.57e-05,3.57e-05,3.57e-05,0.0,0.000142618,0.0,7.13e-05,0.000178272,3.57e-05,0.0,0.0,0.0,0.00032089,0.0,0.0,0.000213927,0.0,0.0,3.57e-05,0.0,0.0,0.0,0.0,0.0,0.000142618,0.0,0.000142618,0.0,0.0,3.57e-05,0.0,0.000213927,0.0,0.0,0.0,0.0,3.57e-05,3.57e-05,0.000677434,7.13e-05,0.0,0.0,7.13e-05,0.0,0.0,0.0,0.0,0.0,0.000820052,0.000106963,0.0,0.0,0.0,0.0,3.57e-05,0.0,0.007594395,0.0,3.57e-05,0.044496738,0.001461832,0.0,0.066887724,3.57e-05,0.000178272,0.0,0.0,0.000178272,0.0,0.0,0.0,0.0,0.0,0.0,3.57e-05,0.014760937,0.0,0.0,0.0,7.13e-05,0.0,3.57e-05,0.0,7.13e-05,0.0,0.0,0.0,0.0,0.000106963,3.57e-05,0.000392199,0.0,0.0,0.0
SRR34777689,4.71e-05,2.35e-05,0.0,0.0,2.35e-05,0.0,0.001506911,0.0,0.0,0.0,0.0,0.0,4.71e-05,0.0,2.35e-05,0.0,0.0,4.71e-05,2.35e-05,0.0,2.35e-05,2.35e-05,0.0,0.0,2.35e-05,0.0,0.000353182,0.229850957,0.07930117,2.35e-05,0.0,0.0,0.002142639,0.0,0.0,0.0,0.0,0.0,0.0,2.35e-05,2.35e-05,0.0,2.35e-05,0.0,0.0,0.0,0.0,0.0,0.0,0.0,2.35e-05,0.0,0.0,0.0,7.06e-05,0.0,0.011984648,0.0,7.06e-05,0.0,0.0,0.0,0.000800546,0.0,0.0,0.0,2.35e-05,0.002354548,0.0,0.0,0.0,0.0,0.0,0.0,0.001389183,0.0,2.35e-05,0.022109204,0.0,2.35e-05,0.0,0.0,0.0,0.0,0.0,0.0,0.0,0.0,0.0,0.0,0.0,0.0,2.35e-05,0.0,0.0,0.0,2.35e-05,4.71e-05,0.003555367,2.35e-05,0.0,0.029102211,0.0,0.000423819,4.71e-05,0.000211909,0.001177274,0.0,0.074026983,4.71e-05,0.0,0.001436274,0.0,0.0,0.0,0.0,0.0,0.0,0.0,0.0,0.0,0.000941819,0.0,0.0,7.06e-05,0.0,0.000635728,0.0,0.0,2.35e-05,4.71e-05,0.0,2.35e-05,0.000659273,0.0,0.000282546,0.0,0.0,0.0,0.0,0.0,0.0,0.000164818,0.0,0.000141273,0.0,0.0,7.06e-05,0.0,0.0,4.71e-05,2.35e-05,0.000259,0.0,0.0,0.01994302,0.0,0.007605189,0.0,0.0,2.35e-05,0.00322573,0.0,0.0,0.0,0.0,0.0,0.0,0.0,0.000282546,0.0,0.00369664,0.042664406,7.06e-05,0.0,0.0,0.0,0.009535919,0.0,0.0,0.0,0.0,0.0,0.0,0.0,0.0,0.0,0.0,0.0,0.000235455,0.0,0.210661392,0.0,0.0,7.06e-05,0.0,2.35e-05,0.0,0.0,0.0,0.0,0.00047091,0.0,2.35e-05,0.003367003,0.0,0.0,0.0,0.0,0.0,0.0,0.0,0.0,0.0,0.0,7.06e-05,0.0,0.0,0.0,0.0,0.0,0.003861458,0.0,0.000211909,0.039179676,2.35e-05,0.0,2.35e-05,0.000612182,0.000211909,0.0,0.0,4.71e-05,0.0,0.0,0.0,0.0,0.0,0.0,0.0,2.35e-05,0.0,0.0,0.0,2.35e-05,0.0,0.0,0.0,0.0,0.0,0.0,0.0,0.0,0.0,0.0,0.0,0.0,0.0,0.0
SRR34777690,0.000173533,1.02e-05,1.02e-05,0.000183741,0.0,0.0,0.000326651,0.0,0.0,0.0,0.0,0.02240619,0.000112286,0.0,0.0,0.0,6.12e-05,0.010993834,0.000816627,8.17e-05,0.013219142,0.0,0.0,0.0,0.0,0.0,0.001786371,0.044077416,0.012790413,0.0,0.0,4.08e-05,0.004532277,6.12e-05,9.19e-05,0.000867666,1.02e-05,1.02e-05,0.0,1.02e-05,4.08e-05,0.0,0.0,0.0,0.0,0.000571639,0.0,1.02e-05,0.0,1.02e-05,1.02e-05,0.0,0.0,1.02e-05,0.000357274,0.0,0.0,1.02e-05,7.15e-05,0.000357274,0.0,6.12e-05,0.0,0.0,0.0,0.0,0.000296027,0.12041158,0.013535585,0.0,0.0,0.0,0.0,0.0,0.011800253,6.12e-05,0.000592054,0.0,3.06e-05,7.15e-05,0.000102078,0.000122494,2.04e-05,5.1e-05,8.17e-05,2.04e-05,0.0,0.0,0.040780287,0.0,0.0,1.02e-05,4.08e-05,0.0,0.0,0.000214364,6.12e-05,0.00014291,0.035206811,2.04e-05,0.0,0.044934874,0.0,0.001684292,0.0,0.000673717,0.004961006,0.0,3.06e-05,6.12e-05,0.0,1.02e-05,3.06e-05,6.12e-05,2.04e-05,0.001418889,0.0,0.0,0.0,1.02e-05,2.04e-05,5.1e-05,0.018088277,0.0,0.0,0.0,0.000336858,1.02e-05,0.0,1.02e-05,0.0,0.0,6.12e-05,0.212302478,0.0,0.00145972,0.008809359,0.0,5.1e-05,0.022661386,0.0,1.02e-05,8.17e-05,0.0,0.000265404,1.02e-05,0.0,0.000102078,1.02e-05,0.0,1.02e-05,3.06e-05,0.000163325,0.0,0.0,0.001020783,0.0,0.000592054,0.0,8.17e-05,0.00023478,0.000275611,1.02e-05,0.0,5.1e-05,1.02e-05,2.04e-05,0.000724756,0.0,0.0,4.08e-05,5.1e-05,0.000857458,5.1e-05,0.0,0.0,0.0,0.000428729,0.0,0.0,0.0,0.0,0.0,1.02e-05,0.000153117,0.0,0.0,0.0,0.0,0.000224572,0.0,0.058092769,6.12e-05,0.0,5.1e-05,0.0,1.02e-05,0.0,5.1e-05,0.0,0.000122494,0.010085337,3.06e-05,0.001408681,0.00145972,0.0,0.0,0.0,0.0,0.0,0.000132702,0.0,0.0,1.02e-05,0.0,1.02e-05,2.04e-05,0.0,0.0,0.0,4.08e-05,0.000602262,0.0,1.02e-05,0.000714548,4.08e-05,0.0,0.0,6.12e-05,0.000357274,0.048425952,0.0,0.0,0.0,0.0,3.06e-05,1.02e-05,1.02e-05,0.0,0.0,0.000500184,0.0,0.0,0.0,0.001337226,4.08e-05,0.0,0.0,0.0,0.0,0.0,3.06e-05,0.0,1.02e-05,0.0,0.0,0.0,0.0,0.0
SRR34777691,5.85e-05,0.0,2.19e-05,5.85e-05,7.31e-06,0.0,7.31e-06,0.0,0.0,0.0,0.0,0.053604855,0.000102369,0.0,0.0,0.0,2.92e-05,0.00021205,0.003224627,0.0,2.92e-05,0.0,0.0,0.0,3.66e-05,0.0,0.000343668,0.489455981,0.188885639,0.0,0.0,2.19e-05,0.000204738,0.0,7.31e-06,0.000233987,2.92e-05,0.0,0.0,7.31e-06,0.000460661,7.31e-06,0.0,0.0,0.0,9.51e-05,0.0,0.0,0.0,0.0,7.31e-06,0.0,0.0,7.31e-06,0.000431413,0.0,0.0,1.46e-05,0.0,0.00038754,0.0,4.39e-05,7.31e-06,0.0,7.31e-05,0.0,0.000124305,0.016898216,0.000438725,7.31e-06,0.0,0.0,0.0,0.0,5.12e-05,8.77e-05,0.000116993,7.31e-06,6.58e-05,0.0,2.19e-05,1.46e-05,2.19e-05,7.31e-06,0.00252998,0.000336356,0.0,7.31e-06,2.92e-05,0.0,0.0,7.31e-06,7.31e-06,0.0,0.0,9.51e-05,0.0,0.006244516,0.004628546,7.31e-06,0.0,0.014229307,0.0,0.000453349,7.31e-06,0.000643463,3.66e-05,0.0,0.007012284,2.19e-05,7.31e-06,4.39e-05,0.000168178,2.19e-05,7.31e-06,0.0,0.0,0.0,0.0,7.31e-06,7.31e-06,0.00013893,0.0,0.0,1.46e-05,0.0,0.000226674,0.0,0.0,2.92e-05,7.31e-06,7.31e-06,0.010061421,0.023442527,0.0,0.000716584,7.31e-06,0.0,4.39e-05,0.0,7.31e-06,7.31e-06,3.66e-05,0.0,0.00013893,6.58e-05,7.31e-06,6.58e-05,7.31e-06,0.0,7.31e-06,1.46e-05,0.000446037,0.0,0.0,0.000182802,7.31e-06,0.000921322,0.0,7.31e-06,0.000168178,0.000109681,0.0,0.0,0.007553378,0.0,0.0,0.0,0.0,0.009030418,5.85e-05,7.31e-06,0.010646388,7.31e-06,0.0,0.0,0.0,0.038520035,0.0,0.0,1.46e-05,0.0,0.000628839,7.31e-06,1.46e-05,0.0,0.0,0.0,0.0,0.000336356,0.0,0.013549283,2.19e-05,0.0,6.58e-05,0.0,9.51e-05,5.85e-05,0.000190114,7.31e-06,9.51e-05,0.008503949,0.0,8.04e-05,0.054877157,0.0,0.0,0.000511846,0.0,0.0,5.12e-05,0.0,0.0,7.31e-06,0.0,5.85e-05,1.46e-05,0.0,0.0,0.0,0.0,0.000314419,1.46e-05,5.12e-05,0.000226674,0.0,0.0,0.0,7.31e-06,9.51e-05,0.019260018,0.0,9.51e-05,0.0,0.0,1.46e-05,7.31e-06,0.0,3.66e-05,0.0,2.19e-05,0.0,0.0,0.0,5.12e-05,0.0,0.0,0.0,0.00095057,0.0,7.31e-06,0.0,0.0,2.92e-05,0.0,1.46e-05,0.0,0.0,0.0
SRR34777692,9.61e-05,0.0,6.41e-06,0.0,0.0,0.0,0.000454924,0.0,6.41e-06,0.0,0.0,0.001166143,5.13e-05,0.0,0.0,0.0,1.28e-05,0.001255847,6.41e-05,0.0,3.2e-05,6.41e-06,0.0,0.0,0.000493368,0.0,0.009719997,0.017203819,0.009092074,6.41e-06,0.0,6.41e-06,6.41e-06,7.05e-05,0.0,3.2e-05,0.00026911,0.0,0.0,1.28e-05,3.84e-05,0.0,0.0,0.0,0.0,0.0,3.2e-05,0.0,1.28e-05,0.0,0.0,0.0,0.0,7.69e-05,0.001063625,0.0,0.000429295,6.41e-06,6.41e-06,1.92e-05,0.0,1.28e-05,0.0,0.0,0.0,0.0,5.13e-05,0.003690652,0.0,0.0,0.0,0.0,0.0,0.0,0.002627026,0.000871404,0.0,0.0,3.2e-05,6.41e-06,1.28e-05,0.000948292,6.41e-06,6.41e-06,1.28e-05,5.13e-05,0.0,6.41e-06,1.28e-05,0.0,0.0,0.0,0.0,0.0,6.41e-06,6.41e-06,1.28e-05,0.000249888,0.001005959,5.13e-05,0.0,0.002101621,0.0,0.000217851,0.0,3.84e-05,0.000384443,0.0,0.000281925,1.28e-05,0.0,1.28e-05,6.41e-06,1.92e-05,0.0,0.0,0.0,0.0,6.41e-06,0.0,5.77e-05,6.41e-05,0.0,0.0,6.41e-06,0.0,0.000160185,0.0,0.0,1.28e-05,0.0,0.0,4.49e-05,0.00053822,0.0,0.00499135,6.41e-06,0.0,1.28e-05,0.0,0.000410072,6.41e-06,6.41e-06,0.0,0.0,0.0,0.0,0.000839367,1.28e-05,0.0,1.28e-05,6.41e-06,3.2e-05,0.0,0.0,0.00056385,0.0,2.56e-05,0.0,5.77e-05,0.0,0.000153777,0.0,6.41e-06,0.0,0.0,1.28e-05,0.0,0.0,0.006035753,2.56e-05,0.0,0.008963926,1.28e-05,0.0,0.0,0.0,3.84e-05,0.0,0.0,0.000461331,0.0,0.0,5.13e-05,1.28e-05,0.0,0.0,0.0,6.41e-06,9.61e-05,0.0,0.000525405,0.0,0.0,3.84e-05,0.0,1.92e-05,1.28e-05,0.0,6.41e-06,3.2e-05,8.33e-05,0.0,3.2e-05,0.013904017,0.0,6.41e-06,3.2e-05,0.0,0.0,1.92e-05,0.0,0.0,0.0,0.0,6.41e-06,0.0,0.0,6.41e-06,6.41e-06,0.0,5.77e-05,0.0,2.56e-05,0.003575319,1.28e-05,0.0,1.28e-05,6.41e-06,1.28e-05,0.0,0.0,1.92e-05,0.0,0.0,6.41e-06,0.0,0.0,0.0,0.0,0.0,0.0,6.41e-06,0.0,2.56e-05,0.0,0.0,0.0,0.0,0.0,6.41e-06,0.0,0.0,0.0,0.0,1.28e-05,0.0,0.0,0.0
SRR34777693,0.0,0.0,0.0,0.0,0.0,0.0,0.00019269,0.0,0.0,0.0,6.08e-05,0.000212973,0.010313983,0.0,0.0,0.0,5.07e-05,2.03e-05,1.01e-05,0.000111557,4.06e-05,0.0,0.0,1.01e-05,0.0,0.0,0.002707801,0.075757576,0.0,0.0,0.0,6.08e-05,0.0,8.11e-05,0.0,1.01e-05,0.0,0.0,0.0,1.01e-05,9.13e-05,0.0,0.0,0.0,0.0,2.03e-05,0.0,0.0,0.0,0.0,0.0,0.0,0.0,0.0,1.01e-05,0.0,0.0,0.0,4.06e-05,3.04e-05,0.0,0.0,0.0,0.0,0.0,0.0,3.04e-05,0.000730194,0.0,0.0,0.0,0.0,0.0,0.0,0.089215448,0.000101416,2.03e-05,1.01e-05,4.06e-05,0.0,0.0,1.01e-05,0.0,0.0,6.08e-05,0.0,0.0,0.0,1.01e-05,0.0,0.0,1.01e-05,2.03e-05,0.0,0.0,0.0,3.04e-05,0.000456371,0.000263681,0.00958379,0.0,1.01e-05,0.0,0.0,0.0,2.03e-05,0.033801874,0.0,0.0,5.07e-05,0.0,3.04e-05,0.0,0.000172407,0.0,1.01e-05,0.0,0.0,0.0,0.0,0.0,5.07e-05,0.0,0.0,2.03e-05,0.0,0.000172407,0.0,0.0,0.0,0.0,0.0,0.0,1.01e-05,0.0,0.002028315,0.000111557,0.0,1.01e-05,0.0,0.0,0.0,0.000588211,0.0,0.000567928,0.000111557,0.0,0.002342704,1.01e-05,0.0,0.0,1.01e-05,3.04e-05,0.0,0.0,0.000111557,0.0,0.0,0.0,0.0,0.0,1.01e-05,0.007170095,0.00013184,1.01e-05,0.0,3.04e-05,0.0,0.0,0.0,1.01e-05,3.04e-05,0.000141982,0.000365097,0.0,0.0,0.0,2.03e-05,0.0,0.0,1.01e-05,0.0,2.03e-05,0.0,0.000182548,0.0,0.0,0.0,0.0,0.000152124,0.0,0.020110746,0.000152124,0.0,2.03e-05,0.0,0.0,0.000608495,1.01e-05,0.0,1.01e-05,5.07e-05,5.07e-05,6.08e-05,6.08e-05,0.0,0.0,0.0,0.0,0.0,0.0028295,0.0,0.0,1.01e-05,0.0,0.000121699,0.0,0.0,0.0,0.0,0.0,0.013822969,0.0,0.00013184,0.380268549,7.1e-05,0.0,0.0,2.03e-05,0.0,1.01e-05,0.0,4.06e-05,0.0,1.01e-05,6.08e-05,1.01e-05,1.01e-05,0.0,0.0,2.03e-05,0.0,0.0,0.0,0.0,1.01e-05,0.0,0.0,0.0,0.0,1.01e-05,3.04e-05,0.0,0.00167336,0.0,0.0,0.0,0.0,0.0
SRR34777694,3.98e-05,0.0,0.0,0.0,0.0,0.0,0.033730435,0.0,0.0,0.0,0.0,1.99e-05,0.001213182,0.0,0.0,0.0,5.97e-05,0.001650723,5.97e-05,1.99e-05,0.0,0.0,0.0,0.0,0.0,0.0,0.001093853,0.021459398,5.97e-05,0.0,0.0,1.99e-05,5.97e-05,5.97e-05,0.0,0.000437541,1.99e-05,0.0,0.0,0.0,9.94e-05,0.0,9.94e-05,0.0,0.0,0.0,0.0,0.0,0.0,0.0,0.0,0.0,0.0,0.0,0.005926692,1.99e-05,3.98e-05,1.99e-05,0.0,9.94e-05,0.0,5.97e-05,0.0,0.0,0.0,0.0,0.000218771,0.006722221,0.0,0.0,0.0,0.0,0.0,0.0,0.00505161,0.000218771,0.0,0.000139218,0.0,0.0,1.99e-05,0.0,0.0,0.0,0.025357491,0.006662556,0.0,0.0,0.000119329,1.99e-05,0.0,0.0,3.98e-05,0.0,0.0,0.000139218,1.99e-05,0.000835306,0.002824128,0.006423898,0.0,0.003500328,0.0010143,0.000178994,0.0,9.94e-05,0.0,0.0,0.004773175,0.000636423,0.0,7.96e-05,0.0,3.98e-05,7.96e-05,0.000238659,0.0,0.0,0.0,0.0,1.99e-05,0.000397765,0.0,0.0,0.0,0.0,0.0010143,0.0,0.0,5.97e-05,0.0,0.0,0.0,0.003062787,0.0,0.060142002,3.98e-05,0.0,5.97e-05,1.99e-05,0.0,0.0,0.000119329,0.0,3.98e-05,5.97e-05,0.0,9.94e-05,0.0,0.0,0.0,0.000596647,7.96e-05,0.0,0.0,5.97e-05,0.0,0.000119329,0.0,0.0,0.0,0.003937869,0.000139218,0.0,3.98e-05,0.0,0.000119329,1.99e-05,0.0,1.99e-05,5.97e-05,0.0,0.00572781,1.99e-05,0.0,0.0,0.0,5.97e-05,0.0,0.0,0.0,0.0,0.0,0.0,0.0,0.0,0.0,0.0,1.99e-05,7.96e-05,0.0,0.60724727,0.000119329,0.0,1.99e-05,0.0,1.99e-05,1.99e-05,1.99e-05,0.0,0.000238659,0.000815417,1.99e-05,0.000159106,0.007378533,0.0,0.0,0.0,0.0,0.0,0.0,0.0,0.0,1.99e-05,0.0,0.000119329,0.0,0.0,0.0,0.0,3.98e-05,0.005449375,0.000119329,9.94e-05,0.152323939,3.98e-05,0.0,3.98e-05,0.000755753,0.0,0.0,0.0,3.98e-05,1.99e-05,0.0,0.0,0.0,0.0,0.0,0.0,0.0,0.0,0.0,0.0,3.98e-05,1.99e-05,3.98e-05,0.0,0.0,0.0,1.99e-05,0.0,0.0,3.98e-05,0.0,0.0,0.0,0.0,0.0
SRR34777695,0.006067533,0.001954857,4.27e-05,0.0,1.07e-05,0.0,8.55e-05,0.0,0.0,0.0,0.0,0.016354566,7.48e-05,0.0,3.2e-05,0.0,8.55e-05,0.031875915,0.003172636,0.000192281,0.000202963,1.07e-05,0.0,0.0,1.07e-05,0.0,0.002852168,0.216540438,2.14e-05,1.07e-05,0.0,5.34e-05,0.001602342,0.000106823,0.000128187,0.000299104,5.34e-05,8.55e-05,0.0,7.48e-05,0.00070503,1.07e-05,2.14e-05,0.0,0.0,3.2e-05,1.07e-05,0.0,1.07e-05,0.0,1.07e-05,0.0,0.0,0.0,0.009208123,0.0,1.07e-05,1.07e-05,0.0,0.000331151,0.0,1.07e-05,0.0,0.0,0.0,0.0,0.002574429,0.017668486,0.000320468,0.0,0.0,0.0,0.0,0.0,0.023468963,0.000352515,4.27e-05,0.0,0.000149552,1.07e-05,2.14e-05,0.000106823,2.14e-05,0.001185733,3.2e-05,1.07e-05,0.0,0.0,2.14e-05,0.0,0.0,0.0,8.55e-05,0.0,0.0,0.000117505,2.14e-05,0.001132321,0.005415914,0.001815987,0.0,0.000149552,1.07e-05,0.000523432,1.07e-05,9.61e-05,0.000352515,6.41e-05,0.005095446,3.2e-05,0.004593379,0.0,1.07e-05,0.000202963,2.14e-05,5.34e-05,0.0,0.0,0.0,2.14e-05,4.27e-05,0.000213646,2.14e-05,0.0,1.07e-05,0.0,0.000437973,0.0,0.0,0.000128187,1.07e-05,3.2e-05,4.27e-05,0.006879386,0.0,0.002050997,5.34e-05,0.0,4.27e-05,1.07e-05,1.07e-05,0.0,0.000502067,0.0,0.000341833,0.000106823,0.0,0.00431564,0.001345967,0.0,2.14e-05,9.61e-05,0.00145279,0.0,0.0,0.001741211,4.27e-05,0.000181599,0.0,3.2e-05,2.14e-05,0.000160234,7.48e-05,0.0,7.48e-05,0.0,0.000117505,0.000769124,0.0,0.0,1.07e-05,2.14e-05,0.001239144,0.000160234,0.0,0.0,0.0,0.005661607,1.07e-05,0.0,0.004304958,0.0,1.07e-05,1.07e-05,0.000277739,0.0,0.0,0.0,1.07e-05,0.037804578,0.0,0.386207044,3.2e-05,0.0,6.41e-05,2.14e-05,3.2e-05,5.34e-05,3.2e-05,0.0,0.000149552,0.040571288,0.0,0.000224328,0.007659193,0.0,0.0,2.14e-05,0.0,0.0,0.000224328,0.0,0.0,1.07e-05,0.0,3.2e-05,3.2e-05,0.0,0.0,0.0,2.14e-05,0.004101994,0.0,1.07e-05,0.089175649,4.27e-05,0.011130933,1.07e-05,2.14e-05,0.000128187,0.000363197,0.0,4.27e-05,0.0,0.0,2.14e-05,0.0,0.0,4.27e-05,1.07e-05,0.000170916,0.0,0.0,0.0,0.000245692,0.0,1.07e-05,2.14e-05,0.0,0.0,0.0,0.0,0.0,4.27e-05,0.0,2.14e-05,0.0,0.0,0.0
SRR34777696,1.58e-05,0.0,7.9e-06,0.0,1.58e-05,0.0,0.00067982,0.0,0.0,7.9e-06,1.58e-05,0.0,0.0,0.0,2.37e-05,0.0,0.0,0.041050085,0.000332005,3.95e-05,5.53e-05,0.0,0.0,0.0,7.9e-06,0.0,0.005493897,5.53e-05,7.9e-06,0.0,0.0,0.000221337,7.9e-06,9.49e-05,0.0,0.013952128,7.9e-06,1.58e-05,0.0,0.0,0.0,0.0,0.0,0.0,0.0,0.0,0.0,0.0,1.58e-05,7.9e-06,0.0,0.0,0.0,0.0,1.58e-05,0.0,0.0,0.000181812,2.37e-05,7.9e-06,0.0,0.0,0.0,0.0,0.0,7.9e-06,0.000569152,0.011936381,0.0,0.0,0.0,0.0,1.58e-05,0.0,0.535342756,1.58e-05,1.58e-05,4.74e-05,7.9e-06,0.0,1.58e-05,0.0,2.37e-05,0.0,7.9e-06,0.0,0.0,0.0,0.0,0.0,0.0,0.0,3.95e-05,0.0,0.0,3.95e-05,0.0,0.000134383,0.002181749,0.045089483,0.0,0.002387276,7.9e-06,0.000332005,7.9e-06,9.49e-05,0.001580978,0.0,1.58e-05,6.32e-05,0.0,0.0,7.9e-06,0.000118573,0.0,7.9e-06,0.0,0.0,0.0,0.0,0.0,0.000308291,4.74e-05,0.0,0.0,0.0,5.53e-05,0.0,0.0,0.0,0.0,0.000118573,3.95e-05,0.000276671,0.0,0.055184026,2.37e-05,0.0,7.9e-05,0.0,8.7e-05,3.16e-05,0.000229242,0.0,6.32e-05,0.0,0.000166003,0.010086638,2.37e-05,0.0,0.0,0.0,1.58e-05,0.0,0.0,0.000166003,0.0,1.58e-05,0.0,0.0,0.0,5.53e-05,2.37e-05,0.0,3.16e-05,0.0,0.00037153,0.0,0.0,0.0,5.53e-05,7.9e-05,0.000482198,3.16e-05,0.0,0.0,0.0,0.0,0.0,0.0,0.0,0.0,0.0,0.0,0.000766774,0.0,0.0,0.0,7.9e-06,3.16e-05,0.0,0.000142288,0.000837918,0.0,2.37e-05,0.0,7.11e-05,0.0,1.58e-05,0.0,6.32e-05,7.9e-05,6.32e-05,1.58e-05,0.001960412,0.0,7.9e-06,0.0,0.0,0.0,3.16e-05,0.0,0.0,7.9e-06,0.0,7.9e-06,1.58e-05,0.0,0.0,0.01699551,0.0,0.003438626,0.0,7.9e-06,0.042101436,0.001177828,0.0,7.9e-06,1.58e-05,6.32e-05,0.0,0.0,0.000276671,0.0,1.58e-05,8.7e-05,0.0,7.9e-06,1.58e-05,0.0,0.0,0.0,7.9e-06,0.0,0.0,3.16e-05,2.37e-05,0.005596661,0.0,0.0,0.0,0.0,0.0,1.58e-05,0.0,0.0,0.0,0.0,0.0
SRR34777697,0.000417662,0.0,3.66e-05,7.33e-06,0.0,0.0,0.000124566,0.0,0.0,0.0,0.0,0.001472808,0.000131893,0.0,4.4e-05,0.0,9.53e-05,0.000307751,0.001362897,5.13e-05,0.008148072,7.33e-06,0.0,0.0,0.000219822,0.0,0.010478186,0.084770726,6.59e-05,0.0,0.0,8.06e-05,0.000827997,7.33e-05,1.47e-05,0.000446972,4.4e-05,2.2e-05,0.0,7.33e-05,0.00016853,0.0,7.33e-06,0.0,0.0,0.000190512,5.13e-05,7.33e-06,0.0,7.33e-06,0.0,0.0,7.33e-06,0.0,0.000806014,0.0,0.018127995,8.06e-05,0.0,0.002894324,0.0,8.79e-05,0.0,0.0,0.0,7.33e-06,0.002432698,0.018816771,0.0,0.0,0.0,0.0,0.0,0.0,0.037201225,0.000505591,0.000644811,8.06e-05,2.93e-05,6.59e-05,2.93e-05,2.93e-05,0.0,1.47e-05,0.012339347,2.93e-05,0.0,0.0,2.93e-05,0.0,0.0,2.2e-05,5.86e-05,0.0,7.33e-06,0.00016853,5.86e-05,0.220598795,0.00795756,0.003026217,0.0,0.028840658,0.0,0.001018509,4.4e-05,0.000857306,0.003663702,3.66e-05,0.010800592,3.66e-05,3.66e-05,0.000109911,0.000131893,0.000153875,1.47e-05,1.47e-05,0.0,0.0,0.0,7.33e-06,0.00019784,0.000381025,0.023440362,0.0,2.2e-05,0.0,0.000476281,0.0,0.0,3.66e-05,1.47e-05,7.33e-06,8.79e-05,0.021850316,0.0,0.002190894,0.00544426,0.0,0.00019784,0.0,7.33e-06,0.0,0.00056421,0.0,0.000212495,3.66e-05,7.33e-06,0.000351715,1.47e-05,0.0,0.000410335,5.13e-05,0.000256459,0.0,0.0,0.000329733,0.0,0.000212495,7.33e-06,0.001194367,7.33e-06,0.00036637,0.004623591,0.0,0.000109911,9.53e-05,5.86e-05,2.93e-05,0.0,0.009694154,2.93e-05,2.93e-05,0.034687926,0.000161203,0.0,0.0,0.0,0.000659466,0.0,0.0,2.93e-05,0.0,0.0,0.0,4.4e-05,0.0,0.0,0.0,0.0,0.000937908,0.0,0.226021074,0.000190512,0.0,0.000263787,0.0,0.000227149,5.13e-05,0.000373698,0.0,0.000153875,0.010632062,0.0,0.001143075,0.082184152,0.0,1.47e-05,5.86e-05,0.0,0.0,0.000161203,0.0,0.0,3.66e-05,0.0,0.0,2.93e-05,0.0,7.33e-06,0.0,9.53e-05,0.010390257,2.2e-05,5.13e-05,0.034160353,3.66e-05,1.47e-05,0.0,7.33e-06,0.000322406,0.001055146,0.0,0.000864634,0.0,0.0,1.47e-05,0.0,7.33e-06,8.06e-05,0.0,0.0,0.0,7.33e-06,7.33e-06,2.93e-05,2.93e-05,0.0,0.0,0.0,0.0,0.0,7.33e-06,0.0,8.06e-05,0.0,4.4e-05,0.0,0.0,0.0
SRR34777698,0.0,1.17e-05,0.0,0.0,1.17e-05,0.0,0.006798575,0.0,0.0,0.0,0.0,0.0,0.0,0.0,2.34e-05,0.0,0.0,0.0,4.69e-05,0.000937734,0.106198425,0.0,0.0,0.0,0.0,0.0,0.026420668,0.000105495,3.52e-05,0.0,0.0,4.69e-05,0.0,0.000574362,0.0,1.17e-05,0.0,0.0,0.0,1.17e-05,1.17e-05,0.0,0.0,0.0,0.0,1.17e-05,0.0,0.0,0.0,1.17e-05,1.17e-05,0.0,0.0,0.0,1.17e-05,0.0,0.0,7.03e-05,0.00014066,0.0,0.0,1.17e-05,0.0,0.0,0.0,0.0,2.34e-05,0.029902007,0.0,0.0,0.0,0.0,0.0,0.0,0.000246155,0.0,0.0,3.52e-05,0.0,2.34e-05,0.000117217,2.34e-05,0.0,0.0,0.0,0.0,0.0,0.0,1.17e-05,0.0,0.0,2.34e-05,0.000105495,0.0,0.0,2.34e-05,3.52e-05,2.34e-05,4.69e-05,0.005110653,0.0,1.17e-05,0.0,0.0,0.0,0.0,0.0,0.0,0.0,7.03e-05,2.34e-05,1.17e-05,0.0,0.001852026,1.17e-05,3.52e-05,0.0,0.0,0.0,0.0,0.0,7.03e-05,1.17e-05,0.0,0.0,0.0,4.69e-05,0.00021099,0.0,1.17e-05,8.21e-05,0.0,0.0,1.17e-05,0.0,0.002602213,0.000128938,0.0,2.34e-05,0.0,0.0,0.000128938,0.002801482,0.0,0.000961178,0.0,1.17e-05,0.002051294,5.86e-05,0.0,1.17e-05,3.52e-05,0.0,0.0,0.0,2.34e-05,0.0,0.0,0.0,0.0,0.0,8.21e-05,0.0,0.0,0.000398537,0.0,0.00014066,0.005028601,0.0,0.0,0.0,4.69e-05,0.000445424,0.000926013,0.0,0.0,0.0,0.0,0.0,0.0,1.17e-05,0.0,0.0,0.0,0.00014066,0.0,0.0,0.0,2.34e-05,4.69e-05,0.0,2.34e-05,2.34e-05,0.0,2.34e-05,0.0,4.69e-05,0.0,0.001922356,0.0,2.34e-05,1.17e-05,2.34e-05,0.000222712,0.0,0.0,0.0,0.0,0.0,0.0,5.86e-05,0.0,0.0,4.69e-05,0.0,0.0,1.17e-05,0.0,0.0,0.0,0.0,0.052196643,0.0,3.52e-05,0.308022318,7.03e-05,0.0,0.0,7.03e-05,5.86e-05,0.0,0.0,9.38e-05,0.0,0.0,4.69e-05,1.17e-05,0.0,0.000480589,0.0,0.000457146,0.0,0.0,0.0,0.0,0.000128938,2.34e-05,2.34e-05,0.0,0.0,1.17e-05,0.000117217,0.0,0.000128938,0.0,5.86e-05,0.0,0.0,0.0
SRR34777699,9.55e-06,0.0,0.0,0.0,1.91e-05,0.0,0.00037256,0.0,0.0,0.0,0.0,9.55e-06,3.82e-05,0.0,9.55e-06,0.0,0.000105081,0.0,0.000114634,0.000334349,0.000630487,0.0,0.0,0.001690851,0.0,0.0,0.156179249,0.000477642,1.91e-05,0.0,0.0,0.000219715,0.0,0.000305691,9.55e-05,0.0,9.55e-06,1.91e-05,0.0,0.0,3.82e-05,9.55e-06,9.55e-06,0.0,0.0,0.0,0.0,0.0,0.0,0.0,0.0,0.0,9.55e-06,0.0,0.0,0.0,1.91e-05,1.91e-05,3.82e-05,9.55e-06,0.0,3.82e-05,0.0,0.0,0.0,0.0,9.55e-06,0.002273574,0.0,0.0,0.0,0.0,9.55e-06,0.0,0.133558143,2.87e-05,1.91e-05,1.91e-05,4.78e-05,0.0,2.87e-05,9.55e-06,0.0,1.91e-05,0.0,0.000477642,0.0,0.0,3.82e-05,0.0,0.0,9.55e-06,0.00013374,0.0,0.0,4.78e-05,9.55e-06,3.82e-05,0.000105081,0.002607923,0.0,9.55e-06,0.0,9.55e-06,1.91e-05,0.0,1.91e-05,0.0,1.91e-05,0.000143292,0.0,6.69e-05,9.55e-06,0.022659317,3.82e-05,5.73e-05,9.55e-06,0.0,0.0,0.0,0.0,5.73e-05,3.82e-05,0.0,0.0,0.0,7.64e-05,0.0,0.0,9.55e-06,0.0,9.55e-06,0.0,4.78e-05,0.0,0.040609089,0.000124187,0.0,0.001461583,2.87e-05,0.0,0.0,0.001547559,0.0,0.00057317,0.0,9.55e-06,0.00064004,0.000429877,0.0,0.0,0.0,4.78e-05,0.0,0.0,6.69e-05,0.0,0.0,0.0,0.0,0.0,6.69e-05,0.000181504,0.0,0.000105081,0.0,0.000257926,0.001757721,0.0,0.0,2.87e-05,9.55e-05,0.000363008,0.000534959,0.0,0.0,0.0,0.0,0.0,0.0,1.91e-05,0.0,0.000716462,0.0,0.000105081,0.0,0.0,0.0,0.0,6.69e-05,0.0,0.030769672,0.000152845,0.0,0.0,0.0,2.87e-05,0.0,7.64e-05,0.0,0.0,1.91e-05,2.87e-05,2.87e-05,8.6e-05,0.0,0.0,0.0,0.0,0.0,2.87e-05,0.0,0.0,0.0,0.0,9.55e-06,1.91e-05,0.0,0.0,0.02553472,0.0,0.037638158,0.0,3.82e-05,0.363676312,0.00043943,9.55e-06,0.0,0.0,1.91e-05,0.0,0.0,0.000114634,0.0,0.0,4.78e-05,0.0,0.0,2.87e-05,0.0,0.000210162,0.0,0.0,0.0,9.55e-06,9.55e-05,0.0,9.55e-06,0.0,0.0,1.91e-05,0.000152845,0.0,8.6e-05,0.0,9.55e-06,0.0,0.0,0.0
