Run,Assay Type,AvgSpotLen,Bases,BioProject,BioSample,BioSampleModel,Bytes,Center Name,Collection_Date,Consent,DATASTORE filetype,DATASTORE provider,DATASTORE region,Description,env_biome,env_feature,env_material,Experiment,geo_loc_name_country,geo_loc_name_country_continent,geo_loc_name,HOST,Instrument,lat_lon,Library Name,LibraryLayout,LibrarySelection,LibrarySource,Organism,organism,Platform,ReleaseDate,create_date,version,samp_store_temp,Sample Name,sample_title,seq_methods,SRA Study,Abx,AGE,Asian,Black,BMI,cancer_stage,chimera_check,Diabetes_Med,Diabetic,diagnosis,Ethnic,fit_result,gender,height,Hx_Fam_CRC,Hx_of_Polyps,Hx_Prev,lib_const_meth,Native,NSAID,Other,pacific,pcr_cond,PCR_Primers,samp_collect_device,seq_qual_check,Smoke,target_gene,target_subfragment,weight,White,Diet,genotype,organism_count,perturbation,samp_mat_process,sex
SRR2143516,AMPLICON,502,20188432,PRJNA290926,SAMN03939371,"MIMARKS.survey,MIGS/MIMS/MIMARKS.human-gut",14989744,UNIVERSITY OF MICHIGAN,NA,public,"run.zq,fastq,sra","gs,s3,ncbi","gs.us-east1,ncbi.public,s3.us-east-1",human stool sample,human body,gut,feces,SRX1132076,USA,North America,USA,Homo sapiens,454 GS,NA,2003650_S7_L001_R1_001.fastq.2003650,PAIRED,PCR,METAGENOMIC,human gut metagenome,metagenome,LS454,2015-08-09T00:00:00Z,2015-08-04T14:25:00Z,1,-80C,2003650,2003650,Illumina MiSeq,SRP062005,0,64,0,0,36.2,NA,Uchime,0,0,High Risk Normal,0,0,male,182,1,1,0,paired-end,0,0,0,0,http://aem.asm.org/content/79/17/5112/suppl/DCSupplemental,FWD:GTGCCAGCMGCCGCGGTAA; REV:GGACTACHVGGGTWTCTAAT,toilet hat,http://aem.asm.org/content/79/17/5112.short,0,16S rRNA,V4,120,1,,,,,,
SRR2143517,AMPLICON,502,16089100,PRJNA290926,SAMN03939372,"MIMARKS.survey,MIGS/MIMS/MIMARKS.human-gut",11942707,UNIVERSITY OF MICHIGAN,NA,public,"sra,fastq,run.zq","ncbi,gs,s3","ncbi.public,s3.us-east-1,gs.us-east1",human stool sample,human body,gut,feces,SRX1132077,USA,North America,USA,Homo sapiens,454 GS,NA,2005650_S62_L001_R1_001.fastq.2005650,PAIRED,PCR,METAGENOMIC,human gut metagenome,metagenome,LS454,2015-08-09T00:00:00Z,2015-08-04T14:25:00Z,1,-80C,2005650,2005650,Illumina MiSeq,SRP062005,0,61,0,0,28,NA,Uchime,0,0,High Risk Normal,0,0,male,167,0,1,0,paired-end,0,0,0,0,http://aem.asm.org/content/79/17/5112/suppl/DCSupplemental,FWD:GTGCCAGCMGCCGCGGTAA; REV:GGACTACHVGGGTWTCTAAT,toilet hat,http://aem.asm.org/content/79/17/5112.short,0,16S rRNA,V4,78,1,,,,,,
SRR2143518,AMPLICON,502,17791382,PRJNA290926,SAMN03939373,"MIMARKS.survey,MIGS/MIMS/MIMARKS.human-gut",11534282,UNIVERSITY OF MICHIGAN,NA,public,"fastq,run.zq,sra","s3,ncbi,gs","gs.us-east1,s3.us-east-1,ncbi.public",human stool sample,human body,gut,feces,SRX1132080,USA,North America,USA,Homo sapiens,454 GS,NA,2007660_S117_L001_R1_001.fastq.2007660,PAIRED,PCR,METAGENOMIC,human gut metagenome,metagenome,LS454,2015-08-09T00:00:00Z,2015-08-04T14:25:00Z,1,-80C,2007660,2007660,Illumina MiSeq,SRP062005,0,47,0,0,21.8,NA,Uchime,0,0,High Risk Normal,0,26,female,170,1,1,0,paired-end,0,0,0,0,http://aem.asm.org/content/79/17/5112/suppl/DCSupplemental,FWD:GTGCCAGCMGCCGCGGTAA; REV:GGACTACHVGGGTWTCTAAT,toilet hat,http://aem.asm.org/content/79/17/5112.short,0,16S rRNA,V4,63,1,,,,,,
SRR2143519,AMPLICON,502,18477616,PRJNA290926,SAMN03939374,"MIMARKS.survey,MIGS/MIMS/MIMARKS.human-gut",13794696,UNIVERSITY OF MICHIGAN,NA,public,"fastq,sra,run.zq","s3,gs,ncbi","ncbi.public,gs.us-east1,s3.us-east-1",human stool sample,human body,gut,feces,SRX1132081,USA,North America,USA,Homo sapiens,454 GS,NA,2009650_S63_L001_R1_001.fastq.2009650,PAIRED,PCR,METAGENOMIC,human gut metagenome,metagenome,LS454,2015-08-09T00:00:00Z,2015-08-04T14:25:00Z,1,-80C,2009650,2009650,Illumina MiSeq,SRP062005,0,81,0,0,23,NA,Uchime,0,0,Adenoma,0,10,female,168,0,1,0,paired-end,0,1,0,0,http://aem.asm.org/content/79/17/5112/suppl/DCSupplemental,FWD:GTGCCAGCMGCCGCGGTAA; REV:GGACTACHVGGGTWTCTAAT,toilet hat,http://aem.asm.org/content/79/17/5112.short,1,16S rRNA,V4,65,1,,,,,,
SRR2143521,AMPLICON,502,24869080,PRJNA290926,SAMN03939375,"MIMARKS.survey,MIGS/MIMS/MIMARKS.human-gut",16476750,UNIVERSITY OF MICHIGAN,NA,public,"fastq,sra,run.zq","s3,gs,ncbi","s3.us-east-1,gs.us-east1,ncbi.public",human stool sample,human body,gut,feces,SRX1132082,USA,North America,USA,Homo sapiens,454 GS,NA,2013660_S31_L001_R1_001.fastq.2013660,PAIRED,PCR,METAGENOMIC,human gut metagenome,metagenome,LS454,2015-08-09T00:00:00Z,2015-08-04T14:26:00Z,1,-80C,2013660,2013660,Illumina MiSeq,SRP062005,0,44,0,0,24.9,NA,Uchime,0,0,Normal,0,0,female,170,0,0,0,paired-end,0,1,0,0,http://aem.asm.org/content/79/17/5112/suppl/DCSupplemental,FWD:GTGCCAGCMGCCGCGGTAA; REV:GGACTACHVGGGTWTCTAAT,toilet hat,http://aem.asm.org/content/79/17/5112.short,0,16S rRNA,V4,72,1,,,,,,
SRR2143522,AMPLICON,502,21637706,PRJNA290926,SAMN03939376,"MIMARKS.survey,MIGS/MIMS/MIMARKS.human-gut",15982117,UNIVERSITY OF MICHIGAN,NA,public,"fastq,run.zq,sra","s3,gs,ncbi","s3.us-east-1,ncbi.public,gs.us-east1",human stool sample,human body,gut,feces,SRX1132083,USA,North America,USA,Homo sapiens,454 GS,NA,2015650_S35_L001_R1_001.fastq.2015650,PAIRED,PCR,METAGENOMIC,human gut metagenome,metagenome,LS454,2015-08-09T00:00:00Z,2015-08-04T14:25:00Z,1,-80C,2015650,2015650,Illumina MiSeq,SRP062005,0,51,0,0,26.2,NA,Uchime,0,0,High Risk Normal,0,0,female,160,0,1,0,paired-end,0,0,0,0,http://aem.asm.org/content/79/17/5112/suppl/DCSupplemental,FWD:GTGCCAGCMGCCGCGGTAA; REV:GGACTACHVGGGTWTCTAAT,toilet hat,http://aem.asm.org/content/79/17/5112.short,1,16S rRNA,V4,67,1,,,,,,
SRR2143523,AMPLICON,502,22091514,PRJNA290926,SAMN03939377,"MIMARKS.survey,MIGS/MIMS/MIMARKS.human-gut",14306675,UNIVERSITY OF MICHIGAN,NA,public,"fastq,run.zq,sra","gs,s3,ncbi","ncbi.public,s3.us-east-1,gs.us-east1",human stool sample,human body,gut,feces,SRX1132084,USA,North America,USA,Homo sapiens,454 GS,NA,2017660_S111_L001_R1_001.fastq.2017660,PAIRED,PCR,METAGENOMIC,human gut metagenome,metagenome,LS454,2015-08-09T00:00:00Z,2015-08-04T14:25:00Z,1,-80C,2017660,2017660,Illumina MiSeq,SRP062005,0,78,0,0,26.4,3,Uchime,1,1,Cancer,0,7,male,172,0,1,1,paired-end,0,0,0,0,http://aem.asm.org/content/79/17/5112/suppl/DCSupplemental,FWD:GTGCCAGCMGCCGCGGTAA; REV:GGACTACHVGGGTWTCTAAT,toilet hat,http://aem.asm.org/content/79/17/5112.short,1,16S rRNA,V4,78,1,,,,,,
SRR2143524,AMPLICON,502,14573562,PRJNA290926,SAMN03939378,"MIMARKS.survey,MIGS/MIMS/MIMARKS.human-gut",9767291,UNIVERSITY OF MICHIGAN,NA,public,"sra,fastq,run.zq","ncbi,s3,gs","ncbi.public,gs.us-east1,s3.us-east-1",human stool sample,human body,gut,feces,SRX1132085,USA,North America,USA,Homo sapiens,454 GS,NA,2019651_S159_L001_R1_001.fastq.2019651,PAIRED,PCR,METAGENOMIC,human gut metagenome,metagenome,LS454,2015-08-09T00:00:00Z,2015-08-04T14:25:00Z,1,-80C,2019651,2019651,Illumina MiSeq,SRP062005,0,59,0,0,20.7,NA,Uchime,0,0,Normal,0,19,male,177,0,0,0,paired-end,0,0,0,0,http://aem.asm.org/content/79/17/5112/suppl/DCSupplemental,FWD:GTGCCAGCMGCCGCGGTAA; REV:GGACTACHVGGGTWTCTAAT,toilet hat,http://aem.asm.org/content/79/17/5112.short,0,16S rRNA,V4,65,1,,,,,,
SRR2143525,AMPLICON,502,15275860,PRJNA290926,SAMN03939379,"MIMARKS.survey,MIGS/MIMS/MIMARKS.human-gut",9906946,UNIVERSITY OF MICHIGAN,NA,public,"run.zq,sra,fastq","ncbi,s3,gs","gs.us-east1,s3.us-east-1,ncbi.public",human stool sample,human body,gut,feces,SRX1132086,USA,North America,USA,Homo sapiens,454 GS,NA,2023680_S118_L001_R1_001.fastq.2023680,PAIRED,PCR,METAGENOMIC,human gut metagenome,metagenome,LS454,2015-08-09T00:00:00Z,2015-08-04T14:27:00Z,1,-80C,2023680,2023680,Illumina MiSeq,SRP062005,0,63,0,0,22.8,NA,Uchime,0,0,High Risk Normal,0,0,female,154,0,1,1,paired-end,0,0,0,0,http://aem.asm.org/content/79/17/5112/suppl/DCSupplemental,FWD:GTGCCAGCMGCCGCGGTAA; REV:GGACTACHVGGGTWTCTAAT,toilet hat,http://aem.asm.org/content/79/17/5112.short,1,16S rRNA,V4,54,1,,,,,,
SRR2143526,AMPLICON,502,25903200,PRJNA290926,SAMN03939380,"MIMARKS.survey,MIGS/MIMS/MIMARKS.human-gut",17449672,UNIVERSITY OF MICHIGAN,NA,public,"run.zq,fastq,sra","s3,ncbi,gs","s3.us-east-1,gs.us-east1,ncbi.public",human stool sample,human body,gut,feces,SRX1132087,USA,North America,USA,Homo sapiens,454 GS,NA,2025653_S105_L001_R1_001.fastq.2025653,PAIRED,PCR,METAGENOMIC,human gut metagenome,metagenome,LS454,2015-08-09T00:00:00Z,2015-08-04T14:25:00Z,1,-80C,2025653,2025653,Illumina MiSeq,SRP062005,0,67,0,0,20.8,4,Uchime,0,0,Cancer,0,1509,male,167,0,1,1,paired-end,0,0,0,0,http://aem.asm.org/content/79/17/5112/suppl/DCSupplemental,FWD:GTGCCAGCMGCCGCGGTAA; REV:GGACTACHVGGGTWTCTAAT,toilet hat,http://aem.asm.org/content/79/17/5112.short,1,16S rRNA,V4,58,1,,,,,,
SRR2143527,AMPLICON,502,7928588,PRJNA290926,SAMN03939381,"MIMARKS.survey,MIGS/MIMS/MIMARKS.human-gut",5176445,UNIVERSITY OF MICHIGAN,NA,public,"sra,run.zq,fastq","s3,ncbi,gs","ncbi.public,s3.us-east-1,gs.us-east1",human stool sample,human body,gut,feces,SRX1132088,USA,North America,USA,Homo sapiens,454 GS,NA,2027653_S127_L001_R1_001.fastq.2027653,PAIRED,PCR,METAGENOMIC,human gut metagenome,metagenome,LS454,2015-08-09T00:00:00Z,2015-08-04T14:24:00Z,1,-80C,2027653,2027653,Illumina MiSeq,SRP062005,0,65,0,0,21.5,NA,Uchime,0,0,Normal,1,0,female,167,0,0,0,paired-end,0,0,0,0,http://aem.asm.org/content/79/17/5112/suppl/DCSupplemental,FWD:GTGCCAGCMGCCGCGGTAA; REV:GGACTACHVGGGTWTCTAAT,toilet hat,http://aem.asm.org/content/79/17/5112.short,0,16S rRNA,V4,60,1,,,,,,
SRR2143528,AMPLICON,502,15384292,PRJNA290926,SAMN03939382,"MIMARKS.survey,MIGS/MIMS/MIMARKS.human-gut",11457584,UNIVERSITY OF MICHIGAN,NA,public,"fastq,run.zq,sra","ncbi,gs,s3","s3.us-east-1,gs.us-east1,ncbi.public",human stool sample,human body,gut,feces,SRX1132089,USA,North America,USA,Homo sapiens,454 GS,NA,2029650_S46_L001_R1_001.fastq.2029650,PAIRED,PCR,METAGENOMIC,human gut metagenome,metagenome,LS454,2015-08-09T00:00:00Z,2015-08-04T14:24:00Z,1,-80C,2029650,2029650,Illumina MiSeq,SRP062005,0,55,0,0,26.3,NA,Uchime,0,0,Adenoma,0,0,male,185,1,1,0,paired-end,0,1,0,0,http://aem.asm.org/content/79/17/5112/suppl/DCSupplemental,FWD:GTGCCAGCMGCCGCGGTAA; REV:GGACTACHVGGGTWTCTAAT,toilet hat,http://aem.asm.org/content/79/17/5112.short,1,16S rRNA,V4,90,1,,,,,,
SRR2143529,AMPLICON,502,5710752,PRJNA290926,SAMN03939383,"MIMARKS.survey,MIGS/MIMS/MIMARKS.human-gut",4275190,UNIVERSITY OF MICHIGAN,NA,public,"run.zq,fastq,sra","ncbi,s3,gs","gs.us-east1,ncbi.public,s3.us-east-1",human stool sample,human body,gut,feces,SRX1132090,USA,North America,USA,Homo sapiens,454 GS,NA,2031650_S155_L001_R1_001.fastq.2031650,PAIRED,PCR,METAGENOMIC,human gut metagenome,metagenome,LS454,2015-08-09T00:00:00Z,2015-08-04T14:24:00Z,1,-80C,2031650,2031650,Illumina MiSeq,SRP062005,0,72,0,0,22.3,NA,Uchime,0,0,Adenoma,0,0,female,160,0,1,0,paired-end,0,0,0,0,http://aem.asm.org/content/79/17/5112/suppl/DCSupplemental,FWD:GTGCCAGCMGCCGCGGTAA; REV:GGACTACHVGGGTWTCTAAT,toilet hat,http://aem.asm.org/content/79/17/5112.short,1,16S rRNA,V4,57,1,,,,,,
SRR2143530,AMPLICON,502,40308090,PRJNA290926,SAMN03939383,"MIMARKS.survey,MIGS/MIMS/MIMARKS.human-gut",25628736,UNIVERSITY OF MICHIGAN,NA,public,"sra,fastq,run.zq","ncbi,gs,s3","ncbi.public,gs.us-east1,s3.us-east-1",human stool sample,human body,gut,feces,SRX1132091,USA,North America,USA,Homo sapiens,454 GS,NA,2031650_S65_L001_R1_001.fastq.2031650,PAIRED,PCR,METAGENOMIC,human gut metagenome,metagenome,LS454,2015-08-09T00:00:00Z,2015-08-04T14:23:00Z,1,-80C,2031650,2031650,Illumina MiSeq,SRP062005,0,72,0,0,22.3,NA,Uchime,0,0,Adenoma,0,0,female,160,0,1,0,paired-end,0,0,0,0,http://aem.asm.org/content/79/17/5112/suppl/DCSupplemental,FWD:GTGCCAGCMGCCGCGGTAA; REV:GGACTACHVGGGTWTCTAAT,toilet hat,http://aem.asm.org/content/79/17/5112.short,1,16S rRNA,V4,57,1,,,,,,
SRR2143531,AMPLICON,502,22999130,PRJNA290926,SAMN03939384,"MIMARKS.survey,MIGS/MIMS/MIMARKS.human-gut",17035567,UNIVERSITY OF MICHIGAN,NA,public,"sra,fastq,run.zq","s3,ncbi,gs","ncbi.public,gs.us-east1,s3.us-east-1",human stool sample,human body,gut,feces,SRX1132092,USA,North America,USA,Homo sapiens,454 GS,NA,2033650_S25_L001_R1_001.fastq.2033650,PAIRED,PCR,METAGENOMIC,human gut metagenome,metagenome,LS454,2015-08-09T00:00:00Z,2015-08-04T14:23:00Z,1,-80C,2033650,2033650,Illumina MiSeq,SRP062005,0,77,0,0,21.7,NA,Uchime,0,0,High Risk Normal,0,0,male,177,1,0,1,paired-end,0,0,0,0,http://aem.asm.org/content/79/17/5112/suppl/DCSupplemental,FWD:GTGCCAGCMGCCGCGGTAA; REV:GGACTACHVGGGTWTCTAAT,toilet hat,http://aem.asm.org/content/79/17/5112.short,0,16S rRNA,V4,68,1,,,,,,
SRR2143532,AMPLICON,502,17456548,PRJNA290926,SAMN03939385,"MIMARKS.survey,MIGS/MIMS/MIMARKS.human-gut",12970465,UNIVERSITY OF MICHIGAN,NA,public,"sra,run.zq,fastq","s3,ncbi,gs","ncbi.public,s3.us-east-1,gs.us-east1",human stool sample,human body,gut,feces,SRX1132093,USA,North America,USA,Homo sapiens,454 GS,NA,2035650_S26_L001_R1_001.fastq.2035650,PAIRED,PCR,METAGENOMIC,human gut metagenome,metagenome,LS454,2015-08-09T00:00:00Z,2015-08-04T14:23:00Z,1,-80C,2035650,2035650,Illumina MiSeq,SRP062005,0,62,0,0,28.7,NA,Uchime,1,1,adv Adenoma,0,0,male,180,0,0,0,paired-end,0,0,0,0,http://aem.asm.org/content/79/17/5112/suppl/DCSupplemental,FWD:GTGCCAGCMGCCGCGGTAA; REV:GGACTACHVGGGTWTCTAAT,toilet hat,http://aem.asm.org/content/79/17/5112.short,0,16S rRNA,V4,93,1,,,,,,
SRR2143533,AMPLICON,502,26918244,PRJNA290926,SAMN03939386,"MIMARKS.survey,MIGS/MIMS/MIMARKS.human-gut",17789589,UNIVERSITY OF MICHIGAN,NA,public,"fastq,run.zq,sra","ncbi,s3,gs","s3.us-east-1,ncbi.public,gs.us-east1",human stool sample,human body,gut,feces,SRX1132094,USA,North America,USA,Homo sapiens,454 GS,NA,2037653_S114_L001_R1_001.fastq.2037653,PAIRED,PCR,METAGENOMIC,human gut metagenome,metagenome,LS454,2015-08-09T00:00:00Z,2015-08-04T14:23:00Z,1,-80C,2037653,2037653,Illumina MiSeq,SRP062005,0,88,0,0,22.9,3,Uchime,0,0,Cancer,0,72,female,166,0,0,0,paired-end,0,0,0,0,http://aem.asm.org/content/79/17/5112/suppl/DCSupplemental,FWD:GTGCCAGCMGCCGCGGTAA; REV:GGACTACHVGGGTWTCTAAT,toilet hat,http://aem.asm.org/content/79/17/5112.short,0,16S rRNA,V4,63,1,,,,,,
SRR2143534,AMPLICON,502,15030382,PRJNA290926,SAMN03939387,"MIMARKS.survey,MIGS/MIMS/MIMARKS.human-gut",11113772,UNIVERSITY OF MICHIGAN,NA,public,"run.zq,sra,fastq","gs,ncbi,s3","ncbi.public,s3.us-east-1,gs.us-east1",human stool sample,human body,gut,feces,SRX1132095,USA,North America,USA,Homo sapiens,454 GS,NA,2039650_S14_L001_R1_001.fastq.2039650,PAIRED,PCR,METAGENOMIC,human gut metagenome,metagenome,LS454,2015-08-09T00:00:00Z,2015-08-04T14:22:00Z,1,-80C,2039650,2039650,Illumina MiSeq,SRP062005,0,56,0,0,32,NA,Uchime,0,0,Normal,0,0,female,158,0,1,0,paired-end,0,0,0,0,http://aem.asm.org/content/79/17/5112/suppl/DCSupplemental,FWD:GTGCCAGCMGCCGCGGTAA; REV:GGACTACHVGGGTWTCTAAT,toilet hat,http://aem.asm.org/content/79/17/5112.short,1,16S rRNA,V4,80,1,,,,,,
SRR2143535,AMPLICON,502,22474540,PRJNA290926,SAMN03939388,"MIMARKS.survey,MIGS/MIMS/MIMARKS.human-gut",16707612,UNIVERSITY OF MICHIGAN,NA,public,"run.zq,sra","ncbi,gs,s3","gs.us-east1,ncbi.public,s3.us-east-1",human stool sample,human body,gut,feces,SRX1132096,USA,North America,USA,Homo sapiens,Illumina MiSeq,NA,2041650_S8_L001_R1_001.fastq.2041650,PAIRED,PCR,METAGENOMIC,human gut metagenome,metagenome,ILLUMINA,2015-08-09T00:00:00Z,2015-08-04T14:22:00Z,1,-80C,2041650,2041650,Illumina MiSeq,SRP062005,0,69,0,0,27.5,NA,Uchime,0,0,Adenoma,0,0,male,177,1,1,0,paired-end,0,1,0,0,http://aem.asm.org/content/79/17/5112/suppl/DCSupplemental,FWD:GTGCCAGCMGCCGCGGTAA; REV:GGACTACHVGGGTWTCTAAT,toilet hat,http://aem.asm.org/content/79/17/5112.short,1,16S rRNA,V4,86,1,,,,,,
SRR2143536,AMPLICON,502,25088956,PRJNA290926,SAMN03939389,"MIMARKS.survey,MIGS/MIMS/MIMARKS.human-gut",18550642,UNIVERSITY OF MICHIGAN,NA,public,"fastq,run.zq,sra","gs,ncbi,s3","s3.us-east-1,ncbi.public,gs.us-east1",human stool sample,human body,gut,feces,SRX1132097,USA,North America,USA,Homo sapiens,454 GS,NA,2043650_S15_L001_R1_001.fastq.2043650,PAIRED,PCR,METAGENOMIC,human gut metagenome,metagenome,LS454,2015-08-09T00:00:00Z,2015-08-04T14:22:00Z,1,-80C,2043650,2043650,Illumina MiSeq,SRP062005,0,63,0,0,23.4,NA,Uchime,0,0,High Risk Normal,0,5,male,173,1,1,0,paired-end,0,1,0,0,http://aem.asm.org/content/79/17/5112/suppl/DCSupplemental,FWD:GTGCCAGCMGCCGCGGTAA; REV:GGACTACHVGGGTWTCTAAT,toilet hat,http://aem.asm.org/content/79/17/5112.short,1,16S rRNA,V4,70,1,,,,,,
SRR2143537,AMPLICON,502,8619842,PRJNA290926,SAMN03939390,"MIMARKS.survey,MIGS/MIMS/MIMARKS.human-gut",5703390,UNIVERSITY OF MICHIGAN,NA,public,"run.zq,sra,fastq","ncbi,gs,s3","s3.us-east-1,ncbi.public,gs.us-east1",human stool sample,human body,gut,feces,SRX1132098,USA,North America,USA,Homo sapiens,454 GS,NA,2045653_S132_L001_R1_001.fastq.2045653,PAIRED,PCR,METAGENOMIC,human gut metagenome,metagenome,LS454,2015-08-09T00:00:00Z,2015-08-04T14:22:00Z,1,-80C,2045653,2045653,Illumina MiSeq,SRP062005,0,59,0,0,25.8,NA,Uchime,0,0,Normal,0,0,female,167,1,1,0,paired-end,0,0,0,0,http://aem.asm.org/content/79/17/5112/suppl/DCSupplemental,FWD:GTGCCAGCMGCCGCGGTAA; REV:GGACTACHVGGGTWTCTAAT,toilet hat,http://aem.asm.org/content/79/17/5112.short,0,16S rRNA,V4,72,1,,,,,,
SRR2143538,AMPLICON,502,21527266,PRJNA290926,SAMN03939391,"MIMARKS.survey,MIGS/MIMS/MIMARKS.human-gut",14308372,UNIVERSITY OF MICHIGAN,NA,public,"sra,run.zq","ncbi,gs,s3","gs.us-east1,s3.us-east-1,ncbi.public",human stool sample,human body,gut,feces,SRX1132099,USA,North America,USA,Homo sapiens,Illumina MiSeq,NA,2049653_S144_L001_R1_001.fastq.2049653,PAIRED,PCR,METAGENOMIC,human gut metagenome,metagenome,ILLUMINA,2015-08-09T00:00:00Z,2015-08-04T14:22:00Z,1,-80C,2049653,2049653,Illumina MiSeq,SRP062005,0,65,0,0,22.6,NA,Uchime,0,0,Adenoma,0,0,female,167,0,1,0,paired-end,0,0,0,0,http://aem.asm.org/content/79/17/5112/suppl/DCSupplemental,FWD:GTGCCAGCMGCCGCGGTAA; REV:GGACTACHVGGGTWTCTAAT,toilet hat,http://aem.asm.org/content/79/17/5112.short,1,16S rRNA,V4,63,1,,,,,,
SRR2143539,AMPLICON,502,36983846,PRJNA290926,SAMN03939392,"MIMARKS.survey,MIGS/MIMS/MIMARKS.human-gut",24340685,UNIVERSITY OF MICHIGAN,NA,public,"run.zq,sra,fastq","ncbi,s3,gs","s3.us-east-1,gs.us-east1,ncbi.public",human stool sample,human body,gut,feces,SRX1132100,USA,North America,USA,Homo sapiens,454 GS,NA,2051660_S21_L001_R1_001.fastq.2051660,PAIRED,PCR,METAGENOMIC,human gut metagenome,metagenome,LS454,2015-08-09T00:00:00Z,2015-08-04T14:23:00Z,1,-80C,2051660,2051660,Illumina MiSeq,SRP062005,0,64,0,0,41.2,NA,Uchime,1,1,Adenoma,0,0,female,162,0,0,1,paired-end,0,1,0,0,http://aem.asm.org/content/79/17/5112/suppl/DCSupplemental,FWD:GTGCCAGCMGCCGCGGTAA; REV:GGACTACHVGGGTWTCTAAT,toilet hat,http://aem.asm.org/content/79/17/5112.short,1,16S rRNA,V4,108,1,,,,,,
SRR2143540,AMPLICON,502,41798026,PRJNA290926,SAMN03939393,"MIMARKS.survey,MIGS/MIMS/MIMARKS.human-gut",27828647,UNIVERSITY OF MICHIGAN,NA,public,"run.zq,sra,fastq","gs,ncbi,s3","s3.us-east-1,gs.us-east1,ncbi.public",human stool sample,human body,gut,feces,SRX1132101,USA,North America,USA,Homo sapiens,454 GS,NA,2055690_S26_L001_R1_001.fastq.2055690,PAIRED,PCR,METAGENOMIC,human gut metagenome,metagenome,LS454,2015-08-09T00:00:00Z,2015-08-04T14:23:00Z,1,-80C,2055690,2055690,Illumina MiSeq,SRP062005,0,74,0,0,28.1,NA,Uchime,0,0,adv Adenoma,0,0,female,160,0,1,1,paired-end,0,0,0,0,http://aem.asm.org/content/79/17/5112/suppl/DCSupplemental,FWD:GTGCCAGCMGCCGCGGTAA; REV:GGACTACHVGGGTWTCTAAT,toilet hat,http://aem.asm.org/content/79/17/5112.short,0,16S rRNA,V4,72,1,,,,,,
SRR2143541,AMPLICON,502,3894014,PRJNA290926,SAMN03939394,"MIMARKS.survey,MIGS/MIMS/MIMARKS.human-gut",2942788,UNIVERSITY OF MICHIGAN,NA,public,"run.zq,fastq,sra","ncbi,s3,gs","s3.us-east-1,ncbi.public,gs.us-east1",human stool sample,human body,gut,feces,SRX1132102,USA,North America,USA,Homo sapiens,454 GS,NA,2057650_S108_L001_R1_001.fastq.2057650,PAIRED,PCR,METAGENOMIC,human gut metagenome,metagenome,LS454,2015-08-09T00:00:00Z,2015-08-04T14:22:00Z,1,-80C,2057650,2057650,Illumina MiSeq,SRP062005,0,59,0,0,25.9,NA,Uchime,0,0,High Risk Normal,0,0,male,177,0,1,0,paired-end,0,1,0,0,http://aem.asm.org/content/79/17/5112/suppl/DCSupplemental,FWD:GTGCCAGCMGCCGCGGTAA; REV:GGACTACHVGGGTWTCTAAT,toilet hat,http://aem.asm.org/content/79/17/5112.short,0,16S rRNA,V4,81,1,,,,,,
SRR2143542,AMPLICON,502,44112748,PRJNA290926,SAMN03939394,"MIMARKS.survey,MIGS/MIMS/MIMARKS.human-gut",27692459,UNIVERSITY OF MICHIGAN,NA,public,"sra,run.zq,fastq","ncbi,s3,gs","ncbi.public,s3.us-east-1,gs.us-east1",human stool sample,human body,gut,feces,SRX1132103,USA,North America,USA,Homo sapiens,454 GS,NA,2057650_S18_L001_R1_001.fastq.2057650,PAIRED,PCR,METAGENOMIC,human gut metagenome,metagenome,LS454,2015-08-09T00:00:00Z,2015-08-04T14:23:00Z,1,-80C,2057650,2057650,Illumina MiSeq,SRP062005,0,59,0,0,25.9,NA,Uchime,0,0,High Risk Normal,0,0,male,177,0,1,0,paired-end,0,1,0,0,http://aem.asm.org/content/79/17/5112/suppl/DCSupplemental,FWD:GTGCCAGCMGCCGCGGTAA; REV:GGACTACHVGGGTWTCTAAT,toilet hat,http://aem.asm.org/content/79/17/5112.short,0,16S rRNA,V4,81,1,,,,,,
SRR2143543,AMPLICON,502,36435662,PRJNA290926,SAMN03939395,"MIMARKS.survey,MIGS/MIMS/MIMARKS.human-gut",24219464,UNIVERSITY OF MICHIGAN,NA,public,"fastq,run.zq,sra","s3,gs,ncbi","ncbi.public,gs.us-east1,s3.us-east-1",human stool sample,human body,gut,feces,SRX1132104,USA,North America,USA,Homo sapiens,454 GS,NA,2059653_S128_L001_R1_001.fastq.2059653,PAIRED,PCR,METAGENOMIC,human gut metagenome,metagenome,LS454,2015-08-09T00:00:00Z,2015-08-04T14:23:00Z,1,-80C,2059653,2059653,Illumina MiSeq,SRP062005,0,75,0,0,29.6,NA,Uchime,1,1,adv Adenoma,0,0,male,182,1,1,0,paired-end,0,1,0,0,http://aem.asm.org/content/79/17/5112/suppl/DCSupplemental,FWD:GTGCCAGCMGCCGCGGTAA; REV:GGACTACHVGGGTWTCTAAT,toilet hat,http://aem.asm.org/content/79/17/5112.short,0,16S rRNA,V4,98,1,,,,,,
SRR2143544,AMPLICON,502,26212432,PRJNA290926,SAMN03939396,"MIMARKS.survey,MIGS/MIMS/MIMARKS.human-gut",19365152,UNIVERSITY OF MICHIGAN,NA,public,"sra,fastq,run.zq","gs,ncbi,s3","s3.us-east-1,gs.us-east1,ncbi.public",human stool sample,human body,gut,feces,SRX1132105,USA,North America,USA,Homo sapiens,454 GS,NA,2061650_S18_L001_R1_001.fastq.2061650,PAIRED,PCR,METAGENOMIC,human gut metagenome,metagenome,LS454,2015-08-09T00:00:00Z,2015-08-04T14:22:00Z,1,-80C,2061650,2061650,Illumina MiSeq,SRP062005,0,40,0,0,46.9,NA,Uchime,0,0,High Risk Normal,0,0,female,160,0,1,0,paired-end,0,0,0,0,http://aem.asm.org/content/79/17/5112/suppl/DCSupplemental,FWD:GTGCCAGCMGCCGCGGTAA; REV:GGACTACHVGGGTWTCTAAT,toilet hat,http://aem.asm.org/content/79/17/5112.short,1,16S rRNA,V4,120,1,,,,,,
SRR2143545,AMPLICON,502,103677056,PRJNA290926,SAMN03939397,"MIMARKS.survey,MIGS/MIMS/MIMARKS.human-gut",75914874,UNIVERSITY OF MICHIGAN,NA,public,"sra,fastq,run.zq","gs,s3,ncbi","s3.us-east-1,ncbi.public,gs.us-east1",human stool sample,human body,gut,feces,SRX1132106,USA,North America,USA,Homo sapiens,454 GS,NA,2063650_S103_L001_R1_001.fastq.2063650,PAIRED,PCR,METAGENOMIC,human gut metagenome,metagenome,LS454,2015-08-09T00:00:00Z,2015-08-04T14:23:00Z,1,-80C,2063650,2063650,Illumina MiSeq,SRP062005,0,67,0,0,31.6,NA,Uchime,0,0,High Risk Normal,0,0,female,160,0,1,1,paired-end,0,0,0,0,http://aem.asm.org/content/79/17/5112/suppl/DCSupplemental,FWD:GTGCCAGCMGCCGCGGTAA; REV:GGACTACHVGGGTWTCTAAT,toilet hat,http://aem.asm.org/content/79/17/5112.short,1,16S rRNA,V4,81,1,,,,,,
SRR2143546,AMPLICON,502,31004524,PRJNA290926,SAMN03939398,"MIMARKS.survey,MIGS/MIMS/MIMARKS.human-gut",20135030,UNIVERSITY OF MICHIGAN,NA,public,"fastq,sra,run.zq","ncbi,gs,s3","s3.us-east-1,ncbi.public,gs.us-east1",human stool sample,human body,gut,feces,SRX1132107,USA,North America,USA,Homo sapiens,454 GS,NA,2065651_S14_L001_R1_001.fastq.2065651,PAIRED,PCR,METAGENOMIC,human gut metagenome,metagenome,LS454,2015-08-09T00:00:00Z,2015-08-04T14:22:00Z,1,-80C,2065651,2065651,Illumina MiSeq,SRP062005,0,76,0,0,23,NA,Uchime,0,0,adv Adenoma,0,0,male,177,0,1,0,paired-end,0,0,0,0,http://aem.asm.org/content/79/17/5112/suppl/DCSupplemental,FWD:GTGCCAGCMGCCGCGGTAA; REV:GGACTACHVGGGTWTCTAAT,toilet hat,http://aem.asm.org/content/79/17/5112.short,0,16S rRNA,V4,72,1,,,,,,
SRR2143547,AMPLICON,502,51384218,PRJNA290926,SAMN03939399,"MIMARKS.survey,MIGS/MIMS/MIMARKS.human-gut",37985125,UNIVERSITY OF MICHIGAN,NA,public,"sra,run.zq,fastq","ncbi,s3,gs","gs.us-east1,s3.us-east-1,ncbi.public",human stool sample,human body,gut,feces,SRX1132108,USA,North America,USA,Homo sapiens,454 GS,NA,2067650_S104_L001_R1_001.fastq.2067650,PAIRED,PCR,METAGENOMIC,human gut metagenome,metagenome,LS454,2015-08-09T00:00:00Z,2015-08-04T14:22:00Z,1,-80C,2067650,2067650,Illumina MiSeq,SRP062005,0,69,0,0,29.8,NA,Uchime,0,0,Adenoma,0,21,female,165,0,1,0,paired-end,0,0,0,0,http://aem.asm.org/content/79/17/5112/suppl/DCSupplemental,FWD:GTGCCAGCMGCCGCGGTAA; REV:GGACTACHVGGGTWTCTAAT,toilet hat,http://aem.asm.org/content/79/17/5112.short,0,16S rRNA,V4,81,1,,,,,,
SRR2143548,AMPLICON,502,23784258,PRJNA290926,SAMN03939400,"MIMARKS.survey,MIGS/MIMS/MIMARKS.human-gut",17831186,UNIVERSITY OF MICHIGAN,NA,public,"run.zq,fastq,sra","s3,gs,ncbi","ncbi.public,gs.us-east1,s3.us-east-1",human stool sample,human body,gut,feces,SRX1132109,USA,North America,USA,Homo sapiens,454 GS,NA,2071650_S41_L001_R1_001.fastq.2071650,PAIRED,PCR,METAGENOMIC,human gut metagenome,metagenome,LS454,2015-08-09T00:00:00Z,2015-08-04T14:21:00Z,1,-80C,2071650,2071650,Illumina MiSeq,SRP062005,0,52,0,0,18.3,NA,Uchime,0,0,High Risk Normal,0,0,female,172,1,1,0,paired-end,0,0,0,0,http://aem.asm.org/content/79/17/5112/suppl/DCSupplemental,FWD:GTGCCAGCMGCCGCGGTAA; REV:GGACTACHVGGGTWTCTAAT,toilet hat,http://aem.asm.org/content/79/17/5112.short,1,16S rRNA,V4,54,1,,,,,,
SRR2143549,AMPLICON,502,30422706,PRJNA290926,SAMN03939401,"MIMARKS.survey,MIGS/MIMS/MIMARKS.human-gut",20285428,UNIVERSITY OF MICHIGAN,NA,public,"run.zq,fastq,sra","s3,gs,ncbi","ncbi.public,s3.us-east-1,gs.us-east1",human stool sample,human body,gut,feces,SRX1132110,USA,North America,USA,Homo sapiens,454 GS,NA,2073650_S55_L001_R1_001.fastq.2073650,PAIRED,PCR,METAGENOMIC,human gut metagenome,metagenome,LS454,2015-08-09T00:00:00Z,2015-08-04T14:22:00Z,1,-80C,2073650,2073650,Illumina MiSeq,SRP062005,0,49,0,0,26.4,NA,Uchime,0,0,High Risk Normal,0,0,female,152,0,1,0,paired-end,0,0,0,0,http://aem.asm.org/content/79/17/5112/suppl/DCSupplemental,FWD:GTGCCAGCMGCCGCGGTAA; REV:GGACTACHVGGGTWTCTAAT,toilet hat,http://aem.asm.org/content/79/17/5112.short,0,16S rRNA,V4,61,1,,,,,,
SRR2143550,AMPLICON,502,2930676,PRJNA290926,SAMN03939402,"MIMARKS.survey,MIGS/MIMS/MIMARKS.human-gut",2224690,UNIVERSITY OF MICHIGAN,NA,public,"run.zq,sra","ncbi,gs,s3","ncbi.public,s3.us-east-1,gs.us-east1",human stool sample,human body,gut,feces,SRX1132111,USA,North America,USA,Homo sapiens,Illumina MiSeq,NA,2075650_S159_L001_R1_001.fastq.2075650,PAIRED,PCR,METAGENOMIC,human gut metagenome,metagenome,ILLUMINA,2015-08-09T00:00:00Z,2015-08-04T14:21:00Z,1,-80C,2075650,2075650,Illumina MiSeq,SRP062005,0,53,0,1,28.6,NA,Uchime,1,1,Adenoma,0,0,male,187,0,1,0,paired-end,0,1,0,0,http://aem.asm.org/content/79/17/5112/suppl/DCSupplemental,FWD:GTGCCAGCMGCCGCGGTAA; REV:GGACTACHVGGGTWTCTAAT,toilet hat,http://aem.asm.org/content/79/17/5112.short,0,16S rRNA,V4,100,0,,,,,,
SRR2143551,AMPLICON,502,68474306,PRJNA290926,SAMN03939402,"MIMARKS.survey,MIGS/MIMS/MIMARKS.human-gut",42817319,UNIVERSITY OF MICHIGAN,NA,public,"run.zq,sra","gs,s3,ncbi","s3.us-east-1,gs.us-east1,ncbi.public",human stool sample,human body,gut,feces,SRX1132112,USA,North America,USA,Homo sapiens,Illumina MiSeq,NA,2075650_S69_L001_R1_001.fastq.2075650,PAIRED,PCR,METAGENOMIC,human gut metagenome,metagenome,ILLUMINA,2015-08-09T00:00:00Z,2015-08-04T14:21:00Z,1,-80C,2075650,2075650,Illumina MiSeq,SRP062005,0,53,0,1,28.6,NA,Uchime,1,1,Adenoma,0,0,male,187,0,1,0,paired-end,0,1,0,0,http://aem.asm.org/content/79/17/5112/suppl/DCSupplemental,FWD:GTGCCAGCMGCCGCGGTAA; REV:GGACTACHVGGGTWTCTAAT,toilet hat,http://aem.asm.org/content/79/17/5112.short,0,16S rRNA,V4,100,0,,,,,,
SRR2143552,AMPLICON,502,42082660,PRJNA290926,SAMN03939403,"MIMARKS.survey,MIGS/MIMS/MIMARKS.human-gut",27505400,UNIVERSITY OF MICHIGAN,NA,public,"run.zq,fastq,sra","gs,ncbi,s3","ncbi.public,gs.us-east1,s3.us-east-1",human stool sample,human body,gut,feces,SRX1132113,USA,North America,USA,Homo sapiens,454 GS,NA,2077653_S139_L001_R1_001.fastq.2077653,PAIRED,PCR,METAGENOMIC,human gut metagenome,metagenome,LS454,2015-08-09T00:00:00Z,2015-08-04T14:22:00Z,1,-80C,2077653,2077653,Illumina MiSeq,SRP062005,0,39,0,0,23.2,NA,Uchime,0,0,Normal,0,0,female,162,0,0,0,paired-end,0,0,0,0,http://aem.asm.org/content/79/17/5112/suppl/DCSupplemental,FWD:GTGCCAGCMGCCGCGGTAA; REV:GGACTACHVGGGTWTCTAAT,toilet hat,http://aem.asm.org/content/79/17/5112.short,0,16S rRNA,V4,61,1,,,,,,
SRR2143553,AMPLICON,502,33112924,PRJNA290926,SAMN03939404,"MIMARKS.survey,MIGS/MIMS/MIMARKS.human-gut",22044855,UNIVERSITY OF MICHIGAN,NA,public,"run.zq,sra,fastq","ncbi,gs,s3","ncbi.public,gs.us-east1,s3.us-east-1",human stool sample,human body,gut,feces,SRX1132114,USA,North America,USA,Homo sapiens,454 GS,NA,2081660_S29_L001_R1_001.fastq.2081660,PAIRED,PCR,METAGENOMIC,human gut metagenome,metagenome,LS454,2015-08-09T00:00:00Z,2015-08-04T14:22:00Z,1,-80C,2081660,2081660,Illumina MiSeq,SRP062005,0,43,0,0,24.2,NA,Uchime,0,0,High Risk Normal,0,0,female,175,1,1,0,paired-end,0,0,0,0,http://aem.asm.org/content/79/17/5112/suppl/DCSupplemental,FWD:GTGCCAGCMGCCGCGGTAA; REV:GGACTACHVGGGTWTCTAAT,toilet hat,http://aem.asm.org/content/79/17/5112.short,1,16S rRNA,V4,74,1,,,,,,
SRR2143554,AMPLICON,502,19665850,PRJNA290926,SAMN03939405,"MIMARKS.survey,MIGS/MIMS/MIMARKS.human-gut",14686628,UNIVERSITY OF MICHIGAN,NA,public,"fastq,sra,run.zq","gs,ncbi,s3","gs.us-east1,s3.us-east-1,ncbi.public",human stool sample,human body,gut,feces,SRX1132115,USA,North America,USA,Homo sapiens,454 GS,NA,2083650_S42_L001_R1_001.fastq.2083650,PAIRED,PCR,METAGENOMIC,human gut metagenome,metagenome,LS454,2015-08-09T00:00:00Z,2015-08-04T14:21:00Z,1,-80C,2083650,2083650,Illumina MiSeq,SRP062005,0,29,0,0,17.9,NA,Uchime,0,0,High Risk Normal,0,0,female,162,1,0,0,paired-end,0,0,0,0,http://aem.asm.org/content/79/17/5112/suppl/DCSupplemental,FWD:GTGCCAGCMGCCGCGGTAA; REV:GGACTACHVGGGTWTCTAAT,toilet hat,http://aem.asm.org/content/79/17/5112.short,0,16S rRNA,V4,47,1,,,,,,
SRR2143555,AMPLICON,502,36960754,PRJNA290926,SAMN03939406,"MIMARKS.survey,MIGS/MIMS/MIMARKS.human-gut",24862612,UNIVERSITY OF MICHIGAN,NA,public,"sra,run.zq,fastq","gs,ncbi,s3","gs.us-east1,ncbi.public,s3.us-east-1",human stool sample,human body,gut,feces,SRX1132116,USA,North America,USA,Homo sapiens,454 GS,NA,2085653_S140_L001_R1_001.fastq.2085653,PAIRED,PCR,METAGENOMIC,human gut metagenome,metagenome,LS454,2015-08-09T00:00:00Z,2015-08-04T14:22:00Z,1,-80C,2085653,2085653,Illumina MiSeq,SRP062005,0,32,0,0,35.3,NA,Uchime,0,0,Normal,0,7,female,170,0,0,0,paired-end,0,1,0,0,http://aem.asm.org/content/79/17/5112/suppl/DCSupplemental,FWD:GTGCCAGCMGCCGCGGTAA; REV:GGACTACHVGGGTWTCTAAT,toilet hat,http://aem.asm.org/content/79/17/5112.short,0,16S rRNA,V4,102,1,,,,,,
SRR2143556,AMPLICON,502,16776338,PRJNA290926,SAMN03939407,"MIMARKS.survey,MIGS/MIMS/MIMARKS.human-gut",12513960,UNIVERSITY OF MICHIGAN,NA,public,"fastq,sra,run.zq","s3,gs,ncbi","ncbi.public,gs.us-east1,s3.us-east-1",human stool sample,human body,gut,feces,SRX1132117,USA,North America,USA,Homo sapiens,454 GS,NA,2087650_S45_L001_R1_001.fastq.2087650,PAIRED,PCR,METAGENOMIC,human gut metagenome,metagenome,LS454,2015-08-09T00:00:00Z,2015-08-04T14:21:00Z,1,-80C,2087650,2087650,Illumina MiSeq,SRP062005,0,35,0,0,32.8,NA,Uchime,0,0,High Risk Normal,0,5,female,162,0,1,1,paired-end,0,0,0,0,http://aem.asm.org/content/79/17/5112/suppl/DCSupplemental,FWD:GTGCCAGCMGCCGCGGTAA; REV:GGACTACHVGGGTWTCTAAT,toilet hat,http://aem.asm.org/content/79/17/5112.short,0,16S rRNA,V4,86,1,,,,,,
SRR2143557,AMPLICON,502,13151898,PRJNA290926,SAMN03939408,"MIMARKS.survey,MIGS/MIMS/MIMARKS.human-gut",9785218,UNIVERSITY OF MICHIGAN,NA,public,"sra,fastq,run.zq","gs,ncbi,s3","gs.us-east1,ncbi.public,s3.us-east-1",human stool sample,human body,gut,feces,SRX1132118,USA,North America,USA,Homo sapiens,454 GS,NA,2093650_S161_L001_R1_001.fastq.2093650,PAIRED,PCR,METAGENOMIC,human gut metagenome,metagenome,LS454,2015-08-09T00:00:00Z,2015-08-04T14:21:00Z,1,-80C,2093650,2093650,Illumina MiSeq,SRP062005,0,42,0,0,27.3,NA,Uchime,0,0,Normal,0,286,male,167,0,0,1,paired-end,0,0,0,0,http://aem.asm.org/content/79/17/5112/suppl/DCSupplemental,FWD:GTGCCAGCMGCCGCGGTAA; REV:GGACTACHVGGGTWTCTAAT,toilet hat,http://aem.asm.org/content/79/17/5112.short,0,16S rRNA,V4,76,1,,,,,,
SRR2143558,AMPLICON,502,20766234,PRJNA290926,SAMN03939409,"MIMARKS.survey,MIGS/MIMS/MIMARKS.human-gut",13674133,UNIVERSITY OF MICHIGAN,NA,public,"sra,run.zq,fastq","s3,ncbi,gs","s3.us-east-1,gs.us-east1,ncbi.public",human stool sample,human body,gut,feces,SRX1132119,USA,North America,USA,Homo sapiens,454 GS,NA,2097653_S135_L001_R1_001.fastq.2097653,PAIRED,PCR,METAGENOMIC,human gut metagenome,metagenome,LS454,2015-08-09T00:00:00Z,2015-08-04T14:22:00Z,1,-80C,2097653,2097653,Illumina MiSeq,SRP062005,0,51,0,0,24.3,NA,Uchime,0,0,Normal,0,0,male,177,0,0,0,paired-end,0,0,0,0,http://aem.asm.org/content/79/17/5112/suppl/DCSupplemental,FWD:GTGCCAGCMGCCGCGGTAA; REV:GGACTACHVGGGTWTCTAAT,toilet hat,http://aem.asm.org/content/79/17/5112.short,0,16S rRNA,V4,76,1,,,,,,
SRR2143559,AMPLICON,502,22294322,PRJNA290926,SAMN03939410,"MIMARKS.survey,MIGS/MIMS/MIMARKS.human-gut",16484277,UNIVERSITY OF MICHIGAN,NA,public,"run.zq,sra,fastq","s3,gs,ncbi","ncbi.public,gs.us-east1,s3.us-east-1",human stool sample,human body,gut,feces,SRX1132120,USA,North America,USA,Homo sapiens,454 GS,NA,2103650_S3_L001_R1_001.fastq.2103650,PAIRED,PCR,METAGENOMIC,human gut metagenome,metagenome,LS454,2015-08-09T00:00:00Z,2015-08-04T14:21:00Z,1,-80C,2103650,2103650,Illumina MiSeq,SRP062005,0,59,0,0,27.3,NA,Uchime,0,0,Normal,0,0,female,152,0,1,0,paired-end,0,0,0,0,http://aem.asm.org/content/79/17/5112/suppl/DCSupplemental,FWD:GTGCCAGCMGCCGCGGTAA; REV:GGACTACHVGGGTWTCTAAT,toilet hat,http://aem.asm.org/content/79/17/5112.short,1,16S rRNA,V4,63,1,,,,,,
SRR2143560,AMPLICON,502,20397264,PRJNA290926,SAMN03939411,"MIMARKS.survey,MIGS/MIMS/MIMARKS.human-gut",13569204,UNIVERSITY OF MICHIGAN,NA,public,"sra,run.zq,fastq","ncbi,s3,gs","s3.us-east-1,gs.us-east1,ncbi.public",human stool sample,human body,gut,feces,SRX1132121,USA,North America,USA,Homo sapiens,454 GS,NA,2105652_S186_L001_R1_001.fastq.2105652,PAIRED,PCR,METAGENOMIC,human gut metagenome,metagenome,LS454,2015-08-09T00:00:00Z,2015-08-04T14:20:00Z,1,-80C,2105652,2105652,Illumina MiSeq,SRP062005,0,49,0,0,27,NA,Uchime,0,0,Normal,0,314,male,172,0,0,0,paired-end,0,0,0,0,http://aem.asm.org/content/79/17/5112/suppl/DCSupplemental,FWD:GTGCCAGCMGCCGCGGTAA; REV:GGACTACHVGGGTWTCTAAT,toilet hat,http://aem.asm.org/content/79/17/5112.short,0,16S rRNA,V4,80,1,,,,,,
SRR2143561,AMPLICON,502,7711222,PRJNA290926,SAMN03939412,"MIMARKS.survey,MIGS/MIMS/MIMARKS.human-gut",5116162,UNIVERSITY OF MICHIGAN,NA,public,"run.zq,fastq,sra","gs,ncbi,s3","ncbi.public,gs.us-east1,s3.us-east-1",human stool sample,human body,gut,feces,SRX1132122,USA,North America,USA,Homo sapiens,454 GS,NA,2107650_S163_L001_R1_001.fastq.2107650,PAIRED,PCR,METAGENOMIC,human gut metagenome,metagenome,LS454,2015-08-09T00:00:00Z,2015-08-04T14:20:00Z,1,-80C,2107650,2107650,Illumina MiSeq,SRP062005,0,77,0,0,31.6,NA,Uchime,0,1,High Risk Normal,0,0,female,165,0,1,0,paired-end,0,0,0,0,http://aem.asm.org/content/79/17/5112/suppl/DCSupplemental,FWD:GTGCCAGCMGCCGCGGTAA; REV:GGACTACHVGGGTWTCTAAT,toilet hat,http://aem.asm.org/content/79/17/5112.short,0,16S rRNA,V4,86,1,,,,,,
SRR2143562,AMPLICON,502,39065640,PRJNA290926,SAMN03939413,"MIMARKS.survey,MIGS/MIMS/MIMARKS.human-gut",25841073,UNIVERSITY OF MICHIGAN,NA,public,"sra,fastq,run.zq","ncbi,gs,s3","s3.us-east-1,ncbi.public,gs.us-east1",human stool sample,human body,gut,feces,SRX1132123,USA,North America,USA,Homo sapiens,454 GS,NA,2109653_S129_L001_R1_001.fastq.2109653,PAIRED,PCR,METAGENOMIC,human gut metagenome,metagenome,LS454,2015-08-09T00:00:00Z,2015-08-04T14:21:00Z,1,-80C,2109653,2109653,Illumina MiSeq,SRP062005,0,48,0,0,40.9,NA,Uchime,0,0,Normal,0,0,female,172,0,0,1,paired-end,0,0,0,0,http://aem.asm.org/content/79/17/5112/suppl/DCSupplemental,FWD:GTGCCAGCMGCCGCGGTAA; REV:GGACTACHVGGGTWTCTAAT,toilet hat,http://aem.asm.org/content/79/17/5112.short,1,16S rRNA,V4,121,1,,,,,,
SRR2143563,AMPLICON,502,16803446,PRJNA290926,SAMN03939414,"MIMARKS.survey,MIGS/MIMS/MIMARKS.human-gut",10898327,UNIVERSITY OF MICHIGAN,NA,public,"run.zq,sra","ncbi,gs,s3","s3.us-east-1,ncbi.public,gs.us-east1",human stool sample,human body,gut,feces,SRX1132124,USA,North America,USA,Homo sapiens,Illumina MiSeq,NA,2113670_S128_L001_R1_001.fastq.2113670,PAIRED,PCR,METAGENOMIC,human gut metagenome,metagenome,ILLUMINA,2015-08-09T00:00:00Z,2015-08-04T14:21:00Z,1,-80C,2113670,2113670,Illumina MiSeq,SRP062005,0,61,0,0,26.1,NA,Uchime,0,0,Adenoma,0,10,female,175,0,1,0,paired-end,0,0,0,0,http://aem.asm.org/content/79/17/5112/suppl/DCSupplemental,FWD:GTGCCAGCMGCCGCGGTAA; REV:GGACTACHVGGGTWTCTAAT,toilet hat,http://aem.asm.org/content/79/17/5112.short,1,16S rRNA,V4,80,1,,,,,,
SRR2143564,AMPLICON,502,15648344,PRJNA290926,SAMN03939415,"MIMARKS.survey,MIGS/MIMS/MIMARKS.human-gut",11658584,UNIVERSITY OF MICHIGAN,NA,public,"run.zq,fastq,sra","s3,ncbi,gs","s3.us-east-1,ncbi.public,gs.us-east1",human stool sample,human body,gut,feces,SRX1132125,USA,North America,USA,Homo sapiens,454 GS,NA,2115650_S64_L001_R1_001.fastq.2115650,PAIRED,PCR,METAGENOMIC,human gut metagenome,metagenome,LS454,2015-08-09T00:00:00Z,2015-08-04T14:21:00Z,1,-80C,2115650,2115650,Illumina MiSeq,SRP062005,0,37,0,0,33.5,NA,Uchime,0,0,High Risk Normal,0,0,female,162,0,1,0,paired-end,0,0,0,0,http://aem.asm.org/content/79/17/5112/suppl/DCSupplemental,FWD:GTGCCAGCMGCCGCGGTAA; REV:GGACTACHVGGGTWTCTAAT,toilet hat,http://aem.asm.org/content/79/17/5112.short,0,16S rRNA,V4,88,1,,,,,,
SRR2143565,AMPLICON,502,20870148,PRJNA290926,SAMN03939416,"MIMARKS.survey,MIGS/MIMS/MIMARKS.human-gut",13376129,UNIVERSITY OF MICHIGAN,NA,public,"sra,run.zq","ncbi,s3,gs","s3.us-east-1,ncbi.public,gs.us-east1",human stool sample,human body,gut,feces,SRX1132126,USA,North America,USA,Homo sapiens,Illumina MiSeq,NA,2117651_S27_L001_R1_001.fastq.2117651,PAIRED,PCR,METAGENOMIC,human gut metagenome,metagenome,ILLUMINA,2015-08-09T00:00:00Z,2015-08-04T14:21:00Z,1,-80C,2117651,2117651,Illumina MiSeq,SRP062005,0,68,0,0,31.4,NA,Uchime,0,0,Adenoma,0,1,male,182,0,1,0,paired-end,0,1,0,0,http://aem.asm.org/content/79/17/5112/suppl/DCSupplemental,FWD:GTGCCAGCMGCCGCGGTAA; REV:GGACTACHVGGGTWTCTAAT,toilet hat,http://aem.asm.org/content/79/17/5112.short,1,16S rRNA,V4,104,1,,,,,,
SRR2143566,AMPLICON,502,17382754,PRJNA290926,SAMN03939417,"MIMARKS.survey,MIGS/MIMS/MIMARKS.human-gut",12948698,UNIVERSITY OF MICHIGAN,NA,public,"run.zq,fastq,sra","s3,ncbi,gs","ncbi.public,gs.us-east1,s3.us-east-1",human stool sample,human body,gut,feces,SRX1132127,USA,North America,USA,Homo sapiens,454 GS,NA,2119650_S43_L001_R1_001.fastq.2119650,PAIRED,PCR,METAGENOMIC,human gut metagenome,metagenome,LS454,2015-08-09T00:00:00Z,2015-08-04T14:20:00Z,1,-80C,2119650,2119650,Illumina MiSeq,SRP062005,0,62,0,0,31.6,NA,Uchime,0,0,High Risk Normal,0,0,female,160,0,1,0,paired-end,0,0,0,0,http://aem.asm.org/content/79/17/5112/suppl/DCSupplemental,FWD:GTGCCAGCMGCCGCGGTAA; REV:GGACTACHVGGGTWTCTAAT,toilet hat,http://aem.asm.org/content/79/17/5112.short,1,16S rRNA,V4,81,1,,,,,,
SRR2143567,AMPLICON,502,17425424,PRJNA290926,SAMN03939418,"MIMARKS.survey,MIGS/MIMS/MIMARKS.human-gut",11550715,UNIVERSITY OF MICHIGAN,NA,public,"sra,run.zq","s3,ncbi,gs","gs.us-east1,s3.us-east-1,ncbi.public",human stool sample,human body,gut,feces,SRX1132128,USA,North America,USA,Homo sapiens,Illumina MiSeq,NA,2123652_S146_L001_R1_001.fastq.2123652,PAIRED,PCR,METAGENOMIC,human gut metagenome,metagenome,ILLUMINA,2015-08-09T00:00:00Z,2015-08-04T14:21:00Z,1,-80C,2123652,2123652,Illumina MiSeq,SRP062005,0,51,0,0,28.1,NA,Uchime,0,0,Adenoma,0,0,male,177,0,0,0,paired-end,0,1,0,0,http://aem.asm.org/content/79/17/5112/suppl/DCSupplemental,FWD:GTGCCAGCMGCCGCGGTAA; REV:GGACTACHVGGGTWTCTAAT,toilet hat,http://aem.asm.org/content/79/17/5112.short,1,16S rRNA,V4,88,1,,,,,,
SRR2143568,AMPLICON,502,14341136,PRJNA290926,SAMN03939419,"MIMARKS.survey,MIGS/MIMS/MIMARKS.human-gut",10740265,UNIVERSITY OF MICHIGAN,NA,public,"run.zq,sra","ncbi,s3,gs","gs.us-east1,s3.us-east-1,ncbi.public",human stool sample,human body,gut,feces,SRX1132129,USA,North America,USA,Homo sapiens,Illumina MiSeq,NA,2125650_S44_L001_R1_001.fastq.2125650,PAIRED,PCR,METAGENOMIC,human gut metagenome,metagenome,ILLUMINA,2015-08-09T00:00:00Z,2015-08-04T14:20:00Z,1,-80C,2125650,2125650,Illumina MiSeq,SRP062005,0,68,0,0,23.2,NA,Uchime,0,0,Adenoma,0,0,female,182,0,1,0,paired-end,0,0,0,0,http://aem.asm.org/content/79/17/5112/suppl/DCSupplemental,FWD:GTGCCAGCMGCCGCGGTAA; REV:GGACTACHVGGGTWTCTAAT,toilet hat,http://aem.asm.org/content/79/17/5112.short,1,16S rRNA,V4,77,1,,,,,,
SRR2143569,AMPLICON,502,29669706,PRJNA290926,SAMN03939420,"MIMARKS.survey,MIGS/MIMS/MIMARKS.human-gut",22187197,UNIVERSITY OF MICHIGAN,NA,public,"sra,run.zq","ncbi,s3,gs","gs.us-east1,s3.us-east-1,ncbi.public",human stool sample,human body,gut,feces,SRX1132130,USA,North America,USA,Homo sapiens,Illumina MiSeq,NA,2127650_S80_L001_R1_001.fastq.2127650,PAIRED,PCR,METAGENOMIC,human gut metagenome,metagenome,ILLUMINA,2015-08-09T00:00:00Z,2015-08-04T14:20:00Z,1,-80C,2127650,2127650,Illumina MiSeq,SRP062005,0,68,0,0,36.4,NA,Uchime,0,0,Adenoma,0,0,male,180,0,1,0,paired-end,0,0,0,0,http://aem.asm.org/content/79/17/5112/suppl/DCSupplemental,FWD:GTGCCAGCMGCCGCGGTAA; REV:GGACTACHVGGGTWTCTAAT,toilet hat,http://aem.asm.org/content/79/17/5112.short,0,16S rRNA,V4,118,1,,,,,,
SRR2143570,AMPLICON,502,19876690,PRJNA290926,SAMN03939421,"MIMARKS.survey,MIGS/MIMS/MIMARKS.human-gut",12922582,UNIVERSITY OF MICHIGAN,NA,public,"fastq,run.zq,sra","gs,ncbi,s3","s3.us-east-1,gs.us-east1,ncbi.public",human stool sample,human body,gut,feces,SRX1132131,USA,North America,USA,Homo sapiens,454 GS,NA,2129660_S130_L001_R1_001.fastq.2129660,PAIRED,PCR,METAGENOMIC,human gut metagenome,metagenome,LS454,2015-08-09T00:00:00Z,2015-08-04T14:20:00Z,1,-80C,2129660,2129660,Illumina MiSeq,SRP062005,0,57,0,1,23.5,NA,Uchime,1,1,High Risk Normal,0,0,male,182,0,1,0,paired-end,0,0,0,0,http://aem.asm.org/content/79/17/5112/suppl/DCSupplemental,FWD:GTGCCAGCMGCCGCGGTAA; REV:GGACTACHVGGGTWTCTAAT,toilet hat,http://aem.asm.org/content/79/17/5112.short,0,16S rRNA,V4,78,0,,,,,,
SRR2143572,AMPLICON,502,22327956,PRJNA290926,SAMN03939422,"MIMARKS.survey,MIGS/MIMS/MIMARKS.human-gut",16494773,UNIVERSITY OF MICHIGAN,NA,public,"sra,run.zq","gs,ncbi,s3","ncbi.public,s3.us-east-1,gs.us-east1",human stool sample,human body,gut,feces,SRX1132132,USA,North America,USA,Homo sapiens,Illumina MiSeq,NA,2131650_S20_L001_R1_001.fastq.2131650,PAIRED,PCR,METAGENOMIC,human gut metagenome,metagenome,ILLUMINA,2015-08-09T00:00:00Z,2015-08-04T14:20:00Z,1,-80C,2131650,2131650,Illumina MiSeq,SRP062005,0,60,0,0,30.9,NA,Uchime,0,0,Adenoma,0,0,female,165,0,1,0,paired-end,0,0,0,0,http://aem.asm.org/content/79/17/5112/suppl/DCSupplemental,FWD:GTGCCAGCMGCCGCGGTAA; REV:GGACTACHVGGGTWTCTAAT,toilet hat,http://aem.asm.org/content/79/17/5112.short,0,16S rRNA,V4,84,1,,,,,,
SRR2143573,AMPLICON,502,35856354,PRJNA290926,SAMN03939423,"MIMARKS.survey,MIGS/MIMS/MIMARKS.human-gut",22582947,UNIVERSITY OF MICHIGAN,NA,public,"sra,run.zq,fastq","ncbi,gs,s3","gs.us-east1,s3.us-east-1,ncbi.public",human stool sample,human body,gut,feces,SRX1132133,USA,North America,USA,Homo sapiens,454 GS,NA,2133650_S1_L001_R1_001.fastq.2133650,PAIRED,PCR,METAGENOMIC,human gut metagenome,metagenome,LS454,2015-08-09T00:00:00Z,2015-08-04T14:19:00Z,1,-80C,2133650,2133650,Illumina MiSeq,SRP062005,0,55,0,0,34.3,NA,Uchime,0,1,adv Adenoma,0,0,male,187,0,1,0,paired-end,0,0,0,0,http://aem.asm.org/content/79/17/5112/suppl/DCSupplemental,FWD:GTGCCAGCMGCCGCGGTAA; REV:GGACTACHVGGGTWTCTAAT,toilet hat,http://aem.asm.org/content/79/17/5112.short,1,16S rRNA,V4,120,1,,,,,,
SRR2143574,AMPLICON,502,73727736,PRJNA290926,SAMN03939424,"MIMARKS.survey,MIGS/MIMS/MIMARKS.human-gut",46046380,UNIVERSITY OF MICHIGAN,NA,public,"run.zq,fastq,sra","ncbi,gs,s3","s3.us-east-1,ncbi.public,gs.us-east1",human stool sample,human body,gut,feces,SRX1132134,USA,North America,USA,Homo sapiens,454 GS,NA,2137650_S25_L001_R1_001.fastq.2137650,PAIRED,PCR,METAGENOMIC,human gut metagenome,metagenome,LS454,2015-08-09T00:00:00Z,2015-08-04T14:19:00Z,1,-80C,2137650,2137650,Illumina MiSeq,SRP062005,0,52,0,0,33.2,NA,Uchime,0,0,High Risk Normal,0,0,female,170,1,0,0,paired-end,0,0,0,0,http://aem.asm.org/content/79/17/5112/suppl/DCSupplemental,FWD:GTGCCAGCMGCCGCGGTAA; REV:GGACTACHVGGGTWTCTAAT,toilet hat,http://aem.asm.org/content/79/17/5112.short,0,16S rRNA,V4,96,1,,,,,,
SRR2143575,AMPLICON,502,38307118,PRJNA290926,SAMN03939425,"MIMARKS.survey,MIGS/MIMS/MIMARKS.human-gut",28338949,UNIVERSITY OF MICHIGAN,NA,public,"sra,run.zq","s3,ncbi,gs","gs.us-east1,s3.us-east-1,ncbi.public",human stool sample,human body,gut,feces,SRX1132135,USA,North America,USA,Homo sapiens,Illumina MiSeq,NA,2139650_S9_L001_R1_001.fastq.2139650,PAIRED,PCR,METAGENOMIC,human gut metagenome,metagenome,ILLUMINA,2015-08-09T00:00:00Z,2015-08-04T14:19:00Z,1,-80C,2139650,2139650,Illumina MiSeq,SRP062005,0,65,0,0,22.3,NA,Uchime,0,0,adv Adenoma,0,0,female,160,0,1,0,paired-end,0,0,0,0,http://aem.asm.org/content/79/17/5112/suppl/DCSupplemental,FWD:GTGCCAGCMGCCGCGGTAA; REV:GGACTACHVGGGTWTCTAAT,toilet hat,http://aem.asm.org/content/79/17/5112.short,1,16S rRNA,V4,57,1,,,,,,
SRR2143576,AMPLICON,502,51334018,PRJNA290926,SAMN03939426,"MIMARKS.survey,MIGS/MIMS/MIMARKS.human-gut",32250552,UNIVERSITY OF MICHIGAN,NA,public,"run.zq,sra,fastq","s3,gs,ncbi","gs.us-east1,s3.us-east-1,ncbi.public",human stool sample,human body,gut,feces,SRX1132136,USA,North America,USA,Homo sapiens,454 GS,NA,2143653_S75_L001_R1_001.fastq.2143653,PAIRED,PCR,METAGENOMIC,human gut metagenome,metagenome,LS454,2015-08-09T00:00:00Z,2015-08-04T14:18:00Z,1,-80C,2143653,2143653,Illumina MiSeq,SRP062005,0,64,0,0,21.6,NA,Uchime,0,0,adv Adenoma,0,0,male,180,1,1,0,paired-end,0,0,0,0,http://aem.asm.org/content/79/17/5112/suppl/DCSupplemental,FWD:GTGCCAGCMGCCGCGGTAA; REV:GGACTACHVGGGTWTCTAAT,toilet hat,http://aem.asm.org/content/79/17/5112.short,0,16S rRNA,V4,70,1,,,,,,
SRR2143577,AMPLICON,502,33647052,PRJNA290926,SAMN03939427,"MIMARKS.survey,MIGS/MIMS/MIMARKS.human-gut",21911403,UNIVERSITY OF MICHIGAN,NA,public,"run.zq,fastq,sra","s3,ncbi,gs","gs.us-east1,ncbi.public,s3.us-east-1",human stool sample,human body,gut,feces,SRX1132137,USA,North America,USA,Homo sapiens,454 GS,NA,2145660_S112_L001_R1_001.fastq.2145660,PAIRED,PCR,METAGENOMIC,human gut metagenome,metagenome,LS454,2015-08-09T00:00:00Z,2015-08-04T14:18:00Z,1,-80C,2145660,2145660,Illumina MiSeq,SRP062005,0,62,0,0,27.2,NA,Uchime,0,0,Normal,0,0,male,182,0,1,0,paired-end,0,0,0,0,http://aem.asm.org/content/79/17/5112/suppl/DCSupplemental,FWD:GTGCCAGCMGCCGCGGTAA; REV:GGACTACHVGGGTWTCTAAT,toilet hat,http://aem.asm.org/content/79/17/5112.short,1,16S rRNA,V4,90,1,,,,,,
SRR2143578,AMPLICON,502,39019456,PRJNA290926,SAMN03939428,"MIMARKS.survey,MIGS/MIMS/MIMARKS.human-gut",25296042,UNIVERSITY OF MICHIGAN,NA,public,"fastq,sra,run.zq","gs,ncbi,s3","s3.us-east-1,gs.us-east1,ncbi.public",human stool sample,human body,gut,feces,SRX1132138,USA,North America,USA,Homo sapiens,454 GS,NA,2147680_S129_L001_R1_001.fastq.2147680,PAIRED,PCR,METAGENOMIC,human gut metagenome,metagenome,LS454,2015-08-09T00:00:00Z,2015-08-04T14:19:00Z,1,-80C,2147680,2147680,Illumina MiSeq,SRP062005,0,55,0,0,35.9,NA,Uchime,1,1,Normal,0,0,female,152,0,1,0,paired-end,0,0,0,0,http://aem.asm.org/content/79/17/5112/suppl/DCSupplemental,FWD:GTGCCAGCMGCCGCGGTAA; REV:GGACTACHVGGGTWTCTAAT,toilet hat,http://aem.asm.org/content/79/17/5112.short,1,16S rRNA,V4,83,1,,,,,,
SRR2143579,AMPLICON,502,4693198,PRJNA290926,SAMN03939429,"MIMARKS.survey,MIGS/MIMS/MIMARKS.human-gut",3528733,UNIVERSITY OF MICHIGAN,NA,public,"sra,fastq,run.zq","gs,ncbi,s3","s3.us-east-1,ncbi.public,gs.us-east1",human stool sample,human body,gut,feces,SRX1132139,USA,North America,USA,Homo sapiens,454 GS,NA,2149650_S110_L001_R1_001.fastq.2149650,PAIRED,PCR,METAGENOMIC,human gut metagenome,metagenome,LS454,2015-08-09T00:00:00Z,2015-08-04T14:18:00Z,1,-80C,2149650,2149650,Illumina MiSeq,SRP062005,0,44,0,0,21.9,NA,Uchime,0,0,Normal,0,0,female,167,0,1,0,paired-end,0,0,0,0,http://aem.asm.org/content/79/17/5112/suppl/DCSupplemental,FWD:GTGCCAGCMGCCGCGGTAA; REV:GGACTACHVGGGTWTCTAAT,toilet hat,http://aem.asm.org/content/79/17/5112.short,0,16S rRNA,V4,61,1,,,,,,
SRR2143580,AMPLICON,502,65882982,PRJNA290926,SAMN03939429,"MIMARKS.survey,MIGS/MIMS/MIMARKS.human-gut",41158609,UNIVERSITY OF MICHIGAN,NA,public,"run.zq,fastq,sra","ncbi,s3,gs","ncbi.public,s3.us-east-1,gs.us-east1",human stool sample,human body,gut,feces,SRX1132140,USA,North America,USA,Homo sapiens,454 GS,NA,2149650_S20_L001_R1_001.fastq.2149650,PAIRED,PCR,METAGENOMIC,human gut metagenome,metagenome,LS454,2015-08-09T00:00:00Z,2015-08-04T14:18:00Z,1,-80C,2149650,2149650,Illumina MiSeq,SRP062005,0,44,0,0,21.9,NA,Uchime,0,0,Normal,0,0,female,167,0,1,0,paired-end,0,0,0,0,http://aem.asm.org/content/79/17/5112/suppl/DCSupplemental,FWD:GTGCCAGCMGCCGCGGTAA; REV:GGACTACHVGGGTWTCTAAT,toilet hat,http://aem.asm.org/content/79/17/5112.short,0,16S rRNA,V4,61,1,,,,,,
SRR2143581,AMPLICON,502,16439998,PRJNA290926,SAMN03939430,"MIMARKS.survey,MIGS/MIMS/MIMARKS.human-gut",12193451,UNIVERSITY OF MICHIGAN,NA,public,"sra,fastq,run.zq","ncbi,gs,s3","gs.us-east1,s3.us-east-1,ncbi.public",human stool sample,human body,gut,feces,SRX1132141,USA,North America,USA,Homo sapiens,454 GS,NA,2151650_S49_L001_R1_001.fastq.2151650,PAIRED,PCR,METAGENOMIC,human gut metagenome,metagenome,LS454,2015-08-09T00:00:00Z,2015-08-04T14:18:00Z,1,-80C,2151650,2151650,Illumina MiSeq,SRP062005,0,48,0,0,26.6,NA,Uchime,0,0,High Risk Normal,0,0,male,170,1,1,0,paired-end,0,0,0,0,http://aem.asm.org/content/79/17/5112/suppl/DCSupplemental,FWD:GTGCCAGCMGCCGCGGTAA; REV:GGACTACHVGGGTWTCTAAT,toilet hat,http://aem.asm.org/content/79/17/5112.short,0,16S rRNA,V4,77,1,,,,,,
SRR2143582,AMPLICON,502,22549338,PRJNA290926,SAMN03939431,"MIMARKS.survey,MIGS/MIMS/MIMARKS.human-gut",15076075,UNIVERSITY OF MICHIGAN,NA,public,"run.zq,sra,fastq","s3,ncbi,gs","s3.us-east-1,ncbi.public,gs.us-east1",human stool sample,human body,gut,feces,SRX1132142,USA,North America,USA,Homo sapiens,454 GS,NA,2153660_S30_L001_R1_001.fastq.2153660,PAIRED,PCR,METAGENOMIC,human gut metagenome,metagenome,LS454,2015-08-09T00:00:00Z,2015-08-04T14:18:00Z,1,-80C,2153660,2153660,Illumina MiSeq,SRP062005,0,55,0,1,26.9,NA,Uchime,0,0,Adenoma,0,47,male,203,0,1,0,paired-end,0,0,0,0,http://aem.asm.org/content/79/17/5112/suppl/DCSupplemental,FWD:GTGCCAGCMGCCGCGGTAA; REV:GGACTACHVGGGTWTCTAAT,toilet hat,http://aem.asm.org/content/79/17/5112.short,1,16S rRNA,V4,111,0,,,,,,
SRR2143583,AMPLICON,502,16962580,PRJNA290926,SAMN03939432,"MIMARKS.survey,MIGS/MIMS/MIMARKS.human-gut",11075246,UNIVERSITY OF MICHIGAN,NA,public,"fastq,run.zq,sra","gs,ncbi,s3","ncbi.public,s3.us-east-1,gs.us-east1",human stool sample,human body,gut,feces,SRX1132143,USA,North America,USA,Homo sapiens,454 GS,NA,2155650_S164_L001_R1_001.fastq.2155650,PAIRED,PCR,METAGENOMIC,human gut metagenome,metagenome,LS454,2015-08-09T00:00:00Z,2015-08-04T14:18:00Z,1,-80C,2155650,2155650,Illumina MiSeq,SRP062005,0,67,0,0,30.2,NA,Uchime,0,0,Adenoma,0,0,male,182,0,1,0,paired-end,0,0,0,0,http://aem.asm.org/content/79/17/5112/suppl/DCSupplemental,FWD:GTGCCAGCMGCCGCGGTAA; REV:GGACTACHVGGGTWTCTAAT,toilet hat,http://aem.asm.org/content/79/17/5112.short,0,16S rRNA,V4,100,1,,,,,,
SRR2143584,AMPLICON,502,49278830,PRJNA290926,SAMN03939433,"MIMARKS.survey,MIGS/MIMS/MIMARKS.human-gut",32057056,UNIVERSITY OF MICHIGAN,NA,public,"run.zq,fastq,sra","s3,ncbi,gs","s3.us-east-1,ncbi.public,gs.us-east1",human stool sample,human body,gut,feces,SRX1132144,USA,North America,USA,Homo sapiens,454 GS,NA,2157660_S119_L001_R1_001.fastq.2157660,PAIRED,PCR,METAGENOMIC,human gut metagenome,metagenome,LS454,2015-08-09T00:00:00Z,2015-08-04T14:18:00Z,1,-80C,2157660,2157660,Illumina MiSeq,SRP062005,0,54,0,0,25.3,NA,Uchime,0,0,High Risk Normal,0,0,male,170,0,1,0,paired-end,0,1,0,0,http://aem.asm.org/content/79/17/5112/suppl/DCSupplemental,FWD:GTGCCAGCMGCCGCGGTAA; REV:GGACTACHVGGGTWTCTAAT,toilet hat,http://aem.asm.org/content/79/17/5112.short,1,16S rRNA,V4,73,1,,,,,,
SRR2143585,AMPLICON,502,55599512,PRJNA290926,SAMN03939434,"MIMARKS.survey,MIGS/MIMS/MIMARKS.human-gut",35574954,UNIVERSITY OF MICHIGAN,NA,public,"run.zq,sra","ncbi,gs,s3","gs.us-east1,ncbi.public,s3.us-east-1",human stool sample,human body,gut,feces,SRX1132145,USA,North America,USA,Homo sapiens,Illumina MiSeq,NA,2159650_S61_L001_R1_001.fastq.2159650,PAIRED,PCR,METAGENOMIC,human gut metagenome,metagenome,ILLUMINA,2015-08-09T00:00:00Z,2015-08-04T14:18:00Z,1,-80C,2159650,2159650,Illumina MiSeq,SRP062005,0,58,0,0,22.7,NA,Uchime,0,0,Adenoma,0,1,female,160,1,1,0,paired-end,0,0,0,0,http://aem.asm.org/content/79/17/5112/suppl/DCSupplemental,FWD:GTGCCAGCMGCCGCGGTAA; REV:GGACTACHVGGGTWTCTAAT,toilet hat,http://aem.asm.org/content/79/17/5112.short,0,16S rRNA,V4,58,1,,,,,,
SRR2143586,AMPLICON,502,16399838,PRJNA290926,SAMN03939435,"MIMARKS.survey,MIGS/MIMS/MIMARKS.human-gut",10793132,UNIVERSITY OF MICHIGAN,NA,public,"fastq,run.zq,sra","s3,ncbi,gs","gs.us-east1,s3.us-east-1,ncbi.public",human stool sample,human body,gut,feces,SRX1132146,USA,North America,USA,Homo sapiens,454 GS,NA,2161653_S137_L001_R1_001.fastq.2161653,PAIRED,PCR,METAGENOMIC,human gut metagenome,metagenome,LS454,2015-08-09T00:00:00Z,2015-08-04T14:18:00Z,1,-80C,2161653,2161653,Illumina MiSeq,SRP062005,0,55,0,0,17.9,NA,Uchime,0,0,Normal,0,0,female,167,0,0,0,paired-end,0,0,0,0,http://aem.asm.org/content/79/17/5112/suppl/DCSupplemental,FWD:GTGCCAGCMGCCGCGGTAA; REV:GGACTACHVGGGTWTCTAAT,toilet hat,http://aem.asm.org/content/79/17/5112.short,0,16S rRNA,V4,50,1,,,,,,
SRR2143587,AMPLICON,502,8406994,PRJNA290926,SAMN03939436,"MIMARKS.survey,MIGS/MIMS/MIMARKS.human-gut",5552472,UNIVERSITY OF MICHIGAN,NA,public,"sra,fastq,run.zq","s3,ncbi,gs","ncbi.public,gs.us-east1,s3.us-east-1",human stool sample,human body,gut,feces,SRX1132147,USA,North America,USA,Homo sapiens,454 GS,NA,2163653_S133_L001_R1_001.fastq.2163653,PAIRED,PCR,METAGENOMIC,human gut metagenome,metagenome,LS454,2015-08-09T00:00:00Z,2015-08-04T14:18:00Z,1,-80C,2163653,2163653,Illumina MiSeq,SRP062005,0,51,0,0,21.3,NA,Uchime,0,0,Normal,0,0,female,165,0,0,0,paired-end,0,0,0,0,http://aem.asm.org/content/79/17/5112/suppl/DCSupplemental,FWD:GTGCCAGCMGCCGCGGTAA; REV:GGACTACHVGGGTWTCTAAT,toilet hat,http://aem.asm.org/content/79/17/5112.short,0,16S rRNA,V4,58,1,,,,,,
SRR2143588,AMPLICON,502,15167930,PRJNA290926,SAMN03939437,"MIMARKS.survey,MIGS/MIMS/MIMARKS.human-gut",10220678,UNIVERSITY OF MICHIGAN,NA,public,"fastq,run.zq,sra","gs,s3,ncbi","s3.us-east-1,ncbi.public,gs.us-east1",human stool sample,human body,gut,feces,SRX1132148,USA,North America,USA,Homo sapiens,454 GS,NA,2165652_S174_L001_R1_001.fastq.2165652,PAIRED,PCR,METAGENOMIC,human gut metagenome,metagenome,LS454,2015-08-09T00:00:00Z,2015-08-04T14:18:00Z,1,-80C,2165652,2165652,Illumina MiSeq,SRP062005,0,55,0,0,20.1,NA,Uchime,0,0,Normal,0,0,female,167,0,0,0,paired-end,0,1,0,0,http://aem.asm.org/content/79/17/5112/suppl/DCSupplemental,FWD:GTGCCAGCMGCCGCGGTAA; REV:GGACTACHVGGGTWTCTAAT,toilet hat,http://aem.asm.org/content/79/17/5112.short,0,16S rRNA,V4,56,1,,,,,,
SRR2143589,AMPLICON,502,41882864,PRJNA290926,SAMN03939438,"MIMARKS.survey,MIGS/MIMS/MIMARKS.human-gut",27666631,UNIVERSITY OF MICHIGAN,NA,public,"run.zq,sra,fastq","ncbi,gs,s3","ncbi.public,gs.us-east1,s3.us-east-1",human stool sample,human body,gut,feces,SRX1132149,USA,North America,USA,Homo sapiens,454 GS,NA,2167670_S15_L001_R1_001.fastq.2167670,PAIRED,PCR,METAGENOMIC,human gut metagenome,metagenome,LS454,2015-08-09T00:00:00Z,2015-08-04T14:18:00Z,1,-80C,2167670,2167670,Illumina MiSeq,SRP062005,0,61,0,0,24.5,NA,Uchime,0,0,High Risk Normal,0,0,male,182,1,1,1,paired-end,0,1,0,0,http://aem.asm.org/content/79/17/5112/suppl/DCSupplemental,FWD:GTGCCAGCMGCCGCGGTAA; REV:GGACTACHVGGGTWTCTAAT,toilet hat,http://aem.asm.org/content/79/17/5112.short,0,16S rRNA,V4,81,1,,,,,,
SRR2143590,AMPLICON,502,11729732,PRJNA290926,SAMN03939439,"MIMARKS.survey,MIGS/MIMS/MIMARKS.human-gut",7697470,UNIVERSITY OF MICHIGAN,NA,public,"fastq,run.zq,sra","s3,ncbi,gs","s3.us-east-1,ncbi.public,gs.us-east1",human stool sample,human body,gut,feces,SRX1132150,USA,North America,USA,Homo sapiens,454 GS,NA,2169653_S134_L001_R1_001.fastq.2169653,PAIRED,PCR,METAGENOMIC,human gut metagenome,metagenome,LS454,2015-08-09T00:00:00Z,2015-08-04T14:19:00Z,1,-80C,2169653,2169653,Illumina MiSeq,SRP062005,0,56,0,0,27.5,NA,Uchime,0,0,Normal,0,0,male,177,0,0,0,paired-end,0,0,0,0,http://aem.asm.org/content/79/17/5112/suppl/DCSupplemental,FWD:GTGCCAGCMGCCGCGGTAA; REV:GGACTACHVGGGTWTCTAAT,toilet hat,http://aem.asm.org/content/79/17/5112.short,0,16S rRNA,V4,86,1,,,,,,
SRR2143591,AMPLICON,502,43101720,PRJNA290926,SAMN03939440,"MIMARKS.survey,MIGS/MIMS/MIMARKS.human-gut",28428140,UNIVERSITY OF MICHIGAN,NA,public,"run.zq,sra,fastq","s3,ncbi,gs","gs.us-east1,s3.us-east-1,ncbi.public",human stool sample,human body,gut,feces,SRX1132151,USA,North America,USA,Homo sapiens,454 GS,NA,2171690_S22_L001_R1_001.fastq.2171690,PAIRED,PCR,METAGENOMIC,human gut metagenome,metagenome,LS454,2015-08-09T00:00:00Z,2015-08-04T14:18:00Z,1,-80C,2171690,2171690,Illumina MiSeq,SRP062005,0,36,0,0,33.8,NA,Uchime,0,0,Normal,0,0,female,172,0,0,0,paired-end,0,0,0,0,http://aem.asm.org/content/79/17/5112/suppl/DCSupplemental,FWD:GTGCCAGCMGCCGCGGTAA; REV:GGACTACHVGGGTWTCTAAT,toilet hat,http://aem.asm.org/content/79/17/5112.short,1,16S rRNA,V4,100,1,,,,,,
SRR2143592,AMPLICON,502,15006286,PRJNA290926,SAMN03939441,"MIMARKS.survey,MIGS/MIMS/MIMARKS.human-gut",11236531,UNIVERSITY OF MICHIGAN,NA,public,"sra,fastq,run.zq","s3,gs,ncbi","s3.us-east-1,gs.us-east1,ncbi.public",human stool sample,human body,gut,feces,SRX1132152,USA,North America,USA,Homo sapiens,454 GS,NA,2173650_S5_L001_R1_001.fastq.2173650,PAIRED,PCR,METAGENOMIC,human gut metagenome,metagenome,LS454,2015-08-09T00:00:00Z,2015-08-04T14:18:00Z,1,-80C,2173650,2173650,Illumina MiSeq,SRP062005,0,60,0,0,23.6,NA,Uchime,0,0,Adenoma,0,0,male,177,0,0,0,paired-end,0,0,0,0,http://aem.asm.org/content/79/17/5112/suppl/DCSupplemental,FWD:GTGCCAGCMGCCGCGGTAA; REV:GGACTACHVGGGTWTCTAAT,toilet hat,http://aem.asm.org/content/79/17/5112.short,0,16S rRNA,V4,74,1,,,,,,
SRR2143593,AMPLICON,502,8510908,PRJNA290926,SAMN03939442,"MIMARKS.survey,MIGS/MIMS/MIMARKS.human-gut",5648545,UNIVERSITY OF MICHIGAN,NA,public,"sra,run.zq,fastq","gs,ncbi,s3","s3.us-east-1,ncbi.public,gs.us-east1",human stool sample,human body,gut,feces,SRX1132153,USA,North America,USA,Homo sapiens,454 GS,NA,2177653_S136_L001_R1_001.fastq.2177653,PAIRED,PCR,METAGENOMIC,human gut metagenome,metagenome,LS454,2015-08-09T00:00:00Z,2015-08-04T14:17:00Z,1,-80C,2177653,2177653,Illumina MiSeq,SRP062005,0,56,0,0,25.9,NA,Uchime,0,0,Normal,0,0,female,162,0,0,0,paired-end,0,1,0,0,http://aem.asm.org/content/79/17/5112/suppl/DCSupplemental,FWD:GTGCCAGCMGCCGCGGTAA; REV:GGACTACHVGGGTWTCTAAT,toilet hat,http://aem.asm.org/content/79/17/5112.short,0,16S rRNA,V4,68,1,,,,,,
SRR2143595,AMPLICON,502,31273596,PRJNA290926,SAMN03939443,"MIGS/MIMS/MIMARKS.human-gut,MIMARKS.survey",20856736,UNIVERSITY OF MICHIGAN,NA,public,"sra,run.zq","gs,s3,ncbi","ncbi.public,s3.us-east-1,gs.us-east1",human stool sample,human body,gut,feces,SRX1132154,USA,North America,USA,Homo sapiens,Illumina MiSeq,NA,2179650_S89_L001_R1_001.fastq.2179650,PAIRED,PCR,METAGENOMIC,human gut metagenome,metagenome,ILLUMINA,2015-08-09T00:00:00Z,2015-08-04T14:18:00Z,1,-80C,2179650,2179650,Illumina MiSeq,SRP062005,0,63,0,0,23.7,NA,Uchime,0,0,adv Adenoma,0,71,male,185,0,0,0,paired-end,0,1,0,0,http://aem.asm.org/content/79/17/5112/suppl/DCSupplemental,FWD:GTGCCAGCMGCCGCGGTAA; REV:GGACTACHVGGGTWTCTAAT,toilet hat,http://aem.asm.org/content/79/17/5112.short,1,16S rRNA,V4,81,1,,,,,,
SRR2143596,AMPLICON,502,21471042,PRJNA290926,SAMN03939444,"MIMARKS.survey,MIGS/MIMS/MIMARKS.human-gut",15983069,UNIVERSITY OF MICHIGAN,NA,public,"run.zq,sra,fastq","gs,s3,ncbi","gs.us-east1,s3.us-east-1,ncbi.public",human stool sample,human body,gut,feces,SRX1132155,USA,North America,USA,Homo sapiens,454 GS,NA,2181650_S4_L001_R1_001.fastq.2181650,PAIRED,PCR,METAGENOMIC,human gut metagenome,metagenome,LS454,2015-08-09T00:00:00Z,2015-08-04T14:18:00Z,1,-80C,2181650,2181650,Illumina MiSeq,SRP062005,0,45,0,0,29,NA,Uchime,0,0,High Risk Normal,0,0,male,193,1,0,0,paired-end,0,0,0,0,http://aem.asm.org/content/79/17/5112/suppl/DCSupplemental,FWD:GTGCCAGCMGCCGCGGTAA; REV:GGACTACHVGGGTWTCTAAT,toilet hat,http://aem.asm.org/content/79/17/5112.short,0,16S rRNA,V4,108,1,,,,,,
SRR2143597,AMPLICON,502,34441216,PRJNA290926,SAMN03939445,"MIMARKS.survey,MIGS/MIMS/MIMARKS.human-gut",25426675,UNIVERSITY OF MICHIGAN,NA,public,"fastq,sra,run.zq","gs,s3,ncbi","ncbi.public,s3.us-east-1,gs.us-east1",human stool sample,human body,gut,feces,SRX1132156,USA,North America,USA,Homo sapiens,454 GS,NA,2183650_S10_L001_R1_001.fastq.2183650,PAIRED,PCR,METAGENOMIC,human gut metagenome,metagenome,LS454,2015-08-09T00:00:00Z,2015-08-04T14:18:00Z,1,-80C,2183650,2183650,Illumina MiSeq,SRP062005,0,71,0,0,23.7,NA,Uchime,0,0,Adenoma,0,0,male,173,0,0,0,paired-end,0,0,0,0,http://aem.asm.org/content/79/17/5112/suppl/DCSupplemental,FWD:GTGCCAGCMGCCGCGGTAA; REV:GGACTACHVGGGTWTCTAAT,toilet hat,http://aem.asm.org/content/79/17/5112.short,1,16S rRNA,V4,71,1,,,,,,
SRR2143598,AMPLICON,502,58742032,PRJNA290926,SAMN03939446,"MIMARKS.survey,MIGS/MIMS/MIMARKS.human-gut",38940370,UNIVERSITY OF MICHIGAN,NA,public,"run.zq,sra","s3,ncbi,gs","s3.us-east-1,gs.us-east1,ncbi.public",human stool sample,human body,gut,feces,SRX1132157,USA,North America,USA,Homo sapiens,Illumina MiSeq,NA,2185670_S16_L001_R1_001.fastq.2185670,PAIRED,PCR,METAGENOMIC,human gut metagenome,metagenome,ILLUMINA,2015-08-09T00:00:00Z,2015-08-04T14:18:00Z,1,-80C,2185670,2185670,Illumina MiSeq,SRP062005,0,63,0,0,23.7,NA,Uchime,0,0,adv Adenoma,0,982,male,185,0,0,0,paired-end,0,1,0,0,http://aem.asm.org/content/79/17/5112/suppl/DCSupplemental,FWD:GTGCCAGCMGCCGCGGTAA; REV:GGACTACHVGGGTWTCTAAT,toilet hat,http://aem.asm.org/content/79/17/5112.short,1,16S rRNA,V4,81,1,,,,,,
SRR2143599,AMPLICON,502,15552964,PRJNA290926,SAMN03939447,"MIMARKS.survey,MIGS/MIMS/MIMARKS.human-gut",10263396,UNIVERSITY OF MICHIGAN,NA,public,"fastq,sra,run.zq","ncbi,gs,s3","s3.us-east-1,gs.us-east1,ncbi.public",human stool sample,human body,gut,feces,SRX1132158,USA,North America,USA,Homo sapiens,454 GS,NA,2187680_S100_L001_R1_001.fastq.2187680,PAIRED,PCR,METAGENOMIC,human gut metagenome,metagenome,LS454,2015-08-09T00:00:00Z,2015-08-04T14:18:00Z,1,-80C,2187680,2187680,Illumina MiSeq,SRP062005,0,78,0,0,25.3,3,Uchime,0,0,Cancer,0,1200,female,154,0,0,0,paired-end,0,0,0,0,http://aem.asm.org/content/79/17/5112/suppl/DCSupplemental,FWD:GTGCCAGCMGCCGCGGTAA; REV:GGACTACHVGGGTWTCTAAT,toilet hat,http://aem.asm.org/content/79/17/5112.short,0,16S rRNA,V4,60,1,,,,,,
SRR2143600,AMPLICON,502,24607538,PRJNA290926,SAMN03939448,"MIMARKS.survey,MIGS/MIMS/MIMARKS.human-gut",16247886,UNIVERSITY OF MICHIGAN,NA,public,"run.zq,fastq,sra","gs,ncbi,s3","ncbi.public,gs.us-east1,s3.us-east-1",human stool sample,human body,gut,feces,SRX1132159,USA,North America,USA,Homo sapiens,454 GS,NA,2189650_S20_L001_R1_001.fastq.2189650,PAIRED,PCR,METAGENOMIC,human gut metagenome,metagenome,LS454,2015-08-09T00:00:00Z,2015-08-04T14:17:00Z,1,-80C,2189650,2189650,Illumina MiSeq,SRP062005,0,76,0,0,36.9,NA,Uchime,1,1,High Risk Normal,0,0,female,175,0,1,1,paired-end,0,1,0,0,http://aem.asm.org/content/79/17/5112/suppl/DCSupplemental,FWD:GTGCCAGCMGCCGCGGTAA; REV:GGACTACHVGGGTWTCTAAT,toilet hat,http://aem.asm.org/content/79/17/5112.short,0,16S rRNA,V4,113,1,,,,,,
SRR2143601,AMPLICON,502,26171268,PRJNA290926,SAMN03939449,"MIMARKS.survey,MIGS/MIMS/MIMARKS.human-gut",19338222,UNIVERSITY OF MICHIGAN,NA,public,"fastq,run.zq,sra","ncbi,s3,gs","s3.us-east-1,gs.us-east1,ncbi.public",human stool sample,human body,gut,feces,SRX1132160,USA,North America,USA,Homo sapiens,454 GS,NA,2193650_S2_L001_R1_001.fastq.2193650,PAIRED,PCR,METAGENOMIC,human gut metagenome,metagenome,LS454,2015-08-09T00:00:00Z,2015-08-04T14:17:00Z,1,-80C,2193650,2193650,Illumina MiSeq,SRP062005,0,72,0,0,22.3,NA,Uchime,0,0,High Risk Normal,0,0,male,177,0,1,1,paired-end,0,0,0,0,http://aem.asm.org/content/79/17/5112/suppl/DCSupplemental,FWD:GTGCCAGCMGCCGCGGTAA; REV:GGACTACHVGGGTWTCTAAT,toilet hat,http://aem.asm.org/content/79/17/5112.short,0,16S rRNA,V4,70,1,,,,,,
SRR2143602,AMPLICON,502,24234050,PRJNA290926,SAMN03939450,"MIMARKS.survey,MIGS/MIMS/MIMARKS.human-gut",15566106,UNIVERSITY OF MICHIGAN,NA,public,"sra,run.zq,fastq","gs,s3,ncbi","gs.us-east1,s3.us-east-1,ncbi.public",human stool sample,human body,gut,feces,SRX1132161,USA,North America,USA,Homo sapiens,454 GS,NA,2195651_S32_L001_R1_001.fastq.2195651,PAIRED,PCR,METAGENOMIC,human gut metagenome,metagenome,LS454,2015-08-09T00:00:00Z,2015-08-04T14:18:00Z,1,-80C,2195651,2195651,Illumina MiSeq,SRP062005,0,70,0,0,31.5,NA,Uchime,0,0,Normal,0,0,male,180,0,1,0,paired-end,0,1,0,0,http://aem.asm.org/content/79/17/5112/suppl/DCSupplemental,FWD:GTGCCAGCMGCCGCGGTAA; REV:GGACTACHVGGGTWTCTAAT,toilet hat,http://aem.asm.org/content/79/17/5112.short,1,16S rRNA,V4,102,1,,,,,,
SRR2143603,AMPLICON,502,47763292,PRJNA290926,SAMN03939451,"MIMARKS.survey,MIGS/MIMS/MIMARKS.human-gut",32486702,UNIVERSITY OF MICHIGAN,NA,public,"sra,run.zq,fastq","s3,ncbi,gs","gs.us-east1,s3.us-east-1,ncbi.public",human stool sample,human body,gut,feces,SRX1132162,USA,North America,USA,Homo sapiens,454 GS,NA,2197670_S25_L001_R1_001.fastq.2197670,PAIRED,PCR,METAGENOMIC,human gut metagenome,metagenome,LS454,2015-08-09T00:00:00Z,2015-08-04T14:18:00Z,1,-80C,2197670,2197670,Illumina MiSeq,SRP062005,0,71,0,0,26.4,NA,Uchime,0,0,adv Adenoma,0,1,male,165,0,0,0,paired-end,0,0,0,0,http://aem.asm.org/content/79/17/5112/suppl/DCSupplemental,FWD:GTGCCAGCMGCCGCGGTAA; REV:GGACTACHVGGGTWTCTAAT,toilet hat,http://aem.asm.org/content/79/17/5112.short,1,16S rRNA,V4,72,1,,,,,,
SRR2143604,AMPLICON,502,49375214,PRJNA290926,SAMN03939452,"MIMARKS.survey,MIGS/MIMS/MIMARKS.human-gut",33189042,UNIVERSITY OF MICHIGAN,NA,public,"fastq,sra,run.zq","s3,ncbi,gs","ncbi.public,gs.us-east1,s3.us-east-1",human stool sample,human body,gut,feces,SRX1132163,USA,North America,USA,Homo sapiens,454 GS,NA,2199650_S54_L001_R1_001.fastq.2199650,PAIRED,PCR,METAGENOMIC,human gut metagenome,metagenome,LS454,2015-08-09T00:00:00Z,2015-08-04T14:17:00Z,1,-80C,2199650,2199650,Illumina MiSeq,SRP062005,0,79,1,0,21.9,NA,Uchime,0,0,Adenoma,0,0,male,160,0,1,0,paired-end,0,1,0,0,http://aem.asm.org/content/79/17/5112/suppl/DCSupplemental,FWD:GTGCCAGCMGCCGCGGTAA; REV:GGACTACHVGGGTWTCTAAT,toilet hat,http://aem.asm.org/content/79/17/5112.short,0,16S rRNA,V4,56,0,,,,,,
SRR2143605,AMPLICON,502,19994660,PRJNA290926,SAMN03939453,"MIMARKS.survey,MIGS/MIMS/MIMARKS.human-gut",14848183,UNIVERSITY OF MICHIGAN,NA,public,"fastq,sra,run.zq","gs,s3,ncbi","ncbi.public,gs.us-east1,s3.us-east-1",human stool sample,human body,gut,feces,SRX1132164,USA,North America,USA,Homo sapiens,454 GS,NA,2201650_S29_L001_R1_001.fastq.2201650,PAIRED,PCR,METAGENOMIC,human gut metagenome,metagenome,LS454,2015-08-09T00:00:00Z,2015-08-04T14:17:00Z,1,-80C,2201650,2201650,Illumina MiSeq,SRP062005,0,49,0,0,24.6,NA,Uchime,0,0,High Risk Normal,0,0,female,170,1,0,0,paired-end,0,0,0,0,http://aem.asm.org/content/79/17/5112/suppl/DCSupplemental,FWD:GTGCCAGCMGCCGCGGTAA; REV:GGACTACHVGGGTWTCTAAT,toilet hat,http://aem.asm.org/content/79/17/5112.short,0,16S rRNA,V4,71,1,,,,,,
SRR2143606,AMPLICON,502,34690208,PRJNA290926,SAMN03939454,"MIMARKS.survey,MIGS/MIMS/MIMARKS.human-gut",23236749,UNIVERSITY OF MICHIGAN,NA,public,"sra,run.zq,fastq","s3,ncbi,gs","gs.us-east1,ncbi.public,s3.us-east-1",human stool sample,human body,gut,feces,SRX1132165,USA,North America,USA,Homo sapiens,454 GS,NA,2203653_S116_L001_R1_001.fastq.2203653,PAIRED,PCR,METAGENOMIC,human gut metagenome,metagenome,LS454,2015-08-09T00:00:00Z,2015-08-04T14:17:00Z,1,-80C,2203653,2203653,Illumina MiSeq,SRP062005,0,45,0,0,29.8,2,Uchime,0,0,Cancer,0,1992,male,185,0,1,1,paired-end,0,0,0,0,http://aem.asm.org/content/79/17/5112/suppl/DCSupplemental,FWD:GTGCCAGCMGCCGCGGTAA; REV:GGACTACHVGGGTWTCTAAT,toilet hat,http://aem.asm.org/content/79/17/5112.short,1,16S rRNA,V4,102,1,,,,,,
SRR2143607,AMPLICON,502,34939702,PRJNA290926,SAMN03939455,"MIMARKS.survey,MIGS/MIMS/MIMARKS.human-gut",22807302,UNIVERSITY OF MICHIGAN,NA,public,"sra,run.zq,fastq","ncbi,s3,gs","gs.us-east1,ncbi.public,s3.us-east-1",human stool sample,human body,gut,feces,SRX1132166,USA,North America,USA,Homo sapiens,454 GS,NA,2205670_S120_L001_R1_001.fastq.2205670,PAIRED,PCR,METAGENOMIC,human gut metagenome,metagenome,LS454,2015-08-09T00:00:00Z,2015-08-04T14:17:00Z,1,-80C,2205670,2205670,Illumina MiSeq,SRP062005,0,78,0,0,27.2,NA,Uchime,0,0,Adenoma,0,7,male,185,1,1,0,paired-end,0,1,0,0,http://aem.asm.org/content/79/17/5112/suppl/DCSupplemental,FWD:GTGCCAGCMGCCGCGGTAA; REV:GGACTACHVGGGTWTCTAAT,toilet hat,http://aem.asm.org/content/79/17/5112.short,1,16S rRNA,V4,93,1,,,,,,
SRR2143608,AMPLICON,502,14304490,PRJNA290926,SAMN03939456,"MIMARKS.survey,MIGS/MIMS/MIMARKS.human-gut",9748361,UNIVERSITY OF MICHIGAN,NA,public,"run.zq,sra,fastq","gs,ncbi,s3","ncbi.public,gs.us-east1,s3.us-east-1",human stool sample,human body,gut,feces,SRX1132167,USA,North America,USA,Homo sapiens,454 GS,NA,2207653_S142_L001_R1_001.fastq.2207653,PAIRED,PCR,METAGENOMIC,human gut metagenome,metagenome,LS454,2015-08-09T00:00:00Z,2015-08-04T14:17:00Z,1,-80C,2207653,2207653,Illumina MiSeq,SRP062005,0,57,0,0,25.3,NA,Uchime,0,0,adv Adenoma,0,0,female,165,1,1,0,paired-end,0,0,0,0,http://aem.asm.org/content/79/17/5112/suppl/DCSupplemental,FWD:GTGCCAGCMGCCGCGGTAA; REV:GGACTACHVGGGTWTCTAAT,toilet hat,http://aem.asm.org/content/79/17/5112.short,1,16S rRNA,V4,69,1,,,,,,
SRR2143609,AMPLICON,502,16758768,PRJNA290926,SAMN03939457,"MIMARKS.survey,MIGS/MIMS/MIMARKS.human-gut",12479284,UNIVERSITY OF MICHIGAN,NA,public,"sra,fastq,run.zq","ncbi,s3,gs","ncbi.public,gs.us-east1,s3.us-east-1",human stool sample,human body,gut,feces,SRX1132168,USA,North America,USA,Homo sapiens,454 GS,NA,2215650_S6_L001_R1_001.fastq.2215650,PAIRED,PCR,METAGENOMIC,human gut metagenome,metagenome,LS454,2015-08-09T00:00:00Z,2015-08-04T14:17:00Z,1,-80C,2215650,2215650,Illumina MiSeq,SRP062005,0,35,0,0,23.7,NA,Uchime,0,0,Normal,0,0,male,172,0,0,0,paired-end,0,0,0,0,http://aem.asm.org/content/79/17/5112/suppl/DCSupplemental,FWD:GTGCCAGCMGCCGCGGTAA; REV:GGACTACHVGGGTWTCTAAT,toilet hat,http://aem.asm.org/content/79/17/5112.short,1,16S rRNA,V4,70,1,,,,,,
SRR2143610,AMPLICON,502,24488062,PRJNA290926,SAMN03939458,"MIMARKS.survey,MIGS/MIMS/MIMARKS.human-gut",16333222,UNIVERSITY OF MICHIGAN,NA,public,"fastq,sra,run.zq","gs,ncbi,s3","ncbi.public,gs.us-east1,s3.us-east-1",human stool sample,human body,gut,feces,SRX1132169,USA,North America,USA,Homo sapiens,454 GS,NA,2219650_S18_L001_R1_001.fastq.2219650,PAIRED,PCR,METAGENOMIC,human gut metagenome,metagenome,LS454,2015-08-09T00:00:00Z,2015-08-04T14:17:00Z,1,-80C,2219650,2219650,Illumina MiSeq,SRP062005,0,65,0,0,26.4,NA,Uchime,0,0,Adenoma,0,0,female,165,0,1,0,paired-end,0,1,0,0,http://aem.asm.org/content/79/17/5112/suppl/DCSupplemental,FWD:GTGCCAGCMGCCGCGGTAA; REV:GGACTACHVGGGTWTCTAAT,toilet hat,http://aem.asm.org/content/79/17/5112.short,1,16S rRNA,V4,72,1,,,,,,
SRR2143611,AMPLICON,502,20156304,PRJNA290926,SAMN03939459,"MIMARKS.survey,MIGS/MIMS/MIMARKS.human-gut",14924681,UNIVERSITY OF MICHIGAN,NA,public,"run.zq,sra","gs,ncbi,s3","gs.us-east1,s3.us-east-1,ncbi.public",human stool sample,human body,gut,feces,SRX1132170,USA,North America,USA,Homo sapiens,Illumina MiSeq,NA,2221650_S65_L001_R1_001.fastq.2221650,PAIRED,PCR,METAGENOMIC,human gut metagenome,metagenome,ILLUMINA,2015-08-09T00:00:00Z,2015-08-04T14:16:00Z,1,-80C,2221650,2221650,Illumina MiSeq,SRP062005,0,58,0,0,26,NA,Uchime,1,1,adv Adenoma,0,0,male,187,0,1,0,paired-end,0,0,1,0,http://aem.asm.org/content/79/17/5112/suppl/DCSupplemental,FWD:GTGCCAGCMGCCGCGGTAA; REV:GGACTACHVGGGTWTCTAAT,toilet hat,http://aem.asm.org/content/79/17/5112.short,1,16S rRNA,V4,91,0,,,,,,
SRR2143612,AMPLICON,502,26083920,PRJNA290926,SAMN03939460,"MIMARKS.survey,MIGS/MIMS/MIMARKS.human-gut",17237075,UNIVERSITY OF MICHIGAN,NA,public,"sra,run.zq","gs,ncbi,s3","s3.us-east-1,gs.us-east1,ncbi.public",human stool sample,human body,gut,feces,SRX1132171,USA,North America,USA,Homo sapiens,Illumina MiSeq,NA,2223650_S77_L001_R1_001.fastq.2223650,PAIRED,PCR,METAGENOMIC,human gut metagenome,metagenome,ILLUMINA,2015-08-09T00:00:00Z,2015-08-04T14:17:00Z,1,-80C,2223650,2223650,Illumina MiSeq,SRP062005,0,74,0,0,25.9,NA,Uchime,0,0,Adenoma,0,0,male,177,0,1,0,paired-end,0,1,0,0,http://aem.asm.org/content/79/17/5112/suppl/DCSupplemental,FWD:GTGCCAGCMGCCGCGGTAA; REV:GGACTACHVGGGTWTCTAAT,toilet hat,http://aem.asm.org/content/79/17/5112.short,1,16S rRNA,V4,81,1,,,,,,
SRR2143613,AMPLICON,502,11227732,PRJNA290926,SAMN03939461,"MIMARKS.survey,MIGS/MIMS/MIMARKS.human-gut",7288918,UNIVERSITY OF MICHIGAN,NA,public,"run.zq,sra,fastq","ncbi,gs,s3","ncbi.public,s3.us-east-1,gs.us-east1",human stool sample,human body,gut,feces,SRX1132172,USA,North America,USA,Homo sapiens,454 GS,NA,2225650_S115_L001_R1_001.fastq.2225650,PAIRED,PCR,METAGENOMIC,human gut metagenome,metagenome,LS454,2015-08-09T00:00:00Z,2015-08-04T14:16:00Z,1,-80C,2225650,2225650,Illumina MiSeq,SRP062005,0,63,0,0,17.8,NA,Uchime,0,0,Normal,0,0,female,166,0,0,0,paired-end,0,0,0,0,http://aem.asm.org/content/79/17/5112/suppl/DCSupplemental,FWD:GTGCCAGCMGCCGCGGTAA; REV:GGACTACHVGGGTWTCTAAT,toilet hat,http://aem.asm.org/content/79/17/5112.short,0,16S rRNA,V4,49,1,,,,,,
SRR2143614,AMPLICON,502,82127200,PRJNA290926,SAMN03939462,"MIMARKS.survey,MIGS/MIMS/MIMARKS.human-gut",53233083,UNIVERSITY OF MICHIGAN,NA,public,"sra,fastq,run.zq","gs,s3,ncbi","ncbi.public,s3.us-east-1,gs.us-east1",human stool sample,human body,gut,feces,SRX1132173,USA,North America,USA,Homo sapiens,454 GS,NA,2227660_S125_L001_R1_001.fastq.2227660,PAIRED,PCR,METAGENOMIC,human gut metagenome,metagenome,LS454,2015-08-09T00:00:00Z,2015-08-04T14:17:00Z,1,-80C,2227660,2227660,Illumina MiSeq,SRP062005,0,81,0,0,29.4,NA,Uchime,0,0,adv Adenoma,0,0,male,177,0,1,0,paired-end,0,1,0,0,http://aem.asm.org/content/79/17/5112/suppl/DCSupplemental,FWD:GTGCCAGCMGCCGCGGTAA; REV:GGACTACHVGGGTWTCTAAT,toilet hat,http://aem.asm.org/content/79/17/5112.short,1,16S rRNA,V4,92,1,,,,,,
SRR2143615,AMPLICON,502,13261334,PRJNA290926,SAMN03939463,"MIMARKS.survey,MIGS/MIMS/MIMARKS.human-gut",8713658,UNIVERSITY OF MICHIGAN,NA,public,"sra,run.zq","s3,gs,ncbi","ncbi.public,s3.us-east-1,gs.us-east1",human stool sample,human body,gut,feces,SRX1132174,USA,North America,USA,Homo sapiens,Illumina MiSeq,NA,2229653_S10_L001_R1_001.fastq.2229653,PAIRED,PCR,METAGENOMIC,human gut metagenome,metagenome,ILLUMINA,2015-08-09T00:00:00Z,2015-08-04T14:16:00Z,1,-80C,2229653,2229653,Illumina MiSeq,SRP062005,0,67,0,0,23.9,NA,Uchime,0,0,adv Adenoma,0,0,female,161,0,1,1,paired-end,0,0,0,0,http://aem.asm.org/content/79/17/5112/suppl/DCSupplemental,FWD:GTGCCAGCMGCCGCGGTAA; REV:GGACTACHVGGGTWTCTAAT,toilet hat,http://aem.asm.org/content/79/17/5112.short,0,16S rRNA,V4,62,1,,,,,,
SRR2143616,AMPLICON,502,17666886,PRJNA290926,SAMN03939464,"MIMARKS.survey,MIGS/MIMS/MIMARKS.human-gut",11656280,UNIVERSITY OF MICHIGAN,NA,public,"sra,fastq,run.zq","ncbi,gs,s3","ncbi.public,s3.us-east-1,gs.us-east1",human stool sample,human body,gut,feces,SRX1132175,USA,North America,USA,Homo sapiens,454 GS,NA,2231653_S34_L001_R1_001.fastq.2231653,PAIRED,PCR,METAGENOMIC,human gut metagenome,metagenome,LS454,2015-08-09T00:00:00Z,2015-08-04T14:16:00Z,1,-80C,2231653,2231653,Illumina MiSeq,SRP062005,0,72,0,0,26.2,NA,Uchime,0,0,adv Adenoma,0,0,male,167,0,1,0,paired-end,0,0,0,0,http://aem.asm.org/content/79/17/5112/suppl/DCSupplemental,FWD:GTGCCAGCMGCCGCGGTAA; REV:GGACTACHVGGGTWTCTAAT,toilet hat,http://aem.asm.org/content/79/17/5112.short,1,16S rRNA,V4,73,1,,,,,,
SRR2143617,AMPLICON,502,23894196,PRJNA290926,SAMN03939465,"MIMARKS.survey,MIGS/MIMS/MIMARKS.human-gut",17739735,UNIVERSITY OF MICHIGAN,NA,public,"sra,run.zq","gs,ncbi,s3","s3.us-east-1,ncbi.public,gs.us-east1",human stool sample,human body,gut,feces,SRX1132176,USA,North America,USA,Homo sapiens,Illumina MiSeq,NA,2239650_S47_L001_R1_001.fastq.2239650,PAIRED,PCR,METAGENOMIC,human gut metagenome,metagenome,ILLUMINA,2015-08-09T00:00:00Z,2015-08-04T14:17:00Z,1,-80C,2239650,2239650,Illumina MiSeq,SRP062005,0,61,0,0,23,NA,Uchime,0,0,Adenoma,0,14,female,163,1,1,0,paired-end,0,0,0,0,http://aem.asm.org/content/79/17/5112/suppl/DCSupplemental,FWD:GTGCCAGCMGCCGCGGTAA; REV:GGACTACHVGGGTWTCTAAT,toilet hat,http://aem.asm.org/content/79/17/5112.short,0,16S rRNA,V4,61,1,,,,,,
SRR2143618,AMPLICON,502,17086574,PRJNA290926,SAMN03939466,"MIMARKS.survey,MIGS/MIMS/MIMARKS.human-gut",11150787,UNIVERSITY OF MICHIGAN,NA,public,"run.zq,sra","s3,ncbi,gs","gs.us-east1,s3.us-east-1,ncbi.public",human stool sample,human body,gut,feces,SRX1132177,USA,North America,USA,Homo sapiens,Illumina MiSeq,NA,2241650_S91_L001_R1_001.fastq.2241650,PAIRED,PCR,METAGENOMIC,human gut metagenome,metagenome,ILLUMINA,2015-08-09T00:00:00Z,2015-08-04T14:16:00Z,1,-80C,2241650,2241650,Illumina MiSeq,SRP062005,0,73,0,0,22.2,NA,Uchime,0,0,adv Adenoma,0,40,male,180,0,1,1,paired-end,0,0,0,0,http://aem.asm.org/content/79/17/5112/suppl/DCSupplemental,FWD:GTGCCAGCMGCCGCGGTAA; REV:GGACTACHVGGGTWTCTAAT,toilet hat,http://aem.asm.org/content/79/17/5112.short,0,16S rRNA,V4,72,1,,,,,,
SRR2143619,AMPLICON,502,25657220,PRJNA290926,SAMN03939467,"MIMARKS.survey,MIGS/MIMS/MIMARKS.human-gut",16447788,UNIVERSITY OF MICHIGAN,NA,public,"sra,run.zq","ncbi,s3,gs","gs.us-east1,s3.us-east-1,ncbi.public",human stool sample,human body,gut,feces,SRX1132178,USA,North America,USA,Homo sapiens,Illumina MiSeq,NA,2243651_S21_L001_R1_001.fastq.2243651,PAIRED,PCR,METAGENOMIC,human gut metagenome,metagenome,ILLUMINA,2015-08-09T00:00:00Z,2015-08-04T14:16:00Z,1,-80C,2243651,2243651,Illumina MiSeq,SRP062005,0,63,0,0,32.4,NA,Uchime,1,1,adv Adenoma,0,0,male,173,0,1,0,paired-end,0,0,0,0,http://aem.asm.org/content/79/17/5112/suppl/DCSupplemental,FWD:GTGCCAGCMGCCGCGGTAA; REV:GGACTACHVGGGTWTCTAAT,toilet hat,http://aem.asm.org/content/79/17/5112.short,1,16S rRNA,V4,97,1,,,,,,
SRR2143620,AMPLICON,502,19196480,PRJNA290926,SAMN03939468,"MIMARKS.survey,MIGS/MIMS/MIMARKS.human-gut",12459261,UNIVERSITY OF MICHIGAN,NA,public,"run.zq,fastq,sra","s3,gs,ncbi","s3.us-east-1,ncbi.public,gs.us-east1",human stool sample,human body,gut,feces,SRX1132179,USA,North America,USA,Homo sapiens,454 GS,NA,2253660_S126_L001_R1_001.fastq.2253660,PAIRED,PCR,METAGENOMIC,human gut metagenome,metagenome,LS454,2015-08-09T00:00:00Z,2015-08-04T14:16:00Z,1,-80C,2253660,2253660,Illumina MiSeq,SRP062005,0,57,0,0,25,NA,Uchime,0,0,adv Adenoma,0,0,male,195,0,1,0,paired-end,0,1,0,0,http://aem.asm.org/content/79/17/5112/suppl/DCSupplemental,FWD:GTGCCAGCMGCCGCGGTAA; REV:GGACTACHVGGGTWTCTAAT,toilet hat,http://aem.asm.org/content/79/17/5112.short,0,16S rRNA,V4,95,1,,,,,,
SRR2143621,AMPLICON,502,19514748,PRJNA290926,SAMN03939469,"MIMARKS.survey,MIGS/MIMS/MIMARKS.human-gut",12573242,UNIVERSITY OF MICHIGAN,NA,public,"sra,run.zq","ncbi,gs,s3","ncbi.public,s3.us-east-1,gs.us-east1",human stool sample,human body,gut,feces,SRX1132180,USA,North America,USA,Homo sapiens,Illumina MiSeq,NA,2255653_S124_L001_R1_001.fastq.2255653,PAIRED,PCR,METAGENOMIC,human gut metagenome,metagenome,ILLUMINA,2015-08-09T00:00:00Z,2015-08-04T14:16:00Z,1,-80C,2255653,2255653,Illumina MiSeq,SRP062005,0,72,0,0,24.4,3,Uchime,0,0,Cancer,0,140,male,167,0,1,1,paired-end,0,1,0,0,http://aem.asm.org/content/79/17/5112/suppl/DCSupplemental,FWD:GTGCCAGCMGCCGCGGTAA; REV:GGACTACHVGGGTWTCTAAT,toilet hat,http://aem.asm.org/content/79/17/5112.short,1,16S rRNA,V4,68,1,,,,,,
SRR2143622,AMPLICON,502,38751890,PRJNA290926,SAMN03939470,"MIMARKS.survey,MIGS/MIMS/MIMARKS.human-gut",25878571,UNIVERSITY OF MICHIGAN,NA,public,"run.zq,fastq,sra","s3,gs,ncbi","gs.us-east1,ncbi.public,s3.us-east-1",human stool sample,human body,gut,feces,SRX1132181,USA,North America,USA,Homo sapiens,454 GS,NA,2257660_S17_L001_R1_001.fastq.2257660,PAIRED,PCR,METAGENOMIC,human gut metagenome,metagenome,LS454,2015-08-09T00:00:00Z,2015-08-04T14:16:00Z,1,-80C,2257660,2257660,Illumina MiSeq,SRP062005,0,64,0,0,29,NA,Uchime,0,0,High Risk Normal,0,0,male,182,1,1,0,paired-end,0,0,0,0,http://aem.asm.org/content/79/17/5112/suppl/DCSupplemental,FWD:GTGCCAGCMGCCGCGGTAA; REV:GGACTACHVGGGTWTCTAAT,toilet hat,http://aem.asm.org/content/79/17/5112.short,0,16S rRNA,V4,96,1,,,,,,
SRR2143623,AMPLICON,502,33202782,PRJNA290926,SAMN03939471,"MIMARKS.survey,MIGS/MIMS/MIMARKS.human-gut",22231855,UNIVERSITY OF MICHIGAN,NA,public,"run.zq,fastq,sra","gs,s3,ncbi","s3.us-east-1,ncbi.public,gs.us-east1",human stool sample,human body,gut,feces,SRX1132182,USA,North America,USA,Homo sapiens,454 GS,NA,2261650_S19_L001_R1_001.fastq.2261650,PAIRED,PCR,METAGENOMIC,human gut metagenome,metagenome,LS454,2015-08-09T00:00:00Z,2015-08-04T14:16:00Z,1,-80C,2261650,2261650,Illumina MiSeq,SRP062005,0,58,0,0,28.1,NA,Uchime,0,0,Adenoma,0,0,male,177,0,1,1,paired-end,0,0,0,0,http://aem.asm.org/content/79/17/5112/suppl/DCSupplemental,FWD:GTGCCAGCMGCCGCGGTAA; REV:GGACTACHVGGGTWTCTAAT,toilet hat,http://aem.asm.org/content/79/17/5112.short,1,16S rRNA,V4,88,1,,,,,,
SRR2143624,AMPLICON,502,3468318,PRJNA290926,SAMN03939472,"MIMARKS.survey,MIGS/MIMS/MIMARKS.human-gut",2375765,UNIVERSITY OF MICHIGAN,NA,public,"sra,run.zq","gs,s3,ncbi","s3.us-east-1,ncbi.public,gs.us-east1",human stool sample,human body,gut,feces,SRX1132183,USA,North America,USA,Homo sapiens,Illumina MiSeq,NA,2265651_S175_L001_R1_001.fastq.2265651,PAIRED,PCR,METAGENOMIC,human gut metagenome,metagenome,ILLUMINA,2015-08-09T00:00:00Z,2015-08-04T14:16:00Z,1,-80C,2265651,2265651,Illumina MiSeq,SRP062005,0,58,0,0,27.4,NA,Uchime,0,0,adv Adenoma,0,0,male,172,0,0,0,paired-end,0,0,0,0,http://aem.asm.org/content/79/17/5112/suppl/DCSupplemental,FWD:GTGCCAGCMGCCGCGGTAA; REV:GGACTACHVGGGTWTCTAAT,toilet hat,http://aem.asm.org/content/79/17/5112.short,1,16S rRNA,V4,81,1,,,,,,
SRR2143626,AMPLICON,502,43183546,PRJNA290926,SAMN03939472,"MIMARKS.survey,MIGS/MIMS/MIMARKS.human-gut",27013654,UNIVERSITY OF MICHIGAN,NA,public,"run.zq,sra","ncbi,gs,s3","s3.us-east-1,gs.us-east1,ncbi.public",human stool sample,human body,gut,feces,SRX1132184,USA,North America,USA,Homo sapiens,Illumina MiSeq,NA,2265651_S95_L001_R1_001.fastq.2265651,PAIRED,PCR,METAGENOMIC,human gut metagenome,metagenome,ILLUMINA,2015-08-09T00:00:00Z,2015-08-04T14:16:00Z,1,-80C,2265651,2265651,Illumina MiSeq,SRP062005,0,58,0,0,27.4,NA,Uchime,0,0,adv Adenoma,0,0,male,172,0,0,0,paired-end,0,0,0,0,http://aem.asm.org/content/79/17/5112/suppl/DCSupplemental,FWD:GTGCCAGCMGCCGCGGTAA; REV:GGACTACHVGGGTWTCTAAT,toilet hat,http://aem.asm.org/content/79/17/5112.short,1,16S rRNA,V4,81,1,,,,,,
SRR2143627,AMPLICON,502,9263908,PRJNA290926,SAMN03939473,"MIMARKS.survey,MIGS/MIMS/MIMARKS.human-gut",6079203,UNIVERSITY OF MICHIGAN,NA,public,"fastq,sra,run.zq","gs,ncbi,s3","s3.us-east-1,gs.us-east1,ncbi.public",human stool sample,human body,gut,feces,SRX1132185,USA,North America,USA,Homo sapiens,454 GS,NA,2267653_S108_L001_R1_001.fastq.2267653,PAIRED,PCR,METAGENOMIC,human gut metagenome,metagenome,LS454,2015-08-09T00:00:00Z,2015-08-04T14:16:00Z,1,-80C,2267653,2267653,Illumina MiSeq,SRP062005,0,54,0,0,27.2,4,Uchime,0,0,Cancer,0,149,male,182,0,0,1,paired-end,0,0,0,0,http://aem.asm.org/content/79/17/5112/suppl/DCSupplemental,FWD:GTGCCAGCMGCCGCGGTAA; REV:GGACTACHVGGGTWTCTAAT,toilet hat,http://aem.asm.org/content/79/17/5112.short,0,16S rRNA,V4,90,1,,,,,,
SRR2143628,AMPLICON,502,2378978,PRJNA290926,SAMN03939474,"MIMARKS.survey,MIGS/MIMS/MIMARKS.human-gut",1831807,UNIVERSITY OF MICHIGAN,NA,public,"sra,run.zq","s3,ncbi,gs","gs.us-east1,ncbi.public,s3.us-east-1",human stool sample,human body,gut,feces,SRX1132186,USA,North America,USA,Homo sapiens,Illumina MiSeq,NA,2271650_S156_L001_R1_001.fastq.2271650,PAIRED,PCR,METAGENOMIC,human gut metagenome,metagenome,ILLUMINA,2015-08-09T00:00:00Z,2015-08-04T14:14:00Z,1,-80C,2271650,2271650,Illumina MiSeq,SRP062005,0,66,0,0,23.8,NA,Uchime,0,0,Adenoma,0,45,male,182,1,1,0,paired-end,0,1,0,0,http://aem.asm.org/content/79/17/5112/suppl/DCSupplemental,FWD:GTGCCAGCMGCCGCGGTAA; REV:GGACTACHVGGGTWTCTAAT,toilet hat,http://aem.asm.org/content/79/17/5112.short,1,16S rRNA,V4,79,1,,,,,,
SRR2143629,AMPLICON,502,18959536,PRJNA290926,SAMN03939474,"MIMARKS.survey,MIGS/MIMS/MIMARKS.human-gut",12059875,UNIVERSITY OF MICHIGAN,NA,public,"run.zq,sra","gs,s3,ncbi","ncbi.public,s3.us-east-1,gs.us-east1",human stool sample,human body,gut,feces,SRX1132187,USA,North America,USA,Homo sapiens,Illumina MiSeq,NA,2271650_S66_L001_R1_001.fastq.2271650,PAIRED,PCR,METAGENOMIC,human gut metagenome,metagenome,ILLUMINA,2015-08-09T00:00:00Z,2015-08-04T14:15:00Z,1,-80C,2271650,2271650,Illumina MiSeq,SRP062005,0,66,0,0,23.8,NA,Uchime,0,0,Adenoma,0,45,male,182,1,1,0,paired-end,0,1,0,0,http://aem.asm.org/content/79/17/5112/suppl/DCSupplemental,FWD:GTGCCAGCMGCCGCGGTAA; REV:GGACTACHVGGGTWTCTAAT,toilet hat,http://aem.asm.org/content/79/17/5112.short,1,16S rRNA,V4,79,1,,,,,,
SRR2143630,AMPLICON,502,37571186,PRJNA290926,SAMN03939475,"MIMARKS.survey,MIGS/MIMS/MIMARKS.human-gut",27661904,UNIVERSITY OF MICHIGAN,NA,public,"sra,run.zq,fastq","s3,gs,ncbi","ncbi.public,s3.us-east-1,gs.us-east1",human stool sample,human body,gut,feces,SRX1132188,USA,North America,USA,Homo sapiens,454 GS,NA,2277650_S13_L001_R1_001.fastq.2277650,PAIRED,PCR,METAGENOMIC,human gut metagenome,metagenome,LS454,2015-08-09T00:00:00Z,2015-08-04T14:14:00Z,1,-80C,2277650,2277650,Illumina MiSeq,SRP062005,0,47,0,0,26.4,NA,Uchime,0,0,High Risk Normal,0,0,female,152,1,0,0,paired-end,0,0,0,0,http://aem.asm.org/content/79/17/5112/suppl/DCSupplemental,FWD:GTGCCAGCMGCCGCGGTAA; REV:GGACTACHVGGGTWTCTAAT,toilet hat,http://aem.asm.org/content/79/17/5112.short,0,16S rRNA,V4,61,1,,,,,,
SRR2143631,AMPLICON,502,13547474,PRJNA290926,SAMN03939476,"MIMARKS.survey,MIGS/MIMS/MIMARKS.human-gut",10068599,UNIVERSITY OF MICHIGAN,NA,public,"sra,run.zq,fastq","ncbi,gs,s3","s3.us-east-1,gs.us-east1,ncbi.public",human stool sample,human body,gut,feces,SRX1132190,USA,North America,USA,Homo sapiens,454 GS,NA,2279650_S27_L001_R1_001.fastq.2279650,PAIRED,PCR,METAGENOMIC,human gut metagenome,metagenome,LS454,2015-08-09T00:00:00Z,2015-08-04T14:14:00Z,1,-80C,2279650,2279650,Illumina MiSeq,SRP062005,0,62,0,0,39.5,NA,Uchime,0,0,Normal,0,0,male,182,0,0,0,paired-end,0,0,0,0,http://aem.asm.org/content/79/17/5112/suppl/DCSupplemental,FWD:GTGCCAGCMGCCGCGGTAA; REV:GGACTACHVGGGTWTCTAAT,toilet hat,http://aem.asm.org/content/79/17/5112.short,1,16S rRNA,V4,131,1,,,,,,
SRR2143632,AMPLICON,502,14137324,PRJNA290926,SAMN03939477,"MIMARKS.survey,MIGS/MIMS/MIMARKS.human-gut",9395422,UNIVERSITY OF MICHIGAN,NA,public,"run.zq,sra,fastq","gs,ncbi,s3","s3.us-east-1,ncbi.public,gs.us-east1",human stool sample,human body,gut,feces,SRX1132191,USA,North America,USA,Homo sapiens,454 GS,NA,2281651_S102_L001_R1_001.fastq.2281651,PAIRED,PCR,METAGENOMIC,human gut metagenome,metagenome,LS454,2015-08-09T00:00:00Z,2015-08-04T14:15:00Z,1,-80C,2281651,2281651,Illumina MiSeq,SRP062005,0,59,0,0,25.7,NA,Uchime,0,0,adv Adenoma,0,0,male,182,0,0,0,paired-end,0,0,0,0,http://aem.asm.org/content/79/17/5112/suppl/DCSupplemental,FWD:GTGCCAGCMGCCGCGGTAA; REV:GGACTACHVGGGTWTCTAAT,toilet hat,http://aem.asm.org/content/79/17/5112.short,0,16S rRNA,V4,85,1,,,,,,
SRR2143633,AMPLICON,502,38183124,PRJNA290926,SAMN03939478,"MIMARKS.survey,MIGS/MIMS/MIMARKS.human-gut",25082581,UNIVERSITY OF MICHIGAN,NA,public,"sra,run.zq","gs,s3,ncbi","gs.us-east1,s3.us-east-1,ncbi.public",human stool sample,human body,gut,feces,SRX1132192,USA,North America,USA,Homo sapiens,Illumina MiSeq,NA,2283670_S27_L001_R1_001.fastq.2283670,PAIRED,PCR,METAGENOMIC,human gut metagenome,metagenome,ILLUMINA,2015-08-09T00:00:00Z,2015-08-04T14:15:00Z,1,-80C,2283670,2283670,Illumina MiSeq,SRP062005,0,60,0,0,23.3,1,Uchime,0,0,Cancer,0,1346,female,155,0,0,0,paired-end,0,0,0,0,http://aem.asm.org/content/79/17/5112/suppl/DCSupplemental,FWD:GTGCCAGCMGCCGCGGTAA; REV:GGACTACHVGGGTWTCTAAT,toilet hat,http://aem.asm.org/content/79/17/5112.short,1,16S rRNA,V4,56,1,,,,,,
SRR2143634,AMPLICON,502,10067610,PRJNA290926,SAMN03939479,"MIMARKS.survey,MIGS/MIMS/MIMARKS.human-gut",6603806,UNIVERSITY OF MICHIGAN,NA,public,"fastq,run.zq,sra","gs,ncbi,s3","gs.us-east1,s3.us-east-1,ncbi.public",human stool sample,human body,gut,feces,SRX1132193,USA,North America,USA,Homo sapiens,454 GS,NA,2285653_S112_L001_R1_001.fastq.2285653,PAIRED,PCR,METAGENOMIC,human gut metagenome,metagenome,LS454,2015-08-09T00:00:00Z,2015-08-04T14:14:00Z,1,-80C,2285653,2285653,Illumina MiSeq,SRP062005,0,71,0,0,28,1,Uchime,0,0,Cancer,0,0,female,157,0,1,0,paired-end,0,0,0,0,http://aem.asm.org/content/79/17/5112/suppl/DCSupplemental,FWD:GTGCCAGCMGCCGCGGTAA; REV:GGACTACHVGGGTWTCTAAT,toilet hat,http://aem.asm.org/content/79/17/5112.short,1,16S rRNA,V4,69,1,,,,,,
SRR2143635,AMPLICON,502,12424500,PRJNA290926,SAMN03939480,"MIMARKS.survey,MIGS/MIMS/MIMARKS.human-gut",7796556,UNIVERSITY OF MICHIGAN,NA,public,"run.zq,sra","ncbi,gs,s3","gs.us-east1,ncbi.public,s3.us-east-1",human stool sample,human body,gut,feces,SRX1132194,USA,North America,USA,Homo sapiens,Illumina MiSeq,NA,2287660_S2_L001_R1_001.fastq.2287660,PAIRED,PCR,METAGENOMIC,human gut metagenome,metagenome,ILLUMINA,2015-08-09T00:00:00Z,2015-08-04T14:14:00Z,1,-80C,2287660,2287660,Illumina MiSeq,SRP062005,0,64,0,0,22.8,4,Uchime,0,0,Cancer,0,939,male,180,0,1,1,paired-end,0,0,0,0,http://aem.asm.org/content/79/17/5112/suppl/DCSupplemental,FWD:GTGCCAGCMGCCGCGGTAA; REV:GGACTACHVGGGTWTCTAAT,toilet hat,http://aem.asm.org/content/79/17/5112.short,0,16S rRNA,V4,74,1,,,,,,
SRR2143636,AMPLICON,502,32412634,PRJNA290926,SAMN03939481,"MIMARKS.survey,MIGS/MIMS/MIMARKS.human-gut",20633967,UNIVERSITY OF MICHIGAN,NA,public,"sra,run.zq,fastq","ncbi,gs,s3","gs.us-east1,s3.us-east-1,ncbi.public",human stool sample,human body,gut,feces,SRX1132195,USA,North America,USA,Homo sapiens,454 GS,NA,2289650_S14_L001_R1_001.fastq.2289650,PAIRED,PCR,METAGENOMIC,human gut metagenome,metagenome,LS454,2015-08-09T00:00:00Z,2015-08-04T14:15:00Z,1,-80C,2289650,2289650,Illumina MiSeq,SRP062005,0,48,0,0,37.9,NA,Uchime,0,0,High Risk Normal,1,0,female,160,0,1,0,paired-end,0,1,1,0,http://aem.asm.org/content/79/17/5112/suppl/DCSupplemental,FWD:GTGCCAGCMGCCGCGGTAA; REV:GGACTACHVGGGTWTCTAAT,toilet hat,http://aem.asm.org/content/79/17/5112.short,1,16S rRNA,V4,97,0,,,,,,
SRR2143637,AMPLICON,502,18114168,PRJNA290926,SAMN03939482,"MIMARKS.survey,MIGS/MIMS/MIMARKS.human-gut",11949353,UNIVERSITY OF MICHIGAN,NA,public,"run.zq,sra","ncbi,gs,s3","s3.us-east-1,ncbi.public,gs.us-east1",human stool sample,human body,gut,feces,SRX1132196,USA,North America,USA,Homo sapiens,Illumina MiSeq,NA,2291653_S109_L001_R1_001.fastq.2291653,PAIRED,PCR,METAGENOMIC,human gut metagenome,metagenome,ILLUMINA,2015-08-09T00:00:00Z,2015-08-04T14:14:00Z,1,-80C,2291653,2291653,Illumina MiSeq,SRP062005,0,75,0,0,28.2,3,Uchime,0,1,Cancer,0,1379,female,162,0,1,0,paired-end,0,0,0,0,http://aem.asm.org/content/79/17/5112/suppl/DCSupplemental,FWD:GTGCCAGCMGCCGCGGTAA; REV:GGACTACHVGGGTWTCTAAT,toilet hat,http://aem.asm.org/content/79/17/5112.short,0,16S rRNA,V4,74,1,,,,,,
SRR2143638,AMPLICON,502,36310162,PRJNA290926,SAMN03939483,"MIMARKS.survey,MIGS/MIMS/MIMARKS.human-gut",24501018,UNIVERSITY OF MICHIGAN,NA,public,"run.zq,sra,fastq","s3,gs,ncbi","ncbi.public,gs.us-east1,s3.us-east-1",human stool sample,human body,gut,feces,SRX1132197,USA,North America,USA,Homo sapiens,454 GS,NA,2293650_S53_L001_R1_001.fastq.2293650,PAIRED,PCR,METAGENOMIC,human gut metagenome,metagenome,LS454,2015-08-09T00:00:00Z,2015-08-04T14:14:00Z,1,-80C,2293650,2293650,Illumina MiSeq,SRP062005,0,35,0,0,23.6,NA,Uchime,0,0,Normal,0,0,female,162,0,0,1,paired-end,0,0,0,0,http://aem.asm.org/content/79/17/5112/suppl/DCSupplemental,FWD:GTGCCAGCMGCCGCGGTAA; REV:GGACTACHVGGGTWTCTAAT,toilet hat,http://aem.asm.org/content/79/17/5112.short,0,16S rRNA,V4,62,1,,,,,,
SRR2143639,AMPLICON,502,18259748,PRJNA290926,SAMN03939484,"MIMARKS.survey,MIGS/MIMS/MIMARKS.human-gut",13522851,UNIVERSITY OF MICHIGAN,NA,public,"sra,run.zq","gs,s3,ncbi","gs.us-east1,ncbi.public,s3.us-east-1",human stool sample,human body,gut,feces,SRX1132198,USA,North America,USA,Homo sapiens,Illumina MiSeq,NA,2295650_S66_L001_R1_001.fastq.2295650,PAIRED,PCR,METAGENOMIC,human gut metagenome,metagenome,ILLUMINA,2015-08-09T00:00:00Z,2015-08-04T14:14:00Z,1,-80C,2295650,2295650,Illumina MiSeq,SRP062005,0,78,0,0,25,NA,Uchime,0,0,adv Adenoma,0,0,male,180,0,1,0,paired-end,0,1,0,0,http://aem.asm.org/content/79/17/5112/suppl/DCSupplemental,FWD:GTGCCAGCMGCCGCGGTAA; REV:GGACTACHVGGGTWTCTAAT,toilet hat,http://aem.asm.org/content/79/17/5112.short,0,16S rRNA,V4,81,1,,,,,,
SRR2143640,AMPLICON,502,37571688,PRJNA290926,SAMN03939485,"MIMARKS.survey,MIGS/MIMS/MIMARKS.human-gut",23453428,UNIVERSITY OF MICHIGAN,NA,public,"run.zq,sra","gs,ncbi,s3","ncbi.public,s3.us-east-1,gs.us-east1",human stool sample,human body,gut,feces,SRX1132199,USA,North America,USA,Homo sapiens,Illumina MiSeq,NA,2297650_S38_L001_R1_001.fastq.2297650,PAIRED,PCR,METAGENOMIC,human gut metagenome,metagenome,ILLUMINA,2015-08-09T00:00:00Z,2015-08-04T14:14:00Z,1,-80C,2297650,2297650,Illumina MiSeq,SRP062005,0,52,0,0,27.5,NA,Uchime,0,0,Adenoma,0,0,male,177,1,1,1,paired-end,0,0,0,0,http://aem.asm.org/content/79/17/5112/suppl/DCSupplemental,FWD:GTGCCAGCMGCCGCGGTAA; REV:GGACTACHVGGGTWTCTAAT,toilet hat,http://aem.asm.org/content/79/17/5112.short,1,16S rRNA,V4,86,1,,,,,,
SRR2143641,AMPLICON,502,6538048,PRJNA290926,SAMN03939486,"MIMARKS.survey,MIGS/MIMS/MIMARKS.human-gut",4353405,UNIVERSITY OF MICHIGAN,NA,public,"sra,run.zq","ncbi,gs,s3","gs.us-east1,s3.us-east-1,ncbi.public",human stool sample,human body,gut,feces,SRX1132200,USA,North America,USA,Homo sapiens,Illumina MiSeq,NA,2301650_S105_L001_R1_001.fastq.2301650,PAIRED,PCR,METAGENOMIC,human gut metagenome,metagenome,ILLUMINA,2015-08-09T00:00:00Z,2015-08-04T14:14:00Z,1,-80C,2301650,2301650,Illumina MiSeq,SRP062005,0,53,0,0,32.4,NA,Uchime,0,0,Adenoma,0,37,male,185,0,1,0,paired-end,0,0,0,0,http://aem.asm.org/content/79/17/5112/suppl/DCSupplemental,FWD:GTGCCAGCMGCCGCGGTAA; REV:GGACTACHVGGGTWTCTAAT,toilet hat,http://aem.asm.org/content/79/17/5112.short,1,16S rRNA,V4,111,1,,,,,,
SRR2143643,AMPLICON,502,132233828,PRJNA290926,SAMN03939486,"MIMARKS.survey,MIGS/MIMS/MIMARKS.human-gut",86015018,UNIVERSITY OF MICHIGAN,NA,public,"run.zq,sra","ncbi,gs,s3","gs.us-east1,ncbi.public,s3.us-east-1",human stool sample,human body,gut,feces,SRX1132201,USA,North America,USA,Homo sapiens,Illumina MiSeq,NA,2301650_S60_L001_R1_001.fastq.2301650,PAIRED,PCR,METAGENOMIC,human gut metagenome,metagenome,ILLUMINA,2015-08-09T00:00:00Z,2015-08-04T14:15:00Z,1,-80C,2301650,2301650,Illumina MiSeq,SRP062005,0,53,0,0,32.4,NA,Uchime,0,0,Adenoma,0,37,male,185,0,1,0,paired-end,0,0,0,0,http://aem.asm.org/content/79/17/5112/suppl/DCSupplemental,FWD:GTGCCAGCMGCCGCGGTAA; REV:GGACTACHVGGGTWTCTAAT,toilet hat,http://aem.asm.org/content/79/17/5112.short,1,16S rRNA,V4,111,1,,,,,,
SRR2143644,AMPLICON,502,36281046,PRJNA290926,SAMN03939487,"MIMARKS.survey,MIGS/MIMS/MIMARKS.human-gut",24577835,UNIVERSITY OF MICHIGAN,NA,public,"sra,fastq,run.zq","gs,s3,ncbi","ncbi.public,gs.us-east1,s3.us-east-1",human stool sample,human body,gut,feces,SRX1132202,USA,North America,USA,Homo sapiens,454 GS,NA,2305651_S104_L001_R1_001.fastq.2305651,PAIRED,PCR,METAGENOMIC,human gut metagenome,metagenome,LS454,2015-08-09T00:00:00Z,2015-08-04T14:15:00Z,1,-80C,2305651,2305651,Illumina MiSeq,SRP062005,0,71,0,0,26.8,3,Uchime,1,1,Cancer,0,0,male,175,0,1,1,paired-end,0,0,0,0,http://aem.asm.org/content/79/17/5112/suppl/DCSupplemental,FWD:GTGCCAGCMGCCGCGGTAA; REV:GGACTACHVGGGTWTCTAAT,toilet hat,http://aem.asm.org/content/79/17/5112.short,1,16S rRNA,V4,82,1,,,,,,
SRR2143645,AMPLICON,502,4473824,PRJNA290926,SAMN03939488,"MIMARKS.survey,MIGS/MIMS/MIMARKS.human-gut",3365747,UNIVERSITY OF MICHIGAN,NA,public,"run.zq,sra","gs,ncbi,s3","ncbi.public,gs.us-east1,s3.us-east-1",human stool sample,human body,gut,feces,SRX1132203,USA,North America,USA,Homo sapiens,Illumina MiSeq,NA,2307650_S158_L001_R1_001.fastq.2307650,PAIRED,PCR,METAGENOMIC,human gut metagenome,metagenome,ILLUMINA,2015-08-09T00:00:00Z,2015-08-04T14:14:00Z,1,-80C,2307650,2307650,Illumina MiSeq,SRP062005,0,43,0,0,22.5,NA,Uchime,0,0,adv Adenoma,0,0,male,185,0,1,1,paired-end,0,0,0,0,http://aem.asm.org/content/79/17/5112/suppl/DCSupplemental,FWD:GTGCCAGCMGCCGCGGTAA; REV:GGACTACHVGGGTWTCTAAT,toilet hat,http://aem.asm.org/content/79/17/5112.short,0,16S rRNA,V4,77,1,,,,,,
SRR2143646,AMPLICON,502,62600906,PRJNA290926,SAMN03939488,"MIMARKS.survey,MIGS/MIMS/MIMARKS.human-gut",39781001,UNIVERSITY OF MICHIGAN,NA,public,"sra,run.zq","s3,ncbi,gs","s3.us-east-1,ncbi.public,gs.us-east1",human stool sample,human body,gut,feces,SRX1132204,USA,North America,USA,Homo sapiens,Illumina MiSeq,NA,2307650_S68_L001_R1_001.fastq.2307650,PAIRED,PCR,METAGENOMIC,human gut metagenome,metagenome,ILLUMINA,2015-08-09T00:00:00Z,2015-08-04T14:14:00Z,1,-80C,2307650,2307650,Illumina MiSeq,SRP062005,0,43,0,0,22.5,NA,Uchime,0,0,adv Adenoma,0,0,male,185,0,1,1,paired-end,0,0,0,0,http://aem.asm.org/content/79/17/5112/suppl/DCSupplemental,FWD:GTGCCAGCMGCCGCGGTAA; REV:GGACTACHVGGGTWTCTAAT,toilet hat,http://aem.asm.org/content/79/17/5112.short,0,16S rRNA,V4,77,1,,,,,,
SRR2143647,AMPLICON,502,14585610,PRJNA290926,SAMN03939489,"MIMARKS.survey,MIGS/MIMS/MIMARKS.human-gut",9220391,UNIVERSITY OF MICHIGAN,NA,public,"sra,run.zq,fastq","ncbi,s3,gs","s3.us-east-1,gs.us-east1,ncbi.public",human stool sample,human body,gut,feces,SRX1132205,USA,North America,USA,Homo sapiens,454 GS,NA,2309650_S50_L001_R1_001.fastq.2309650,PAIRED,PCR,METAGENOMIC,human gut metagenome,metagenome,LS454,2015-08-09T00:00:00Z,2015-08-04T14:14:00Z,1,-80C,2309650,2309650,Illumina MiSeq,SRP062005,0,42,0,0,23.1,NA,Uchime,0,0,High Risk Normal,0,1,female,165,0,1,0,paired-end,0,0,0,0,http://aem.asm.org/content/79/17/5112/suppl/DCSupplemental,FWD:GTGCCAGCMGCCGCGGTAA; REV:GGACTACHVGGGTWTCTAAT,toilet hat,http://aem.asm.org/content/79/17/5112.short,1,16S rRNA,V4,63,1,,,,,,
SRR2143648,AMPLICON,502,18814960,PRJNA290926,SAMN03939490,"MIMARKS.survey,MIGS/MIMS/MIMARKS.human-gut",12470079,UNIVERSITY OF MICHIGAN,NA,public,"sra,fastq,run.zq","ncbi,gs,s3","ncbi.public,gs.us-east1,s3.us-east-1",human stool sample,human body,gut,feces,SRX1132207,USA,North America,USA,Homo sapiens,454 GS,NA,2313680_S94_L001_R1_001.fastq.2313680,PAIRED,PCR,METAGENOMIC,human gut metagenome,metagenome,LS454,2015-08-09T00:00:00Z,2015-08-04T14:14:00Z,1,-80C,2313680,2313680,Illumina MiSeq,SRP062005,0,79,0,0,31,NA,Uchime,0,1,adv Adenoma,0,0,male,185,0,1,0,paired-end,0,0,0,0,http://aem.asm.org/content/79/17/5112/suppl/DCSupplemental,FWD:GTGCCAGCMGCCGCGGTAA; REV:GGACTACHVGGGTWTCTAAT,toilet hat,http://aem.asm.org/content/79/17/5112.short,0,16S rRNA,V4,106,1,,,,,,
SRR2143649,AMPLICON,502,7850778,PRJNA290926,SAMN03939491,"MIMARKS.survey,MIGS/MIMS/MIMARKS.human-gut",5150954,UNIVERSITY OF MICHIGAN,NA,public,"run.zq,sra,fastq","s3,ncbi,gs","s3.us-east-1,gs.us-east1,ncbi.public",human stool sample,human body,gut,feces,SRX1132208,USA,North America,USA,Homo sapiens,454 GS,NA,2315650_S106_L001_R1_001.fastq.2315650,PAIRED,PCR,METAGENOMIC,human gut metagenome,metagenome,LS454,2015-08-09T00:00:00Z,2015-08-04T14:13:00Z,1,-80C,2315650,2315650,Illumina MiSeq,SRP062005,0,37,0,0,21.3,NA,Uchime,0,0,Normal,0,0,female,162,1,0,0,paired-end,0,0,0,0,http://aem.asm.org/content/79/17/5112/suppl/DCSupplemental,FWD:GTGCCAGCMGCCGCGGTAA; REV:GGACTACHVGGGTWTCTAAT,toilet hat,http://aem.asm.org/content/79/17/5112.short,1,16S rRNA,V4,56,1,,,,,,
SRR2143650,AMPLICON,502,22758672,PRJNA290926,SAMN03939492,"MIMARKS.survey,MIGS/MIMS/MIMARKS.human-gut",14894242,UNIVERSITY OF MICHIGAN,NA,public,"fastq,run.zq,sra","ncbi,gs,s3","gs.us-east1,s3.us-east-1,ncbi.public",human stool sample,human body,gut,feces,SRX1132209,USA,North America,USA,Homo sapiens,454 GS,NA,2321650_S92_L001_R1_001.fastq.2321650,PAIRED,PCR,METAGENOMIC,human gut metagenome,metagenome,LS454,2015-08-09T00:00:00Z,2015-08-04T14:14:00Z,1,-80C,2321650,2321650,Illumina MiSeq,SRP062005,0,41,0,1,20.1,NA,Uchime,0,0,Normal,0,148,male,167,0,1,0,paired-end,0,0,0,0,http://aem.asm.org/content/79/17/5112/suppl/DCSupplemental,FWD:GTGCCAGCMGCCGCGGTAA; REV:GGACTACHVGGGTWTCTAAT,toilet hat,http://aem.asm.org/content/79/17/5112.short,1,16S rRNA,V4,56,0,,,,,,
SRR2143652,AMPLICON,502,33068748,PRJNA290926,SAMN03939493,"MIMARKS.survey,MIGS/MIMS/MIMARKS.human-gut",22357230,UNIVERSITY OF MICHIGAN,NA,public,"sra,run.zq,fastq","s3,gs,ncbi","gs.us-east1,ncbi.public,s3.us-east-1",human stool sample,human body,gut,feces,SRX1132210,USA,North America,USA,Homo sapiens,454 GS,NA,2325660_S28_L001_R1_001.fastq.2325660,PAIRED,PCR,METAGENOMIC,human gut metagenome,metagenome,LS454,2015-08-09T00:00:00Z,2015-08-04T14:14:00Z,1,-80C,2325660,2325660,Illumina MiSeq,SRP062005,0,80,0,0,27.9,2,Uchime,0,0,Cancer,0,211,female,165,0,1,1,paired-end,0,1,0,0,http://aem.asm.org/content/79/17/5112/suppl/DCSupplemental,FWD:GTGCCAGCMGCCGCGGTAA; REV:GGACTACHVGGGTWTCTAAT,toilet hat,http://aem.asm.org/content/79/17/5112.short,0,16S rRNA,V4,76,1,,,,,,
SRR2143653,AMPLICON,502,21642224,PRJNA290926,SAMN03939494,"MIMARKS.survey,MIGS/MIMS/MIMARKS.human-gut",14217703,UNIVERSITY OF MICHIGAN,NA,public,"sra,run.zq","gs,s3,ncbi","ncbi.public,s3.us-east-1,gs.us-east1",human stool sample,human body,gut,feces,SRX1132211,USA,North America,USA,Homo sapiens,Illumina MiSeq,NA,2327650_S70_L001_R1_001.fastq.2327650,PAIRED,PCR,METAGENOMIC,human gut metagenome,metagenome,ILLUMINA,2015-08-09T00:00:00Z,2015-08-04T14:14:00Z,1,-80C,2327650,2327650,Illumina MiSeq,SRP062005,0,64,0,0,20.5,NA,Uchime,1,1,Adenoma,0,12,male,185,0,1,0,paired-end,0,0,0,0,http://aem.asm.org/content/79/17/5112/suppl/DCSupplemental,FWD:GTGCCAGCMGCCGCGGTAA; REV:GGACTACHVGGGTWTCTAAT,toilet hat,http://aem.asm.org/content/79/17/5112.short,0,16S rRNA,V4,70,1,,,,,,
SRR2143654,AMPLICON,502,16326044,PRJNA290926,SAMN03939495,"MIMARKS.survey,MIGS/MIMS/MIMARKS.human-gut",10477155,UNIVERSITY OF MICHIGAN,NA,public,"fastq,sra,run.zq","gs,s3,ncbi","ncbi.public,gs.us-east1,s3.us-east-1",human stool sample,human body,gut,feces,SRX1132212,USA,North America,USA,Homo sapiens,454 GS,NA,2329650_S107_L001_R1_001.fastq.2329650,PAIRED,PCR,METAGENOMIC,human gut metagenome,metagenome,LS454,2015-08-09T00:00:00Z,2015-08-04T14:14:00Z,1,-80C,2329650,2329650,Illumina MiSeq,SRP062005,0,55,0,0,27.1,NA,Uchime,0,0,Normal,0,0,female,162,0,0,1,paired-end,0,0,0,0,http://aem.asm.org/content/79/17/5112/suppl/DCSupplemental,FWD:GTGCCAGCMGCCGCGGTAA; REV:GGACTACHVGGGTWTCTAAT,toilet hat,http://aem.asm.org/content/79/17/5112.short,1,16S rRNA,V4,71,1,,,,,,
SRR2143655,AMPLICON,502,4551132,PRJNA290926,SAMN03939496,"MIMARKS.survey,MIGS/MIMS/MIMARKS.human-gut",3437893,UNIVERSITY OF MICHIGAN,NA,public,"sra,run.zq","ncbi,gs,s3","s3.us-east-1,ncbi.public,gs.us-east1",human stool sample,human body,gut,feces,SRX1132213,USA,North America,USA,Homo sapiens,Illumina MiSeq,NA,2335650_S144_L001_R1_001.fastq.2335650,PAIRED,PCR,METAGENOMIC,human gut metagenome,metagenome,ILLUMINA,2015-08-09T00:00:00Z,2015-08-04T14:13:00Z,1,-80C,2335650,2335650,Illumina MiSeq,SRP062005,0,67,0,0,29.7,NA,Uchime,1,1,adv Adenoma,0,79,female,162,0,1,0,paired-end,0,0,0,0,http://aem.asm.org/content/79/17/5112/suppl/DCSupplemental,FWD:GTGCCAGCMGCCGCGGTAA; REV:GGACTACHVGGGTWTCTAAT,toilet hat,http://aem.asm.org/content/79/17/5112.short,0,16S rRNA,V4,78,1,,,,,,
SRR2143656,AMPLICON,502,26205404,PRJNA290926,SAMN03939496,"MIMARKS.survey,MIGS/MIMS/MIMARKS.human-gut",16778114,UNIVERSITY OF MICHIGAN,NA,public,"run.zq,sra","ncbi,s3,gs","gs.us-east1,ncbi.public,s3.us-east-1",human stool sample,human body,gut,feces,SRX1132214,USA,North America,USA,Homo sapiens,Illumina MiSeq,NA,2335650_S54_L001_R1_001.fastq.2335650,PAIRED,PCR,METAGENOMIC,human gut metagenome,metagenome,ILLUMINA,2015-08-09T00:00:00Z,2015-08-04T14:13:00Z,1,-80C,2335650,2335650,Illumina MiSeq,SRP062005,0,67,0,0,29.7,NA,Uchime,1,1,adv Adenoma,0,79,female,162,0,1,0,paired-end,0,0,0,0,http://aem.asm.org/content/79/17/5112/suppl/DCSupplemental,FWD:GTGCCAGCMGCCGCGGTAA; REV:GGACTACHVGGGTWTCTAAT,toilet hat,http://aem.asm.org/content/79/17/5112.short,0,16S rRNA,V4,78,1,,,,,,
SRR2143657,AMPLICON,502,29446316,PRJNA290926,SAMN03939497,"MIMARKS.survey,MIGS/MIMS/MIMARKS.human-gut",18276310,UNIVERSITY OF MICHIGAN,NA,public,"sra,run.zq,fastq","s3,gs,ncbi","ncbi.public,s3.us-east-1,gs.us-east1",human stool sample,human body,gut,feces,SRX1132215,USA,North America,USA,Homo sapiens,454 GS,NA,2337650_S10_L001_R1_001.fastq.2337650,PAIRED,PCR,METAGENOMIC,human gut metagenome,metagenome,LS454,2015-08-09T00:00:00Z,2015-08-04T14:13:00Z,1,-80C,2337650,2337650,Illumina MiSeq,SRP062005,0,62,0,0,20.6,NA,Uchime,0,0,High Risk Normal,0,0,female,165,0,1,0,paired-end,0,1,0,0,http://aem.asm.org/content/79/17/5112/suppl/DCSupplemental,FWD:GTGCCAGCMGCCGCGGTAA; REV:GGACTACHVGGGTWTCTAAT,toilet hat,http://aem.asm.org/content/79/17/5112.short,1,16S rRNA,V4,56,1,,,,,,
SRR2143658,AMPLICON,502,7948668,PRJNA290926,SAMN03939497,"MIMARKS.survey,MIGS/MIMS/MIMARKS.human-gut",5928528,UNIVERSITY OF MICHIGAN,NA,public,"fastq,run.zq,sra","gs,s3,ncbi","gs.us-east1,ncbi.public,s3.us-east-1",human stool sample,human body,gut,feces,SRX1132216,USA,North America,USA,Homo sapiens,454 GS,NA,2337650_S28_L001_R1_001.fastq.2337650,PAIRED,PCR,METAGENOMIC,human gut metagenome,metagenome,LS454,2015-08-09T00:00:00Z,2015-08-04T14:13:00Z,1,-80C,2337650,2337650,Illumina MiSeq,SRP062005,0,62,0,0,20.6,NA,Uchime,0,0,High Risk Normal,0,0,female,165,0,1,0,paired-end,0,1,0,0,http://aem.asm.org/content/79/17/5112/suppl/DCSupplemental,FWD:GTGCCAGCMGCCGCGGTAA; REV:GGACTACHVGGGTWTCTAAT,toilet hat,http://aem.asm.org/content/79/17/5112.short,1,16S rRNA,V4,56,1,,,,,,
SRR2143659,AMPLICON,502,28940300,PRJNA290926,SAMN03939498,"MIMARKS.survey,MIGS/MIMS/MIMARKS.human-gut",19593087,UNIVERSITY OF MICHIGAN,NA,public,"sra,fastq,run.zq","gs,ncbi,s3","ncbi.public,s3.us-east-1,gs.us-east1",human stool sample,human body,gut,feces,SRX1132217,USA,North America,USA,Homo sapiens,454 GS,NA,2339651_S165_L001_R1_001.fastq.2339651,PAIRED,PCR,METAGENOMIC,human gut metagenome,metagenome,LS454,2015-08-09T00:00:00Z,2015-08-04T14:13:00Z,1,-80C,2339651,2339651,Illumina MiSeq,SRP062005,0,45,0,0,24.4,3,Uchime,0,0,Cancer,0,1278,male,167,1,1,1,paired-end,0,0,0,0,http://aem.asm.org/content/79/17/5112/suppl/DCSupplemental,FWD:GTGCCAGCMGCCGCGGTAA; REV:GGACTACHVGGGTWTCTAAT,toilet hat,http://aem.asm.org/content/79/17/5112.short,1,16S rRNA,V4,68,1,,,,,,
SRR2143660,AMPLICON,502,18839558,PRJNA290926,SAMN03939499,"MIMARKS.survey,MIGS/MIMS/MIMARKS.human-gut",13926812,UNIVERSITY OF MICHIGAN,NA,public,"sra,run.zq,fastq","gs,ncbi,s3","ncbi.public,gs.us-east1,s3.us-east-1",human stool sample,human body,gut,feces,SRX1132218,USA,North America,USA,Homo sapiens,454 GS,NA,2341650_S51_L001_R1_001.fastq.2341650,PAIRED,PCR,METAGENOMIC,human gut metagenome,metagenome,LS454,2015-08-09T00:00:00Z,2015-08-04T14:13:00Z,1,-80C,2341650,2341650,Illumina MiSeq,SRP062005,0,59,0,0,22.6,NA,Uchime,0,0,High Risk Normal,0,0,female,167,1,1,1,paired-end,0,0,0,0,http://aem.asm.org/content/79/17/5112/suppl/DCSupplemental,FWD:GTGCCAGCMGCCGCGGTAA; REV:GGACTACHVGGGTWTCTAAT,toilet hat,http://aem.asm.org/content/79/17/5112.short,0,16S rRNA,V4,63,1,,,,,,
SRR2143662,AMPLICON,502,54437382,PRJNA290926,SAMN03939500,"MIMARKS.survey,MIGS/MIMS/MIMARKS.human-gut",36021346,UNIVERSITY OF MICHIGAN,NA,public,"fastq,run.zq,sra","s3,gs,ncbi","s3.us-east-1,ncbi.public,gs.us-east1",human stool sample,human body,gut,feces,SRX1132219,USA,North America,USA,Homo sapiens,454 GS,NA,2343650_S91_L001_R1_001.fastq.2343650,PAIRED,PCR,METAGENOMIC,human gut metagenome,metagenome,LS454,2015-08-09T00:00:00Z,2015-08-04T14:13:00Z,1,-80C,2343650,2343650,Illumina MiSeq,SRP062005,0,72,0,0,30.8,3,Uchime,0,0,Cancer,0,30,male,167,0,1,1,paired-end,0,0,0,0,http://aem.asm.org/content/79/17/5112/suppl/DCSupplemental,FWD:GTGCCAGCMGCCGCGGTAA; REV:GGACTACHVGGGTWTCTAAT,toilet hat,http://aem.asm.org/content/79/17/5112.short,1,16S rRNA,V4,86,1,,,,,,
SRR2143663,AMPLICON,502,15476158,PRJNA290926,SAMN03939501,"MIMARKS.survey,MIGS/MIMS/MIMARKS.human-gut",10179230,UNIVERSITY OF MICHIGAN,NA,public,"sra,run.zq,fastq","ncbi,gs,s3","ncbi.public,s3.us-east-1,gs.us-east1",human stool sample,human body,gut,feces,SRX1132220,USA,North America,USA,Homo sapiens,454 GS,NA,2349653_S120_L001_R1_001.fastq.2349653,PAIRED,PCR,METAGENOMIC,human gut metagenome,metagenome,LS454,2015-08-09T00:00:00Z,2015-08-04T14:13:00Z,1,-80C,2349653,2349653,Illumina MiSeq,SRP062005,0,78,0,0,27.2,2,Uchime,1,0,Cancer,0,668,female,180,1,1,0,paired-end,0,0,0,0,http://aem.asm.org/content/79/17/5112/suppl/DCSupplemental,FWD:GTGCCAGCMGCCGCGGTAA; REV:GGACTACHVGGGTWTCTAAT,toilet hat,http://aem.asm.org/content/79/17/5112.short,0,16S rRNA,V4,88,1,,,,,,
SRR2143664,AMPLICON,502,21554374,PRJNA290926,SAMN03939502,"MIMARKS.survey,MIGS/MIMS/MIMARKS.human-gut",13895334,UNIVERSITY OF MICHIGAN,NA,public,"sra,run.zq,fastq","s3,gs,ncbi","gs.us-east1,ncbi.public,s3.us-east-1",human stool sample,human body,gut,feces,SRX1132221,USA,North America,USA,Homo sapiens,454 GS,NA,2353670_S127_L001_R1_001.fastq.2353670,PAIRED,PCR,METAGENOMIC,human gut metagenome,metagenome,LS454,2015-08-09T00:00:00Z,2015-08-04T14:13:00Z,1,-80C,2353670,2353670,Illumina MiSeq,SRP062005,0,70,0,0,30.9,NA,Uchime,0,0,High Risk Normal,0,0,male,187,0,1,0,paired-end,0,1,0,0,http://aem.asm.org/content/79/17/5112/suppl/DCSupplemental,FWD:GTGCCAGCMGCCGCGGTAA; REV:GGACTACHVGGGTWTCTAAT,toilet hat,http://aem.asm.org/content/79/17/5112.short,1,16S rRNA,V4,108,1,,,,,,
SRR2143665,AMPLICON,502,29178750,PRJNA290926,SAMN03939503,"MIMARKS.survey,MIGS/MIMS/MIMARKS.human-gut",19446159,UNIVERSITY OF MICHIGAN,NA,public,"run.zq,sra","s3,gs,ncbi","ncbi.public,s3.us-east-1,gs.us-east1",human stool sample,human body,gut,feces,SRX1132223,USA,North America,USA,Homo sapiens,Illumina MiSeq,NA,2355653_S179_L001_R1_001.fastq.2355653,PAIRED,PCR,METAGENOMIC,human gut metagenome,metagenome,ILLUMINA,2015-08-09T00:00:00Z,2015-08-04T14:13:00Z,1,-80C,2355653,2355653,Illumina MiSeq,SRP062005,0,70,0,0,23.3,3,Uchime,0,0,Cancer,0,29,male,167,0,1,1,paired-end,0,0,0,0,http://aem.asm.org/content/79/17/5112/suppl/DCSupplemental,FWD:GTGCCAGCMGCCGCGGTAA; REV:GGACTACHVGGGTWTCTAAT,toilet hat,http://aem.asm.org/content/79/17/5112.short,0,16S rRNA,V4,65,1,,,,,,
SRR2143666,AMPLICON,502,17727126,PRJNA290926,SAMN03939504,"MIMARKS.survey,MIGS/MIMS/MIMARKS.human-gut",11820734,UNIVERSITY OF MICHIGAN,NA,public,"fastq,sra,run.zq","s3,ncbi,gs","s3.us-east-1,gs.us-east1,ncbi.public",human stool sample,human body,gut,feces,SRX1132224,USA,North America,USA,Homo sapiens,454 GS,NA,2359650_S81_L001_R1_001.fastq.2359650,PAIRED,PCR,METAGENOMIC,human gut metagenome,metagenome,LS454,2015-08-09T00:00:00Z,2015-08-04T14:13:00Z,1,-80C,2359650,2359650,Illumina MiSeq,SRP062005,0,72,0,0,25.8,NA,Uchime,0,0,adv Adenoma,0,1341,male,167,0,0,0,paired-end,0,1,0,0,http://aem.asm.org/content/79/17/5112/suppl/DCSupplemental,FWD:GTGCCAGCMGCCGCGGTAA; REV:GGACTACHVGGGTWTCTAAT,toilet hat,http://aem.asm.org/content/79/17/5112.short,0,16S rRNA,V4,72,1,,,,,,
SRR2143667,AMPLICON,502,8789518,PRJNA290926,SAMN03939505,"MIMARKS.survey,MIGS/MIMS/MIMARKS.human-gut",5886466,UNIVERSITY OF MICHIGAN,NA,public,"sra,run.zq","s3,ncbi,gs","gs.us-east1,s3.us-east-1,ncbi.public",human stool sample,human body,gut,feces,SRX1132225,USA,North America,USA,Homo sapiens,Illumina MiSeq,NA,2365651_S148_L001_R1_001.fastq.2365651,PAIRED,PCR,METAGENOMIC,human gut metagenome,metagenome,ILLUMINA,2015-08-09T00:00:00Z,2015-08-04T14:12:00Z,1,-80C,2365651,2365651,Illumina MiSeq,SRP062005,0,62,0,0,29.9,3,Uchime,0,0,Cancer,0,1,female,154,0,0,1,paired-end,0,0,0,0,http://aem.asm.org/content/79/17/5112/suppl/DCSupplemental,FWD:GTGCCAGCMGCCGCGGTAA; REV:GGACTACHVGGGTWTCTAAT,toilet hat,http://aem.asm.org/content/79/17/5112.short,1,16S rRNA,V4,71,1,,,,,,
SRR2143668,AMPLICON,502,46659394,PRJNA290926,SAMN03939506,"MIMARKS.survey,MIGS/MIMS/MIMARKS.human-gut",29548927,UNIVERSITY OF MICHIGAN,NA,public,"sra,fastq,run.zq","ncbi,gs,s3","gs.us-east1,ncbi.public,s3.us-east-1",human stool sample,human body,gut,feces,SRX1132226,USA,North America,USA,Homo sapiens,454 GS,NA,2367650_S86_L001_R1_001.fastq.2367650,PAIRED,PCR,METAGENOMIC,human gut metagenome,metagenome,LS454,2015-08-09T00:00:00Z,2015-08-04T14:12:00Z,1,-80C,2367650,2367650,Illumina MiSeq,SRP062005,0,64,0,0,30.6,NA,Uchime,0,0,Normal,0,0,male,180,0,1,0,paired-end,0,0,0,0,http://aem.asm.org/content/79/17/5112/suppl/DCSupplemental,FWD:GTGCCAGCMGCCGCGGTAA; REV:GGACTACHVGGGTWTCTAAT,toilet hat,http://aem.asm.org/content/79/17/5112.short,1,16S rRNA,V4,99,1,,,,,,
SRR2143669,AMPLICON,502,118173812,PRJNA290926,SAMN03939507,"MIMARKS.survey,MIGS/MIMS/MIMARKS.human-gut",77444556,UNIVERSITY OF MICHIGAN,NA,public,"run.zq,fastq,sra","s3,ncbi,gs","s3.us-east-1,ncbi.public,gs.us-east1",human stool sample,human body,gut,feces,SRX1132227,USA,North America,USA,Homo sapiens,454 GS,NA,2373690_S166_L001_R1_001.fastq.2373690,PAIRED,PCR,METAGENOMIC,human gut metagenome,metagenome,LS454,2015-08-09T00:00:00Z,2015-08-04T14:13:00Z,1,-80C,2373690,2373690,Illumina MiSeq,SRP062005,0,80,0,0,30.1,4,Uchime,0,0,Cancer,0,70,female,162,0,0,0,paired-end,0,0,0,0,http://aem.asm.org/content/79/17/5112/suppl/DCSupplemental,FWD:GTGCCAGCMGCCGCGGTAA; REV:GGACTACHVGGGTWTCTAAT,toilet hat,http://aem.asm.org/content/79/17/5112.short,0,16S rRNA,V4,79,1,,,,,,
SRR2143670,AMPLICON,502,13095674,PRJNA290926,SAMN03939508,"MIMARKS.survey,MIGS/MIMS/MIMARKS.human-gut",9726151,UNIVERSITY OF MICHIGAN,NA,public,"sra,fastq,run.zq","gs,s3,ncbi","s3.us-east-1,gs.us-east1,ncbi.public",human stool sample,human body,gut,feces,SRX1132228,USA,North America,USA,Homo sapiens,454 GS,NA,2375650_S149_L001_R1_001.fastq.2375650,PAIRED,PCR,METAGENOMIC,human gut metagenome,metagenome,LS454,2015-08-09T00:00:00Z,2015-08-04T14:12:00Z,1,-80C,2375650,2375650,Illumina MiSeq,SRP062005,0,72,0,0,23.8,NA,Uchime,0,0,Adenoma,0,0,female,160,0,1,0,paired-end,0,0,0,0,http://aem.asm.org/content/79/17/5112/suppl/DCSupplemental,FWD:GTGCCAGCMGCCGCGGTAA; REV:GGACTACHVGGGTWTCTAAT,toilet hat,http://aem.asm.org/content/79/17/5112.short,1,16S rRNA,V4,61,1,,,,,,
SRR2143671,AMPLICON,502,37361852,PRJNA290926,SAMN03939509,"MIMARKS.survey,MIGS/MIMS/MIMARKS.human-gut",23310643,UNIVERSITY OF MICHIGAN,NA,public,"sra,run.zq,fastq","gs,s3,ncbi","ncbi.public,s3.us-east-1,gs.us-east1",human stool sample,human body,gut,feces,SRX1132229,USA,North America,USA,Homo sapiens,454 GS,NA,2379653_S4_L001_R1_001.fastq.2379653,PAIRED,PCR,METAGENOMIC,human gut metagenome,metagenome,LS454,2015-08-09T00:00:00Z,2015-08-04T14:13:00Z,1,-80C,2379653,2379653,Illumina MiSeq,SRP062005,0,41,0,0,25.7,NA,Uchime,0,0,adv Adenoma,0,0,female,165,0,1,0,paired-end,0,0,0,0,http://aem.asm.org/content/79/17/5112/suppl/DCSupplemental,FWD:GTGCCAGCMGCCGCGGTAA; REV:GGACTACHVGGGTWTCTAAT,toilet hat,http://aem.asm.org/content/79/17/5112.short,0,16S rRNA,V4,70,1,,,,,,
SRR2143672,AMPLICON,502,35201746,PRJNA290926,SAMN03939510,"MIMARKS.survey,MIGS/MIMS/MIMARKS.human-gut",21832499,UNIVERSITY OF MICHIGAN,NA,public,"fastq,run.zq,sra","ncbi,gs,s3","s3.us-east-1,ncbi.public,gs.us-east1",human stool sample,human body,gut,feces,SRX1132230,USA,North America,USA,Homo sapiens,454 GS,NA,2389650_S15_L001_R1_001.fastq.2389650,PAIRED,PCR,METAGENOMIC,human gut metagenome,metagenome,LS454,2015-08-09T00:00:00Z,2015-08-04T14:12:00Z,1,-80C,2389650,2389650,Illumina MiSeq,SRP062005,0,60,0,0,32.4,NA,Uchime,0,0,Normal,0,0,male,185,0,1,1,paired-end,0,0,0,0,http://aem.asm.org/content/79/17/5112/suppl/DCSupplemental,FWD:GTGCCAGCMGCCGCGGTAA; REV:GGACTACHVGGGTWTCTAAT,toilet hat,http://aem.asm.org/content/79/17/5112.short,1,16S rRNA,V4,111,1,,,,,,
SRR2143673,AMPLICON,502,19852594,PRJNA290926,SAMN03939511,"MIMARKS.survey,MIGS/MIMS/MIMARKS.human-gut",12913514,UNIVERSITY OF MICHIGAN,NA,public,"sra,fastq,run.zq","s3,gs,ncbi","ncbi.public,s3.us-east-1,gs.us-east1",human stool sample,human body,gut,feces,SRX1132231,USA,North America,USA,Homo sapiens,454 GS,NA,2393650_S87_L001_R1_001.fastq.2393650,PAIRED,PCR,METAGENOMIC,human gut metagenome,metagenome,LS454,2015-08-09T00:00:00Z,2015-08-04T14:13:00Z,1,-80C,2393650,2393650,Illumina MiSeq,SRP062005,0,80,0,0,28.1,NA,Uchime,0,0,adv Adenoma,0,2544,male,172,0,1,0,paired-end,0,0,0,0,http://aem.asm.org/content/79/17/5112/suppl/DCSupplemental,FWD:GTGCCAGCMGCCGCGGTAA; REV:GGACTACHVGGGTWTCTAAT,toilet hat,http://aem.asm.org/content/79/17/5112.short,0,16S rRNA,V4,83,1,,,,,,
SRR2143674,AMPLICON,502,15892316,PRJNA290926,SAMN03939512,"MIMARKS.survey,MIGS/MIMS/MIMARKS.human-gut",10518104,UNIVERSITY OF MICHIGAN,NA,public,"sra,run.zq,fastq","s3,ncbi,gs","gs.us-east1,s3.us-east-1,ncbi.public",human stool sample,human body,gut,feces,SRX1132232,USA,North America,USA,Homo sapiens,454 GS,NA,2395670_S134_L001_R1_001.fastq.2395670,PAIRED,PCR,METAGENOMIC,human gut metagenome,metagenome,LS454,2015-08-09T00:00:00Z,2015-08-04T14:12:00Z,1,-80C,2395670,2395670,Illumina MiSeq,SRP062005,0,85,0,0,27.8,1,Uchime,0,0,Cancer,0,938,male,180,0,0,0,paired-end,0,1,0,0,http://aem.asm.org/content/79/17/5112/suppl/DCSupplemental,FWD:GTGCCAGCMGCCGCGGTAA; REV:GGACTACHVGGGTWTCTAAT,toilet hat,http://aem.asm.org/content/79/17/5112.short,1,16S rRNA,V4,90,1,,,,,,
SRR2143675,AMPLICON,502,21685898,PRJNA290926,SAMN03939513,"MIMARKS.survey,MIGS/MIMS/MIMARKS.human-gut",14216894,UNIVERSITY OF MICHIGAN,NA,public,"fastq,sra,run.zq","gs,ncbi,s3","s3.us-east-1,gs.us-east1,ncbi.public",human stool sample,human body,gut,feces,SRX1132233,USA,North America,USA,Homo sapiens,454 GS,NA,2399670_S123_L001_R1_001.fastq.2399670,PAIRED,PCR,METAGENOMIC,human gut metagenome,metagenome,LS454,2015-08-09T00:00:00Z,2015-08-04T14:12:00Z,1,-80C,2399670,2399670,Illumina MiSeq,SRP062005,0,78,0,0,25.2,2,Uchime,0,0,Cancer,0,1724,male,177,0,0,0,paired-end,0,0,0,0,http://aem.asm.org/content/79/17/5112/suppl/DCSupplemental,FWD:GTGCCAGCMGCCGCGGTAA; REV:GGACTACHVGGGTWTCTAAT,toilet hat,http://aem.asm.org/content/79/17/5112.short,1,16S rRNA,V4,79,1,,,,,,
SRR2143676,AMPLICON,502,22075952,PRJNA290926,SAMN03939514,"MIMARKS.survey,MIGS/MIMS/MIMARKS.human-gut",14695100,UNIVERSITY OF MICHIGAN,NA,public,"sra,run.zq","ncbi,s3,gs","s3.us-east-1,ncbi.public,gs.us-east1",human stool sample,human body,gut,feces,SRX1132235,USA,North America,USA,Homo sapiens,Illumina MiSeq,NA,2405680_S32_L001_R1_001.fastq.2405680,PAIRED,PCR,METAGENOMIC,human gut metagenome,metagenome,ILLUMINA,2015-08-09T00:00:00Z,2015-08-04T14:13:00Z,1,-80C,2405680,2405680,Illumina MiSeq,SRP062005,0,84,0,0,31.6,2,Uchime,0,0,Cancer,0,420,female,157,0,1,1,paired-end,0,0,0,0,http://aem.asm.org/content/79/17/5112/suppl/DCSupplemental,FWD:GTGCCAGCMGCCGCGGTAA; REV:GGACTACHVGGGTWTCTAAT,toilet hat,http://aem.asm.org/content/79/17/5112.short,0,16S rRNA,V4,78,1,,,,,,
SRR2143677,AMPLICON,502,11137372,PRJNA290926,SAMN03939515,"MIMARKS.survey,MIGS/MIMS/MIMARKS.human-gut",7351489,UNIVERSITY OF MICHIGAN,NA,public,"sra,run.zq","s3,ncbi,gs","ncbi.public,gs.us-east1,s3.us-east-1",human stool sample,human body,gut,feces,SRX1132236,USA,North America,USA,Homo sapiens,Illumina MiSeq,NA,2409670_S124_L001_R1_001.fastq.2409670,PAIRED,PCR,METAGENOMIC,human gut metagenome,metagenome,ILLUMINA,2015-08-09T00:00:00Z,2015-08-04T14:13:00Z,1,-80C,2409670,2409670,Illumina MiSeq,SRP062005,0,80,0,0,26.8,2,Uchime,0,0,Cancer,0,237,male,195,0,1,0,paired-end,0,1,0,0,http://aem.asm.org/content/79/17/5112/suppl/DCSupplemental,FWD:GTGCCAGCMGCCGCGGTAA; REV:GGACTACHVGGGTWTCTAAT,toilet hat,http://aem.asm.org/content/79/17/5112.short,0,16S rRNA,V4,102,1,,,,,,
SRR2143679,AMPLICON,502,113076504,PRJNA290926,SAMN03939516,"MIMARKS.survey,MIGS/MIMS/MIMARKS.human-gut",72900173,UNIVERSITY OF MICHIGAN,NA,public,"sra,run.zq,fastq","s3,ncbi,gs","gs.us-east1,s3.us-east-1,ncbi.public",human stool sample,human body,gut,feces,SRX1132237,USA,North America,USA,Homo sapiens,454 GS,NA,2411660_S122_L001_R1_001.fastq.2411660,PAIRED,PCR,METAGENOMIC,human gut metagenome,metagenome,LS454,2015-08-09T00:00:00Z,2015-08-04T14:13:00Z,1,-80C,2411660,2411660,Illumina MiSeq,SRP062005,0,69,0,0,26.7,NA,Uchime,0,0,adv Adenoma,0,0,male,172,0,1,1,paired-end,0,1,0,0,http://aem.asm.org/content/79/17/5112/suppl/DCSupplemental,FWD:GTGCCAGCMGCCGCGGTAA; REV:GGACTACHVGGGTWTCTAAT,toilet hat,http://aem.asm.org/content/79/17/5112.short,1,16S rRNA,V4,79,1,,,,,,
SRR2143680,AMPLICON,502,43590166,PRJNA290926,SAMN03939517,"MIMARKS.survey,MIGS/MIMS/MIMARKS.human-gut",27472364,UNIVERSITY OF MICHIGAN,NA,public,"run.zq,sra","gs,s3,ncbi","s3.us-east-1,ncbi.public,gs.us-east1",human stool sample,human body,gut,feces,SRX1132238,USA,North America,USA,Homo sapiens,Illumina MiSeq,NA,2413660_S13_L001_R1_001.fastq.2413660,PAIRED,PCR,METAGENOMIC,human gut metagenome,metagenome,ILLUMINA,2015-08-09T00:00:00Z,2015-08-04T14:12:00Z,1,-80C,2413660,2413660,Illumina MiSeq,SRP062005,0,68,0,0,34.5,NA,Uchime,0,0,adv Adenoma,0,0,female,157,0,1,1,paired-end,0,1,0,0,http://aem.asm.org/content/79/17/5112/suppl/DCSupplemental,FWD:GTGCCAGCMGCCGCGGTAA; REV:GGACTACHVGGGTWTCTAAT,toilet hat,http://aem.asm.org/content/79/17/5112.short,1,16S rRNA,V4,85,1,,,,,,
SRR2143681,AMPLICON,502,55407748,PRJNA290926,SAMN03939518,"MIMARKS.survey,MIGS/MIMS/MIMARKS.human-gut",35096989,UNIVERSITY OF MICHIGAN,NA,public,"fastq,sra,run.zq","ncbi,gs,s3","s3.us-east-1,gs.us-east1,ncbi.public",human stool sample,human body,gut,feces,SRX1132239,USA,North America,USA,Homo sapiens,454 GS,NA,2419660_S37_L001_R1_001.fastq.2419660,PAIRED,PCR,METAGENOMIC,human gut metagenome,metagenome,LS454,2015-08-09T00:00:00Z,2015-08-04T14:13:00Z,1,-80C,2419660,2419660,Illumina MiSeq,SRP062005,0,68,0,0,26.6,1,Uchime,0,0,Cancer,0,994,male,170,0,1,0,paired-end,0,0,0,0,http://aem.asm.org/content/79/17/5112/suppl/DCSupplemental,FWD:GTGCCAGCMGCCGCGGTAA; REV:GGACTACHVGGGTWTCTAAT,toilet hat,http://aem.asm.org/content/79/17/5112.short,1,16S rRNA,V4,77,1,,,,,,
SRR2143682,AMPLICON,502,24081944,PRJNA290926,SAMN03939519,"MIMARKS.survey,MIGS/MIMS/MIMARKS.human-gut",15859089,UNIVERSITY OF MICHIGAN,NA,public,"run.zq,fastq,sra","s3,gs,ncbi","gs.us-east1,s3.us-east-1,ncbi.public",human stool sample,human body,gut,feces,SRX1132240,USA,North America,USA,Homo sapiens,454 GS,NA,2421651_S160_L001_R1_001.fastq.2421651,PAIRED,PCR,METAGENOMIC,human gut metagenome,metagenome,LS454,2015-08-09T00:00:00Z,2015-08-04T14:12:00Z,1,-80C,2421651,2421651,Illumina MiSeq,SRP062005,0,47,0,0,28.9,1,Uchime,0,0,Cancer,0,133,female,160,0,1,1,paired-end,0,0,0,0,http://aem.asm.org/content/79/17/5112/suppl/DCSupplemental,FWD:GTGCCAGCMGCCGCGGTAA; REV:GGACTACHVGGGTWTCTAAT,toilet hat,http://aem.asm.org/content/79/17/5112.short,1,16S rRNA,V4,74,1,,,,,,
SRR2143683,AMPLICON,502,26094964,PRJNA290926,SAMN03939520,"MIMARKS.survey,MIGS/MIMS/MIMARKS.human-gut",16380111,UNIVERSITY OF MICHIGAN,NA,public,"fastq,sra,run.zq","s3,ncbi,gs","s3.us-east-1,gs.us-east1,ncbi.public",human stool sample,human body,gut,feces,SRX1132241,USA,North America,USA,Homo sapiens,454 GS,NA,2427660_S49_L001_R1_001.fastq.2427660,PAIRED,PCR,METAGENOMIC,human gut metagenome,metagenome,LS454,2015-08-09T00:00:00Z,2015-08-04T14:12:00Z,1,-80C,2427660,2427660,Illumina MiSeq,SRP062005,1,56,0,0,22.8,NA,Uchime,0,0,Normal,0,0,female,170,0,0,0,paired-end,0,0,0,0,http://aem.asm.org/content/79/17/5112/suppl/DCSupplemental,FWD:GTGCCAGCMGCCGCGGTAA; REV:GGACTACHVGGGTWTCTAAT,toilet hat,http://aem.asm.org/content/79/17/5112.short,0,16S rRNA,V4,66,1,,,,,,
SRR2143684,AMPLICON,502,16153356,PRJNA290926,SAMN03939521,"MIMARKS.survey,MIGS/MIMS/MIMARKS.human-gut",10383773,UNIVERSITY OF MICHIGAN,NA,public,"run.zq,sra","s3,ncbi,gs","s3.us-east-1,gs.us-east1,ncbi.public",human stool sample,human body,gut,feces,SRX1132242,USA,North America,USA,Homo sapiens,Illumina MiSeq,NA,2431660_S114_L001_R1_001.fastq.2431660,PAIRED,PCR,METAGENOMIC,human gut metagenome,metagenome,ILLUMINA,2015-08-09T00:00:00Z,2015-08-04T14:12:00Z,1,-80C,2431660,2431660,Illumina MiSeq,SRP062005,0,62,0,1,25.8,3,Uchime,0,0,Cancer,0,1297,male,167,0,1,1,paired-end,0,0,0,0,http://aem.asm.org/content/79/17/5112/suppl/DCSupplemental,FWD:GTGCCAGCMGCCGCGGTAA; REV:GGACTACHVGGGTWTCTAAT,toilet hat,http://aem.asm.org/content/79/17/5112.short,0,16S rRNA,V4,72,0,,,,,,
SRR2143685,AMPLICON,502,11180042,PRJNA290926,SAMN03939522,"MIMARKS.survey,MIGS/MIMS/MIMARKS.human-gut",8264158,UNIVERSITY OF MICHIGAN,NA,public,"sra,fastq,run.zq","ncbi,gs,s3","s3.us-east-1,ncbi.public,gs.us-east1",human stool sample,human body,gut,feces,SRX1132243,USA,North America,USA,Homo sapiens,454 GS,NA,2433650_S153_L001_R1_001.fastq.2433650,PAIRED,PCR,METAGENOMIC,human gut metagenome,metagenome,LS454,2015-08-09T00:00:00Z,2015-08-04T14:12:00Z,1,-80C,2433650,2433650,Illumina MiSeq,SRP062005,0,67,0,0,24.5,NA,Uchime,1,1,adv Adenoma,0,0,male,175,0,1,1,paired-end,0,0,0,0,http://aem.asm.org/content/79/17/5112/suppl/DCSupplemental,FWD:GTGCCAGCMGCCGCGGTAA; REV:GGACTACHVGGGTWTCTAAT,toilet hat,http://aem.asm.org/content/79/17/5112.short,1,16S rRNA,V4,75,1,,,,,,
SRR2143686,AMPLICON,502,82176898,PRJNA290926,SAMN03939523,"MIMARKS.survey,MIGS/MIMS/MIMARKS.human-gut",53541808,UNIVERSITY OF MICHIGAN,NA,public,"sra,fastq,run.zq","gs,s3,ncbi","ncbi.public,gs.us-east1,s3.us-east-1",human stool sample,human body,gut,feces,SRX1132244,USA,North America,USA,Homo sapiens,454 GS,NA,2435680_S131_L001_R1_001.fastq.2435680,PAIRED,PCR,METAGENOMIC,human gut metagenome,metagenome,LS454,2015-08-09T00:00:00Z,2015-08-04T14:12:00Z,1,-80C,2435680,2435680,Illumina MiSeq,SRP062005,0,56,0,0,20.2,NA,Uchime,0,0,Adenoma,0,0,male,185,0,0,0,paired-end,0,0,0,0,http://aem.asm.org/content/79/17/5112/suppl/DCSupplemental,FWD:GTGCCAGCMGCCGCGGTAA; REV:GGACTACHVGGGTWTCTAAT,toilet hat,http://aem.asm.org/content/79/17/5112.short,0,16S rRNA,V4,69,1,,,,,,
SRR2143687,AMPLICON,502,31017576,PRJNA290926,SAMN03939524,"MIMARKS.survey,MIGS/MIMS/MIMARKS.human-gut",20638684,UNIVERSITY OF MICHIGAN,NA,public,"run.zq,sra","gs,ncbi,s3","ncbi.public,s3.us-east-1,gs.us-east1",human stool sample,human body,gut,feces,SRX1132245,USA,North America,USA,Homo sapiens,Illumina MiSeq,NA,2437680_S24_L001_R1_001.fastq.2437680,PAIRED,PCR,METAGENOMIC,human gut metagenome,metagenome,ILLUMINA,2015-08-09T00:00:00Z,2015-08-04T14:12:00Z,1,-80C,2437680,2437680,Illumina MiSeq,SRP062005,0,59,0,1,23.8,NA,Uchime,0,0,adv Adenoma,0,0,male,180,0,1,0,paired-end,0,0,0,0,http://aem.asm.org/content/79/17/5112/suppl/DCSupplemental,FWD:GTGCCAGCMGCCGCGGTAA; REV:GGACTACHVGGGTWTCTAAT,toilet hat,http://aem.asm.org/content/79/17/5112.short,0,16S rRNA,V4,77,0,,,,,,
SRR2143688,AMPLICON,502,6842260,PRJNA290926,SAMN03939525,"MIMARKS.survey,MIGS/MIMS/MIMARKS.human-gut",4599928,UNIVERSITY OF MICHIGAN,NA,public,"run.zq,sra","gs,ncbi,s3","gs.us-east1,ncbi.public,s3.us-east-1",human stool sample,human body,gut,feces,SRX1132246,USA,North America,USA,Homo sapiens,Illumina MiSeq,NA,2447651_S181_L001_R1_001.fastq.2447651,PAIRED,PCR,METAGENOMIC,human gut metagenome,metagenome,ILLUMINA,2015-08-09T00:00:00Z,2015-08-04T14:12:00Z,1,-80C,2447651,2447651,Illumina MiSeq,SRP062005,0,86,0,0,23.3,NA,Uchime,0,0,adv Adenoma,0,0,male,177,0,1,0,paired-end,0,0,0,0,http://aem.asm.org/content/79/17/5112/suppl/DCSupplemental,FWD:GTGCCAGCMGCCGCGGTAA; REV:GGACTACHVGGGTWTCTAAT,toilet hat,http://aem.asm.org/content/79/17/5112.short,0,16S rRNA,V4,73,1,,,,,,
SRR2143689,AMPLICON,502,10281964,PRJNA290926,SAMN03939525,"MIMARKS.survey,MIGS/MIMS/MIMARKS.human-gut",6425677,UNIVERSITY OF MICHIGAN,NA,public,"run.zq,sra","gs,ncbi,s3","s3.us-east-1,ncbi.public,gs.us-east1",human stool sample,human body,gut,feces,SRX1132247,USA,North America,USA,Homo sapiens,Illumina MiSeq,NA,2447651_S36_L001_R1_001.fastq.2447651,PAIRED,PCR,METAGENOMIC,human gut metagenome,metagenome,ILLUMINA,2015-08-09T00:00:00Z,2015-08-04T14:12:00Z,1,-80C,2447651,2447651,Illumina MiSeq,SRP062005,0,86,0,0,23.3,NA,Uchime,0,0,adv Adenoma,0,0,male,177,0,1,0,paired-end,0,0,0,0,http://aem.asm.org/content/79/17/5112/suppl/DCSupplemental,FWD:GTGCCAGCMGCCGCGGTAA; REV:GGACTACHVGGGTWTCTAAT,toilet hat,http://aem.asm.org/content/79/17/5112.short,0,16S rRNA,V4,73,1,,,,,,
SRR2143690,AMPLICON,502,9129874,PRJNA290926,SAMN03939526,"MIMARKS.survey,MIGS/MIMS/MIMARKS.human-gut",6849893,UNIVERSITY OF MICHIGAN,NA,public,"run.zq,fastq,sra","gs,s3,ncbi","ncbi.public,gs.us-east1,s3.us-east-1",human stool sample,human body,gut,feces,SRX1132248,USA,North America,USA,Homo sapiens,454 GS,NA,2449650_S150_L001_R1_001.fastq.2449650,PAIRED,PCR,METAGENOMIC,human gut metagenome,metagenome,LS454,2015-08-09T00:00:00Z,2015-08-04T14:12:00Z,1,-80C,2449650,2449650,Illumina MiSeq,SRP062005,0,77,0,0,29.4,NA,Uchime,1,1,adv Adenoma,0,0,male,175,0,1,1,paired-end,0,1,0,0,http://aem.asm.org/content/79/17/5112/suppl/DCSupplemental,FWD:GTGCCAGCMGCCGCGGTAA; REV:GGACTACHVGGGTWTCTAAT,toilet hat,http://aem.asm.org/content/79/17/5112.short,0,16S rRNA,V4,90,1,,,,,,
SRR2143691,AMPLICON,502,78074052,PRJNA290926,SAMN03939526,"MIMARKS.survey,MIGS/MIMS/MIMARKS.human-gut",49443926,UNIVERSITY OF MICHIGAN,NA,public,"run.zq,fastq,sra","gs,s3,ncbi","s3.us-east-1,gs.us-east1,ncbi.public",human stool sample,human body,gut,feces,SRX1132249,USA,North America,USA,Homo sapiens,454 GS,NA,2449650_S92_L001_R1_001.fastq.2449650,PAIRED,PCR,METAGENOMIC,human gut metagenome,metagenome,LS454,2015-08-09T00:00:00Z,2015-08-04T14:12:00Z,1,-80C,2449650,2449650,Illumina MiSeq,SRP062005,0,77,0,0,29.4,NA,Uchime,1,1,adv Adenoma,0,0,male,175,0,1,1,paired-end,0,1,0,0,http://aem.asm.org/content/79/17/5112/suppl/DCSupplemental,FWD:GTGCCAGCMGCCGCGGTAA; REV:GGACTACHVGGGTWTCTAAT,toilet hat,http://aem.asm.org/content/79/17/5112.short,0,16S rRNA,V4,90,1,,,,,,
SRR2143692,AMPLICON,502,63465852,PRJNA290926,SAMN03939527,"MIMARKS.survey,MIGS/MIMS/MIMARKS.human-gut",38505556,UNIVERSITY OF MICHIGAN,NA,public,"fastq,run.zq,sra","s3,gs,ncbi","ncbi.public,gs.us-east1,s3.us-east-1",human stool sample,human body,gut,feces,SRX1132250,USA,North America,USA,Homo sapiens,454 GS,NA,2453653_S63_L001_R1_001.fastq.2453653,PAIRED,PCR,METAGENOMIC,human gut metagenome,metagenome,LS454,2015-08-09T00:00:00Z,2015-08-04T14:12:00Z,1,-80C,2453653,2453653,Illumina MiSeq,SRP062005,0,58,0,0,39.5,NA,Uchime,0,0,adv Adenoma,0,31,male,180,0,1,0,paired-end,0,0,0,0,http://aem.asm.org/content/79/17/5112/suppl/DCSupplemental,FWD:GTGCCAGCMGCCGCGGTAA; REV:GGACTACHVGGGTWTCTAAT,toilet hat,http://aem.asm.org/content/79/17/5112.short,1,16S rRNA,V4,128,1,,,,,,
SRR2143693,AMPLICON,502,13135834,PRJNA290926,SAMN03939528,"MIMARKS.survey,MIGS/MIMS/MIMARKS.human-gut",8842659,UNIVERSITY OF MICHIGAN,NA,public,"run.zq,fastq,sra","ncbi,gs,s3","s3.us-east-1,gs.us-east1,ncbi.public",human stool sample,human body,gut,feces,SRX1132251,USA,North America,USA,Homo sapiens,454 GS,NA,2455650_S147_L001_R1_001.fastq.2455650,PAIRED,PCR,METAGENOMIC,human gut metagenome,metagenome,LS454,2015-08-09T00:00:00Z,2015-08-04T14:12:00Z,1,-80C,2455650,2455650,Illumina MiSeq,SRP062005,0,59,0,0,28.7,3,Uchime,0,0,Cancer,0,1374,male,175,0,1,1,paired-end,0,0,0,0,http://aem.asm.org/content/79/17/5112/suppl/DCSupplemental,FWD:GTGCCAGCMGCCGCGGTAA; REV:GGACTACHVGGGTWTCTAAT,toilet hat,http://aem.asm.org/content/79/17/5112.short,0,16S rRNA,V4,88,1,,,,,,
SRR2143694,AMPLICON,502,16151348,PRJNA290926,SAMN03939529,"MIMARKS.survey,MIGS/MIMS/MIMARKS.human-gut",10886014,UNIVERSITY OF MICHIGAN,NA,public,"run.zq,sra","gs,s3,ncbi","ncbi.public,gs.us-east1,s3.us-east-1",human stool sample,human body,gut,feces,SRX1132252,USA,North America,USA,Homo sapiens,Illumina MiSeq,NA,2457670_S23_L001_R1_001.fastq.2457670,PAIRED,PCR,METAGENOMIC,human gut metagenome,metagenome,ILLUMINA,2015-08-09T00:00:00Z,2015-08-04T14:12:00Z,1,-80C,2457670,2457670,Illumina MiSeq,SRP062005,0,59,0,0,30.1,2,Uchime,0,0,Cancer,0,870,male,162,0,1,0,paired-end,0,0,0,0,http://aem.asm.org/content/79/17/5112/suppl/DCSupplemental,FWD:GTGCCAGCMGCCGCGGTAA; REV:GGACTACHVGGGTWTCTAAT,toilet hat,http://aem.asm.org/content/79/17/5112.short,1,16S rRNA,V4,79,1,,,,,,
SRR2143695,AMPLICON,502,39011424,PRJNA290926,SAMN03939530,"MIMARKS.survey,MIGS/MIMS/MIMARKS.human-gut",25974509,UNIVERSITY OF MICHIGAN,NA,public,"sra,run.zq,fastq","gs,s3,ncbi","s3.us-east-1,ncbi.public,gs.us-east1",human stool sample,human body,gut,feces,SRX1132253,USA,North America,USA,Homo sapiens,454 GS,NA,2461651_S155_L001_R1_001.fastq.2461651,PAIRED,PCR,METAGENOMIC,human gut metagenome,metagenome,LS454,2015-08-09T00:00:00Z,2015-08-04T14:12:00Z,1,-80C,2461651,2461651,Illumina MiSeq,SRP062005,0,60,0,0,28.7,NA,Uchime,0,0,adv Adenoma,0,0,male,175,1,1,0,paired-end,0,0,0,0,http://aem.asm.org/content/79/17/5112/suppl/DCSupplemental,FWD:GTGCCAGCMGCCGCGGTAA; REV:GGACTACHVGGGTWTCTAAT,toilet hat,http://aem.asm.org/content/79/17/5112.short,1,16S rRNA,V4,88,1,,,,,,
SRR2143696,AMPLICON,502,20153292,PRJNA290926,SAMN03939531,"MIMARKS.survey,MIGS/MIMS/MIMARKS.human-gut",13838337,UNIVERSITY OF MICHIGAN,NA,public,"sra,run.zq","s3,ncbi,gs","ncbi.public,s3.us-east-1,gs.us-east1",human stool sample,human body,gut,feces,SRX1132254,USA,North America,USA,Homo sapiens,Illumina MiSeq,NA,2463651_S153_L001_R1_001.fastq.2463651,PAIRED,PCR,METAGENOMIC,human gut metagenome,metagenome,ILLUMINA,2015-08-09T00:00:00Z,2015-08-04T14:12:00Z,1,-80C,2463651,2463651,Illumina MiSeq,SRP062005,0,46,0,0,26.3,2,Uchime,0,0,Cancer,0,45,male,185,1,1,1,paired-end,0,0,0,0,http://aem.asm.org/content/79/17/5112/suppl/DCSupplemental,FWD:GTGCCAGCMGCCGCGGTAA; REV:GGACTACHVGGGTWTCTAAT,toilet hat,http://aem.asm.org/content/79/17/5112.short,0,16S rRNA,V4,90,1,,,,,,
SRR2143697,AMPLICON,502,54445414,PRJNA290926,SAMN03939532,"MIMARKS.survey,MIGS/MIMS/MIMARKS.human-gut",36050958,UNIVERSITY OF MICHIGAN,NA,public,"sra,run.zq","ncbi,s3,gs","gs.us-east1,ncbi.public,s3.us-east-1",human stool sample,human body,gut,feces,SRX1132255,USA,North America,USA,Homo sapiens,Illumina MiSeq,NA,2465680_S33_L001_R1_001.fastq.2465680,PAIRED,PCR,METAGENOMIC,human gut metagenome,metagenome,ILLUMINA,2015-08-09T00:00:00Z,2015-08-04T14:12:00Z,1,-80C,2465680,2465680,Illumina MiSeq,SRP062005,0,32,0,0,32.6,2,Uchime,0,0,Cancer,0,1185,male,182,0,1,1,paired-end,0,0,0,0,http://aem.asm.org/content/79/17/5112/suppl/DCSupplemental,FWD:GTGCCAGCMGCCGCGGTAA; REV:GGACTACHVGGGTWTCTAAT,toilet hat,http://aem.asm.org/content/79/17/5112.short,1,16S rRNA,V4,108,1,,,,,,
SRR2143698,AMPLICON,502,15142830,PRJNA290926,SAMN03939533,"MIMARKS.survey,MIGS/MIMS/MIMARKS.human-gut",9961891,UNIVERSITY OF MICHIGAN,NA,public,"sra,run.zq,fastq","s3,gs,ncbi","ncbi.public,gs.us-east1,s3.us-east-1",human stool sample,human body,gut,feces,SRX1132256,USA,North America,USA,Homo sapiens,454 GS,NA,2471651_S106_L001_R1_001.fastq.2471651,PAIRED,PCR,METAGENOMIC,human gut metagenome,metagenome,LS454,2015-08-09T00:00:00Z,2015-08-04T14:13:00Z,1,-80C,2471651,2471651,Illumina MiSeq,SRP062005,0,61,0,0,20.8,1,Uchime,0,0,Cancer,0,3,female,167,0,1,0,paired-end,0,0,0,0,http://aem.asm.org/content/79/17/5112/suppl/DCSupplemental,FWD:GTGCCAGCMGCCGCGGTAA; REV:GGACTACHVGGGTWTCTAAT,toilet hat,http://aem.asm.org/content/79/17/5112.short,0,16S rRNA,V4,58,1,,,,,,
SRR2143699,AMPLICON,502,20084518,PRJNA290926,SAMN03939534,"MIMARKS.survey,MIGS/MIMS/MIMARKS.human-gut",12991961,UNIVERSITY OF MICHIGAN,NA,public,"sra,run.zq,fastq","s3,gs,ncbi","s3.us-east-1,gs.us-east1,ncbi.public",human stool sample,human body,gut,feces,SRX1132257,USA,North America,USA,Homo sapiens,454 GS,NA,2473660_S133_L001_R1_001.fastq.2473660,PAIRED,PCR,METAGENOMIC,human gut metagenome,metagenome,LS454,2015-08-09T00:00:00Z,2015-08-04T14:12:00Z,1,-80C,2473660,2473660,Illumina MiSeq,SRP062005,0,46,0,0,28.1,NA,Uchime,0,0,Normal,0,0,female,160,0,0,0,paired-end,0,1,0,0,http://aem.asm.org/content/79/17/5112/suppl/DCSupplemental,FWD:GTGCCAGCMGCCGCGGTAA; REV:GGACTACHVGGGTWTCTAAT,toilet hat,http://aem.asm.org/content/79/17/5112.short,1,16S rRNA,V4,72,1,,,,,,
SRR2143700,AMPLICON,502,41103760,PRJNA290926,SAMN03939535,"MIMARKS.survey,MIGS/MIMS/MIMARKS.human-gut",25843968,UNIVERSITY OF MICHIGAN,NA,public,"sra,fastq,run.zq","s3,gs,ncbi","s3.us-east-1,gs.us-east1,ncbi.public",human stool sample,human body,gut,feces,SRX1132259,USA,North America,USA,Homo sapiens,454 GS,NA,2475653_S39_L001_R1_001.fastq.2475653,PAIRED,PCR,METAGENOMIC,human gut metagenome,metagenome,LS454,2015-08-09T00:00:00Z,2015-08-04T14:12:00Z,1,-80C,2475653,2475653,Illumina MiSeq,SRP062005,0,71,0,0,29.1,NA,Uchime,0,0,adv Adenoma,0,0,male,170,0,1,0,paired-end,0,1,0,0,http://aem.asm.org/content/79/17/5112/suppl/DCSupplemental,FWD:GTGCCAGCMGCCGCGGTAA; REV:GGACTACHVGGGTWTCTAAT,toilet hat,http://aem.asm.org/content/79/17/5112.short,0,16S rRNA,V4,84,1,,,,,,
SRR2143701,AMPLICON,502,13479704,PRJNA290926,SAMN03939536,"MIMARKS.survey,MIGS/MIMS/MIMARKS.human-gut",8944201,UNIVERSITY OF MICHIGAN,NA,public,"sra,run.zq,fastq","gs,s3,ncbi","s3.us-east-1,gs.us-east1,ncbi.public",human stool sample,human body,gut,feces,SRX1132260,USA,North America,USA,Homo sapiens,454 GS,NA,2487651_S182_L001_R1_001.fastq.2487651,PAIRED,PCR,METAGENOMIC,human gut metagenome,metagenome,LS454,2015-08-09T00:00:00Z,2015-08-04T14:12:00Z,1,-80C,2487651,2487651,Illumina MiSeq,SRP062005,0,54,1,0,19.8,NA,Uchime,0,0,adv Adenoma,0,0,female,162,1,1,0,paired-end,0,0,0,0,http://aem.asm.org/content/79/17/5112/suppl/DCSupplemental,FWD:GTGCCAGCMGCCGCGGTAA; REV:GGACTACHVGGGTWTCTAAT,toilet hat,http://aem.asm.org/content/79/17/5112.short,0,16S rRNA,V4,52,0,,,,,,
SRR2143702,AMPLICON,502,9507378,PRJNA290926,SAMN03939537,"MIMARKS.survey,MIGS/MIMS/MIMARKS.human-gut",6280245,UNIVERSITY OF MICHIGAN,NA,public,"run.zq,fastq,sra","s3,ncbi,gs","ncbi.public,gs.us-east1,s3.us-east-1",human stool sample,human body,gut,feces,SRX1132261,USA,North America,USA,Homo sapiens,454 GS,NA,2491670_S99_L001_R1_001.fastq.2491670,PAIRED,PCR,METAGENOMIC,human gut metagenome,metagenome,LS454,2015-08-09T00:00:00Z,2015-08-04T14:12:00Z,1,-80C,2491670,2491670,Illumina MiSeq,SRP062005,0,78,0,0,29.8,NA,Uchime,1,1,adv Adenoma,0,166,female,150,0,1,0,paired-end,0,0,0,0,http://aem.asm.org/content/79/17/5112/suppl/DCSupplemental,FWD:GTGCCAGCMGCCGCGGTAA; REV:GGACTACHVGGGTWTCTAAT,toilet hat,http://aem.asm.org/content/79/17/5112.short,1,16S rRNA,V4,67,1,,,,,,
SRR2143703,AMPLICON,502,9679062,PRJNA290926,SAMN03939538,"MIMARKS.survey,MIGS/MIMS/MIMARKS.human-gut",6360664,UNIVERSITY OF MICHIGAN,NA,public,"sra,fastq,run.zq","s3,gs,ncbi","ncbi.public,s3.us-east-1,gs.us-east1",human stool sample,human body,gut,feces,SRX1132262,USA,North America,USA,Homo sapiens,454 GS,NA,2493651_S1_L001_R1_001.fastq.2493651,PAIRED,PCR,METAGENOMIC,human gut metagenome,metagenome,LS454,2015-08-09T00:00:00Z,2015-08-04T14:11:00Z,1,-80C,2493651,2493651,Illumina MiSeq,SRP062005,0,82,0,0,26.8,NA,Uchime,0,0,adv Adenoma,0,3,female,152,0,1,0,paired-end,0,0,0,0,http://aem.asm.org/content/79/17/5112/suppl/DCSupplemental,FWD:GTGCCAGCMGCCGCGGTAA; REV:GGACTACHVGGGTWTCTAAT,toilet hat,http://aem.asm.org/content/79/17/5112.short,0,16S rRNA,V4,62,1,,,,,,
SRR2143704,AMPLICON,502,39938618,PRJNA290926,SAMN03939539,"MIMARKS.survey,MIGS/MIMS/MIMARKS.human-gut",25219607,UNIVERSITY OF MICHIGAN,NA,public,"fastq,sra,run.zq","ncbi,s3,gs","gs.us-east1,s3.us-east-1,ncbi.public",human stool sample,human body,gut,feces,SRX1132263,USA,North America,USA,Homo sapiens,454 GS,NA,2495653_S51_L001_R1_001.fastq.2495653,PAIRED,PCR,METAGENOMIC,human gut metagenome,metagenome,LS454,2015-08-09T00:00:00Z,2015-08-04T14:11:00Z,1,-80C,2495653,2495653,Illumina MiSeq,SRP062005,0,79,0,0,0,NA,Uchime,0,0,adv Adenoma,0,94,male,0,1,1,0,paired-end,0,0,0,0,http://aem.asm.org/content/79/17/5112/suppl/DCSupplemental,FWD:GTGCCAGCMGCCGCGGTAA; REV:GGACTACHVGGGTWTCTAAT,toilet hat,http://aem.asm.org/content/79/17/5112.short,1,16S rRNA,V4,0,1,,,,,,
SRR2143705,AMPLICON,502,45525878,PRJNA290926,SAMN03939540,"MIMARKS.survey,MIGS/MIMS/MIMARKS.human-gut",29702579,UNIVERSITY OF MICHIGAN,NA,public,"sra,fastq,run.zq","s3,ncbi,gs","s3.us-east-1,gs.us-east1,ncbi.public",human stool sample,human body,gut,feces,SRX1132265,USA,North America,USA,Homo sapiens,454 GS,NA,2499660_S132_L001_R1_001.fastq.2499660,PAIRED,PCR,METAGENOMIC,human gut metagenome,metagenome,LS454,2015-08-09T00:00:00Z,2015-08-04T14:11:00Z,1,-80C,2499660,2499660,Illumina MiSeq,SRP062005,0,85,0,0,26.1,2,Uchime,0,0,Cancer,0,842,male,175,0,1,0,paired-end,0,0,0,0,http://aem.asm.org/content/79/17/5112/suppl/DCSupplemental,FWD:GTGCCAGCMGCCGCGGTAA; REV:GGACTACHVGGGTWTCTAAT,toilet hat,http://aem.asm.org/content/79/17/5112.short,1,16S rRNA,V4,80,1,,,,,,
SRR2143706,AMPLICON,502,23688376,PRJNA290926,SAMN03939541,"MIMARKS.survey,MIGS/MIMS/MIMARKS.human-gut",17452373,UNIVERSITY OF MICHIGAN,NA,public,"sra,run.zq","ncbi,s3,gs","s3.us-east-1,gs.us-east1,ncbi.public",human stool sample,human body,gut,feces,SRX1132266,USA,North America,USA,Homo sapiens,Illumina MiSeq,NA,2503650_S23_L001_R1_001.fastq.2503650,PAIRED,PCR,METAGENOMIC,human gut metagenome,metagenome,ILLUMINA,2015-08-09T00:00:00Z,2015-08-04T14:10:00Z,1,-80C,2503650,2503650,Illumina MiSeq,SRP062005,0,79,0,0,23,NA,Uchime,0,0,adv Adenoma,0,0,male,190,1,1,0,paired-end,0,1,0,0,http://aem.asm.org/content/79/17/5112/suppl/DCSupplemental,FWD:GTGCCAGCMGCCGCGGTAA; REV:GGACTACHVGGGTWTCTAAT,toilet hat,http://aem.asm.org/content/79/17/5112.short,1,16S rRNA,V4,83,1,,,,,,
SRR2143707,AMPLICON,502,5403026,PRJNA290926,SAMN03939542,"MIMARKS.survey,MIGS/MIMS/MIMARKS.human-gut",3700894,UNIVERSITY OF MICHIGAN,NA,public,"sra,fastq,run.zq","gs,ncbi,s3","ncbi.public,gs.us-east1,s3.us-east-1",human stool sample,human body,gut,feces,SRX1132267,USA,North America,USA,Homo sapiens,454 GS,NA,2505651_S103_L001_R1_001.fastq.2505651,PAIRED,PCR,METAGENOMIC,human gut metagenome,metagenome,LS454,2015-08-09T00:00:00Z,2015-08-04T14:10:00Z,1,-80C,2505651,2505651,Illumina MiSeq,SRP062005,0,57,0,0,27.4,1,Uchime,0,0,Cancer,0,29,male,172,0,1,1,paired-end,0,0,0,0,http://aem.asm.org/content/79/17/5112/suppl/DCSupplemental,FWD:GTGCCAGCMGCCGCGGTAA; REV:GGACTACHVGGGTWTCTAAT,toilet hat,http://aem.asm.org/content/79/17/5112.short,0,16S rRNA,V4,81,1,,,,,,
SRR2143708,AMPLICON,502,7508414,PRJNA290926,SAMN03939542,"MIMARKS.survey,MIGS/MIMS/MIMARKS.human-gut",4979873,UNIVERSITY OF MICHIGAN,NA,public,"sra,fastq,run.zq","s3,ncbi,gs","gs.us-east1,s3.us-east-1,ncbi.public",human stool sample,human body,gut,feces,SRX1132268,USA,North America,USA,Homo sapiens,454 GS,NA,2505651_S59_L001_R1_001.fastq.2505651,PAIRED,PCR,METAGENOMIC,human gut metagenome,metagenome,LS454,2015-08-09T00:00:00Z,2015-08-04T14:10:00Z,1,-80C,2505651,2505651,Illumina MiSeq,SRP062005,0,57,0,0,27.4,1,Uchime,0,0,Cancer,0,29,male,172,0,1,1,paired-end,0,0,0,0,http://aem.asm.org/content/79/17/5112/suppl/DCSupplemental,FWD:GTGCCAGCMGCCGCGGTAA; REV:GGACTACHVGGGTWTCTAAT,toilet hat,http://aem.asm.org/content/79/17/5112.short,0,16S rRNA,V4,81,1,,,,,,
SRR2143709,AMPLICON,502,21575960,PRJNA290926,SAMN03939543,"MIMARKS.survey,MIGS/MIMS/MIMARKS.human-gut",14398309,UNIVERSITY OF MICHIGAN,NA,public,"run.zq,sra","gs,s3,ncbi","ncbi.public,s3.us-east-1,gs.us-east1",human stool sample,human body,gut,feces,SRX1132269,USA,North America,USA,Homo sapiens,Illumina MiSeq,NA,2507651_S166_L001_R1_001.fastq.2507651,PAIRED,PCR,METAGENOMIC,human gut metagenome,metagenome,ILLUMINA,2015-08-09T00:00:00Z,2015-08-04T14:11:00Z,1,-80C,2507651,2507651,Illumina MiSeq,SRP062005,0,60,0,0,56.4,2,Uchime,0,1,Cancer,0,2168,male,185,1,1,1,paired-end,0,1,0,0,http://aem.asm.org/content/79/17/5112/suppl/DCSupplemental,FWD:GTGCCAGCMGCCGCGGTAA; REV:GGACTACHVGGGTWTCTAAT,toilet hat,http://aem.asm.org/content/79/17/5112.short,0,16S rRNA,V4,193,1,,,,,,
SRR2143710,AMPLICON,502,5770992,PRJNA290926,SAMN03939544,"MIMARKS.survey,MIGS/MIMS/MIMARKS.human-gut",4339722,UNIVERSITY OF MICHIGAN,NA,public,"sra,fastq,run.zq","gs,s3,ncbi","gs.us-east1,ncbi.public,s3.us-east-1",human stool sample,human body,gut,feces,SRX1132270,USA,North America,USA,Homo sapiens,454 GS,NA,2511650_S146_L001_R1_001.fastq.2511650,PAIRED,PCR,METAGENOMIC,human gut metagenome,metagenome,LS454,2015-08-09T00:00:00Z,2015-08-04T14:10:00Z,1,-80C,2511650,2511650,Illumina MiSeq,SRP062005,0,72,0,0,22.6,NA,Uchime,0,0,adv Adenoma,0,778,male,167,0,1,0,paired-end,0,0,0,0,http://aem.asm.org/content/79/17/5112/suppl/DCSupplemental,FWD:GTGCCAGCMGCCGCGGTAA; REV:GGACTACHVGGGTWTCTAAT,toilet hat,http://aem.asm.org/content/79/17/5112.short,0,16S rRNA,V4,63,1,,,,,,
SRR2143711,AMPLICON,502,36995392,PRJNA290926,SAMN03939544,"MIMARKS.survey,MIGS/MIMS/MIMARKS.human-gut",23464690,UNIVERSITY OF MICHIGAN,NA,public,"run.zq,sra,fastq","ncbi,s3,gs","gs.us-east1,ncbi.public,s3.us-east-1",human stool sample,human body,gut,feces,SRX1132271,USA,North America,USA,Homo sapiens,454 GS,NA,2511650_S56_L001_R1_001.fastq.2511650,PAIRED,PCR,METAGENOMIC,human gut metagenome,metagenome,LS454,2015-08-09T00:00:00Z,2015-08-04T14:11:00Z,1,-80C,2511650,2511650,Illumina MiSeq,SRP062005,0,72,0,0,22.6,NA,Uchime,0,0,adv Adenoma,0,778,male,167,0,1,0,paired-end,0,0,0,0,http://aem.asm.org/content/79/17/5112/suppl/DCSupplemental,FWD:GTGCCAGCMGCCGCGGTAA; REV:GGACTACHVGGGTWTCTAAT,toilet hat,http://aem.asm.org/content/79/17/5112.short,0,16S rRNA,V4,63,1,,,,,,
SRR2143712,AMPLICON,502,11350722,PRJNA290926,SAMN03939545,"MIMARKS.survey,MIGS/MIMS/MIMARKS.human-gut",7543512,UNIVERSITY OF MICHIGAN,NA,public,"sra,run.zq","ncbi,s3,gs","s3.us-east-1,gs.us-east1,ncbi.public",human stool sample,human body,gut,feces,SRX1132273,USA,North America,USA,Homo sapiens,Illumina MiSeq,NA,2513680_S165_L001_R1_001.fastq.2513680,PAIRED,PCR,METAGENOMIC,human gut metagenome,metagenome,ILLUMINA,2015-08-09T00:00:00Z,2015-08-04T14:10:00Z,1,-80C,2513680,2513680,Illumina MiSeq,SRP062005,0,69,0,0,27.8,2,Uchime,0,0,Cancer,0,97,male,185,0,1,0,paired-end,0,1,0,0,http://aem.asm.org/content/79/17/5112/suppl/DCSupplemental,FWD:GTGCCAGCMGCCGCGGTAA; REV:GGACTACHVGGGTWTCTAAT,toilet hat,http://aem.asm.org/content/79/17/5112.short,0,16S rRNA,V4,95,1,,,,,,
SRR2143713,AMPLICON,502,30867478,PRJNA290926,SAMN03939546,"MIMARKS.survey,MIGS/MIMS/MIMARKS.human-gut",20051140,UNIVERSITY OF MICHIGAN,NA,public,"run.zq,sra","s3,gs,ncbi","s3.us-east-1,ncbi.public,gs.us-east1",human stool sample,human body,gut,feces,SRX1132274,USA,North America,USA,Homo sapiens,Illumina MiSeq,NA,2517650_S162_L001_R1_001.fastq.2517650,PAIRED,PCR,METAGENOMIC,human gut metagenome,metagenome,ILLUMINA,2015-08-09T00:00:00Z,2015-08-04T14:10:00Z,1,-80C,2517650,2517650,Illumina MiSeq,SRP062005,0,53,0,0,29.7,NA,Uchime,0,0,Adenoma,0,0,male,177,0,1,0,paired-end,0,0,0,0,http://aem.asm.org/content/79/17/5112/suppl/DCSupplemental,FWD:GTGCCAGCMGCCGCGGTAA; REV:GGACTACHVGGGTWTCTAAT,toilet hat,http://aem.asm.org/content/79/17/5112.short,0,16S rRNA,V4,93,1,,,,,,
SRR2143714,AMPLICON,502,21631682,PRJNA290926,SAMN03939547,"MIMARKS.survey,MIGS/MIMS/MIMARKS.human-gut",16069746,UNIVERSITY OF MICHIGAN,NA,public,"run.zq,sra","gs,s3,ncbi","ncbi.public,s3.us-east-1,gs.us-east1",human stool sample,human body,gut,feces,SRX1132275,USA,North America,USA,Homo sapiens,Illumina MiSeq,NA,2519650_S36_L001_R1_001.fastq.2519650,PAIRED,PCR,METAGENOMIC,human gut metagenome,metagenome,ILLUMINA,2015-08-09T00:00:00Z,2015-08-04T14:10:00Z,1,-80C,2519650,2519650,Illumina MiSeq,SRP062005,0,51,0,0,25.6,NA,Uchime,0,0,Adenoma,0,0,male,170,0,1,0,paired-end,0,0,0,0,http://aem.asm.org/content/79/17/5112/suppl/DCSupplemental,FWD:GTGCCAGCMGCCGCGGTAA; REV:GGACTACHVGGGTWTCTAAT,toilet hat,http://aem.asm.org/content/79/17/5112.short,0,16S rRNA,V4,74,1,,,,,,
SRR2143716,AMPLICON,502,30029640,PRJNA290926,SAMN03939548,"MIMARKS.survey,MIGS/MIMS/MIMARKS.human-gut",19979607,UNIVERSITY OF MICHIGAN,NA,public,"sra,run.zq,fastq","gs,s3,ncbi","gs.us-east1,s3.us-east-1,ncbi.public",human stool sample,human body,gut,feces,SRX1132276,USA,North America,USA,Homo sapiens,454 GS,NA,2523653_S107_L001_R1_001.fastq.2523653,PAIRED,PCR,METAGENOMIC,human gut metagenome,metagenome,LS454,2015-08-09T00:00:00Z,2015-08-04T14:10:00Z,1,-80C,2523653,2523653,Illumina MiSeq,SRP062005,0,37,0,0,35.1,3,Uchime,0,0,Cancer,0,392,male,177,0,1,1,paired-end,0,0,0,0,http://aem.asm.org/content/79/17/5112/suppl/DCSupplemental,FWD:GTGCCAGCMGCCGCGGTAA; REV:GGACTACHVGGGTWTCTAAT,toilet hat,http://aem.asm.org/content/79/17/5112.short,0,16S rRNA,V4,110,1,,,,,,
SRR2143717,AMPLICON,502,35599330,PRJNA290926,SAMN03939549,"MIMARKS.survey,MIGS/MIMS/MIMARKS.human-gut",24269339,UNIVERSITY OF MICHIGAN,NA,public,"sra,run.zq","ncbi,s3,gs","gs.us-east1,s3.us-east-1,ncbi.public",human stool sample,human body,gut,feces,SRX1132277,USA,North America,USA,Homo sapiens,Illumina MiSeq,NA,2525651_S152_L001_R1_001.fastq.2525651,PAIRED,PCR,METAGENOMIC,human gut metagenome,metagenome,ILLUMINA,2015-08-09T00:00:00Z,2015-08-04T14:10:00Z,1,-80C,2525651,2525651,Illumina MiSeq,SRP062005,0,79,0,0,25.9,1,Uchime,0,0,Cancer,0,118,female,162,1,1,1,paired-end,0,0,0,0,http://aem.asm.org/content/79/17/5112/suppl/DCSupplemental,FWD:GTGCCAGCMGCCGCGGTAA; REV:GGACTACHVGGGTWTCTAAT,toilet hat,http://aem.asm.org/content/79/17/5112.short,1,16S rRNA,V4,68,1,,,,,,
SRR2143718,AMPLICON,502,11679532,PRJNA290926,SAMN03939550,"MIMARKS.survey,MIGS/MIMS/MIMARKS.human-gut",7616547,UNIVERSITY OF MICHIGAN,NA,public,"sra,run.zq","ncbi,s3,gs","gs.us-east1,ncbi.public,s3.us-east-1",human stool sample,human body,gut,feces,SRX1132278,USA,North America,USA,Homo sapiens,Illumina MiSeq,NA,2527670_S116_L001_R1_001.fastq.2527670,PAIRED,PCR,METAGENOMIC,human gut metagenome,metagenome,ILLUMINA,2015-08-09T00:00:00Z,2015-08-04T14:10:00Z,1,-80C,2527670,2527670,Illumina MiSeq,SRP062005,0,53,0,0,30.2,2,Uchime,0,0,Cancer,0,916,male,180,0,1,1,paired-end,0,0,0,0,http://aem.asm.org/content/79/17/5112/suppl/DCSupplemental,FWD:GTGCCAGCMGCCGCGGTAA; REV:GGACTACHVGGGTWTCTAAT,toilet hat,http://aem.asm.org/content/79/17/5112.short,0,16S rRNA,V4,98,1,,,,,,
SRR2143719,AMPLICON,502,10807558,PRJNA290926,SAMN03939551,"MIMARKS.survey,MIGS/MIMS/MIMARKS.human-gut",7077874,UNIVERSITY OF MICHIGAN,NA,public,"run.zq,sra","s3,ncbi,gs","ncbi.public,s3.us-east-1,gs.us-east1",human stool sample,human body,gut,feces,SRX1132279,USA,North America,USA,Homo sapiens,Illumina MiSeq,NA,2529680_S98_L001_R1_001.fastq.2529680,PAIRED,PCR,METAGENOMIC,human gut metagenome,metagenome,ILLUMINA,2015-08-09T00:00:00Z,2015-08-04T14:00:00Z,1,-80C,2529680,2529680,Illumina MiSeq,SRP062005,0,75,0,0,30.1,2,Uchime,0,0,Cancer,0,18,female,160,0,1,1,paired-end,0,1,0,0,http://aem.asm.org/content/79/17/5112/suppl/DCSupplemental,FWD:GTGCCAGCMGCCGCGGTAA; REV:GGACTACHVGGGTWTCTAAT,toilet hat,http://aem.asm.org/content/79/17/5112.short,1,16S rRNA,V4,77,1,,,,,,
SRR2143720,AMPLICON,502,17908850,PRJNA290926,SAMN03939552,"MIMARKS.survey,MIGS/MIMS/MIMARKS.human-gut",11970677,UNIVERSITY OF MICHIGAN,NA,public,"fastq,sra,run.zq","gs,s3,ncbi","s3.us-east-1,gs.us-east1,ncbi.public",human stool sample,human body,gut,feces,SRX1132281,USA,North America,USA,Homo sapiens,454 GS,NA,2531651_S183_L001_R1_001.fastq.2531651,PAIRED,PCR,METAGENOMIC,human gut metagenome,metagenome,LS454,2015-08-09T00:00:00Z,2015-08-04T13:59:00Z,1,-80C,2531651,2531651,Illumina MiSeq,SRP062005,0,68,0,0,21.1,NA,Uchime,0,0,adv Adenoma,0,0,female,160,0,1,0,paired-end,0,0,0,0,http://aem.asm.org/content/79/17/5112/suppl/DCSupplemental,FWD:GTGCCAGCMGCCGCGGTAA; REV:GGACTACHVGGGTWTCTAAT,toilet hat,http://aem.asm.org/content/79/17/5112.short,0,16S rRNA,V4,54,1,,,,,,
SRR2143721,AMPLICON,502,8935600,PRJNA290926,SAMN03939553,"MIMARKS.survey,MIGS/MIMS/MIMARKS.human-gut",5956846,UNIVERSITY OF MICHIGAN,NA,public,"sra,run.zq,fastq","ncbi,s3,gs","s3.us-east-1,gs.us-east1,ncbi.public",human stool sample,human body,gut,feces,SRX1132282,USA,North America,USA,Homo sapiens,454 GS,NA,2535652_S185_L001_R1_001.fastq.2535652,PAIRED,PCR,METAGENOMIC,human gut metagenome,metagenome,LS454,2015-08-09T00:00:00Z,2015-08-04T14:00:00Z,1,-80C,2535652,2535652,Illumina MiSeq,SRP062005,0,69,0,0,26.2,3,Uchime,0,0,Cancer,0,317,male,180,0,1,1,paired-end,0,1,0,0,http://aem.asm.org/content/79/17/5112/suppl/DCSupplemental,FWD:GTGCCAGCMGCCGCGGTAA; REV:GGACTACHVGGGTWTCTAAT,toilet hat,http://aem.asm.org/content/79/17/5112.short,0,16S rRNA,V4,85,1,,,,,,
SRR2143722,AMPLICON,502,26145164,PRJNA290926,SAMN03939554,"MIMARKS.survey,MIGS/MIMS/MIMARKS.human-gut",18112673,UNIVERSITY OF MICHIGAN,NA,public,"fastq,run.zq,sra","gs,ncbi,s3","ncbi.public,s3.us-east-1,gs.us-east1",human stool sample,human body,gut,feces,SRX1132283,USA,North America,USA,Homo sapiens,454 GS,NA,2537670_S167_L001_R1_001.fastq.2537670,PAIRED,PCR,METAGENOMIC,human gut metagenome,metagenome,LS454,2015-08-09T00:00:00Z,2015-08-04T13:59:00Z,1,-80C,2537670,2537670,Illumina MiSeq,SRP062005,0,74,0,0,32,3,Uchime,0,0,Cancer,0,0,female,157,0,1,1,paired-end,0,0,0,0,http://aem.asm.org/content/79/17/5112/suppl/DCSupplemental,FWD:GTGCCAGCMGCCGCGGTAA; REV:GGACTACHVGGGTWTCTAAT,toilet hat,http://aem.asm.org/content/79/17/5112.short,1,16S rRNA,V4,79,1,,,,,,
SRR2143723,AMPLICON,502,49322002,PRJNA290926,SAMN03939555,"MIMARKS.survey,MIGS/MIMS/MIMARKS.human-gut",33155063,UNIVERSITY OF MICHIGAN,NA,public,"run.zq,sra,fastq","ncbi,s3,gs","ncbi.public,gs.us-east1,s3.us-east-1",human stool sample,human body,gut,feces,SRX1132284,USA,North America,USA,Homo sapiens,454 GS,NA,2539660_S90_L001_R1_001.fastq.2539660,PAIRED,PCR,METAGENOMIC,human gut metagenome,metagenome,LS454,2015-08-09T00:00:00Z,2015-08-04T13:59:00Z,1,-80C,2539660,2539660,Illumina MiSeq,SRP062005,0,52,0,0,34.4,3,Uchime,0,0,Cancer,0,485,male,167,0,1,1,paired-end,0,0,0,0,http://aem.asm.org/content/79/17/5112/suppl/DCSupplemental,FWD:GTGCCAGCMGCCGCGGTAA; REV:GGACTACHVGGGTWTCTAAT,toilet hat,http://aem.asm.org/content/79/17/5112.short,1,16S rRNA,V4,96,1,,,,,,
SRR2143724,AMPLICON,502,25934826,PRJNA290926,SAMN03939556,"MIMARKS.survey,MIGS/MIMS/MIMARKS.human-gut",17469539,UNIVERSITY OF MICHIGAN,NA,public,"fastq,sra,run.zq","gs,ncbi,s3","ncbi.public,gs.us-east1,s3.us-east-1",human stool sample,human body,gut,feces,SRX1132285,USA,North America,USA,Homo sapiens,454 GS,NA,2541670_S174_L001_R1_001.fastq.2541670,PAIRED,PCR,METAGENOMIC,human gut metagenome,metagenome,LS454,2015-08-09T00:00:00Z,2015-08-04T13:59:00Z,1,-80C,2541670,2541670,Illumina MiSeq,SRP062005,0,64,0,0,23.5,1,Uchime,1,1,Cancer,1,371,female,165,0,1,1,paired-end,0,0,1,0,http://aem.asm.org/content/79/17/5112/suppl/DCSupplemental,FWD:GTGCCAGCMGCCGCGGTAA; REV:GGACTACHVGGGTWTCTAAT,toilet hat,http://aem.asm.org/content/79/17/5112.short,1,16S rRNA,V4,64,0,,,,,,
SRR2143725,AMPLICON,502,35975328,PRJNA290926,SAMN03939557,"MIMARKS.survey,MIGS/MIMS/MIMARKS.human-gut",24226047,UNIVERSITY OF MICHIGAN,NA,public,"sra,run.zq,fastq","ncbi,gs,s3","gs.us-east1,ncbi.public,s3.us-east-1",human stool sample,human body,gut,feces,SRX1132286,USA,North America,USA,Homo sapiens,454 GS,NA,2543653_S117_L001_R1_001.fastq.2543653,PAIRED,PCR,METAGENOMIC,human gut metagenome,metagenome,LS454,2015-08-09T00:00:00Z,2015-08-04T14:00:00Z,1,-80C,2543653,2543653,Illumina MiSeq,SRP062005,0,56,0,0,32.7,3,Uchime,1,1,Cancer,0,2470,male,175,0,1,1,paired-end,0,1,0,0,http://aem.asm.org/content/79/17/5112/suppl/DCSupplemental,FWD:GTGCCAGCMGCCGCGGTAA; REV:GGACTACHVGGGTWTCTAAT,toilet hat,http://aem.asm.org/content/79/17/5112.short,0,16S rRNA,V4,100,1,,,,,,
SRR2143726,AMPLICON,502,23780744,PRJNA290926,SAMN03939558,"MIMARKS.survey,MIGS/MIMS/MIMARKS.human-gut",16134136,UNIVERSITY OF MICHIGAN,NA,public,"sra,run.zq","s3,gs,ncbi","ncbi.public,s3.us-east-1,gs.us-east1",human stool sample,human body,gut,feces,SRX1132287,USA,North America,USA,Homo sapiens,Illumina MiSeq,NA,2545651_S188_L001_R1_001.fastq.2545651,PAIRED,PCR,METAGENOMIC,human gut metagenome,metagenome,ILLUMINA,2015-08-09T00:00:00Z,2015-08-04T13:59:00Z,1,-80C,2545651,2545651,Illumina MiSeq,SRP062005,0,48,0,1,23.8,NA,Uchime,0,0,adv Adenoma,0,301,male,180,0,1,0,paired-end,0,1,0,0,http://aem.asm.org/content/79/17/5112/suppl/DCSupplemental,FWD:GTGCCAGCMGCCGCGGTAA; REV:GGACTACHVGGGTWTCTAAT,toilet hat,http://aem.asm.org/content/79/17/5112.short,0,16S rRNA,V4,77,0,,,,,,
SRR2143727,AMPLICON,502,8923552,PRJNA290926,SAMN03939559,"MIMARKS.survey,MIGS/MIMS/MIMARKS.human-gut",5851567,UNIVERSITY OF MICHIGAN,NA,public,"run.zq,sra","gs,ncbi,s3","s3.us-east-1,ncbi.public,gs.us-east1",human stool sample,human body,gut,feces,SRX1132288,USA,North America,USA,Homo sapiens,Illumina MiSeq,NA,2547670_S110_L001_R1_001.fastq.2547670,PAIRED,PCR,METAGENOMIC,human gut metagenome,metagenome,ILLUMINA,2015-08-09T00:00:00Z,2015-08-04T13:59:00Z,1,-80C,2547670,2547670,Illumina MiSeq,SRP062005,0,51,0,0,35.5,3,Uchime,0,0,Cancer,0,15,female,167,0,1,1,paired-end,0,1,0,0,http://aem.asm.org/content/79/17/5112/suppl/DCSupplemental,FWD:GTGCCAGCMGCCGCGGTAA; REV:GGACTACHVGGGTWTCTAAT,toilet hat,http://aem.asm.org/content/79/17/5112.short,1,16S rRNA,V4,99,1,,,,,,
SRR2143728,AMPLICON,502,16139802,PRJNA290926,SAMN03939560,"MIMARKS.survey,MIGS/MIMS/MIMARKS.human-gut",10086345,UNIVERSITY OF MICHIGAN,NA,public,"sra,fastq,run.zq","gs,s3,ncbi","ncbi.public,s3.us-east-1,gs.us-east1",human stool sample,human body,gut,feces,SRX1132290,USA,North America,USA,Homo sapiens,454 GS,NA,2551650_S3_L001_R1_001.fastq.2551650,PAIRED,PCR,METAGENOMIC,human gut metagenome,metagenome,LS454,2015-08-09T00:00:00Z,2015-08-04T13:59:00Z,1,-80C,2551650,2551650,Illumina MiSeq,SRP062005,0,61,0,0,27.5,NA,Uchime,0,0,adv Adenoma,0,1,male,177,0,1,0,paired-end,0,1,0,0,http://aem.asm.org/content/79/17/5112/suppl/DCSupplemental,FWD:GTGCCAGCMGCCGCGGTAA; REV:GGACTACHVGGGTWTCTAAT,toilet hat,http://aem.asm.org/content/79/17/5112.short,0,16S rRNA,V4,86,1,,,,,,
SRR2143729,AMPLICON,502,18964556,PRJNA290926,SAMN03939561,"MIMARKS.survey,MIGS/MIMS/MIMARKS.human-gut",12495039,UNIVERSITY OF MICHIGAN,NA,public,"run.zq,sra,fastq","s3,ncbi,gs","gs.us-east1,ncbi.public,s3.us-east-1",human stool sample,human body,gut,feces,SRX1132291,USA,North America,USA,Homo sapiens,454 GS,NA,2555653_S101_L001_R1_001.fastq.2555653,PAIRED,PCR,METAGENOMIC,human gut metagenome,metagenome,LS454,2015-08-09T00:00:00Z,2015-08-04T13:59:00Z,1,-80C,2555653,2555653,Illumina MiSeq,SRP062005,0,47,0,0,29.9,NA,Uchime,0,0,adv Adenoma,0,0,female,152,1,1,0,paired-end,0,0,0,0,http://aem.asm.org/content/79/17/5112/suppl/DCSupplemental,FWD:GTGCCAGCMGCCGCGGTAA; REV:GGACTACHVGGGTWTCTAAT,toilet hat,http://aem.asm.org/content/79/17/5112.short,1,16S rRNA,V4,69,1,,,,,,
SRR2143730,AMPLICON,502,18648296,PRJNA290926,SAMN03939562,"MIMARKS.survey,MIGS/MIMS/MIMARKS.human-gut",12113677,UNIVERSITY OF MICHIGAN,NA,public,"fastq,sra,run.zq","s3,gs,ncbi","ncbi.public,s3.us-east-1,gs.us-east1",human stool sample,human body,gut,feces,SRX1132292,USA,North America,USA,Homo sapiens,454 GS,NA,2559650_S88_L001_R1_001.fastq.2559650,PAIRED,PCR,METAGENOMIC,human gut metagenome,metagenome,LS454,2015-08-09T00:00:00Z,2015-08-04T13:59:00Z,1,-80C,2559650,2559650,Illumina MiSeq,SRP062005,0,80,0,0,27.2,NA,Uchime,0,0,adv Adenoma,0,0,male,185,0,1,1,paired-end,0,0,0,0,http://aem.asm.org/content/79/17/5112/suppl/DCSupplemental,FWD:GTGCCAGCMGCCGCGGTAA; REV:GGACTACHVGGGTWTCTAAT,toilet hat,http://aem.asm.org/content/79/17/5112.short,1,16S rRNA,V4,93,1,,,,,,
SRR2143731,AMPLICON,502,16445018,PRJNA290926,SAMN03939563,"MIMARKS.survey,MIGS/MIMS/MIMARKS.human-gut",12257981,UNIVERSITY OF MICHIGAN,NA,public,"run.zq,fastq,sra","ncbi,gs,s3","s3.us-east-1,ncbi.public,gs.us-east1",human stool sample,human body,gut,feces,SRX1132293,USA,North America,USA,Homo sapiens,454 GS,NA,2565650_S84_L001_R1_001.fastq.2565650,PAIRED,PCR,METAGENOMIC,human gut metagenome,metagenome,LS454,2015-08-09T00:00:00Z,2015-08-04T13:59:00Z,1,-80C,2565650,2565650,Illumina MiSeq,SRP062005,0,52,0,0,24.1,NA,Uchime,0,0,Adenoma,0,5,female,168,0,1,0,paired-end,0,0,0,0,http://aem.asm.org/content/79/17/5112/suppl/DCSupplemental,FWD:GTGCCAGCMGCCGCGGTAA; REV:GGACTACHVGGGTWTCTAAT,toilet hat,http://aem.asm.org/content/79/17/5112.short,1,16S rRNA,V4,68,1,,,,,,
SRR2143732,AMPLICON,502,5769486,PRJNA290926,SAMN03939564,"MIMARKS.survey,MIGS/MIMS/MIMARKS.human-gut",3787755,UNIVERSITY OF MICHIGAN,NA,public,"run.zq,sra","s3,ncbi,gs","ncbi.public,gs.us-east1,s3.us-east-1",human stool sample,human body,gut,feces,SRX1132294,USA,North America,USA,Homo sapiens,Illumina MiSeq,NA,2567653_S115_L001_R1_001.fastq.2567653,PAIRED,PCR,METAGENOMIC,human gut metagenome,metagenome,ILLUMINA,2015-08-09T00:00:00Z,2015-08-04T14:10:00Z,1,-80C,2567653,2567653,Illumina MiSeq,SRP062005,0,46,0,0,19.7,1,Uchime,0,0,Cancer,0,0,female,170,0,1,1,paired-end,0,0,0,0,http://aem.asm.org/content/79/17/5112/suppl/DCSupplemental,FWD:GTGCCAGCMGCCGCGGTAA; REV:GGACTACHVGGGTWTCTAAT,toilet hat,http://aem.asm.org/content/79/17/5112.short,0,16S rRNA,V4,57,1,,,,,,
SRR2143733,AMPLICON,502,26858004,PRJNA290926,SAMN03939564,"MIMARKS.survey,MIGS/MIMS/MIMARKS.human-gut",16789251,UNIVERSITY OF MICHIGAN,NA,public,"sra,run.zq","gs,ncbi,s3","gs.us-east1,ncbi.public,s3.us-east-1",human stool sample,human body,gut,feces,SRX1132295,USA,North America,USA,Homo sapiens,Illumina MiSeq,NA,2567653_S71_L001_R1_001.fastq.2567653,PAIRED,PCR,METAGENOMIC,human gut metagenome,metagenome,ILLUMINA,2015-08-09T00:00:00Z,2015-08-04T13:59:00Z,1,-80C,2567653,2567653,Illumina MiSeq,SRP062005,0,46,0,0,19.7,1,Uchime,0,0,Cancer,0,0,female,170,0,1,1,paired-end,0,0,0,0,http://aem.asm.org/content/79/17/5112/suppl/DCSupplemental,FWD:GTGCCAGCMGCCGCGGTAA; REV:GGACTACHVGGGTWTCTAAT,toilet hat,http://aem.asm.org/content/79/17/5112.short,0,16S rRNA,V4,57,1,,,,,,
SRR2143734,AMPLICON,502,13797470,PRJNA290926,SAMN03939565,"MIMARKS.survey,MIGS/MIMS/MIMARKS.human-gut",10383089,UNIVERSITY OF MICHIGAN,NA,public,"run.zq,sra,fastq","gs,s3,ncbi","s3.us-east-1,ncbi.public,gs.us-east1",human stool sample,human body,gut,feces,SRX1132296,USA,North America,USA,Homo sapiens,454 GS,NA,2571650_S38_L001_R1_001.fastq.2571650,PAIRED,PCR,METAGENOMIC,human gut metagenome,metagenome,LS454,2015-08-09T00:00:00Z,2015-08-04T13:59:00Z,1,-80C,2571650,2571650,Illumina MiSeq,SRP062005,0,64,0,0,16.2,3,Uchime,0,1,Cancer,1,135,female,157,0,1,1,paired-end,0,0,0,0,http://aem.asm.org/content/79/17/5112/suppl/DCSupplemental,FWD:GTGCCAGCMGCCGCGGTAA; REV:GGACTACHVGGGTWTCTAAT,toilet hat,http://aem.asm.org/content/79/17/5112.short,0,16S rRNA,V4,40,1,,,,,,
SRR2143735,AMPLICON,502,10135380,PRJNA290926,SAMN03939566,"MIMARKS.survey,MIGS/MIMS/MIMARKS.human-gut",6796495,UNIVERSITY OF MICHIGAN,NA,public,"run.zq,sra,fastq","ncbi,s3,gs","ncbi.public,s3.us-east-1,gs.us-east1",human stool sample,human body,gut,feces,SRX1132297,USA,North America,USA,Homo sapiens,454 GS,NA,2575653_S121_L001_R1_001.fastq.2575653,PAIRED,PCR,METAGENOMIC,human gut metagenome,metagenome,LS454,2015-08-09T00:00:00Z,2015-08-04T13:59:00Z,1,-80C,2575653,2575653,Illumina MiSeq,SRP062005,0,67,0,0,32.3,3,Uchime,0,1,Cancer,0,492,female,167,0,1,1,paired-end,0,1,0,0,http://aem.asm.org/content/79/17/5112/suppl/DCSupplemental,FWD:GTGCCAGCMGCCGCGGTAA; REV:GGACTACHVGGGTWTCTAAT,toilet hat,http://aem.asm.org/content/79/17/5112.short,1,16S rRNA,V4,90,1,,,,,,
SRR2143736,AMPLICON,502,46956076,PRJNA290926,SAMN03939567,"MIMARKS.survey,MIGS/MIMS/MIMARKS.human-gut",31547351,UNIVERSITY OF MICHIGAN,NA,public,"fastq,sra,run.zq","ncbi,s3,gs","gs.us-east1,s3.us-east-1,ncbi.public",human stool sample,human body,gut,feces,SRX1132299,USA,North America,USA,Homo sapiens,454 GS,NA,2579680_S168_L001_R1_001.fastq.2579680,PAIRED,PCR,METAGENOMIC,human gut metagenome,metagenome,LS454,2015-08-09T00:00:00Z,2015-08-04T13:59:00Z,1,-80C,2579680,2579680,Illumina MiSeq,SRP062005,0,55,0,0,57.5,3,Uchime,0,0,Cancer,0,5,male,172,1,1,0,paired-end,0,0,0,0,http://aem.asm.org/content/79/17/5112/suppl/DCSupplemental,FWD:GTGCCAGCMGCCGCGGTAA; REV:GGACTACHVGGGTWTCTAAT,toilet hat,http://aem.asm.org/content/79/17/5112.short,0,16S rRNA,V4,170,1,,,,,,
SRR2143737,AMPLICON,502,22650742,PRJNA290926,SAMN03939568,"MIMARKS.survey,MIGS/MIMS/MIMARKS.human-gut",14920651,UNIVERSITY OF MICHIGAN,NA,public,"run.zq,fastq,sra","s3,ncbi,gs","s3.us-east-1,ncbi.public,gs.us-east1",human stool sample,human body,gut,feces,SRX1132300,USA,North America,USA,Homo sapiens,454 GS,NA,2581651_S169_L001_R1_001.fastq.2581651,PAIRED,PCR,METAGENOMIC,human gut metagenome,metagenome,LS454,2015-08-09T00:00:00Z,2015-08-04T14:10:00Z,1,-80C,2581651,2581651,Illumina MiSeq,SRP062005,0,60,0,0,25.6,NA,Uchime,0,0,Adenoma,0,11,female,170,0,1,0,paired-end,0,0,0,0,http://aem.asm.org/content/79/17/5112/suppl/DCSupplemental,FWD:GTGCCAGCMGCCGCGGTAA; REV:GGACTACHVGGGTWTCTAAT,toilet hat,http://aem.asm.org/content/79/17/5112.short,0,16S rRNA,V4,74,1,,,,,,
SRR2143738,AMPLICON,502,21124160,PRJNA290926,SAMN03939569,"MIMARKS.survey,MIGS/MIMS/MIMARKS.human-gut",15498581,UNIVERSITY OF MICHIGAN,NA,public,"sra,run.zq,fastq","s3,gs,ncbi","s3.us-east-1,ncbi.public,gs.us-east1",human stool sample,human body,gut,feces,SRX1132301,USA,North America,USA,Homo sapiens,454 GS,NA,2583650_S50_L001_R1_001.fastq.2583650,PAIRED,PCR,METAGENOMIC,human gut metagenome,metagenome,LS454,2015-08-09T00:00:00Z,2015-08-04T14:10:00Z,1,-80C,2583650,2583650,Illumina MiSeq,SRP062005,0,50,0,0,24.9,NA,Uchime,0,0,adv Adenoma,0,145,female,154,0,0,0,paired-end,0,0,0,0,http://aem.asm.org/content/79/17/5112/suppl/DCSupplemental,FWD:GTGCCAGCMGCCGCGGTAA; REV:GGACTACHVGGGTWTCTAAT,toilet hat,http://aem.asm.org/content/79/17/5112.short,1,16S rRNA,V4,59,1,,,,,,
SRR2143739,AMPLICON,502,23750122,PRJNA290926,SAMN03939570,"MIMARKS.survey,MIGS/MIMS/MIMARKS.human-gut",15654017,UNIVERSITY OF MICHIGAN,NA,public,"fastq,run.zq,sra","s3,ncbi,gs","ncbi.public,s3.us-east-1,gs.us-east1",human stool sample,human body,gut,feces,SRX1132302,USA,North America,USA,Homo sapiens,454 GS,NA,2587650_S79_L001_R1_001.fastq.2587650,PAIRED,PCR,METAGENOMIC,human gut metagenome,metagenome,LS454,2015-08-09T00:00:00Z,2015-08-04T14:10:00Z,1,-80C,2587650,2587650,Illumina MiSeq,SRP062005,0,60,0,0,26.7,NA,Uchime,0,0,adv Adenoma,0,628,male,172,0,1,0,paired-end,0,0,0,0,http://aem.asm.org/content/79/17/5112/suppl/DCSupplemental,FWD:GTGCCAGCMGCCGCGGTAA; REV:GGACTACHVGGGTWTCTAAT,toilet hat,http://aem.asm.org/content/79/17/5112.short,0,16S rRNA,V4,79,1,,,,,,
SRR2143740,AMPLICON,502,32806704,PRJNA290926,SAMN03939571,"MIMARKS.survey,MIGS/MIMS/MIMARKS.human-gut",24533622,UNIVERSITY OF MICHIGAN,NA,public,"sra,fastq,run.zq","gs,ncbi,s3","ncbi.public,s3.us-east-1,gs.us-east1",human stool sample,human body,gut,feces,SRX1132303,USA,North America,USA,Homo sapiens,454 GS,NA,2589650_S77_L001_R1_001.fastq.2589650,PAIRED,PCR,METAGENOMIC,human gut metagenome,metagenome,LS454,2015-08-09T00:00:00Z,2015-08-04T14:10:00Z,1,-80C,2589650,2589650,Illumina MiSeq,SRP062005,0,66,0,0,25.9,NA,Uchime,1,1,adv Adenoma,0,252,male,177,0,1,0,paired-end,0,0,0,0,http://aem.asm.org/content/79/17/5112/suppl/DCSupplemental,FWD:GTGCCAGCMGCCGCGGTAA; REV:GGACTACHVGGGTWTCTAAT,toilet hat,http://aem.asm.org/content/79/17/5112.short,1,16S rRNA,V4,81,1,,,,,,
SRR2143741,AMPLICON,502,20041346,PRJNA290926,SAMN03939572,"MIMARKS.survey,MIGS/MIMS/MIMARKS.human-gut",13662640,UNIVERSITY OF MICHIGAN,NA,public,"fastq,run.zq,sra","s3,gs,ncbi","ncbi.public,gs.us-east1,s3.us-east-1",human stool sample,human body,gut,feces,SRX1132304,USA,North America,USA,Homo sapiens,454 GS,NA,2597670_S57_L001_R1_001.fastq.2597670,PAIRED,PCR,METAGENOMIC,human gut metagenome,metagenome,LS454,2015-08-09T00:00:00Z,2015-08-04T14:10:00Z,1,-80C,2597670,2597670,Illumina MiSeq,SRP062005,0,55,0,0,26.7,NA,Uchime,0,0,adv Adenoma,0,0,female,162,0,1,0,paired-end,0,0,0,0,http://aem.asm.org/content/79/17/5112/suppl/DCSupplemental,FWD:GTGCCAGCMGCCGCGGTAA; REV:GGACTACHVGGGTWTCTAAT,toilet hat,http://aem.asm.org/content/79/17/5112.short,0,16S rRNA,V4,70,1,,,,,,
SRR2143742,AMPLICON,502,34871430,PRJNA290926,SAMN03939573,"MIMARKS.survey,MIGS/MIMS/MIMARKS.human-gut",22361148,UNIVERSITY OF MICHIGAN,NA,public,"sra,run.zq","ncbi,gs,s3","ncbi.public,s3.us-east-1,gs.us-east1",human stool sample,human body,gut,feces,SRX1132305,USA,North America,USA,Homo sapiens,Illumina MiSeq,NA,2599650_S109_L001_R1_001.fastq.2599650,PAIRED,PCR,METAGENOMIC,human gut metagenome,metagenome,ILLUMINA,2015-08-09T00:00:00Z,2015-08-04T14:10:00Z,1,-80C,2599650,2599650,Illumina MiSeq,SRP062005,0,69,0,0,26.1,NA,Uchime,0,0,Adenoma,0,0,female,165,1,0,0,paired-end,0,1,0,0,http://aem.asm.org/content/79/17/5112/suppl/DCSupplemental,FWD:GTGCCAGCMGCCGCGGTAA; REV:GGACTACHVGGGTWTCTAAT,toilet hat,http://aem.asm.org/content/79/17/5112.short,0,16S rRNA,V4,71,1,,,,,,
SRR2143743,AMPLICON,502,7535522,PRJNA290926,SAMN03939574,"MIMARKS.survey,MIGS/MIMS/MIMARKS.human-gut",5148734,UNIVERSITY OF MICHIGAN,NA,public,"run.zq,sra,fastq","gs,s3,ncbi","gs.us-east1,s3.us-east-1,ncbi.public",human stool sample,human body,gut,feces,SRX1132306,USA,North America,USA,Homo sapiens,454 GS,NA,2603650_S95_L001_R1_001.fastq.2603650,PAIRED,PCR,METAGENOMIC,human gut metagenome,metagenome,LS454,2015-08-09T00:00:00Z,2015-08-04T14:09:00Z,1,-80C,2603650,2603650,Illumina MiSeq,SRP062005,0,55,0,0,27.8,NA,Uchime,0,0,Normal,0,0,female,162,0,0,0,paired-end,0,1,0,0,http://aem.asm.org/content/79/17/5112/suppl/DCSupplemental,FWD:GTGCCAGCMGCCGCGGTAA; REV:GGACTACHVGGGTWTCTAAT,toilet hat,http://aem.asm.org/content/79/17/5112.short,1,16S rRNA,V4,73,1,,,,,,
SRR2143744,AMPLICON,502,18187962,PRJNA290926,SAMN03939575,"MIMARKS.survey,MIGS/MIMS/MIMARKS.human-gut",11744562,UNIVERSITY OF MICHIGAN,NA,public,"sra,run.zq,fastq","gs,ncbi,s3","gs.us-east1,s3.us-east-1,ncbi.public",human stool sample,human body,gut,feces,SRX1132307,USA,North America,USA,Homo sapiens,454 GS,NA,2611670_S108_L001_R1_001.fastq.2611670,PAIRED,PCR,METAGENOMIC,human gut metagenome,metagenome,LS454,2015-08-09T00:00:00Z,2015-08-04T14:09:00Z,1,-80C,2611670,2611670,Illumina MiSeq,SRP062005,0,49,0,0,missing,3,Uchime,1,1,Cancer,0,314,male,missing,0,1,1,paired-end,0,0,0,0,http://aem.asm.org/content/79/17/5112/suppl/DCSupplemental,FWD:GTGCCAGCMGCCGCGGTAA; REV:GGACTACHVGGGTWTCTAAT,toilet hat,http://aem.asm.org/content/79/17/5112.short,0,16S rRNA,V4,missing,1,,,,,,
SRR2143745,AMPLICON,502,14879782,PRJNA290926,SAMN03939576,"MIMARKS.survey,MIGS/MIMS/MIMARKS.human-gut",9909336,UNIVERSITY OF MICHIGAN,NA,public,"sra,fastq,run.zq","ncbi,gs,s3","ncbi.public,s3.us-east-1,gs.us-east1",human stool sample,human body,gut,feces,SRX1132309,USA,North America,USA,Homo sapiens,454 GS,NA,2613650_S157_L001_R1_001.fastq.2613650,PAIRED,PCR,METAGENOMIC,human gut metagenome,metagenome,LS454,2015-08-09T00:00:00Z,2015-08-04T14:10:00Z,1,-80C,2613650,2613650,Illumina MiSeq,SRP062005,0,61,0,0,34.9,2,Uchime,1,1,Cancer,0,324,male,193,0,1,0,paired-end,0,0,0,0,http://aem.asm.org/content/79/17/5112/suppl/DCSupplemental,FWD:GTGCCAGCMGCCGCGGTAA; REV:GGACTACHVGGGTWTCTAAT,toilet hat,http://aem.asm.org/content/79/17/5112.short,0,16S rRNA,V4,130,1,,,,,,
SRR2143746,AMPLICON,502,24348004,PRJNA290926,SAMN03939577,"MIMARKS.survey,MIGS/MIMS/MIMARKS.human-gut",16090540,UNIVERSITY OF MICHIGAN,NA,public,"run.zq,fastq,sra","ncbi,s3,gs","ncbi.public,gs.us-east1,s3.us-east-1",human stool sample,human body,gut,feces,SRX1132310,USA,North America,USA,Homo sapiens,454 GS,NA,2617653_S173_L001_R1_001.fastq.2617653,PAIRED,PCR,METAGENOMIC,human gut metagenome,metagenome,LS454,2015-08-09T00:00:00Z,2015-08-04T14:10:00Z,1,-80C,2617653,2617653,Illumina MiSeq,SRP062005,0,60,0,0,28.7,1,Uchime,0,0,Cancer,0,616,male,177,0,1,1,paired-end,0,0,0,0,http://aem.asm.org/content/79/17/5112/suppl/DCSupplemental,FWD:GTGCCAGCMGCCGCGGTAA; REV:GGACTACHVGGGTWTCTAAT,toilet hat,http://aem.asm.org/content/79/17/5112.short,1,16S rRNA,V4,90,1,,,,,,
SRR2143747,AMPLICON,502,25138654,PRJNA290926,SAMN03939578,"MIMARKS.survey,MIGS/MIMS/MIMARKS.human-gut",16270319,UNIVERSITY OF MICHIGAN,NA,public,"run.zq,fastq,sra","ncbi,s3,gs","s3.us-east-1,ncbi.public,gs.us-east1",human stool sample,human body,gut,feces,SRX1132311,USA,North America,USA,Homo sapiens,454 GS,NA,2619653_S125_L001_R1_001.fastq.2619653,PAIRED,PCR,METAGENOMIC,human gut metagenome,metagenome,LS454,2015-08-09T00:00:00Z,2015-08-04T14:10:00Z,1,-80C,2619653,2619653,Illumina MiSeq,SRP062005,0,63,1,0,30.8,1,Uchime,0,1,Cancer,0,554,male,167,0,1,1,paired-end,0,0,0,0,http://aem.asm.org/content/79/17/5112/suppl/DCSupplemental,FWD:GTGCCAGCMGCCGCGGTAA; REV:GGACTACHVGGGTWTCTAAT,toilet hat,http://aem.asm.org/content/79/17/5112.short,0,16S rRNA,V4,86,0,,,,,,
SRR2143748,AMPLICON,502,22747126,PRJNA290926,SAMN03939579,"MIMARKS.survey,MIGS/MIMS/MIMARKS.human-gut",14468161,UNIVERSITY OF MICHIGAN,NA,public,"run.zq,sra,fastq","gs,ncbi,s3","gs.us-east1,s3.us-east-1,ncbi.public",human stool sample,human body,gut,feces,SRX1132312,USA,North America,USA,Homo sapiens,454 GS,NA,2625653_S22_L001_R1_001.fastq.2625653,PAIRED,PCR,METAGENOMIC,human gut metagenome,metagenome,LS454,2015-08-09T00:00:00Z,2015-08-04T14:10:00Z,1,-80C,2625653,2625653,Illumina MiSeq,SRP062005,0,43,0,0,23.9,1,Uchime,0,0,Cancer,0,621,male,170,0,1,1,paired-end,0,0,0,0,http://aem.asm.org/content/79/17/5112/suppl/DCSupplemental,FWD:GTGCCAGCMGCCGCGGTAA; REV:GGACTACHVGGGTWTCTAAT,toilet hat,http://aem.asm.org/content/79/17/5112.short,0,16S rRNA,V4,69,1,,,,,,
SRR2143749,AMPLICON,502,20511720,PRJNA290926,SAMN03939580,"MIMARKS.survey,MIGS/MIMS/MIMARKS.human-gut",13220352,UNIVERSITY OF MICHIGAN,NA,public,"sra,fastq,run.zq","gs,ncbi,s3","s3.us-east-1,ncbi.public,gs.us-east1",human stool sample,human body,gut,feces,SRX1132313,USA,North America,USA,Homo sapiens,454 GS,NA,2629651_S28_L001_R1_001.fastq.2629651,PAIRED,PCR,METAGENOMIC,human gut metagenome,metagenome,LS454,2015-08-09T00:00:00Z,2015-08-04T14:08:00Z,1,-80C,2629651,2629651,Illumina MiSeq,SRP062005,0,52,0,0,28.7,2,Uchime,0,0,Cancer,0,378,male,180,0,1,1,paired-end,0,0,0,0,http://aem.asm.org/content/79/17/5112/suppl/DCSupplemental,FWD:GTGCCAGCMGCCGCGGTAA; REV:GGACTACHVGGGTWTCTAAT,toilet hat,http://aem.asm.org/content/79/17/5112.short,1,16S rRNA,V4,93,1,,,,,,
SRR2143750,AMPLICON,502,9141420,PRJNA290926,SAMN03939581,"MIMARKS.survey,MIGS/MIMS/MIMARKS.human-gut",6399254,UNIVERSITY OF MICHIGAN,NA,public,"run.zq,sra,fastq","ncbi,gs,s3","gs.us-east1,s3.us-east-1,ncbi.public",human stool sample,human body,gut,feces,SRX1132314,USA,North America,USA,Homo sapiens,454 GS,NA,2633670_S56_L001_R1_001.fastq.2633670,PAIRED,PCR,METAGENOMIC,human gut metagenome,metagenome,LS454,2015-08-09T00:00:00Z,2015-08-04T14:07:00Z,1,-80C,2633670,2633670,Illumina MiSeq,SRP062005,1,71,0,0,32.3,2,Uchime,0,1,Cancer,1,258,male,165,0,1,1,paired-end,0,0,0,0,http://aem.asm.org/content/79/17/5112/suppl/DCSupplemental,FWD:GTGCCAGCMGCCGCGGTAA; REV:GGACTACHVGGGTWTCTAAT,toilet hat,http://aem.asm.org/content/79/17/5112.short,1,16S rRNA,V4,88,1,,,,,,
SRR2143751,AMPLICON,502,18760242,PRJNA290926,SAMN03939582,"MIMARKS.survey,MIGS/MIMS/MIMARKS.human-gut",12635675,UNIVERSITY OF MICHIGAN,NA,public,"run.zq,sra,fastq","ncbi,gs,s3","s3.us-east-1,ncbi.public,gs.us-east1",human stool sample,human body,gut,feces,SRX1132315,USA,North America,USA,Homo sapiens,454 GS,NA,2637651_S39_L001_R1_001.fastq.2637651,PAIRED,PCR,METAGENOMIC,human gut metagenome,metagenome,LS454,2015-08-09T00:00:00Z,2015-08-04T14:08:00Z,1,-80C,2637651,2637651,Illumina MiSeq,SRP062005,0,72,0,0,26.1,NA,Uchime,0,0,adv Adenoma,0,0,male,176,0,1,1,paired-end,0,0,0,0,http://aem.asm.org/content/79/17/5112/suppl/DCSupplemental,FWD:GTGCCAGCMGCCGCGGTAA; REV:GGACTACHVGGGTWTCTAAT,toilet hat,http://aem.asm.org/content/79/17/5112.short,1,16S rRNA,V4,81,1,,,,,,
SRR2143752,AMPLICON,502,40148956,PRJNA290926,SAMN03939583,"MIMARKS.survey,MIGS/MIMS/MIMARKS.human-gut",27394889,UNIVERSITY OF MICHIGAN,NA,public,"sra,fastq,run.zq","gs,s3,ncbi","s3.us-east-1,ncbi.public,gs.us-east1",human stool sample,human body,gut,feces,SRX1132316,USA,North America,USA,Homo sapiens,454 GS,NA,2639690_S52_L001_R1_001.fastq.2639690,PAIRED,PCR,METAGENOMIC,human gut metagenome,metagenome,LS454,2015-08-09T00:00:00Z,2015-08-04T14:08:00Z,1,-80C,2639690,2639690,Illumina MiSeq,SRP062005,0,69,0,0,31.4,NA,Uchime,1,1,Adenoma,0,0,male,182,0,1,0,paired-end,0,0,0,0,http://aem.asm.org/content/79/17/5112/suppl/DCSupplemental,FWD:GTGCCAGCMGCCGCGGTAA; REV:GGACTACHVGGGTWTCTAAT,toilet hat,http://aem.asm.org/content/79/17/5112.short,0,16S rRNA,V4,104,1,,,,,,
SRR2143753,AMPLICON,502,22217516,PRJNA290926,SAMN03939584,"MIMARKS.survey,MIGS/MIMS/MIMARKS.human-gut",14493001,UNIVERSITY OF MICHIGAN,NA,public,"sra,fastq,run.zq","s3,gs,ncbi","gs.us-east1,s3.us-east-1,ncbi.public",human stool sample,human body,gut,feces,SRX1132317,USA,North America,USA,Homo sapiens,454 GS,NA,2641650_S65_L001_R1_001.fastq.2641650,PAIRED,PCR,METAGENOMIC,human gut metagenome,metagenome,LS454,2015-08-09T00:00:00Z,2015-08-04T14:08:00Z,1,-80C,2641650,2641650,Illumina MiSeq,SRP062005,0,66,0,0,24.4,NA,Uchime,0,0,Adenoma,0,0,female,162,0,1,0,paired-end,0,0,0,0,http://aem.asm.org/content/79/17/5112/suppl/DCSupplemental,FWD:GTGCCAGCMGCCGCGGTAA; REV:GGACTACHVGGGTWTCTAAT,toilet hat,http://aem.asm.org/content/79/17/5112.short,0,16S rRNA,V4,64,1,,,,,,
SRR2143754,AMPLICON,502,105466686,PRJNA290926,SAMN03939585,"MIMARKS.survey,MIGS/MIMS/MIMARKS.human-gut",66934171,UNIVERSITY OF MICHIGAN,NA,public,"fastq,run.zq,sra","ncbi,gs,s3","ncbi.public,gs.us-east1,s3.us-east-1",human stool sample,human body,gut,feces,SRX1132319,USA,North America,USA,Homo sapiens,454 GS,NA,2643651_S12_L001_R1_001.fastq.2643651,PAIRED,PCR,METAGENOMIC,human gut metagenome,metagenome,LS454,2015-08-09T00:00:00Z,2015-08-04T14:08:00Z,1,-80C,2643651,2643651,Illumina MiSeq,SRP062005,0,71,0,0,42.8,NA,Uchime,1,1,adv Adenoma,0,101,female,152,0,1,0,paired-end,0,0,0,0,http://aem.asm.org/content/79/17/5112/suppl/DCSupplemental,FWD:GTGCCAGCMGCCGCGGTAA; REV:GGACTACHVGGGTWTCTAAT,toilet hat,http://aem.asm.org/content/79/17/5112.short,0,16S rRNA,V4,99,1,,,,,,
SRR2143755,AMPLICON,502,4036080,PRJNA290926,SAMN03939585,"MIMARKS.survey,MIGS/MIMS/MIMARKS.human-gut",2745049,UNIVERSITY OF MICHIGAN,NA,public,"sra,fastq,run.zq","ncbi,s3,gs","s3.us-east-1,gs.us-east1,ncbi.public",human stool sample,human body,gut,feces,SRX1132320,USA,North America,USA,Homo sapiens,454 GS,NA,2643651_S187_L001_R1_001.fastq.2643651,PAIRED,PCR,METAGENOMIC,human gut metagenome,metagenome,LS454,2015-08-09T00:00:00Z,2015-08-04T14:07:00Z,1,-80C,2643651,2643651,Illumina MiSeq,SRP062005,0,71,0,0,42.8,NA,Uchime,1,1,adv Adenoma,0,101,female,152,0,1,0,paired-end,0,0,0,0,http://aem.asm.org/content/79/17/5112/suppl/DCSupplemental,FWD:GTGCCAGCMGCCGCGGTAA; REV:GGACTACHVGGGTWTCTAAT,toilet hat,http://aem.asm.org/content/79/17/5112.short,0,16S rRNA,V4,99,1,,,,,,
SRR2143756,AMPLICON,502,28549242,PRJNA290926,SAMN03939586,"MIMARKS.survey,MIGS/MIMS/MIMARKS.human-gut",21104450,UNIVERSITY OF MICHIGAN,NA,public,"sra,run.zq,fastq","gs,ncbi,s3","s3.us-east-1,gs.us-east1,ncbi.public",human stool sample,human body,gut,feces,SRX1132321,USA,North America,USA,Homo sapiens,454 GS,NA,2647650_S24_L001_R1_001.fastq.2647650,PAIRED,PCR,METAGENOMIC,human gut metagenome,metagenome,LS454,2015-08-09T00:00:00Z,2015-08-04T14:08:00Z,1,-80C,2647650,2647650,Illumina MiSeq,SRP062005,0,75,0,0,26.3,NA,Uchime,0,0,Adenoma,0,0,male,162,0,1,0,paired-end,0,0,0,0,http://aem.asm.org/content/79/17/5112/suppl/DCSupplemental,FWD:GTGCCAGCMGCCGCGGTAA; REV:GGACTACHVGGGTWTCTAAT,toilet hat,http://aem.asm.org/content/79/17/5112.short,0,16S rRNA,V4,69,1,,,,,,
SRR2143757,AMPLICON,502,15036406,PRJNA290926,SAMN03939587,"MIMARKS.survey,MIGS/MIMS/MIMARKS.human-gut",10345576,UNIVERSITY OF MICHIGAN,NA,public,"fastq,sra,run.zq","ncbi,gs,s3","ncbi.public,s3.us-east-1,gs.us-east1",human stool sample,human body,gut,feces,SRX1132322,USA,North America,USA,Homo sapiens,454 GS,NA,2657651_S150_L001_R1_001.fastq.2657651,PAIRED,PCR,METAGENOMIC,human gut metagenome,metagenome,LS454,2015-08-09T00:00:00Z,2015-08-04T14:07:00Z,1,-80C,2657651,2657651,Illumina MiSeq,SRP062005,0,65,0,0,27.8,NA,Uchime,0,0,adv Adenoma,0,349,male,182,1,1,0,paired-end,0,0,0,0,http://aem.asm.org/content/79/17/5112/suppl/DCSupplemental,FWD:GTGCCAGCMGCCGCGGTAA; REV:GGACTACHVGGGTWTCTAAT,toilet hat,http://aem.asm.org/content/79/17/5112.short,0,16S rRNA,V4,92,1,,,,,,
SRR2143758,AMPLICON,502,27548756,PRJNA290926,SAMN03939588,"MIMARKS.survey,MIGS/MIMS/MIMARKS.human-gut",17906093,UNIVERSITY OF MICHIGAN,NA,public,"run.zq,fastq,sra","ncbi,s3,gs","gs.us-east1,s3.us-east-1,ncbi.public",human stool sample,human body,gut,feces,SRX1132323,USA,North America,USA,Homo sapiens,454 GS,NA,2665650_S47_L001_R1_001.fastq.2665650,PAIRED,PCR,METAGENOMIC,human gut metagenome,metagenome,LS454,2015-08-09T00:00:00Z,2015-08-04T14:08:00Z,1,-80C,2665650,2665650,Illumina MiSeq,SRP062005,0,51,0,0,28.3,NA,Uchime,0,0,Normal,0,0,male,190,1,1,0,paired-end,0,0,0,0,http://aem.asm.org/content/79/17/5112/suppl/DCSupplemental,FWD:GTGCCAGCMGCCGCGGTAA; REV:GGACTACHVGGGTWTCTAAT,toilet hat,http://aem.asm.org/content/79/17/5112.short,0,16S rRNA,V4,102,1,,,,,,
SRR2143759,AMPLICON,502,14578080,PRJNA290926,SAMN03939589,"MIMARKS.survey,MIGS/MIMS/MIMARKS.human-gut",9631660,UNIVERSITY OF MICHIGAN,NA,public,"run.zq,sra,fastq","gs,s3,ncbi","gs.us-east1,ncbi.public,s3.us-east-1",human stool sample,human body,gut,feces,SRX1132324,USA,North America,USA,Homo sapiens,454 GS,NA,2667653_S111_L001_R1_001.fastq.2667653,PAIRED,PCR,METAGENOMIC,human gut metagenome,metagenome,LS454,2015-08-09T00:00:00Z,2015-08-04T14:08:00Z,1,-80C,2667653,2667653,Illumina MiSeq,SRP062005,0,58,0,0,29.7,2,Uchime,0,1,Cancer,0,340,male,177,0,1,1,paired-end,0,0,0,0,http://aem.asm.org/content/79/17/5112/suppl/DCSupplemental,FWD:GTGCCAGCMGCCGCGGTAA; REV:GGACTACHVGGGTWTCTAAT,toilet hat,http://aem.asm.org/content/79/17/5112.short,0,16S rRNA,V4,93,1,,,,,,
SRR2143760,AMPLICON,502,9947632,PRJNA290926,SAMN03939590,"MIMARKS.survey,MIGS/MIMS/MIMARKS.human-gut",6658218,UNIVERSITY OF MICHIGAN,NA,public,"fastq,sra,run.zq","s3,gs,ncbi","ncbi.public,gs.us-east1,s3.us-east-1",human stool sample,human body,gut,feces,SRX1132325,USA,North America,USA,Homo sapiens,454 GS,NA,2669660_S170_L001_R1_001.fastq.2669660,PAIRED,PCR,METAGENOMIC,human gut metagenome,metagenome,LS454,2015-08-09T00:00:00Z,2015-08-04T14:07:00Z,1,-80C,2669660,2669660,Illumina MiSeq,SRP062005,0,51,0,0,36.4,NA,Uchime,0,0,Normal,0,0,female,165,0,0,0,paired-end,0,0,0,0,http://aem.asm.org/content/79/17/5112/suppl/DCSupplemental,FWD:GTGCCAGCMGCCGCGGTAA; REV:GGACTACHVGGGTWTCTAAT,toilet hat,http://aem.asm.org/content/79/17/5112.short,0,16S rRNA,V4,99,1,,,,,,
SRR2143761,AMPLICON,502,43119792,PRJNA290926,SAMN03939591,"MIMARKS.survey,MIGS/MIMS/MIMARKS.human-gut",28560006,UNIVERSITY OF MICHIGAN,NA,public,"run.zq,sra","gs,s3,ncbi","s3.us-east-1,ncbi.public,gs.us-east1",human stool sample,human body,gut,feces,SRX1132326,USA,North America,USA,Homo sapiens,Illumina MiSeq,NA,2671660_S46_L001_R1_001.fastq.2671660,PAIRED,PCR,METAGENOMIC,human gut metagenome,metagenome,ILLUMINA,2015-08-09T00:00:00Z,2015-08-04T14:08:00Z,1,-80C,2671660,2671660,Illumina MiSeq,SRP062005,0,60,0,0,32.9,3,Uchime,0,0,Cancer,0,1432,male,182,0,1,1,paired-end,0,0,0,0,http://aem.asm.org/content/79/17/5112/suppl/DCSupplemental,FWD:GTGCCAGCMGCCGCGGTAA; REV:GGACTACHVGGGTWTCTAAT,toilet hat,http://aem.asm.org/content/79/17/5112.short,1,16S rRNA,V4,109,1,,,,,,
SRR2143762,AMPLICON,502,6565658,PRJNA290926,SAMN03939592,"MIGS/MIMS/MIMARKS.human-gut,MIMARKS.survey",4375167,UNIVERSITY OF MICHIGAN,NA,public,"sra,fastq,run.zq","gs,s3,ncbi","gs.us-east1,s3.us-east-1,ncbi.public",human stool sample,human body,gut,feces,SRX1132327,USA,North America,USA,Homo sapiens,454 GS,NA,2675680_S154_L001_R1_001.fastq.2675680,PAIRED,PCR,METAGENOMIC,human gut metagenome,metagenome,LS454,2015-08-09T00:00:00Z,2015-08-04T14:05:00Z,1,-80C,2675680,2675680,Illumina MiSeq,SRP062005,0,62,0,0,31,NA,Uchime,0,0,Normal,0,0,male,177,0,0,0,paired-end,0,0,0,0,http://aem.asm.org/content/79/17/5112/suppl/DCSupplemental,FWD:GTGCCAGCMGCCGCGGTAA; REV:GGACTACHVGGGTWTCTAAT,toilet hat,http://aem.asm.org/content/79/17/5112.short,1,16S rRNA,V4,97,1,,,,,,
SRR2143763,AMPLICON,502,14301980,PRJNA290926,SAMN03939592,"MIGS/MIMS/MIMARKS.human-gut,MIMARKS.survey",9272431,UNIVERSITY OF MICHIGAN,NA,public,"fastq,sra,run.zq","gs,s3,ncbi","gs.us-east1,s3.us-east-1,ncbi.public",human stool sample,human body,gut,feces,SRX1132329,USA,North America,USA,Homo sapiens,454 GS,NA,2675680_S72_L001_R1_001.fastq.2675680,PAIRED,PCR,METAGENOMIC,human gut metagenome,metagenome,LS454,2015-08-09T00:00:00Z,2015-08-04T14:06:00Z,1,-80C,2675680,2675680,Illumina MiSeq,SRP062005,0,62,0,0,31,NA,Uchime,0,0,Normal,0,0,male,177,0,0,0,paired-end,0,0,0,0,http://aem.asm.org/content/79/17/5112/suppl/DCSupplemental,FWD:GTGCCAGCMGCCGCGGTAA; REV:GGACTACHVGGGTWTCTAAT,toilet hat,http://aem.asm.org/content/79/17/5112.short,1,16S rRNA,V4,97,1,,,,,,
SRR2143764,AMPLICON,502,22618614,PRJNA290926,SAMN03939593,"MIMARKS.survey,MIGS/MIMS/MIMARKS.human-gut",14681998,UNIVERSITY OF MICHIGAN,NA,public,"sra,fastq,run.zq","ncbi,s3,gs","ncbi.public,s3.us-east-1,gs.us-east1",human stool sample,human body,gut,feces,SRX1132330,USA,North America,USA,Homo sapiens,454 GS,NA,2677650_S93_L001_R1_001.fastq.2677650,PAIRED,PCR,METAGENOMIC,human gut metagenome,metagenome,LS454,2015-08-09T00:00:00Z,2015-08-04T14:06:00Z,1,-80C,2677650,2677650,Illumina MiSeq,SRP062005,0,44,0,0,28.3,NA,Uchime,0,0,Normal,1,0,female,154,0,0,0,paired-end,0,0,1,0,http://aem.asm.org/content/79/17/5112/suppl/DCSupplemental,FWD:GTGCCAGCMGCCGCGGTAA; REV:GGACTACHVGGGTWTCTAAT,toilet hat,http://aem.asm.org/content/79/17/5112.short,0,16S rRNA,V4,67,0,,,,,,
SRR2143765,AMPLICON,502,19738640,PRJNA290926,SAMN03939594,"MIMARKS.survey,MIGS/MIMS/MIMARKS.human-gut",13185454,UNIVERSITY OF MICHIGAN,NA,public,"run.zq,sra","ncbi,s3,gs","gs.us-east1,ncbi.public,s3.us-east-1",human stool sample,human body,gut,feces,SRX1132331,USA,North America,USA,Homo sapiens,Illumina MiSeq,NA,2679660_S175_L001_R1_001.fastq.2679660,PAIRED,PCR,METAGENOMIC,human gut metagenome,metagenome,ILLUMINA,2015-08-09T00:00:00Z,2015-08-04T14:06:00Z,1,-80C,2679660,2679660,Illumina MiSeq,SRP062005,0,61,0,0,28.7,NA,Uchime,0,0,Adenoma,0,74,male,177,0,1,0,paired-end,0,1,0,0,http://aem.asm.org/content/79/17/5112/suppl/DCSupplemental,FWD:GTGCCAGCMGCCGCGGTAA; REV:GGACTACHVGGGTWTCTAAT,toilet hat,http://aem.asm.org/content/79/17/5112.short,1,16S rRNA,V4,90,1,,,,,,
SRR2143766,AMPLICON,502,30197810,PRJNA290926,SAMN03939595,"MIMARKS.survey,MIGS/MIMS/MIMARKS.human-gut",22311106,UNIVERSITY OF MICHIGAN,NA,public,"run.zq,sra,fastq","s3,ncbi,gs","s3.us-east-1,ncbi.public,gs.us-east1",human stool sample,human body,gut,feces,SRX1132332,USA,North America,USA,Homo sapiens,454 GS,NA,2681650_S90_L001_R1_001.fastq.2681650,PAIRED,PCR,METAGENOMIC,human gut metagenome,metagenome,LS454,2015-08-09T00:00:00Z,2015-08-04T14:05:00Z,1,-80C,2681650,2681650,Illumina MiSeq,SRP062005,0,51,0,0,19.4,NA,Uchime,0,0,Normal,0,0,female,162,0,0,0,paired-end,0,0,0,0,http://aem.asm.org/content/79/17/5112/suppl/DCSupplemental,FWD:GTGCCAGCMGCCGCGGTAA; REV:GGACTACHVGGGTWTCTAAT,toilet hat,http://aem.asm.org/content/79/17/5112.short,0,16S rRNA,V4,51,1,,,,,,
SRR2143767,AMPLICON,502,27373056,PRJNA290926,SAMN03939596,"MIMARKS.survey,MIGS/MIMS/MIMARKS.human-gut",17736321,UNIVERSITY OF MICHIGAN,NA,public,"fastq,sra,run.zq","gs,s3,ncbi","ncbi.public,gs.us-east1,s3.us-east-1",human stool sample,human body,gut,feces,SRX1132333,USA,North America,USA,Homo sapiens,454 GS,NA,2695652_S37_L001_R1_001.fastq.2695652,PAIRED,PCR,METAGENOMIC,human gut metagenome,metagenome,LS454,2015-08-09T00:00:00Z,2015-08-04T14:05:00Z,1,-80C,2695652,2695652,Illumina MiSeq,SRP062005,0,50,0,0,33.5,NA,Uchime,0,0,Normal,0,0,female,172,0,0,0,paired-end,0,0,0,0,http://aem.asm.org/content/79/17/5112/suppl/DCSupplemental,FWD:GTGCCAGCMGCCGCGGTAA; REV:GGACTACHVGGGTWTCTAAT,toilet hat,http://aem.asm.org/content/79/17/5112.short,0,16S rRNA,V4,99,1,,,,,,
SRR2143768,AMPLICON,502,11585156,PRJNA290926,SAMN03939597,"MIMARKS.survey,MIGS/MIMS/MIMARKS.human-gut",7594321,UNIVERSITY OF MICHIGAN,NA,public,"sra,run.zq","s3,gs,ncbi","ncbi.public,gs.us-east1,s3.us-east-1",human stool sample,human body,gut,feces,SRX1132334,USA,North America,USA,Homo sapiens,Illumina MiSeq,NA,2703653_S113_L001_R1_001.fastq.2703653,PAIRED,PCR,METAGENOMIC,human gut metagenome,metagenome,ILLUMINA,2015-08-09T00:00:00Z,2015-08-04T14:06:00Z,1,-80C,2703653,2703653,Illumina MiSeq,SRP062005,0,51,0,0,21.2,2,Uchime,0,0,Cancer,0,460,female,175,0,1,1,paired-end,0,0,0,0,http://aem.asm.org/content/79/17/5112/suppl/DCSupplemental,FWD:GTGCCAGCMGCCGCGGTAA; REV:GGACTACHVGGGTWTCTAAT,toilet hat,http://aem.asm.org/content/79/17/5112.short,1,16S rRNA,V4,65,1,,,,,,
SRR2143769,AMPLICON,502,22712488,PRJNA290926,SAMN03939598,"MIMARKS.survey,MIGS/MIMS/MIMARKS.human-gut",14562225,UNIVERSITY OF MICHIGAN,NA,public,"sra,run.zq,fastq","ncbi,s3,gs","gs.us-east1,s3.us-east-1,ncbi.public",human stool sample,human body,gut,feces,SRX1132335,USA,North America,USA,Homo sapiens,454 GS,NA,2705653_S122_L001_R1_001.fastq.2705653,PAIRED,PCR,METAGENOMIC,human gut metagenome,metagenome,LS454,2015-08-09T00:00:00Z,2015-08-04T14:06:00Z,1,-80C,2705653,2705653,Illumina MiSeq,SRP062005,0,64,0,0,24.4,1,Uchime,0,0,Cancer,0,265,female,167,1,1,1,paired-end,0,1,0,0,http://aem.asm.org/content/79/17/5112/suppl/DCSupplemental,FWD:GTGCCAGCMGCCGCGGTAA; REV:GGACTACHVGGGTWTCTAAT,toilet hat,http://aem.asm.org/content/79/17/5112.short,1,16S rRNA,V4,68,1,,,,,,
SRR2143770,AMPLICON,502,28401654,PRJNA290926,SAMN03939599,"MIMARKS.survey,MIGS/MIMS/MIMARKS.human-gut",18729488,UNIVERSITY OF MICHIGAN,NA,public,"sra,fastq,run.zq","gs,ncbi,s3","ncbi.public,s3.us-east-1,gs.us-east1",human stool sample,human body,gut,feces,SRX1132336,USA,North America,USA,Homo sapiens,454 GS,NA,2709650_S168_L001_R1_001.fastq.2709650,PAIRED,PCR,METAGENOMIC,human gut metagenome,metagenome,LS454,2015-08-09T00:00:00Z,2015-08-04T14:06:00Z,1,-80C,2709650,2709650,Illumina MiSeq,SRP062005,0,65,0,0,27.3,1,Uchime,0,0,Cancer,0,1206,female,152,0,0,0,paired-end,0,0,0,0,http://aem.asm.org/content/79/17/5112/suppl/DCSupplemental,FWD:GTGCCAGCMGCCGCGGTAA; REV:GGACTACHVGGGTWTCTAAT,toilet hat,http://aem.asm.org/content/79/17/5112.short,0,16S rRNA,V4,63,1,,,,,,
SRR2143771,AMPLICON,502,26037736,PRJNA290926,SAMN03939600,"MIMARKS.survey,MIGS/MIMS/MIMARKS.human-gut",17585892,UNIVERSITY OF MICHIGAN,NA,public,"run.zq,fastq,sra","ncbi,gs,s3","ncbi.public,s3.us-east-1,gs.us-east1",human stool sample,human body,gut,feces,SRX1132338,USA,North America,USA,Homo sapiens,454 GS,NA,2713651_S154_L001_R1_001.fastq.2713651,PAIRED,PCR,METAGENOMIC,human gut metagenome,metagenome,LS454,2015-08-09T00:00:00Z,2015-08-04T14:06:00Z,1,-80C,2713651,2713651,Illumina MiSeq,SRP062005,0,61,0,0,26.5,NA,Uchime,0,0,adv Adenoma,0,345,male,167,0,1,0,paired-end,0,0,0,0,http://aem.asm.org/content/79/17/5112/suppl/DCSupplemental,FWD:GTGCCAGCMGCCGCGGTAA; REV:GGACTACHVGGGTWTCTAAT,toilet hat,http://aem.asm.org/content/79/17/5112.short,1,16S rRNA,V4,74,1,,,,,,
SRR2143772,AMPLICON,502,20288330,PRJNA290926,SAMN03939601,"MIMARKS.survey,MIGS/MIMS/MIMARKS.human-gut",13119725,UNIVERSITY OF MICHIGAN,NA,public,"sra,run.zq,fastq","s3,ncbi,gs","ncbi.public,s3.us-east-1,gs.us-east1",human stool sample,human body,gut,feces,SRX1132339,USA,North America,USA,Homo sapiens,454 GS,NA,2717652_S24_L001_R1_001.fastq.2717652,PAIRED,PCR,METAGENOMIC,human gut metagenome,metagenome,LS454,2015-08-09T00:00:00Z,2015-08-04T14:05:00Z,1,-80C,2717652,2717652,Illumina MiSeq,SRP062005,0,73,0,0,25.6,NA,Uchime,0,0,adv Adenoma,0,184,male,170,0,0,0,paired-end,0,0,0,0,http://aem.asm.org/content/79/17/5112/suppl/DCSupplemental,FWD:GTGCCAGCMGCCGCGGTAA; REV:GGACTACHVGGGTWTCTAAT,toilet hat,http://aem.asm.org/content/79/17/5112.short,1,16S rRNA,V4,74,1,,,,,,
SRR2143773,AMPLICON,502,22574940,PRJNA290926,SAMN03939602,"MIMARKS.survey,MIGS/MIMS/MIMARKS.human-gut",16711882,UNIVERSITY OF MICHIGAN,NA,public,"run.zq,fastq,sra","gs,ncbi,s3","ncbi.public,s3.us-east-1,gs.us-east1",human stool sample,human body,gut,feces,SRX1132340,USA,North America,USA,Homo sapiens,454 GS,NA,2719650_S32_L001_R1_001.fastq.2719650,PAIRED,PCR,METAGENOMIC,human gut metagenome,metagenome,LS454,2015-08-09T00:00:00Z,2015-08-04T14:05:00Z,1,-80C,2719650,2719650,Illumina MiSeq,SRP062005,0,68,0,0,20.3,NA,Uchime,0,0,Adenoma,0,110,female,149,0,1,0,paired-end,0,1,0,0,http://aem.asm.org/content/79/17/5112/suppl/DCSupplemental,FWD:GTGCCAGCMGCCGCGGTAA; REV:GGACTACHVGGGTWTCTAAT,toilet hat,http://aem.asm.org/content/79/17/5112.short,0,16S rRNA,V4,45,1,,,,,,
SRR2143774,AMPLICON,502,4976326,PRJNA290926,SAMN03939603,"MIMARKS.survey,MIGS/MIMS/MIMARKS.human-gut",3729866,UNIVERSITY OF MICHIGAN,NA,public,"run.zq,fastq,sra","gs,s3,ncbi","ncbi.public,gs.us-east1,s3.us-east-1",human stool sample,human body,gut,feces,SRX1132341,USA,North America,USA,Homo sapiens,454 GS,NA,2725650_S99_L001_R1_001.fastq.2725650,PAIRED,PCR,METAGENOMIC,human gut metagenome,metagenome,LS454,2015-08-09T00:00:00Z,2015-08-04T14:05:00Z,1,-80C,2725650,2725650,Illumina MiSeq,SRP062005,0,63,0,0,25.5,NA,Uchime,0,0,adv Adenoma,0,0,female,167,0,1,1,paired-end,0,0,0,0,http://aem.asm.org/content/79/17/5112/suppl/DCSupplemental,FWD:GTGCCAGCMGCCGCGGTAA; REV:GGACTACHVGGGTWTCTAAT,toilet hat,http://aem.asm.org/content/79/17/5112.short,0,16S rRNA,V4,71,1,,,,,,
SRR2143775,AMPLICON,502,65905070,PRJNA290926,SAMN03939603,"MIMARKS.survey,MIGS/MIMS/MIMARKS.human-gut",40454735,UNIVERSITY OF MICHIGAN,NA,public,"sra,fastq,run.zq","ncbi,s3,gs","ncbi.public,gs.us-east1,s3.us-east-1",human stool sample,human body,gut,feces,SRX1132342,USA,North America,USA,Homo sapiens,454 GS,NA,2725650_S9_L001_R1_001.fastq.2725650,PAIRED,PCR,METAGENOMIC,human gut metagenome,metagenome,LS454,2015-08-09T00:00:00Z,2015-08-04T14:05:00Z,1,-80C,2725650,2725650,Illumina MiSeq,SRP062005,0,63,0,0,25.5,NA,Uchime,0,0,adv Adenoma,0,0,female,167,0,1,1,paired-end,0,0,0,0,http://aem.asm.org/content/79/17/5112/suppl/DCSupplemental,FWD:GTGCCAGCMGCCGCGGTAA; REV:GGACTACHVGGGTWTCTAAT,toilet hat,http://aem.asm.org/content/79/17/5112.short,0,16S rRNA,V4,71,1,,,,,,
SRR2143776,AMPLICON,502,19545370,PRJNA290926,SAMN03939604,"MIMARKS.survey,MIGS/MIMS/MIMARKS.human-gut",12833490,UNIVERSITY OF MICHIGAN,NA,public,"sra,run.zq,fastq","gs,s3,ncbi","ncbi.public,s3.us-east-1,gs.us-east1",human stool sample,human body,gut,feces,SRX1132343,USA,North America,USA,Homo sapiens,454 GS,NA,2727653_S110_L001_R1_001.fastq.2727653,PAIRED,PCR,METAGENOMIC,human gut metagenome,metagenome,LS454,2015-08-09T00:00:00Z,2015-08-04T14:05:00Z,1,-80C,2727653,2727653,Illumina MiSeq,SRP062005,0,48,0,0,32.9,1,Uchime,0,0,Cancer,0,1062,male,182,0,1,1,paired-end,0,0,0,0,http://aem.asm.org/content/79/17/5112/suppl/DCSupplemental,FWD:GTGCCAGCMGCCGCGGTAA; REV:GGACTACHVGGGTWTCTAAT,toilet hat,http://aem.asm.org/content/79/17/5112.short,0,16S rRNA,V4,109,1,,,,,,
SRR2143777,AMPLICON,502,23909758,PRJNA290926,SAMN03939605,"MIMARKS.survey,MIGS/MIMS/MIMARKS.human-gut",15631315,UNIVERSITY OF MICHIGAN,NA,public,"sra,fastq,run.zq","ncbi,gs,s3","gs.us-east1,ncbi.public,s3.us-east-1",human stool sample,human body,gut,feces,SRX1132344,USA,North America,USA,Homo sapiens,454 GS,NA,2731670_S155_L001_R1_001.fastq.2731670,PAIRED,PCR,METAGENOMIC,human gut metagenome,metagenome,LS454,2015-08-09T00:00:00Z,2015-08-04T14:05:00Z,1,-80C,2731670,2731670,Illumina MiSeq,SRP062005,0,52,0,0,28.2,NA,Uchime,0,0,Normal,0,0,female,162,0,0,0,paired-end,0,0,0,0,http://aem.asm.org/content/79/17/5112/suppl/DCSupplemental,FWD:GTGCCAGCMGCCGCGGTAA; REV:GGACTACHVGGGTWTCTAAT,toilet hat,http://aem.asm.org/content/79/17/5112.short,0,16S rRNA,V4,74,1,,,,,,
SRR2143778,AMPLICON,502,18623698,PRJNA290926,SAMN03939606,"MIMARKS.survey,MIGS/MIMS/MIMARKS.human-gut",12621339,UNIVERSITY OF MICHIGAN,NA,public,"sra,fastq,run.zq","gs,ncbi,s3","gs.us-east1,s3.us-east-1,ncbi.public",human stool sample,human body,gut,feces,SRX1132345,USA,North America,USA,Homo sapiens,454 GS,NA,2733650_S58_L001_R1_001.fastq.2733650,PAIRED,PCR,METAGENOMIC,human gut metagenome,metagenome,LS454,2015-08-09T00:00:00Z,2015-08-04T14:05:00Z,1,-80C,2733650,2733650,Illumina MiSeq,SRP062005,0,41,0,0,21.6,NA,Uchime,0,0,Normal,0,0,male,185,0,0,0,paired-end,0,0,0,0,http://aem.asm.org/content/79/17/5112/suppl/DCSupplemental,FWD:GTGCCAGCMGCCGCGGTAA; REV:GGACTACHVGGGTWTCTAAT,toilet hat,http://aem.asm.org/content/79/17/5112.short,0,16S rRNA,V4,74,1,,,,,,
SRR2143779,AMPLICON,502,25842458,PRJNA290926,SAMN03939607,"MIMARKS.survey,MIGS/MIMS/MIMARKS.human-gut",16731914,UNIVERSITY OF MICHIGAN,NA,public,"run.zq,sra","s3,ncbi,gs","ncbi.public,s3.us-east-1,gs.us-east1",human stool sample,human body,gut,feces,SRX1132347,USA,North America,USA,Homo sapiens,Illumina MiSeq,NA,2739651_S26_L001_R1_001.fastq.2739651,PAIRED,PCR,METAGENOMIC,human gut metagenome,metagenome,ILLUMINA,2015-08-09T00:00:00Z,2015-08-04T14:05:00Z,1,-80C,2739651,2739651,Illumina MiSeq,SRP062005,0,65,0,0,32.2,3,Uchime,0,0,Cancer,0,2095,male,170,0,1,1,paired-end,0,0,0,0,http://aem.asm.org/content/79/17/5112/suppl/DCSupplemental,FWD:GTGCCAGCMGCCGCGGTAA; REV:GGACTACHVGGGTWTCTAAT,toilet hat,http://aem.asm.org/content/79/17/5112.short,1,16S rRNA,V4,93,1,,,,,,
SRR2143780,AMPLICON,502,11649412,PRJNA290926,SAMN03939608,"MIMARKS.survey,MIGS/MIMS/MIMARKS.human-gut",7834960,UNIVERSITY OF MICHIGAN,NA,public,"fastq,sra,run.zq","s3,ncbi,gs","gs.us-east1,s3.us-east-1,ncbi.public",human stool sample,human body,gut,feces,SRX1132348,USA,North America,USA,Homo sapiens,454 GS,NA,2743650_S145_L001_R1_001.fastq.2743650,PAIRED,PCR,METAGENOMIC,human gut metagenome,metagenome,LS454,2015-08-09T00:00:00Z,2015-08-04T14:05:00Z,1,-80C,2743650,2743650,Illumina MiSeq,SRP062005,0,44,0,0,24.8,NA,Uchime,0,0,Normal,0,0,female,162,0,0,0,paired-end,0,0,0,0,http://aem.asm.org/content/79/17/5112/suppl/DCSupplemental,FWD:GTGCCAGCMGCCGCGGTAA; REV:GGACTACHVGGGTWTCTAAT,toilet hat,http://aem.asm.org/content/79/17/5112.short,0,16S rRNA,V4,65,1,,,,,,
SRR2143781,AMPLICON,502,19604606,PRJNA290926,SAMN03939609,"MIMARKS.survey,MIGS/MIMS/MIMARKS.human-gut",14584899,UNIVERSITY OF MICHIGAN,NA,public,"run.zq,sra,fastq","s3,gs,ncbi","ncbi.public,s3.us-east-1,gs.us-east1",human stool sample,human body,gut,feces,SRX1132349,USA,North America,USA,Homo sapiens,454 GS,NA,2751650_S82_L001_R1_001.fastq.2751650,PAIRED,PCR,METAGENOMIC,human gut metagenome,metagenome,LS454,2015-08-09T00:00:00Z,2015-08-04T14:05:00Z,1,-80C,2751650,2751650,Illumina MiSeq,SRP062005,0,59,0,0,29.1,NA,Uchime,0,1,adv Adenoma,0,2589,male,175,0,1,0,paired-end,0,0,0,0,http://aem.asm.org/content/79/17/5112/suppl/DCSupplemental,FWD:GTGCCAGCMGCCGCGGTAA; REV:GGACTACHVGGGTWTCTAAT,toilet hat,http://aem.asm.org/content/79/17/5112.short,0,16S rRNA,V4,89,1,,,,,,
SRR2143782,AMPLICON,502,18938954,PRJNA290926,SAMN03939610,"MIGS/MIMS/MIMARKS.human-gut,MIMARKS.survey",12281327,UNIVERSITY OF MICHIGAN,NA,public,"fastq,sra,run.zq","ncbi,gs,s3","ncbi.public,gs.us-east1,s3.us-east-1",human stool sample,human body,gut,feces,SRX1132350,USA,North America,USA,Homo sapiens,454 GS,NA,2757652_S36_L001_R1_001.fastq.2757652,PAIRED,PCR,METAGENOMIC,human gut metagenome,metagenome,LS454,2015-08-09T00:00:00Z,2015-08-04T14:05:00Z,1,-80C,2757652,2757652,Illumina MiSeq,SRP062005,0,37,0,0,24.4,NA,Uchime,0,0,adv Adenoma,0,0,male,180,0,0,0,paired-end,0,0,0,0,http://aem.asm.org/content/79/17/5112/suppl/DCSupplemental,FWD:GTGCCAGCMGCCGCGGTAA; REV:GGACTACHVGGGTWTCTAAT,toilet hat,http://aem.asm.org/content/79/17/5112.short,0,16S rRNA,V4,79,1,,,,,,
SRR2143783,AMPLICON,502,19263246,PRJNA290926,SAMN03939611,"MIMARKS.survey,MIGS/MIMS/MIMARKS.human-gut",14249857,UNIVERSITY OF MICHIGAN,NA,public,"run.zq,sra,fastq","ncbi,gs,s3","s3.us-east-1,gs.us-east1,ncbi.public",human stool sample,human body,gut,feces,SRX1132351,USA,North America,USA,Homo sapiens,454 GS,NA,2767650_S19_L001_R1_001.fastq.2767650,PAIRED,PCR,METAGENOMIC,human gut metagenome,metagenome,LS454,2015-08-09T00:00:00Z,2015-08-04T14:04:00Z,1,-80C,2767650,2767650,Illumina MiSeq,SRP062005,0,82,0,0,22.8,NA,Uchime,0,0,adv Adenoma,0,83,male,185,0,1,0,paired-end,0,0,0,0,http://aem.asm.org/content/79/17/5112/suppl/DCSupplemental,FWD:GTGCCAGCMGCCGCGGTAA; REV:GGACTACHVGGGTWTCTAAT,toilet hat,http://aem.asm.org/content/79/17/5112.short,1,16S rRNA,V4,78,1,,,,,,
SRR2143784,AMPLICON,502,14334108,PRJNA290926,SAMN03939612,"MIMARKS.survey,MIGS/MIMS/MIMARKS.human-gut",9307253,UNIVERSITY OF MICHIGAN,NA,public,"run.zq,sra,fastq","s3,ncbi,gs","ncbi.public,s3.us-east-1,gs.us-east1",human stool sample,human body,gut,feces,SRX1132352,USA,North America,USA,Homo sapiens,454 GS,NA,2769660_S121_L001_R1_001.fastq.2769660,PAIRED,PCR,METAGENOMIC,human gut metagenome,metagenome,LS454,2015-08-09T00:00:00Z,2015-08-04T14:04:00Z,1,-80C,2769660,2769660,Illumina MiSeq,SRP062005,0,78,0,0,30.6,1,Uchime,0,0,Cancer,0,0,male,180,1,1,1,paired-end,0,0,0,0,http://aem.asm.org/content/79/17/5112/suppl/DCSupplemental,FWD:GTGCCAGCMGCCGCGGTAA; REV:GGACTACHVGGGTWTCTAAT,toilet hat,http://aem.asm.org/content/79/17/5112.short,0,16S rRNA,V4,99,1,,,,,,
SRR2143785,AMPLICON,502,37796082,PRJNA290926,SAMN03939613,"MIMARKS.survey,MIGS/MIMS/MIMARKS.human-gut",25090084,UNIVERSITY OF MICHIGAN,NA,public,"run.zq,fastq,sra","gs,s3,ncbi","gs.us-east1,ncbi.public,s3.us-east-1",human stool sample,human body,gut,feces,SRX1132353,USA,North America,USA,Homo sapiens,454 GS,NA,2771670_S59_L001_R1_001.fastq.2771670,PAIRED,PCR,METAGENOMIC,human gut metagenome,metagenome,LS454,2015-08-09T00:00:00Z,2015-08-04T14:04:00Z,1,-80C,2771670,2771670,Illumina MiSeq,SRP062005,0,59,0,0,29.8,2,Uchime,0,0,Cancer,0,723,female,165,0,1,1,paired-end,0,0,0,0,http://aem.asm.org/content/79/17/5112/suppl/DCSupplemental,FWD:GTGCCAGCMGCCGCGGTAA; REV:GGACTACHVGGGTWTCTAAT,toilet hat,http://aem.asm.org/content/79/17/5112.short,1,16S rRNA,V4,81,1,,,,,,
SRR2143786,AMPLICON,502,20971050,PRJNA290926,SAMN03939614,"MIMARKS.survey,MIGS/MIMS/MIMARKS.human-gut",13951291,UNIVERSITY OF MICHIGAN,NA,public,"sra,run.zq,fastq","ncbi,s3,gs","s3.us-east-1,ncbi.public,gs.us-east1",human stool sample,human body,gut,feces,SRX1132354,USA,North America,USA,Homo sapiens,454 GS,NA,2773651_S170_L001_R1_001.fastq.2773651,PAIRED,PCR,METAGENOMIC,human gut metagenome,metagenome,LS454,2015-08-09T00:00:00Z,2015-08-04T14:05:00Z,1,-80C,2773651,2773651,Illumina MiSeq,SRP062005,0,63,0,0,29.5,1,Uchime,0,1,Cancer,0,581,male,195,0,1,1,paired-end,0,0,0,0,http://aem.asm.org/content/79/17/5112/suppl/DCSupplemental,FWD:GTGCCAGCMGCCGCGGTAA; REV:GGACTACHVGGGTWTCTAAT,toilet hat,http://aem.asm.org/content/79/17/5112.short,1,16S rRNA,V4,112,1,,,,,,
SRR2143787,AMPLICON,502,12293980,PRJNA290926,SAMN03939615,"MIMARKS.survey,MIGS/MIMS/MIMARKS.human-gut",7990834,UNIVERSITY OF MICHIGAN,NA,public,"fastq,sra,run.zq","gs,s3,ncbi","gs.us-east1,ncbi.public,s3.us-east-1",human stool sample,human body,gut,feces,SRX1132356,USA,North America,USA,Homo sapiens,454 GS,NA,2775653_S100_L001_R1_001.fastq.2775653,PAIRED,PCR,METAGENOMIC,human gut metagenome,metagenome,LS454,2015-08-09T00:00:00Z,2015-08-04T14:04:00Z,1,-80C,2775653,2775653,Illumina MiSeq,SRP062005,0,65,1,0,20.8,NA,Uchime,0,0,adv Adenoma,1,263,female,164,1,1,0,paired-end,0,0,0,0,http://aem.asm.org/content/79/17/5112/suppl/DCSupplemental,FWD:GTGCCAGCMGCCGCGGTAA; REV:GGACTACHVGGGTWTCTAAT,toilet hat,http://aem.asm.org/content/79/17/5112.short,0,16S rRNA,V4,56,0,,,,,,
SRR2143788,AMPLICON,502,57715944,PRJNA290926,SAMN03939616,"MIMARKS.survey,MIGS/MIMS/MIMARKS.human-gut",38334298,UNIVERSITY OF MICHIGAN,NA,public,"fastq,sra,run.zq","s3,gs,ncbi","gs.us-east1,ncbi.public,s3.us-east-1",human stool sample,human body,gut,feces,SRX1132357,USA,North America,USA,Homo sapiens,454 GS,NA,2777670_S61_L001_R1_001.fastq.2777670,PAIRED,PCR,METAGENOMIC,human gut metagenome,metagenome,LS454,2015-08-09T00:00:00Z,2015-08-04T14:05:00Z,1,-80C,2777670,2777670,Illumina MiSeq,SRP062005,0,73,0,0,21.6,2,Uchime,0,0,Cancer,0,83,female,149,1,1,0,paired-end,0,0,0,0,http://aem.asm.org/content/79/17/5112/suppl/DCSupplemental,FWD:GTGCCAGCMGCCGCGGTAA; REV:GGACTACHVGGGTWTCTAAT,toilet hat,http://aem.asm.org/content/79/17/5112.short,1,16S rRNA,V4,48,1,,,,,,
SRR2143789,AMPLICON,502,14434508,PRJNA290926,SAMN03939617,"MIMARKS.survey,MIGS/MIMS/MIMARKS.human-gut",9616390,UNIVERSITY OF MICHIGAN,NA,public,"run.zq,fastq,sra","ncbi,gs,s3","ncbi.public,s3.us-east-1,gs.us-east1",human stool sample,human body,gut,feces,SRX1132358,USA,North America,USA,Homo sapiens,454 GS,NA,2779670_S176_L001_R1_001.fastq.2779670,PAIRED,PCR,METAGENOMIC,human gut metagenome,metagenome,LS454,2015-08-09T00:00:00Z,2015-08-04T14:04:00Z,1,-80C,2779670,2779670,Illumina MiSeq,SRP062005,0,69,0,0,18.7,NA,Uchime,0,0,Normal,0,0,female,157,0,0,0,paired-end,0,0,0,0,http://aem.asm.org/content/79/17/5112/suppl/DCSupplemental,FWD:GTGCCAGCMGCCGCGGTAA; REV:GGACTACHVGGGTWTCTAAT,toilet hat,http://aem.asm.org/content/79/17/5112.short,1,16S rRNA,V4,46,1,,,,,,
SRR2143790,AMPLICON,502,56181330,PRJNA290926,SAMN03939618,"MIMARKS.survey,MIGS/MIMS/MIMARKS.human-gut",34875899,UNIVERSITY OF MICHIGAN,NA,public,"sra,fastq,run.zq","s3,gs,ncbi","s3.us-east-1,gs.us-east1,ncbi.public",human stool sample,human body,gut,feces,SRX1132359,USA,North America,USA,Homo sapiens,454 GS,NA,2785650_S8_L001_R1_001.fastq.2785650,PAIRED,PCR,METAGENOMIC,human gut metagenome,metagenome,LS454,2015-08-09T00:00:00Z,2015-08-04T14:05:00Z,1,-80C,2785650,2785650,Illumina MiSeq,SRP062005,0,68,0,0,25.6,NA,Uchime,1,0,adv Adenoma,0,43,male,180,0,1,0,paired-end,0,0,0,0,http://aem.asm.org/content/79/17/5112/suppl/DCSupplemental,FWD:GTGCCAGCMGCCGCGGTAA; REV:GGACTACHVGGGTWTCTAAT,toilet hat,http://aem.asm.org/content/79/17/5112.short,1,16S rRNA,V4,83,1,,,,,,
SRR2143791,AMPLICON,502,11239278,PRJNA290926,SAMN03939618,"MIMARKS.survey,MIGS/MIMS/MIMARKS.human-gut",8331412,UNIVERSITY OF MICHIGAN,NA,public,"sra,run.zq,fastq","gs,ncbi,s3","gs.us-east1,ncbi.public,s3.us-east-1",human stool sample,human body,gut,feces,SRX1132360,USA,North America,USA,Homo sapiens,454 GS,NA,2785650_S98_L001_R1_001.fastq.2785650,PAIRED,PCR,METAGENOMIC,human gut metagenome,metagenome,LS454,2015-08-09T00:00:00Z,2015-08-04T14:04:00Z,1,-80C,2785650,2785650,Illumina MiSeq,SRP062005,0,68,0,0,25.6,NA,Uchime,1,0,adv Adenoma,0,43,male,180,0,1,0,paired-end,0,0,0,0,http://aem.asm.org/content/79/17/5112/suppl/DCSupplemental,FWD:GTGCCAGCMGCCGCGGTAA; REV:GGACTACHVGGGTWTCTAAT,toilet hat,http://aem.asm.org/content/79/17/5112.short,1,16S rRNA,V4,83,1,,,,,,
SRR2143792,AMPLICON,502,40145944,PRJNA290926,SAMN03939619,"MIMARKS.survey,MIGS/MIMS/MIMARKS.human-gut",24999805,UNIVERSITY OF MICHIGAN,NA,public,"run.zq,sra","ncbi,s3,gs","gs.us-east1,ncbi.public,s3.us-east-1",human stool sample,human body,gut,feces,SRX1132361,USA,North America,USA,Homo sapiens,Illumina MiSeq,NA,2787660_S35_L001_R1_001.fastq.2787660,PAIRED,PCR,METAGENOMIC,human gut metagenome,metagenome,ILLUMINA,2015-08-09T00:00:00Z,2015-08-04T14:04:00Z,1,-80C,2787660,2787660,Illumina MiSeq,SRP062005,0,64,0,0,35.3,2,Uchime,0,0,Cancer,0,1640,female,175,0,1,1,paired-end,0,1,0,0,http://aem.asm.org/content/79/17/5112/suppl/DCSupplemental,FWD:GTGCCAGCMGCCGCGGTAA; REV:GGACTACHVGGGTWTCTAAT,toilet hat,http://aem.asm.org/content/79/17/5112.short,1,16S rRNA,V4,108,1,,,,,,
SRR2143793,AMPLICON,502,6074702,PRJNA290926,SAMN03939619,"MIMARKS.survey,MIGS/MIMS/MIMARKS.human-gut",4012844,UNIVERSITY OF MICHIGAN,NA,public,"run.zq,sra","ncbi,s3,gs","s3.us-east-1,gs.us-east1,ncbi.public",human stool sample,human body,gut,feces,SRX1132362,USA,North America,USA,Homo sapiens,Illumina MiSeq,NA,2787660_S96_L001_R1_001.fastq.2787660,PAIRED,PCR,METAGENOMIC,human gut metagenome,metagenome,ILLUMINA,2015-08-09T00:00:00Z,2015-08-04T14:04:00Z,1,-80C,2787660,2787660,Illumina MiSeq,SRP062005,0,64,0,0,35.3,2,Uchime,0,0,Cancer,0,1640,female,175,0,1,1,paired-end,0,1,0,0,http://aem.asm.org/content/79/17/5112/suppl/DCSupplemental,FWD:GTGCCAGCMGCCGCGGTAA; REV:GGACTACHVGGGTWTCTAAT,toilet hat,http://aem.asm.org/content/79/17/5112.short,1,16S rRNA,V4,108,1,,,,,,
SRR2143794,AMPLICON,502,33020556,PRJNA290926,SAMN03939620,"MIMARKS.survey,MIGS/MIMS/MIMARKS.human-gut",22312637,UNIVERSITY OF MICHIGAN,NA,public,"sra,run.zq,fastq","s3,gs,ncbi","gs.us-east1,s3.us-east-1,ncbi.public",human stool sample,human body,gut,feces,SRX1132363,USA,North America,USA,Homo sapiens,454 GS,NA,2795690_S92_L001_R1_001.fastq.2795690,PAIRED,PCR,METAGENOMIC,human gut metagenome,metagenome,LS454,2015-08-09T00:00:00Z,2015-08-04T14:04:00Z,1,-80C,2795690,2795690,Illumina MiSeq,SRP062005,0,47,0,0,22.8,NA,Uchime,0,0,adv Adenoma,0,0,male,180,0,1,0,paired-end,0,1,0,0,http://aem.asm.org/content/79/17/5112/suppl/DCSupplemental,FWD:GTGCCAGCMGCCGCGGTAA; REV:GGACTACHVGGGTWTCTAAT,toilet hat,http://aem.asm.org/content/79/17/5112.short,0,16S rRNA,V4,74,1,,,,,,
SRR2143795,AMPLICON,502,25475496,PRJNA290926,SAMN03939621,"MIMARKS.survey,MIGS/MIMS/MIMARKS.human-gut",16908316,UNIVERSITY OF MICHIGAN,NA,public,"fastq,run.zq,sra","ncbi,s3,gs","ncbi.public,s3.us-east-1,gs.us-east1",human stool sample,human body,gut,feces,SRX1132364,USA,North America,USA,Homo sapiens,454 GS,NA,2799653_S16_L001_R1_001.fastq.2799653,PAIRED,PCR,METAGENOMIC,human gut metagenome,metagenome,LS454,2015-08-09T00:00:00Z,2015-08-04T14:04:00Z,1,-80C,2799653,2799653,Illumina MiSeq,SRP062005,0,82,1,0,35.8,NA,Uchime,1,1,adv Adenoma,0,0,male,155,0,1,0,paired-end,0,0,0,0,http://aem.asm.org/content/79/17/5112/suppl/DCSupplemental,FWD:GTGCCAGCMGCCGCGGTAA; REV:GGACTACHVGGGTWTCTAAT,toilet hat,http://aem.asm.org/content/79/17/5112.short,1,16S rRNA,V4,86,0,,,,,,
SRR2143796,AMPLICON,502,20702982,PRJNA290926,SAMN03939622,"MIMARKS.survey,MIGS/MIMS/MIMARKS.human-gut",13627929,UNIVERSITY OF MICHIGAN,NA,public,"sra,run.zq","s3,ncbi,gs","gs.us-east1,s3.us-east-1,ncbi.public",human stool sample,human body,gut,feces,SRX1132365,USA,North America,USA,Homo sapiens,Illumina MiSeq,NA,2801653_S178_L001_R1_001.fastq.2801653,PAIRED,PCR,METAGENOMIC,human gut metagenome,metagenome,ILLUMINA,2015-08-09T00:00:00Z,2015-08-04T14:05:00Z,1,-80C,2801653,2801653,Illumina MiSeq,SRP062005,0,59,0,0,23.1,2,Uchime,0,0,Cancer,0,2010,male,185,0,1,1,paired-end,0,0,0,0,http://aem.asm.org/content/79/17/5112/suppl/DCSupplemental,FWD:GTGCCAGCMGCCGCGGTAA; REV:GGACTACHVGGGTWTCTAAT,toilet hat,http://aem.asm.org/content/79/17/5112.short,1,16S rRNA,V4,79,1,,,,,,
SRR2143797,AMPLICON,502,12479218,PRJNA290926,SAMN03939623,"MIMARKS.survey,MIGS/MIMS/MIMARKS.human-gut",8199506,UNIVERSITY OF MICHIGAN,NA,public,"fastq,sra,run.zq","ncbi,gs,s3","ncbi.public,s3.us-east-1,gs.us-east1",human stool sample,human body,gut,feces,SRX1132366,USA,North America,USA,Homo sapiens,454 GS,NA,2803670_S161_L001_R1_001.fastq.2803670,PAIRED,PCR,METAGENOMIC,human gut metagenome,metagenome,LS454,2015-08-09T00:00:00Z,2015-08-04T14:05:00Z,1,-80C,2803670,2803670,Illumina MiSeq,SRP062005,0,62,0,0,28.4,NA,Uchime,0,0,adv Adenoma,0,0,male,176,1,1,1,paired-end,0,1,0,0,http://aem.asm.org/content/79/17/5112/suppl/DCSupplemental,FWD:GTGCCAGCMGCCGCGGTAA; REV:GGACTACHVGGGTWTCTAAT,toilet hat,http://aem.asm.org/content/79/17/5112.short,1,16S rRNA,V4,88,1,,,,,,
SRR2143798,AMPLICON,502,22384180,PRJNA290926,SAMN03939624,"MIMARKS.survey,MIGS/MIMS/MIMARKS.human-gut",14678376,UNIVERSITY OF MICHIGAN,NA,public,"run.zq,fastq,sra","gs,s3,ncbi","s3.us-east-1,ncbi.public,gs.us-east1",human stool sample,human body,gut,feces,SRX1132367,USA,North America,USA,Homo sapiens,454 GS,NA,2805660_S72_L001_R1_001.fastq.2805660,PAIRED,PCR,METAGENOMIC,human gut metagenome,metagenome,LS454,2015-08-09T00:00:00Z,2015-08-04T14:05:00Z,1,-80C,2805660,2805660,Illumina MiSeq,SRP062005,0,68,0,0,29.7,2,Uchime,0,0,Cancer,0,957,female,160,0,0,0,paired-end,1,0,0,0,http://aem.asm.org/content/79/17/5112/suppl/DCSupplemental,FWD:GTGCCAGCMGCCGCGGTAA; REV:GGACTACHVGGGTWTCTAAT,toilet hat,http://aem.asm.org/content/79/17/5112.short,1,16S rRNA,V4,76,0,,,,,,
SRR2143799,AMPLICON,502,24288768,PRJNA290926,SAMN03939625,"MIMARKS.survey,MIGS/MIMS/MIMARKS.human-gut",17912856,UNIVERSITY OF MICHIGAN,NA,public,"run.zq,sra,fastq","s3,gs,ncbi","ncbi.public,s3.us-east-1,gs.us-east1",human stool sample,human body,gut,feces,SRX1132368,USA,North America,USA,Homo sapiens,454 GS,NA,2807650_S94_L001_R1_001.fastq.2807650,PAIRED,PCR,METAGENOMIC,human gut metagenome,metagenome,LS454,2015-08-09T00:00:00Z,2015-08-04T14:05:00Z,1,-80C,2807650,2807650,Illumina MiSeq,SRP062005,0,66,0,0,27.2,NA,Uchime,0,0,adv Adenoma,0,3,male,165,0,1,0,paired-end,0,1,0,0,http://aem.asm.org/content/79/17/5112/suppl/DCSupplemental,FWD:GTGCCAGCMGCCGCGGTAA; REV:GGACTACHVGGGTWTCTAAT,toilet hat,http://aem.asm.org/content/79/17/5112.short,0,16S rRNA,V4,74,1,,,,,,
SRR2143800,AMPLICON,502,30566278,PRJNA290926,SAMN03939626,"MIMARKS.survey,MIGS/MIMS/MIMARKS.human-gut",18941231,UNIVERSITY OF MICHIGAN,NA,public,"fastq,run.zq,sra","s3,gs,ncbi","ncbi.public,gs.us-east1,s3.us-east-1",human stool sample,human body,gut,feces,SRX1132369,USA,North America,USA,Homo sapiens,454 GS,NA,2811650_S5_L001_R1_001.fastq.2811650,PAIRED,PCR,METAGENOMIC,human gut metagenome,metagenome,LS454,2015-08-09T00:00:00Z,2015-08-04T14:05:00Z,1,-80C,2811650,2811650,Illumina MiSeq,SRP062005,0,73,0,0,33.5,NA,Uchime,1,1,Adenoma,0,0,male,172,0,1,0,paired-end,0,0,0,0,http://aem.asm.org/content/79/17/5112/suppl/DCSupplemental,FWD:GTGCCAGCMGCCGCGGTAA; REV:GGACTACHVGGGTWTCTAAT,toilet hat,http://aem.asm.org/content/79/17/5112.short,1,16S rRNA,V4,99,1,,,,,,
SRR2143801,AMPLICON,502,9990804,PRJNA290926,SAMN03939626,"MIMARKS.survey,MIGS/MIMS/MIMARKS.human-gut",7372433,UNIVERSITY OF MICHIGAN,NA,public,"sra,fastq,run.zq","gs,ncbi,s3","s3.us-east-1,ncbi.public,gs.us-east1",human stool sample,human body,gut,feces,SRX1132370,USA,North America,USA,Homo sapiens,454 GS,NA,2811650_S95_L001_R1_001.fastq.2811650,PAIRED,PCR,METAGENOMIC,human gut metagenome,metagenome,LS454,2015-08-09T00:00:00Z,2015-08-04T14:06:00Z,1,-80C,2811650,2811650,Illumina MiSeq,SRP062005,0,73,0,0,33.5,NA,Uchime,1,1,Adenoma,0,0,male,172,0,1,0,paired-end,0,0,0,0,http://aem.asm.org/content/79/17/5112/suppl/DCSupplemental,FWD:GTGCCAGCMGCCGCGGTAA; REV:GGACTACHVGGGTWTCTAAT,toilet hat,http://aem.asm.org/content/79/17/5112.short,1,16S rRNA,V4,99,1,,,,,,
SRR2143802,AMPLICON,502,22824434,PRJNA290926,SAMN03939627,"MIMARKS.survey,MIGS/MIMS/MIMARKS.human-gut",14603525,UNIVERSITY OF MICHIGAN,NA,public,"sra,run.zq,fastq","gs,ncbi,s3","s3.us-east-1,gs.us-east1,ncbi.public",human stool sample,human body,gut,feces,SRX1132371,USA,North America,USA,Homo sapiens,454 GS,NA,2815650_S49_L001_R1_001.fastq.2815650,PAIRED,PCR,METAGENOMIC,human gut metagenome,metagenome,LS454,2015-08-09T00:00:00Z,2015-08-04T14:08:00Z,1,-80C,2815650,2815650,Illumina MiSeq,SRP062005,0,89,0,0,24.6,NA,Uchime,0,0,Adenoma,0,1086,male,177,0,1,0,paired-end,0,1,0,0,http://aem.asm.org/content/79/17/5112/suppl/DCSupplemental,FWD:GTGCCAGCMGCCGCGGTAA; REV:GGACTACHVGGGTWTCTAAT,toilet hat,http://aem.asm.org/content/79/17/5112.short,1,16S rRNA,V4,77,1,,,,,,
SRR2143803,AMPLICON,502,34443224,PRJNA290926,SAMN03939628,"MIMARKS.survey,MIGS/MIMS/MIMARKS.human-gut",22494918,UNIVERSITY OF MICHIGAN,NA,public,"fastq,sra,run.zq","gs,s3,ncbi","gs.us-east1,ncbi.public,s3.us-east-1",human stool sample,human body,gut,feces,SRX1132372,USA,North America,USA,Homo sapiens,454 GS,NA,2817670_S160_L001_R1_001.fastq.2817670,PAIRED,PCR,METAGENOMIC,human gut metagenome,metagenome,LS454,2015-08-09T00:00:00Z,2015-08-04T14:07:00Z,1,-80C,2817670,2817670,Illumina MiSeq,SRP062005,0,72,0,0,21.2,NA,Uchime,0,0,adv Adenoma,0,87,female,167,0,1,0,paired-end,0,0,0,0,http://aem.asm.org/content/79/17/5112/suppl/DCSupplemental,FWD:GTGCCAGCMGCCGCGGTAA; REV:GGACTACHVGGGTWTCTAAT,toilet hat,http://aem.asm.org/content/79/17/5112.short,0,16S rRNA,V4,59,1,,,,,,
SRR2143804,AMPLICON,502,25761134,PRJNA290926,SAMN03939629,"MIMARKS.survey,MIGS/MIMS/MIMARKS.human-gut",16919583,UNIVERSITY OF MICHIGAN,NA,public,"run.zq,fastq,sra","ncbi,s3,gs","gs.us-east1,ncbi.public,s3.us-east-1",human stool sample,human body,gut,feces,SRX1132373,USA,North America,USA,Homo sapiens,454 GS,NA,2823650_S138_L001_R1_001.fastq.2823650,PAIRED,PCR,METAGENOMIC,human gut metagenome,metagenome,LS454,2015-08-09T00:00:00Z,2015-08-04T14:08:00Z,1,-80C,2823650,2823650,Illumina MiSeq,SRP062005,0,66,0,1,26.3,NA,Uchime,0,1,adv Adenoma,0,0,female,162,0,1,0,paired-end,0,0,0,0,http://aem.asm.org/content/79/17/5112/suppl/DCSupplemental,FWD:GTGCCAGCMGCCGCGGTAA; REV:GGACTACHVGGGTWTCTAAT,toilet hat,http://aem.asm.org/content/79/17/5112.short,0,16S rRNA,V4,69,0,,,,,,
SRR2143805,AMPLICON,502,6584232,PRJNA290926,SAMN03939630,"MIMARKS.survey,MIGS/MIMS/MIMARKS.human-gut",4388203,UNIVERSITY OF MICHIGAN,NA,public,"sra,run.zq,fastq","gs,ncbi,s3","gs.us-east1,ncbi.public,s3.us-east-1",human stool sample,human body,gut,feces,SRX1132374,USA,North America,USA,Homo sapiens,454 GS,NA,2827650_S180_L001_R1_001.fastq.2827650,PAIRED,PCR,METAGENOMIC,human gut metagenome,metagenome,LS454,2015-08-09T00:00:00Z,2015-08-04T14:06:00Z,1,-80C,2827650,2827650,Illumina MiSeq,SRP062005,0,59,0,0,49.9,4,Uchime,0,0,Cancer,0,1135,female,162,1,1,1,paired-end,0,0,0,0,http://aem.asm.org/content/79/17/5112/suppl/DCSupplemental,FWD:GTGCCAGCMGCCGCGGTAA; REV:GGACTACHVGGGTWTCTAAT,toilet hat,http://aem.asm.org/content/79/17/5112.short,1,16S rRNA,V4,131,1,,,,,,
SRR2143806,AMPLICON,502,1051188,PRJNA290926,SAMN03939630,"MIMARKS.survey,MIGS/MIMS/MIMARKS.human-gut",779357,UNIVERSITY OF MICHIGAN,NA,public,"fastq,run.zq,sra","gs,s3,ncbi","gs.us-east1,s3.us-east-1,ncbi.public",human stool sample,human body,gut,feces,SRX1132375,USA,North America,USA,Homo sapiens,454 GS,NA,2827650_S24_L001_R1_001.fastq.2827650,PAIRED,PCR,METAGENOMIC,human gut metagenome,metagenome,LS454,2015-08-09T00:00:00Z,2015-08-04T14:07:00Z,1,-80C,2827650,2827650,Illumina MiSeq,SRP062005,0,59,0,0,49.9,4,Uchime,0,0,Cancer,0,1135,female,162,1,1,1,paired-end,0,0,0,0,http://aem.asm.org/content/79/17/5112/suppl/DCSupplemental,FWD:GTGCCAGCMGCCGCGGTAA; REV:GGACTACHVGGGTWTCTAAT,toilet hat,http://aem.asm.org/content/79/17/5112.short,1,16S rRNA,V4,131,1,,,,,,
SRR2143807,AMPLICON,502,7608814,PRJNA290926,SAMN03939631,"MIMARKS.survey,MIGS/MIMS/MIMARKS.human-gut",5703284,UNIVERSITY OF MICHIGAN,NA,public,"run.zq,sra","ncbi,gs,s3","s3.us-east-1,gs.us-east1,ncbi.public",human stool sample,human body,gut,feces,SRX1132376,USA,North America,USA,Homo sapiens,Illumina MiSeq,NA,2829660_S170_L001_R1_001.fastq.2829660,PAIRED,PCR,METAGENOMIC,human gut metagenome,metagenome,ILLUMINA,2015-08-09T00:00:00Z,2015-08-04T14:07:00Z,1,-80C,2829660,2829660,Illumina MiSeq,SRP062005,0,36,0,0,20.6,2,Uchime,0,0,Cancer,0,0,female,162,0,1,1,paired-end,0,0,0,0,http://aem.asm.org/content/79/17/5112/suppl/DCSupplemental,FWD:GTGCCAGCMGCCGCGGTAA; REV:GGACTACHVGGGTWTCTAAT,toilet hat,http://aem.asm.org/content/79/17/5112.short,1,16S rRNA,V4,54,1,,,,,,
SRR2143808,AMPLICON,502,66333276,PRJNA290926,SAMN03939631,"MIMARKS.survey,MIGS/MIMS/MIMARKS.human-gut",42639928,UNIVERSITY OF MICHIGAN,NA,public,"run.zq,sra","ncbi,s3,gs","s3.us-east-1,gs.us-east1,ncbi.public",human stool sample,human body,gut,feces,SRX1132377,USA,North America,USA,Homo sapiens,Illumina MiSeq,NA,2829660_S80_L001_R1_001.fastq.2829660,PAIRED,PCR,METAGENOMIC,human gut metagenome,metagenome,ILLUMINA,2015-08-09T00:00:00Z,2015-08-04T14:08:00Z,1,-80C,2829660,2829660,Illumina MiSeq,SRP062005,0,36,0,0,20.6,2,Uchime,0,0,Cancer,0,0,female,162,0,1,1,paired-end,0,0,0,0,http://aem.asm.org/content/79/17/5112/suppl/DCSupplemental,FWD:GTGCCAGCMGCCGCGGTAA; REV:GGACTACHVGGGTWTCTAAT,toilet hat,http://aem.asm.org/content/79/17/5112.short,1,16S rRNA,V4,54,1,,,,,,
SRR2143809,AMPLICON,502,11709652,PRJNA290926,SAMN03939632,"MIMARKS.survey,MIGS/MIMS/MIMARKS.human-gut",8741395,UNIVERSITY OF MICHIGAN,NA,public,"sra,fastq,run.zq","s3,ncbi,gs","s3.us-east-1,gs.us-east1,ncbi.public",human stool sample,human body,gut,feces,SRX1132378,USA,North America,USA,Homo sapiens,454 GS,NA,2831680_S169_L001_R1_001.fastq.2831680,PAIRED,PCR,METAGENOMIC,human gut metagenome,metagenome,LS454,2015-08-09T00:00:00Z,2015-08-04T14:07:00Z,1,-80C,2831680,2831680,Illumina MiSeq,SRP062005,0,66,0,1,38.4,NA,Uchime,1,1,adv Adenoma,0,0,female,154,0,1,0,paired-end,0,0,0,0,http://aem.asm.org/content/79/17/5112/suppl/DCSupplemental,FWD:GTGCCAGCMGCCGCGGTAA; REV:GGACTACHVGGGTWTCTAAT,toilet hat,http://aem.asm.org/content/79/17/5112.short,1,16S rRNA,V4,91,0,,,,,,
SRR2143810,AMPLICON,502,36636462,PRJNA290926,SAMN03939632,"MIMARKS.survey,MIGS/MIMS/MIMARKS.human-gut",23445307,UNIVERSITY OF MICHIGAN,NA,public,"fastq,run.zq,sra","ncbi,s3,gs","gs.us-east1,s3.us-east-1,ncbi.public",human stool sample,human body,gut,feces,SRX1132379,USA,North America,USA,Homo sapiens,454 GS,NA,2831680_S79_L001_R1_001.fastq.2831680,PAIRED,PCR,METAGENOMIC,human gut metagenome,metagenome,LS454,2015-08-09T00:00:00Z,2015-08-04T14:07:00Z,1,-80C,2831680,2831680,Illumina MiSeq,SRP062005,0,66,0,1,38.4,NA,Uchime,1,1,adv Adenoma,0,0,female,154,0,1,0,paired-end,0,0,0,0,http://aem.asm.org/content/79/17/5112/suppl/DCSupplemental,FWD:GTGCCAGCMGCCGCGGTAA; REV:GGACTACHVGGGTWTCTAAT,toilet hat,http://aem.asm.org/content/79/17/5112.short,1,16S rRNA,V4,91,0,,,,,,
SRR2143811,AMPLICON,502,44911932,PRJNA290926,SAMN03939633,"MIMARKS.survey,MIGS/MIMS/MIMARKS.human-gut",28062521,UNIVERSITY OF MICHIGAN,NA,public,"fastq,sra,run.zq","ncbi,s3,gs","ncbi.public,gs.us-east1,s3.us-east-1",human stool sample,human body,gut,feces,SRX1132380,USA,North America,USA,Homo sapiens,454 GS,NA,2835650_S6_L001_R1_001.fastq.2835650,PAIRED,PCR,METAGENOMIC,human gut metagenome,metagenome,LS454,2015-08-09T00:00:00Z,2015-08-04T14:09:00Z,1,-80C,2835650,2835650,Illumina MiSeq,SRP062005,0,31,0,0,24.5,NA,Uchime,0,0,High Risk Normal,0,0,male,175,1,0,0,paired-end,0,0,0,0,http://aem.asm.org/content/79/17/5112/suppl/DCSupplemental,FWD:GTGCCAGCMGCCGCGGTAA; REV:GGACTACHVGGGTWTCTAAT,toilet hat,http://aem.asm.org/content/79/17/5112.short,0,16S rRNA,V4,75,1,,,,,,
SRR2143812,AMPLICON,502,12723190,PRJNA290926,SAMN03939633,"MIMARKS.survey,MIGS/MIMS/MIMARKS.human-gut",9424930,UNIVERSITY OF MICHIGAN,NA,public,"fastq,sra,run.zq","s3,gs,ncbi","gs.us-east1,s3.us-east-1,ncbi.public",human stool sample,human body,gut,feces,SRX1132381,USA,North America,USA,Homo sapiens,454 GS,NA,2835650_S96_L001_R1_001.fastq.2835650,PAIRED,PCR,METAGENOMIC,human gut metagenome,metagenome,LS454,2015-08-09T00:00:00Z,2015-08-04T14:09:00Z,1,-80C,2835650,2835650,Illumina MiSeq,SRP062005,0,31,0,0,24.5,NA,Uchime,0,0,High Risk Normal,0,0,male,175,1,0,0,paired-end,0,0,0,0,http://aem.asm.org/content/79/17/5112/suppl/DCSupplemental,FWD:GTGCCAGCMGCCGCGGTAA; REV:GGACTACHVGGGTWTCTAAT,toilet hat,http://aem.asm.org/content/79/17/5112.short,0,16S rRNA,V4,75,1,,,,,,
SRR2143813,AMPLICON,502,9337200,PRJNA290926,SAMN03939634,"MIMARKS.survey,MIGS/MIMS/MIMARKS.human-gut",6186993,UNIVERSITY OF MICHIGAN,NA,public,"run.zq,sra,fastq","gs,s3,ncbi","ncbi.public,gs.us-east1,s3.us-east-1",human stool sample,human body,gut,feces,SRX1132382,USA,North America,USA,Homo sapiens,454 GS,NA,2837680_S159_L001_R1_001.fastq.2837680,PAIRED,PCR,METAGENOMIC,human gut metagenome,metagenome,LS454,2015-08-09T00:00:00Z,2015-08-04T14:09:00Z,1,-80C,2837680,2837680,Illumina MiSeq,SRP062005,0,58,0,0,21.7,2,Uchime,0,0,Cancer,0,1443,male,182,0,1,1,paired-end,0,1,0,0,http://aem.asm.org/content/79/17/5112/suppl/DCSupplemental,FWD:GTGCCAGCMGCCGCGGTAA; REV:GGACTACHVGGGTWTCTAAT,toilet hat,http://aem.asm.org/content/79/17/5112.short,1,16S rRNA,V4,72,1,,,,,,
SRR2143814,AMPLICON,502,10617802,PRJNA290926,SAMN03939635,"MIMARKS.survey,MIGS/MIMS/MIMARKS.human-gut",6993241,UNIVERSITY OF MICHIGAN,NA,public,"run.zq,sra,fastq","s3,ncbi,gs","s3.us-east-1,gs.us-east1,ncbi.public",human stool sample,human body,gut,feces,SRX1132383,USA,North America,USA,Homo sapiens,454 GS,NA,2841680_S156_L001_R1_001.fastq.2841680,PAIRED,PCR,METAGENOMIC,human gut metagenome,metagenome,LS454,2015-08-09T00:00:00Z,2015-08-04T14:09:00Z,1,-80C,2841680,2841680,Illumina MiSeq,SRP062005,0,65,0,0,43.3,2,Uchime,1,1,Cancer,0,0,female,170,0,1,0,paired-end,0,0,0,0,http://aem.asm.org/content/79/17/5112/suppl/DCSupplemental,FWD:GTGCCAGCMGCCGCGGTAA; REV:GGACTACHVGGGTWTCTAAT,toilet hat,http://aem.asm.org/content/79/17/5112.short,1,16S rRNA,V4,125,1,,,,,,
SRR2143815,AMPLICON,502,42526930,PRJNA290926,SAMN03939636,"MIMARKS.survey,MIGS/MIMS/MIMARKS.human-gut",28595485,UNIVERSITY OF MICHIGAN,NA,public,"sra,run.zq,fastq","s3,ncbi,gs","gs.us-east1,s3.us-east-1,ncbi.public",human stool sample,human body,gut,feces,SRX1132384,USA,North America,USA,Homo sapiens,454 GS,NA,2843670_S74_L001_R1_001.fastq.2843670,PAIRED,PCR,METAGENOMIC,human gut metagenome,metagenome,LS454,2015-08-09T00:00:00Z,2015-08-04T14:09:00Z,1,-80C,2843670,2843670,Illumina MiSeq,SRP062005,0,61,0,0,22.5,NA,Uchime,0,0,Adenoma,0,141,male,185,0,1,0,paired-end,0,0,0,0,http://aem.asm.org/content/79/17/5112/suppl/DCSupplemental,FWD:GTGCCAGCMGCCGCGGTAA; REV:GGACTACHVGGGTWTCTAAT,toilet hat,http://aem.asm.org/content/79/17/5112.short,1,16S rRNA,V4,77,1,,,,,,
SRR2143816,AMPLICON,502,8669038,PRJNA290926,SAMN03939637,"MIMARKS.survey,MIGS/MIMS/MIMARKS.human-gut",6407397,UNIVERSITY OF MICHIGAN,NA,public,"sra,run.zq,fastq","gs,ncbi,s3","gs.us-east1,s3.us-east-1,ncbi.public",human stool sample,human body,gut,feces,SRX1132385,USA,North America,USA,Homo sapiens,454 GS,NA,2849650_S123_L001_R1_001.fastq.2849650,PAIRED,PCR,METAGENOMIC,human gut metagenome,metagenome,LS454,2015-08-09T00:00:00Z,2015-08-04T14:09:00Z,1,-80C,2849650,2849650,Illumina MiSeq,SRP062005,0,50,0,0,32.5,NA,Uchime,0,0,Adenoma,0,0,female,154,0,0,0,paired-end,0,0,0,0,http://aem.asm.org/content/79/17/5112/suppl/DCSupplemental,FWD:GTGCCAGCMGCCGCGGTAA; REV:GGACTACHVGGGTWTCTAAT,toilet hat,http://aem.asm.org/content/79/17/5112.short,1,16S rRNA,V4,77,1,,,,,,
SRR2143817,AMPLICON,502,80163878,PRJNA290926,SAMN03939637,"MIMARKS.survey,MIGS/MIMS/MIMARKS.human-gut",49636324,UNIVERSITY OF MICHIGAN,NA,public,"fastq,sra,run.zq","gs,ncbi,s3","s3.us-east-1,gs.us-east1,ncbi.public",human stool sample,human body,gut,feces,SRX1132386,USA,North America,USA,Homo sapiens,454 GS,NA,2849650_S33_L001_R1_001.fastq.2849650,PAIRED,PCR,METAGENOMIC,human gut metagenome,metagenome,LS454,2015-08-09T00:00:00Z,2015-08-04T14:09:00Z,1,-80C,2849650,2849650,Illumina MiSeq,SRP062005,0,50,0,0,32.5,NA,Uchime,0,0,Adenoma,0,0,female,154,0,0,0,paired-end,0,0,0,0,http://aem.asm.org/content/79/17/5112/suppl/DCSupplemental,FWD:GTGCCAGCMGCCGCGGTAA; REV:GGACTACHVGGGTWTCTAAT,toilet hat,http://aem.asm.org/content/79/17/5112.short,1,16S rRNA,V4,77,1,,,,,,
SRR2143818,AMPLICON,502,40394936,PRJNA290926,SAMN03939638,"MIMARKS.survey,MIGS/MIMS/MIMARKS.human-gut",26488277,UNIVERSITY OF MICHIGAN,NA,public,"run.zq,fastq,sra","s3,ncbi,gs","s3.us-east-1,gs.us-east1,ncbi.public",human stool sample,human body,gut,feces,SRX1132387,USA,North America,USA,Homo sapiens,454 GS,NA,2853660_S185_L001_R1_001.fastq.2853660,PAIRED,PCR,METAGENOMIC,human gut metagenome,metagenome,LS454,2015-08-09T00:00:00Z,2015-08-04T14:09:00Z,1,-80C,2853660,2853660,Illumina MiSeq,SRP062005,0,53,0,0,25.6,NA,Uchime,0,0,High Risk Normal,0,1,female,157,0,1,0,paired-end,0,1,0,0,http://aem.asm.org/content/79/17/5112/suppl/DCSupplemental,FWD:GTGCCAGCMGCCGCGGTAA; REV:GGACTACHVGGGTWTCTAAT,toilet hat,http://aem.asm.org/content/79/17/5112.short,0,16S rRNA,V4,63,1,,,,,,
SRR2143819,AMPLICON,502,19327502,PRJNA290926,SAMN03939639,"MIMARKS.survey,MIGS/MIMS/MIMARKS.human-gut",12565516,UNIVERSITY OF MICHIGAN,NA,public,"run.zq,sra,fastq","s3,ncbi,gs","ncbi.public,s3.us-east-1,gs.us-east1",human stool sample,human body,gut,feces,SRX1132388,USA,North America,USA,Homo sapiens,454 GS,NA,2855690_S102_L001_R1_001.fastq.2855690,PAIRED,PCR,METAGENOMIC,human gut metagenome,metagenome,LS454,2015-08-09T00:00:00Z,2015-08-04T14:09:00Z,1,-80C,2855690,2855690,Illumina MiSeq,SRP062005,0,69,0,0,26.2,NA,Uchime,0,0,Adenoma,0,0,male,177,0,1,0,paired-end,0,0,0,0,http://aem.asm.org/content/79/17/5112/suppl/DCSupplemental,FWD:GTGCCAGCMGCCGCGGTAA; REV:GGACTACHVGGGTWTCTAAT,toilet hat,http://aem.asm.org/content/79/17/5112.short,1,16S rRNA,V4,82,1,,,,,,
SRR2143820,AMPLICON,502,33004994,PRJNA290926,SAMN03939640,"MIMARKS.survey,MIGS/MIMS/MIMARKS.human-gut",24121186,UNIVERSITY OF MICHIGAN,NA,public,"run.zq,sra","gs,s3,ncbi","gs.us-east1,ncbi.public,s3.us-east-1",human stool sample,human body,gut,feces,SRX1132389,USA,North America,USA,Homo sapiens,Illumina MiSeq,NA,2857650_S124_L001_R1_001.fastq.2857650,PAIRED,PCR,METAGENOMIC,human gut metagenome,metagenome,ILLUMINA,2015-08-09T00:00:00Z,2015-08-04T14:11:00Z,1,-80C,2857650,2857650,Illumina MiSeq,SRP062005,0,60,0,0,22.2,NA,Uchime,0,0,Adenoma,0,186,male,175,0,1,0,paired-end,0,0,0,0,http://aem.asm.org/content/79/17/5112/suppl/DCSupplemental,FWD:GTGCCAGCMGCCGCGGTAA; REV:GGACTACHVGGGTWTCTAAT,toilet hat,http://aem.asm.org/content/79/17/5112.short,1,16S rRNA,V4,68,1,,,,,,
SRR2143821,AMPLICON,502,74371300,PRJNA290926,SAMN03939641,"MIMARKS.survey,MIGS/MIMS/MIMARKS.human-gut",54262066,UNIVERSITY OF MICHIGAN,NA,public,"fastq,run.zq,sra","gs,s3,ncbi","gs.us-east1,s3.us-east-1,ncbi.public",human stool sample,human body,gut,feces,SRX1132390,USA,North America,USA,Homo sapiens,454 GS,NA,2859650_S125_L001_R1_001.fastq.2859650,PAIRED,PCR,METAGENOMIC,human gut metagenome,metagenome,LS454,2015-08-09T00:00:00Z,2015-08-04T14:12:00Z,1,-80C,2859650,2859650,Illumina MiSeq,SRP062005,0,65,0,1,25,NA,Uchime,0,0,adv Adenoma,0,51,male,180,0,1,0,paired-end,0,0,0,0,http://aem.asm.org/content/79/17/5112/suppl/DCSupplemental,FWD:GTGCCAGCMGCCGCGGTAA; REV:GGACTACHVGGGTWTCTAAT,toilet hat,http://aem.asm.org/content/79/17/5112.short,0,16S rRNA,V4,81,0,,,,,,
SRR2143822,AMPLICON,502,6189158,PRJNA290926,SAMN03939642,"MIMARKS.survey,MIGS/MIMS/MIMARKS.human-gut",4209771,UNIVERSITY OF MICHIGAN,NA,public,"sra,run.zq,fastq","s3,gs,ncbi","ncbi.public,s3.us-east-1,gs.us-east1",human stool sample,human body,gut,feces,SRX1132391,USA,North America,USA,Homo sapiens,454 GS,NA,2861650_S172_L001_R1_001.fastq.2861650,PAIRED,PCR,METAGENOMIC,human gut metagenome,metagenome,LS454,2015-08-09T00:00:00Z,2015-08-04T14:11:00Z,1,-80C,2861650,2861650,Illumina MiSeq,SRP062005,0,75,0,0,28.4,NA,Uchime,0,0,Adenoma,0,0,male,177,0,1,0,paired-end,0,0,0,0,http://aem.asm.org/content/79/17/5112/suppl/DCSupplemental,FWD:GTGCCAGCMGCCGCGGTAA; REV:GGACTACHVGGGTWTCTAAT,toilet hat,http://aem.asm.org/content/79/17/5112.short,1,16S rRNA,V4,89,1,,,,,,
SRR2143823,AMPLICON,502,324838176,PRJNA290926,SAMN03939642,"MIMARKS.survey,MIGS/MIMS/MIMARKS.human-gut",209557317,UNIVERSITY OF MICHIGAN,NA,public,"fastq,run.zq,sra","ncbi,s3,gs","gs.us-east1,ncbi.public,s3.us-east-1",human stool sample,human body,gut,feces,SRX1132392,USA,North America,USA,Homo sapiens,454 GS,NA,2861650_S84_L001_R1_001.fastq.2861650,PAIRED,PCR,METAGENOMIC,human gut metagenome,metagenome,LS454,2015-08-09T00:00:00Z,2015-08-04T14:12:00Z,1,-80C,2861650,2861650,Illumina MiSeq,SRP062005,0,75,0,0,28.4,NA,Uchime,0,0,Adenoma,0,0,male,177,0,1,0,paired-end,0,0,0,0,http://aem.asm.org/content/79/17/5112/suppl/DCSupplemental,FWD:GTGCCAGCMGCCGCGGTAA; REV:GGACTACHVGGGTWTCTAAT,toilet hat,http://aem.asm.org/content/79/17/5112.short,1,16S rRNA,V4,89,1,,,,,,
SRR2143824,AMPLICON,502,24520190,PRJNA290926,SAMN03939643,"MIMARKS.survey,MIGS/MIMS/MIMARKS.human-gut",16367068,UNIVERSITY OF MICHIGAN,NA,public,"fastq,sra,run.zq","s3,ncbi,gs","s3.us-east-1,gs.us-east1,ncbi.public",human stool sample,human body,gut,feces,SRX1132393,USA,North America,USA,Homo sapiens,454 GS,NA,2863680_S171_L001_R1_001.fastq.2863680,PAIRED,PCR,METAGENOMIC,human gut metagenome,metagenome,LS454,2015-08-09T00:00:00Z,2015-08-04T14:12:00Z,1,-80C,2863680,2863680,Illumina MiSeq,SRP062005,0,57,0,0,34.5,1,Uchime,0,0,Cancer,0,2230,male,185,0,1,0,paired-end,0,0,0,0,http://aem.asm.org/content/79/17/5112/suppl/DCSupplemental,FWD:GTGCCAGCMGCCGCGGTAA; REV:GGACTACHVGGGTWTCTAAT,toilet hat,http://aem.asm.org/content/79/17/5112.short,1,16S rRNA,V4,118,1,,,,,,
SRR2143825,AMPLICON,502,10826634,PRJNA290926,SAMN03939644,"MIMARKS.survey,MIGS/MIMS/MIMARKS.human-gut",7045091,UNIVERSITY OF MICHIGAN,NA,public,"run.zq,sra,fastq","ncbi,gs,s3","ncbi.public,gs.us-east1,s3.us-east-1",human stool sample,human body,gut,feces,SRX1132394,USA,North America,USA,Homo sapiens,454 GS,NA,2871650_S103_L001_R1_001.fastq.2871650,PAIRED,PCR,METAGENOMIC,human gut metagenome,metagenome,LS454,2015-08-09T00:00:00Z,2015-08-04T14:12:00Z,1,-80C,2871650,2871650,Illumina MiSeq,SRP062005,0,62,0,0,27,NA,Uchime,0,0,adv Adenoma,0,0,male,172,0,0,0,paired-end,0,0,0,0,http://aem.asm.org/content/79/17/5112/suppl/DCSupplemental,FWD:GTGCCAGCMGCCGCGGTAA; REV:GGACTACHVGGGTWTCTAAT,toilet hat,http://aem.asm.org/content/79/17/5112.short,0,16S rRNA,V4,80,1,,,,,,
SRR2143826,AMPLICON,502,23313382,PRJNA290926,SAMN03939645,"MIMARKS.survey,MIGS/MIMS/MIMARKS.human-gut",15525807,UNIVERSITY OF MICHIGAN,NA,public,"run.zq,fastq,sra","s3,gs,ncbi","ncbi.public,gs.us-east1,s3.us-east-1",human stool sample,human body,gut,feces,SRX1132395,USA,North America,USA,Homo sapiens,454 GS,NA,2873653_S35_L001_R1_001.fastq.2873653,PAIRED,PCR,METAGENOMIC,human gut metagenome,metagenome,LS454,2015-08-09T00:00:00Z,2015-08-04T14:12:00Z,1,-80C,2873653,2873653,Illumina MiSeq,SRP062005,0,47,0,0,28.4,NA,Uchime,0,0,adv Adenoma,0,101,male,178,0,0,0,paired-end,0,0,0,0,http://aem.asm.org/content/79/17/5112/suppl/DCSupplemental,FWD:GTGCCAGCMGCCGCGGTAA; REV:GGACTACHVGGGTWTCTAAT,toilet hat,http://aem.asm.org/content/79/17/5112.short,0,16S rRNA,V4,90,1,,,,,,
SRR2143827,AMPLICON,502,130060168,PRJNA290926,SAMN03939646,"MIMARKS.survey,MIGS/MIMS/MIMARKS.human-gut",82012906,UNIVERSITY OF MICHIGAN,NA,public,"fastq,run.zq,sra","gs,ncbi,s3","gs.us-east1,ncbi.public,s3.us-east-1",human stool sample,human body,gut,feces,SRX1132396,USA,North America,USA,Homo sapiens,454 GS,NA,2879660_S47_L001_R1_001.fastq.2879660,PAIRED,PCR,METAGENOMIC,human gut metagenome,metagenome,LS454,2015-08-09T00:00:00Z,2015-08-04T14:14:00Z,1,-80C,2879660,2879660,Illumina MiSeq,SRP062005,0,69,0,0,21.8,1,Uchime,0,0,Cancer,0,101,female,170,1,1,1,paired-end,0,1,0,0,http://aem.asm.org/content/79/17/5112/suppl/DCSupplemental,FWD:GTGCCAGCMGCCGCGGTAA; REV:GGACTACHVGGGTWTCTAAT,toilet hat,http://aem.asm.org/content/79/17/5112.short,1,16S rRNA,V4,63,1,,,,,,
SRR2143828,AMPLICON,502,5635452,PRJNA290926,SAMN03939646,"MIMARKS.survey,MIGS/MIMS/MIMARKS.human-gut",3760738,UNIVERSITY OF MICHIGAN,NA,public,"fastq,sra,run.zq","ncbi,gs,s3","ncbi.public,gs.us-east1,s3.us-east-1",human stool sample,human body,gut,feces,SRX1132397,USA,North America,USA,Homo sapiens,454 GS,NA,2879660_S97_L001_R1_001.fastq.2879660,PAIRED,PCR,METAGENOMIC,human gut metagenome,metagenome,LS454,2015-08-09T00:00:00Z,2015-08-04T14:13:00Z,1,-80C,2879660,2879660,Illumina MiSeq,SRP062005,0,69,0,0,21.8,1,Uchime,0,0,Cancer,0,101,female,170,1,1,1,paired-end,0,1,0,0,http://aem.asm.org/content/79/17/5112/suppl/DCSupplemental,FWD:GTGCCAGCMGCCGCGGTAA; REV:GGACTACHVGGGTWTCTAAT,toilet hat,http://aem.asm.org/content/79/17/5112.short,1,16S rRNA,V4,63,1,,,,,,
SRR2143829,AMPLICON,502,13635826,PRJNA290926,SAMN03939647,"MIMARKS.survey,MIGS/MIMS/MIMARKS.human-gut",10226889,UNIVERSITY OF MICHIGAN,NA,public,"run.zq,sra,fastq","s3,ncbi,gs","s3.us-east-1,gs.us-east1,ncbi.public",human stool sample,human body,gut,feces,SRX1132398,USA,North America,USA,Homo sapiens,454 GS,NA,2883650_S88_L001_R1_001.fastq.2883650,PAIRED,PCR,METAGENOMIC,human gut metagenome,metagenome,LS454,2015-08-09T00:00:00Z,2015-08-04T14:13:00Z,1,-80C,2883650,2883650,Illumina MiSeq,SRP062005,0,86,0,1,19.1,NA,Uchime,0,0,Adenoma,0,0,female,165,0,1,1,paired-end,0,0,0,0,http://aem.asm.org/content/79/17/5112/suppl/DCSupplemental,FWD:GTGCCAGCMGCCGCGGTAA; REV:GGACTACHVGGGTWTCTAAT,toilet hat,http://aem.asm.org/content/79/17/5112.short,0,16S rRNA,V4,52,0,,,,,,
SRR2143830,AMPLICON,502,50029822,PRJNA290926,SAMN03939648,"MIMARKS.survey,MIGS/MIMS/MIMARKS.human-gut",36800254,UNIVERSITY OF MICHIGAN,NA,public,"run.zq,sra","gs,ncbi,s3","gs.us-east1,s3.us-east-1,ncbi.public",human stool sample,human body,gut,feces,SRX1132399,USA,North America,USA,Homo sapiens,Illumina MiSeq,NA,2887670_S163_L001_R1_001.fastq.2887670,PAIRED,PCR,METAGENOMIC,human gut metagenome,metagenome,ILLUMINA,2015-08-09T00:00:00Z,2015-08-04T14:13:00Z,1,-80C,2887670,2887670,Illumina MiSeq,SRP062005,0,69,0,0,28.3,3,Uchime,0,0,Cancer,0,548,male,185,0,1,1,paired-end,0,0,0,0,http://aem.asm.org/content/79/17/5112/suppl/DCSupplemental,FWD:GTGCCAGCMGCCGCGGTAA; REV:GGACTACHVGGGTWTCTAAT,toilet hat,http://aem.asm.org/content/79/17/5112.short,0,16S rRNA,V4,97,1,,,,,,
SRR2143831,AMPLICON,502,46387310,PRJNA290926,SAMN03939649,"MIMARKS.survey,MIGS/MIMS/MIMARKS.human-gut",31021723,UNIVERSITY OF MICHIGAN,NA,public,"run.zq,sra,fastq","gs,s3,ncbi","gs.us-east1,s3.us-east-1,ncbi.public",human stool sample,human body,gut,feces,SRX1132400,USA,North America,USA,Homo sapiens,454 GS,NA,2889660_S68_L001_R1_001.fastq.2889660,PAIRED,PCR,METAGENOMIC,human gut metagenome,metagenome,LS454,2015-08-09T00:00:00Z,2015-08-04T14:14:00Z,1,-80C,2889660,2889660,Illumina MiSeq,SRP062005,0,65,0,0,26.6,NA,Uchime,1,1,Adenoma,0,0,male,182,0,1,0,paired-end,0,0,0,0,http://aem.asm.org/content/79/17/5112/suppl/DCSupplemental,FWD:GTGCCAGCMGCCGCGGTAA; REV:GGACTACHVGGGTWTCTAAT,toilet hat,http://aem.asm.org/content/79/17/5112.short,1,16S rRNA,V4,88,1,,,,,,
SRR2143832,AMPLICON,502,12678010,PRJNA290926,SAMN03939650,"MIMARKS.survey,MIGS/MIMS/MIMARKS.human-gut",8526046,UNIVERSITY OF MICHIGAN,NA,public,"fastq,sra,run.zq","s3,ncbi,gs","s3.us-east-1,ncbi.public,gs.us-east1",human stool sample,human body,gut,feces,SRX1132401,USA,North America,USA,Homo sapiens,454 GS,NA,2893660_S169_L001_R1_001.fastq.2893660,PAIRED,PCR,METAGENOMIC,human gut metagenome,metagenome,LS454,2015-08-09T00:00:00Z,2015-08-04T14:14:00Z,1,-80C,2893660,2893660,Illumina MiSeq,SRP062005,0,74,0,0,35.2,4,Uchime,0,0,Cancer,0,0,male,193,0,1,1,paired-end,0,0,0,0,http://aem.asm.org/content/79/17/5112/suppl/DCSupplemental,FWD:GTGCCAGCMGCCGCGGTAA; REV:GGACTACHVGGGTWTCTAAT,toilet hat,http://aem.asm.org/content/79/17/5112.short,1,16S rRNA,V4,131,1,,,,,,
SRR2143833,AMPLICON,502,55525718,PRJNA290926,SAMN03939651,"MIMARKS.survey,MIGS/MIMS/MIMARKS.human-gut",34750263,UNIVERSITY OF MICHIGAN,NA,public,"fastq,run.zq,sra","s3,gs,ncbi","gs.us-east1,s3.us-east-1,ncbi.public",human stool sample,human body,gut,feces,SRX1132402,USA,North America,USA,Homo sapiens,454 GS,NA,2895650_S34_L001_R1_001.fastq.2895650,PAIRED,PCR,METAGENOMIC,human gut metagenome,metagenome,LS454,2015-08-09T00:00:00Z,2015-08-04T14:14:00Z,1,-80C,2895650,2895650,Illumina MiSeq,SRP062005,0,30,0,0,20.4,NA,Uchime,0,0,Adenoma,0,783,female,170,0,1,0,paired-end,0,0,0,0,http://aem.asm.org/content/79/17/5112/suppl/DCSupplemental,FWD:GTGCCAGCMGCCGCGGTAA; REV:GGACTACHVGGGTWTCTAAT,toilet hat,http://aem.asm.org/content/79/17/5112.short,0,16S rRNA,V4,59,1,,,,,,
SRR2143834,AMPLICON,502,12038964,PRJNA290926,SAMN03939651,"MIMARKS.survey,MIGS/MIMS/MIMARKS.human-gut",9048345,UNIVERSITY OF MICHIGAN,NA,public,"sra,run.zq,fastq","gs,s3,ncbi","ncbi.public,s3.us-east-1,gs.us-east1",human stool sample,human body,gut,feces,SRX1132403,USA,North America,USA,Homo sapiens,454 GS,NA,2895650_S71_L001_R1_001.fastq.2895650,PAIRED,PCR,METAGENOMIC,human gut metagenome,metagenome,LS454,2015-08-09T00:00:00Z,2015-08-04T14:14:00Z,1,-80C,2895650,2895650,Illumina MiSeq,SRP062005,0,30,0,0,20.4,NA,Uchime,0,0,Adenoma,0,783,female,170,0,1,0,paired-end,0,0,0,0,http://aem.asm.org/content/79/17/5112/suppl/DCSupplemental,FWD:GTGCCAGCMGCCGCGGTAA; REV:GGACTACHVGGGTWTCTAAT,toilet hat,http://aem.asm.org/content/79/17/5112.short,0,16S rRNA,V4,59,1,,,,,,
SRR2143835,AMPLICON,502,36438674,PRJNA290926,SAMN03939652,"MIMARKS.survey,MIGS/MIMS/MIMARKS.human-gut",24032537,UNIVERSITY OF MICHIGAN,NA,public,"sra,run.zq,fastq","gs,s3,ncbi","gs.us-east1,s3.us-east-1,ncbi.public",human stool sample,human body,gut,feces,SRX1132405,USA,North America,USA,Homo sapiens,454 GS,NA,2901651_S176_L001_R1_001.fastq.2901651,PAIRED,PCR,METAGENOMIC,human gut metagenome,metagenome,LS454,2015-08-09T00:00:00Z,2015-08-04T14:15:00Z,1,-80C,2901651,2901651,Illumina MiSeq,SRP062005,0,74,0,0,37.7,NA,Uchime,0,0,Normal,0,0,female,157,0,0,0,paired-end,0,0,0,0,http://aem.asm.org/content/79/17/5112/suppl/DCSupplemental,FWD:GTGCCAGCMGCCGCGGTAA; REV:GGACTACHVGGGTWTCTAAT,toilet hat,http://aem.asm.org/content/79/17/5112.short,0,16S rRNA,V4,93,1,,,,,,
SRR2143836,AMPLICON,502,8501370,PRJNA290926,SAMN03939653,"MIMARKS.survey,MIGS/MIMS/MIMARKS.human-gut",5654548,UNIVERSITY OF MICHIGAN,NA,public,"run.zq,sra,fastq","ncbi,gs,s3","s3.us-east-1,gs.us-east1,ncbi.public",human stool sample,human body,gut,feces,SRX1132406,USA,North America,USA,Homo sapiens,454 GS,NA,2903653_S156_L001_R1_001.fastq.2903653,PAIRED,PCR,METAGENOMIC,human gut metagenome,metagenome,LS454,2015-08-09T00:00:00Z,2015-08-04T14:16:00Z,1,-80C,2903653,2903653,Illumina MiSeq,SRP062005,0,71,0,0,32.1,1,Uchime,0,0,Cancer,0,989,male,172,0,1,1,paired-end,0,1,0,0,http://aem.asm.org/content/79/17/5112/suppl/DCSupplemental,FWD:GTGCCAGCMGCCGCGGTAA; REV:GGACTACHVGGGTWTCTAAT,toilet hat,http://aem.asm.org/content/79/17/5112.short,1,16S rRNA,V4,95,1,,,,,,
SRR2143837,AMPLICON,502,16570016,PRJNA290926,SAMN03939654,"MIMARKS.survey,MIGS/MIMS/MIMARKS.human-gut",12213219,UNIVERSITY OF MICHIGAN,NA,public,"run.zq,sra,fastq","gs,s3,ncbi","s3.us-east-1,gs.us-east1,ncbi.public",human stool sample,human body,gut,feces,SRX1132407,USA,North America,USA,Homo sapiens,454 GS,NA,2905650_S129_L001_R1_001.fastq.2905650,PAIRED,PCR,METAGENOMIC,human gut metagenome,metagenome,LS454,2015-08-09T00:00:00Z,2015-08-04T14:15:00Z,1,-80C,2905650,2905650,Illumina MiSeq,SRP062005,0,52,0,0,34.6,NA,Uchime,0,0,Normal,0,0,female,175,0,0,0,paired-end,0,0,0,0,http://aem.asm.org/content/79/17/5112/suppl/DCSupplemental,FWD:GTGCCAGCMGCCGCGGTAA; REV:GGACTACHVGGGTWTCTAAT,toilet hat,http://aem.asm.org/content/79/17/5112.short,0,16S rRNA,V4,106,1,,,,,,
SRR2143838,AMPLICON,502,7648974,PRJNA290926,SAMN03939655,"MIMARKS.survey,MIGS/MIMS/MIMARKS.human-gut",4972842,UNIVERSITY OF MICHIGAN,NA,public,"run.zq,fastq,sra","ncbi,gs,s3","s3.us-east-1,gs.us-east1,ncbi.public",human stool sample,human body,gut,feces,SRX1132408,USA,North America,USA,Homo sapiens,454 GS,NA,2907653_S8_L001_R1_001.fastq.2907653,PAIRED,PCR,METAGENOMIC,human gut metagenome,metagenome,LS454,2015-08-09T00:00:00Z,2015-08-04T14:15:00Z,1,-80C,2907653,2907653,Illumina MiSeq,SRP062005,0,55,1,0,20.5,NA,Uchime,0,0,Normal,0,0,female,156,0,0,0,paired-end,0,0,0,0,http://aem.asm.org/content/79/17/5112/suppl/DCSupplemental,FWD:GTGCCAGCMGCCGCGGTAA; REV:GGACTACHVGGGTWTCTAAT,toilet hat,http://aem.asm.org/content/79/17/5112.short,0,16S rRNA,V4,50,0,,,,,,
SRR2143839,AMPLICON,502,23784760,PRJNA290926,SAMN03939656,"MIMARKS.survey,MIGS/MIMS/MIMARKS.human-gut",15400631,UNIVERSITY OF MICHIGAN,NA,public,"fastq,sra,run.zq","gs,ncbi,s3","s3.us-east-1,gs.us-east1,ncbi.public",human stool sample,human body,gut,feces,SRX1132410,USA,North America,USA,Homo sapiens,454 GS,NA,2909653_S20_L001_R1_001.fastq.2909653,PAIRED,PCR,METAGENOMIC,human gut metagenome,metagenome,LS454,2015-08-09T00:00:00Z,2015-08-04T14:16:00Z,1,-80C,2909653,2909653,Illumina MiSeq,SRP062005,0,56,0,0,29.1,NA,Uchime,0,0,Normal,0,0,male,172,0,1,0,paired-end,0,1,0,0,http://aem.asm.org/content/79/17/5112/suppl/DCSupplemental,FWD:GTGCCAGCMGCCGCGGTAA; REV:GGACTACHVGGGTWTCTAAT,toilet hat,http://aem.asm.org/content/79/17/5112.short,0,16S rRNA,V4,86,1,,,,,,
SRR2143840,AMPLICON,502,29052748,PRJNA290926,SAMN03939657,"MIMARKS.survey,MIGS/MIMS/MIMARKS.human-gut",21576368,UNIVERSITY OF MICHIGAN,NA,public,"run.zq,sra,fastq","ncbi,s3,gs","s3.us-east-1,gs.us-east1,ncbi.public",human stool sample,human body,gut,feces,SRX1132411,USA,North America,USA,Homo sapiens,454 GS,NA,2911680_S164_L001_R1_001.fastq.2911680,PAIRED,PCR,METAGENOMIC,human gut metagenome,metagenome,LS454,2015-08-09T00:00:00Z,2015-08-04T14:17:00Z,1,-80C,2911680,2911680,Illumina MiSeq,SRP062005,0,81,0,0,23.1,1,Uchime,0,0,Cancer,0,0,female,157,0,1,0,paired-end,0,0,0,0,http://aem.asm.org/content/79/17/5112/suppl/DCSupplemental,FWD:GTGCCAGCMGCCGCGGTAA; REV:GGACTACHVGGGTWTCTAAT,toilet hat,http://aem.asm.org/content/79/17/5112.short,0,16S rRNA,V4,57,1,,,,,,
SRR2143841,AMPLICON,502,12013362,PRJNA290926,SAMN03939658,"MIMARKS.survey,MIGS/MIMS/MIMARKS.human-gut",8794863,UNIVERSITY OF MICHIGAN,NA,public,"run.zq,sra,fastq","ncbi,gs,s3","s3.us-east-1,ncbi.public,gs.us-east1",human stool sample,human body,gut,feces,SRX1132414,USA,North America,USA,Homo sapiens,454 GS,NA,2913650_S134_L001_R1_001.fastq.2913650,PAIRED,PCR,METAGENOMIC,human gut metagenome,metagenome,LS454,2015-08-09T00:00:00Z,2015-08-04T14:17:00Z,1,-80C,2913650,2913650,Illumina MiSeq,SRP062005,0,69,1,0,26.4,NA,Uchime,0,0,Normal,0,0,female,152,0,0,0,paired-end,0,0,0,0,http://aem.asm.org/content/79/17/5112/suppl/DCSupplemental,FWD:GTGCCAGCMGCCGCGGTAA; REV:GGACTACHVGGGTWTCTAAT,toilet hat,http://aem.asm.org/content/79/17/5112.short,0,16S rRNA,V4,61,0,,,,,,
SRR2143842,AMPLICON,502,51229100,PRJNA290926,SAMN03939658,"MIMARKS.survey,MIGS/MIMS/MIMARKS.human-gut",31474426,UNIVERSITY OF MICHIGAN,NA,public,"sra,fastq,run.zq","gs,ncbi,s3","ncbi.public,s3.us-east-1,gs.us-east1",human stool sample,human body,gut,feces,SRX1132415,USA,North America,USA,Homo sapiens,454 GS,NA,2913650_S44_L001_R1_001.fastq.2913650,PAIRED,PCR,METAGENOMIC,human gut metagenome,metagenome,LS454,2015-08-09T00:00:00Z,2015-08-04T14:17:00Z,1,-80C,2913650,2913650,Illumina MiSeq,SRP062005,0,69,1,0,26.4,NA,Uchime,0,0,Normal,0,0,female,152,0,0,0,paired-end,0,0,0,0,http://aem.asm.org/content/79/17/5112/suppl/DCSupplemental,FWD:GTGCCAGCMGCCGCGGTAA; REV:GGACTACHVGGGTWTCTAAT,toilet hat,http://aem.asm.org/content/79/17/5112.short,0,16S rRNA,V4,61,0,,,,,,
SRR2143843,AMPLICON,502,8428078,PRJNA290926,SAMN03939659,"MIMARKS.survey,MIGS/MIMS/MIMARKS.human-gut",6250738,UNIVERSITY OF MICHIGAN,NA,public,"fastq,sra,run.zq","gs,s3,ncbi","gs.us-east1,s3.us-east-1,ncbi.public",human stool sample,human body,gut,feces,SRX1132416,USA,North America,USA,Homo sapiens,454 GS,NA,2915650_S135_L001_R1_001.fastq.2915650,PAIRED,PCR,METAGENOMIC,human gut metagenome,metagenome,LS454,2015-08-09T00:00:00Z,2015-08-04T14:17:00Z,1,-80C,2915650,2915650,Illumina MiSeq,SRP062005,0,81,0,0,19,NA,Uchime,0,0,adv Adenoma,0,206,female,154,0,0,1,paired-end,0,1,0,0,http://aem.asm.org/content/79/17/5112/suppl/DCSupplemental,FWD:GTGCCAGCMGCCGCGGTAA; REV:GGACTACHVGGGTWTCTAAT,toilet hat,http://aem.asm.org/content/79/17/5112.short,0,16S rRNA,V4,45,1,,,,,,
SRR2143844,AMPLICON,502,96835800,PRJNA290926,SAMN03939659,"MIMARKS.survey,MIGS/MIMS/MIMARKS.human-gut",60362021,UNIVERSITY OF MICHIGAN,NA,public,"sra,run.zq,fastq","gs,s3,ncbi","ncbi.public,s3.us-east-1,gs.us-east1",human stool sample,human body,gut,feces,SRX1132417,USA,North America,USA,Homo sapiens,454 GS,NA,2915650_S45_L001_R1_001.fastq.2915650,PAIRED,PCR,METAGENOMIC,human gut metagenome,metagenome,LS454,2015-08-09T00:00:00Z,2015-08-04T14:18:00Z,1,-80C,2915650,2915650,Illumina MiSeq,SRP062005,0,81,0,0,19,NA,Uchime,0,0,adv Adenoma,0,206,female,154,0,0,1,paired-end,0,1,0,0,http://aem.asm.org/content/79/17/5112/suppl/DCSupplemental,FWD:GTGCCAGCMGCCGCGGTAA; REV:GGACTACHVGGGTWTCTAAT,toilet hat,http://aem.asm.org/content/79/17/5112.short,0,16S rRNA,V4,45,1,,,,,,
SRR2143845,AMPLICON,502,82145774,PRJNA290926,SAMN03939660,"MIMARKS.survey,MIGS/MIMS/MIMARKS.human-gut",61174708,UNIVERSITY OF MICHIGAN,NA,public,"fastq,run.zq,sra","gs,ncbi,s3","gs.us-east1,s3.us-east-1,ncbi.public",human stool sample,human body,gut,feces,SRX1132418,USA,North America,USA,Homo sapiens,454 GS,NA,2917650_S115_L001_R1_001.fastq.2917650,PAIRED,PCR,METAGENOMIC,human gut metagenome,metagenome,LS454,2015-08-09T00:00:00Z,2015-08-04T14:18:00Z,1,-80C,2917650,2917650,Illumina MiSeq,SRP062005,0,58,0,0,27.5,NA,Uchime,0,0,Normal,0,3,female,163,0,0,1,paired-end,0,1,0,0,http://aem.asm.org/content/79/17/5112/suppl/DCSupplemental,FWD:GTGCCAGCMGCCGCGGTAA; REV:GGACTACHVGGGTWTCTAAT,toilet hat,http://aem.asm.org/content/79/17/5112.short,0,16S rRNA,V4,73,1,,,,,,
SRR2143846,AMPLICON,502,21808888,PRJNA290926,SAMN03939661,"MIMARKS.survey,MIGS/MIMS/MIMARKS.human-gut",14083494,UNIVERSITY OF MICHIGAN,NA,public,"run.zq,sra,fastq","ncbi,s3,gs","gs.us-east1,ncbi.public,s3.us-east-1",human stool sample,human body,gut,feces,SRX1132420,USA,North America,USA,Homo sapiens,454 GS,NA,2921652_S17_L001_R1_001.fastq.2921652,PAIRED,PCR,METAGENOMIC,human gut metagenome,metagenome,LS454,2015-08-09T00:00:00Z,2015-08-04T14:19:00Z,1,-80C,2921652,2921652,Illumina MiSeq,SRP062005,0,56,0,0,26.3,NA,Uchime,0,0,Normal,0,0,male,182,0,0,0,paired-end,0,0,0,0,http://aem.asm.org/content/79/17/5112/suppl/DCSupplemental,FWD:GTGCCAGCMGCCGCGGTAA; REV:GGACTACHVGGGTWTCTAAT,toilet hat,http://aem.asm.org/content/79/17/5112.short,0,16S rRNA,V4,87,1,,,,,,
SRR2143847,AMPLICON,502,27455886,PRJNA290926,SAMN03939662,"MIMARKS.survey,MIGS/MIMS/MIMARKS.human-gut",20312901,UNIVERSITY OF MICHIGAN,NA,public,"sra,run.zq","gs,ncbi,s3","gs.us-east1,s3.us-east-1,ncbi.public",human stool sample,human body,gut,feces,SRX1132421,USA,North America,USA,Homo sapiens,Illumina MiSeq,NA,2923650_S138_L001_R1_001.fastq.2923650,PAIRED,PCR,METAGENOMIC,human gut metagenome,metagenome,ILLUMINA,2015-08-09T00:00:00Z,2015-08-04T14:18:00Z,1,-80C,2923650,2923650,Illumina MiSeq,SRP062005,0,54,0,0,30.1,NA,Uchime,0,0,adv Adenoma,1,5,female,162,1,1,0,paired-end,0,0,0,0,http://aem.asm.org/content/79/17/5112/suppl/DCSupplemental,FWD:GTGCCAGCMGCCGCGGTAA; REV:GGACTACHVGGGTWTCTAAT,toilet hat,http://aem.asm.org/content/79/17/5112.short,1,16S rRNA,V4,79,1,,,,,,
SRR2143848,AMPLICON,502,19417360,PRJNA290926,SAMN03939663,"MIMARKS.survey,MIGS/MIMS/MIMARKS.human-gut",12869790,UNIVERSITY OF MICHIGAN,NA,public,"sra,fastq,run.zq","s3,gs,ncbi","gs.us-east1,ncbi.public,s3.us-east-1",human stool sample,human body,gut,feces,SRX1132422,USA,North America,USA,Homo sapiens,454 GS,NA,2929650_S12_L001_R1_001.fastq.2929650,PAIRED,PCR,METAGENOMIC,human gut metagenome,metagenome,LS454,2015-08-09T00:00:00Z,2015-08-04T14:18:00Z,1,-80C,2929650,2929650,Illumina MiSeq,SRP062005,0,46,0,0,30.6,NA,Uchime,0,0,Adenoma,0,1,male,179,0,1,0,paired-end,0,0,0,0,http://aem.asm.org/content/79/17/5112/suppl/DCSupplemental,FWD:GTGCCAGCMGCCGCGGTAA; REV:GGACTACHVGGGTWTCTAAT,toilet hat,http://aem.asm.org/content/79/17/5112.short,0,16S rRNA,V4,98,1,,,,,,
SRR2143849,AMPLICON,502,46220144,PRJNA290926,SAMN03939664,"MIMARKS.survey,MIGS/MIMS/MIMARKS.human-gut",34103303,UNIVERSITY OF MICHIGAN,NA,public,"run.zq,sra,fastq","ncbi,s3,gs","ncbi.public,gs.us-east1,s3.us-east-1",human stool sample,human body,gut,feces,SRX1132423,USA,North America,USA,Homo sapiens,454 GS,NA,2931650_S140_L001_R1_001.fastq.2931650,PAIRED,PCR,METAGENOMIC,human gut metagenome,metagenome,LS454,2015-08-09T00:00:00Z,2015-08-04T14:20:00Z,1,-80C,2931650,2931650,Illumina MiSeq,SRP062005,0,51,0,0,24.3,NA,Uchime,1,1,adv Adenoma,0,79,male,172,0,1,0,paired-end,0,1,0,0,http://aem.asm.org/content/79/17/5112/suppl/DCSupplemental,FWD:GTGCCAGCMGCCGCGGTAA; REV:GGACTACHVGGGTWTCTAAT,toilet hat,http://aem.asm.org/content/79/17/5112.short,1,16S rRNA,V4,72,1,,,,,,
SRR2143850,AMPLICON,502,21955472,PRJNA290926,SAMN03939665,"MIMARKS.survey,MIGS/MIMS/MIMARKS.human-gut",14160441,UNIVERSITY OF MICHIGAN,NA,public,"fastq,run.zq,sra","s3,gs,ncbi","gs.us-east1,s3.us-east-1,ncbi.public",human stool sample,human body,gut,feces,SRX1132425,USA,North America,USA,Homo sapiens,454 GS,NA,2933652_S29_L001_R1_001.fastq.2933652,PAIRED,PCR,METAGENOMIC,human gut metagenome,metagenome,LS454,2015-08-09T00:00:00Z,2015-08-04T14:21:00Z,1,-80C,2933652,2933652,Illumina MiSeq,SRP062005,0,53,0,0,30.9,NA,Uchime,0,0,adv Adenoma,0,0,female,162,0,1,0,paired-end,0,0,0,0,http://aem.asm.org/content/79/17/5112/suppl/DCSupplemental,FWD:GTGCCAGCMGCCGCGGTAA; REV:GGACTACHVGGGTWTCTAAT,toilet hat,http://aem.asm.org/content/79/17/5112.short,1,16S rRNA,V4,81,1,,,,,,
SRR2143851,AMPLICON,502,35640996,PRJNA290926,SAMN03939666,"MIMARKS.survey,MIGS/MIMS/MIMARKS.human-gut",23865028,UNIVERSITY OF MICHIGAN,NA,public,"sra,fastq,run.zq","gs,ncbi,s3","gs.us-east1,ncbi.public,s3.us-east-1",human stool sample,human body,gut,feces,SRX1132426,USA,North America,USA,Homo sapiens,454 GS,NA,2935650_S64_L001_R1_001.fastq.2935650,PAIRED,PCR,METAGENOMIC,human gut metagenome,metagenome,LS454,2015-08-09T00:00:00Z,2015-08-04T14:19:00Z,1,-80C,2935650,2935650,Illumina MiSeq,SRP062005,0,56,0,0,28.1,NA,Uchime,0,0,Adenoma,0,0,female,175,0,1,0,paired-end,0,0,0,0,http://aem.asm.org/content/79/17/5112/suppl/DCSupplemental,FWD:GTGCCAGCMGCCGCGGTAA; REV:GGACTACHVGGGTWTCTAAT,toilet hat,http://aem.asm.org/content/79/17/5112.short,1,16S rRNA,V4,86,1,,,,,,
SRR2143852,AMPLICON,502,19737636,PRJNA290926,SAMN03939667,"MIMARKS.survey,MIGS/MIMS/MIMARKS.human-gut",12847336,UNIVERSITY OF MICHIGAN,NA,public,"run.zq,fastq,sra","gs,s3,ncbi","ncbi.public,s3.us-east-1,gs.us-east1",human stool sample,human body,gut,feces,SRX1132427,USA,North America,USA,Homo sapiens,454 GS,NA,2937653_S4_L001_R1_001.fastq.2937653,PAIRED,PCR,METAGENOMIC,human gut metagenome,metagenome,LS454,2015-08-09T00:00:00Z,2015-08-04T14:19:00Z,1,-80C,2937653,2937653,Illumina MiSeq,SRP062005,0,53,0,0,28.7,NA,Uchime,0,0,adv Adenoma,0,90,male,173,1,1,0,paired-end,0,0,0,0,http://aem.asm.org/content/79/17/5112/suppl/DCSupplemental,FWD:GTGCCAGCMGCCGCGGTAA; REV:GGACTACHVGGGTWTCTAAT,toilet hat,http://aem.asm.org/content/79/17/5112.short,1,16S rRNA,V4,86,1,,,,,,
SRR2143853,AMPLICON,502,29550230,PRJNA290926,SAMN03939668,"MIMARKS.survey,MIGS/MIMS/MIMARKS.human-gut",21921686,UNIVERSITY OF MICHIGAN,NA,public,"sra,run.zq,fastq","s3,ncbi,gs","gs.us-east1,ncbi.public,s3.us-east-1",human stool sample,human body,gut,feces,SRX1132428,USA,North America,USA,Homo sapiens,454 GS,NA,2939650_S68_L001_R1_001.fastq.2939650,PAIRED,PCR,METAGENOMIC,human gut metagenome,metagenome,LS454,2015-08-09T00:00:00Z,2015-08-04T14:20:00Z,1,-80C,2939650,2939650,Illumina MiSeq,SRP062005,0,75,0,0,27.8,NA,Uchime,0,0,adv Adenoma,0,0,male,180,0,1,0,paired-end,0,0,0,0,http://aem.asm.org/content/79/17/5112/suppl/DCSupplemental,FWD:GTGCCAGCMGCCGCGGTAA; REV:GGACTACHVGGGTWTCTAAT,toilet hat,http://aem.asm.org/content/79/17/5112.short,1,16S rRNA,V4,90,1,,,,,,
SRR2143854,AMPLICON,502,33064230,PRJNA290926,SAMN03939669,"MIMARKS.survey,MIGS/MIMS/MIMARKS.human-gut",24234141,UNIVERSITY OF MICHIGAN,NA,public,"run.zq,fastq,sra","gs,ncbi,s3","ncbi.public,s3.us-east-1,gs.us-east1",human stool sample,human body,gut,feces,SRX1132429,USA,North America,USA,Homo sapiens,454 GS,NA,2943650_S137_L001_R1_001.fastq.2943650,PAIRED,PCR,METAGENOMIC,human gut metagenome,metagenome,LS454,2015-08-09T00:00:00Z,2015-08-04T14:20:00Z,1,-80C,2943650,2943650,Illumina MiSeq,SRP062005,0,79,0,0,24.4,NA,Uchime,0,0,adv Adenoma,0,103,male,167,0,1,1,paired-end,0,0,0,0,http://aem.asm.org/content/79/17/5112/suppl/DCSupplemental,FWD:GTGCCAGCMGCCGCGGTAA; REV:GGACTACHVGGGTWTCTAAT,toilet hat,http://aem.asm.org/content/79/17/5112.short,0,16S rRNA,V4,68,1,,,,,,
SRR2143855,AMPLICON,502,20446962,PRJNA290926,SAMN03939670,"MIMARKS.survey,MIGS/MIMS/MIMARKS.human-gut",15063709,UNIVERSITY OF MICHIGAN,NA,public,"sra,run.zq,fastq","gs,ncbi,s3","gs.us-east1,s3.us-east-1,ncbi.public",human stool sample,human body,gut,feces,SRX1132431,USA,North America,USA,Homo sapiens,454 GS,NA,2945660_S136_L001_R1_001.fastq.2945660,PAIRED,PCR,METAGENOMIC,human gut metagenome,metagenome,LS454,2015-08-09T00:00:00Z,2015-08-04T14:20:00Z,1,-80C,2945660,2945660,Illumina MiSeq,SRP062005,0,40,0,0,25.2,NA,Uchime,0,0,adv Adenoma,0,3,female,153,0,1,0,paired-end,0,0,0,0,http://aem.asm.org/content/79/17/5112/suppl/DCSupplemental,FWD:GTGCCAGCMGCCGCGGTAA; REV:GGACTACHVGGGTWTCTAAT,toilet hat,http://aem.asm.org/content/79/17/5112.short,1,16S rRNA,V4,59,1,,,,,,
SRR2143856,AMPLICON,502,26815836,PRJNA290926,SAMN03939671,"MIMARKS.survey,MIGS/MIMS/MIMARKS.human-gut",19914622,UNIVERSITY OF MICHIGAN,NA,public,"sra,fastq,run.zq","s3,ncbi,gs","ncbi.public,gs.us-east1,s3.us-east-1",human stool sample,human body,gut,feces,SRX1132432,USA,North America,USA,Homo sapiens,454 GS,NA,2955670_S165_L001_R1_001.fastq.2955670,PAIRED,PCR,METAGENOMIC,human gut metagenome,metagenome,LS454,2015-08-09T00:00:00Z,2015-08-04T14:20:00Z,1,-80C,2955670,2955670,Illumina MiSeq,SRP062005,0,75,0,0,25.9,1,Uchime,0,0,Cancer,0,85,male,177,0,1,0,paired-end,0,1,0,0,http://aem.asm.org/content/79/17/5112/suppl/DCSupplemental,FWD:GTGCCAGCMGCCGCGGTAA; REV:GGACTACHVGGGTWTCTAAT,toilet hat,http://aem.asm.org/content/79/17/5112.short,1,16S rRNA,V4,81,1,,,,,,
SRR2143857,AMPLICON,502,43917972,PRJNA290926,SAMN03939672,"MIMARKS.survey,MIGS/MIMS/MIMARKS.human-gut",29107450,UNIVERSITY OF MICHIGAN,NA,public,"run.zq,sra,fastq","gs,s3,ncbi","ncbi.public,s3.us-east-1,gs.us-east1",human stool sample,human body,gut,feces,SRX1132433,USA,North America,USA,Homo sapiens,454 GS,NA,2957680_S13_L001_R1_001.fastq.2957680,PAIRED,PCR,METAGENOMIC,human gut metagenome,metagenome,LS454,2015-08-09T00:00:00Z,2015-08-04T14:21:00Z,1,-80C,2957680,2957680,Illumina MiSeq,SRP062005,0,50,0,0,28.1,3,Uchime,0,0,Cancer,0,1812,male,182,0,1,1,paired-end,0,0,0,0,http://aem.asm.org/content/79/17/5112/suppl/DCSupplemental,FWD:GTGCCAGCMGCCGCGGTAA; REV:GGACTACHVGGGTWTCTAAT,toilet hat,http://aem.asm.org/content/79/17/5112.short,0,16S rRNA,V4,93,1,,,,,,
SRR2143858,AMPLICON,502,8974254,PRJNA290926,SAMN03939673,"MIMARKS.survey,MIGS/MIMS/MIMARKS.human-gut",5838919,UNIVERSITY OF MICHIGAN,NA,public,"fastq,run.zq,sra","gs,s3,ncbi","gs.us-east1,ncbi.public,s3.us-east-1",human stool sample,human body,gut,feces,SRX1132434,USA,North America,USA,Homo sapiens,454 GS,NA,2959660_S187_L001_R1_001.fastq.2959660,PAIRED,PCR,METAGENOMIC,human gut metagenome,metagenome,LS454,2015-08-09T00:00:00Z,2015-08-04T14:20:00Z,1,-80C,2959660,2959660,Illumina MiSeq,SRP062005,0,59,0,0,42.9,1,Uchime,0,0,Cancer,0,0,female,170,0,1,0,paired-end,0,1,0,0,http://aem.asm.org/content/79/17/5112/suppl/DCSupplemental,FWD:GTGCCAGCMGCCGCGGTAA; REV:GGACTACHVGGGTWTCTAAT,toilet hat,http://aem.asm.org/content/79/17/5112.short,1,16S rRNA,V4,124,1,,,,,,
SRR2143859,AMPLICON,502,22956460,PRJNA290926,SAMN03939674,"MIMARKS.survey,MIGS/MIMS/MIMARKS.human-gut",17038552,UNIVERSITY OF MICHIGAN,NA,public,"fastq,run.zq,sra","ncbi,gs,s3","s3.us-east-1,ncbi.public,gs.us-east1",human stool sample,human body,gut,feces,SRX1132435,USA,North America,USA,Homo sapiens,454 GS,NA,2961650_S83_L001_R1_001.fastq.2961650,PAIRED,PCR,METAGENOMIC,human gut metagenome,metagenome,LS454,2015-08-09T00:00:00Z,2015-08-04T14:20:00Z,1,-80C,2961650,2961650,Illumina MiSeq,SRP062005,0,59,0,0,27.2,NA,Uchime,0,0,Adenoma,0,0,male,187,0,1,0,paired-end,0,0,0,0,http://aem.asm.org/content/79/17/5112/suppl/DCSupplemental,FWD:GTGCCAGCMGCCGCGGTAA; REV:GGACTACHVGGGTWTCTAAT,toilet hat,http://aem.asm.org/content/79/17/5112.short,1,16S rRNA,V4,95,1,,,,,,
SRR2143860,AMPLICON,502,49786352,PRJNA290926,SAMN03939675,"MIMARKS.survey,MIGS/MIMS/MIMARKS.human-gut",33358716,UNIVERSITY OF MICHIGAN,NA,public,"fastq,run.zq,sra","s3,ncbi,gs","ncbi.public,gs.us-east1,s3.us-east-1",human stool sample,human body,gut,feces,SRX1132437,USA,North America,USA,Homo sapiens,454 GS,NA,2963670_S66_L001_R1_001.fastq.2963670,PAIRED,PCR,METAGENOMIC,human gut metagenome,metagenome,LS454,2015-08-09T00:00:00Z,2015-08-04T14:22:00Z,1,-80C,2963670,2963670,Illumina MiSeq,SRP062005,0,63,0,0,29.3,NA,Uchime,1,1,Adenoma,0,5,male,182,1,1,0,paired-end,0,1,0,0,http://aem.asm.org/content/79/17/5112/suppl/DCSupplemental,FWD:GTGCCAGCMGCCGCGGTAA; REV:GGACTACHVGGGTWTCTAAT,toilet hat,http://aem.asm.org/content/79/17/5112.short,1,16S rRNA,V4,97,1,,,,,,
SRR2143861,AMPLICON,502,25214958,PRJNA290926,SAMN03939676,"MIMARKS.survey,MIGS/MIMS/MIMARKS.human-gut",16968836,UNIVERSITY OF MICHIGAN,NA,public,"run.zq,fastq,sra","s3,ncbi,gs","ncbi.public,s3.us-east-1,gs.us-east1",human stool sample,human body,gut,feces,SRX1132438,USA,North America,USA,Homo sapiens,454 GS,NA,2965650_S178_L001_R1_001.fastq.2965650,PAIRED,PCR,METAGENOMIC,human gut metagenome,metagenome,LS454,2015-08-09T00:00:00Z,2015-08-04T14:21:00Z,1,-80C,2965650,2965650,Illumina MiSeq,SRP062005,0,75,0,0,26.4,NA,Uchime,1,1,Adenoma,0,0,male,175,0,1,0,paired-end,0,0,0,0,http://aem.asm.org/content/79/17/5112/suppl/DCSupplemental,FWD:GTGCCAGCMGCCGCGGTAA; REV:GGACTACHVGGGTWTCTAAT,toilet hat,http://aem.asm.org/content/79/17/5112.short,1,16S rRNA,V4,81,1,,,,,,
SRR2143862,AMPLICON,502,61758550,PRJNA290926,SAMN03939677,"MIMARKS.survey,MIGS/MIMS/MIMARKS.human-gut",40466985,UNIVERSITY OF MICHIGAN,NA,public,"run.zq,fastq,sra","s3,ncbi,gs","s3.us-east-1,ncbi.public,gs.us-east1",human stool sample,human body,gut,feces,SRX1132439,USA,North America,USA,Homo sapiens,454 GS,NA,2967680_S153_L001_R1_001.fastq.2967680,PAIRED,PCR,METAGENOMIC,human gut metagenome,metagenome,LS454,2015-08-09T00:00:00Z,2015-08-04T14:22:00Z,1,-80C,2967680,2967680,Illumina MiSeq,SRP062005,0,56,0,0,30.4,NA,Uchime,0,0,adv Adenoma,0,32,male,171,0,1,0,paired-end,0,0,0,0,http://aem.asm.org/content/79/17/5112/suppl/DCSupplemental,FWD:GTGCCAGCMGCCGCGGTAA; REV:GGACTACHVGGGTWTCTAAT,toilet hat,http://aem.asm.org/content/79/17/5112.short,1,16S rRNA,V4,89,1,,,,,,
SRR2143863,AMPLICON,502,21143236,PRJNA290926,SAMN03939678,"MIMARKS.survey,MIGS/MIMS/MIMARKS.human-gut",13872376,UNIVERSITY OF MICHIGAN,NA,public,"sra,run.zq,fastq","gs,ncbi,s3","gs.us-east1,s3.us-east-1,ncbi.public",human stool sample,human body,gut,feces,SRX1132440,USA,North America,USA,Homo sapiens,454 GS,NA,2969650_S48_L001_R1_001.fastq.2969650,PAIRED,PCR,METAGENOMIC,human gut metagenome,metagenome,LS454,2015-08-09T00:00:00Z,2015-08-04T14:21:00Z,1,-80C,2969650,2969650,Illumina MiSeq,SRP062005,0,45,0,0,21.9,NA,Uchime,0,0,Adenoma,0,626,female,154,0,1,0,paired-end,0,0,0,0,http://aem.asm.org/content/79/17/5112/suppl/DCSupplemental,FWD:GTGCCAGCMGCCGCGGTAA; REV:GGACTACHVGGGTWTCTAAT,toilet hat,http://aem.asm.org/content/79/17/5112.short,0,16S rRNA,V4,52,1,,,,,,
SRR2143864,AMPLICON,502,28303764,PRJNA290926,SAMN03939679,"MIMARKS.survey,MIGS/MIMS/MIMARKS.human-gut",19004988,UNIVERSITY OF MICHIGAN,NA,public,"run.zq,sra,fastq","s3,gs,ncbi","ncbi.public,s3.us-east-1,gs.us-east1",human stool sample,human body,gut,feces,SRX1132441,USA,North America,USA,Homo sapiens,454 GS,NA,2971660_S177_L001_R1_001.fastq.2971660,PAIRED,PCR,METAGENOMIC,human gut metagenome,metagenome,LS454,2015-08-09T00:00:00Z,2015-08-04T14:21:00Z,1,-80C,2971660,2971660,Illumina MiSeq,SRP062005,0,61,0,0,21.3,NA,Uchime,0,0,adv Adenoma,0,177,female,162,0,1,0,paired-end,0,0,0,0,http://aem.asm.org/content/79/17/5112/suppl/DCSupplemental,FWD:GTGCCAGCMGCCGCGGTAA; REV:GGACTACHVGGGTWTCTAAT,toilet hat,http://aem.asm.org/content/79/17/5112.short,1,16S rRNA,V4,56,1,,,,,,
SRR2143865,AMPLICON,502,23818896,PRJNA290926,SAMN03939680,"MIMARKS.survey,MIGS/MIMS/MIMARKS.human-gut",15946392,UNIVERSITY OF MICHIGAN,NA,public,"sra,run.zq,fastq","s3,gs,ncbi","s3.us-east-1,gs.us-east1,ncbi.public",human stool sample,human body,gut,feces,SRX1132444,USA,North America,USA,Homo sapiens,454 GS,NA,2981651_S171_L001_R1_001.fastq.2981651,PAIRED,PCR,METAGENOMIC,human gut metagenome,metagenome,LS454,2015-08-09T00:00:00Z,2015-08-04T14:21:00Z,1,-80C,2981651,2981651,Illumina MiSeq,SRP062005,0,50,0,0,27.3,NA,Uchime,0,0,Normal,1,0,female,160,0,0,0,paired-end,0,0,0,0,http://aem.asm.org/content/79/17/5112/suppl/DCSupplemental,FWD:GTGCCAGCMGCCGCGGTAA; REV:GGACTACHVGGGTWTCTAAT,toilet hat,http://aem.asm.org/content/79/17/5112.short,1,16S rRNA,V4,70,1,,,,,,
SRR2143878,AMPLICON,502,41192112,PRJNA290926,SAMN03939681,"MIMARKS.survey,MIGS/MIMS/MIMARKS.human-gut",26883678,UNIVERSITY OF MICHIGAN,NA,public,"run.zq,fastq,sra","gs,s3,ncbi","ncbi.public,s3.us-east-1,gs.us-east1",human stool sample,human body,gut,feces,SRX1132457,USA,North America,USA,Homo sapiens,454 GS,NA,2987670_S62_L001_R1_001.fastq.2987670,PAIRED,PCR,METAGENOMIC,human gut metagenome,metagenome,LS454,2015-08-09T00:00:00Z,2015-08-04T14:21:00Z,1,-80C,2987670,2987670,Illumina MiSeq,SRP062005,0,61,0,0,29.2,NA,Uchime,0,0,Normal,0,0,female,157,0,1,0,paired-end,0,0,0,0,http://aem.asm.org/content/79/17/5112/suppl/DCSupplemental,FWD:GTGCCAGCMGCCGCGGTAA; REV:GGACTACHVGGGTWTCTAAT,toilet hat,http://aem.asm.org/content/79/17/5112.short,0,16S rRNA,V4,72,1,,,,,,
SRR2143880,AMPLICON,502,17487170,PRJNA290926,SAMN03939682,"MIMARKS.survey,MIGS/MIMS/MIMARKS.human-gut",13097122,UNIVERSITY OF MICHIGAN,NA,public,"run.zq,fastq,sra","ncbi,gs,s3","ncbi.public,gs.us-east1,s3.us-east-1",human stool sample,human body,gut,feces,SRX1132458,USA,North America,USA,Homo sapiens,454 GS,NA,2991650_S79_L001_R1_001.fastq.2991650,PAIRED,PCR,METAGENOMIC,human gut metagenome,metagenome,LS454,2015-08-09T00:00:00Z,2015-08-04T14:21:00Z,1,-80C,2991650,2991650,Illumina MiSeq,SRP062005,0,56,0,0,26.8,NA,Uchime,0,0,Adenoma,0,0,female,157,0,1,0,paired-end,0,0,0,0,http://aem.asm.org/content/79/17/5112/suppl/DCSupplemental,FWD:GTGCCAGCMGCCGCGGTAA; REV:GGACTACHVGGGTWTCTAAT,toilet hat,http://aem.asm.org/content/79/17/5112.short,0,16S rRNA,V4,66,1,,,,,,
SRR2143881,AMPLICON,502,10095220,PRJNA290926,SAMN03939683,"MIMARKS.survey,MIGS/MIMS/MIMARKS.human-gut",6591973,UNIVERSITY OF MICHIGAN,NA,public,"sra,run.zq,fastq","s3,ncbi,gs","ncbi.public,s3.us-east-1,gs.us-east1",human stool sample,human body,gut,feces,SRX1132459,USA,North America,USA,Homo sapiens,454 GS,NA,2993690_S104_L001_R1_001.fastq.2993690,PAIRED,PCR,METAGENOMIC,human gut metagenome,metagenome,LS454,2015-08-09T00:00:00Z,2015-08-04T14:22:00Z,1,-80C,2993690,2993690,Illumina MiSeq,SRP062005,0,50,0,0,16.6,NA,Uchime,0,0,Adenoma,0,1,female,172,0,0,1,paired-end,0,0,0,0,http://aem.asm.org/content/79/17/5112/suppl/DCSupplemental,FWD:GTGCCAGCMGCCGCGGTAA; REV:GGACTACHVGGGTWTCTAAT,toilet hat,http://aem.asm.org/content/79/17/5112.short,0,16S rRNA,V4,49,1,,,,,,
SRR2143882,AMPLICON,502,13970660,PRJNA290926,SAMN03939684,"MIMARKS.survey,MIGS/MIMS/MIMARKS.human-gut",9303545,UNIVERSITY OF MICHIGAN,NA,public,"run.zq,fastq,sra","ncbi,s3,gs","s3.us-east-1,ncbi.public,gs.us-east1",human stool sample,human body,gut,feces,SRX1132460,USA,North America,USA,Homo sapiens,454 GS,NA,2995660_S179_L001_R1_001.fastq.2995660,PAIRED,PCR,METAGENOMIC,human gut metagenome,metagenome,LS454,2015-08-09T00:00:00Z,2015-08-04T14:22:00Z,1,-80C,2995660,2995660,Illumina MiSeq,SRP062005,0,47,0,0,24.2,NA,Uchime,0,0,adv Adenoma,0,10,female,170,1,1,1,paired-end,0,1,0,0,http://aem.asm.org/content/79/17/5112/suppl/DCSupplemental,FWD:GTGCCAGCMGCCGCGGTAA; REV:GGACTACHVGGGTWTCTAAT,toilet hat,http://aem.asm.org/content/79/17/5112.short,1,16S rRNA,V4,70,1,,,,,,
SRR2143883,AMPLICON,502,9637898,PRJNA290926,SAMN03939685,"MIMARKS.survey,MIGS/MIMS/MIMARKS.human-gut",6387254,UNIVERSITY OF MICHIGAN,NA,public,"fastq,sra,run.zq","s3,ncbi,gs","ncbi.public,s3.us-east-1,gs.us-east1",human stool sample,human body,gut,feces,SRX1132462,USA,North America,USA,Homo sapiens,454 GS,NA,2997651_S151_L001_R1_001.fastq.2997651,PAIRED,PCR,METAGENOMIC,human gut metagenome,metagenome,LS454,2015-08-09T00:00:00Z,2015-08-04T14:22:00Z,1,-80C,2997651,2997651,Illumina MiSeq,SRP062005,0,51,0,0,32.2,NA,Uchime,1,1,Normal,0,0,male,177,0,0,0,paired-end,0,1,0,0,http://aem.asm.org/content/79/17/5112/suppl/DCSupplemental,FWD:GTGCCAGCMGCCGCGGTAA; REV:GGACTACHVGGGTWTCTAAT,toilet hat,http://aem.asm.org/content/79/17/5112.short,0,16S rRNA,V4,101,1,,,,,,
SRR2143884,AMPLICON,502,21485098,PRJNA290926,SAMN03939686,"MIMARKS.survey,MIGS/MIMS/MIMARKS.human-gut",15964971,UNIVERSITY OF MICHIGAN,NA,public,"fastq,run.zq,sra","s3,ncbi,gs","s3.us-east-1,ncbi.public,gs.us-east1",human stool sample,human body,gut,feces,SRX1132463,USA,North America,USA,Homo sapiens,454 GS,NA,2999650_S81_L001_R1_001.fastq.2999650,PAIRED,PCR,METAGENOMIC,human gut metagenome,metagenome,LS454,2015-08-09T00:00:00Z,2015-08-04T14:22:00Z,1,-80C,2999650,2999650,Illumina MiSeq,SRP062005,0,50,0,0,29.4,NA,Uchime,0,0,Adenoma,0,0,male,175,0,0,0,paired-end,0,1,0,0,http://aem.asm.org/content/79/17/5112/suppl/DCSupplemental,FWD:GTGCCAGCMGCCGCGGTAA; REV:GGACTACHVGGGTWTCTAAT,toilet hat,http://aem.asm.org/content/79/17/5112.short,1,16S rRNA,V4,90,1,,,,,,
SRR2143885,AMPLICON,502,37624398,PRJNA290926,SAMN03939687,"MIMARKS.survey,MIGS/MIMS/MIMARKS.human-gut",25254906,UNIVERSITY OF MICHIGAN,NA,public,"fastq,sra,run.zq","s3,ncbi,gs","gs.us-east1,s3.us-east-1,ncbi.public",human stool sample,human body,gut,feces,SRX1132464,USA,North America,USA,Homo sapiens,454 GS,NA,3001670_S63_L001_R1_001.fastq.3001670,PAIRED,PCR,METAGENOMIC,human gut metagenome,metagenome,LS454,2015-08-09T00:00:00Z,2015-08-04T14:22:00Z,1,-80C,3001670,3001670,Illumina MiSeq,SRP062005,0,40,0,0,29.9,4,Uchime,0,0,Cancer,0,2964,male,182,0,0,0,paired-end,0,0,0,0,http://aem.asm.org/content/79/17/5112/suppl/DCSupplemental,FWD:GTGCCAGCMGCCGCGGTAA; REV:GGACTACHVGGGTWTCTAAT,toilet hat,http://aem.asm.org/content/79/17/5112.short,0,16S rRNA,V4,99,1,,,,,,
SRR2143886,AMPLICON,502,24975504,PRJNA290926,SAMN03939688,"MIMARKS.survey,MIGS/MIMS/MIMARKS.human-gut",16868273,UNIVERSITY OF MICHIGAN,NA,public,"run.zq,fastq,sra","gs,s3,ncbi","ncbi.public,gs.us-east1,s3.us-east-1",human stool sample,human body,gut,feces,SRX1132465,USA,North America,USA,Homo sapiens,454 GS,NA,3005653_S162_L001_R1_001.fastq.3005653,PAIRED,PCR,METAGENOMIC,human gut metagenome,metagenome,LS454,2015-08-09T00:00:00Z,2015-08-04T14:22:00Z,1,-80C,3005653,3005653,Illumina MiSeq,SRP062005,0,40,0,0,34.5,1,Uchime,0,0,Cancer,1,204,male,172,0,0,1,paired-end,0,0,0,0,http://aem.asm.org/content/79/17/5112/suppl/DCSupplemental,FWD:GTGCCAGCMGCCGCGGTAA; REV:GGACTACHVGGGTWTCTAAT,toilet hat,http://aem.asm.org/content/79/17/5112.short,0,16S rRNA,V4,102,1,,,,,,
SRR2143888,AMPLICON,502,9864300,PRJNA290926,SAMN03939689,"MIMARKS.survey,MIGS/MIMS/MIMARKS.human-gut",7290096,UNIVERSITY OF MICHIGAN,NA,public,"fastq,sra,run.zq","s3,gs,ncbi","gs.us-east1,s3.us-east-1,ncbi.public",human stool sample,human body,gut,feces,SRX1132467,USA,North America,USA,Homo sapiens,454 GS,NA,3009670_S162_L001_R1_001.fastq.3009670,PAIRED,PCR,METAGENOMIC,human gut metagenome,metagenome,LS454,2015-08-09T00:00:00Z,2015-08-04T14:24:00Z,1,-80C,3009670,3009670,Illumina MiSeq,SRP062005,0,51,0,0,26.5,NA,Uchime,0,0,Normal,0,0,male,177,0,0,0,paired-end,0,1,0,0,http://aem.asm.org/content/79/17/5112/suppl/DCSupplemental,FWD:GTGCCAGCMGCCGCGGTAA; REV:GGACTACHVGGGTWTCTAAT,toilet hat,http://aem.asm.org/content/79/17/5112.short,1,16S rRNA,V4,83,1,,,,,,
SRR2143889,AMPLICON,502,97194730,PRJNA290926,SAMN03939689,"MIMARKS.survey,MIGS/MIMS/MIMARKS.human-gut",60677044,UNIVERSITY OF MICHIGAN,NA,public,"run.zq,sra,fastq","ncbi,s3,gs","s3.us-east-1,ncbi.public,gs.us-east1",human stool sample,human body,gut,feces,SRX1132468,USA,North America,USA,Homo sapiens,454 GS,NA,3009670_S93_L001_R1_001.fastq.3009670,PAIRED,PCR,METAGENOMIC,human gut metagenome,metagenome,LS454,2015-08-09T00:00:00Z,2015-08-04T14:25:00Z,1,-80C,3009670,3009670,Illumina MiSeq,SRP062005,0,51,0,0,26.5,NA,Uchime,0,0,Normal,0,0,male,177,0,0,0,paired-end,0,1,0,0,http://aem.asm.org/content/79/17/5112/suppl/DCSupplemental,FWD:GTGCCAGCMGCCGCGGTAA; REV:GGACTACHVGGGTWTCTAAT,toilet hat,http://aem.asm.org/content/79/17/5112.short,1,16S rRNA,V4,83,1,,,,,,
SRR2143890,AMPLICON,502,21110104,PRJNA290926,SAMN03939690,"MIMARKS.survey,MIGS/MIMS/MIMARKS.human-gut",13803451,UNIVERSITY OF MICHIGAN,NA,public,"sra,fastq,run.zq","ncbi,s3,gs","ncbi.public,s3.us-east-1,gs.us-east1",human stool sample,human body,gut,feces,SRX1132469,USA,North America,USA,Homo sapiens,454 GS,NA,3011651_S9_L001_R1_001.fastq.3011651,PAIRED,PCR,METAGENOMIC,human gut metagenome,metagenome,LS454,2015-08-09T00:00:00Z,2015-08-04T14:25:00Z,1,-80C,3011651,3011651,Illumina MiSeq,SRP062005,0,46,0,0,29.4,1,Uchime,0,0,Cancer,0,422,female,152,0,1,1,paired-end,0,0,0,0,http://aem.asm.org/content/79/17/5112/suppl/DCSupplemental,FWD:GTGCCAGCMGCCGCGGTAA; REV:GGACTACHVGGGTWTCTAAT,toilet hat,http://aem.asm.org/content/79/17/5112.short,1,16S rRNA,V4,68,1,,,,,,
SRR2143891,AMPLICON,502,25400196,PRJNA290926,SAMN03939691,"MIMARKS.survey,MIGS/MIMS/MIMARKS.human-gut",16418556,UNIVERSITY OF MICHIGAN,NA,public,"fastq,run.zq,sra","s3,ncbi,gs","ncbi.public,s3.us-east-1,gs.us-east1",human stool sample,human body,gut,feces,SRX1132470,USA,North America,USA,Homo sapiens,454 GS,NA,3013653_S15_L001_R1_001.fastq.3013653,PAIRED,PCR,METAGENOMIC,human gut metagenome,metagenome,LS454,2015-08-09T00:00:00Z,2015-08-04T14:25:00Z,1,-80C,3013653,3013653,Illumina MiSeq,SRP062005,0,50,0,0,19.6,NA,Uchime,0,0,Normal,0,0,female,172,0,0,0,paired-end,0,1,0,0,http://aem.asm.org/content/79/17/5112/suppl/DCSupplemental,FWD:GTGCCAGCMGCCGCGGTAA; REV:GGACTACHVGGGTWTCTAAT,toilet hat,http://aem.asm.org/content/79/17/5112.short,0,16S rRNA,V4,58,1,,,,,,
SRR2143892,AMPLICON,502,18402818,PRJNA290926,SAMN03939692,"MIMARKS.survey,MIGS/MIMS/MIMARKS.human-gut",13653815,UNIVERSITY OF MICHIGAN,NA,public,"run.zq,fastq,sra","s3,gs,ncbi","ncbi.public,gs.us-east1,s3.us-east-1",human stool sample,human body,gut,feces,SRX1132471,USA,North America,USA,Homo sapiens,454 GS,NA,3015650_S31_L001_R1_001.fastq.3015650,PAIRED,PCR,METAGENOMIC,human gut metagenome,metagenome,LS454,2015-08-09T00:00:00Z,2015-08-04T14:25:00Z,1,-80C,3015650,3015650,Illumina MiSeq,SRP062005,0,36,0,1,22.4,NA,Uchime,1,1,adv Adenoma,0,0,female,165,0,1,0,paired-end,0,0,0,0,http://aem.asm.org/content/79/17/5112/suppl/DCSupplemental,FWD:GTGCCAGCMGCCGCGGTAA; REV:GGACTACHVGGGTWTCTAAT,toilet hat,http://aem.asm.org/content/79/17/5112.short,0,16S rRNA,V4,61,0,,,,,,
SRR2143893,AMPLICON,502,9837192,PRJNA290926,SAMN03939693,"MIMARKS.survey,MIGS/MIMS/MIMARKS.human-gut",6455649,UNIVERSITY OF MICHIGAN,NA,public,"run.zq,sra,fastq","gs,s3,ncbi","ncbi.public,s3.us-east-1,gs.us-east1",human stool sample,human body,gut,feces,SRX1132473,USA,North America,USA,Homo sapiens,454 GS,NA,3021690_S180_L001_R1_001.fastq.3021690,PAIRED,PCR,METAGENOMIC,human gut metagenome,metagenome,LS454,2015-08-09T00:00:00Z,2015-08-04T14:24:00Z,1,-80C,3021690,3021690,Illumina MiSeq,SRP062005,0,54,0,0,31.6,NA,Uchime,0,0,Normal,0,12,male,177,0,0,0,paired-end,0,1,0,0,http://aem.asm.org/content/79/17/5112/suppl/DCSupplemental,FWD:GTGCCAGCMGCCGCGGTAA; REV:GGACTACHVGGGTWTCTAAT,toilet hat,http://aem.asm.org/content/79/17/5112.short,0,16S rRNA,V4,99,1,,,,,,
SRR2143894,AMPLICON,502,14679986,PRJNA290926,SAMN03939694,"MIMARKS.survey,MIGS/MIMS/MIMARKS.human-gut",9607717,UNIVERSITY OF MICHIGAN,NA,public,"sra,fastq,run.zq","ncbi,s3,gs","ncbi.public,gs.us-east1,s3.us-east-1",human stool sample,human body,gut,feces,SRX1132474,USA,North America,USA,Homo sapiens,454 GS,NA,3023652_S184_L001_R1_001.fastq.3023652,PAIRED,PCR,METAGENOMIC,human gut metagenome,metagenome,LS454,2015-08-09T00:00:00Z,2015-08-04T14:25:00Z,1,-80C,3023652,3023652,Illumina MiSeq,SRP062005,0,44,0,0,26,NA,Uchime,0,0,Normal,0,0,female,152,0,0,0,paired-end,0,1,0,0,http://aem.asm.org/content/79/17/5112/suppl/DCSupplemental,FWD:GTGCCAGCMGCCGCGGTAA; REV:GGACTACHVGGGTWTCTAAT,toilet hat,http://aem.asm.org/content/79/17/5112.short,1,16S rRNA,V4,60,1,,,,,,
SRR2143895,AMPLICON,502,24114072,PRJNA290926,SAMN03939695,"MIMARKS.survey,MIGS/MIMS/MIMARKS.human-gut",17883033,UNIVERSITY OF MICHIGAN,NA,public,"fastq,sra,run.zq","gs,ncbi,s3","gs.us-east1,s3.us-east-1,ncbi.public",human stool sample,human body,gut,feces,SRX1132475,USA,North America,USA,Homo sapiens,454 GS,NA,3025650_S89_L001_R1_001.fastq.3025650,PAIRED,PCR,METAGENOMIC,human gut metagenome,metagenome,LS454,2015-08-09T00:00:00Z,2015-08-04T14:23:00Z,1,-80C,3025650,3025650,Illumina MiSeq,SRP062005,0,40,0,0,24.7,NA,Uchime,0,0,Normal,0,0,male,166,0,0,0,paired-end,0,0,0,0,http://aem.asm.org/content/79/17/5112/suppl/DCSupplemental,FWD:GTGCCAGCMGCCGCGGTAA; REV:GGACTACHVGGGTWTCTAAT,toilet hat,http://aem.asm.org/content/79/17/5112.short,0,16S rRNA,V4,68,1,,,,,,
SRR2143896,AMPLICON,502,14854682,PRJNA290926,SAMN03939696,"MIMARKS.survey,MIGS/MIMS/MIMARKS.human-gut",9907121,UNIVERSITY OF MICHIGAN,NA,public,"sra,run.zq,fastq","s3,gs,ncbi","ncbi.public,gs.us-east1,s3.us-east-1",human stool sample,human body,gut,feces,SRX1132476,USA,North America,USA,Homo sapiens,454 GS,NA,3031650_S42_L001_R1_001.fastq.3031650,PAIRED,PCR,METAGENOMIC,human gut metagenome,metagenome,LS454,2015-08-09T00:00:00Z,2015-08-04T14:23:00Z,1,-80C,3031650,3031650,Illumina MiSeq,SRP062005,0,86,0,0,27.6,NA,Uchime,0,0,adv Adenoma,0,251,female,167,0,1,1,paired-end,0,1,0,0,http://aem.asm.org/content/79/17/5112/suppl/DCSupplemental,FWD:GTGCCAGCMGCCGCGGTAA; REV:GGACTACHVGGGTWTCTAAT,toilet hat,http://aem.asm.org/content/79/17/5112.short,1,16S rRNA,V4,77,1,,,,,,
SRR2143897,AMPLICON,502,54651736,PRJNA290926,SAMN03939697,"MIMARKS.survey,MIGS/MIMS/MIMARKS.human-gut",36919286,UNIVERSITY OF MICHIGAN,NA,public,"fastq,run.zq,sra","s3,ncbi,gs","s3.us-east-1,gs.us-east1,ncbi.public",human stool sample,human body,gut,feces,SRX1132477,USA,North America,USA,Homo sapiens,454 GS,NA,3033660_S71_L001_R1_001.fastq.3033660,PAIRED,PCR,METAGENOMIC,human gut metagenome,metagenome,LS454,2015-08-09T00:00:00Z,2015-08-04T14:25:00Z,1,-80C,3033660,3033660,Illumina MiSeq,SRP062005,0,75,0,0,49.3,2,Uchime,1,1,Cancer,0,0,female,156,0,1,1,paired-end,0,0,0,0,http://aem.asm.org/content/79/17/5112/suppl/DCSupplemental,FWD:GTGCCAGCMGCCGCGGTAA; REV:GGACTACHVGGGTWTCTAAT,toilet hat,http://aem.asm.org/content/79/17/5112.short,1,16S rRNA,V4,120,1,,,,,,
SRR2143898,AMPLICON,502,30862458,PRJNA290926,SAMN03939698,"MIMARKS.survey,MIGS/MIMS/MIMARKS.human-gut",20693454,UNIVERSITY OF MICHIGAN,NA,public,"fastq,run.zq,sra","s3,ncbi,gs","s3.us-east-1,gs.us-east1,ncbi.public",human stool sample,human body,gut,feces,SRX1132479,USA,North America,USA,Homo sapiens,454 GS,NA,3043652_S167_L001_R1_001.fastq.3043652,PAIRED,PCR,METAGENOMIC,human gut metagenome,metagenome,LS454,2015-08-09T00:00:00Z,2015-08-04T14:24:00Z,1,-80C,3043652,3043652,Illumina MiSeq,SRP062005,0,52,1,0,20.6,NA,Uchime,0,0,Normal,0,0,female,165,0,0,0,paired-end,0,0,0,0,http://aem.asm.org/content/79/17/5112/suppl/DCSupplemental,FWD:GTGCCAGCMGCCGCGGTAA; REV:GGACTACHVGGGTWTCTAAT,toilet hat,http://aem.asm.org/content/79/17/5112.short,0,16S rRNA,V4,56,0,,,,,,
SRR2143899,AMPLICON,502,20747158,PRJNA290926,SAMN03939699,"MIMARKS.survey,MIGS/MIMS/MIMARKS.human-gut",13305130,UNIVERSITY OF MICHIGAN,NA,public,"sra,run.zq,fastq","gs,s3,ncbi","ncbi.public,s3.us-east-1,gs.us-east1",human stool sample,human body,gut,feces,SRX1132480,USA,North America,USA,Homo sapiens,454 GS,NA,3047652_S23_L001_R1_001.fastq.3047652,PAIRED,PCR,METAGENOMIC,human gut metagenome,metagenome,LS454,2015-08-09T00:00:00Z,2015-08-04T14:24:00Z,1,-80C,3047652,3047652,Illumina MiSeq,SRP062005,0,49,0,0,20.2,NA,Uchime,0,0,Normal,0,0,female,162,0,0,0,paired-end,0,1,0,0,http://aem.asm.org/content/79/17/5112/suppl/DCSupplemental,FWD:GTGCCAGCMGCCGCGGTAA; REV:GGACTACHVGGGTWTCTAAT,toilet hat,http://aem.asm.org/content/79/17/5112.short,0,16S rRNA,V4,53,1,,,,,,
SRR2143900,AMPLICON,502,26710918,PRJNA290926,SAMN03939700,"MIMARKS.survey,MIGS/MIMS/MIMARKS.human-gut",17737816,UNIVERSITY OF MICHIGAN,NA,public,"run.zq,sra,fastq","s3,gs,ncbi","s3.us-east-1,ncbi.public,gs.us-east1",human stool sample,human body,gut,feces,SRX1132481,USA,North America,USA,Homo sapiens,454 GS,NA,3049660_S79_L001_R1_001.fastq.3049660,PAIRED,PCR,METAGENOMIC,human gut metagenome,metagenome,LS454,2015-08-09T00:00:00Z,2015-08-04T14:24:00Z,1,-80C,3049660,3049660,Illumina MiSeq,SRP062005,0,51,0,0,28.4,NA,Uchime,0,0,Normal,0,0,female,177,1,0,0,paired-end,0,0,0,0,http://aem.asm.org/content/79/17/5112/suppl/DCSupplemental,FWD:GTGCCAGCMGCCGCGGTAA; REV:GGACTACHVGGGTWTCTAAT,toilet hat,http://aem.asm.org/content/79/17/5112.short,0,16S rRNA,V4,89,1,,,,,,
SRR2143901,AMPLICON,502,10328650,PRJNA290926,SAMN03939701,"MIMARKS.survey,MIGS/MIMS/MIMARKS.human-gut",7669912,UNIVERSITY OF MICHIGAN,NA,public,"run.zq,sra,fastq","ncbi,gs,s3","gs.us-east1,s3.us-east-1,ncbi.public",human stool sample,human body,gut,feces,SRX1132482,USA,North America,USA,Homo sapiens,454 GS,NA,3051650_S100_L001_R1_001.fastq.3051650,PAIRED,PCR,METAGENOMIC,human gut metagenome,metagenome,LS454,2015-08-09T00:00:00Z,2015-08-04T14:24:00Z,1,-80C,3051650,3051650,Illumina MiSeq,SRP062005,0,59,0,1,26.2,NA,Uchime,0,0,Normal,0,0,female,168,0,0,0,paired-end,0,0,0,0,http://aem.asm.org/content/79/17/5112/suppl/DCSupplemental,FWD:GTGCCAGCMGCCGCGGTAA; REV:GGACTACHVGGGTWTCTAAT,toilet hat,http://aem.asm.org/content/79/17/5112.short,1,16S rRNA,V4,74,0,,,,,,
SRR2143902,AMPLICON,502,46769834,PRJNA290926,SAMN03939701,"MIGS/MIMS/MIMARKS.human-gut,MIMARKS.survey",29658918,UNIVERSITY OF MICHIGAN,NA,public,"fastq,sra,run.zq","gs,ncbi,s3","s3.us-east-1,gs.us-east1,ncbi.public",human stool sample,human body,gut,feces,SRX1132483,USA,North America,USA,Homo sapiens,454 GS,NA,3051650_S89_L001_R1_001.fastq.3051650,PAIRED,PCR,METAGENOMIC,human gut metagenome,metagenome,LS454,2015-08-09T00:00:00Z,2015-08-04T14:25:00Z,1,-80C,3051650,3051650,Illumina MiSeq,SRP062005,0,59,0,1,26.2,NA,Uchime,0,0,Normal,0,0,female,168,0,0,0,paired-end,0,0,0,0,http://aem.asm.org/content/79/17/5112/suppl/DCSupplemental,FWD:GTGCCAGCMGCCGCGGTAA; REV:GGACTACHVGGGTWTCTAAT,toilet hat,http://aem.asm.org/content/79/17/5112.short,1,16S rRNA,V4,74,0,,,,,,
SRR2143903,AMPLICON,502,23504644,PRJNA290926,SAMN03939702,"MIMARKS.survey,MIGS/MIMS/MIMARKS.human-gut",15109799,UNIVERSITY OF MICHIGAN,NA,public,"sra,fastq,run.zq","s3,ncbi,gs","gs.us-east1,s3.us-east-1,ncbi.public",human stool sample,human body,gut,feces,SRX1132485,USA,North America,USA,Homo sapiens,454 GS,NA,3053650_S55_L001_R1_001.fastq.3053650,PAIRED,PCR,METAGENOMIC,human gut metagenome,metagenome,LS454,2015-08-09T00:00:00Z,2015-08-04T14:24:00Z,1,-80C,3053650,3053650,Illumina MiSeq,SRP062005,0,50,0,0,33.9,NA,Uchime,0,0,Normal,0,0,female,170,0,0,0,paired-end,0,0,0,0,http://aem.asm.org/content/79/17/5112/suppl/DCSupplemental,FWD:GTGCCAGCMGCCGCGGTAA; REV:GGACTACHVGGGTWTCTAAT,toilet hat,http://aem.asm.org/content/79/17/5112.short,1,16S rRNA,V4,98,1,,,,,,
SRR2143904,AMPLICON,502,5596296,PRJNA290926,SAMN03939703,"MIMARKS.survey,MIGS/MIMS/MIMARKS.human-gut",4208686,UNIVERSITY OF MICHIGAN,NA,public,"fastq,sra,run.zq","s3,ncbi,gs","gs.us-east1,ncbi.public,s3.us-east-1",human stool sample,human body,gut,feces,SRX1132486,USA,North America,USA,Homo sapiens,454 GS,NA,3061660_S171_L001_R1_001.fastq.3061660,PAIRED,PCR,METAGENOMIC,human gut metagenome,metagenome,LS454,2015-08-09T00:00:00Z,2015-08-04T14:24:00Z,1,-80C,3061660,3061660,Illumina MiSeq,SRP062005,0,75,1,0,25.3,NA,Uchime,0,0,Normal,0,0,male,170,0,0,0,paired-end,0,0,0,0,http://aem.asm.org/content/79/17/5112/suppl/DCSupplemental,FWD:GTGCCAGCMGCCGCGGTAA; REV:GGACTACHVGGGTWTCTAAT,toilet hat,http://aem.asm.org/content/79/17/5112.short,0,16S rRNA,V4,73,0,,,,,,
SRR2143905,AMPLICON,502,72326654,PRJNA290926,SAMN03939703,"MIMARKS.survey,MIGS/MIMS/MIMARKS.human-gut",45797019,UNIVERSITY OF MICHIGAN,NA,public,"sra,run.zq,fastq","ncbi,gs,s3","ncbi.public,s3.us-east-1,gs.us-east1",human stool sample,human body,gut,feces,SRX1132488,USA,North America,USA,Homo sapiens,454 GS,NA,3061660_S81_L001_R1_001.fastq.3061660,PAIRED,PCR,METAGENOMIC,human gut metagenome,metagenome,LS454,2015-08-09T00:00:00Z,2015-08-04T14:25:00Z,1,-80C,3061660,3061660,Illumina MiSeq,SRP062005,0,75,1,0,25.3,NA,Uchime,0,0,Normal,0,0,male,170,0,0,0,paired-end,0,0,0,0,http://aem.asm.org/content/79/17/5112/suppl/DCSupplemental,FWD:GTGCCAGCMGCCGCGGTAA; REV:GGACTACHVGGGTWTCTAAT,toilet hat,http://aem.asm.org/content/79/17/5112.short,0,16S rRNA,V4,73,0,,,,,,
SRR2143906,AMPLICON,502,22194926,PRJNA290926,SAMN03939704,"MIMARKS.survey,MIGS/MIMS/MIMARKS.human-gut",14475382,UNIVERSITY OF MICHIGAN,NA,public,"fastq,sra,run.zq","gs,s3,ncbi","s3.us-east-1,ncbi.public,gs.us-east1",human stool sample,human body,gut,feces,SRX1132489,USA,North America,USA,Homo sapiens,454 GS,NA,3063660_S73_L001_R1_001.fastq.3063660,PAIRED,PCR,METAGENOMIC,human gut metagenome,metagenome,LS454,2015-08-09T00:00:00Z,2015-08-04T14:24:00Z,1,-80C,3063660,3063660,Illumina MiSeq,SRP062005,0,52,1,0,24.8,NA,Uchime,0,0,Normal,0,0,male,162,1,0,0,paired-end,0,0,0,0,http://aem.asm.org/content/79/17/5112/suppl/DCSupplemental,FWD:GTGCCAGCMGCCGCGGTAA; REV:GGACTACHVGGGTWTCTAAT,toilet hat,http://aem.asm.org/content/79/17/5112.short,0,16S rRNA,V4,65,0,,,,,,
SRR2143907,AMPLICON,502,23086478,PRJNA290926,SAMN03939705,"MIMARKS.survey,MIGS/MIMS/MIMARKS.human-gut",15524606,UNIVERSITY OF MICHIGAN,NA,public,"fastq,run.zq,sra","ncbi,gs,s3","gs.us-east1,s3.us-east-1,ncbi.public",human stool sample,human body,gut,feces,SRX1132490,USA,North America,USA,Homo sapiens,454 GS,NA,3065652_S158_L001_R1_001.fastq.3065652,PAIRED,PCR,METAGENOMIC,human gut metagenome,metagenome,LS454,2015-08-09T00:00:00Z,2015-08-04T14:26:00Z,1,-80C,3065652,3065652,Illumina MiSeq,SRP062005,0,60,0,1,35.1,1,Uchime,0,0,Cancer,0,770,male,167,0,0,1,paired-end,0,1,0,0,http://aem.asm.org/content/79/17/5112/suppl/DCSupplemental,FWD:GTGCCAGCMGCCGCGGTAA; REV:GGACTACHVGGGTWTCTAAT,toilet hat,http://aem.asm.org/content/79/17/5112.short,1,16S rRNA,V4,98,0,,,,,,
SRR2143908,AMPLICON,502,23481552,PRJNA290926,SAMN03939706,"MIMARKS.survey,MIGS/MIMS/MIMARKS.human-gut",15748869,UNIVERSITY OF MICHIGAN,NA,public,"run.zq,sra,fastq","s3,gs,ncbi","ncbi.public,gs.us-east1,s3.us-east-1",human stool sample,human body,gut,feces,SRX1132491,USA,North America,USA,Homo sapiens,454 GS,NA,3069660_S78_L001_R1_001.fastq.3069660,PAIRED,PCR,METAGENOMIC,human gut metagenome,metagenome,LS454,2015-08-09T00:00:00Z,2015-08-04T14:25:00Z,1,-80C,3069660,3069660,Illumina MiSeq,SRP062005,0,72,0,0,20.2,NA,Uchime,0,0,Normal,0,30,female,165,0,1,0,paired-end,0,1,0,0,http://aem.asm.org/content/79/17/5112/suppl/DCSupplemental,FWD:GTGCCAGCMGCCGCGGTAA; REV:GGACTACHVGGGTWTCTAAT,toilet hat,http://aem.asm.org/content/79/17/5112.short,1,16S rRNA,V4,55,1,,,,,,
SRR2143909,AMPLICON,502,15565012,PRJNA290926,SAMN03939707,"MIMARKS.survey,MIGS/MIMS/MIMARKS.human-gut",10150251,UNIVERSITY OF MICHIGAN,NA,public,"fastq,run.zq,sra","s3,ncbi,gs","gs.us-east1,ncbi.public,s3.us-east-1",human stool sample,human body,gut,feces,SRX1132492,USA,North America,USA,Homo sapiens,454 GS,NA,3073680_S95_L001_R1_001.fastq.3073680,PAIRED,PCR,METAGENOMIC,human gut metagenome,metagenome,LS454,2015-08-09T00:00:00Z,2015-08-04T14:25:00Z,1,-80C,3073680,3073680,Illumina MiSeq,SRP062005,0,55,0,0,25.9,NA,Uchime,0,0,Normal,0,5,female,177,0,0,0,paired-end,0,0,0,0,http://aem.asm.org/content/79/17/5112/suppl/DCSupplemental,FWD:GTGCCAGCMGCCGCGGTAA; REV:GGACTACHVGGGTWTCTAAT,toilet hat,http://aem.asm.org/content/79/17/5112.short,1,16S rRNA,V4,81,1,,,,,,
SRR2143910,AMPLICON,502,37640964,PRJNA290926,SAMN03939708,"MIMARKS.survey,MIGS/MIMS/MIMARKS.human-gut",25373832,UNIVERSITY OF MICHIGAN,NA,public,"sra,fastq,run.zq","ncbi,gs,s3","s3.us-east-1,gs.us-east1,ncbi.public",human stool sample,human body,gut,feces,SRX1132494,USA,North America,USA,Homo sapiens,454 GS,NA,3075653_S131_L001_R1_001.fastq.3075653,PAIRED,PCR,METAGENOMIC,human gut metagenome,metagenome,LS454,2015-08-09T00:00:00Z,2015-08-04T14:26:00Z,1,-80C,3075653,3075653,Illumina MiSeq,SRP062005,0,35,0,0,35.5,NA,Uchime,0,0,Normal,0,0,female,167,1,0,0,paired-end,0,0,0,0,http://aem.asm.org/content/79/17/5112/suppl/DCSupplemental,FWD:GTGCCAGCMGCCGCGGTAA; REV:GGACTACHVGGGTWTCTAAT,toilet hat,http://aem.asm.org/content/79/17/5112.short,0,16S rRNA,V4,99,1,,,,,,
SRR2143911,AMPLICON,502,37270488,PRJNA290926,SAMN03939709,"MIMARKS.survey,MIGS/MIMS/MIMARKS.human-gut",24979924,UNIVERSITY OF MICHIGAN,NA,public,"sra,fastq,run.zq","gs,ncbi,s3","s3.us-east-1,gs.us-east1,ncbi.public",human stool sample,human body,gut,feces,SRX1132495,USA,North America,USA,Homo sapiens,454 GS,NA,3081660_S75_L001_R1_001.fastq.3081660,PAIRED,PCR,METAGENOMIC,human gut metagenome,metagenome,LS454,2015-08-09T00:00:00Z,2015-08-04T14:26:00Z,1,-80C,3081660,3081660,Illumina MiSeq,SRP062005,0,53,0,0,28.3,1,Uchime,0,0,Cancer,0,203,male,190,0,1,1,paired-end,0,0,0,0,http://aem.asm.org/content/79/17/5112/suppl/DCSupplemental,FWD:GTGCCAGCMGCCGCGGTAA; REV:GGACTACHVGGGTWTCTAAT,toilet hat,http://aem.asm.org/content/79/17/5112.short,1,16S rRNA,V4,102,1,,,,,,
SRR2143912,AMPLICON,502,14807996,PRJNA290926,SAMN03939710,"MIMARKS.survey,MIGS/MIMS/MIMARKS.human-gut",9841051,UNIVERSITY OF MICHIGAN,NA,public,"run.zq,sra,fastq","ncbi,gs,s3","ncbi.public,gs.us-east1,s3.us-east-1",human stool sample,human body,gut,feces,SRX1132496,USA,North America,USA,Homo sapiens,454 GS,NA,3085650_S173_L001_R1_001.fastq.3085650,PAIRED,PCR,METAGENOMIC,human gut metagenome,metagenome,LS454,2015-08-09T00:00:00Z,2015-08-04T14:25:00Z,1,-80C,3085650,3085650,Illumina MiSeq,SRP062005,0,57,0,0,20.5,NA,Uchime,0,0,High Risk Normal,0,0,female,182,1,1,1,paired-end,0,0,0,0,http://aem.asm.org/content/79/17/5112/suppl/DCSupplemental,FWD:GTGCCAGCMGCCGCGGTAA; REV:GGACTACHVGGGTWTCTAAT,toilet hat,http://aem.asm.org/content/79/17/5112.short,1,16S rRNA,V4,68,1,,,,,,
SRR2143922,AMPLICON,502,38368864,PRJNA290926,SAMN03939711,"MIMARKS.survey,MIGS/MIMS/MIMARKS.human-gut",24161940,UNIVERSITY OF MICHIGAN,NA,public,"run.zq,fastq,sra","ncbi,s3,gs","gs.us-east1,ncbi.public,s3.us-east-1",human stool sample,human body,gut,feces,SRX1132506,USA,North America,USA,Homo sapiens,454 GS,NA,3087661_S16_L001_R1_001.fastq.3087661,PAIRED,PCR,METAGENOMIC,human gut metagenome,metagenome,LS454,2015-08-09T00:00:00Z,2015-08-04T14:25:00Z,1,-80C,3087661,3087661,Illumina MiSeq,SRP062005,0,51,0,0,25.1,NA,Uchime,0,0,Normal,0,1,male,167,0,0,0,paired-end,0,1,0,0,http://aem.asm.org/content/79/17/5112/suppl/DCSupplemental,FWD:GTGCCAGCMGCCGCGGTAA; REV:GGACTACHVGGGTWTCTAAT,toilet hat,http://aem.asm.org/content/79/17/5112.short,1,16S rRNA,V4,70,1,,,,,,
SRR2143924,AMPLICON,502,19076502,PRJNA290926,SAMN03939712,"MIMARKS.survey,MIGS/MIMS/MIMARKS.human-gut",14125708,UNIVERSITY OF MICHIGAN,NA,public,"sra,fastq,run.zq","ncbi,gs,s3","s3.us-east-1,gs.us-east1,ncbi.public",human stool sample,human body,gut,feces,SRX1132507,USA,North America,USA,Homo sapiens,454 GS,NA,3089650_S86_L001_R1_001.fastq.3089650,PAIRED,PCR,METAGENOMIC,human gut metagenome,metagenome,LS454,2015-08-09T00:00:00Z,2015-08-04T14:26:00Z,1,-80C,3089650,3089650,Illumina MiSeq,SRP062005,0,62,0,0,25.3,NA,Uchime,0,1,Normal,0,10,female,154,0,0,1,paired-end,0,1,0,0,http://aem.asm.org/content/79/17/5112/suppl/DCSupplemental,FWD:GTGCCAGCMGCCGCGGTAA; REV:GGACTACHVGGGTWTCTAAT,toilet hat,http://aem.asm.org/content/79/17/5112.short,1,16S rRNA,V4,60,1,,,,,,
SRR2143925,AMPLICON,502,23180352,PRJNA290926,SAMN03939713,"MIMARKS.survey,MIGS/MIMS/MIMARKS.human-gut",15097941,UNIVERSITY OF MICHIGAN,NA,public,"sra,run.zq,fastq","gs,s3,ncbi","gs.us-east1,s3.us-east-1,ncbi.public",human stool sample,human body,gut,feces,SRX1132508,USA,North America,USA,Homo sapiens,454 GS,NA,3091650_S41_L001_R1_001.fastq.3091650,PAIRED,PCR,METAGENOMIC,human gut metagenome,metagenome,LS454,2015-08-09T00:00:00Z,2015-08-04T14:38:00Z,1,-80C,3091650,3091650,Illumina MiSeq,SRP062005,0,57,0,0,32.5,NA,Uchime,0,0,Normal,0,5,male,170,0,0,0,paired-end,0,1,0,0,http://aem.asm.org/content/79/17/5112/suppl/DCSupplemental,FWD:GTGCCAGCMGCCGCGGTAA; REV:GGACTACHVGGGTWTCTAAT,toilet hat,http://aem.asm.org/content/79/17/5112.short,0,16S rRNA,V4,94,1,,,,,,
SRR2143926,AMPLICON,502,54610070,PRJNA290926,SAMN03939714,"MIMARKS.survey,MIGS/MIMS/MIMARKS.human-gut",36425566,UNIVERSITY OF MICHIGAN,NA,public,"sra,run.zq,fastq","gs,ncbi,s3","gs.us-east1,s3.us-east-1,ncbi.public",human stool sample,human body,gut,feces,SRX1132510,USA,North America,USA,Homo sapiens,454 GS,NA,3095670_S14_L001_R1_001.fastq.3095670,PAIRED,PCR,METAGENOMIC,human gut metagenome,metagenome,LS454,2015-08-09T00:00:00Z,2015-08-04T14:27:00Z,1,-80C,3095670,3095670,Illumina MiSeq,SRP062005,0,85,0,0,25.4,3,Uchime,0,0,Cancer,0,1596,female,160,0,1,1,paired-end,0,1,0,0,http://aem.asm.org/content/79/17/5112/suppl/DCSupplemental,FWD:GTGCCAGCMGCCGCGGTAA; REV:GGACTACHVGGGTWTCTAAT,toilet hat,http://aem.asm.org/content/79/17/5112.short,1,16S rRNA,V4,65,1,,,,,,
SRR2143927,AMPLICON,502,11271908,PRJNA290926,SAMN03939715,"MIMARKS.survey,MIGS/MIMS/MIMARKS.human-gut",7275449,UNIVERSITY OF MICHIGAN,NA,public,"sra,fastq,run.zq","s3,gs,ncbi","s3.us-east-1,gs.us-east1,ncbi.public",human stool sample,human body,gut,feces,SRX1132511,USA,North America,USA,Homo sapiens,454 GS,NA,3099680_S145_L001_R1_001.fastq.3099680,PAIRED,PCR,METAGENOMIC,human gut metagenome,metagenome,LS454,2015-08-09T00:00:00Z,2015-08-04T14:27:00Z,1,-80C,3099680,3099680,Illumina MiSeq,SRP062005,0,45,0,0,21.2,NA,Uchime,0,0,High Risk Normal,0,356,female,167,1,1,1,paired-end,0,0,0,0,http://aem.asm.org/content/79/17/5112/suppl/DCSupplemental,FWD:GTGCCAGCMGCCGCGGTAA; REV:GGACTACHVGGGTWTCTAAT,toilet hat,http://aem.asm.org/content/79/17/5112.short,0,16S rRNA,V4,59,1,,,,,,
SRR2143928,AMPLICON,502,14772856,PRJNA290926,SAMN03939716,"MIMARKS.survey,MIGS/MIMS/MIMARKS.human-gut",9680340,UNIVERSITY OF MICHIGAN,NA,public,"run.zq,sra,fastq","s3,ncbi,gs","gs.us-east1,s3.us-east-1,ncbi.public",human stool sample,human body,gut,feces,SRX1132512,USA,North America,USA,Homo sapiens,454 GS,NA,3101650_S94_L001_R1_001.fastq.3101650,PAIRED,PCR,METAGENOMIC,human gut metagenome,metagenome,LS454,2015-08-09T00:00:00Z,2015-08-04T14:28:00Z,1,-80C,3101650,3101650,Illumina MiSeq,SRP062005,0,61,0,0,25,NA,Uchime,0,0,Normal,0,0,female,165,0,0,1,paired-end,0,0,0,0,http://aem.asm.org/content/79/17/5112/suppl/DCSupplemental,FWD:GTGCCAGCMGCCGCGGTAA; REV:GGACTACHVGGGTWTCTAAT,toilet hat,http://aem.asm.org/content/79/17/5112.short,1,16S rRNA,V4,68,1,,,,,,
SRR2143929,AMPLICON,502,48296416,PRJNA290926,SAMN03939717,"MIMARKS.survey,MIGS/MIMS/MIMARKS.human-gut",32061700,UNIVERSITY OF MICHIGAN,NA,public,"fastq,run.zq,sra","gs,s3,ncbi","ncbi.public,gs.us-east1,s3.us-east-1",human stool sample,human body,gut,feces,SRX1132513,USA,North America,USA,Homo sapiens,454 GS,NA,3103670_S60_L001_R1_001.fastq.3103670,PAIRED,PCR,METAGENOMIC,human gut metagenome,metagenome,LS454,2015-08-09T00:00:00Z,2015-08-04T14:27:00Z,1,-80C,3103670,3103670,Illumina MiSeq,SRP062005,0,60,0,0,27.4,NA,Uchime,0,0,adv Adenoma,0,10,female,162,1,0,0,paired-end,0,0,0,0,http://aem.asm.org/content/79/17/5112/suppl/DCSupplemental,FWD:GTGCCAGCMGCCGCGGTAA; REV:GGACTACHVGGGTWTCTAAT,toilet hat,http://aem.asm.org/content/79/17/5112.short,0,16S rRNA,V4,72,1,,,,,,
SRR2143930,AMPLICON,502,47393318,PRJNA290926,SAMN03939718,"MIMARKS.survey,MIGS/MIMS/MIMARKS.human-gut",31875455,UNIVERSITY OF MICHIGAN,NA,public,"sra,run.zq","s3,gs,ncbi","gs.us-east1,ncbi.public,s3.us-east-1",human stool sample,human body,gut,feces,SRX1132514,USA,North America,USA,Homo sapiens,Illumina MiSeq,NA,3105660_S65_L001_R1_001.fastq.3105660,PAIRED,PCR,METAGENOMIC,human gut metagenome,metagenome,ILLUMINA,2015-08-09T00:00:00Z,2015-08-04T14:28:00Z,1,-80C,3105660,3105660,Illumina MiSeq,SRP062005,0,72,0,0,28.1,NA,Uchime,0,0,Adenoma,0,74,female,152,0,1,1,paired-end,0,0,0,0,http://aem.asm.org/content/79/17/5112/suppl/DCSupplemental,FWD:GTGCCAGCMGCCGCGGTAA; REV:GGACTACHVGGGTWTCTAAT,toilet hat,http://aem.asm.org/content/79/17/5112.short,1,16S rRNA,V4,65,1,,,,,,
SRR2143931,AMPLICON,502,32982404,PRJNA290926,SAMN03939719,"MIMARKS.survey,MIGS/MIMS/MIMARKS.human-gut",22616391,UNIVERSITY OF MICHIGAN,NA,public,"sra,run.zq,fastq","gs,ncbi,s3","s3.us-east-1,gs.us-east1,ncbi.public",human stool sample,human body,gut,feces,SRX1132516,USA,North America,USA,Homo sapiens,454 GS,NA,3109650_S76_L001_R1_001.fastq.3109650,PAIRED,PCR,METAGENOMIC,human gut metagenome,metagenome,LS454,2015-08-09T00:00:00Z,2015-08-04T14:27:00Z,1,-80C,3109650,3109650,Illumina MiSeq,SRP062005,0,72,0,0,22.6,NA,Uchime,0,0,Normal,0,1,female,167,0,0,1,paired-end,0,0,0,0,http://aem.asm.org/content/79/17/5112/suppl/DCSupplemental,FWD:GTGCCAGCMGCCGCGGTAA; REV:GGACTACHVGGGTWTCTAAT,toilet hat,http://aem.asm.org/content/79/17/5112.short,1,16S rRNA,V4,63,1,,,,,,
SRR2143932,AMPLICON,502,29566294,PRJNA290926,SAMN03939720,"MIGS/MIMS/MIMARKS.human-gut,MIMARKS.survey",19892754,UNIVERSITY OF MICHIGAN,NA,public,"run.zq,fastq,sra","s3,ncbi,gs","ncbi.public,gs.us-east1,s3.us-east-1",human stool sample,human body,gut,feces,SRX1132517,USA,North America,USA,Homo sapiens,454 GS,NA,3111650_S42_L001_R1_001.fastq.3111650,PAIRED,PCR,METAGENOMIC,human gut metagenome,metagenome,LS454,2015-08-09T00:00:00Z,2015-08-04T14:28:00Z,1,-80C,3111650,3111650,Illumina MiSeq,SRP062005,0,55,0,0,35.3,NA,Uchime,0,0,High Risk Normal,0,0,female,157,1,1,0,paired-end,0,0,0,0,http://aem.asm.org/content/79/17/5112/suppl/DCSupplemental,FWD:GTGCCAGCMGCCGCGGTAA; REV:GGACTACHVGGGTWTCTAAT,toilet hat,http://aem.asm.org/content/79/17/5112.short,1,16S rRNA,V4,87,1,,,,,,
SRR2143933,AMPLICON,502,18122702,PRJNA290926,SAMN03939721,"MIMARKS.survey,MIGS/MIMS/MIMARKS.human-gut",11704835,UNIVERSITY OF MICHIGAN,NA,public,"fastq,run.zq,sra","gs,s3,ncbi","s3.us-east-1,ncbi.public,gs.us-east1",human stool sample,human body,gut,feces,SRX1132518,USA,North America,USA,Homo sapiens,454 GS,NA,3113650_S188_L001_R1_001.fastq.3113650,PAIRED,PCR,METAGENOMIC,human gut metagenome,metagenome,LS454,2015-08-09T00:00:00Z,2015-08-04T14:29:00Z,1,-80C,3113650,3113650,Illumina MiSeq,SRP062005,0,79,0,0,20.7,NA,Uchime,0,0,Adenoma,0,0,male,180,0,1,0,paired-end,0,0,0,0,http://aem.asm.org/content/79/17/5112/suppl/DCSupplemental,FWD:GTGCCAGCMGCCGCGGTAA; REV:GGACTACHVGGGTWTCTAAT,toilet hat,http://aem.asm.org/content/79/17/5112.short,1,16S rRNA,V4,67,1,,,,,,
SRR2143934,AMPLICON,502,24748098,PRJNA290926,SAMN03939722,"MIMARKS.survey,MIGS/MIMS/MIMARKS.human-gut",16534529,UNIVERSITY OF MICHIGAN,NA,public,"fastq,run.zq,sra","ncbi,gs,s3","ncbi.public,s3.us-east-1,gs.us-east1",human stool sample,human body,gut,feces,SRX1132519,USA,North America,USA,Homo sapiens,454 GS,NA,3117652_S161_L001_R1_001.fastq.3117652,PAIRED,PCR,METAGENOMIC,human gut metagenome,metagenome,LS454,2015-08-09T00:00:00Z,2015-08-04T14:27:00Z,1,-80C,3117652,3117652,Illumina MiSeq,SRP062005,0,88,0,0,30.8,2,Uchime,0,0,Cancer,0,658,female,167,0,1,1,paired-end,0,0,0,0,http://aem.asm.org/content/79/17/5112/suppl/DCSupplemental,FWD:GTGCCAGCMGCCGCGGTAA; REV:GGACTACHVGGGTWTCTAAT,toilet hat,http://aem.asm.org/content/79/17/5112.short,1,16S rRNA,V4,86,1,,,,,,
SRR2143935,AMPLICON,502,11474214,PRJNA290926,SAMN03939723,"MIMARKS.survey,MIGS/MIMS/MIMARKS.human-gut",7365686,UNIVERSITY OF MICHIGAN,NA,public,"sra,fastq,run.zq","s3,gs,ncbi","gs.us-east1,s3.us-east-1,ncbi.public",human stool sample,human body,gut,feces,SRX1132520,USA,North America,USA,Homo sapiens,454 GS,NA,3119660_S146_L001_R1_001.fastq.3119660,PAIRED,PCR,METAGENOMIC,human gut metagenome,metagenome,LS454,2015-08-09T00:00:00Z,2015-08-04T14:27:00Z,1,-80C,3119660,3119660,Illumina MiSeq,SRP062005,0,48,0,0,32.9,1,Uchime,0,0,Cancer,0,207,male,182,0,0,1,paired-end,0,0,0,0,http://aem.asm.org/content/79/17/5112/suppl/DCSupplemental,FWD:GTGCCAGCMGCCGCGGTAA; REV:GGACTACHVGGGTWTCTAAT,toilet hat,http://aem.asm.org/content/79/17/5112.short,0,16S rRNA,V4,109,1,,,,,,
SRR2143936,AMPLICON,502,18928914,PRJNA290926,SAMN03939724,"MIMARKS.survey,MIGS/MIMS/MIMARKS.human-gut",12697987,UNIVERSITY OF MICHIGAN,NA,public,"run.zq,sra,fastq","gs,ncbi,s3","ncbi.public,s3.us-east-1,gs.us-east1",human stool sample,human body,gut,feces,SRX1132521,USA,North America,USA,Homo sapiens,454 GS,NA,3123653_S130_L001_R1_001.fastq.3123653,PAIRED,PCR,METAGENOMIC,human gut metagenome,metagenome,LS454,2015-08-09T00:00:00Z,2015-08-04T14:28:00Z,1,-80C,3123653,3123653,Illumina MiSeq,SRP062005,0,55,1,0,37.8,NA,Uchime,0,0,Normal,0,0,female,139,0,0,0,paired-end,0,1,0,0,http://aem.asm.org/content/79/17/5112/suppl/DCSupplemental,FWD:GTGCCAGCMGCCGCGGTAA; REV:GGACTACHVGGGTWTCTAAT,toilet hat,http://aem.asm.org/content/79/17/5112.short,0,16S rRNA,V4,73,0,,,,,,
SRR2143937,AMPLICON,502,24933336,PRJNA290926,SAMN03939725,"MIMARKS.survey,MIGS/MIMS/MIMARKS.human-gut",16185737,UNIVERSITY OF MICHIGAN,NA,public,"run.zq,sra,fastq","gs,s3,ncbi","gs.us-east1,s3.us-east-1,ncbi.public",human stool sample,human body,gut,feces,SRX1132523,USA,North America,USA,Homo sapiens,454 GS,NA,3125660_S59_L001_R1_001.fastq.3125660,PAIRED,PCR,METAGENOMIC,human gut metagenome,metagenome,LS454,2015-08-09T00:00:00Z,2015-08-04T14:27:00Z,1,-80C,3125660,3125660,Illumina MiSeq,SRP062005,0,62,1,0,26.4,NA,Uchime,0,0,Normal,0,0,male,157,0,0,0,paired-end,0,0,0,0,http://aem.asm.org/content/79/17/5112/suppl/DCSupplemental,FWD:GTGCCAGCMGCCGCGGTAA; REV:GGACTACHVGGGTWTCTAAT,toilet hat,http://aem.asm.org/content/79/17/5112.short,0,16S rRNA,V4,65,0,,,,,,
SRR2143938,AMPLICON,502,29745006,PRJNA290926,SAMN03939726,"MIMARKS.survey,MIGS/MIMS/MIMARKS.human-gut",19928298,UNIVERSITY OF MICHIGAN,NA,public,"run.zq,sra,fastq","gs,ncbi,s3","ncbi.public,gs.us-east1,s3.us-east-1",human stool sample,human body,gut,feces,SRX1132524,USA,North America,USA,Homo sapiens,454 GS,NA,3127690_S77_L001_R1_001.fastq.3127690,PAIRED,PCR,METAGENOMIC,human gut metagenome,metagenome,LS454,2015-08-09T00:00:00Z,2015-08-04T14:27:00Z,1,-80C,3127690,3127690,Illumina MiSeq,SRP062005,0,54,0,0,24.7,NA,Uchime,0,0,Adenoma,0,0,female,167,0,0,0,paired-end,0,1,0,0,http://aem.asm.org/content/79/17/5112/suppl/DCSupplemental,FWD:GTGCCAGCMGCCGCGGTAA; REV:GGACTACHVGGGTWTCTAAT,toilet hat,http://aem.asm.org/content/79/17/5112.short,1,16S rRNA,V4,69,1,,,,,,
SRR2143939,AMPLICON,502,21713508,PRJNA290926,SAMN03939727,"MIMARKS.survey,MIGS/MIMS/MIMARKS.human-gut",14333402,UNIVERSITY OF MICHIGAN,NA,public,"fastq,sra,run.zq","ncbi,gs,s3","ncbi.public,gs.us-east1,s3.us-east-1",human stool sample,human body,gut,feces,SRX1132525,USA,North America,USA,Homo sapiens,454 GS,NA,3129670_S136_L001_R1_001.fastq.3129670,PAIRED,PCR,METAGENOMIC,human gut metagenome,metagenome,LS454,2015-08-09T00:00:00Z,2015-08-04T14:29:00Z,1,-80C,3129670,3129670,Illumina MiSeq,SRP062005,1,50,0,0,23.8,NA,Uchime,0,0,adv Adenoma,0,10,female,160,1,1,0,paired-end,0,0,0,0,http://aem.asm.org/content/79/17/5112/suppl/DCSupplemental,FWD:GTGCCAGCMGCCGCGGTAA; REV:GGACTACHVGGGTWTCTAAT,toilet hat,http://aem.asm.org/content/79/17/5112.short,1,16S rRNA,V4,61,1,,,,,,
SRR2143940,AMPLICON,502,70396966,PRJNA290926,SAMN03939728,"MIMARKS.survey,MIGS/MIMS/MIMARKS.human-gut",44384028,UNIVERSITY OF MICHIGAN,NA,public,"fastq,run.zq,sra","ncbi,s3,gs","ncbi.public,s3.us-east-1,gs.us-east1",human stool sample,human body,gut,feces,SRX1132526,USA,North America,USA,Homo sapiens,454 GS,NA,3131650_S85_L001_R1_001.fastq.3131650,PAIRED,PCR,METAGENOMIC,human gut metagenome,metagenome,LS454,2015-08-09T00:00:00Z,2015-08-04T14:29:00Z,1,-80C,3131650,3131650,Illumina MiSeq,SRP062005,0,52,0,0,19.3,NA,Uchime,0,0,Adenoma,0,0,female,175,0,1,0,paired-end,0,0,0,0,http://aem.asm.org/content/79/17/5112/suppl/DCSupplemental,FWD:GTGCCAGCMGCCGCGGTAA; REV:GGACTACHVGGGTWTCTAAT,toilet hat,http://aem.asm.org/content/79/17/5112.short,0,16S rRNA,V4,59,1,,,,,,
SRR2143941,AMPLICON,502,28457878,PRJNA290926,SAMN03939729,"MIMARKS.survey,MIGS/MIMS/MIMARKS.human-gut",18461730,UNIVERSITY OF MICHIGAN,NA,public,"fastq,sra,run.zq","ncbi,s3,gs","gs.us-east1,ncbi.public,s3.us-east-1",human stool sample,human body,gut,feces,SRX1132527,USA,North America,USA,Homo sapiens,454 GS,NA,3133652_S25_L001_R1_001.fastq.3133652,PAIRED,PCR,METAGENOMIC,human gut metagenome,metagenome,LS454,2015-08-09T00:00:00Z,2015-08-04T14:28:00Z,1,-80C,3133652,3133652,Illumina MiSeq,SRP062005,0,68,0,0,31.6,NA,Uchime,1,1,adv Adenoma,0,0,female,165,0,1,0,paired-end,0,0,0,0,http://aem.asm.org/content/79/17/5112/suppl/DCSupplemental,FWD:GTGCCAGCMGCCGCGGTAA; REV:GGACTACHVGGGTWTCTAAT,toilet hat,http://aem.asm.org/content/79/17/5112.short,0,16S rRNA,V4,86,1,,,,,,
SRR2143942,AMPLICON,502,25228010,PRJNA290926,SAMN03939730,"MIMARKS.survey,MIGS/MIMS/MIMARKS.human-gut",16967457,UNIVERSITY OF MICHIGAN,NA,public,"run.zq,fastq,sra","gs,ncbi,s3","gs.us-east1,s3.us-east-1,ncbi.public",human stool sample,human body,gut,feces,SRX1132529,USA,North America,USA,Homo sapiens,454 GS,NA,3135660_S84_L001_R1_001.fastq.3135660,PAIRED,PCR,METAGENOMIC,human gut metagenome,metagenome,LS454,2015-08-09T00:00:00Z,2015-08-04T14:28:00Z,1,-80C,3135660,3135660,Illumina MiSeq,SRP062005,0,74,1,0,23.9,4,Uchime,0,1,Cancer,0,1072,female,157,1,0,0,paired-end,0,0,0,0,http://aem.asm.org/content/79/17/5112/suppl/DCSupplemental,FWD:GTGCCAGCMGCCGCGGTAA; REV:GGACTACHVGGGTWTCTAAT,toilet hat,http://aem.asm.org/content/79/17/5112.short,0,16S rRNA,V4,59,0,,,,,,
SRR2143943,AMPLICON,502,17736664,PRJNA290926,SAMN03939731,"MIMARKS.survey,MIGS/MIMS/MIMARKS.human-gut",11898019,UNIVERSITY OF MICHIGAN,NA,public,"fastq,sra,run.zq","gs,s3,ncbi","gs.us-east1,ncbi.public,s3.us-east-1",human stool sample,human body,gut,feces,SRX1132530,USA,North America,USA,Homo sapiens,454 GS,NA,3137650_S69_L001_R1_001.fastq.3137650,PAIRED,PCR,METAGENOMIC,human gut metagenome,metagenome,LS454,2015-08-09T00:00:00Z,2015-08-04T14:28:00Z,1,-80C,3137650,3137650,Illumina MiSeq,SRP062005,0,59,0,0,24.2,NA,Uchime,0,0,Normal,0,118,male,175,0,0,0,paired-end,0,1,0,0,http://aem.asm.org/content/79/17/5112/suppl/DCSupplemental,FWD:GTGCCAGCMGCCGCGGTAA; REV:GGACTACHVGGGTWTCTAAT,toilet hat,http://aem.asm.org/content/79/17/5112.short,0,16S rRNA,V4,74,1,,,,,,
SRR2143944,AMPLICON,502,16868706,PRJNA290926,SAMN03939732,"MIMARKS.survey,MIGS/MIMS/MIMARKS.human-gut",11044076,UNIVERSITY OF MICHIGAN,NA,public,"fastq,sra,run.zq","s3,gs,ncbi","s3.us-east-1,ncbi.public,gs.us-east1",human stool sample,human body,gut,feces,SRX1132531,USA,North America,USA,Homo sapiens,454 GS,NA,3139650_S43_L001_R1_001.fastq.3139650,PAIRED,PCR,METAGENOMIC,human gut metagenome,metagenome,LS454,2015-08-09T00:00:00Z,2015-08-04T14:28:00Z,1,-80C,3139650,3139650,Illumina MiSeq,SRP062005,0,31,1,0,19.5,NA,Uchime,0,0,Adenoma,0,1477,female,157,0,1,0,paired-end,0,0,0,0,http://aem.asm.org/content/79/17/5112/suppl/DCSupplemental,FWD:GTGCCAGCMGCCGCGGTAA; REV:GGACTACHVGGGTWTCTAAT,toilet hat,http://aem.asm.org/content/79/17/5112.short,1,16S rRNA,V4,48,0,,,,,,
SRR2143945,AMPLICON,502,20542342,PRJNA290926,SAMN03939733,"MIMARKS.survey,MIGS/MIMS/MIMARKS.human-gut",13310531,UNIVERSITY OF MICHIGAN,NA,public,"fastq,sra,run.zq","gs,ncbi,s3","ncbi.public,gs.us-east1,s3.us-east-1",human stool sample,human body,gut,feces,SRX1132532,USA,North America,USA,Homo sapiens,454 GS,NA,3141652_S12_L001_R1_001.fastq.3141652,PAIRED,PCR,METAGENOMIC,human gut metagenome,metagenome,LS454,2015-08-09T00:00:00Z,2015-08-04T14:29:00Z,1,-80C,3141652,3141652,Illumina MiSeq,SRP062005,0,64,0,0,25.1,NA,Uchime,0,0,adv Adenoma,0,0,male,182,1,1,0,paired-end,0,1,0,0,http://aem.asm.org/content/79/17/5112/suppl/DCSupplemental,FWD:GTGCCAGCMGCCGCGGTAA; REV:GGACTACHVGGGTWTCTAAT,toilet hat,http://aem.asm.org/content/79/17/5112.short,0,16S rRNA,V4,83,1,,,,,,
SRR2143946,AMPLICON,502,27639618,PRJNA290926,SAMN03939734,"MIMARKS.survey,MIGS/MIMS/MIMARKS.human-gut",18594106,UNIVERSITY OF MICHIGAN,NA,public,"fastq,run.zq,sra","gs,s3,ncbi","gs.us-east1,s3.us-east-1,ncbi.public",human stool sample,human body,gut,feces,SRX1132533,USA,North America,USA,Homo sapiens,454 GS,NA,3143650_S43_L001_R1_001.fastq.3143650,PAIRED,PCR,METAGENOMIC,human gut metagenome,metagenome,LS454,2015-08-09T00:00:00Z,2015-08-04T14:29:00Z,1,-80C,3143650,3143650,Illumina MiSeq,SRP062005,0,72,0,0,28.7,NA,Uchime,0,0,adv Adenoma,0,0,male,174,0,1,0,paired-end,0,0,0,0,http://aem.asm.org/content/79/17/5112/suppl/DCSupplemental,FWD:GTGCCAGCMGCCGCGGTAA; REV:GGACTACHVGGGTWTCTAAT,toilet hat,http://aem.asm.org/content/79/17/5112.short,1,16S rRNA,V4,87,1,,,,,,
SRR2143947,AMPLICON,502,40232288,PRJNA290926,SAMN03939735,"MIMARKS.survey,MIGS/MIMS/MIMARKS.human-gut",26571579,UNIVERSITY OF MICHIGAN,NA,public,"fastq,sra,run.zq","gs,s3,ncbi","ncbi.public,s3.us-east-1,gs.us-east1",human stool sample,human body,gut,feces,SRX1132535,USA,North America,USA,Homo sapiens,454 GS,NA,3145650_S3_L001_R1_001.fastq.3145650,PAIRED,PCR,METAGENOMIC,human gut metagenome,metagenome,LS454,2015-08-09T00:00:00Z,2015-08-04T14:29:00Z,1,-80C,3145650,3145650,Illumina MiSeq,SRP062005,0,82,0,0,18.6,NA,Uchime,0,0,Adenoma,0,13,female,152,0,1,0,paired-end,0,1,0,0,http://aem.asm.org/content/79/17/5112/suppl/DCSupplemental,FWD:GTGCCAGCMGCCGCGGTAA; REV:GGACTACHVGGGTWTCTAAT,toilet hat,http://aem.asm.org/content/79/17/5112.short,0,16S rRNA,V4,43,1,,,,,,
SRR2143948,AMPLICON,502,60060786,PRJNA290926,SAMN03939736,"MIMARKS.survey,MIGS/MIMS/MIMARKS.human-gut",37617987,UNIVERSITY OF MICHIGAN,NA,public,"sra,run.zq,fastq","s3,ncbi,gs","s3.us-east-1,gs.us-east1,ncbi.public",human stool sample,human body,gut,feces,SRX1132536,USA,North America,USA,Homo sapiens,454 GS,NA,3149653_S87_L001_R1_001.fastq.3149653,PAIRED,PCR,METAGENOMIC,human gut metagenome,metagenome,LS454,2015-08-09T00:00:00Z,2015-08-04T14:29:00Z,1,-80C,3149653,3149653,Illumina MiSeq,SRP062005,0,58,0,0,27.2,NA,Uchime,0,0,adv Adenoma,0,6,male,180,0,1,1,paired-end,0,1,0,0,http://aem.asm.org/content/79/17/5112/suppl/DCSupplemental,FWD:GTGCCAGCMGCCGCGGTAA; REV:GGACTACHVGGGTWTCTAAT,toilet hat,http://aem.asm.org/content/79/17/5112.short,0,16S rRNA,V4,88,1,,,,,,
SRR2143949,AMPLICON,502,35142510,PRJNA290926,SAMN03939737,"MIMARKS.survey,MIGS/MIMS/MIMARKS.human-gut",22483297,UNIVERSITY OF MICHIGAN,NA,public,"fastq,run.zq,sra","gs,s3,ncbi","ncbi.public,s3.us-east-1,gs.us-east1",human stool sample,human body,gut,feces,SRX1132537,USA,North America,USA,Homo sapiens,454 GS,NA,3153670_S151_L001_R1_001.fastq.3153670,PAIRED,PCR,METAGENOMIC,human gut metagenome,metagenome,LS454,2015-08-09T00:00:00Z,2015-08-04T14:30:00Z,1,-80C,3153670,3153670,Illumina MiSeq,SRP062005,0,64,0,0,30.1,NA,Uchime,0,0,adv Adenoma,0,0,male,170,1,1,0,paired-end,0,0,0,0,http://aem.asm.org/content/79/17/5112/suppl/DCSupplemental,FWD:GTGCCAGCMGCCGCGGTAA; REV:GGACTACHVGGGTWTCTAAT,toilet hat,http://aem.asm.org/content/79/17/5112.short,0,16S rRNA,V4,87,1,,,,,,
SRR2143950,AMPLICON,502,43920984,PRJNA290926,SAMN03939738,"MIMARKS.survey,MIGS/MIMS/MIMARKS.human-gut",30021744,UNIVERSITY OF MICHIGAN,NA,public,"fastq,sra,run.zq","ncbi,s3,gs","ncbi.public,s3.us-east-1,gs.us-east1",human stool sample,human body,gut,feces,SRX1132538,USA,North America,USA,Homo sapiens,454 GS,NA,3155690_S81_L001_R1_001.fastq.3155690,PAIRED,PCR,METAGENOMIC,human gut metagenome,metagenome,LS454,2015-08-09T00:00:00Z,2015-08-04T14:29:00Z,1,-80C,3155690,3155690,Illumina MiSeq,SRP062005,0,54,0,0,29.4,1,Uchime,0,0,Cancer,0,2600,male,177,0,1,1,paired-end,0,0,0,0,http://aem.asm.org/content/79/17/5112/suppl/DCSupplemental,FWD:GTGCCAGCMGCCGCGGTAA; REV:GGACTACHVGGGTWTCTAAT,toilet hat,http://aem.asm.org/content/79/17/5112.short,0,16S rRNA,V4,92,1,,,,,,
SRR2143951,AMPLICON,502,16198034,PRJNA290926,SAMN03939739,"MIMARKS.survey,MIGS/MIMS/MIMARKS.human-gut",12052227,UNIVERSITY OF MICHIGAN,NA,public,"fastq,sra,run.zq","s3,gs,ncbi","gs.us-east1,ncbi.public,s3.us-east-1",human stool sample,human body,gut,feces,SRX1132539,USA,North America,USA,Homo sapiens,454 GS,NA,3159650_S85_L001_R1_001.fastq.3159650,PAIRED,PCR,METAGENOMIC,human gut metagenome,metagenome,LS454,2015-08-09T00:00:00Z,2015-08-04T14:29:00Z,1,-80C,3159650,3159650,Illumina MiSeq,SRP062005,0,51,0,0,21.5,NA,Uchime,0,0,Normal,0,0,female,170,0,0,1,paired-end,0,0,0,0,http://aem.asm.org/content/79/17/5112/suppl/DCSupplemental,FWD:GTGCCAGCMGCCGCGGTAA; REV:GGACTACHVGGGTWTCTAAT,toilet hat,http://aem.asm.org/content/79/17/5112.short,0,16S rRNA,V4,62,1,,,,,,
SRR2143952,AMPLICON,502,13792450,PRJNA290926,SAMN03939740,"MIMARKS.survey,MIGS/MIMS/MIMARKS.human-gut",10196387,UNIVERSITY OF MICHIGAN,NA,public,"run.zq,sra,fastq","s3,ncbi,gs","s3.us-east-1,ncbi.public,gs.us-east1",human stool sample,human body,gut,feces,SRX1132540,USA,North America,USA,Homo sapiens,454 GS,NA,3161650_S119_L001_R1_001.fastq.3161650,PAIRED,PCR,METAGENOMIC,human gut metagenome,metagenome,LS454,2015-08-09T00:00:00Z,2015-08-04T14:29:00Z,1,-80C,3161650,3161650,Illumina MiSeq,SRP062005,0,56,0,0,25.7,NA,Uchime,0,0,adv Adenoma,0,20,female,165,0,1,0,paired-end,0,0,0,0,http://aem.asm.org/content/79/17/5112/suppl/DCSupplemental,FWD:GTGCCAGCMGCCGCGGTAA; REV:GGACTACHVGGGTWTCTAAT,toilet hat,http://aem.asm.org/content/79/17/5112.short,1,16S rRNA,V4,70,1,,,,,,
SRR2143953,AMPLICON,502,31346386,PRJNA290926,SAMN03939740,"MIMARKS.survey,MIGS/MIMS/MIMARKS.human-gut",19760186,UNIVERSITY OF MICHIGAN,NA,public,"fastq,sra,run.zq","s3,gs,ncbi","ncbi.public,s3.us-east-1,gs.us-east1",human stool sample,human body,gut,feces,SRX1132542,USA,North America,USA,Homo sapiens,454 GS,NA,3161650_S29_L001_R1_001.fastq.3161650,PAIRED,PCR,METAGENOMIC,human gut metagenome,metagenome,LS454,2015-08-09T00:00:00Z,2015-08-04T14:29:00Z,1,-80C,3161650,3161650,Illumina MiSeq,SRP062005,0,56,0,0,25.7,NA,Uchime,0,0,adv Adenoma,0,20,female,165,0,1,0,paired-end,0,0,0,0,http://aem.asm.org/content/79/17/5112/suppl/DCSupplemental,FWD:GTGCCAGCMGCCGCGGTAA; REV:GGACTACHVGGGTWTCTAAT,toilet hat,http://aem.asm.org/content/79/17/5112.short,1,16S rRNA,V4,70,1,,,,,,
SRR2143954,AMPLICON,502,18518780,PRJNA290926,SAMN03939741,"MIMARKS.survey,MIGS/MIMS/MIMARKS.human-gut",13718915,UNIVERSITY OF MICHIGAN,NA,public,"fastq,sra,run.zq","ncbi,gs,s3","ncbi.public,gs.us-east1,s3.us-east-1",human stool sample,human body,gut,feces,SRX1132544,USA,North America,USA,Homo sapiens,454 GS,NA,3163690_S166_L001_R1_001.fastq.3163690,PAIRED,PCR,METAGENOMIC,human gut metagenome,metagenome,LS454,2015-08-09T00:00:00Z,2015-08-04T14:30:00Z,1,-80C,3163690,3163690,Illumina MiSeq,SRP062005,0,81,0,0,22.7,NA,Uchime,0,0,Adenoma,0,264,female,144,0,1,1,paired-end,0,0,0,0,http://aem.asm.org/content/79/17/5112/suppl/DCSupplemental,FWD:GTGCCAGCMGCCGCGGTAA; REV:GGACTACHVGGGTWTCTAAT,toilet hat,http://aem.asm.org/content/79/17/5112.short,1,16S rRNA,V4,47,1,,,,,,
SRR2143955,AMPLICON,502,13068566,PRJNA290926,SAMN03939742,"MIMARKS.survey,MIGS/MIMS/MIMARKS.human-gut",9676802,UNIVERSITY OF MICHIGAN,NA,public,"sra,run.zq,fastq","ncbi,gs,s3","s3.us-east-1,gs.us-east1,ncbi.public",human stool sample,human body,gut,feces,SRX1132545,USA,North America,USA,Homo sapiens,454 GS,NA,3169650_S120_L001_R1_001.fastq.3169650,PAIRED,PCR,METAGENOMIC,human gut metagenome,metagenome,LS454,2015-08-09T00:00:00Z,2015-08-04T14:30:00Z,1,-80C,3169650,3169650,Illumina MiSeq,SRP062005,0,74,0,0,26.6,NA,Uchime,0,0,Adenoma,0,23,male,182,0,1,0,paired-end,0,0,0,0,http://aem.asm.org/content/79/17/5112/suppl/DCSupplemental,FWD:GTGCCAGCMGCCGCGGTAA; REV:GGACTACHVGGGTWTCTAAT,toilet hat,http://aem.asm.org/content/79/17/5112.short,1,16S rRNA,V4,88,1,,,,,,
SRR2143956,AMPLICON,502,33385510,PRJNA290926,SAMN03939742,"MIMARKS.survey,MIGS/MIMS/MIMARKS.human-gut",21148794,UNIVERSITY OF MICHIGAN,NA,public,"sra,run.zq,fastq","ncbi,gs,s3","s3.us-east-1,gs.us-east1,ncbi.public",human stool sample,human body,gut,feces,SRX1132547,USA,North America,USA,Homo sapiens,454 GS,NA,3169650_S30_L001_R1_001.fastq.3169650,PAIRED,PCR,METAGENOMIC,human gut metagenome,metagenome,LS454,2015-08-09T00:00:00Z,2015-08-04T14:30:00Z,1,-80C,3169650,3169650,Illumina MiSeq,SRP062005,0,74,0,0,26.6,NA,Uchime,0,0,Adenoma,0,23,male,182,0,1,0,paired-end,0,0,0,0,http://aem.asm.org/content/79/17/5112/suppl/DCSupplemental,FWD:GTGCCAGCMGCCGCGGTAA; REV:GGACTACHVGGGTWTCTAAT,toilet hat,http://aem.asm.org/content/79/17/5112.short,1,16S rRNA,V4,88,1,,,,,,
SRR2143957,AMPLICON,502,20418850,PRJNA290926,SAMN03939743,"MIMARKS.survey,MIGS/MIMS/MIMARKS.human-gut",15170149,UNIVERSITY OF MICHIGAN,NA,public,"run.zq,fastq,sra","ncbi,s3,gs","gs.us-east1,s3.us-east-1,ncbi.public",human stool sample,human body,gut,feces,SRX1132548,USA,North America,USA,Homo sapiens,454 GS,NA,3173650_S69_L001_R1_001.fastq.3173650,PAIRED,PCR,METAGENOMIC,human gut metagenome,metagenome,LS454,2015-08-09T00:00:00Z,2015-08-04T14:30:00Z,1,-80C,3173650,3173650,Illumina MiSeq,SRP062005,0,51,0,0,23.7,NA,Uchime,0,0,adv Adenoma,0,5,female,167,0,1,0,paired-end,0,0,0,0,http://aem.asm.org/content/79/17/5112/suppl/DCSupplemental,FWD:GTGCCAGCMGCCGCGGTAA; REV:GGACTACHVGGGTWTCTAAT,toilet hat,http://aem.asm.org/content/79/17/5112.short,0,16S rRNA,V4,66,1,,,,,,
SRR2143958,AMPLICON,502,16201548,PRJNA290926,SAMN03939744,"MIMARKS.survey,MIGS/MIMS/MIMARKS.human-gut",10626184,UNIVERSITY OF MICHIGAN,NA,public,"run.zq,fastq,sra","ncbi,s3,gs","gs.us-east1,ncbi.public,s3.us-east-1",human stool sample,human body,gut,feces,SRX1132551,USA,North America,USA,Homo sapiens,454 GS,NA,3181650_S96_L001_R1_001.fastq.3181650,PAIRED,PCR,METAGENOMIC,human gut metagenome,metagenome,LS454,2015-08-09T00:00:00Z,2015-08-04T14:30:00Z,1,-80C,3181650,3181650,Illumina MiSeq,SRP062005,0,80,0,0,22.2,NA,Uchime,0,0,High Risk Normal,0,0,male,180,0,1,0,paired-end,0,1,0,0,http://aem.asm.org/content/79/17/5112/suppl/DCSupplemental,FWD:GTGCCAGCMGCCGCGGTAA; REV:GGACTACHVGGGTWTCTAAT,toilet hat,http://aem.asm.org/content/79/17/5112.short,0,16S rRNA,V4,72,1,,,,,,
SRR2143959,AMPLICON,502,60891094,PRJNA290926,SAMN03939745,"MIMARKS.survey,MIGS/MIMS/MIMARKS.human-gut",38270053,UNIVERSITY OF MICHIGAN,NA,public,"fastq,run.zq,sra","s3,ncbi,gs","gs.us-east1,s3.us-east-1,ncbi.public",human stool sample,human body,gut,feces,SRX1132552,USA,North America,USA,Homo sapiens,454 GS,NA,3185650_S22_L001_R1_001.fastq.3185650,PAIRED,PCR,METAGENOMIC,human gut metagenome,metagenome,LS454,2015-08-09T00:00:00Z,2015-08-04T14:30:00Z,1,-80C,3185650,3185650,Illumina MiSeq,SRP062005,0,58,0,0,27.6,NA,Uchime,0,0,Normal,0,0,female,167,0,0,1,paired-end,0,1,0,0,http://aem.asm.org/content/79/17/5112/suppl/DCSupplemental,FWD:GTGCCAGCMGCCGCGGTAA; REV:GGACTACHVGGGTWTCTAAT,toilet hat,http://aem.asm.org/content/79/17/5112.short,0,16S rRNA,V4,77,1,,,,,,
SRR2143960,AMPLICON,502,8044048,PRJNA290926,SAMN03939745,"MIMARKS.survey,MIGS/MIMS/MIMARKS.human-gut",5988712,UNIVERSITY OF MICHIGAN,NA,public,"run.zq,fastq,sra","gs,ncbi,s3","gs.us-east1,s3.us-east-1,ncbi.public",human stool sample,human body,gut,feces,SRX1132553,USA,North America,USA,Homo sapiens,454 GS,NA,3185650_S58_L001_R1_001.fastq.3185650,PAIRED,PCR,METAGENOMIC,human gut metagenome,metagenome,LS454,2015-08-09T00:00:00Z,2015-08-04T14:30:00Z,1,-80C,3185650,3185650,Illumina MiSeq,SRP062005,0,58,0,0,27.6,NA,Uchime,0,0,Normal,0,0,female,167,0,0,1,paired-end,0,1,0,0,http://aem.asm.org/content/79/17/5112/suppl/DCSupplemental,FWD:GTGCCAGCMGCCGCGGTAA; REV:GGACTACHVGGGTWTCTAAT,toilet hat,http://aem.asm.org/content/79/17/5112.short,0,16S rRNA,V4,77,1,,,,,,
SRR2143961,AMPLICON,502,18827008,PRJNA290926,SAMN03939746,"MIMARKS.survey,MIGS/MIMS/MIMARKS.human-gut",12149133,UNIVERSITY OF MICHIGAN,NA,public,"sra,run.zq","ncbi,gs,s3","s3.us-east-1,gs.us-east1,ncbi.public",human stool sample,human body,gut,feces,SRX1132554,USA,North America,USA,Homo sapiens,Illumina MiSeq,NA,3187680_S98_L001_R1_001.fastq.3187680,PAIRED,PCR,METAGENOMIC,human gut metagenome,metagenome,ILLUMINA,2015-08-09T00:00:00Z,2015-08-04T14:30:00Z,1,-80C,3187680,3187680,Illumina MiSeq,SRP062005,0,56,0,0,17.1,NA,Uchime,0,0,adv Adenoma,0,0,female,171,0,1,1,paired-end,0,1,0,0,http://aem.asm.org/content/79/17/5112/suppl/DCSupplemental,FWD:GTGCCAGCMGCCGCGGTAA; REV:GGACTACHVGGGTWTCTAAT,toilet hat,http://aem.asm.org/content/79/17/5112.short,0,16S rRNA,V4,50,1,,,,,,
SRR2143962,AMPLICON,502,56553312,PRJNA290926,SAMN03939747,"MIMARKS.survey,MIGS/MIMS/MIMARKS.human-gut",41811544,UNIVERSITY OF MICHIGAN,NA,public,"run.zq,sra","gs,s3,ncbi","gs.us-east1,ncbi.public,s3.us-east-1",human stool sample,human body,gut,feces,SRX1132555,USA,North America,USA,Homo sapiens,Illumina MiSeq,NA,3189650_S116_L001_R1_001.fastq.3189650,PAIRED,PCR,METAGENOMIC,human gut metagenome,metagenome,ILLUMINA,2015-08-09T00:00:00Z,2015-08-04T14:30:00Z,1,-80C,3189650,3189650,Illumina MiSeq,SRP062005,0,51,0,0,35.9,NA,Uchime,0,0,adv Adenoma,0,0,female,152,0,1,0,paired-end,0,0,0,0,http://aem.asm.org/content/79/17/5112/suppl/DCSupplemental,FWD:GTGCCAGCMGCCGCGGTAA; REV:GGACTACHVGGGTWTCTAAT,toilet hat,http://aem.asm.org/content/79/17/5112.short,0,16S rRNA,V4,83,1,,,,,,
SRR2143963,AMPLICON,502,34265516,PRJNA290926,SAMN03939748,"MIMARKS.survey,MIGS/MIMS/MIMARKS.human-gut",25341851,UNIVERSITY OF MICHIGAN,NA,public,"run.zq,fastq,sra","s3,gs,ncbi","s3.us-east-1,ncbi.public,gs.us-east1",human stool sample,human body,gut,feces,SRX1132557,USA,North America,USA,Homo sapiens,454 GS,NA,3191650_S118_L001_R1_001.fastq.3191650,PAIRED,PCR,METAGENOMIC,human gut metagenome,metagenome,LS454,2015-08-09T00:00:00Z,2015-08-04T14:33:00Z,1,-80C,3191650,3191650,Illumina MiSeq,SRP062005,0,36,0,0,21.9,NA,Uchime,0,0,Normal,0,0,female,175,0,0,1,paired-end,0,0,0,0,http://aem.asm.org/content/79/17/5112/suppl/DCSupplemental,FWD:GTGCCAGCMGCCGCGGTAA; REV:GGACTACHVGGGTWTCTAAT,toilet hat,http://aem.asm.org/content/79/17/5112.short,0,16S rRNA,V4,67,1,,,,,,
SRR2143964,AMPLICON,502,26914730,PRJNA290926,SAMN03939749,"MIMARKS.survey,MIGS/MIMS/MIMARKS.human-gut",19852028,UNIVERSITY OF MICHIGAN,NA,public,"fastq,sra,run.zq","gs,ncbi,s3","s3.us-east-1,ncbi.public,gs.us-east1",human stool sample,human body,gut,feces,SRX1132558,USA,North America,USA,Homo sapiens,454 GS,NA,3197670_S126_L001_R1_001.fastq.3197670,PAIRED,PCR,METAGENOMIC,human gut metagenome,metagenome,LS454,2015-08-09T00:00:00Z,2015-08-04T14:33:00Z,1,-80C,3197670,3197670,Illumina MiSeq,SRP062005,0,83,0,0,27.8,2,Uchime,0,0,Cancer,0,682,female,161,0,1,0,paired-end,0,0,0,0,http://aem.asm.org/content/79/17/5112/suppl/DCSupplemental,FWD:GTGCCAGCMGCCGCGGTAA; REV:GGACTACHVGGGTWTCTAAT,toilet hat,http://aem.asm.org/content/79/17/5112.short,0,16S rRNA,V4,72,1,,,,,,
SRR2143965,AMPLICON,502,19067466,PRJNA290926,SAMN03939750,"MIMARKS.survey,MIGS/MIMS/MIMARKS.human-gut",12929253,UNIVERSITY OF MICHIGAN,NA,public,"sra,run.zq,fastq","s3,gs,ncbi","s3.us-east-1,ncbi.public,gs.us-east1",human stool sample,human body,gut,feces,SRX1132559,USA,North America,USA,Homo sapiens,454 GS,NA,3203680_S82_L001_R1_001.fastq.3203680,PAIRED,PCR,METAGENOMIC,human gut metagenome,metagenome,LS454,2015-08-09T00:00:00Z,2015-08-04T14:33:00Z,1,-80C,3203680,3203680,Illumina MiSeq,SRP062005,0,76,0,0,31.5,1,Uchime,0,0,Cancer,0,288,male,180,0,1,0,paired-end,0,1,0,0,http://aem.asm.org/content/79/17/5112/suppl/DCSupplemental,FWD:GTGCCAGCMGCCGCGGTAA; REV:GGACTACHVGGGTWTCTAAT,toilet hat,http://aem.asm.org/content/79/17/5112.short,1,16S rRNA,V4,102,1,,,,,,
SRR2143966,AMPLICON,502,32240448,PRJNA290926,SAMN03939751,"MIMARKS.survey,MIGS/MIMS/MIMARKS.human-gut",21753592,UNIVERSITY OF MICHIGAN,NA,public,"sra,run.zq,fastq","ncbi,s3,gs","ncbi.public,gs.us-east1,s3.us-east-1",human stool sample,human body,gut,feces,SRX1132560,USA,North America,USA,Homo sapiens,454 GS,NA,3209651_S164_L001_R1_001.fastq.3209651,PAIRED,PCR,METAGENOMIC,human gut metagenome,metagenome,LS454,2015-08-09T00:00:00Z,2015-08-04T14:33:00Z,1,-80C,3209651,3209651,Illumina MiSeq,SRP062005,0,61,0,0,36.3,NA,Uchime,0,0,Normal,0,0,female,160,0,0,0,paired-end,0,1,0,0,http://aem.asm.org/content/79/17/5112/suppl/DCSupplemental,FWD:GTGCCAGCMGCCGCGGTAA; REV:GGACTACHVGGGTWTCTAAT,toilet hat,http://aem.asm.org/content/79/17/5112.short,0,16S rRNA,V4,93,1,,,,,,
SRR2143967,AMPLICON,502,23141196,PRJNA290926,SAMN03939752,"MIMARKS.survey,MIGS/MIMS/MIMARKS.human-gut",15225933,UNIVERSITY OF MICHIGAN,NA,public,"fastq,sra,run.zq","s3,gs,ncbi","gs.us-east1,ncbi.public,s3.us-east-1",human stool sample,human body,gut,feces,SRX1132561,USA,North America,USA,Homo sapiens,454 GS,NA,3211670_S1_L001_R1_001.fastq.3211670,PAIRED,PCR,METAGENOMIC,human gut metagenome,metagenome,LS454,2015-08-09T00:00:00Z,2015-08-04T14:32:00Z,1,-80C,3211670,3211670,Illumina MiSeq,SRP062005,1,51,0,0,30.4,NA,Uchime,0,0,Normal,0,0,female,172,0,0,0,paired-end,0,0,0,0,http://aem.asm.org/content/79/17/5112/suppl/DCSupplemental,FWD:GTGCCAGCMGCCGCGGTAA; REV:GGACTACHVGGGTWTCTAAT,toilet hat,http://aem.asm.org/content/79/17/5112.short,0,16S rRNA,V4,90,1,,,,,,
SRR2143968,AMPLICON,502,22896220,PRJNA290926,SAMN03939753,"MIMARKS.survey,MIGS/MIMS/MIMARKS.human-gut",15080596,UNIVERSITY OF MICHIGAN,NA,public,"sra,run.zq,fastq","ncbi,gs,s3","ncbi.public,gs.us-east1,s3.us-east-1",human stool sample,human body,gut,feces,SRX1132563,USA,North America,USA,Homo sapiens,454 GS,NA,3215650_S143_L001_R1_001.fastq.3215650,PAIRED,PCR,METAGENOMIC,human gut metagenome,metagenome,LS454,2015-08-09T00:00:00Z,2015-08-04T14:32:00Z,1,-80C,3215650,3215650,Illumina MiSeq,SRP062005,0,44,0,0,29.7,3,Uchime,0,0,Cancer,0,148,male,172,0,1,0,paired-end,0,1,0,0,http://aem.asm.org/content/79/17/5112/suppl/DCSupplemental,FWD:GTGCCAGCMGCCGCGGTAA; REV:GGACTACHVGGGTWTCTAAT,toilet hat,http://aem.asm.org/content/79/17/5112.short,1,16S rRNA,V4,88,1,,,,,,
SRR2143969,AMPLICON,502,27573856,PRJNA290926,SAMN03939754,"MIMARKS.survey,MIGS/MIMS/MIMARKS.human-gut",18229951,UNIVERSITY OF MICHIGAN,NA,public,"run.zq,fastq,sra","ncbi,s3,gs","ncbi.public,s3.us-east-1,gs.us-east1",human stool sample,human body,gut,feces,SRX1132564,USA,North America,USA,Homo sapiens,454 GS,NA,3217660_S137_L001_R1_001.fastq.3217660,PAIRED,PCR,METAGENOMIC,human gut metagenome,metagenome,LS454,2015-08-09T00:00:00Z,2015-08-04T14:32:00Z,1,-80C,3217660,3217660,Illumina MiSeq,SRP062005,0,67,0,0,25.6,NA,Uchime,0,0,adv Adenoma,0,0,female,157,1,1,0,paired-end,0,0,0,0,http://aem.asm.org/content/79/17/5112/suppl/DCSupplemental,FWD:GTGCCAGCMGCCGCGGTAA; REV:GGACTACHVGGGTWTCTAAT,toilet hat,http://aem.asm.org/content/79/17/5112.short,0,16S rRNA,V4,63,1,,,,,,
SRR2143970,AMPLICON,502,15793924,PRJNA290926,SAMN03939755,"MIMARKS.survey,MIGS/MIMS/MIMARKS.human-gut",11742351,UNIVERSITY OF MICHIGAN,NA,public,"sra,fastq,run.zq","ncbi,gs,s3","s3.us-east-1,ncbi.public,gs.us-east1",human stool sample,human body,gut,feces,SRX1132565,USA,North America,USA,Homo sapiens,454 GS,NA,3219650_S67_L001_R1_001.fastq.3219650,PAIRED,PCR,METAGENOMIC,human gut metagenome,metagenome,LS454,2015-08-09T00:00:00Z,2015-08-04T14:32:00Z,1,-80C,3219650,3219650,Illumina MiSeq,SRP062005,0,55,0,0,22.5,NA,Uchime,0,0,High Risk Normal,0,1,female,170,1,1,1,paired-end,0,0,0,0,http://aem.asm.org/content/79/17/5112/suppl/DCSupplemental,FWD:GTGCCAGCMGCCGCGGTAA; REV:GGACTACHVGGGTWTCTAAT,toilet hat,http://aem.asm.org/content/79/17/5112.short,1,16S rRNA,V4,65,1,,,,,,
SRR2143972,AMPLICON,502,19703500,PRJNA290926,SAMN03939756,"MIMARKS.survey,MIGS/MIMS/MIMARKS.human-gut",12964974,UNIVERSITY OF MICHIGAN,NA,public,"fastq,run.zq,sra","gs,ncbi,s3","gs.us-east1,ncbi.public,s3.us-east-1",human stool sample,human body,gut,feces,SRX1132566,USA,North America,USA,Homo sapiens,454 GS,NA,3221650_S40_L001_R1_001.fastq.3221650,PAIRED,PCR,METAGENOMIC,human gut metagenome,metagenome,LS454,2015-08-09T00:00:00Z,2015-08-04T14:32:00Z,1,-80C,3221650,3221650,Illumina MiSeq,SRP062005,0,48,0,0,23.6,NA,Uchime,0,0,High Risk Normal,0,29,female,158,0,1,0,paired-end,0,0,0,0,http://aem.asm.org/content/79/17/5112/suppl/DCSupplemental,FWD:GTGCCAGCMGCCGCGGTAA; REV:GGACTACHVGGGTWTCTAAT,toilet hat,http://aem.asm.org/content/79/17/5112.short,0,16S rRNA,V4,59,1,,,,,,
SRR2143973,AMPLICON,502,65940712,PRJNA290926,SAMN03939757,"MIMARKS.survey,MIGS/MIMS/MIMARKS.human-gut",48480130,UNIVERSITY OF MICHIGAN,NA,public,"fastq,sra,run.zq","gs,ncbi,s3","gs.us-east1,s3.us-east-1,ncbi.public",human stool sample,human body,gut,feces,SRX1132567,USA,North America,USA,Homo sapiens,454 GS,NA,3223650_S128_L001_R1_001.fastq.3223650,PAIRED,PCR,METAGENOMIC,human gut metagenome,metagenome,LS454,2015-08-09T00:00:00Z,2015-08-04T14:32:00Z,1,-80C,3223650,3223650,Illumina MiSeq,SRP062005,0,75,0,0,24.6,NA,Uchime,0,0,adv Adenoma,0,0,female,160,1,1,0,paired-end,0,0,0,0,http://aem.asm.org/content/79/17/5112/suppl/DCSupplemental,FWD:GTGCCAGCMGCCGCGGTAA; REV:GGACTACHVGGGTWTCTAAT,toilet hat,http://aem.asm.org/content/79/17/5112.short,1,16S rRNA,V4,63,1,,,,,,
SRR2143974,AMPLICON,502,37325206,PRJNA290926,SAMN03939758,"MIMARKS.survey,MIGS/MIMS/MIMARKS.human-gut",25011460,UNIVERSITY OF MICHIGAN,NA,public,"sra,run.zq,fastq","ncbi,s3,gs","ncbi.public,gs.us-east1,s3.us-east-1",human stool sample,human body,gut,feces,SRX1132568,USA,North America,USA,Homo sapiens,454 GS,NA,3225690_S88_L001_R1_001.fastq.3225690,PAIRED,PCR,METAGENOMIC,human gut metagenome,metagenome,LS454,2015-08-09T00:00:00Z,2015-08-04T14:32:00Z,1,-80C,3225690,3225690,Illumina MiSeq,SRP062005,0,68,0,0,30.1,NA,Uchime,0,0,adv Adenoma,0,88,female,162,0,1,0,paired-end,0,0,0,0,http://aem.asm.org/content/79/17/5112/suppl/DCSupplemental,FWD:GTGCCAGCMGCCGCGGTAA; REV:GGACTACHVGGGTWTCTAAT,toilet hat,http://aem.asm.org/content/79/17/5112.short,0,16S rRNA,V4,79,1,,,,,,
SRR2143975,AMPLICON,502,4736370,PRJNA290926,SAMN03939759,"MIMARKS.survey,MIGS/MIMS/MIMARKS.human-gut",3544482,UNIVERSITY OF MICHIGAN,NA,public,"run.zq,sra,fastq","gs,s3,ncbi","ncbi.public,s3.us-east-1,gs.us-east1",human stool sample,human body,gut,feces,SRX1132570,USA,North America,USA,Homo sapiens,454 GS,NA,3229650_S133_L001_R1_001.fastq.3229650,PAIRED,PCR,METAGENOMIC,human gut metagenome,metagenome,LS454,2015-08-09T00:00:00Z,2015-08-04T14:32:00Z,1,-80C,3229650,3229650,Illumina MiSeq,SRP062005,0,79,0,0,25.6,NA,Uchime,0,0,Adenoma,0,0,male,180,0,0,1,paired-end,0,0,0,0,http://aem.asm.org/content/79/17/5112/suppl/DCSupplemental,FWD:GTGCCAGCMGCCGCGGTAA; REV:GGACTACHVGGGTWTCTAAT,toilet hat,http://aem.asm.org/content/79/17/5112.short,1,16S rRNA,V4,83,1,,,,,,
SRR2143976,AMPLICON,502,26779692,PRJNA290926,SAMN03939759,"MIMARKS.survey,MIGS/MIMS/MIMARKS.human-gut",16790700,UNIVERSITY OF MICHIGAN,NA,public,"run.zq,fastq,sra","gs,ncbi,s3","gs.us-east1,s3.us-east-1,ncbi.public",human stool sample,human body,gut,feces,SRX1132571,USA,North America,USA,Homo sapiens,454 GS,NA,3229650_S43_L001_R1_001.fastq.3229650,PAIRED,PCR,METAGENOMIC,human gut metagenome,metagenome,LS454,2015-08-09T00:00:00Z,2015-08-04T14:32:00Z,1,-80C,3229650,3229650,Illumina MiSeq,SRP062005,0,79,0,0,25.6,NA,Uchime,0,0,Adenoma,0,0,male,180,0,0,1,paired-end,0,0,0,0,http://aem.asm.org/content/79/17/5112/suppl/DCSupplemental,FWD:GTGCCAGCMGCCGCGGTAA; REV:GGACTACHVGGGTWTCTAAT,toilet hat,http://aem.asm.org/content/79/17/5112.short,1,16S rRNA,V4,83,1,,,,,,
SRR2143977,AMPLICON,502,31075808,PRJNA290926,SAMN03939760,"MIMARKS.survey,MIGS/MIMS/MIMARKS.human-gut",20599876,UNIVERSITY OF MICHIGAN,NA,public,"fastq,sra,run.zq","ncbi,gs,s3","gs.us-east1,ncbi.public,s3.us-east-1",human stool sample,human body,gut,feces,SRX1132572,USA,North America,USA,Homo sapiens,454 GS,NA,3231650_S2_L001_R1_001.fastq.3231650,PAIRED,PCR,METAGENOMIC,human gut metagenome,metagenome,LS454,2015-08-09T00:00:00Z,2015-08-04T14:33:00Z,1,-80C,3231650,3231650,Illumina MiSeq,SRP062005,0,71,0,0,28.1,NA,Uchime,0,0,Adenoma,0,0,male,177,0,1,0,paired-end,0,1,0,0,http://aem.asm.org/content/79/17/5112/suppl/DCSupplemental,FWD:GTGCCAGCMGCCGCGGTAA; REV:GGACTACHVGGGTWTCTAAT,toilet hat,http://aem.asm.org/content/79/17/5112.short,0,16S rRNA,V4,88,1,,,,,,
SRR2143978,AMPLICON,502,62306734,PRJNA290926,SAMN03939761,"MIMARKS.survey,MIGS/MIMS/MIMARKS.human-gut",41803171,UNIVERSITY OF MICHIGAN,NA,public,"fastq,sra,run.zq","ncbi,s3,gs","s3.us-east-1,gs.us-east1,ncbi.public",human stool sample,human body,gut,feces,SRX1132573,USA,North America,USA,Homo sapiens,454 GS,NA,3239650_S36_L001_R1_001.fastq.3239650,PAIRED,PCR,METAGENOMIC,human gut metagenome,metagenome,LS454,2015-08-09T00:00:00Z,2015-08-04T14:33:00Z,1,-80C,3239650,3239650,Illumina MiSeq,SRP062005,1,52,0,0,35.1,NA,Uchime,0,0,Normal,0,0,male,185,1,0,0,paired-end,0,0,0,0,http://aem.asm.org/content/79/17/5112/suppl/DCSupplemental,FWD:GTGCCAGCMGCCGCGGTAA; REV:GGACTACHVGGGTWTCTAAT,toilet hat,http://aem.asm.org/content/79/17/5112.short,0,16S rRNA,V4,120,1,,,,,,
SRR2143979,AMPLICON,502,24227524,PRJNA290926,SAMN03939762,"MIMARKS.survey,MIGS/MIMS/MIMARKS.human-gut",15507996,UNIVERSITY OF MICHIGAN,NA,public,"sra,fastq,run.zq","s3,gs,ncbi","gs.us-east1,s3.us-east-1,ncbi.public",human stool sample,human body,gut,feces,SRX1132574,USA,North America,USA,Homo sapiens,454 GS,NA,3241660_S143_L001_R1_001.fastq.3241660,PAIRED,PCR,METAGENOMIC,human gut metagenome,metagenome,LS454,2015-08-09T00:00:00Z,2015-08-04T14:33:00Z,1,-80C,3241660,3241660,Illumina MiSeq,SRP062005,0,45,0,1,33.2,NA,Uchime,0,0,Normal,0,0,female,162,0,0,0,paired-end,0,0,0,0,http://aem.asm.org/content/79/17/5112/suppl/DCSupplemental,FWD:GTGCCAGCMGCCGCGGTAA; REV:GGACTACHVGGGTWTCTAAT,toilet hat,http://aem.asm.org/content/79/17/5112.short,0,16S rRNA,V4,87,0,,,,,,
SRR2143980,AMPLICON,502,64128994,PRJNA290926,SAMN03939763,"MIMARKS.survey,MIGS/MIMS/MIMARKS.human-gut",42830646,UNIVERSITY OF MICHIGAN,NA,public,"run.zq,fastq,sra","s3,ncbi,gs","ncbi.public,s3.us-east-1,gs.us-east1",human stool sample,human body,gut,feces,SRX1132575,USA,North America,USA,Homo sapiens,454 GS,NA,3243680_S45_L001_R1_001.fastq.3243680,PAIRED,PCR,METAGENOMIC,human gut metagenome,metagenome,LS454,2015-08-09T00:00:00Z,2015-08-04T14:33:00Z,1,-80C,3243680,3243680,Illumina MiSeq,SRP062005,0,52,0,0,17.5,NA,Uchime,0,0,Adenoma,0,0,female,162,1,1,0,paired-end,0,0,0,0,http://aem.asm.org/content/79/17/5112/suppl/DCSupplemental,FWD:GTGCCAGCMGCCGCGGTAA; REV:GGACTACHVGGGTWTCTAAT,toilet hat,http://aem.asm.org/content/79/17/5112.short,1,16S rRNA,V4,46,1,,,,,,
SRR2143981,AMPLICON,502,10798522,PRJNA290926,SAMN03939764,"MIMARKS.survey,MIGS/MIMS/MIMARKS.human-gut",7052430,UNIVERSITY OF MICHIGAN,NA,public,"fastq,run.zq,sra","s3,gs,ncbi","ncbi.public,s3.us-east-1,gs.us-east1",human stool sample,human body,gut,feces,SRX1132576,USA,North America,USA,Homo sapiens,454 GS,NA,3245680_S149_L001_R1_001.fastq.3245680,PAIRED,PCR,METAGENOMIC,human gut metagenome,metagenome,LS454,2015-08-09T00:00:00Z,2015-08-04T14:33:00Z,1,-80C,3245680,3245680,Illumina MiSeq,SRP062005,0,47,0,0,21.2,NA,Uchime,0,0,Normal,0,0,female,167,0,0,0,paired-end,0,0,0,0,http://aem.asm.org/content/79/17/5112/suppl/DCSupplemental,FWD:GTGCCAGCMGCCGCGGTAA; REV:GGACTACHVGGGTWTCTAAT,toilet hat,http://aem.asm.org/content/79/17/5112.short,0,16S rRNA,V4,59,1,,,,,,
SRR2143982,AMPLICON,502,8645946,PRJNA290926,SAMN03939765,"MIMARKS.survey,MIGS/MIMS/MIMARKS.human-gut",5819635,UNIVERSITY OF MICHIGAN,NA,public,"run.zq,sra,fastq","ncbi,s3,gs","ncbi.public,s3.us-east-1,gs.us-east1",human stool sample,human body,gut,feces,SRX1132577,USA,North America,USA,Homo sapiens,454 GS,NA,3247652_S172_L001_R1_001.fastq.3247652,PAIRED,PCR,METAGENOMIC,human gut metagenome,metagenome,LS454,2015-08-09T00:00:00Z,2015-08-04T14:33:00Z,1,-80C,3247652,3247652,Illumina MiSeq,SRP062005,0,51,0,0,21.3,NA,Uchime,0,0,Normal,0,0,female,162,0,0,0,paired-end,0,0,0,0,http://aem.asm.org/content/79/17/5112/suppl/DCSupplemental,FWD:GTGCCAGCMGCCGCGGTAA; REV:GGACTACHVGGGTWTCTAAT,toilet hat,http://aem.asm.org/content/79/17/5112.short,0,16S rRNA,V4,56,1,,,,,,
SRR2143983,AMPLICON,502,36802122,PRJNA290926,SAMN03939766,"MIMARKS.survey,MIGS/MIMS/MIMARKS.human-gut",24047442,UNIVERSITY OF MICHIGAN,NA,public,"sra,run.zq,fastq","ncbi,s3,gs","s3.us-east-1,gs.us-east1,ncbi.public",human stool sample,human body,gut,feces,SRX1132578,USA,North America,USA,Homo sapiens,454 GS,NA,3249650_S99_L001_R1_001.fastq.3249650,PAIRED,PCR,METAGENOMIC,human gut metagenome,metagenome,LS454,2015-08-09T00:00:00Z,2015-08-04T14:33:00Z,1,-80C,3249650,3249650,Illumina MiSeq,SRP062005,0,62,0,0,26.7,NA,Uchime,0,0,adv Adenoma,0,0,male,172,0,0,0,paired-end,0,1,0,0,http://aem.asm.org/content/79/17/5112/suppl/DCSupplemental,FWD:GTGCCAGCMGCCGCGGTAA; REV:GGACTACHVGGGTWTCTAAT,toilet hat,http://aem.asm.org/content/79/17/5112.short,0,16S rRNA,V4,79,1,,,,,,
SRR2143984,AMPLICON,502,22118120,PRJNA290926,SAMN03939767,"MIMARKS.survey,MIGS/MIMS/MIMARKS.human-gut",14088820,UNIVERSITY OF MICHIGAN,NA,public,"run.zq,fastq,sra","ncbi,gs,s3","gs.us-east1,s3.us-east-1,ncbi.public",human stool sample,human body,gut,feces,SRX1132579,USA,North America,USA,Homo sapiens,454 GS,NA,3251653_S19_L001_R1_001.fastq.3251653,PAIRED,PCR,METAGENOMIC,human gut metagenome,metagenome,LS454,2015-08-09T00:00:00Z,2015-08-04T14:33:00Z,1,-80C,3251653,3251653,Illumina MiSeq,SRP062005,0,57,0,0,23.8,NA,Uchime,0,0,Normal,1,0,female,152,0,0,0,paired-end,0,1,1,0,http://aem.asm.org/content/79/17/5112/suppl/DCSupplemental,FWD:GTGCCAGCMGCCGCGGTAA; REV:GGACTACHVGGGTWTCTAAT,toilet hat,http://aem.asm.org/content/79/17/5112.short,1,16S rRNA,V4,55,0,,,,,,
SRR2143985,AMPLICON,502,33456292,PRJNA290926,SAMN03939768,"MIMARKS.survey,MIGS/MIMS/MIMARKS.human-gut",22578027,UNIVERSITY OF MICHIGAN,NA,public,"fastq,run.zq,sra","ncbi,s3,gs","gs.us-east1,s3.us-east-1,ncbi.public",human stool sample,human body,gut,feces,SRX1132580,USA,North America,USA,Homo sapiens,454 GS,NA,3257660_S67_L001_R1_001.fastq.3257660,PAIRED,PCR,METAGENOMIC,human gut metagenome,metagenome,LS454,2015-08-09T00:00:00Z,2015-08-04T14:33:00Z,1,-80C,3257660,3257660,Illumina MiSeq,SRP062005,0,65,0,0,33.1,NA,Uchime,0,0,Normal,0,0,male,165,0,0,0,paired-end,0,0,0,0,http://aem.asm.org/content/79/17/5112/suppl/DCSupplemental,FWD:GTGCCAGCMGCCGCGGTAA; REV:GGACTACHVGGGTWTCTAAT,toilet hat,http://aem.asm.org/content/79/17/5112.short,1,16S rRNA,V4,90,1,,,,,,
SRR2143986,AMPLICON,502,53254168,PRJNA290926,SAMN03939769,"MIMARKS.survey,MIGS/MIMS/MIMARKS.human-gut",35314320,UNIVERSITY OF MICHIGAN,NA,public,"sra,run.zq,fastq","gs,ncbi,s3","s3.us-east-1,ncbi.public,gs.us-east1",human stool sample,human body,gut,feces,SRX1132581,USA,North America,USA,Homo sapiens,454 GS,NA,3263650_S34_L001_R1_001.fastq.3263650,PAIRED,PCR,METAGENOMIC,human gut metagenome,metagenome,LS454,2015-08-09T00:00:00Z,2015-08-04T14:33:00Z,1,-80C,3263650,3263650,Illumina MiSeq,SRP062005,0,78,0,0,29.9,1,Uchime,0,0,Cancer,0,12,male,182,0,1,1,paired-end,0,1,0,0,http://aem.asm.org/content/79/17/5112/suppl/DCSupplemental,FWD:GTGCCAGCMGCCGCGGTAA; REV:GGACTACHVGGGTWTCTAAT,toilet hat,http://aem.asm.org/content/79/17/5112.short,1,16S rRNA,V4,99,1,,,,,,
SRR2143987,AMPLICON,502,44109736,PRJNA290926,SAMN03939770,"MIMARKS.survey,MIGS/MIMS/MIMARKS.human-gut",29560598,UNIVERSITY OF MICHIGAN,NA,public,"sra,fastq,run.zq","s3,gs,ncbi","ncbi.public,gs.us-east1,s3.us-east-1",human stool sample,human body,gut,feces,SRX1132582,USA,North America,USA,Homo sapiens,454 GS,NA,3267660_S83_L001_R1_001.fastq.3267660,PAIRED,PCR,METAGENOMIC,human gut metagenome,metagenome,LS454,2015-08-09T00:00:00Z,2015-08-04T14:36:00Z,1,-80C,3267660,3267660,Illumina MiSeq,SRP062005,0,61,0,0,24.4,1,Uchime,0,0,Cancer,0,2426,male,167,0,1,1,paired-end,0,0,0,0,http://aem.asm.org/content/79/17/5112/suppl/DCSupplemental,FWD:GTGCCAGCMGCCGCGGTAA; REV:GGACTACHVGGGTWTCTAAT,toilet hat,http://aem.asm.org/content/79/17/5112.short,0,16S rRNA,V4,68,1,,,,,,
SRR2143988,AMPLICON,502,8948150,PRJNA290926,SAMN03939771,"MIMARKS.survey,MIGS/MIMS/MIMARKS.human-gut",6671473,UNIVERSITY OF MICHIGAN,NA,public,"run.zq,sra,fastq","ncbi,gs,s3","ncbi.public,s3.us-east-1,gs.us-east1",human stool sample,human body,gut,feces,SRX1132583,USA,North America,USA,Homo sapiens,454 GS,NA,3271650_S109_L001_R1_001.fastq.3271650,PAIRED,PCR,METAGENOMIC,human gut metagenome,metagenome,LS454,2015-08-09T00:00:00Z,2015-08-04T14:34:00Z,1,-80C,3271650,3271650,Illumina MiSeq,SRP062005,0,49,0,0,25.6,NA,Uchime,0,0,Normal,0,0,male,180,1,0,0,paired-end,0,0,0,0,http://aem.asm.org/content/79/17/5112/suppl/DCSupplemental,FWD:GTGCCAGCMGCCGCGGTAA; REV:GGACTACHVGGGTWTCTAAT,toilet hat,http://aem.asm.org/content/79/17/5112.short,0,16S rRNA,V4,83,1,,,,,,
SRR2143989,AMPLICON,502,35556660,PRJNA290926,SAMN03939771,"MIMARKS.survey,MIGS/MIMS/MIMARKS.human-gut",22352326,UNIVERSITY OF MICHIGAN,NA,public,"run.zq,fastq,sra","ncbi,s3,gs","s3.us-east-1,gs.us-east1,ncbi.public",human stool sample,human body,gut,feces,SRX1132585,USA,North America,USA,Homo sapiens,454 GS,NA,3271650_S19_L001_R1_001.fastq.3271650,PAIRED,PCR,METAGENOMIC,human gut metagenome,metagenome,LS454,2015-08-09T00:00:00Z,2015-08-04T14:34:00Z,1,-80C,3271650,3271650,Illumina MiSeq,SRP062005,0,49,0,0,25.6,NA,Uchime,0,0,Normal,0,0,male,180,1,0,0,paired-end,0,0,0,0,http://aem.asm.org/content/79/17/5112/suppl/DCSupplemental,FWD:GTGCCAGCMGCCGCGGTAA; REV:GGACTACHVGGGTWTCTAAT,toilet hat,http://aem.asm.org/content/79/17/5112.short,0,16S rRNA,V4,83,1,,,,,,
SRR2143990,AMPLICON,502,7033020,PRJNA290926,SAMN03939772,"MIMARKS.survey,MIGS/MIMS/MIMARKS.human-gut",4639267,UNIVERSITY OF MICHIGAN,NA,public,"run.zq,fastq,sra","gs,s3,ncbi","ncbi.public,gs.us-east1,s3.us-east-1",human stool sample,human body,gut,feces,SRX1132586,USA,North America,USA,Homo sapiens,454 GS,NA,3273652_S3_L001_R1_001.fastq.3273652,PAIRED,PCR,METAGENOMIC,human gut metagenome,metagenome,LS454,2015-08-09T00:00:00Z,2015-08-04T14:34:00Z,1,-80C,3273652,3273652,Illumina MiSeq,SRP062005,0,63,0,0,27.3,NA,Uchime,0,0,adv Adenoma,0,0,female,170,0,1,0,paired-end,0,0,0,0,http://aem.asm.org/content/79/17/5112/suppl/DCSupplemental,FWD:GTGCCAGCMGCCGCGGTAA; REV:GGACTACHVGGGTWTCTAAT,toilet hat,http://aem.asm.org/content/79/17/5112.short,0,16S rRNA,V4,79,1,,,,,,
SRR2143991,AMPLICON,502,45392346,PRJNA290926,SAMN03939772,"MIMARKS.survey,MIGS/MIMS/MIMARKS.human-gut",28751363,UNIVERSITY OF MICHIGAN,NA,public,"fastq,run.zq,sra","ncbi,s3,gs","s3.us-east-1,ncbi.public,gs.us-east1",human stool sample,human body,gut,feces,SRX1132587,USA,North America,USA,Homo sapiens,454 GS,NA,3273652_S94_L001_R1_001.fastq.3273652,PAIRED,PCR,METAGENOMIC,human gut metagenome,metagenome,LS454,2015-08-09T00:00:00Z,2015-08-04T14:34:00Z,1,-80C,3273652,3273652,Illumina MiSeq,SRP062005,0,63,0,0,27.3,NA,Uchime,0,0,adv Adenoma,0,0,female,170,0,1,0,paired-end,0,0,0,0,http://aem.asm.org/content/79/17/5112/suppl/DCSupplemental,FWD:GTGCCAGCMGCCGCGGTAA; REV:GGACTACHVGGGTWTCTAAT,toilet hat,http://aem.asm.org/content/79/17/5112.short,0,16S rRNA,V4,79,1,,,,,,
SRR2143992,AMPLICON,502,5600312,PRJNA290926,SAMN03939773,"MIMARKS.survey,MIGS/MIMS/MIMARKS.human-gut",4194281,UNIVERSITY OF MICHIGAN,NA,public,"run.zq,sra,fastq","ncbi,gs,s3","gs.us-east1,ncbi.public,s3.us-east-1",human stool sample,human body,gut,feces,SRX1132588,USA,North America,USA,Homo sapiens,454 GS,NA,3277650_S111_L001_R1_001.fastq.3277650,PAIRED,PCR,METAGENOMIC,human gut metagenome,metagenome,LS454,2015-08-09T00:00:00Z,2015-08-04T15:04:00Z,1,-80C,3277650,3277650,Illumina MiSeq,SRP062005,0,76,0,0,23.3,NA,Uchime,0,0,Adenoma,0,78,female,167,0,1,0,paired-end,0,0,0,0,http://aem.asm.org/content/79/17/5112/suppl/DCSupplemental,FWD:GTGCCAGCMGCCGCGGTAA; REV:GGACTACHVGGGTWTCTAAT,toilet hat,http://aem.asm.org/content/79/17/5112.short,1,16S rRNA,V4,65,1,,,,,,
SRR2143993,AMPLICON,502,94399594,PRJNA290926,SAMN03939773,"MIMARKS.survey,MIGS/MIMS/MIMARKS.human-gut",58806633,UNIVERSITY OF MICHIGAN,NA,public,"fastq,run.zq,sra","gs,s3,ncbi","s3.us-east-1,ncbi.public,gs.us-east1",human stool sample,human body,gut,feces,SRX1132589,USA,North America,USA,Homo sapiens,454 GS,NA,3277650_S21_L001_R1_001.fastq.3277650,PAIRED,PCR,METAGENOMIC,human gut metagenome,metagenome,LS454,2015-08-09T00:00:00Z,2015-08-04T15:05:00Z,1,-80C,3277650,3277650,Illumina MiSeq,SRP062005,0,76,0,0,23.3,NA,Uchime,0,0,Adenoma,0,78,female,167,0,1,0,paired-end,0,0,0,0,http://aem.asm.org/content/79/17/5112/suppl/DCSupplemental,FWD:GTGCCAGCMGCCGCGGTAA; REV:GGACTACHVGGGTWTCTAAT,toilet hat,http://aem.asm.org/content/79/17/5112.short,1,16S rRNA,V4,65,1,,,,,,
SRR2143994,AMPLICON,502,9696130,PRJNA290926,SAMN03939774,"MIMARKS.survey,MIGS/MIMS/MIMARKS.human-gut",7245316,UNIVERSITY OF MICHIGAN,NA,public,"run.zq,fastq,sra","ncbi,gs,s3","s3.us-east-1,gs.us-east1,ncbi.public",human stool sample,human body,gut,feces,SRX1132590,USA,North America,USA,Homo sapiens,454 GS,NA,3279650_S141_L001_R1_001.fastq.3279650,PAIRED,PCR,METAGENOMIC,human gut metagenome,metagenome,LS454,2015-08-09T00:00:00Z,2015-08-04T15:04:00Z,1,-80C,3279650,3279650,Illumina MiSeq,SRP062005,0,67,0,0,22.6,NA,Uchime,0,0,adv Adenoma,0,0,male,187,0,1,0,paired-end,0,0,0,0,http://aem.asm.org/content/79/17/5112/suppl/DCSupplemental,FWD:GTGCCAGCMGCCGCGGTAA; REV:GGACTACHVGGGTWTCTAAT,toilet hat,http://aem.asm.org/content/79/17/5112.short,0,16S rRNA,V4,79,1,,,,,,
SRR2143995,AMPLICON,502,47267818,PRJNA290926,SAMN03939774,"MIMARKS.survey,MIGS/MIMS/MIMARKS.human-gut",30101998,UNIVERSITY OF MICHIGAN,NA,public,"sra,run.zq,fastq","gs,ncbi,s3","s3.us-east-1,gs.us-east1,ncbi.public",human stool sample,human body,gut,feces,SRX1132591,USA,North America,USA,Homo sapiens,454 GS,NA,3279650_S90_L001_R1_001.fastq.3279650,PAIRED,PCR,METAGENOMIC,human gut metagenome,metagenome,LS454,2015-08-09T00:00:00Z,2015-08-04T15:04:00Z,1,-80C,3279650,3279650,Illumina MiSeq,SRP062005,0,67,0,0,22.6,NA,Uchime,0,0,adv Adenoma,0,0,male,187,0,1,0,paired-end,0,0,0,0,http://aem.asm.org/content/79/17/5112/suppl/DCSupplemental,FWD:GTGCCAGCMGCCGCGGTAA; REV:GGACTACHVGGGTWTCTAAT,toilet hat,http://aem.asm.org/content/79/17/5112.short,0,16S rRNA,V4,79,1,,,,,,
SRR2143996,AMPLICON,502,36661562,PRJNA290926,SAMN03939775,"MIMARKS.survey,MIGS/MIMS/MIMARKS.human-gut",24259969,UNIVERSITY OF MICHIGAN,NA,public,"sra,run.zq,fastq","gs,ncbi,s3","ncbi.public,gs.us-east1,s3.us-east-1",human stool sample,human body,gut,feces,SRX1132593,USA,North America,USA,Homo sapiens,454 GS,NA,3281670_S70_L001_R1_001.fastq.3281670,PAIRED,PCR,METAGENOMIC,human gut metagenome,metagenome,LS454,2015-08-09T00:00:00Z,2015-08-04T15:04:00Z,1,-80C,3281670,3281670,Illumina MiSeq,SRP062005,0,75,0,0,49.8,2,Uchime,0,0,Cancer,0,2784,female,154,0,0,1,paired-end,0,1,0,0,http://aem.asm.org/content/79/17/5112/suppl/DCSupplemental,FWD:GTGCCAGCMGCCGCGGTAA; REV:GGACTACHVGGGTWTCTAAT,toilet hat,http://aem.asm.org/content/79/17/5112.short,0,16S rRNA,V4,118,1,,,,,,
SRR2143997,AMPLICON,502,31269580,PRJNA290926,SAMN03939776,"MIMARKS.survey,MIGS/MIMS/MIMARKS.human-gut",20796834,UNIVERSITY OF MICHIGAN,NA,public,"fastq,sra,run.zq","gs,s3,ncbi","s3.us-east-1,gs.us-east1,ncbi.public",human stool sample,human body,gut,feces,SRX1132594,USA,North America,USA,Homo sapiens,454 GS,NA,3283690_S86_L001_R1_001.fastq.3283690,PAIRED,PCR,METAGENOMIC,human gut metagenome,metagenome,LS454,2015-08-09T00:00:00Z,2015-08-04T15:04:00Z,1,-80C,3283690,3283690,Illumina MiSeq,SRP062005,0,52,1,0,20.2,NA,Uchime,0,0,Adenoma,0,0,female,154,0,0,0,paired-end,0,0,0,0,http://aem.asm.org/content/79/17/5112/suppl/DCSupplemental,FWD:GTGCCAGCMGCCGCGGTAA; REV:GGACTACHVGGGTWTCTAAT,toilet hat,http://aem.asm.org/content/79/17/5112.short,0,16S rRNA,V4,48,0,,,,,,
SRR2143998,AMPLICON,502,45917940,PRJNA290926,SAMN03939777,"MIMARKS.survey,MIGS/MIMS/MIMARKS.human-gut",31377113,UNIVERSITY OF MICHIGAN,NA,public,"fastq,run.zq,sra","gs,ncbi,s3","s3.us-east-1,ncbi.public,gs.us-east1",human stool sample,human body,gut,feces,SRX1132595,USA,North America,USA,Homo sapiens,454 GS,NA,3289650_S72_L001_R1_001.fastq.3289650,PAIRED,PCR,METAGENOMIC,human gut metagenome,metagenome,LS454,2015-08-09T00:00:00Z,2015-08-04T15:04:00Z,1,-80C,3289650,3289650,Illumina MiSeq,SRP062005,0,79,0,0,23.9,3,Uchime,0,0,Cancer,0,1885,female,157,0,1,0,paired-end,0,0,0,0,http://aem.asm.org/content/79/17/5112/suppl/DCSupplemental,FWD:GTGCCAGCMGCCGCGGTAA; REV:GGACTACHVGGGTWTCTAAT,toilet hat,http://aem.asm.org/content/79/17/5112.short,0,16S rRNA,V4,59,1,,,,,,
SRR2143999,AMPLICON,502,27868028,PRJNA290926,SAMN03939778,"MIMARKS.survey,MIGS/MIMS/MIMARKS.human-gut",18519584,UNIVERSITY OF MICHIGAN,NA,public,"fastq,run.zq,sra","ncbi,s3,gs","gs.us-east1,s3.us-east-1,ncbi.public",human stool sample,human body,gut,feces,SRX1132596,USA,North America,USA,Homo sapiens,454 GS,NA,3291670_S85_L001_R1_001.fastq.3291670,PAIRED,PCR,METAGENOMIC,human gut metagenome,metagenome,LS454,2015-08-09T00:00:00Z,2015-08-04T15:04:00Z,1,-80C,3291670,3291670,Illumina MiSeq,SRP062005,0,63,0,1,32.8,NA,Uchime,0,0,Normal,0,0,female,160,0,0,0,paired-end,0,1,0,0,http://aem.asm.org/content/79/17/5112/suppl/DCSupplemental,FWD:GTGCCAGCMGCCGCGGTAA; REV:GGACTACHVGGGTWTCTAAT,toilet hat,http://aem.asm.org/content/79/17/5112.short,0,16S rRNA,V4,84,0,,,,,,
SRR2144001,AMPLICON,502,45496762,PRJNA290926,SAMN03939779,"MIMARKS.survey,MIGS/MIMS/MIMARKS.human-gut",28650746,UNIVERSITY OF MICHIGAN,NA,public,"fastq,run.zq,sra","gs,s3,ncbi","ncbi.public,s3.us-east-1,gs.us-east1",human stool sample,human body,gut,feces,SRX1132597,USA,North America,USA,Homo sapiens,454 GS,NA,3293653_S11_L001_R1_001.fastq.3293653,PAIRED,PCR,METAGENOMIC,human gut metagenome,metagenome,LS454,2015-08-09T00:00:00Z,2015-08-04T15:04:00Z,1,-80C,3293653,3293653,Illumina MiSeq,SRP062005,0,52,0,0,32,NA,Uchime,0,0,Normal,0,0,female,162,0,0,0,paired-end,0,0,0,0,http://aem.asm.org/content/79/17/5112/suppl/DCSupplemental,FWD:GTGCCAGCMGCCGCGGTAA; REV:GGACTACHVGGGTWTCTAAT,toilet hat,http://aem.asm.org/content/79/17/5112.short,0,16S rRNA,V4,84,1,,,,,,
SRR2144002,AMPLICON,502,5256944,PRJNA290926,SAMN03939779,"MIMARKS.survey,MIGS/MIMS/MIMARKS.human-gut",3509260,UNIVERSITY OF MICHIGAN,NA,public,"sra,run.zq,fastq","s3,ncbi,gs","s3.us-east-1,ncbi.public,gs.us-east1",human stool sample,human body,gut,feces,SRX1132598,USA,North America,USA,Homo sapiens,454 GS,NA,3293653_S6_L001_R1_001.fastq.3293653,PAIRED,PCR,METAGENOMIC,human gut metagenome,metagenome,LS454,2015-08-09T00:00:00Z,2015-08-04T15:04:00Z,1,-80C,3293653,3293653,Illumina MiSeq,SRP062005,0,52,0,0,32,NA,Uchime,0,0,Normal,0,0,female,162,0,0,0,paired-end,0,0,0,0,http://aem.asm.org/content/79/17/5112/suppl/DCSupplemental,FWD:GTGCCAGCMGCCGCGGTAA; REV:GGACTACHVGGGTWTCTAAT,toilet hat,http://aem.asm.org/content/79/17/5112.short,0,16S rRNA,V4,84,1,,,,,,
SRR2144003,AMPLICON,502,23476532,PRJNA290926,SAMN03939780,"MIMARKS.survey,MIGS/MIMS/MIMARKS.human-gut",17417041,UNIVERSITY OF MICHIGAN,NA,public,"run.zq,fastq,sra","ncbi,s3,gs","ncbi.public,s3.us-east-1,gs.us-east1",human stool sample,human body,gut,feces,SRX1132599,USA,North America,USA,Homo sapiens,454 GS,NA,3297650_S113_L001_R1_001.fastq.3297650,PAIRED,PCR,METAGENOMIC,human gut metagenome,metagenome,LS454,2015-08-09T00:00:00Z,2015-08-04T15:04:00Z,1,-80C,3297650,3297650,Illumina MiSeq,SRP062005,0,71,0,0,27,2,Uchime,0,0,Cancer,0,2403,female,160,1,1,1,paired-end,0,0,0,0,http://aem.asm.org/content/79/17/5112/suppl/DCSupplemental,FWD:GTGCCAGCMGCCGCGGTAA; REV:GGACTACHVGGGTWTCTAAT,toilet hat,http://aem.asm.org/content/79/17/5112.short,0,16S rRNA,V4,69,1,,,,,,
SRR2144004,AMPLICON,502,24502620,PRJNA290926,SAMN03939781,"MIMARKS.survey,MIGS/MIMS/MIMARKS.human-gut",16403273,UNIVERSITY OF MICHIGAN,NA,public,"run.zq,fastq,sra","gs,s3,ncbi","s3.us-east-1,ncbi.public,gs.us-east1",human stool sample,human body,gut,feces,SRX1132600,USA,North America,USA,Homo sapiens,454 GS,NA,3301660_S44_L001_R1_001.fastq.3301660,PAIRED,PCR,METAGENOMIC,human gut metagenome,metagenome,LS454,2015-08-09T00:00:00Z,2015-08-04T15:04:00Z,1,-80C,3301660,3301660,Illumina MiSeq,SRP062005,0,55,0,0,22.9,3,Uchime,0,0,Cancer,0,660,female,167,0,1,1,paired-end,0,1,0,0,http://aem.asm.org/content/79/17/5112/suppl/DCSupplemental,FWD:GTGCCAGCMGCCGCGGTAA; REV:GGACTACHVGGGTWTCTAAT,toilet hat,http://aem.asm.org/content/79/17/5112.short,0,16S rRNA,V4,64,1,,,,,,
SRR2144005,AMPLICON,502,29145116,PRJNA290926,SAMN03939782,"MIMARKS.survey,MIGS/MIMS/MIMARKS.human-gut",19434410,UNIVERSITY OF MICHIGAN,NA,public,"run.zq,sra,fastq","gs,s3,ncbi","s3.us-east-1,gs.us-east1,ncbi.public",human stool sample,human body,gut,feces,SRX1132601,USA,North America,USA,Homo sapiens,454 GS,NA,3311680_S80_L001_R1_001.fastq.3311680,PAIRED,PCR,METAGENOMIC,human gut metagenome,metagenome,LS454,2015-08-09T00:00:00Z,2015-08-04T15:04:00Z,1,-80C,3311680,3311680,Illumina MiSeq,SRP062005,0,50,0,0,28.1,NA,Uchime,0,0,Normal,0,9,male,175,0,0,0,paired-end,0,0,0,0,http://aem.asm.org/content/79/17/5112/suppl/DCSupplemental,FWD:GTGCCAGCMGCCGCGGTAA; REV:GGACTACHVGGGTWTCTAAT,toilet hat,http://aem.asm.org/content/79/17/5112.short,0,16S rRNA,V4,86,1,,,,,,
SRR2144006,AMPLICON,502,12895878,PRJNA290926,SAMN03939783,"MIMARKS.survey,MIGS/MIMS/MIMARKS.human-gut",8320740,UNIVERSITY OF MICHIGAN,NA,public,"fastq,run.zq,sra","ncbi,gs,s3","s3.us-east-1,gs.us-east1,ncbi.public",human stool sample,human body,gut,feces,SRX1132602,USA,North America,USA,Homo sapiens,454 GS,NA,3313650_S113_L001_R1_001.fastq.3313650,PAIRED,PCR,METAGENOMIC,human gut metagenome,metagenome,LS454,2015-08-09T00:00:00Z,2015-08-04T15:04:00Z,1,-80C,3313650,3313650,Illumina MiSeq,SRP062005,0,73,0,0,25.2,1,Uchime,0,0,Cancer,0,0,female,149,0,1,0,paired-end,0,0,0,0,http://aem.asm.org/content/79/17/5112/suppl/DCSupplemental,FWD:GTGCCAGCMGCCGCGGTAA; REV:GGACTACHVGGGTWTCTAAT,toilet hat,http://aem.asm.org/content/79/17/5112.short,1,16S rRNA,V4,56,1,,,,,,
SRR2144007,AMPLICON,502,5308148,PRJNA290926,SAMN03939784,"MIGS/MIMS/MIMARKS.human-gut,MIMARKS.survey",3540401,UNIVERSITY OF MICHIGAN,NA,public,"fastq,sra,run.zq","ncbi,gs,s3","s3.us-east-1,ncbi.public,gs.us-east1",human stool sample,human body,gut,feces,SRX1132603,USA,North America,USA,Homo sapiens,454 GS,NA,3315650_S101_L001_R1_001.fastq.3315650,PAIRED,PCR,METAGENOMIC,human gut metagenome,metagenome,LS454,2015-08-09T00:00:00Z,2015-08-04T15:03:00Z,1,-80C,3315650,3315650,Illumina MiSeq,SRP062005,0,68,0,1,23.6,1,Uchime,0,0,Cancer,0,497,female,154,1,1,1,paired-end,1,0,0,0,http://aem.asm.org/content/79/17/5112/suppl/DCSupplemental,FWD:GTGCCAGCMGCCGCGGTAA; REV:GGACTACHVGGGTWTCTAAT,toilet hat,http://aem.asm.org/content/79/17/5112.short,1,16S rRNA,V4,56,1,,,,,,
SRR2144008,AMPLICON,502,61840376,PRJNA290926,SAMN03939784,"MIGS/MIMS/MIMARKS.human-gut,MIMARKS.survey",38509089,UNIVERSITY OF MICHIGAN,NA,public,"fastq,run.zq,sra","s3,ncbi,gs","gs.us-east1,ncbi.public,s3.us-east-1",human stool sample,human body,gut,feces,SRX1132604,USA,North America,USA,Homo sapiens,454 GS,NA,3315650_S48_L001_R1_001.fastq.3315650,PAIRED,PCR,METAGENOMIC,human gut metagenome,metagenome,LS454,2015-08-09T00:00:00Z,2015-08-04T15:04:00Z,1,-80C,3315650,3315650,Illumina MiSeq,SRP062005,0,68,0,1,23.6,1,Uchime,0,0,Cancer,0,497,female,154,1,1,1,paired-end,1,0,0,0,http://aem.asm.org/content/79/17/5112/suppl/DCSupplemental,FWD:GTGCCAGCMGCCGCGGTAA; REV:GGACTACHVGGGTWTCTAAT,toilet hat,http://aem.asm.org/content/79/17/5112.short,1,16S rRNA,V4,56,1,,,,,,
SRR2144009,AMPLICON,502,10995306,PRJNA290926,SAMN03939785,"MIMARKS.survey,MIGS/MIMS/MIMARKS.human-gut",8157192,UNIVERSITY OF MICHIGAN,NA,public,"run.zq,sra,fastq","s3,ncbi,gs","gs.us-east1,s3.us-east-1,ncbi.public",human stool sample,human body,gut,feces,SRX1132605,USA,North America,USA,Homo sapiens,454 GS,NA,3317650_S112_L001_R1_001.fastq.3317650,PAIRED,PCR,METAGENOMIC,human gut metagenome,metagenome,LS454,2015-08-09T00:00:00Z,2015-08-04T15:04:00Z,1,-80C,3317650,3317650,Illumina MiSeq,SRP062005,0,65,0,0,21.9,1,Uchime,0,0,Cancer,0,2611,female,167,0,1,1,paired-end,0,0,0,0,http://aem.asm.org/content/79/17/5112/suppl/DCSupplemental,FWD:GTGCCAGCMGCCGCGGTAA; REV:GGACTACHVGGGTWTCTAAT,toilet hat,http://aem.asm.org/content/79/17/5112.short,0,16S rRNA,V4,61,1,,,,,,
SRR2144010,AMPLICON,502,14220656,PRJNA290926,SAMN03939786,"MIMARKS.survey,MIGS/MIMS/MIMARKS.human-gut",9228647,UNIVERSITY OF MICHIGAN,NA,public,"run.zq,sra,fastq","ncbi,s3,gs","s3.us-east-1,ncbi.public,gs.us-east1",human stool sample,human body,gut,feces,SRX1132606,USA,North America,USA,Homo sapiens,454 GS,NA,3319650_S97_L001_R1_001.fastq.3319650,PAIRED,PCR,METAGENOMIC,human gut metagenome,metagenome,LS454,2015-08-09T00:00:00Z,2015-08-04T15:04:00Z,1,-80C,3319650,3319650,Illumina MiSeq,SRP062005,0,31,0,0,23.5,NA,Uchime,0,0,Adenoma,0,130,female,175,1,1,0,paired-end,0,0,0,0,http://aem.asm.org/content/79/17/5112/suppl/DCSupplemental,FWD:GTGCCAGCMGCCGCGGTAA; REV:GGACTACHVGGGTWTCTAAT,toilet hat,http://aem.asm.org/content/79/17/5112.short,1,16S rRNA,V4,72,1,,,,,,
SRR2144011,AMPLICON,502,20197468,PRJNA290926,SAMN03939787,"MIMARKS.survey,MIGS/MIMS/MIMARKS.human-gut",13373008,UNIVERSITY OF MICHIGAN,NA,public,"sra,fastq,run.zq","gs,ncbi,s3","ncbi.public,s3.us-east-1,gs.us-east1",human stool sample,human body,gut,feces,SRX1132607,USA,North America,USA,Homo sapiens,454 GS,NA,3321660_S11_L001_R1_001.fastq.3321660,PAIRED,PCR,METAGENOMIC,human gut metagenome,metagenome,LS454,2015-08-09T00:00:00Z,2015-08-04T15:04:00Z,1,-80C,3321660,3321660,Illumina MiSeq,SRP062005,0,84,0,0,20.7,2,Uchime,0,0,Cancer,0,1211,female,160,0,0,0,paired-end,0,0,0,0,http://aem.asm.org/content/79/17/5112/suppl/DCSupplemental,FWD:GTGCCAGCMGCCGCGGTAA; REV:GGACTACHVGGGTWTCTAAT,toilet hat,http://aem.asm.org/content/79/17/5112.short,0,16S rRNA,V4,53,1,,,,,,
SRR2144012,AMPLICON,502,27475966,PRJNA290926,SAMN03939788,"MIMARKS.survey,MIGS/MIMS/MIMARKS.human-gut",18070833,UNIVERSITY OF MICHIGAN,NA,public,"run.zq,fastq,sra","gs,s3,ncbi","ncbi.public,gs.us-east1,s3.us-east-1",human stool sample,human body,gut,feces,SRX1132608,USA,North America,USA,Homo sapiens,454 GS,NA,3323670_S10_L001_R1_001.fastq.3323670,PAIRED,PCR,METAGENOMIC,human gut metagenome,metagenome,LS454,2015-08-09T00:00:00Z,2015-08-04T15:04:00Z,1,-80C,3323670,3323670,Illumina MiSeq,SRP062005,0,53,0,0,28.1,NA,Uchime,0,0,Normal,0,3,female,182,0,0,0,paired-end,0,0,0,0,http://aem.asm.org/content/79/17/5112/suppl/DCSupplemental,FWD:GTGCCAGCMGCCGCGGTAA; REV:GGACTACHVGGGTWTCTAAT,toilet hat,http://aem.asm.org/content/79/17/5112.short,0,16S rRNA,V4,93,1,,,,,,
SRR2144013,AMPLICON,502,16319016,PRJNA290926,SAMN03939789,"MIMARKS.survey,MIGS/MIMS/MIMARKS.human-gut",12092335,UNIVERSITY OF MICHIGAN,NA,public,"fastq,sra,run.zq","gs,ncbi,s3","gs.us-east1,s3.us-east-1,ncbi.public",human stool sample,human body,gut,feces,SRX1132609,USA,North America,USA,Homo sapiens,454 GS,NA,3327650_S142_L001_R1_001.fastq.3327650,PAIRED,PCR,METAGENOMIC,human gut metagenome,metagenome,LS454,2015-08-09T00:00:00Z,2015-08-04T15:04:00Z,1,-80C,3327650,3327650,Illumina MiSeq,SRP062005,0,54,0,0,26.1,NA,Uchime,0,0,High Risk Normal,0,0,female,165,0,1,0,paired-end,0,0,0,0,http://aem.asm.org/content/79/17/5112/suppl/DCSupplemental,FWD:GTGCCAGCMGCCGCGGTAA; REV:GGACTACHVGGGTWTCTAAT,toilet hat,http://aem.asm.org/content/79/17/5112.short,0,16S rRNA,V4,71,1,,,,,,
SRR2144014,AMPLICON,502,20995648,PRJNA290926,SAMN03939790,"MIMARKS.survey,MIGS/MIMS/MIMARKS.human-gut",13783178,UNIVERSITY OF MICHIGAN,NA,public,"fastq,sra,run.zq","ncbi,gs,s3","ncbi.public,s3.us-east-1,gs.us-east1",human stool sample,human body,gut,feces,SRX1132610,USA,North America,USA,Homo sapiens,454 GS,NA,3335650_S135_L001_R1_001.fastq.3335650,PAIRED,PCR,METAGENOMIC,human gut metagenome,metagenome,LS454,2015-08-09T00:00:00Z,2015-08-04T15:04:00Z,1,-80C,3335650,3335650,Illumina MiSeq,SRP062005,0,53,0,0,25.5,NA,Uchime,0,0,High Risk Normal,0,0,female,167,1,1,0,paired-end,0,0,0,0,http://aem.asm.org/content/79/17/5112/suppl/DCSupplemental,FWD:GTGCCAGCMGCCGCGGTAA; REV:GGACTACHVGGGTWTCTAAT,toilet hat,http://aem.asm.org/content/79/17/5112.short,0,16S rRNA,V4,71,1,,,,,,
SRR2144015,AMPLICON,502,30909646,PRJNA290926,SAMN03939791,"MIMARKS.survey,MIGS/MIMS/MIMARKS.human-gut",20391681,UNIVERSITY OF MICHIGAN,NA,public,"run.zq,fastq,sra","gs,s3,ncbi","gs.us-east1,ncbi.public,s3.us-east-1",human stool sample,human body,gut,feces,SRX1132611,USA,North America,USA,Homo sapiens,454 GS,NA,3337650_S141_L001_R1_001.fastq.3337650,PAIRED,PCR,METAGENOMIC,human gut metagenome,metagenome,LS454,2015-08-09T00:00:00Z,2015-08-04T15:04:00Z,1,-80C,3337650,3337650,Illumina MiSeq,SRP062005,0,58,0,0,31.8,1,Uchime,0,0,Cancer,0,154,male,180,0,0,0,paired-end,0,1,0,0,http://aem.asm.org/content/79/17/5112/suppl/DCSupplemental,FWD:GTGCCAGCMGCCGCGGTAA; REV:GGACTACHVGGGTWTCTAAT,toilet hat,http://aem.asm.org/content/79/17/5112.short,1,16S rRNA,V4,103,1,,,,,,
SRR2144016,AMPLICON,502,26089442,PRJNA290926,SAMN03939792,"MIMARKS.survey,MIGS/MIMS/MIMARKS.human-gut",17363443,UNIVERSITY OF MICHIGAN,NA,public,"fastq,sra,run.zq","gs,s3,ncbi","gs.us-east1,s3.us-east-1,ncbi.public",human stool sample,human body,gut,feces,SRX1132612,USA,North America,USA,Homo sapiens,454 GS,NA,3339680_S35_L001_R1_001.fastq.3339680,PAIRED,PCR,METAGENOMIC,human gut metagenome,metagenome,LS454,2015-08-09T00:00:00Z,2015-08-04T15:04:00Z,1,-80C,3339680,3339680,Illumina MiSeq,SRP062005,0,54,0,0,33.6,NA,Uchime,0,0,Normal,0,0,female,170,0,0,0,paired-end,0,0,0,0,http://aem.asm.org/content/79/17/5112/suppl/DCSupplemental,FWD:GTGCCAGCMGCCGCGGTAA; REV:GGACTACHVGGGTWTCTAAT,toilet hat,http://aem.asm.org/content/79/17/5112.short,1,16S rRNA,V4,97,1,,,,,,
SRR2144017,AMPLICON,502,24952914,PRJNA290926,SAMN03939793,"MIMARKS.survey,MIGS/MIMS/MIMARKS.human-gut",16743007,UNIVERSITY OF MICHIGAN,NA,public,"run.zq,fastq,sra","s3,ncbi,gs","s3.us-east-1,gs.us-east1,ncbi.public",human stool sample,human body,gut,feces,SRX1132613,USA,North America,USA,Homo sapiens,454 GS,NA,3341680_S87_L001_R1_001.fastq.3341680,PAIRED,PCR,METAGENOMIC,human gut metagenome,metagenome,LS454,2015-08-09T00:00:00Z,2015-08-04T15:04:00Z,1,-80C,3341680,3341680,Illumina MiSeq,SRP062005,0,75,0,0,23.5,NA,Uchime,0,0,Normal,0,0,female,170,0,0,0,paired-end,0,0,0,0,http://aem.asm.org/content/79/17/5112/suppl/DCSupplemental,FWD:GTGCCAGCMGCCGCGGTAA; REV:GGACTACHVGGGTWTCTAAT,toilet hat,http://aem.asm.org/content/79/17/5112.short,0,16S rRNA,V4,68,1,,,,,,
SRR2144018,AMPLICON,502,21965010,PRJNA290926,SAMN03939794,"MIMARKS.survey,MIGS/MIMS/MIMARKS.human-gut",14141481,UNIVERSITY OF MICHIGAN,NA,public,"fastq,run.zq,sra","s3,ncbi,gs","gs.us-east1,s3.us-east-1,ncbi.public",human stool sample,human body,gut,feces,SRX1132614,USA,North America,USA,Homo sapiens,454 GS,NA,3343650_S68_L001_R1_001.fastq.3343650,PAIRED,PCR,METAGENOMIC,human gut metagenome,metagenome,LS454,2015-08-09T00:00:00Z,2015-08-04T15:03:00Z,1,-80C,3343650,3343650,Illumina MiSeq,SRP062005,0,51,0,0,27.4,NA,Uchime,0,0,Adenoma,0,0,female,162,0,1,0,paired-end,0,0,0,0,http://aem.asm.org/content/79/17/5112/suppl/DCSupplemental,FWD:GTGCCAGCMGCCGCGGTAA; REV:GGACTACHVGGGTWTCTAAT,toilet hat,http://aem.asm.org/content/79/17/5112.short,0,16S rRNA,V4,72,1,,,,,,
SRR2144019,AMPLICON,502,7164544,PRJNA290926,SAMN03939795,"MIMARKS.survey,MIGS/MIMS/MIMARKS.human-gut",5355061,UNIVERSITY OF MICHIGAN,NA,public,"fastq,sra,run.zq","gs,ncbi,s3","gs.us-east1,s3.us-east-1,ncbi.public",human stool sample,human body,gut,feces,SRX1132615,USA,North America,USA,Homo sapiens,454 GS,NA,3345650_S107_L001_R1_001.fastq.3345650,PAIRED,PCR,METAGENOMIC,human gut metagenome,metagenome,LS454,2015-08-09T00:00:00Z,2015-08-04T15:02:00Z,1,-80C,3345650,3345650,Illumina MiSeq,SRP062005,0,55,0,0,29.8,NA,Uchime,0,0,Normal,0,0,female,170,0,0,1,paired-end,0,1,0,0,http://aem.asm.org/content/79/17/5112/suppl/DCSupplemental,FWD:GTGCCAGCMGCCGCGGTAA; REV:GGACTACHVGGGTWTCTAAT,toilet hat,http://aem.asm.org/content/79/17/5112.short,1,16S rRNA,V4,86,1,,,,,,
SRR2144020,AMPLICON,502,40083194,PRJNA290926,SAMN03939795,"MIMARKS.survey,MIGS/MIMS/MIMARKS.human-gut",24983235,UNIVERSITY OF MICHIGAN,NA,public,"run.zq,fastq,sra","gs,ncbi,s3","gs.us-east1,ncbi.public,s3.us-east-1",human stool sample,human body,gut,feces,SRX1132616,USA,North America,USA,Homo sapiens,454 GS,NA,3345650_S17_L001_R1_001.fastq.3345650,PAIRED,PCR,METAGENOMIC,human gut metagenome,metagenome,LS454,2015-08-09T00:00:00Z,2015-08-04T15:03:00Z,1,-80C,3345650,3345650,Illumina MiSeq,SRP062005,0,55,0,0,29.8,NA,Uchime,0,0,Normal,0,0,female,170,0,0,1,paired-end,0,1,0,0,http://aem.asm.org/content/79/17/5112/suppl/DCSupplemental,FWD:GTGCCAGCMGCCGCGGTAA; REV:GGACTACHVGGGTWTCTAAT,toilet hat,http://aem.asm.org/content/79/17/5112.short,1,16S rRNA,V4,86,1,,,,,,
SRR2144021,AMPLICON,502,23576430,PRJNA290926,SAMN03939796,"MIMARKS.survey,MIGS/MIMS/MIMARKS.human-gut",15224204,UNIVERSITY OF MICHIGAN,NA,public,"run.zq,fastq,sra","s3,gs,ncbi","gs.us-east1,s3.us-east-1,ncbi.public",human stool sample,human body,gut,feces,SRX1132617,USA,North America,USA,Homo sapiens,454 GS,NA,3347653_S33_L001_R1_001.fastq.3347653,PAIRED,PCR,METAGENOMIC,human gut metagenome,metagenome,LS454,2015-08-09T00:00:00Z,2015-08-04T15:03:00Z,1,-80C,3347653,3347653,Illumina MiSeq,SRP062005,0,61,1,0,24.8,NA,Uchime,0,0,Normal,0,0,male,175,0,1,0,paired-end,0,0,0,0,http://aem.asm.org/content/79/17/5112/suppl/DCSupplemental,FWD:GTGCCAGCMGCCGCGGTAA; REV:GGACTACHVGGGTWTCTAAT,toilet hat,http://aem.asm.org/content/79/17/5112.short,0,16S rRNA,V4,76,0,,,,,,
SRR2144022,AMPLICON,502,19214552,PRJNA290926,SAMN03939797,"MIMARKS.survey,MIGS/MIMS/MIMARKS.human-gut",12447227,UNIVERSITY OF MICHIGAN,NA,public,"sra,run.zq,fastq","gs,s3,ncbi","gs.us-east1,s3.us-east-1,ncbi.public",human stool sample,human body,gut,feces,SRX1132618,USA,North America,USA,Homo sapiens,454 GS,NA,3357650_S144_L001_R1_001.fastq.3357650,PAIRED,PCR,METAGENOMIC,human gut metagenome,metagenome,LS454,2015-08-09T00:00:00Z,2015-08-04T15:03:00Z,1,-80C,3357650,3357650,Illumina MiSeq,SRP062005,0,61,0,0,20.7,NA,Uchime,0,0,High Risk Normal,0,0,female,177,0,1,0,paired-end,0,0,0,0,http://aem.asm.org/content/79/17/5112/suppl/DCSupplemental,FWD:GTGCCAGCMGCCGCGGTAA; REV:GGACTACHVGGGTWTCTAAT,toilet hat,http://aem.asm.org/content/79/17/5112.short,0,16S rRNA,V4,65,1,,,,,,
SRR2144023,AMPLICON,502,19998676,PRJNA290926,SAMN03939798,"MIMARKS.survey,MIGS/MIMS/MIMARKS.human-gut",13032323,UNIVERSITY OF MICHIGAN,NA,public,"fastq,run.zq,sra","gs,ncbi,s3","gs.us-east1,ncbi.public,s3.us-east-1",human stool sample,human body,gut,feces,SRX1132619,USA,North America,USA,Homo sapiens,454 GS,NA,3361650_S51_L001_R1_001.fastq.3361650,PAIRED,PCR,METAGENOMIC,human gut metagenome,metagenome,LS454,2015-08-09T00:00:00Z,2015-08-04T15:03:00Z,1,-80C,3361650,3361650,Illumina MiSeq,SRP062005,0,63,0,0,29.4,NA,Uchime,0,1,Adenoma,0,29,male,165,0,1,0,paired-end,0,0,0,0,http://aem.asm.org/content/79/17/5112/suppl/DCSupplemental,FWD:GTGCCAGCMGCCGCGGTAA; REV:GGACTACHVGGGTWTCTAAT,toilet hat,http://aem.asm.org/content/79/17/5112.short,1,16S rRNA,V4,80,1,,,,,,
SRR2144024,AMPLICON,502,20540836,PRJNA290926,SAMN03939799,"MIMARKS.survey,MIGS/MIMS/MIMARKS.human-gut",13595982,UNIVERSITY OF MICHIGAN,NA,public,"run.zq,sra,fastq","ncbi,s3,gs","s3.us-east-1,gs.us-east1,ncbi.public",human stool sample,human body,gut,feces,SRX1132620,USA,North America,USA,Homo sapiens,454 GS,NA,3363660_S44_L001_R1_001.fastq.3363660,PAIRED,PCR,METAGENOMIC,human gut metagenome,metagenome,LS454,2015-08-09T00:00:00Z,2015-08-04T15:03:00Z,1,-80C,3363660,3363660,Illumina MiSeq,SRP062005,0,58,0,0,29,NA,Uchime,0,1,Normal,0,0,male,177,1,1,0,paired-end,0,1,0,0,http://aem.asm.org/content/79/17/5112/suppl/DCSupplemental,FWD:GTGCCAGCMGCCGCGGTAA; REV:GGACTACHVGGGTWTCTAAT,toilet hat,http://aem.asm.org/content/79/17/5112.short,0,16S rRNA,V4,91,1,,,,,,
SRR2144025,AMPLICON,502,8351774,PRJNA290926,SAMN03939800,"MIMARKS.survey,MIGS/MIMS/MIMARKS.human-gut",6304555,UNIVERSITY OF MICHIGAN,NA,public,"fastq,run.zq,sra","gs,ncbi,s3","s3.us-east-1,ncbi.public,gs.us-east1",human stool sample,human body,gut,feces,SRX1132621,USA,North America,USA,Homo sapiens,454 GS,NA,3365650_S75_L001_R1_001.fastq.3365650,PAIRED,PCR,METAGENOMIC,human gut metagenome,metagenome,LS454,2015-08-09T00:00:00Z,2015-08-04T15:02:00Z,1,-80C,3365650,3365650,Illumina MiSeq,SRP062005,0,52,0,0,30.4,NA,Uchime,0,0,Adenoma,0,0,male,185,0,1,0,paired-end,0,0,0,0,http://aem.asm.org/content/79/17/5112/suppl/DCSupplemental,FWD:GTGCCAGCMGCCGCGGTAA; REV:GGACTACHVGGGTWTCTAAT,toilet hat,http://aem.asm.org/content/79/17/5112.short,1,16S rRNA,V4,104,1,,,,,,
SRR2144026,AMPLICON,502,59613504,PRJNA290926,SAMN03939800,"MIMARKS.survey,MIGS/MIMS/MIMARKS.human-gut",38195303,UNIVERSITY OF MICHIGAN,NA,public,"run.zq,sra,fastq","s3,gs,ncbi","gs.us-east1,s3.us-east-1,ncbi.public",human stool sample,human body,gut,feces,SRX1132622,USA,North America,USA,Homo sapiens,454 GS,NA,3365650_S82_L001_R1_001.fastq.3365650,PAIRED,PCR,METAGENOMIC,human gut metagenome,metagenome,LS454,2015-08-09T00:00:00Z,2015-08-04T15:03:00Z,1,-80C,3365650,3365650,Illumina MiSeq,SRP062005,0,52,0,0,30.4,NA,Uchime,0,0,Adenoma,0,0,male,185,0,1,0,paired-end,0,0,0,0,http://aem.asm.org/content/79/17/5112/suppl/DCSupplemental,FWD:GTGCCAGCMGCCGCGGTAA; REV:GGACTACHVGGGTWTCTAAT,toilet hat,http://aem.asm.org/content/79/17/5112.short,1,16S rRNA,V4,104,1,,,,,,
SRR2144027,AMPLICON,502,27411208,PRJNA290926,SAMN03939801,"MIMARKS.survey,MIGS/MIMS/MIMARKS.human-gut",18058611,UNIVERSITY OF MICHIGAN,NA,public,"run.zq,fastq,sra","gs,s3,ncbi","gs.us-east1,ncbi.public,s3.us-east-1",human stool sample,human body,gut,feces,SRX1132623,USA,North America,USA,Homo sapiens,454 GS,NA,3367653_S38_L001_R1_001.fastq.3367653,PAIRED,PCR,METAGENOMIC,human gut metagenome,metagenome,LS454,2015-08-09T00:00:00Z,2015-08-04T15:03:00Z,1,-80C,3367653,3367653,Illumina MiSeq,SRP062005,0,56,0,0,21.2,NA,Uchime,0,0,Normal,0,0,female,167,0,0,0,paired-end,0,0,0,0,http://aem.asm.org/content/79/17/5112/suppl/DCSupplemental,FWD:GTGCCAGCMGCCGCGGTAA; REV:GGACTACHVGGGTWTCTAAT,toilet hat,http://aem.asm.org/content/79/17/5112.short,1,16S rRNA,V4,59,1,,,,,,
SRR2144028,AMPLICON,502,20260218,PRJNA290926,SAMN03939802,"MIMARKS.survey,MIGS/MIMS/MIMARKS.human-gut",13283562,UNIVERSITY OF MICHIGAN,NA,public,"run.zq,sra,fastq","ncbi,gs,s3","s3.us-east-1,ncbi.public,gs.us-east1",human stool sample,human body,gut,feces,SRX1132624,USA,North America,USA,Homo sapiens,454 GS,NA,3371650_S150_L001_R1_001.fastq.3371650,PAIRED,PCR,METAGENOMIC,human gut metagenome,metagenome,LS454,2015-08-09T00:00:00Z,2015-08-04T15:02:00Z,1,-80C,3371650,3371650,Illumina MiSeq,SRP062005,0,66,0,0,23.1,NA,Uchime,0,0,Adenoma,0,16,female,157,0,0,0,paired-end,0,1,0,0,http://aem.asm.org/content/79/17/5112/suppl/DCSupplemental,FWD:GTGCCAGCMGCCGCGGTAA; REV:GGACTACHVGGGTWTCTAAT,toilet hat,http://aem.asm.org/content/79/17/5112.short,0,16S rRNA,V4,57,1,,,,,,
SRR2144029,AMPLICON,502,33355892,PRJNA290926,SAMN03939803,"MIMARKS.survey,MIGS/MIMS/MIMARKS.human-gut",22210817,UNIVERSITY OF MICHIGAN,NA,public,"sra,fastq,run.zq","gs,ncbi,s3","ncbi.public,gs.us-east1,s3.us-east-1",human stool sample,human body,gut,feces,SRX1132625,USA,North America,USA,Homo sapiens,454 GS,NA,3373660_S40_L001_R1_001.fastq.3373660,PAIRED,PCR,METAGENOMIC,human gut metagenome,metagenome,LS454,2015-08-09T00:00:00Z,2015-08-04T15:02:00Z,1,-80C,3373660,3373660,Illumina MiSeq,SRP062005,0,80,0,0,28.7,3,Uchime,0,0,Cancer,0,7,female,170,0,1,0,paired-end,0,0,0,0,http://aem.asm.org/content/79/17/5112/suppl/DCSupplemental,FWD:GTGCCAGCMGCCGCGGTAA; REV:GGACTACHVGGGTWTCTAAT,toilet hat,http://aem.asm.org/content/79/17/5112.short,0,16S rRNA,V4,83,1,,,,,,
SRR2144030,AMPLICON,502,49524810,PRJNA290926,SAMN03939804,"MIMARKS.survey,MIGS/MIMS/MIMARKS.human-gut",32964826,UNIVERSITY OF MICHIGAN,NA,public,"run.zq,fastq,sra","s3,gs,ncbi","ncbi.public,gs.us-east1,s3.us-east-1",human stool sample,human body,gut,feces,SRX1132626,USA,North America,USA,Homo sapiens,454 GS,NA,3375670_S41_L001_R1_001.fastq.3375670,PAIRED,PCR,METAGENOMIC,human gut metagenome,metagenome,LS454,2015-08-09T00:00:00Z,2015-08-04T15:03:00Z,1,-80C,3375670,3375670,Illumina MiSeq,SRP062005,0,61,0,0,27.4,NA,Uchime,0,1,Adenoma,0,0,female,162,0,1,0,paired-end,0,0,0,0,http://aem.asm.org/content/79/17/5112/suppl/DCSupplemental,FWD:GTGCCAGCMGCCGCGGTAA; REV:GGACTACHVGGGTWTCTAAT,toilet hat,http://aem.asm.org/content/79/17/5112.short,0,16S rRNA,V4,72,1,,,,,,
SRR2144031,AMPLICON,502,16867200,PRJNA290926,SAMN03939805,"MIMARKS.survey,MIGS/MIMS/MIMARKS.human-gut",12602915,UNIVERSITY OF MICHIGAN,NA,public,"sra,fastq,run.zq","ncbi,gs,s3","ncbi.public,gs.us-east1,s3.us-east-1",human stool sample,human body,gut,feces,SRX1132627,USA,North America,USA,Homo sapiens,454 GS,NA,3377650_S76_L001_R1_001.fastq.3377650,PAIRED,PCR,METAGENOMIC,human gut metagenome,metagenome,LS454,2015-08-09T00:00:00Z,2015-08-04T15:02:00Z,1,-80C,3377650,3377650,Illumina MiSeq,SRP062005,0,61,0,0,28,NA,Uchime,0,0,Normal,0,0,male,170,0,0,0,paired-end,0,1,0,0,http://aem.asm.org/content/79/17/5112/suppl/DCSupplemental,FWD:GTGCCAGCMGCCGCGGTAA; REV:GGACTACHVGGGTWTCTAAT,toilet hat,http://aem.asm.org/content/79/17/5112.short,0,16S rRNA,V4,81,1,,,,,,
SRR2144032,AMPLICON,502,18896284,PRJNA290926,SAMN03939806,"MIGS/MIMS/MIMARKS.human-gut,MIMARKS.survey",12414064,UNIVERSITY OF MICHIGAN,NA,public,"sra,fastq,run.zq","s3,gs,ncbi","gs.us-east1,s3.us-east-1,ncbi.public",human stool sample,human body,gut,feces,SRX1132628,USA,North America,USA,Homo sapiens,454 GS,NA,3381650_S138_L001_R1_001.fastq.3381650,PAIRED,PCR,METAGENOMIC,human gut metagenome,metagenome,LS454,2015-08-09T00:00:00Z,2015-08-04T15:02:00Z,1,-80C,3381650,3381650,Illumina MiSeq,SRP062005,0,69,0,0,35.8,3,Uchime,1,1,Cancer,0,2472,male,172,0,1,0,paired-end,0,0,0,0,http://aem.asm.org/content/79/17/5112/suppl/DCSupplemental,FWD:GTGCCAGCMGCCGCGGTAA; REV:GGACTACHVGGGTWTCTAAT,toilet hat,http://aem.asm.org/content/79/17/5112.short,0,16S rRNA,V4,106,1,,,,,,
SRR2144033,AMPLICON,502,16605156,PRJNA290926,SAMN03939807,"MIMARKS.survey,MIGS/MIMS/MIMARKS.human-gut",11077275,UNIVERSITY OF MICHIGAN,NA,public,"run.zq,sra,fastq","s3,gs,ncbi","s3.us-east-1,gs.us-east1,ncbi.public",human stool sample,human body,gut,feces,SRX1132629,USA,North America,USA,Homo sapiens,454 GS,NA,3385670_S142_L001_R1_001.fastq.3385670,PAIRED,PCR,METAGENOMIC,human gut metagenome,metagenome,LS454,2015-08-09T00:00:00Z,2015-08-04T15:02:00Z,1,-80C,3385670,3385670,Illumina MiSeq,SRP062005,0,45,0,0,30.4,4,Uchime,0,0,Cancer,0,2667,female,170,0,1,1,paired-end,0,0,0,0,http://aem.asm.org/content/79/17/5112/suppl/DCSupplemental,FWD:GTGCCAGCMGCCGCGGTAA; REV:GGACTACHVGGGTWTCTAAT,toilet hat,http://aem.asm.org/content/79/17/5112.short,1,16S rRNA,V4,88,1,,,,,,
SRR2144034,AMPLICON,502,50633226,PRJNA290926,SAMN03939808,"MIMARKS.survey,MIGS/MIMS/MIMARKS.human-gut",34172907,UNIVERSITY OF MICHIGAN,NA,public,"fastq,run.zq,sra","gs,s3,ncbi","gs.us-east1,s3.us-east-1,ncbi.public",human stool sample,human body,gut,feces,SRX1132630,USA,North America,USA,Homo sapiens,454 GS,NA,3387660_S37_L001_R1_001.fastq.3387660,PAIRED,PCR,METAGENOMIC,human gut metagenome,metagenome,LS454,2015-08-09T00:00:00Z,2015-08-04T15:02:00Z,1,-80C,3387660,3387660,Illumina MiSeq,SRP062005,0,88,0,0,27.2,2,Uchime,0,0,Cancer,0,354,male,180,0,1,1,paired-end,0,0,0,0,http://aem.asm.org/content/79/17/5112/suppl/DCSupplemental,FWD:GTGCCAGCMGCCGCGGTAA; REV:GGACTACHVGGGTWTCTAAT,toilet hat,http://aem.asm.org/content/79/17/5112.short,1,16S rRNA,V4,88,1,,,,,,
SRR2144035,AMPLICON,502,25003114,PRJNA290926,SAMN03939809,"MIMARKS.survey,MIGS/MIMS/MIMARKS.human-gut",16032540,UNIVERSITY OF MICHIGAN,NA,public,"run.zq,sra,fastq","ncbi,s3,gs","ncbi.public,s3.us-east-1,gs.us-east1",human stool sample,human body,gut,feces,SRX1132631,USA,North America,USA,Homo sapiens,454 GS,NA,3389690_S152_L001_R1_001.fastq.3389690,PAIRED,PCR,METAGENOMIC,human gut metagenome,metagenome,LS454,2015-08-09T00:00:00Z,2015-08-04T15:02:00Z,1,-80C,3389690,3389690,Illumina MiSeq,SRP062005,0,74,0,0,28.3,2,Uchime,0,0,Cancer,0,933,male,167,0,1,0,paired-end,0,1,0,0,http://aem.asm.org/content/79/17/5112/suppl/DCSupplemental,FWD:GTGCCAGCMGCCGCGGTAA; REV:GGACTACHVGGGTWTCTAAT,toilet hat,http://aem.asm.org/content/79/17/5112.short,1,16S rRNA,V4,79,1,,,,,,
SRR2144036,AMPLICON,502,21599052,PRJNA290926,SAMN03939810,"MIMARKS.survey,MIGS/MIMS/MIMARKS.human-gut",14312366,UNIVERSITY OF MICHIGAN,NA,public,"sra,run.zq,fastq","s3,gs,ncbi","ncbi.public,gs.us-east1,s3.us-east-1",human stool sample,human body,gut,feces,SRX1132632,USA,North America,USA,Homo sapiens,454 GS,NA,3391652_S11_L001_R1_001.fastq.3391652,PAIRED,PCR,METAGENOMIC,human gut metagenome,metagenome,LS454,2015-08-09T00:00:00Z,2015-08-04T15:02:00Z,1,-80C,3391652,3391652,Illumina MiSeq,SRP062005,0,50,0,0,31.7,NA,Uchime,0,0,adv Adenoma,0,73,male,175,1,1,0,paired-end,0,0,0,0,http://aem.asm.org/content/79/17/5112/suppl/DCSupplemental,FWD:GTGCCAGCMGCCGCGGTAA; REV:GGACTACHVGGGTWTCTAAT,toilet hat,http://aem.asm.org/content/79/17/5112.short,0,16S rRNA,V4,97,1,,,,,,
SRR2144037,AMPLICON,502,22325446,PRJNA290926,SAMN03939811,"MIMARKS.survey,MIGS/MIMS/MIMARKS.human-gut",14805817,UNIVERSITY OF MICHIGAN,NA,public,"fastq,sra,run.zq","ncbi,s3,gs","gs.us-east1,s3.us-east-1,ncbi.public",human stool sample,human body,gut,feces,SRX1132633,USA,North America,USA,Homo sapiens,454 GS,NA,3399653_S126_L001_R1_001.fastq.3399653,PAIRED,PCR,METAGENOMIC,human gut metagenome,metagenome,LS454,2015-08-09T00:00:00Z,2015-08-04T15:02:00Z,1,-80C,3399653,3399653,Illumina MiSeq,SRP062005,0,45,0,0,31.6,NA,Uchime,0,0,adv Adenoma,0,62,female,162,0,1,0,paired-end,0,0,0,0,http://aem.asm.org/content/79/17/5112/suppl/DCSupplemental,FWD:GTGCCAGCMGCCGCGGTAA; REV:GGACTACHVGGGTWTCTAAT,toilet hat,http://aem.asm.org/content/79/17/5112.short,0,16S rRNA,V4,83,1,,,,,,
SRR2144038,AMPLICON,502,17746202,PRJNA290926,SAMN03939812,"MIMARKS.survey,MIGS/MIMS/MIMARKS.human-gut",13075977,UNIVERSITY OF MICHIGAN,NA,public,"run.zq,sra,fastq","gs,ncbi,s3","s3.us-east-1,ncbi.public,gs.us-east1",human stool sample,human body,gut,feces,SRX1132634,USA,North America,USA,Homo sapiens,454 GS,NA,3401650_S102_L001_R1_001.fastq.3401650,PAIRED,PCR,METAGENOMIC,human gut metagenome,metagenome,LS454,2015-08-09T00:00:00Z,2015-08-04T15:01:00Z,1,-80C,3401650,3401650,Illumina MiSeq,SRP062005,0,56,0,0,25.9,NA,Uchime,0,0,adv Adenoma,0,813,female,162,0,1,0,paired-end,0,0,0,0,http://aem.asm.org/content/79/17/5112/suppl/DCSupplemental,FWD:GTGCCAGCMGCCGCGGTAA; REV:GGACTACHVGGGTWTCTAAT,toilet hat,http://aem.asm.org/content/79/17/5112.short,1,16S rRNA,V4,68,1,,,,,,
SRR2144039,AMPLICON,502,29369008,PRJNA290926,SAMN03939813,"MIMARKS.survey,MIGS/MIMS/MIMARKS.human-gut",18172169,UNIVERSITY OF MICHIGAN,NA,public,"fastq,sra,run.zq","ncbi,s3,gs","s3.us-east-1,gs.us-east1,ncbi.public",human stool sample,human body,gut,feces,SRX1132635,USA,North America,USA,Homo sapiens,454 GS,NA,3403653_S23_L001_R1_001.fastq.3403653,PAIRED,PCR,METAGENOMIC,human gut metagenome,metagenome,LS454,2015-08-09T00:00:00Z,2015-08-04T15:01:00Z,1,-80C,3403653,3403653,Illumina MiSeq,SRP062005,0,51,1,0,21.1,NA,Uchime,0,0,Normal,0,0,male,170,0,0,0,paired-end,0,0,0,0,http://aem.asm.org/content/79/17/5112/suppl/DCSupplemental,FWD:GTGCCAGCMGCCGCGGTAA; REV:GGACTACHVGGGTWTCTAAT,toilet hat,http://aem.asm.org/content/79/17/5112.short,0,16S rRNA,V4,61,0,,,,,,
SRR2144040,AMPLICON,502,6848284,PRJNA290926,SAMN03939813,"MIMARKS.survey,MIGS/MIMS/MIMARKS.human-gut",4486285,UNIVERSITY OF MICHIGAN,NA,public,"sra,run.zq,fastq","s3,ncbi,gs","s3.us-east-1,gs.us-east1,ncbi.public",human stool sample,human body,gut,feces,SRX1132636,USA,North America,USA,Homo sapiens,454 GS,NA,3403653_S7_L001_R1_001.fastq.3403653,PAIRED,PCR,METAGENOMIC,human gut metagenome,metagenome,LS454,2015-08-09T00:00:00Z,2015-08-04T15:01:00Z,1,-80C,3403653,3403653,Illumina MiSeq,SRP062005,0,51,1,0,21.1,NA,Uchime,0,0,Normal,0,0,male,170,0,0,0,paired-end,0,0,0,0,http://aem.asm.org/content/79/17/5112/suppl/DCSupplemental,FWD:GTGCCAGCMGCCGCGGTAA; REV:GGACTACHVGGGTWTCTAAT,toilet hat,http://aem.asm.org/content/79/17/5112.short,0,16S rRNA,V4,61,0,,,,,,
SRR2144043,AMPLICON,502,12323096,PRJNA290926,SAMN03939814,"MIMARKS.survey,MIGS/MIMS/MIMARKS.human-gut",7974821,UNIVERSITY OF MICHIGAN,NA,public,"sra,fastq,run.zq","gs,ncbi,s3","gs.us-east1,s3.us-east-1,ncbi.public",human stool sample,human body,gut,feces,SRX1132665,USA,North America,USA,Homo sapiens,454 GS,NA,3405653_S5_L001_R1_001.fastq.3405653,PAIRED,PCR,METAGENOMIC,human gut metagenome,metagenome,LS454,2015-08-09T00:00:00Z,2015-08-04T15:01:00Z,1,-80C,3405653,3405653,Illumina MiSeq,SRP062005,0,42,0,0,27.7,NA,Uchime,0,0,Normal,0,0,male,172,1,0,0,paired-end,0,0,0,0,http://aem.asm.org/content/79/17/5112/suppl/DCSupplemental,FWD:GTGCCAGCMGCCGCGGTAA; REV:GGACTACHVGGGTWTCTAAT,toilet hat,http://aem.asm.org/content/79/17/5112.short,0,16S rRNA,V4,82,1,,,,,,
SRR2144070,AMPLICON,502,28334888,PRJNA290926,SAMN03939815,"MIMARKS.survey,MIGS/MIMS/MIMARKS.human-gut",18151042,UNIVERSITY OF MICHIGAN,NA,public,"run.zq,sra,fastq","s3,ncbi,gs","ncbi.public,gs.us-east1,s3.us-east-1",human stool sample,human body,gut,feces,SRX1132666,USA,North America,USA,Homo sapiens,454 GS,NA,3407653_S13_L001_R1_001.fastq.3407653,PAIRED,PCR,METAGENOMIC,human gut metagenome,metagenome,LS454,2015-08-09T00:00:00Z,2015-08-04T15:01:00Z,1,-80C,3407653,3407653,Illumina MiSeq,SRP062005,0,49,0,0,24.9,NA,Uchime,0,0,Normal,0,0,male,190,0,0,0,paired-end,0,0,0,0,http://aem.asm.org/content/79/17/5112/suppl/DCSupplemental,FWD:GTGCCAGCMGCCGCGGTAA; REV:GGACTACHVGGGTWTCTAAT,toilet hat,http://aem.asm.org/content/79/17/5112.short,0,16S rRNA,V4,90,1,,,,,,
SRR2144071,AMPLICON,502,20139738,PRJNA290926,SAMN03939816,"MIMARKS.survey,MIGS/MIMS/MIMARKS.human-gut",13115650,UNIVERSITY OF MICHIGAN,NA,public,"sra,run.zq,fastq","ncbi,gs,s3","gs.us-east1,ncbi.public,s3.us-east-1",human stool sample,human body,gut,feces,SRX1132667,USA,North America,USA,Homo sapiens,454 GS,NA,3409650_S45_L001_R1_001.fastq.3409650,PAIRED,PCR,METAGENOMIC,human gut metagenome,metagenome,LS454,2015-08-09T00:00:00Z,2015-08-04T15:01:00Z,1,-80C,3409650,3409650,Illumina MiSeq,SRP062005,0,56,0,0,21.7,4,Uchime,0,0,Cancer,0,877,male,177,0,0,0,paired-end,0,0,0,0,http://aem.asm.org/content/79/17/5112/suppl/DCSupplemental,FWD:GTGCCAGCMGCCGCGGTAA; REV:GGACTACHVGGGTWTCTAAT,toilet hat,http://aem.asm.org/content/79/17/5112.short,1,16S rRNA,V4,68,1,,,,,,
SRR2144072,AMPLICON,502,28468922,PRJNA290926,SAMN03939817,"MIMARKS.survey,MIGS/MIMS/MIMARKS.human-gut",18316113,UNIVERSITY OF MICHIGAN,NA,public,"run.zq,fastq,sra","gs,ncbi,s3","ncbi.public,s3.us-east-1,gs.us-east1",human stool sample,human body,gut,feces,SRX1132668,USA,North America,USA,Homo sapiens,454 GS,NA,3411650_S50_L001_R1_001.fastq.3411650,PAIRED,PCR,METAGENOMIC,human gut metagenome,metagenome,LS454,2015-08-09T00:00:00Z,2015-08-04T15:01:00Z,1,-80C,3411650,3411650,Illumina MiSeq,SRP062005,0,77,0,0,23.5,NA,Uchime,0,0,Adenoma,0,0,male,165,0,1,0,paired-end,0,0,0,0,http://aem.asm.org/content/79/17/5112/suppl/DCSupplemental,FWD:GTGCCAGCMGCCGCGGTAA; REV:GGACTACHVGGGTWTCTAAT,toilet hat,http://aem.asm.org/content/79/17/5112.short,1,16S rRNA,V4,64,1,,,,,,
SRR2144073,AMPLICON,502,14730688,PRJNA290926,SAMN03939818,"MIMARKS.survey,MIGS/MIMS/MIMARKS.human-gut",9655831,UNIVERSITY OF MICHIGAN,NA,public,"sra,fastq,run.zq","ncbi,s3,gs","s3.us-east-1,gs.us-east1,ncbi.public",human stool sample,human body,gut,feces,SRX1132669,USA,North America,USA,Homo sapiens,454 GS,NA,3415660_S140_L001_R1_001.fastq.3415660,PAIRED,PCR,METAGENOMIC,human gut metagenome,metagenome,LS454,2015-08-09T00:00:00Z,2015-08-04T15:01:00Z,1,-80C,3415660,3415660,Illumina MiSeq,SRP062005,0,62,0,0,28.8,NA,Uchime,0,0,Normal,0,0,female,157,0,1,0,paired-end,0,0,0,0,http://aem.asm.org/content/79/17/5112/suppl/DCSupplemental,FWD:GTGCCAGCMGCCGCGGTAA; REV:GGACTACHVGGGTWTCTAAT,toilet hat,http://aem.asm.org/content/79/17/5112.short,1,16S rRNA,V4,71,1,,,,,,
SRR2144074,AMPLICON,502,26234520,PRJNA290926,SAMN03939819,"MIMARKS.survey,MIGS/MIMS/MIMARKS.human-gut",17383941,UNIVERSITY OF MICHIGAN,NA,public,"run.zq,sra,fastq","s3,gs,ncbi","gs.us-east1,s3.us-east-1,ncbi.public",human stool sample,human body,gut,feces,SRX1132670,USA,North America,USA,Homo sapiens,454 GS,NA,3417653_S123_L001_R1_001.fastq.3417653,PAIRED,PCR,METAGENOMIC,human gut metagenome,metagenome,LS454,2015-08-09T00:00:00Z,2015-08-04T15:01:00Z,1,-80C,3417653,3417653,Illumina MiSeq,SRP062005,0,74,0,0,25.8,NA,Uchime,0,0,adv Adenoma,0,0,male,167,0,1,0,paired-end,0,0,0,0,http://aem.asm.org/content/79/17/5112/suppl/DCSupplemental,FWD:GTGCCAGCMGCCGCGGTAA; REV:GGACTACHVGGGTWTCTAAT,toilet hat,http://aem.asm.org/content/79/17/5112.short,1,16S rRNA,V4,72,1,,,,,,
SRR2144089,AMPLICON,502,15699046,PRJNA290926,SAMN03939820,"MIMARKS.survey,MIGS/MIMS/MIMARKS.human-gut",10182827,UNIVERSITY OF MICHIGAN,NA,public,"fastq,run.zq,sra","gs,s3,ncbi","gs.us-east1,s3.us-east-1,ncbi.public",human stool sample,human body,gut,feces,SRX1132685,USA,North America,USA,Homo sapiens,454 GS,NA,3419660_S157_L001_R1_001.fastq.3419660,PAIRED,PCR,METAGENOMIC,human gut metagenome,metagenome,LS454,2015-08-09T00:00:00Z,2015-08-04T15:01:00Z,1,-80C,3419660,3419660,Illumina MiSeq,SRP062005,0,69,0,0,26.5,NA,Uchime,0,0,Adenoma,0,0,male,177,0,1,1,paired-end,0,0,0,0,http://aem.asm.org/content/79/17/5112/suppl/DCSupplemental,FWD:GTGCCAGCMGCCGCGGTAA; REV:GGACTACHVGGGTWTCTAAT,toilet hat,http://aem.asm.org/content/79/17/5112.short,1,16S rRNA,V4,83,1,,,,,,
SRR2144090,AMPLICON,502,41844210,PRJNA290926,SAMN03939821,"MIMARKS.survey,MIGS/MIMS/MIMARKS.human-gut",31173456,UNIVERSITY OF MICHIGAN,NA,public,"fastq,run.zq,sra","ncbi,gs,s3","s3.us-east-1,gs.us-east1,ncbi.public",human stool sample,human body,gut,feces,SRX1132686,USA,North America,USA,Homo sapiens,454 GS,NA,3421653_S167_L001_R1_001.fastq.3421653,PAIRED,PCR,METAGENOMIC,human gut metagenome,metagenome,LS454,2015-08-09T00:00:00Z,2015-08-04T15:01:00Z,1,-80C,3421653,3421653,Illumina MiSeq,SRP062005,0,51,1,0,17.5,NA,Uchime,0,0,Normal,0,0,female,162,0,0,0,paired-end,0,0,0,0,http://aem.asm.org/content/79/17/5112/suppl/DCSupplemental,FWD:GTGCCAGCMGCCGCGGTAA; REV:GGACTACHVGGGTWTCTAAT,toilet hat,http://aem.asm.org/content/79/17/5112.short,0,16S rRNA,V4,46,0,,,,,,
SRR2144091,AMPLICON,502,37285046,PRJNA290926,SAMN03939821,"MIMARKS.survey,MIGS/MIMS/MIMARKS.human-gut",24068817,UNIVERSITY OF MICHIGAN,NA,public,"fastq,sra,run.zq","ncbi,s3,gs","ncbi.public,gs.us-east1,s3.us-east-1",human stool sample,human body,gut,feces,SRX1132687,USA,North America,USA,Homo sapiens,454 GS,NA,3421653_S77_L001_R1_001.fastq.3421653,PAIRED,PCR,METAGENOMIC,human gut metagenome,metagenome,LS454,2015-08-09T00:00:00Z,2015-08-04T15:01:00Z,1,-80C,3421653,3421653,Illumina MiSeq,SRP062005,0,51,1,0,17.5,NA,Uchime,0,0,Normal,0,0,female,162,0,0,0,paired-end,0,0,0,0,http://aem.asm.org/content/79/17/5112/suppl/DCSupplemental,FWD:GTGCCAGCMGCCGCGGTAA; REV:GGACTACHVGGGTWTCTAAT,toilet hat,http://aem.asm.org/content/79/17/5112.short,0,16S rRNA,V4,46,0,,,,,,
SRR2144092,AMPLICON,502,53263204,PRJNA290926,SAMN03939822,"MIMARKS.survey,MIGS/MIMS/MIMARKS.human-gut",35317028,UNIVERSITY OF MICHIGAN,NA,public,"run.zq,fastq,sra","gs,s3,ncbi","s3.us-east-1,ncbi.public,gs.us-east1",human stool sample,human body,gut,feces,SRX1132688,USA,North America,USA,Homo sapiens,454 GS,NA,3427670_S48_L001_R1_001.fastq.3427670,PAIRED,PCR,METAGENOMIC,human gut metagenome,metagenome,LS454,2015-08-09T00:00:00Z,2015-08-04T15:01:00Z,1,-80C,3427670,3427670,Illumina MiSeq,SRP062005,0,60,0,0,30.3,NA,Uchime,0,0,Normal,0,0,male,187,1,0,0,paired-end,0,0,0,0,http://aem.asm.org/content/79/17/5112/suppl/DCSupplemental,FWD:GTGCCAGCMGCCGCGGTAA; REV:GGACTACHVGGGTWTCTAAT,toilet hat,http://aem.asm.org/content/79/17/5112.short,0,16S rRNA,V4,106,1,,,,,,
SRR2144093,AMPLICON,502,17909854,PRJNA290926,SAMN03939823,"MIMARKS.survey,MIGS/MIMS/MIMARKS.human-gut",11522835,UNIVERSITY OF MICHIGAN,NA,public,"sra,run.zq,fastq","gs,s3,ncbi","s3.us-east-1,gs.us-east1,ncbi.public",human stool sample,human body,gut,feces,SRX1132689,USA,North America,USA,Homo sapiens,454 GS,NA,3429653_S31_L001_R1_001.fastq.3429653,PAIRED,PCR,METAGENOMIC,human gut metagenome,metagenome,LS454,2015-08-09T00:00:00Z,2015-08-04T15:01:00Z,1,-80C,3429653,3429653,Illumina MiSeq,SRP062005,0,32,0,0,31.5,NA,Uchime,0,0,Normal,1,0,male,180,1,0,0,paired-end,0,0,0,0,http://aem.asm.org/content/79/17/5112/suppl/DCSupplemental,FWD:GTGCCAGCMGCCGCGGTAA; REV:GGACTACHVGGGTWTCTAAT,toilet hat,http://aem.asm.org/content/79/17/5112.short,0,16S rRNA,V4,102,1,,,,,,
SRR2144094,AMPLICON,502,20284314,PRJNA290926,SAMN03939824,"MIMARKS.survey,MIGS/MIMS/MIMARKS.human-gut",13348070,UNIVERSITY OF MICHIGAN,NA,public,"sra,fastq,run.zq","ncbi,s3,gs","s3.us-east-1,ncbi.public,gs.us-east1",human stool sample,human body,gut,feces,SRX1132690,USA,North America,USA,Homo sapiens,454 GS,NA,3431650_S52_L001_R1_001.fastq.3431650,PAIRED,PCR,METAGENOMIC,human gut metagenome,metagenome,LS454,2015-08-09T00:00:00Z,2015-08-04T15:01:00Z,1,-80C,3431650,3431650,Illumina MiSeq,SRP062005,0,50,0,0,27.8,3,Uchime,0,0,Cancer,0,1089,male,177,0,1,1,paired-end,0,0,0,0,http://aem.asm.org/content/79/17/5112/suppl/DCSupplemental,FWD:GTGCCAGCMGCCGCGGTAA; REV:GGACTACHVGGGTWTCTAAT,toilet hat,http://aem.asm.org/content/79/17/5112.short,1,16S rRNA,V4,87,1,,,,,,
SRR2144095,AMPLICON,502,29617498,PRJNA290926,SAMN03939825,"MIMARKS.survey,MIGS/MIMS/MIMARKS.human-gut",22164644,UNIVERSITY OF MICHIGAN,NA,public,"run.zq,fastq,sra","gs,s3,ncbi","gs.us-east1,s3.us-east-1,ncbi.public",human stool sample,human body,gut,feces,SRX1132691,USA,North America,USA,Homo sapiens,454 GS,NA,3433650_S78_L001_R1_001.fastq.3433650,PAIRED,PCR,METAGENOMIC,human gut metagenome,metagenome,LS454,2015-08-09T00:00:00Z,2015-08-04T15:01:00Z,1,-80C,3433650,3433650,Illumina MiSeq,SRP062005,0,74,0,0,26.7,NA,Uchime,1,1,High Risk Normal,0,0,male,162,0,1,1,paired-end,0,1,0,0,http://aem.asm.org/content/79/17/5112/suppl/DCSupplemental,FWD:GTGCCAGCMGCCGCGGTAA; REV:GGACTACHVGGGTWTCTAAT,toilet hat,http://aem.asm.org/content/79/17/5112.short,0,16S rRNA,V4,70,1,,,,,,
SRR2144096,AMPLICON,502,44105720,PRJNA290926,SAMN03939826,"MIMARKS.survey,MIGS/MIMS/MIMARKS.human-gut",28820414,UNIVERSITY OF MICHIGAN,NA,public,"sra,run.zq,fastq","gs,s3,ncbi","ncbi.public,s3.us-east-1,gs.us-east1",human stool sample,human body,gut,feces,SRX1132692,USA,North America,USA,Homo sapiens,454 GS,NA,3435690_S139_L001_R1_001.fastq.3435690,PAIRED,PCR,METAGENOMIC,human gut metagenome,metagenome,LS454,2015-08-09T00:00:00Z,2015-08-04T15:01:00Z,1,-80C,3435690,3435690,Illumina MiSeq,SRP062005,0,59,0,0,22.1,1,Uchime,0,0,Cancer,0,810,female,162,0,1,1,paired-end,0,0,0,0,http://aem.asm.org/content/79/17/5112/suppl/DCSupplemental,FWD:GTGCCAGCMGCCGCGGTAA; REV:GGACTACHVGGGTWTCTAAT,toilet hat,http://aem.asm.org/content/79/17/5112.short,1,16S rRNA,V4,58,1,,,,,,
SRR2144097,AMPLICON,502,12336148,PRJNA290926,SAMN03939827,"MIMARKS.survey,MIGS/MIMS/MIMARKS.human-gut",8033735,UNIVERSITY OF MICHIGAN,NA,public,"fastq,run.zq,sra","s3,ncbi,gs","gs.us-east1,ncbi.public,s3.us-east-1",human stool sample,human body,gut,feces,SRX1132693,USA,North America,USA,Homo sapiens,454 GS,NA,3437650_S158_L001_R1_001.fastq.3437650,PAIRED,PCR,METAGENOMIC,human gut metagenome,metagenome,LS454,2015-08-09T00:00:00Z,2015-08-04T15:00:00Z,1,-80C,3437650,3437650,Illumina MiSeq,SRP062005,0,63,0,0,38.2,NA,Uchime,0,0,Adenoma,0,527,male,172,0,1,0,paired-end,0,0,0,0,http://aem.asm.org/content/79/17/5112/suppl/DCSupplemental,FWD:GTGCCAGCMGCCGCGGTAA; REV:GGACTACHVGGGTWTCTAAT,toilet hat,http://aem.asm.org/content/79/17/5112.short,1,16S rRNA,V4,113,1,,,,,,
SRR2144098,AMPLICON,502,57220470,PRJNA290926,SAMN03939828,"MIMARKS.survey,MIGS/MIMS/MIMARKS.human-gut",38359553,UNIVERSITY OF MICHIGAN,NA,public,"fastq,run.zq,sra","ncbi,gs,s3","s3.us-east-1,gs.us-east1,ncbi.public",human stool sample,human body,gut,feces,SRX1132694,USA,North America,USA,Homo sapiens,454 GS,NA,3439680_S49_L001_R1_001.fastq.3439680,PAIRED,PCR,METAGENOMIC,human gut metagenome,metagenome,LS454,2015-08-09T00:00:00Z,2015-08-04T14:59:00Z,1,-80C,3439680,3439680,Illumina MiSeq,SRP062005,0,53,0,0,21.7,NA,Uchime,0,0,Normal,0,5,female,165,0,0,0,paired-end,0,0,0,0,http://aem.asm.org/content/79/17/5112/suppl/DCSupplemental,FWD:GTGCCAGCMGCCGCGGTAA; REV:GGACTACHVGGGTWTCTAAT,toilet hat,http://aem.asm.org/content/79/17/5112.short,0,16S rRNA,V4,59,1,,,,,,
SRR2144099,AMPLICON,502,19348084,PRJNA290926,SAMN03939829,"MIMARKS.survey,MIGS/MIMS/MIMARKS.human-gut",12640574,UNIVERSITY OF MICHIGAN,NA,public,"sra,run.zq,fastq","gs,s3,ncbi","gs.us-east1,s3.us-east-1,ncbi.public",human stool sample,human body,gut,feces,SRX1132695,USA,North America,USA,Homo sapiens,454 GS,NA,3441650_S69_L001_R1_001.fastq.3441650,PAIRED,PCR,METAGENOMIC,human gut metagenome,metagenome,LS454,2015-08-09T00:00:00Z,2015-08-04T14:59:00Z,1,-80C,3441650,3441650,Illumina MiSeq,SRP062005,0,67,0,0,21.9,NA,Uchime,0,0,Adenoma,0,0,female,167,0,1,1,paired-end,0,0,0,0,http://aem.asm.org/content/79/17/5112/suppl/DCSupplemental,FWD:GTGCCAGCMGCCGCGGTAA; REV:GGACTACHVGGGTWTCTAAT,toilet hat,http://aem.asm.org/content/79/17/5112.short,0,16S rRNA,V4,61,1,,,,,,
SRR2144100,AMPLICON,502,29251540,PRJNA290926,SAMN03939830,"MIMARKS.survey,MIGS/MIMS/MIMARKS.human-gut",19039608,UNIVERSITY OF MICHIGAN,NA,public,"sra,run.zq,fastq","gs,ncbi,s3","gs.us-east1,ncbi.public,s3.us-east-1",human stool sample,human body,gut,feces,SRX1132696,USA,North America,USA,Homo sapiens,454 GS,NA,3443650_S61_L001_R1_001.fastq.3443650,PAIRED,PCR,METAGENOMIC,human gut metagenome,metagenome,LS454,2015-08-09T00:00:00Z,2015-08-04T14:58:00Z,1,-80C,3443650,3443650,Illumina MiSeq,SRP062005,0,51,0,0,33.2,NA,Uchime,0,0,Adenoma,0,5,female,162,0,0,0,paired-end,0,0,0,0,http://aem.asm.org/content/79/17/5112/suppl/DCSupplemental,FWD:GTGCCAGCMGCCGCGGTAA; REV:GGACTACHVGGGTWTCTAAT,toilet hat,http://aem.asm.org/content/79/17/5112.short,0,16S rRNA,V4,87,1,,,,,,
SRR2144101,AMPLICON,502,51239642,PRJNA290926,SAMN03939831,"MIMARKS.survey,MIGS/MIMS/MIMARKS.human-gut",34506969,UNIVERSITY OF MICHIGAN,NA,public,"sra,run.zq,fastq","ncbi,gs,s3","ncbi.public,gs.us-east1,s3.us-east-1",human stool sample,human body,gut,feces,SRX1132697,USA,North America,USA,Homo sapiens,454 GS,NA,3445670_S50_L001_R1_001.fastq.3445670,PAIRED,PCR,METAGENOMIC,human gut metagenome,metagenome,LS454,2015-08-09T00:00:00Z,2015-08-04T14:59:00Z,1,-80C,3445670,3445670,Illumina MiSeq,SRP062005,0,47,0,0,26.4,3,Uchime,0,0,Cancer,0,1982,male,175,1,1,1,paired-end,0,0,0,0,http://aem.asm.org/content/79/17/5112/suppl/DCSupplemental,FWD:GTGCCAGCMGCCGCGGTAA; REV:GGACTACHVGGGTWTCTAAT,toilet hat,http://aem.asm.org/content/79/17/5112.short,0,16S rRNA,V4,81,1,,,,,,
SRR2144102,AMPLICON,502,31605418,PRJNA290926,SAMN03939832,"MIMARKS.survey,MIGS/MIMS/MIMARKS.human-gut",23286636,UNIVERSITY OF MICHIGAN,NA,public,"fastq,sra,run.zq","s3,ncbi,gs","gs.us-east1,ncbi.public,s3.us-east-1",human stool sample,human body,gut,feces,SRX1132698,USA,North America,USA,Homo sapiens,454 GS,NA,3447650_S21_L001_R1_001.fastq.3447650,PAIRED,PCR,METAGENOMIC,human gut metagenome,metagenome,LS454,2015-08-09T00:00:00Z,2015-08-04T14:58:00Z,1,-80C,3447650,3447650,Illumina MiSeq,SRP062005,0,48,0,0,29.7,NA,Uchime,0,0,Adenoma,0,0,male,172,0,1,0,paired-end,0,0,0,0,http://aem.asm.org/content/79/17/5112/suppl/DCSupplemental,FWD:GTGCCAGCMGCCGCGGTAA; REV:GGACTACHVGGGTWTCTAAT,toilet hat,http://aem.asm.org/content/79/17/5112.short,1,16S rRNA,V4,88,1,,,,,,
SRR2144103,AMPLICON,502,43512858,PRJNA290926,SAMN03939833,"MIMARKS.survey,MIGS/MIMS/MIMARKS.human-gut",27314744,UNIVERSITY OF MICHIGAN,NA,public,"sra,run.zq,fastq","ncbi,gs,s3","ncbi.public,s3.us-east-1,gs.us-east1",human stool sample,human body,gut,feces,SRX1132699,USA,North America,USA,Homo sapiens,454 GS,NA,3453650_S26_L001_R1_001.fastq.3453650,PAIRED,PCR,METAGENOMIC,human gut metagenome,metagenome,LS454,2015-08-09T00:00:00Z,2015-08-04T14:59:00Z,1,-80C,3453650,3453650,Illumina MiSeq,SRP062005,0,49,0,0,37.3,3,Uchime,0,0,Cancer,0,752,female,167,0,0,0,paired-end,0,0,0,0,http://aem.asm.org/content/79/17/5112/suppl/DCSupplemental,FWD:GTGCCAGCMGCCGCGGTAA; REV:GGACTACHVGGGTWTCTAAT,toilet hat,http://aem.asm.org/content/79/17/5112.short,1,16S rRNA,V4,104,1,,,,,,
SRR2144104,AMPLICON,502,22305366,PRJNA290926,SAMN03939834,"MIMARKS.survey,MIGS/MIMS/MIMARKS.human-gut",14507580,UNIVERSITY OF MICHIGAN,NA,public,"run.zq,sra,fastq","gs,s3,ncbi","ncbi.public,gs.us-east1,s3.us-east-1",human stool sample,human body,gut,feces,SRX1132700,USA,North America,USA,Homo sapiens,454 GS,NA,3455650_S147_L001_R1_001.fastq.3455650,PAIRED,PCR,METAGENOMIC,human gut metagenome,metagenome,LS454,2015-08-09T00:00:00Z,2015-08-04T14:59:00Z,1,-80C,3455650,3455650,Illumina MiSeq,SRP062005,0,44,0,0,35.8,NA,Uchime,0,0,Adenoma,0,0,male,172,0,0,0,paired-end,0,0,0,0,http://aem.asm.org/content/79/17/5112/suppl/DCSupplemental,FWD:GTGCCAGCMGCCGCGGTAA; REV:GGACTACHVGGGTWTCTAAT,toilet hat,http://aem.asm.org/content/79/17/5112.short,0,16S rRNA,V4,106,1,,,,,,
SRR2144105,AMPLICON,502,67112380,PRJNA290926,SAMN03939835,"MIMARKS.survey,MIGS/MIMS/MIMARKS.human-gut",45076904,UNIVERSITY OF MICHIGAN,NA,public,"run.zq,fastq,sra","gs,ncbi,s3","s3.us-east-1,gs.us-east1,ncbi.public",human stool sample,human body,gut,feces,SRX1132701,USA,North America,USA,Homo sapiens,454 GS,NA,3477660_S51_L001_R1_001.fastq.3477660,PAIRED,PCR,METAGENOMIC,human gut metagenome,metagenome,LS454,2015-08-09T00:00:00Z,2015-08-04T14:59:00Z,1,-80C,3477660,3477660,Illumina MiSeq,SRP062005,0,56,0,0,24.9,NA,Uchime,0,0,Normal,0,20,female,177,0,0,0,paired-end,0,0,0,0,http://aem.asm.org/content/79/17/5112/suppl/DCSupplemental,FWD:GTGCCAGCMGCCGCGGTAA; REV:GGACTACHVGGGTWTCTAAT,toilet hat,http://aem.asm.org/content/79/17/5112.short,0,16S rRNA,V4,78,1,,,,,,
SRR2144106,AMPLICON,502,39939622,PRJNA290926,SAMN03939836,"MIMARKS.survey,MIGS/MIMS/MIMARKS.human-gut",26652701,UNIVERSITY OF MICHIGAN,NA,public,"run.zq,fastq,sra","ncbi,gs,s3","ncbi.public,s3.us-east-1,gs.us-east1",human stool sample,human body,gut,feces,SRX1132702,USA,North America,USA,Homo sapiens,454 GS,NA,3481660_S4_L001_R1_001.fastq.3481660,PAIRED,PCR,METAGENOMIC,human gut metagenome,metagenome,LS454,2015-08-09T00:00:00Z,2015-08-04T14:59:00Z,1,-80C,3481660,3481660,Illumina MiSeq,SRP062005,0,55,0,0,33.1,NA,Uchime,0,0,Normal,1,90,male,165,0,0,0,paired-end,0,0,1,0,http://aem.asm.org/content/79/17/5112/suppl/DCSupplemental,FWD:GTGCCAGCMGCCGCGGTAA; REV:GGACTACHVGGGTWTCTAAT,toilet hat,http://aem.asm.org/content/79/17/5112.short,1,16S rRNA,V4,90,0,,,,,,
SRR2144107,AMPLICON,502,31162654,PRJNA290926,SAMN03939837,"MIMARKS.survey,MIGS/MIMS/MIMARKS.human-gut",20877370,UNIVERSITY OF MICHIGAN,NA,public,"run.zq,fastq,sra","ncbi,gs,s3","s3.us-east-1,ncbi.public,gs.us-east1",human stool sample,human body,gut,feces,SRX1132703,USA,North America,USA,Homo sapiens,454 GS,NA,3483651_S177_L001_R1_001.fastq.3483651,PAIRED,PCR,METAGENOMIC,human gut metagenome,metagenome,LS454,2015-08-09T00:00:00Z,2015-08-04T14:59:00Z,1,-80C,3483651,3483651,Illumina MiSeq,SRP062005,0,61,0,0,20.9,NA,Uchime,0,0,Normal,0,0,female,168,0,0,0,paired-end,0,0,0,0,http://aem.asm.org/content/79/17/5112/suppl/DCSupplemental,FWD:GTGCCAGCMGCCGCGGTAA; REV:GGACTACHVGGGTWTCTAAT,toilet hat,http://aem.asm.org/content/79/17/5112.short,0,16S rRNA,V4,59,1,,,,,,
SRR2144108,AMPLICON,502,40578166,PRJNA290926,SAMN03939838,"MIMARKS.survey,MIGS/MIMS/MIMARKS.human-gut",27094386,UNIVERSITY OF MICHIGAN,NA,public,"sra,fastq,run.zq","ncbi,s3,gs","gs.us-east1,s3.us-east-1,ncbi.public",human stool sample,human body,gut,feces,SRX1132704,USA,North America,USA,Homo sapiens,454 GS,NA,3485680_S5_L001_R1_001.fastq.3485680,PAIRED,PCR,METAGENOMIC,human gut metagenome,metagenome,LS454,2015-08-09T00:00:00Z,2015-08-04T14:59:00Z,1,-80C,3485680,3485680,Illumina MiSeq,SRP062005,0,67,0,0,28.7,NA,Uchime,0,0,Normal,0,0,male,165,0,0,0,paired-end,0,0,0,0,http://aem.asm.org/content/79/17/5112/suppl/DCSupplemental,FWD:GTGCCAGCMGCCGCGGTAA; REV:GGACTACHVGGGTWTCTAAT,toilet hat,http://aem.asm.org/content/79/17/5112.short,0,16S rRNA,V4,78,1,,,,,,
SRR2144109,AMPLICON,502,21216528,PRJNA290926,SAMN03939839,"MIMARKS.survey,MIGS/MIMS/MIMARKS.human-gut",14057237,UNIVERSITY OF MICHIGAN,NA,public,"fastq,run.zq,sra","ncbi,gs,s3","ncbi.public,s3.us-east-1,gs.us-east1",human stool sample,human body,gut,feces,SRX1132705,USA,North America,USA,Homo sapiens,454 GS,NA,3487650_S47_L001_R1_001.fastq.3487650,PAIRED,PCR,METAGENOMIC,human gut metagenome,metagenome,LS454,2015-08-09T00:00:00Z,2015-08-04T14:59:00Z,1,-80C,3487650,3487650,Illumina MiSeq,SRP062005,0,62,0,0,27.2,NA,Uchime,0,0,Normal,0,0,male,187,0,0,0,paired-end,0,0,0,0,http://aem.asm.org/content/79/17/5112/suppl/DCSupplemental,FWD:GTGCCAGCMGCCGCGGTAA; REV:GGACTACHVGGGTWTCTAAT,toilet hat,http://aem.asm.org/content/79/17/5112.short,0,16S rRNA,V4,95,1,,,,,,
SRR2144110,AMPLICON,502,36459256,PRJNA290926,SAMN03939840,"MIMARKS.survey,MIGS/MIMS/MIMARKS.human-gut",23868642,UNIVERSITY OF MICHIGAN,NA,public,"fastq,run.zq,sra","gs,s3,ncbi","ncbi.public,s3.us-east-1,gs.us-east1",human stool sample,human body,gut,feces,SRX1132706,USA,North America,USA,Homo sapiens,454 GS,NA,3489670_S38_L001_R1_001.fastq.3489670,PAIRED,PCR,METAGENOMIC,human gut metagenome,metagenome,LS454,2015-08-09T00:00:00Z,2015-08-04T14:58:00Z,1,-80C,3489670,3489670,Illumina MiSeq,SRP062005,0,49,0,0,31,3,Uchime,0,0,Cancer,0,2867,female,175,0,1,1,paired-end,0,0,0,0,http://aem.asm.org/content/79/17/5112/suppl/DCSupplemental,FWD:GTGCCAGCMGCCGCGGTAA; REV:GGACTACHVGGGTWTCTAAT,toilet hat,http://aem.asm.org/content/79/17/5112.short,0,16S rRNA,V4,95,1,,,,,,
SRR2144111,AMPLICON,502,25401702,PRJNA290926,SAMN03939841,"MIMARKS.survey,MIGS/MIMS/MIMARKS.human-gut",16924420,UNIVERSITY OF MICHIGAN,NA,public,"sra,run.zq,fastq","gs,ncbi,s3","s3.us-east-1,gs.us-east1,ncbi.public",human stool sample,human body,gut,feces,SRX1132707,USA,North America,USA,Homo sapiens,454 GS,NA,3491650_S141_L001_R1_001.fastq.3491650,PAIRED,PCR,METAGENOMIC,human gut metagenome,metagenome,LS454,2015-08-09T00:00:00Z,2015-08-04T14:58:00Z,1,-80C,3491650,3491650,Illumina MiSeq,SRP062005,0,52,0,0,22.6,NA,Uchime,0,0,Normal,0,0,female,172,0,0,0,paired-end,0,0,0,0,http://aem.asm.org/content/79/17/5112/suppl/DCSupplemental,FWD:GTGCCAGCMGCCGCGGTAA; REV:GGACTACHVGGGTWTCTAAT,toilet hat,http://aem.asm.org/content/79/17/5112.short,1,16S rRNA,V4,67,1,,,,,,
SRR2144112,AMPLICON,502,48145816,PRJNA290926,SAMN03939842,"MIMARKS.survey,MIGS/MIMS/MIMARKS.human-gut",32037912,UNIVERSITY OF MICHIGAN,NA,public,"fastq,run.zq,sra","gs,ncbi,s3","gs.us-east1,s3.us-east-1,ncbi.public",human stool sample,human body,gut,feces,SRX1132708,USA,North America,USA,Homo sapiens,454 GS,NA,3495650_S6_L001_R1_001.fastq.3495650,PAIRED,PCR,METAGENOMIC,human gut metagenome,metagenome,LS454,2015-08-09T00:00:00Z,2015-08-04T14:59:00Z,1,-80C,3495650,3495650,Illumina MiSeq,SRP062005,0,55,0,0,25.1,NA,Uchime,0,1,High Risk Normal,0,0,female,162,1,0,0,paired-end,0,0,0,0,http://aem.asm.org/content/79/17/5112/suppl/DCSupplemental,FWD:GTGCCAGCMGCCGCGGTAA; REV:GGACTACHVGGGTWTCTAAT,toilet hat,http://aem.asm.org/content/79/17/5112.short,0,16S rRNA,V4,66,1,,,,,,
SRR2144113,AMPLICON,502,105007858,PRJNA290926,SAMN03939843,"MIMARKS.survey,MIGS/MIMS/MIMARKS.human-gut",66663927,UNIVERSITY OF MICHIGAN,NA,public,"fastq,run.zq,sra","ncbi,gs,s3","s3.us-east-1,ncbi.public,gs.us-east1",human stool sample,human body,gut,feces,SRX1132709,USA,North America,USA,Homo sapiens,454 GS,NA,3497650_S46_L001_R1_001.fastq.3497650,PAIRED,PCR,METAGENOMIC,human gut metagenome,metagenome,LS454,2015-08-09T00:00:00Z,2015-08-04T14:59:00Z,1,-80C,3497650,3497650,Illumina MiSeq,SRP062005,0,57,0,0,30.8,NA,Uchime,1,1,adv Adenoma,0,0,male,167,0,1,0,paired-end,0,1,0,0,http://aem.asm.org/content/79/17/5112/suppl/DCSupplemental,FWD:GTGCCAGCMGCCGCGGTAA; REV:GGACTACHVGGGTWTCTAAT,toilet hat,http://aem.asm.org/content/79/17/5112.short,0,16S rRNA,V4,86,1,,,,,,
SRR2144114,AMPLICON,502,13942046,PRJNA290926,SAMN03939843,"MIMARKS.survey,MIGS/MIMS/MIMARKS.human-gut",10485438,UNIVERSITY OF MICHIGAN,NA,public,"run.zq,fastq,sra","ncbi,s3,gs","gs.us-east1,s3.us-east-1,ncbi.public",human stool sample,human body,gut,feces,SRX1132710,USA,North America,USA,Homo sapiens,454 GS,NA,3497650_S72_L001_R1_001.fastq.3497650,PAIRED,PCR,METAGENOMIC,human gut metagenome,metagenome,LS454,2015-08-09T00:00:00Z,2015-08-04T14:58:00Z,1,-80C,3497650,3497650,Illumina MiSeq,SRP062005,0,57,0,0,30.8,NA,Uchime,1,1,adv Adenoma,0,0,male,167,0,1,0,paired-end,0,1,0,0,http://aem.asm.org/content/79/17/5112/suppl/DCSupplemental,FWD:GTGCCAGCMGCCGCGGTAA; REV:GGACTACHVGGGTWTCTAAT,toilet hat,http://aem.asm.org/content/79/17/5112.short,0,16S rRNA,V4,86,1,,,,,,
SRR2144115,AMPLICON,502,17079546,PRJNA290926,SAMN03939844,"MIMARKS.survey,MIGS/MIMS/MIMARKS.human-gut",11076374,UNIVERSITY OF MICHIGAN,NA,public,"run.zq,sra,fastq","s3,gs,ncbi","s3.us-east-1,ncbi.public,gs.us-east1",human stool sample,human body,gut,feces,SRX1132711,USA,North America,USA,Homo sapiens,454 GS,NA,3499660_S54_L001_R1_001.fastq.3499660,PAIRED,PCR,METAGENOMIC,human gut metagenome,metagenome,LS454,2015-08-09T00:00:00Z,2015-08-04T14:59:00Z,1,-80C,3499660,3499660,Illumina MiSeq,SRP062005,0,46,0,0,21.3,NA,Uchime,0,0,Normal,0,0,female,162,0,0,0,paired-end,0,1,0,0,http://aem.asm.org/content/79/17/5112/suppl/DCSupplemental,FWD:GTGCCAGCMGCCGCGGTAA; REV:GGACTACHVGGGTWTCTAAT,toilet hat,http://aem.asm.org/content/79/17/5112.short,0,16S rRNA,V4,56,1,,,,,,
SRR2144116,AMPLICON,502,24116582,PRJNA290926,SAMN03939845,"MIMARKS.survey,MIGS/MIMS/MIMARKS.human-gut",15685418,UNIVERSITY OF MICHIGAN,NA,public,"run.zq,sra,fastq","gs,ncbi,s3","s3.us-east-1,gs.us-east1,ncbi.public",human stool sample,human body,gut,feces,SRX1132712,USA,North America,USA,Homo sapiens,454 GS,NA,3501650_S60_L001_R1_001.fastq.3501650,PAIRED,PCR,METAGENOMIC,human gut metagenome,metagenome,LS454,2015-08-09T00:00:00Z,2015-08-04T14:59:00Z,1,-80C,3501650,3501650,Illumina MiSeq,SRP062005,0,50,0,1,30.9,NA,Uchime,0,0,High Risk Normal,0,0,female,162,1,1,1,paired-end,0,0,0,0,http://aem.asm.org/content/79/17/5112/suppl/DCSupplemental,FWD:GTGCCAGCMGCCGCGGTAA; REV:GGACTACHVGGGTWTCTAAT,toilet hat,http://aem.asm.org/content/79/17/5112.short,0,16S rRNA,V4,81,0,,,,,,
SRR2144117,AMPLICON,502,26547768,PRJNA290926,SAMN03939846,"MIMARKS.survey,MIGS/MIMS/MIMARKS.human-gut",17163296,UNIVERSITY OF MICHIGAN,NA,public,"sra,run.zq,fastq","ncbi,gs,s3","s3.us-east-1,gs.us-east1,ncbi.public",human stool sample,human body,gut,feces,SRX1132713,USA,North America,USA,Homo sapiens,454 GS,NA,3503650_S85_L001_R1_001.fastq.3503650,PAIRED,PCR,METAGENOMIC,human gut metagenome,metagenome,LS454,2015-08-09T00:00:00Z,2015-08-04T14:58:00Z,1,-80C,3503650,3503650,Illumina MiSeq,SRP062005,0,74,0,0,24.1,1,Uchime,0,0,Cancer,0,47,male,180,0,1,0,paired-end,0,0,0,0,http://aem.asm.org/content/79/17/5112/suppl/DCSupplemental,FWD:GTGCCAGCMGCCGCGGTAA; REV:GGACTACHVGGGTWTCTAAT,toilet hat,http://aem.asm.org/content/79/17/5112.short,0,16S rRNA,V4,78,1,,,,,,
SRR2144118,AMPLICON,502,37299604,PRJNA290926,SAMN03939847,"MIMARKS.survey,MIGS/MIMS/MIMARKS.human-gut",22497077,UNIVERSITY OF MICHIGAN,NA,public,"sra,fastq,run.zq","ncbi,gs,s3","ncbi.public,s3.us-east-1,gs.us-east1",human stool sample,human body,gut,feces,SRX1132714,USA,North America,USA,Homo sapiens,454 GS,NA,3509661_S40_L001_R1_001.fastq.3509661,PAIRED,PCR,METAGENOMIC,human gut metagenome,metagenome,LS454,2015-08-09T00:00:00Z,2015-08-04T14:58:00Z,1,-80C,3509661,3509661,Illumina MiSeq,SRP062005,0,74,0,0,24.4,NA,Uchime,0,0,Adenoma,0,0,male,180,0,1,0,paired-end,0,0,0,0,http://aem.asm.org/content/79/17/5112/suppl/DCSupplemental,FWD:GTGCCAGCMGCCGCGGTAA; REV:GGACTACHVGGGTWTCTAAT,toilet hat,http://aem.asm.org/content/79/17/5112.short,0,16S rRNA,V4,79,1,,,,,,
SRR2144119,AMPLICON,502,12116774,PRJNA290926,SAMN03939848,"MIMARKS.survey,MIGS/MIMS/MIMARKS.human-gut",8132737,UNIVERSITY OF MICHIGAN,NA,public,"fastq,sra,run.zq","ncbi,gs,s3","ncbi.public,gs.us-east1,s3.us-east-1",human stool sample,human body,gut,feces,SRX1132715,USA,North America,USA,Homo sapiens,454 GS,NA,3511650_S149_L001_R1_001.fastq.3511650,PAIRED,PCR,METAGENOMIC,human gut metagenome,metagenome,LS454,2015-08-09T00:00:00Z,2015-08-04T14:58:00Z,1,-80C,3511650,3511650,Illumina MiSeq,SRP062005,0,53,0,0,21.1,NA,Uchime,0,0,Normal,0,0,female,157,0,0,0,paired-end,0,0,0,0,http://aem.asm.org/content/79/17/5112/suppl/DCSupplemental,FWD:GTGCCAGCMGCCGCGGTAA; REV:GGACTACHVGGGTWTCTAAT,toilet hat,http://aem.asm.org/content/79/17/5112.short,1,16S rRNA,V4,52,1,,,,,,
SRR2144120,AMPLICON,502,19845064,PRJNA290926,SAMN03939849,"MIMARKS.survey,MIGS/MIMS/MIMARKS.human-gut",13033090,UNIVERSITY OF MICHIGAN,NA,public,"run.zq,sra,fastq","s3,ncbi,gs","ncbi.public,gs.us-east1,s3.us-east-1",human stool sample,human body,gut,feces,SRX1132716,USA,North America,USA,Homo sapiens,454 GS,NA,3515660_S148_L001_R1_001.fastq.3515660,PAIRED,PCR,METAGENOMIC,human gut metagenome,metagenome,LS454,2015-08-09T00:00:00Z,2015-08-04T14:58:00Z,1,-80C,3515660,3515660,Illumina MiSeq,SRP062005,0,53,0,0,26.6,NA,Uchime,0,0,Normal,0,0,male,182,0,0,0,paired-end,0,0,0,0,http://aem.asm.org/content/79/17/5112/suppl/DCSupplemental,FWD:GTGCCAGCMGCCGCGGTAA; REV:GGACTACHVGGGTWTCTAAT,toilet hat,http://aem.asm.org/content/79/17/5112.short,1,16S rRNA,V4,88,1,,,,,,
SRR2144121,AMPLICON,502,22447934,PRJNA290926,SAMN03939850,"MIMARKS.survey,MIGS/MIMS/MIMARKS.human-gut",14437306,UNIVERSITY OF MICHIGAN,NA,public,"sra,fastq,run.zq","s3,gs,ncbi","gs.us-east1,ncbi.public,s3.us-east-1",human stool sample,human body,gut,feces,SRX1132717,USA,North America,USA,Homo sapiens,454 GS,NA,3517653_S18_L001_R1_001.fastq.3517653,PAIRED,PCR,METAGENOMIC,human gut metagenome,metagenome,LS454,2015-08-09T00:00:00Z,2015-08-04T14:58:00Z,1,-80C,3517653,3517653,Illumina MiSeq,SRP062005,0,56,0,0,20.5,NA,Uchime,0,0,Normal,0,0,male,182,0,0,0,paired-end,0,0,0,0,http://aem.asm.org/content/79/17/5112/suppl/DCSupplemental,FWD:GTGCCAGCMGCCGCGGTAA; REV:GGACTACHVGGGTWTCTAAT,toilet hat,http://aem.asm.org/content/79/17/5112.short,0,16S rRNA,V4,68,1,,,,,,
SRR2144122,AMPLICON,502,48740686,PRJNA290926,SAMN03939851,"MIMARKS.survey,MIGS/MIMS/MIMARKS.human-gut",32558219,UNIVERSITY OF MICHIGAN,NA,public,"fastq,run.zq,sra","gs,s3,ncbi","ncbi.public,gs.us-east1,s3.us-east-1",human stool sample,human body,gut,feces,SRX1132718,USA,North America,USA,Homo sapiens,454 GS,NA,3519670_S39_L001_R1_001.fastq.3519670,PAIRED,PCR,METAGENOMIC,human gut metagenome,metagenome,LS454,2015-08-09T00:00:00Z,2015-08-04T14:59:00Z,1,-80C,3519670,3519670,Illumina MiSeq,SRP062005,0,58,0,1,35.5,NA,Uchime,0,0,High Risk Normal,0,0,female,167,0,1,0,paired-end,0,0,0,0,http://aem.asm.org/content/79/17/5112/suppl/DCSupplemental,FWD:GTGCCAGCMGCCGCGGTAA; REV:GGACTACHVGGGTWTCTAAT,toilet hat,http://aem.asm.org/content/79/17/5112.short,0,16S rRNA,V4,99,0,,,,,,
SRR2144123,AMPLICON,502,32038142,PRJNA290926,SAMN03939852,"MIMARKS.survey,MIGS/MIMS/MIMARKS.human-gut",21216338,UNIVERSITY OF MICHIGAN,NA,public,"sra,run.zq,fastq","s3,gs,ncbi","s3.us-east-1,ncbi.public,gs.us-east1",human stool sample,human body,gut,feces,SRX1132719,USA,North America,USA,Homo sapiens,454 GS,NA,3523650_S7_L001_R1_001.fastq.3523650,PAIRED,PCR,METAGENOMIC,human gut metagenome,metagenome,LS454,2015-08-09T00:00:00Z,2015-08-04T14:58:00Z,1,-80C,3523650,3523650,Illumina MiSeq,SRP062005,0,55,0,0,19.3,NA,Uchime,0,0,Adenoma,0,0,male,185,0,1,0,paired-end,0,1,0,0,http://aem.asm.org/content/79/17/5112/suppl/DCSupplemental,FWD:GTGCCAGCMGCCGCGGTAA; REV:GGACTACHVGGGTWTCTAAT,toilet hat,http://aem.asm.org/content/79/17/5112.short,0,16S rRNA,V4,66,1,,,,,,
SRR2144124,AMPLICON,502,23222520,PRJNA290926,SAMN03939853,"MIMARKS.survey,MIGS/MIMS/MIMARKS.human-gut",17262955,UNIVERSITY OF MICHIGAN,NA,public,"run.zq,sra,fastq","s3,gs,ncbi","s3.us-east-1,gs.us-east1,ncbi.public",human stool sample,human body,gut,feces,SRX1132720,USA,North America,USA,Homo sapiens,454 GS,NA,3525650_S106_L001_R1_001.fastq.3525650,PAIRED,PCR,METAGENOMIC,human gut metagenome,metagenome,LS454,2015-08-09T00:00:00Z,2015-08-04T14:58:00Z,1,-80C,3525650,3525650,Illumina MiSeq,SRP062005,0,66,0,0,21.6,NA,Uchime,0,0,adv Adenoma,0,0,male,180,1,1,1,paired-end,0,1,0,0,http://aem.asm.org/content/79/17/5112/suppl/DCSupplemental,FWD:GTGCCAGCMGCCGCGGTAA; REV:GGACTACHVGGGTWTCTAAT,toilet hat,http://aem.asm.org/content/79/17/5112.short,1,16S rRNA,V4,70,1,,,,,,
SRR2144125,AMPLICON,502,23573920,PRJNA290926,SAMN03939854,"MIMARKS.survey,MIGS/MIMS/MIMARKS.human-gut",15654454,UNIVERSITY OF MICHIGAN,NA,public,"sra,fastq,run.zq","s3,ncbi,gs","gs.us-east1,ncbi.public,s3.us-east-1",human stool sample,human body,gut,feces,SRX1132721,USA,North America,USA,Homo sapiens,454 GS,NA,3527670_S8_L001_R1_001.fastq.3527670,PAIRED,PCR,METAGENOMIC,human gut metagenome,metagenome,LS454,2015-08-09T00:00:00Z,2015-08-04T14:58:00Z,1,-80C,3527670,3527670,Illumina MiSeq,SRP062005,0,77,0,0,31.8,NA,Uchime,0,0,High Risk Normal,0,25,male,180,0,1,1,paired-end,0,1,0,0,http://aem.asm.org/content/79/17/5112/suppl/DCSupplemental,FWD:GTGCCAGCMGCCGCGGTAA; REV:GGACTACHVGGGTWTCTAAT,toilet hat,http://aem.asm.org/content/79/17/5112.short,0,16S rRNA,V4,103,1,,,,,,
SRR2144126,AMPLICON,502,20713022,PRJNA290926,SAMN03939855,"MIMARKS.survey,MIGS/MIMS/MIMARKS.human-gut",13521152,UNIVERSITY OF MICHIGAN,NA,public,"fastq,sra,run.zq","ncbi,s3,gs","s3.us-east-1,gs.us-east1,ncbi.public",human stool sample,human body,gut,feces,SRX1132722,USA,North America,USA,Homo sapiens,454 GS,NA,3529653_S30_L001_R1_001.fastq.3529653,PAIRED,PCR,METAGENOMIC,human gut metagenome,metagenome,LS454,2015-08-09T00:00:00Z,2015-08-04T14:58:00Z,1,-80C,3529653,3529653,Illumina MiSeq,SRP062005,0,51,0,0,27.4,NA,Uchime,0,0,Normal,0,0,female,162,0,0,0,paired-end,0,0,0,0,http://aem.asm.org/content/79/17/5112/suppl/DCSupplemental,FWD:GTGCCAGCMGCCGCGGTAA; REV:GGACTACHVGGGTWTCTAAT,toilet hat,http://aem.asm.org/content/79/17/5112.short,0,16S rRNA,V4,72,1,,,,,,
SRR2144127,AMPLICON,502,33076780,PRJNA290926,SAMN03939856,"MIMARKS.survey,MIGS/MIMS/MIMARKS.human-gut",21696248,UNIVERSITY OF MICHIGAN,NA,public,"sra,fastq,run.zq","gs,s3,ncbi","gs.us-east1,ncbi.public,s3.us-east-1",human stool sample,human body,gut,feces,SRX1132723,USA,North America,USA,Homo sapiens,454 GS,NA,3531650_S9_L001_R1_001.fastq.3531650,PAIRED,PCR,METAGENOMIC,human gut metagenome,metagenome,LS454,2015-08-09T00:00:00Z,2015-08-04T14:58:00Z,1,-80C,3531650,3531650,Illumina MiSeq,SRP062005,0,53,0,0,33.6,NA,Uchime,0,0,Normal,0,0,female,160,0,0,1,paired-end,0,0,0,0,http://aem.asm.org/content/79/17/5112/suppl/DCSupplemental,FWD:GTGCCAGCMGCCGCGGTAA; REV:GGACTACHVGGGTWTCTAAT,toilet hat,http://aem.asm.org/content/79/17/5112.short,0,16S rRNA,V4,86,1,,,,,,
SRR2144128,AMPLICON,502,24578422,PRJNA290926,SAMN03939857,"MIMARKS.survey,MIGS/MIMS/MIMARKS.human-gut",15699012,UNIVERSITY OF MICHIGAN,NA,public,"run.zq,sra,fastq","ncbi,s3,gs","ncbi.public,gs.us-east1,s3.us-east-1",human stool sample,human body,gut,feces,SRX1132724,USA,North America,USA,Homo sapiens,454 GS,NA,3535650_S57_L001_R1_001.fastq.3535650,PAIRED,PCR,METAGENOMIC,human gut metagenome,metagenome,LS454,2015-08-09T00:00:00Z,2015-08-04T14:58:00Z,1,-80C,3535650,3535650,Illumina MiSeq,SRP062005,0,75,0,0,27.2,NA,Uchime,0,0,adv Adenoma,0,0,male,185,0,1,0,paired-end,0,1,0,0,http://aem.asm.org/content/79/17/5112/suppl/DCSupplemental,FWD:GTGCCAGCMGCCGCGGTAA; REV:GGACTACHVGGGTWTCTAAT,toilet hat,http://aem.asm.org/content/79/17/5112.short,1,16S rRNA,V4,93,1,,,,,,
SRR2144129,AMPLICON,502,20629690,PRJNA290926,SAMN03939858,"MIMARKS.survey,MIGS/MIMS/MIMARKS.human-gut",13575879,UNIVERSITY OF MICHIGAN,NA,public,"fastq,run.zq,sra","gs,ncbi,s3","ncbi.public,s3.us-east-1,gs.us-east1",human stool sample,human body,gut,feces,SRX1132725,USA,North America,USA,Homo sapiens,454 GS,NA,3537650_S118_L001_R1_001.fastq.3537650,PAIRED,PCR,METAGENOMIC,human gut metagenome,metagenome,LS454,2015-08-09T00:00:00Z,2015-08-04T14:57:00Z,1,-80C,3537650,3537650,Illumina MiSeq,SRP062005,0,56,0,0,27,NA,Uchime,0,0,Normal,0,0,female,160,0,0,0,paired-end,0,0,0,0,http://aem.asm.org/content/79/17/5112/suppl/DCSupplemental,FWD:GTGCCAGCMGCCGCGGTAA; REV:GGACTACHVGGGTWTCTAAT,toilet hat,http://aem.asm.org/content/79/17/5112.short,0,16S rRNA,V4,69,1,,,,,,
SRR2144130,AMPLICON,502,22869614,PRJNA290926,SAMN03939859,"MIMARKS.survey,MIGS/MIMS/MIMARKS.human-gut",14941440,UNIVERSITY OF MICHIGAN,NA,public,"sra,fastq,run.zq","gs,s3,ncbi","gs.us-east1,ncbi.public,s3.us-east-1",human stool sample,human body,gut,feces,SRX1132726,USA,North America,USA,Homo sapiens,454 GS,NA,3551650_S56_L001_R1_001.fastq.3551650,PAIRED,PCR,METAGENOMIC,human gut metagenome,metagenome,LS454,2015-08-09T00:00:00Z,2015-08-04T14:57:00Z,1,-80C,3551650,3551650,Illumina MiSeq,SRP062005,0,77,0,0,23.7,NA,Uchime,0,0,Adenoma,0,0,male,187,0,1,1,paired-end,0,1,0,0,http://aem.asm.org/content/79/17/5112/suppl/DCSupplemental,FWD:GTGCCAGCMGCCGCGGTAA; REV:GGACTACHVGGGTWTCTAAT,toilet hat,http://aem.asm.org/content/79/17/5112.short,1,16S rRNA,V4,83,1,,,,,,
SRR2144131,AMPLICON,502,22569418,PRJNA290926,SAMN03939860,"MIMARKS.survey,MIGS/MIMS/MIMARKS.human-gut",14894996,UNIVERSITY OF MICHIGAN,NA,public,"sra,fastq,run.zq","ncbi,gs,s3","s3.us-east-1,ncbi.public,gs.us-east1",human stool sample,human body,gut,feces,SRX1132727,USA,North America,USA,Homo sapiens,454 GS,NA,3561650_S119_L001_R1_001.fastq.3561650,PAIRED,PCR,METAGENOMIC,human gut metagenome,metagenome,LS454,2015-08-09T00:00:00Z,2015-08-04T14:58:00Z,1,-80C,3561650,3561650,Illumina MiSeq,SRP062005,0,51,0,0,25.5,NA,Uchime,0,0,Normal,0,0,female,167,0,0,0,paired-end,0,0,0,0,http://aem.asm.org/content/79/17/5112/suppl/DCSupplemental,FWD:GTGCCAGCMGCCGCGGTAA; REV:GGACTACHVGGGTWTCTAAT,toilet hat,http://aem.asm.org/content/79/17/5112.short,0,16S rRNA,V4,71,1,,,,,,
SRR2144132,AMPLICON,502,647580,PRJNA290926,SAMN03939861,"MIMARKS.survey,MIGS/MIMS/MIMARKS.human-gut",504156,UNIVERSITY OF MICHIGAN,NA,public,"sra,fastq,run.zq","s3,gs,ncbi","ncbi.public,s3.us-east-1,gs.us-east1",mock community,in vitro culture,NA,purified DNA,SRX1132728,uncalculated,uncalculated,NA,NA,454 GS,NA,mock1_S190_L001_R1_001.fastq.mock1,PAIRED,PCR,METAGENOMIC,human gut metagenome,metagenome,LS454,2015-08-09T00:00:00Z,2015-08-04T14:57:00Z,1,-20C,mock1,mock1,Illumina MiSeq,SRP062005,NA,NA,NA,NA,NA,NA,Uchime,NA,NA,NA,NA,NA,NA,NA,NA,NA,NA,paired-end,NA,NA,NA,NA,http://aem.asm.org/content/79/17/5112/suppl/DCSupplemental,FWD:GTGCCAGCMGCCGCGGTAA; REV:GGACTACHVGGGTWTCTAAT,NA,http://aem.asm.org/content/79/17/5112.short,NA,16S rRNA,V4,NA,NA,,,,,,
SRR2144133,AMPLICON,502,40105784,PRJNA290926,SAMN03490747,"MIMARKS.survey,MIGS/MIMS/MIMARKS.host-associated",27066436,UNIVERSITY OF MICHIGAN,2013,public,"run.zq,sra,fastq","s3,gs,ncbi","s3.us-east-1,gs.us-east1,ncbi.public",Mock community sample 2,synthetic,genomic DNA,genomic DNA,SRX1132729,USA,North America,"USA: Michigan\, Ann Arbor",NA,454 GS,42.2820973 N 83.7338904 W,mock2_S93_L001_R1_001.fastq.mock2,PAIRED,PCR,METAGENOMIC,synthetic metagenome,sythetic metagenome,LS454,2015-08-09T00:00:00Z,2015-08-04T14:57:00Z,1,-80 C,mock2,Mock community sample 2,http://www.mothur.org/w/images/0/0c/Wet-lab_MiSeq_SOP.pdf,SRP062005,,,,,,,,,,,,,,,,,,,,,,,,,,,,,,,,NA,NA,NA,NA,http://www.mobio.com/images/custom/file/protocol/12955.pdf,NA
SRR2144134,AMPLICON,502,33611912,PRJNA290926,SAMN03490750,"MIMARKS.survey,MIGS/MIMS/MIMARKS.host-associated",25008766,UNIVERSITY OF MICHIGAN,2013,public,"fastq,run.zq,sra","ncbi,s3,gs","gs.us-east1,s3.us-east-1,ncbi.public",Mock community sample 5,synthetic,genomic DNA,genomic DNA,SRX1132730,USA,North America,"USA: Michigan\, Ann Arbor",NA,454 GS,42.2820973 N 83.7338904 W,mock5_S92_L001_R1_001.fastq.mock5,PAIRED,PCR,METAGENOMIC,synthetic metagenome,sythetic metagenome,LS454,2015-08-09T00:00:00Z,2015-08-04T14:58:00Z,1,-80 C,mock5,Mock community sample 5,http://www.mothur.org/w/images/0/0c/Wet-lab_MiSeq_SOP.pdf,SRP062005,,,,,,,,,,,,,,,,,,,,,,,,,,,,,,,,NA,NA,NA,NA,http://www.mobio.com/images/custom/file/protocol/12955.pdf,NA
SRR2144135,AMPLICON,502,29829342,PRJNA290926,SAMN03490751,"MIMARKS.survey,MIGS/MIMS/MIMARKS.host-associated",22174226,UNIVERSITY OF MICHIGAN,2013,public,"fastq,run.zq,sra","ncbi,s3,gs","ncbi.public,gs.us-east1,s3.us-east-1",Mock community sample 6,synthetic,genomic DNA,genomic DNA,SRX1132731,USA,North America,"USA: Michigan\, Ann Arbor",NA,454 GS,42.2820973 N 83.7338904 W,mock6_S176_L001_R1_001.fastq.mock6,PAIRED,PCR,METAGENOMIC,synthetic metagenome,sythetic metagenome,LS454,2015-08-09T00:00:00Z,2015-08-04T14:57:00Z,1,-80 C,mock6,Mock community sample 6,http://www.mothur.org/w/images/0/0c/Wet-lab_MiSeq_SOP.pdf,SRP062005,,,,,,,,,,,,,,,,,,,,,,,,,,,,,,,,NA,NA,NA,NA,http://www.mobio.com/images/custom/file/protocol/12955.pdf,NA
SRR2144136,AMPLICON,502,27901662,PRJNA290926,SAMN03939862,"MIMARKS.survey,MIGS/MIMS/MIMARKS.human-gut",17989957,UNIVERSITY OF MICHIGAN,NA,public,"fastq,sra,run.zq","ncbi,s3,gs","s3.us-east-1,ncbi.public,gs.us-east1",mock community,in vitro culture,NA,purified DNA,SRX1132732,uncalculated,uncalculated,NA,NA,454 GS,NA,mock7_S96_L001_R1_001.fastq.mock7,PAIRED,PCR,METAGENOMIC,human gut metagenome,metagenome,LS454,2015-08-09T00:00:00Z,2015-08-04T14:58:00Z,1,-20C,mock7,mock7,Illumina MiSeq,SRP062005,NA,NA,NA,NA,NA,NA,Uchime,NA,NA,NA,NA,NA,NA,NA,NA,NA,NA,paired-end,NA,NA,NA,NA,http://aem.asm.org/content/79/17/5112/suppl/DCSupplemental,FWD:GTGCCAGCMGCCGCGGTAA; REV:GGACTACHVGGGTWTCTAAT,NA,http://aem.asm.org/content/79/17/5112.short,NA,16S rRNA,V4,NA,NA,,,,,,
