,Prevotella,Bacteroides,Parabacteroides,Draconibacterium,Pseudopedobacter,Candidatus Amoebophilus,Candidatus Sulcia,Fibrobacter,Faecalibacterium,Ruminococcus,Flavonifractor,Ethanoligenens,Lachnoclostridium,Anaerostipes,Lachnoanaerobaculum,Roseburia,Anaerotignum,Cellulosilyticum,Butyrivibrio,Blautia,Herbinix,Clostridium,Mordavella,Eubacterium,Clostridioides,Acetoanaerobium,Paeniclostridium,Mogibacterium,Oscillibacter,Intestinimonas,Symbiobacterium,Acidaminococcus,Dialister,Selenomonas,Streptococcus,Lactobacillus,Leuconostoc,Oenococcus,Enterococcus,Staphylococcus,Bacillus,Virgibacillus,Anoxybacillus,Alicyclobacillus,Novibacillus,Turicibacter,Faecalibaculum,Limnochorda,Olsenella,Collinsella,Eggerthella,Actinomyces,Corynebacterium,Rubrobacter,Candidatus Izimaplasma,Dehalococcoides,Candidatus Promineofilum,Thermus,Meiothermus,Salmonella,Escherichia,Enterobacter,Candidatus Tachikawaea,Shigella,Serratia,Yersinia,Arsenophonus,Basfia,Haemophilus,Aggregatibacter,Thioalkalivibrio,Halothiobacillus,Pseudomonas,Acinetobacter,Enterovibrio,Paraphotobacterium,Steroidobacter,Halotalea,Massilia,Comamonas,Sutterella,Nitrosomonas,Neisseria,Desulfovibrio,Azospirillum,Sphingobium,Candidatus Solibacter,Kiritimatiella,Thermodesulfatator,Halomicrobium,Alpha3microvirus,Alistipes,Tannerella,Odoribacter,Muribaculum,Candidatus Azobacteroides,Barnesiella,Candidatus Cardinium,Pseudarcicella,Melioribacter,Gemmatimonas,Peptoclostridium,Filifactor,Monoglobus,Fastidiosipila,Desulfotomaculum,Dehalobacterium,Syntrophomonas,Halanaerobium,Veillonella,Megasphaera,Pelosinus,Erysipelothrix,Weissella,Jeotgalibaca,Paenibacillus,Aneurinibacillus,Laceyella,Coriobacterium,Tessaracoccus,Bifidobacterium,Thermobifida,Mycoplasma,Oscillatoria,Chthonomonas,Chloroflexus,Anaerolinea,Candidatus Blochmannia,Klebsiella,Pragia,Acidiferrobacter,Francisella,Sandaracinus,Geoalkalibacter,Desulfomonile,Helicobacter,Rhodomicrobium,Candidatus Phaeomarinobacter,Hyphomonas,Erythrobacter,Asticcacaulis,Akkermansia,Chlamydia,Fusobacterium,Streptobacillus,Treponema,Methanobrevibacter,Porphyromonas,Petrimonas,Flammeovirga,Arcticibacterium,Muricauda,Ichthyobacterium,Prosthecochloris,Candidatus Arthromitus,Hungateiclostridium,Desulfofarcimen,Lactococcus,Frankia,Libanicoccus,Synechococcus,Pasteurella,Histophilus,Thalassolituus,Aeromonas,Acidihalobacter,Lysobacter,Vibrio,Paucibacter,Thiomonas,Eikenella,Altererythrobacter,Rickettsia,Ehrlichia,Caulobacter,Parvularcula,Thermanaerovibrio,Acetomicrobium,Cloacibacillus,Leptotrichia,G4microvirus,Mageeibacillus,Marinilactibacillus,Aerococcus,Finegoldia,Trichodesmium,Thermobispora,Spiroplasma,Capnocytophaga,Myroides,Wolbachia,Anaplasma,Tistrella,Nitrospirillum,Bordetella,Actinobacillus,Thioflavicoccus,Candidatus Moranella,Candidatus Ishikawaella,Erwinia,Xenorhabdus,Tolumonas,Desulfohalobium,Mariprofundus,Aminobacterium,Nitrospira,Elusimicrobium,Pseudoclostridium,Dehalobacter,Candidatus Desulforudis,Thermoanaerobacter,Caldicellulosiruptor,Halothermothrix,Geobacillus,Brevibacillus,Brochothrix,Listeria,Peptoniphilus,Nocardia,Streptomyces,Ureaplasma,Mesoplasma,Candidatus Phytoplasma,Stanieria,Deinococcus,Polaribacter,Echinicola,Persicobacter,Providencia,Morganella,Proteus,Sodalis,Candidatus Fukatsuia,Xanthomonas,Granulosicoccus,Psychrobacter,Allofrancisella,Piscirickettsia,Frischella,Oceanicoccus,Alcaligenes,Desulfococcus,Neorickettsia,Liberibacter,Bartonella,Acetobacter,Niveispirillum,Candidatus Koribacter,Terriglobus,Luteitalea,Parachlamydia,Coraliomargarita,Methanosphaera,Paludibacter,Winogradskyella,Aureitalea,Chryseobacterium,Mariniflexile,Candidatus Walczuchella,Bernardetia,Ignavibacterium,Desulfosporosinus,Gordonibacter,Burkholderia,Lawsonia,Desulfomicrobium,Candidatus Riesia,Brevundimonas,Confluentimicrobium,Maricaulis,Candidatus Nucleicultrix,Singulisphaera,Homo,Desulfallas,Natranaerobius,Kyrpidia,Parvimonas,Propionimicrobium,Ornithinimicrobium,Dehalogenimonas,Sphaerobacter,Marinithermus,Alkalitalea,Croceibacter,Candidatus Hamiltonella,Pantoea,Nitrosococcus,Moraxella,Halomonas,Kangiella,Catenovulum,Dichelobacter,Geobacter,Desulfatibacillum,Malacobacter,Devosia,Thermogutta,Thermodesulfovibrio,Kosmotoga,Sediminispirochaeta,Candidatus Methanoplasma,Rothia,Nonomuraea,Candidatus Profftella,Sneathia,Negativicoccus,Vagococcus,Gemella,Gynuella,Desulfobulbus,Candidatus Puniceispirillum,Carboxydocella,Tetragenococcus,Faecalitalea,Roseiflexus,Acholeplasma,Pelobacter,Marinomonas,Sedimenticola,Saccharophagus,Magnetospira,Orientia,Acidobacterium,Dokdonia,Spirosoma,Aquiflexum,Hymenobacter,Alkalilimnicola,Taylorella,Polynucleobacter,Haematospirillum,Syntrophobacter,Zunongwangia,Alcanivorax,Legionella,Shewanella,Spiribacter,Methylibium,Rhodovulum,Aminomonas,Chlorobium,Thermanaeromonas,Lysinibacillus,Ezakiella,Mannheimia,Gallibacterium,Candidatus Portiera,Marinobacter,Paraglaciecola,Beggiatoa,Immundisolibacter,Sulfuritalea,Candidatus Fonsibacter,Deferribacter,Brachyspira,Candidatus Purcelliella,Citrobacter,Chania,Edwardsiella,Glaesserella,Azotobacter,Zobellella,Photobacterium,Congregibacter,Paraburkholderia,Vitreoscilla,Pseudolabrys,Stigmatella,Campylobacter,Proteiniphilum,Flavobacterium,Tumebacillus,Mycobacterium,Turneriella,Atopobium,Sulfurifustis,Ferrimonas,Magnetospirillum,Aequorivita,Megamonas,Rhizobacter,Variovorax,Rhodospirillum,Acidithiobacillus,Candidatus Kuenenia,Jonquetella,Fermentimonas,Pontibacter,Planococcus,Colwellia,Candidatus Accumulibacter,Ferriphaselus,Chloroherpeton,Actinoalloteichus,Agarivorans,Pseudoalteromonas,Candidatus Kinetoplastibacterium,Sphingopyxis,Gardnerella,Syntrophothermus,Pseudogulbenkiania,Algoriphagus,Rufibacter,Mahella,Thermobaculum,Oceanisphaera,Jeongeupia,Wenyingzhuangia,Maribacter,Cellulophaga,Arachidicoccus,Cupriavidus,Candidatus Fokinia,Entomoplasma,Rhodococcus,Coxiella,Pseudodesulfovibrio,Verrucomicrobium,Candidatus Aquiluna,Thermomicrobium,Methylovulum,Sulfurimonas,Xanthobacter,Calditerrivibrio,Carnobacterium,Buchnera,Psychromonas,Dokdonella,Thiomicrospira,Sphingomonas,Phenylobacterium,Komagataeibacter,Wolinella,Sulfuricurvum,Rhodothermus,Saccharothrix,Candidatus Carsonella,Anaeromyxobacter,Candidatus Mikella,Oblitimonas,Hahella,Frateuria,Blastomonas,Desulfuromonas,Leptospira,Mucilaginibacter,Kosakonia,Rahnella,Glaciecola,Celeribacter,Exiguobacterium,Sphingobacterium,Alkaliphilus,Thermacetogenium,Phoenicibacter,Agromyces,Runella,Leadbetterella,Janthinobacterium,Fervidobacterium,Gottschalkia,Anaerococcus,Stenotrophomonas,Melaminivora,Petrotoga,Acetohalobium,Kribbella,Marivirga,Parasaccharibacter,Spirochaeta,Auraticoccus,Actinotignum,Candidatus Atelocyanobacterium,Halomicronema,Grimontia,Zhongshania,Thioploca,Moorea,Wenzhouxiangella,Collimonas,Sulfuriferula,Conexibacter,Oxalobacter,Opitutus,Stappia,Thermocrinis,Gallionella,Novosphingobium,Slackia,Planctopirus,Euzebya,Halorhodospira,Caldanaerobacter,Tepidanaerobacter,Hydromonas,Sphaerochaeta,Jeotgalicoccus,Sorangium,Gemmata,Methylomonas,Christensenella,Kurthia,Blattabacterium,Thalassotalea,Reinekea,Chondromyces,Salinibacter,Microbacterium,Bibersteinia,Stackebrandtia,Thermoanaerobacterium,Laribacter,Ramlibacter,Candidatus Desulfofervidus,Thalassospira,Simkania,Murdochiella,Lawsonella,Neomicrococcus,Simonsiella,Roseomonas,Rubinisphaera,Planctomyces,Adlercreutzia,Solimonas,Syntrophus,Desulfobacterium,Denitrobacterium,Crinalium,Neorhizobium,Catenulispora,Methylobacterium,Gemmobacter,Methylococcus,Thermaerobacter,Pseudothermotoga,Filimonas,Blastochloris,Mobiluncus,Planktothrix,Micropruina,Cryptobacterium,Pedobacter,Candidatus Doolittlea,Hydrogenovibrio,Alteromonas,Ahniella,Hyphomicrobium,Sinomonas,Streptosporangium,Bacteriovorax,Kushneria,Desulfurella,Nitratiruptor,Salipiger,Aquifex,Denitrovibrio,Microlunatus,Tatumella,Thermoclostridium,Nitrosospira,Chryseolinea,Nostoc,Phycisphaera,Ketobacter,Ereboglobus,Moorella,Solibacillus,Calothrix,Gallaecimonas,Paenalcaligenes,Herbaspirillum,Candidatus Endolissoclinum,Scytonema,Truepera,Fibrella,Oleispira,Pandoraea,Kineococcus,Defluviimonas,Microvirga,Parageobacillus,Tropheryma,Friedmanniella,Actinopolyspora,Luteibacter,Rhodobacter,Polaromonas,Kytococcus,Prochlorococcus,Cyclobacterium,Cycloclasticus,Candidatus Hoaglandella,Methanosarcina,Rhodoferax,Bosea,Salinivirga,Gramella,Desulfobacca,Pseudoxanthomonas,Pseudonocardia,Methanobacterium,Candidatus Symbiobacter,Micrococcus,Luteimonas,Acetobacterium,Candidatus Methanomethylophilus,Candidatus Babela,Magnetococcus,Salinisphaera,Ralstonia,Microbulbifer,Nakamurella,Hydrogenophaga,Desulfocapsa,Ectothiorhodospira,Desulfurispirillum,Geosporobacter,Cellulomonas,Acidipropionibacterium,Niabella,Rhizobium,Octadecabacter,Candidatus Gullanella,Leptospirillum,Thermosipho,Limnohabitans,Gloeobacter,Micromonospora,Cellvibrio,Niastella,Desulfobacula,Verminephrobacter,Wigglesworthia,Salinispora,Bacterioplanes,Xylella,Gluconobacter,Ketogulonicigenium,Rummeliibacillus,Kocuria,Chromobacterium,Sulfurospirillum,Halioglobus,Candidatus Evansia,Bradyrhizobium,Chromohalobacter,Oleiphilus,Azospira,Lacimicrobium,Hydrogenophilus,Actinopolymorpha,Zymobacter,Endomicrobium,Methanomassiliicoccus,Methylocella,Elizabethkingia,Thermodesulfobium,Moritella,Aeribacillus,Methylocaldum,Formosa,Haloarcobacter,Halobacteriovorax,Sulfuricaulis,Rhodanobacter,Zobellia,Saccharomonospora,Dickeya,Dyella,Bdellovibrio,Rhodoluna,Tsukamurella,Desulfotalea,Filomicrobium,Pseudanabaena,Haliscomenobacter,Agrobacterium,Candidatus Tremblaya
SRR12478625,0.746683743,0.022047388,0.000640381,9.15e-05,0.001829659,0.000274449,9.15e-05,0.000274449,0.149574604,0.005946391,0.000823346,9.15e-05,0.004208215,0.002104108,0.001097795,0.000548898,0.000548898,0.000182966,9.15e-05,9.15e-05,9.15e-05,0.003476352,0.003201903,0.006586772,0.001738176,0.000182966,0.000182966,9.15e-05,0.001372244,0.000182966,9.15e-05,0.022504803,0.002470039,9.15e-05,0.001006312,0.000548898,9.15e-05,9.15e-05,9.15e-05,0.001372244,9.15e-05,9.15e-05,9.15e-05,9.15e-05,9.15e-05,0.001646693,0.000457415,0.000457415,0.000365932,9.15e-05,9.15e-05,0.000182966,9.15e-05,0.000182966,0.000457415,0.000182966,9.15e-05,9.15e-05,9.15e-05,0.000640381,0.000548898,0.000274449,0.000182966,0.000182966,0.000457415,9.15e-05,0.000182966,0.002835971,0.000548898,0.000182966,0.000182966,9.15e-05,0.000365932,0.000182966,0.000365932,9.15e-05,0.000274449,9.15e-05,0.001189278,0.000274449,9.15e-05,9.15e-05,9.15e-05,0.000914829,0.000182966,0.000182966,0.000914829,0.000365932,9.15e-05,9.15e-05,9.15e-05,0.0,0.0,0.0,0.0,0.0,0.0,0.0,0.0,0.0,0.0,0.0,0.0,0.0,0.0,0.0,0.0,0.0,0.0,0.0,0.0,0.0,0.0,0.0,0.0,0.0,0.0,0.0,0.0,0.0,0.0,0.0,0.0,0.0,0.0,0.0,0.0,0.0,0.0,0.0,0.0,0.0,0.0,0.0,0.0,0.0,0.0,0.0,0.0,0.0,0.0,0.0,0.0,0.0,0.0,0.0,0.0,0.0,0.0,0.0,0.0,0.0,0.0,0.0,0.0,0.0,0.0,0.0,0.0,0.0,0.0,0.0,0.0,0.0,0.0,0.0,0.0,0.0,0.0,0.0,0.0,0.0,0.0,0.0,0.0,0.0,0.0,0.0,0.0,0.0,0.0,0.0,0.0,0.0,0.0,0.0,0.0,0.0,0.0,0.0,0.0,0.0,0.0,0.0,0.0,0.0,0.0,0.0,0.0,0.0,0.0,0.0,0.0,0.0,0.0,0.0,0.0,0.0,0.0,0.0,0.0,0.0,0.0,0.0,0.0,0.0,0.0,0.0,0.0,0.0,0.0,0.0,0.0,0.0,0.0,0.0,0.0,0.0,0.0,0.0,0.0,0.0,0.0,0.0,0.0,0.0,0.0,0.0,0.0,0.0,0.0,0.0,0.0,0.0,0.0,0.0,0.0,0.0,0.0,0.0,0.0,0.0,0.0,0.0,0.0,0.0,0.0,0.0,0.0,0.0,0.0,0.0,0.0,0.0,0.0,0.0,0.0,0.0,0.0,0.0,0.0,0.0,0.0,0.0,0.0,0.0,0.0,0.0,0.0,0.0,0.0,0.0,0.0,0.0,0.0,0.0,0.0,0.0,0.0,0.0,0.0,0.0,0.0,0.0,0.0,0.0,0.0,0.0,0.0,0.0,0.0,0.0,0.0,0.0,0.0,0.0,0.0,0.0,0.0,0.0,0.0,0.0,0.0,0.0,0.0,0.0,0.0,0.0,0.0,0.0,0.0,0.0,0.0,0.0,0.0,0.0,0.0,0.0,0.0,0.0,0.0,0.0,0.0,0.0,0.0,0.0,0.0,0.0,0.0,0.0,0.0,0.0,0.0,0.0,0.0,0.0,0.0,0.0,0.0,0.0,0.0,0.0,0.0,0.0,0.0,0.0,0.0,0.0,0.0,0.0,0.0,0.0,0.0,0.0,0.0,0.0,0.0,0.0,0.0,0.0,0.0,0.0,0.0,0.0,0.0,0.0,0.0,0.0,0.0,0.0,0.0,0.0,0.0,0.0,0.0,0.0,0.0,0.0,0.0,0.0,0.0,0.0,0.0,0.0,0.0,0.0,0.0,0.0,0.0,0.0,0.0,0.0,0.0,0.0,0.0,0.0,0.0,0.0,0.0,0.0,0.0,0.0,0.0,0.0,0.0,0.0,0.0,0.0,0.0,0.0,0.0,0.0,0.0,0.0,0.0,0.0,0.0,0.0,0.0,0.0,0.0,0.0,0.0,0.0,0.0,0.0,0.0,0.0,0.0,0.0,0.0,0.0,0.0,0.0,0.0,0.0,0.0,0.0,0.0,0.0,0.0,0.0,0.0,0.0,0.0,0.0,0.0,0.0,0.0,0.0,0.0,0.0,0.0,0.0,0.0,0.0,0.0,0.0,0.0,0.0,0.0,0.0,0.0,0.0,0.0,0.0,0.0,0.0,0.0,0.0,0.0,0.0,0.0,0.0,0.0,0.0,0.0,0.0,0.0,0.0,0.0,0.0,0.0,0.0,0.0,0.0,0.0,0.0,0.0,0.0,0.0,0.0,0.0,0.0,0.0,0.0,0.0,0.0,0.0,0.0,0.0,0.0,0.0,0.0,0.0,0.0,0.0,0.0,0.0,0.0,0.0,0.0,0.0,0.0,0.0,0.0,0.0,0.0,0.0,0.0,0.0,0.0,0.0,0.0,0.0,0.0,0.0,0.0,0.0,0.0,0.0,0.0,0.0,0.0,0.0,0.0,0.0,0.0,0.0,0.0,0.0,0.0,0.0,0.0,0.0,0.0,0.0,0.0,0.0,0.0,0.0,0.0,0.0,0.0,0.0,0.0,0.0,0.0,0.0,0.0,0.0,0.0,0.0,0.0,0.0,0.0,0.0,0.0,0.0,0.0,0.0,0.0,0.0,0.0,0.0,0.0,0.0,0.0,0.0,0.0,0.0,0.0,0.0,0.0,0.0,0.0,0.0,0.0,0.0,0.0,0.0,0.0,0.0,0.0,0.0,0.0,0.0,0.0,0.0,0.0,0.0,0.0,0.0,0.0,0.0,0.0,0.0,0.0,0.0,0.0,0.0,0.0,0.0,0.0,0.0,0.0,0.0,0.0,0.0,0.0,0.0,0.0,0.0,0.0,0.0,0.0,0.0,0.0,0.0,0.0,0.0,0.0,0.0,0.0,0.0,0.0,0.0,0.0,0.0,0.0,0.0,0.0,0.0,0.0,0.0,0.0,0.0,0.0,0.0,0.0,0.0,0.0,0.0,0.0,0.0,0.0,0.0,0.0,0.0,0.0,0.0,0.0,0.0,0.0,0.0,0.0,0.0,0.0,0.0
SRR12478626,0.596335188,0.019156974,0.00047595,0.0,0.005532915,2.97e-05,8.92e-05,2.97e-05,0.234732427,0.002320255,0.001963292,0.003063926,0.013445578,0.00113038,0.000237975,0.000654431,0.001665824,8.92e-05,0.000148734,0.00047595,0.000356962,0.004432281,0.000624684,0.005711396,0.000684178,0.000773418,0.0,0.00104114,0.020376595,0.000148734,0.0,0.040009519,0.000237975,0.000178481,0.001100634,0.000178481,0.000118987,0.0,0.0,2.97e-05,2.97e-05,0.0,5.95e-05,2.97e-05,0.0,0.0,0.005205699,5.95e-05,0.0,0.000446203,0.0,0.0,5.95e-05,2.97e-05,0.0,0.0,0.0,0.0,0.0,2.97e-05,0.000148734,2.97e-05,0.0,0.0,0.0,0.0,0.0,0.0,2.97e-05,0.0,2.97e-05,0.0,0.0,0.0,0.0,0.0,2.97e-05,0.0,2.97e-05,0.0,0.0,0.0,0.0,0.001636077,0.0,0.0,0.001874052,0.000148734,0.0,0.0,0.0,0.001189874,2.97e-05,0.00047595,8.92e-05,2.97e-05,5.95e-05,5.95e-05,2.97e-05,0.000178481,8.92e-05,0.027039891,2.97e-05,5.95e-05,0.000118987,2.97e-05,2.97e-05,2.97e-05,2.97e-05,0.000118987,8.92e-05,2.97e-05,5.95e-05,0.000237975,5.95e-05,2.97e-05,2.97e-05,2.97e-05,5.95e-05,0.000178481,8.92e-05,2.97e-05,0.000386709,2.97e-05,8.92e-05,2.97e-05,2.97e-05,0.000118987,5.95e-05,2.97e-05,2.97e-05,2.97e-05,2.97e-05,2.97e-05,2.97e-05,0.000386709,2.97e-05,2.97e-05,5.95e-05,2.97e-05,2.97e-05,8.92e-05,2.97e-05,2.97e-05,2.97e-05,2.97e-05,0.000178481,0.0,0.0,0.0,0.0,0.0,0.0,0.0,0.0,0.0,0.0,0.0,0.0,0.0,0.0,0.0,0.0,0.0,0.0,0.0,0.0,0.0,0.0,0.0,0.0,0.0,0.0,0.0,0.0,0.0,0.0,0.0,0.0,0.0,0.0,0.0,0.0,0.0,0.0,0.0,0.0,0.0,0.0,0.0,0.0,0.0,0.0,0.0,0.0,0.0,0.0,0.0,0.0,0.0,0.0,0.0,0.0,0.0,0.0,0.0,0.0,0.0,0.0,0.0,0.0,0.0,0.0,0.0,0.0,0.0,0.0,0.0,0.0,0.0,0.0,0.0,0.0,0.0,0.0,0.0,0.0,0.0,0.0,0.0,0.0,0.0,0.0,0.0,0.0,0.0,0.0,0.0,0.0,0.0,0.0,0.0,0.0,0.0,0.0,0.0,0.0,0.0,0.0,0.0,0.0,0.0,0.0,0.0,0.0,0.0,0.0,0.0,0.0,0.0,0.0,0.0,0.0,0.0,0.0,0.0,0.0,0.0,0.0,0.0,0.0,0.0,0.0,0.0,0.0,0.0,0.0,0.0,0.0,0.0,0.0,0.0,0.0,0.0,0.0,0.0,0.0,0.0,0.0,0.0,0.0,0.0,0.0,0.0,0.0,0.0,0.0,0.0,0.0,0.0,0.0,0.0,0.0,0.0,0.0,0.0,0.0,0.0,0.0,0.0,0.0,0.0,0.0,0.0,0.0,0.0,0.0,0.0,0.0,0.0,0.0,0.0,0.0,0.0,0.0,0.0,0.0,0.0,0.0,0.0,0.0,0.0,0.0,0.0,0.0,0.0,0.0,0.0,0.0,0.0,0.0,0.0,0.0,0.0,0.0,0.0,0.0,0.0,0.0,0.0,0.0,0.0,0.0,0.0,0.0,0.0,0.0,0.0,0.0,0.0,0.0,0.0,0.0,0.0,0.0,0.0,0.0,0.0,0.0,0.0,0.0,0.0,0.0,0.0,0.0,0.0,0.0,0.0,0.0,0.0,0.0,0.0,0.0,0.0,0.0,0.0,0.0,0.0,0.0,0.0,0.0,0.0,0.0,0.0,0.0,0.0,0.0,0.0,0.0,0.0,0.0,0.0,0.0,0.0,0.0,0.0,0.0,0.0,0.0,0.0,0.0,0.0,0.0,0.0,0.0,0.0,0.0,0.0,0.0,0.0,0.0,0.0,0.0,0.0,0.0,0.0,0.0,0.0,0.0,0.0,0.0,0.0,0.0,0.0,0.0,0.0,0.0,0.0,0.0,0.0,0.0,0.0,0.0,0.0,0.0,0.0,0.0,0.0,0.0,0.0,0.0,0.0,0.0,0.0,0.0,0.0,0.0,0.0,0.0,0.0,0.0,0.0,0.0,0.0,0.0,0.0,0.0,0.0,0.0,0.0,0.0,0.0,0.0,0.0,0.0,0.0,0.0,0.0,0.0,0.0,0.0,0.0,0.0,0.0,0.0,0.0,0.0,0.0,0.0,0.0,0.0,0.0,0.0,0.0,0.0,0.0,0.0,0.0,0.0,0.0,0.0,0.0,0.0,0.0,0.0,0.0,0.0,0.0,0.0,0.0,0.0,0.0,0.0,0.0,0.0,0.0,0.0,0.0,0.0,0.0,0.0,0.0,0.0,0.0,0.0,0.0,0.0,0.0,0.0,0.0,0.0,0.0,0.0,0.0,0.0,0.0,0.0,0.0,0.0,0.0,0.0,0.0,0.0,0.0,0.0,0.0,0.0,0.0,0.0,0.0,0.0,0.0,0.0,0.0,0.0,0.0,0.0,0.0,0.0,0.0,0.0,0.0,0.0,0.0,0.0,0.0,0.0,0.0,0.0,0.0,0.0,0.0,0.0,0.0,0.0,0.0,0.0,0.0,0.0,0.0,0.0,0.0,0.0,0.0,0.0,0.0,0.0,0.0,0.0,0.0,0.0,0.0,0.0,0.0,0.0,0.0,0.0,0.0,0.0,0.0,0.0,0.0,0.0,0.0,0.0,0.0,0.0,0.0,0.0,0.0,0.0,0.0,0.0,0.0,0.0,0.0,0.0,0.0,0.0,0.0,0.0,0.0,0.0,0.0,0.0,0.0,0.0,0.0,0.0,0.0,0.0,0.0,0.0,0.0,0.0,0.0,0.0,0.0,0.0,0.0,0.0,0.0,0.0,0.0,0.0,0.0,0.0,0.0,0.0,0.0,0.0,0.0,0.0,0.0,0.0,0.0,0.0,0.0,0.0,0.0,0.0,0.0,0.0,0.0,0.0,0.0,0.0,0.0,0.0,0.0,0.0,0.0,0.0,0.0,0.0,0.0,0.0,0.0,0.0
SRR12478630,0.177365412,0.543855864,0.003344482,0.0,0.006365304,0.0,0.000215773,0.0,0.163016507,0.001834071,0.005394325,0.0,0.017801273,0.00431546,0.001941957,0.023195598,0.002589276,5.39e-05,0.000970979,0.000377603,0.0,0.00215773,0.001240695,0.004207574,0.0,0.000269716,0.0,0.00016183,0.00431546,5.39e-05,0.000107887,0.007821771,0.000269716,0.0,0.000431546,0.001294638,0.00016183,0.0,0.0,5.39e-05,0.000107887,0.0,0.00016183,0.0,0.0,5.39e-05,0.0,0.0,0.0,0.000485489,0.000107887,0.0,0.000107887,5.39e-05,0.0,5.39e-05,0.000107887,0.0,0.0,0.0,0.00032366,0.0,0.0,0.0,0.0,0.0,0.0,5.39e-05,0.000107887,0.0,0.0,0.0,5.39e-05,0.000107887,0.0,0.0,0.0,0.0,0.007066566,0.0,0.000107887,0.000107887,0.0,0.003776028,0.0,0.0,0.0,0.000701262,0.0,0.0,0.0,0.003614198,0.000215773,0.000431546,0.0,0.0,0.0,0.0,0.0,0.0,0.0,0.0,0.00016183,0.0,0.00016183,0.0,0.0,5.39e-05,0.0,0.001078865,5.39e-05,0.0,0.0,0.0,0.0,0.0,0.0,0.0,0.0,0.0,0.000107887,0.0,0.0,0.0,5.39e-05,0.0,0.0,0.0,5.39e-05,0.0,0.000215773,0.0,5.39e-05,0.0,5.39e-05,0.0,0.0,0.0,0.0,0.0,0.000107887,0.00032366,0.0,0.001402525,0.0,5.39e-05,0.0,0.00016183,0.0,0.0,0.0,0.000107887,0.0,0.0,0.0,0.0,0.0,0.0,0.0,0.0,0.0,0.0,0.0,0.0,0.0,0.0,0.0,0.0,0.0,0.0,0.0,5.39e-05,0.000485489,0.0,5.39e-05,0.0,0.0,0.0,0.0,0.0,0.0,0.0,0.0,0.0,0.0,0.0,0.0,5.39e-05,0.0,0.0,0.0,5.39e-05,5.39e-05,0.0,0.0,0.0,0.0,5.39e-05,0.0,0.0,0.0,5.39e-05,0.0,0.0,0.0,0.0,0.0,0.0,0.0,0.0,0.0,0.0,0.0,0.0,0.0,0.0,0.0,0.0,0.0,0.0,0.0,0.0,0.0,0.0,0.0,0.0,0.0,0.000107887,0.0,0.0,0.0,0.0,0.0,0.0,0.0,5.39e-05,0.0,0.0,0.0,0.0,0.0,5.39e-05,0.0,0.0,0.0,0.0,0.000377603,5.39e-05,0.0,0.0,0.0,0.0,0.0,0.000107887,5.39e-05,5.39e-05,5.39e-05,5.39e-05,5.39e-05,5.39e-05,5.39e-05,5.39e-05,5.39e-05,5.39e-05,5.39e-05,5.39e-05,5.39e-05,5.39e-05,5.39e-05,5.39e-05,5.39e-05,5.39e-05,0.000107887,0.0,0.0,0.0,0.0,0.0,0.0,0.0,0.0,0.0,0.0,0.0,0.0,0.0,0.0,0.0,0.0,0.0,0.0,0.0,0.0,0.0,0.0,0.0,0.0,0.0,0.0,0.0,0.0,0.0,0.0,0.0,0.0,0.0,0.0,0.0,0.0,0.0,0.0,0.0,0.0,0.0,0.0,0.0,0.0,0.0,0.0,0.0,0.0,0.0,0.0,0.0,0.0,0.0,0.0,0.0,0.0,0.0,0.0,0.0,0.0,0.0,0.0,0.0,0.0,0.0,0.0,0.0,0.0,0.0,0.0,0.0,0.0,0.0,0.0,0.0,0.0,0.0,0.0,0.0,0.0,0.0,0.0,0.0,0.0,0.0,0.0,0.0,0.0,0.0,0.0,0.0,0.0,0.0,0.0,0.0,0.0,0.0,0.0,0.0,0.0,0.0,0.0,0.0,0.0,0.0,0.0,0.0,0.0,0.0,0.0,0.0,0.0,0.0,0.0,0.0,0.0,0.0,0.0,0.0,0.0,0.0,0.0,0.0,0.0,0.0,0.0,0.0,0.0,0.0,0.0,0.0,0.0,0.0,0.0,0.0,0.0,0.0,0.0,0.0,0.0,0.0,0.0,0.0,0.0,0.0,0.0,0.0,0.0,0.0,0.0,0.0,0.0,0.0,0.0,0.0,0.0,0.0,0.0,0.0,0.0,0.0,0.0,0.0,0.0,0.0,0.0,0.0,0.0,0.0,0.0,0.0,0.0,0.0,0.0,0.0,0.0,0.0,0.0,0.0,0.0,0.0,0.0,0.0,0.0,0.0,0.0,0.0,0.0,0.0,0.0,0.0,0.0,0.0,0.0,0.0,0.0,0.0,0.0,0.0,0.0,0.0,0.0,0.0,0.0,0.0,0.0,0.0,0.0,0.0,0.0,0.0,0.0,0.0,0.0,0.0,0.0,0.0,0.0,0.0,0.0,0.0,0.0,0.0,0.0,0.0,0.0,0.0,0.0,0.0,0.0,0.0,0.0,0.0,0.0,0.0,0.0,0.0,0.0,0.0,0.0,0.0,0.0,0.0,0.0,0.0,0.0,0.0,0.0,0.0,0.0,0.0,0.0,0.0,0.0,0.0,0.0,0.0,0.0,0.0,0.0,0.0,0.0,0.0,0.0,0.0,0.0,0.0,0.0,0.0,0.0,0.0,0.0,0.0,0.0,0.0,0.0,0.0,0.0,0.0,0.0,0.0,0.0,0.0,0.0,0.0,0.0,0.0,0.0,0.0,0.0,0.0,0.0,0.0,0.0,0.0,0.0,0.0,0.0,0.0,0.0,0.0,0.0,0.0,0.0,0.0,0.0,0.0,0.0,0.0,0.0,0.0,0.0,0.0,0.0,0.0,0.0,0.0,0.0,0.0,0.0,0.0,0.0,0.0,0.0,0.0,0.0,0.0,0.0,0.0,0.0,0.0,0.0,0.0,0.0,0.0,0.0,0.0,0.0,0.0,0.0,0.0,0.0,0.0,0.0,0.0,0.0,0.0,0.0,0.0,0.0,0.0,0.0,0.0,0.0,0.0,0.0,0.0,0.0,0.0,0.0,0.0,0.0,0.0,0.0,0.0,0.0,0.0,0.0,0.0,0.0,0.0,0.0,0.0,0.0,0.0,0.0,0.0,0.0,0.0,0.0,0.0,0.0,0.0,0.0,0.0,0.0,0.0,0.0,0.0,0.0,0.0,0.0,0.0,0.0,0.0,0.0,0.0,0.0,0.0,0.0,0.0,0.0,0.0,0.0,0.0,0.0
SRR12478635,0.006258586,0.611967639,0.164326057,0.0,0.000152648,7.63e-05,0.001373836,0.0,0.007708747,0.000305297,0.000152648,0.0,0.000152648,0.0,0.0,7.63e-05,0.000152648,0.0,0.0,0.0,0.0,0.00053427,0.0,0.000610594,0.0,0.0,0.0,0.0,0.018470463,0.000228973,7.63e-05,0.0,0.000152648,7.63e-05,0.000992215,0.001602809,0.0,0.0,0.000686918,0.000152648,0.000152648,0.0,0.0,0.0,0.0,0.000152648,0.166768432,0.000457945,0.0,0.0,0.000305297,7.63e-05,0.000305297,0.0,0.0,0.0,0.0,0.000152648,0.0,0.0,0.00145016,0.0,7.63e-05,0.000305297,0.0,0.000152648,0.0,0.0,0.0,0.0,0.0,0.0,0.0,0.000457945,0.0,0.0,0.0,0.0,0.0,7.63e-05,0.0,0.0,0.0,0.0,0.0,0.00053427,0.0,0.000457945,7.63e-05,0.0,0.0,0.000381621,0.000228973,0.0,7.63e-05,0.0,0.0,0.0,0.0,0.0,0.000228973,0.0,0.0,0.0,7.63e-05,0.0,0.0,0.0,0.0,0.0,7.63e-05,0.0,0.000457945,0.000457945,0.0,0.0,0.0,0.0,0.0,0.0,0.000228973,0.0,7.63e-05,0.0,0.0,0.0,0.0,0.0,7.63e-05,0.000152648,0.0,0.0,0.0,0.0,0.0,0.0,0.0,0.0,0.0,0.0,7.63e-05,0.0,7.63e-05,0.0,0.0,0.0,0.002595024,0.0,0.0,0.0,7.63e-05,0.0,0.000305297,7.63e-05,0.0,0.0,7.63e-05,0.0,0.0,0.0,0.0,0.0,0.0,0.0,0.0,0.0,0.0,0.0,0.0,7.63e-05,0.0,0.0,0.000152648,0.0,0.0,0.0,0.0,0.0,0.0,0.0,0.0,0.0,0.0,0.000152648,0.0,0.0,0.0,0.0,0.0,0.0,0.0,0.0,0.0,0.0,0.0,0.0,0.0,0.0,7.63e-05,0.0,0.0,0.0,0.0,0.0,0.0,0.0,0.0,0.0,0.0,0.0,0.0,0.0,0.0,0.0,0.0,7.63e-05,7.63e-05,0.0,0.0,0.0,0.002213403,0.0,0.0,0.0,0.0,0.0,0.0,0.000381621,7.63e-05,0.0,0.0,0.0,0.0,0.0,0.0,7.63e-05,0.0,0.0,0.0,0.0,0.0,0.0,0.0,0.0,7.63e-05,0.0,0.0,0.0,0.0,0.0,0.0,0.0,0.0,0.0,0.0,0.0,0.000152648,0.0,0.0,0.0,0.0,0.0,0.0,0.0,0.0,0.0,0.0,0.0,0.0,0.0,0.0,0.0,0.0,0.0,0.0,0.0,0.0,0.0,0.0,0.0,0.0,0.0,0.0,0.0,0.0,0.000228973,0.0,0.0,0.0,7.63e-05,0.0,0.0,0.0,0.0,0.0,0.0,0.0,0.0,0.0,0.0,0.0,0.0,0.0,0.0,0.0,0.0,7.63e-05,0.0,0.0,0.0,0.0,0.0,0.0,0.000305297,0.0,0.000152648,0.0,0.0,0.0,0.0,0.0,0.0,0.0,0.000305297,0.00053427,0.000228973,7.63e-05,7.63e-05,7.63e-05,7.63e-05,7.63e-05,7.63e-05,0.0,0.0,0.0,0.0,0.0,0.0,0.0,0.0,0.0,0.0,0.0,0.0,0.0,0.0,0.0,0.0,0.0,0.0,0.0,0.0,0.0,0.0,0.0,0.0,0.0,0.0,0.0,0.0,0.0,0.0,0.0,0.0,0.0,0.0,0.0,0.0,0.0,0.0,0.0,0.0,0.0,0.0,0.0,0.0,0.0,0.0,0.0,0.0,0.0,0.0,0.0,0.0,0.0,0.0,0.0,0.0,0.0,0.0,0.0,0.0,0.0,0.0,0.0,0.0,0.0,0.0,0.0,0.0,0.0,0.0,0.0,0.0,0.0,0.0,0.0,0.0,0.0,0.0,0.0,0.0,0.0,0.0,0.0,0.0,0.0,0.0,0.0,0.0,0.0,0.0,0.0,0.0,0.0,0.0,0.0,0.0,0.0,0.0,0.0,0.0,0.0,0.0,0.0,0.0,0.0,0.0,0.0,0.0,0.0,0.0,0.0,0.0,0.0,0.0,0.0,0.0,0.0,0.0,0.0,0.0,0.0,0.0,0.0,0.0,0.0,0.0,0.0,0.0,0.0,0.0,0.0,0.0,0.0,0.0,0.0,0.0,0.0,0.0,0.0,0.0,0.0,0.0,0.0,0.0,0.0,0.0,0.0,0.0,0.0,0.0,0.0,0.0,0.0,0.0,0.0,0.0,0.0,0.0,0.0,0.0,0.0,0.0,0.0,0.0,0.0,0.0,0.0,0.0,0.0,0.0,0.0,0.0,0.0,0.0,0.0,0.0,0.0,0.0,0.0,0.0,0.0,0.0,0.0,0.0,0.0,0.0,0.0,0.0,0.0,0.0,0.0,0.0,0.0,0.0,0.0,0.0,0.0,0.0,0.0,0.0,0.0,0.0,0.0,0.0,0.0,0.0,0.0,0.0,0.0,0.0,0.0,0.0,0.0,0.0,0.0,0.0,0.0,0.0,0.0,0.0,0.0,0.0,0.0,0.0,0.0,0.0,0.0,0.0,0.0,0.0,0.0,0.0,0.0,0.0,0.0,0.0,0.0,0.0,0.0,0.0,0.0,0.0,0.0,0.0,0.0,0.0,0.0,0.0,0.0,0.0,0.0,0.0,0.0,0.0,0.0,0.0,0.0,0.0,0.0,0.0,0.0,0.0,0.0,0.0,0.0,0.0,0.0,0.0,0.0,0.0,0.0,0.0,0.0,0.0,0.0,0.0,0.0,0.0,0.0,0.0,0.0,0.0,0.0,0.0,0.0,0.0,0.0,0.0,0.0,0.0,0.0,0.0,0.0,0.0,0.0,0.0,0.0,0.0,0.0,0.0,0.0,0.0,0.0,0.0,0.0,0.0,0.0,0.0,0.0,0.0,0.0,0.0,0.0,0.0,0.0,0.0,0.0,0.0,0.0,0.0,0.0,0.0,0.0,0.0,0.0,0.0,0.0,0.0,0.0,0.0,0.0,0.0,0.0,0.0,0.0,0.0,0.0,0.0,0.0,0.0,0.0,0.0,0.0,0.0,0.0,0.0,0.0
SRR12478636,0.002992553,0.736446517,0.006333078,0.0,0.000208783,0.0,0.000278377,0.0,0.013570882,0.000278377,0.000904725,0.0,0.026167444,0.000208783,0.000208783,0.00048716,0.0,6.96e-05,0.0,0.0,0.0,0.019347206,6.96e-05,0.004593222,0.000278377,0.000139189,0.0,6.96e-05,0.00048716,0.000347971,0.0,0.001113508,0.000139189,0.000208783,0.164729626,0.001322291,0.000139189,6.96e-05,0.000208783,6.96e-05,6.96e-05,0.0,0.000278377,0.0,0.0,0.0,6.96e-05,0.0,0.0,0.0,0.0,0.0,0.000208783,0.0,0.0,6.96e-05,0.0,0.0,0.0,0.000278377,0.00521957,0.000278377,0.000208783,0.000278377,0.000139189,0.000278377,0.0,0.000139189,0.000208783,0.0,0.0,0.0,0.0,0.000417566,0.0,0.0,0.0,0.0,0.000139189,0.0,0.0,0.0,0.000139189,0.000417566,0.0,0.0,6.96e-05,0.000347971,0.0,0.0,0.0,0.003062148,0.000208783,6.96e-05,0.0,0.0,0.000208783,0.0,0.0,0.0,6.96e-05,0.0,6.96e-05,0.0,6.96e-05,0.0,0.0,6.96e-05,0.0,0.000139189,0.0,0.0,0.0,0.000278377,0.0,0.0,0.0,0.0,0.0,6.96e-05,0.0,0.0,0.0,0.0,0.0,0.0,0.0,0.0,0.000417566,0.0,6.96e-05,0.0,6.96e-05,0.0,0.0,0.000139189,0.0,0.0,0.0,0.0,0.0,0.00097432,0.0,0.0,0.0,0.0,0.0,6.96e-05,0.0,0.0,0.0,0.0,0.000139189,0.0,0.0,0.0,0.0,0.000278377,0.0,0.0,0.0,0.0,0.0,0.0,0.0,0.0,0.0,0.0,0.0,0.0,0.0,0.0,0.0,0.0,6.96e-05,0.0,0.0,0.0,0.0,0.0,0.0,0.0,0.0,0.0,0.0,0.0,0.0,0.0,0.0,0.0,0.0,0.0,0.0,0.0,0.0,0.0,0.0,0.0,0.0,0.000139189,0.0,0.0,0.0,0.0,0.0,0.0,0.0,0.0,0.0,0.0,0.0,0.0,0.0,0.0,0.0,0.00048716,0.0,0.0,0.0,0.0,6.96e-05,0.0,0.0,0.0,0.0,0.0,0.0,0.0,0.0,6.96e-05,0.0,0.000208783,0.000139189,0.0,0.0,0.000208783,0.0,0.0,0.0,0.0,0.0,0.0,0.0,0.0,0.0,0.0,0.0,0.0,0.0,0.0,0.0,0.0,0.0,6.96e-05,0.0,0.0,0.0,0.0,0.0,0.0,0.0,0.0,0.0,0.0,0.0,0.0,0.0,0.0,0.0,0.0,0.0,0.0,0.0,0.0,0.0,0.0,0.0,0.0,0.0,0.0,0.0,0.0,0.0,0.0,0.000208783,0.000278377,0.0,0.0,0.0,6.96e-05,0.0,0.0,0.0,0.0,0.0,0.0,0.0,0.0,0.0,0.0,0.0,0.0,0.0,0.0,0.0,0.0,6.96e-05,0.0,0.0,0.0,0.0,0.0,0.0,0.0,0.0,0.0,0.0,0.0,0.0,0.0,0.0,0.0,0.0,0.0,0.0,0.0,0.0,0.0,0.0,0.0,0.0,0.0,6.96e-05,6.96e-05,0.000139189,6.96e-05,6.96e-05,0.000139189,6.96e-05,6.96e-05,0.0,0.0,0.0,0.0,0.0,0.0,0.0,0.0,0.0,0.0,0.0,0.0,0.0,0.0,0.0,0.0,0.0,0.0,0.0,0.0,0.0,0.0,0.0,0.0,0.0,0.0,0.0,0.0,0.0,0.0,0.0,0.0,0.0,0.0,0.0,0.0,0.0,0.0,0.0,0.0,0.0,0.0,0.0,0.0,0.0,0.0,0.0,0.0,0.0,0.0,0.0,0.0,0.0,0.0,0.0,0.0,0.0,0.0,0.0,0.0,0.0,0.0,0.0,0.0,0.0,0.0,0.0,0.0,0.0,0.0,0.0,0.0,0.0,0.0,0.0,0.0,0.0,0.0,0.0,0.0,0.0,0.0,0.0,0.0,0.0,0.0,0.0,0.0,0.0,0.0,0.0,0.0,0.0,0.0,0.0,0.0,0.0,0.0,0.0,0.0,0.0,0.0,0.0,0.0,0.0,0.0,0.0,0.0,0.0,0.0,0.0,0.0,0.0,0.0,0.0,0.0,0.0,0.0,0.0,0.0,0.0,0.0,0.0,0.0,0.0,0.0,0.0,0.0,0.0,0.0,0.0,0.0,0.0,0.0,0.0,0.0,0.0,0.0,0.0,0.0,0.0,0.0,0.0,0.0,0.0,0.0,0.0,0.0,0.0,0.0,0.0,0.0,0.0,0.0,0.0,0.0,0.0,0.0,0.0,0.0,0.0,0.0,0.0,0.0,0.0,0.0,0.0,0.0,0.0,0.0,0.0,0.0,0.0,0.0,0.0,0.0,0.0,0.0,0.0,0.0,0.0,0.0,0.0,0.0,0.0,0.0,0.0,0.0,0.0,0.0,0.0,0.0,0.0,0.0,0.0,0.0,0.0,0.0,0.0,0.0,0.0,0.0,0.0,0.0,0.0,0.0,0.0,0.0,0.0,0.0,0.0,0.0,0.0,0.0,0.0,0.0,0.0,0.0,0.0,0.0,0.0,0.0,0.0,0.0,0.0,0.0,0.0,0.0,0.0,0.0,0.0,0.0,0.0,0.0,0.0,0.0,0.0,0.0,0.0,0.0,0.0,0.0,0.0,0.0,0.0,0.0,0.0,0.0,0.0,0.0,0.0,0.0,0.0,0.0,0.0,0.0,0.0,0.0,0.0,0.0,0.0,0.0,0.0,0.0,0.0,0.0,0.0,0.0,0.0,0.0,0.0,0.0,0.0,0.0,0.0,0.0,0.0,0.0,0.0,0.0,0.0,0.0,0.0,0.0,0.0,0.0,0.0,0.0,0.0,0.0,0.0,0.0,0.0,0.0,0.0,0.0,0.0,0.0,0.0,0.0,0.0,0.0,0.0,0.0,0.0,0.0,0.0,0.0,0.0,0.0,0.0,0.0,0.0,0.0,0.0,0.0,0.0,0.0,0.0,0.0,0.0,0.0,0.0,0.0,0.0,0.0,0.0,0.0,0.0,0.0,0.0,0.0,0.0,0.0,0.0,0.0,0.0,0.0,0.0
SRR12478637,0.076923077,0.307692308,0.0,0.0,0.0,0.0,0.0,0.0,0.0,0.0,0.0,0.0,0.0,0.0,0.0,0.0,0.0,0.0,0.0,0.0,0.0,0.0,0.0,0.0,0.0,0.0,0.0,0.0,0.0,0.0,0.0,0.0,0.0,0.0,0.0,0.0,0.0,0.0,0.0,0.0,0.0,0.0,0.0,0.0,0.0,0.0,0.0,0.0,0.0,0.0,0.0,0.0,0.0,0.0,0.0,0.0,0.0,0.0,0.0,0.0,0.153846154,0.0,0.0,0.0,0.0,0.0,0.0,0.0,0.0,0.0,0.0,0.0,0.0,0.0,0.0,0.0,0.0,0.0,0.0,0.076923077,0.0,0.0,0.0,0.0,0.0,0.153846154,0.0,0.076923077,0.0,0.0,0.0,0.0,0.0,0.0,0.0,0.0,0.0,0.0,0.0,0.0,0.0,0.0,0.0,0.0,0.0,0.0,0.0,0.0,0.0,0.0,0.0,0.0,0.0,0.0,0.0,0.0,0.0,0.0,0.0,0.0,0.0,0.0,0.0,0.0,0.0,0.0,0.0,0.0,0.0,0.0,0.0,0.0,0.0,0.0,0.0,0.0,0.0,0.0,0.0,0.0,0.0,0.0,0.0,0.0,0.0,0.0,0.0,0.0,0.0,0.0,0.0,0.0,0.0,0.0,0.0,0.0,0.0,0.0,0.0,0.0,0.0,0.0,0.0,0.0,0.0,0.0,0.0,0.0,0.076923077,0.0,0.0,0.0,0.0,0.0,0.0,0.0,0.0,0.0,0.0,0.0,0.0,0.0,0.0,0.0,0.0,0.0,0.0,0.0,0.0,0.0,0.0,0.0,0.0,0.0,0.0,0.0,0.0,0.0,0.0,0.0,0.0,0.0,0.0,0.0,0.0,0.0,0.0,0.0,0.0,0.0,0.0,0.0,0.0,0.0,0.0,0.0,0.0,0.0,0.0,0.0,0.0,0.0,0.0,0.0,0.0,0.0,0.0,0.0,0.0,0.0,0.0,0.0,0.0,0.0,0.0,0.0,0.0,0.0,0.0,0.0,0.0,0.0,0.0,0.0,0.0,0.0,0.0,0.0,0.0,0.0,0.0,0.0,0.0,0.0,0.0,0.0,0.0,0.0,0.0,0.0,0.0,0.0,0.0,0.0,0.0,0.0,0.0,0.0,0.0,0.0,0.0,0.0,0.0,0.0,0.0,0.0,0.0,0.0,0.0,0.0,0.0,0.0,0.0,0.0,0.0,0.0,0.0,0.0,0.0,0.0,0.0,0.0,0.0,0.0,0.0,0.0,0.0,0.0,0.0,0.0,0.0,0.0,0.0,0.0,0.0,0.0,0.0,0.0,0.0,0.0,0.0,0.0,0.076923077,0.0,0.0,0.0,0.0,0.0,0.0,0.0,0.0,0.0,0.0,0.0,0.0,0.0,0.0,0.0,0.0,0.0,0.0,0.0,0.0,0.0,0.0,0.0,0.0,0.0,0.0,0.0,0.0,0.0,0.0,0.0,0.0,0.0,0.0,0.0,0.0,0.0,0.0,0.0,0.0,0.0,0.0,0.0,0.0,0.0,0.0,0.0,0.0,0.0,0.0,0.0,0.0,0.0,0.0,0.0,0.0,0.0,0.0,0.0,0.0,0.0,0.0,0.0,0.0,0.0,0.0,0.0,0.0,0.0,0.0,0.0,0.0,0.0,0.0,0.0,0.0,0.0,0.0,0.0,0.0,0.0,0.0,0.0,0.0,0.0,0.0,0.0,0.0,0.0,0.0,0.0,0.0,0.0,0.0,0.0,0.0,0.0,0.0,0.0,0.0,0.0,0.0,0.0,0.0,0.0,0.0,0.0,0.0,0.0,0.0,0.0,0.0,0.0,0.0,0.0,0.0,0.0,0.0,0.0,0.0,0.0,0.0,0.0,0.0,0.0,0.0,0.0,0.0,0.0,0.0,0.0,0.0,0.0,0.0,0.0,0.0,0.0,0.0,0.0,0.0,0.0,0.0,0.0,0.0,0.0,0.0,0.0,0.0,0.0,0.0,0.0,0.0,0.0,0.0,0.0,0.0,0.0,0.0,0.0,0.0,0.0,0.0,0.0,0.0,0.0,0.0,0.0,0.0,0.0,0.0,0.0,0.0,0.0,0.0,0.0,0.0,0.0,0.0,0.0,0.0,0.0,0.0,0.0,0.0,0.0,0.0,0.0,0.0,0.0,0.0,0.0,0.0,0.0,0.0,0.0,0.0,0.0,0.0,0.0,0.0,0.0,0.0,0.0,0.0,0.0,0.0,0.0,0.0,0.0,0.0,0.0,0.0,0.0,0.0,0.0,0.0,0.0,0.0,0.0,0.0,0.0,0.0,0.0,0.0,0.0,0.0,0.0,0.0,0.0,0.0,0.0,0.0,0.0,0.0,0.0,0.0,0.0,0.0,0.0,0.0,0.0,0.0,0.0,0.0,0.0,0.0,0.0,0.0,0.0,0.0,0.0,0.0,0.0,0.0,0.0,0.0,0.0,0.0,0.0,0.0,0.0,0.0,0.0,0.0,0.0,0.0,0.0,0.0,0.0,0.0,0.0,0.0,0.0,0.0,0.0,0.0,0.0,0.0,0.0,0.0,0.0,0.0,0.0,0.0,0.0,0.0,0.0,0.0,0.0,0.0,0.0,0.0,0.0,0.0,0.0,0.0,0.0,0.0,0.0,0.0,0.0,0.0,0.0,0.0,0.0,0.0,0.0,0.0,0.0,0.0,0.0,0.0,0.0,0.0,0.0,0.0,0.0,0.0,0.0,0.0,0.0,0.0,0.0,0.0,0.0,0.0,0.0,0.0,0.0,0.0,0.0,0.0,0.0,0.0,0.0,0.0,0.0,0.0,0.0,0.0,0.0,0.0,0.0,0.0,0.0,0.0,0.0,0.0,0.0,0.0,0.0,0.0,0.0,0.0,0.0,0.0,0.0,0.0,0.0,0.0,0.0,0.0,0.0,0.0,0.0,0.0
SRR12478638,0.604651163,0.02841851,0.001278833,0.0,0.004025956,0.0,9.47e-05,4.74e-05,0.16610619,0.008525553,0.007388813,0.002557666,0.005304789,0.012883058,0.001326197,0.001941932,0.001231469,9.47e-05,0.00113674,0.000236821,0.001042012,0.003268129,0.006204708,0.00985175,0.000378913,0.000142093,0.0,0.000663099,0.019324587,0.000378913,9.47e-05,9.47e-05,0.052858428,4.74e-05,0.001563018,0.000994648,0.000189457,0.000615734,9.47e-05,0.0,4.74e-05,0.0,9.47e-05,0.0,0.0,9.47e-05,0.00113674,0.000757827,9.47e-05,0.001326197,0.000757827,0.000142093,9.47e-05,0.000142093,0.0,0.001799839,9.47e-05,0.0,0.0,0.000189457,0.001278833,0.000189457,4.74e-05,4.74e-05,0.000757827,0.000189457,0.0,0.002794487,0.000236821,4.74e-05,9.47e-05,4.74e-05,9.47e-05,0.000189457,0.000236821,9.47e-05,4.74e-05,0.0,0.004215412,0.0,0.0,4.74e-05,0.0,0.0,0.0,0.0,0.001989296,0.000521006,0.0,0.0,0.0,0.001657746,0.000426278,0.000426278,0.000142093,0.0,4.74e-05,0.0,4.74e-05,9.47e-05,0.000236821,0.001042012,0.000142093,0.000852555,0.00350495,0.0,0.000994648,0.0,0.0,0.000142093,9.47e-05,0.0,0.006630986,9.47e-05,9.47e-05,4.74e-05,0.0,0.0,0.0,4.74e-05,0.000142093,0.0,0.006962535,0.0,0.000236821,0.0,4.74e-05,0.0,0.000236821,4.74e-05,0.0,0.0,0.0,0.0,4.74e-05,0.0,4.74e-05,0.0,4.74e-05,0.0,0.0,0.0,4.74e-05,4.74e-05,0.0,0.0,0.0,4.74e-05,0.0,0.0,0.0,0.0,0.0,0.0,0.0,9.47e-05,0.0,0.000189457,9.47e-05,0.0,4.74e-05,0.0,4.74e-05,0.0,0.0,0.0,0.0,9.47e-05,0.0,0.000189457,0.0,0.0,0.000142093,0.0,0.0,0.0,0.0,9.47e-05,0.0,0.0,0.0,0.003883863,0.0,0.0,9.47e-05,0.000378913,0.00056837,0.0,0.0,0.0,0.0,0.0,0.0,0.0,0.0,0.0,0.0,4.74e-05,0.0,4.74e-05,0.0,0.0,0.0,9.47e-05,0.0,0.0,4.74e-05,0.0,0.0,0.0,0.0,0.0,0.0,0.0,0.0,0.0,0.0,9.47e-05,0.0,0.0,0.0,0.0,0.0,0.0,0.0,0.0,0.0,0.0,0.0,0.0,0.0,9.47e-05,9.47e-05,0.001989296,4.74e-05,9.47e-05,0.0,0.0,0.0,4.74e-05,0.0,4.74e-05,0.0,0.0,0.0,0.0,0.0,0.0,0.0,0.0,0.0,0.0,0.0,0.0,0.0,0.0,0.0,0.0,0.0,0.0,0.0,0.0,0.0,4.74e-05,0.0,0.0,0.0,0.0,4.74e-05,0.0,0.0,0.0,0.0,0.0,0.0,0.0,0.0,4.74e-05,0.0,0.0,0.0,0.0,0.0,0.0,9.47e-05,0.000189457,0.0,0.0,0.0,4.74e-05,0.0,4.74e-05,0.0,4.74e-05,0.0,0.0,0.0,0.0,0.0,0.0,0.0,0.0,0.0,0.0,0.0,0.0,0.0,0.0,0.0,4.74e-05,0.0,4.74e-05,0.0,0.0,0.0,0.0,0.0,0.0,0.0,0.0,0.0,0.0,0.0,0.0,0.0,0.0,0.0,0.0,0.0,0.0,0.0,0.0,0.0,0.0,0.0,9.47e-05,0.0,0.0,0.0,0.0,4.74e-05,4.74e-05,4.74e-05,4.74e-05,9.47e-05,4.74e-05,9.47e-05,4.74e-05,4.74e-05,9.47e-05,4.74e-05,4.74e-05,4.74e-05,4.74e-05,4.74e-05,0.0,0.0,0.0,0.0,0.0,0.0,0.0,0.0,0.0,0.0,0.0,0.0,0.0,0.0,0.0,0.0,0.0,0.0,0.0,0.0,0.0,0.0,0.0,0.0,0.0,0.0,0.0,0.0,0.0,0.0,0.0,0.0,0.0,0.0,0.0,0.0,0.0,0.0,0.0,0.0,0.0,0.0,0.0,0.0,0.0,0.0,0.0,0.0,0.0,0.0,0.0,0.0,0.0,0.0,0.0,0.0,0.0,0.0,0.0,0.0,0.0,0.0,0.0,0.0,0.0,0.0,0.0,0.0,0.0,0.0,0.0,0.0,0.0,0.0,0.0,0.0,0.0,0.0,0.0,0.0,0.0,0.0,0.0,0.0,0.0,0.0,0.0,0.0,0.0,0.0,0.0,0.0,0.0,0.0,0.0,0.0,0.0,0.0,0.0,0.0,0.0,0.0,0.0,0.0,0.0,0.0,0.0,0.0,0.0,0.0,0.0,0.0,0.0,0.0,0.0,0.0,0.0,0.0,0.0,0.0,0.0,0.0,0.0,0.0,0.0,0.0,0.0,0.0,0.0,0.0,0.0,0.0,0.0,0.0,0.0,0.0,0.0,0.0,0.0,0.0,0.0,0.0,0.0,0.0,0.0,0.0,0.0,0.0,0.0,0.0,0.0,0.0,0.0,0.0,0.0,0.0,0.0,0.0,0.0,0.0,0.0,0.0,0.0,0.0,0.0,0.0,0.0,0.0,0.0,0.0,0.0,0.0,0.0,0.0,0.0,0.0,0.0,0.0,0.0,0.0,0.0,0.0,0.0,0.0,0.0,0.0,0.0,0.0,0.0,0.0,0.0,0.0,0.0,0.0,0.0,0.0,0.0,0.0,0.0,0.0,0.0,0.0,0.0,0.0,0.0,0.0,0.0,0.0,0.0,0.0,0.0,0.0,0.0,0.0,0.0,0.0,0.0,0.0,0.0,0.0,0.0,0.0,0.0,0.0,0.0,0.0,0.0,0.0,0.0,0.0,0.0,0.0,0.0,0.0,0.0,0.0,0.0,0.0,0.0,0.0,0.0,0.0,0.0,0.0,0.0,0.0,0.0,0.0,0.0,0.0,0.0,0.0,0.0,0.0,0.0,0.0,0.0,0.0,0.0,0.0,0.0,0.0,0.0,0.0,0.0,0.0,0.0,0.0,0.0,0.0,0.0,0.0,0.0,0.0,0.0,0.0,0.0,0.0,0.0,0.0,0.0,0.0,0.0,0.0,0.0,0.0,0.0,0.0,0.0,0.0,0.0,0.0,0.0,0.0,0.0,0.0,0.0,0.0,0.0,0.0,0.0,0.0,0.0,0.0,0.0,0.0,0.0,0.0,0.0,0.0,0.0,0.0,0.0,0.0,0.0,0.0,0.0,0.0,0.0,0.0,0.0,0.0,0.0,0.0
SRR12478639,0.012823557,0.832165756,0.050878651,0.0,5.94e-05,0.0,0.000296842,0.0,0.006827357,0.000178105,0.000118737,0.000118737,0.001602945,0.0,0.0,0.00035621,0.000237473,5.94e-05,0.000178105,0.0,0.0,0.000653052,0.000118737,0.000415578,5.94e-05,0.0,0.0,0.0,0.000474947,5.94e-05,0.0,0.000178105,0.000178105,0.0,0.000653052,0.000415578,0.000118737,0.0,0.0,0.000949893,0.0,0.0,0.0,0.0,0.0,0.0,0.0,0.0,0.0,0.0,0.000118737,0.0,5.94e-05,5.94e-05,0.0,0.0,0.000118737,0.0,0.0,0.004215151,0.032593208,0.004333887,0.001899786,0.003443363,0.002315365,0.004215151,0.00035621,0.007955355,0.0,0.000237473,0.00035621,5.94e-05,0.000949893,0.001543576,0.000118737,0.000474947,0.000237473,0.0,0.005105676,0.0,5.94e-05,0.0,0.0,5.94e-05,0.0,0.0,0.000118737,5.94e-05,0.0,0.0,0.0,0.000237473,0.0,0.000237473,0.0,0.0,5.94e-05,0.0,0.0,0.0,0.0,0.0,0.0,0.0,0.0,0.0,0.0,0.0,0.0,0.000178105,0.0,0.0,0.0,5.94e-05,0.0,0.0,0.0,0.0,0.0,0.0,0.000178105,0.0,0.000118737,0.0,0.0,0.0,0.0,0.0,0.003562099,0.001306103,5.94e-05,0.0,0.0,0.0,0.0,0.0,0.0,0.0,0.0,0.0,0.0,0.000296842,0.000118737,5.94e-05,0.0,0.0,0.0,0.0,0.0,0.0,0.0,5.94e-05,0.000178105,0.0,0.0,5.94e-05,5.94e-05,0.0,0.0,0.0,5.94e-05,0.0,0.0,0.0,0.000178105,0.0,0.0,0.000178105,0.0,0.000118737,0.0,0.0,5.94e-05,0.0,0.0,0.0,5.94e-05,0.0,0.0,0.0,0.0,0.0,0.0,5.94e-05,0.0,0.0,5.94e-05,0.0,0.0,0.0,0.0,0.0,0.0,0.0,5.94e-05,0.0,0.0,0.0,5.94e-05,0.002018523,5.94e-05,0.0,0.0,5.94e-05,0.0,0.0,0.0,0.0,0.0,0.0,0.0,0.0,0.0,0.0,0.0,5.94e-05,0.0,0.0,0.0,0.0,0.0,0.0,0.0,0.0,0.0,0.0,0.0,5.94e-05,0.0,0.00071242,5.94e-05,0.00213726,5.94e-05,0.0,0.0,0.0,0.0,0.0,0.0,0.000178105,0.0,5.94e-05,0.0,0.0,0.0,0.0,0.0,0.0,0.0,0.0,0.0,0.0,0.0,0.0,0.0,0.0,0.0,0.0,0.0,0.0,0.0,0.0,0.0,0.000178105,0.0,0.0,0.0,0.0,0.0,0.0,0.0,0.0,0.0,0.0,0.0,5.94e-05,0.0,0.0,0.0,0.0,0.0,0.0,0.0,0.0,0.000771788,0.001602945,0.0,0.0,0.000118737,5.94e-05,0.0,0.0,5.94e-05,0.0,0.0,0.0,0.0,0.0,0.0,0.0,0.0,0.0,0.0,0.0,0.0,0.0,0.0,0.0,0.0,0.0,0.0,0.0,0.0,0.0,0.0,0.0,0.0,0.0,0.0,0.0,0.0,0.0,0.0,5.94e-05,0.0,0.0,0.0,5.94e-05,0.0,0.0,0.0,5.94e-05,0.0,0.0,0.0,0.000415578,5.94e-05,0.0,0.0,0.0,0.0,0.0,5.94e-05,0.0,5.94e-05,0.0,5.94e-05,0.0,0.0,0.0,0.0,0.0,0.0,0.0,0.0,0.000237473,0.000118737,0.000237473,0.000118737,0.000118737,5.94e-05,5.94e-05,0.000178105,5.94e-05,5.94e-05,5.94e-05,5.94e-05,5.94e-05,5.94e-05,5.94e-05,0.000178105,5.94e-05,5.94e-05,5.94e-05,0.0,0.0,0.0,0.0,0.0,0.0,0.0,0.0,0.0,0.0,0.0,0.0,0.0,0.0,0.0,0.0,0.0,0.0,0.0,0.0,0.0,0.0,0.0,0.0,0.0,0.0,0.0,0.0,0.0,0.0,0.0,0.0,0.0,0.0,0.0,0.0,0.0,0.0,0.0,0.0,0.0,0.0,0.0,0.0,0.0,0.0,0.0,0.0,0.0,0.0,0.0,0.0,0.0,0.0,0.0,0.0,0.0,0.0,0.0,0.0,0.0,0.0,0.0,0.0,0.0,0.0,0.0,0.0,0.0,0.0,0.0,0.0,0.0,0.0,0.0,0.0,0.0,0.0,0.0,0.0,0.0,0.0,0.0,0.0,0.0,0.0,0.0,0.0,0.0,0.0,0.0,0.0,0.0,0.0,0.0,0.0,0.0,0.0,0.0,0.0,0.0,0.0,0.0,0.0,0.0,0.0,0.0,0.0,0.0,0.0,0.0,0.0,0.0,0.0,0.0,0.0,0.0,0.0,0.0,0.0,0.0,0.0,0.0,0.0,0.0,0.0,0.0,0.0,0.0,0.0,0.0,0.0,0.0,0.0,0.0,0.0,0.0,0.0,0.0,0.0,0.0,0.0,0.0,0.0,0.0,0.0,0.0,0.0,0.0,0.0,0.0,0.0,0.0,0.0,0.0,0.0,0.0,0.0,0.0,0.0,0.0,0.0,0.0,0.0,0.0,0.0,0.0,0.0,0.0,0.0,0.0,0.0,0.0,0.0,0.0,0.0,0.0,0.0,0.0,0.0,0.0,0.0,0.0,0.0,0.0,0.0,0.0,0.0,0.0,0.0,0.0,0.0,0.0,0.0,0.0,0.0,0.0,0.0,0.0,0.0,0.0,0.0,0.0,0.0,0.0,0.0,0.0,0.0,0.0,0.0,0.0,0.0,0.0,0.0,0.0,0.0,0.0,0.0,0.0,0.0,0.0,0.0,0.0,0.0,0.0,0.0,0.0,0.0,0.0,0.0,0.0,0.0,0.0,0.0,0.0,0.0,0.0,0.0,0.0,0.0,0.0,0.0,0.0,0.0,0.0,0.0,0.0,0.0,0.0,0.0,0.0,0.0,0.0,0.0,0.0,0.0,0.0,0.0,0.0,0.0,0.0,0.0,0.0,0.0,0.0,0.0,0.0,0.0,0.0,0.0,0.0,0.0,0.0,0.0,0.0,0.0,0.0,0.0,0.0,0.0,0.0,0.0,0.0,0.0,0.0,0.0,0.0,0.0,0.0,0.0,0.0,0.0,0.0,0.0,0.0,0.0,0.0,0.0,0.0,0.0,0.0,0.0,0.0,0.0,0.0
SRR12478641,0.457977034,0.309919375,0.004031273,0.0,0.0,0.0,0.000488639,0.00012216,0.084778891,0.001710237,0.001954557,0.00012216,0.008062546,0.001954557,0.00024432,0.007696066,0.00012216,0.00024432,0.00012216,0.000977278,0.00012216,0.017346689,0.000855118,0.008917664,0.0,0.000366479,0.0,0.00024432,0.000732959,0.00012216,0.00012216,0.029684828,0.001099438,0.007940386,0.000732959,0.000855118,0.0,0.0,0.0,0.00024432,0.00012216,0.0,0.00012216,0.0,0.0,0.00012216,0.001710237,0.0,0.0,0.001343758,0.0,0.000610799,0.000366479,0.00012216,0.0,0.0,0.0,0.00024432,0.0,0.000977278,0.013315417,0.00024432,0.0,0.001221598,0.0,0.001099438,0.0,0.00012216,0.00024432,0.0,0.0,0.0,0.00012216,0.001465917,0.00012216,0.0,0.0,0.0,0.001588077,0.0,0.003053995,0.0,0.00024432,0.00012216,0.00012216,0.000488639,0.000366479,0.00024432,0.0,0.0,0.0,0.001710237,0.00024432,0.000610799,0.0,0.0,0.001221598,0.0,0.0,0.00012216,0.0,0.0,0.0,0.0,0.00012216,0.0,0.0,0.0,0.0,0.000366479,0.0,0.0,0.00012216,0.0,0.0,0.0,0.0,0.0,0.0,0.0,0.0,0.0,0.00012216,0.0,0.0,0.0,0.0,0.00012216,0.000366479,0.000610799,0.0,0.0,0.0,0.0,0.00012216,0.000366479,0.0,0.0,0.00012216,0.0,0.0,0.0,0.0,0.006107989,0.0,0.0,0.0,0.00024432,0.0,0.0,0.00012216,0.0,0.0,0.0,0.0,0.00012216,0.0,0.0,0.00012216,0.0,0.0,0.0,0.0,0.0,0.0,0.0,0.0,0.0,0.0,0.000366479,0.0,0.0,0.0,0.0,0.0,0.0,0.00012216,0.0,0.0,0.0,0.0,0.0,0.0,0.0,0.00012216,0.00012216,0.00012216,0.0,0.0,0.0,0.0,0.0,0.0,0.0,0.0,0.0,0.00012216,0.0,0.0,0.000366479,0.0,0.00012216,0.0,0.0,0.0,0.0,0.0,0.0,0.0,0.0,0.0,0.0,0.0,0.0,0.0,0.0,0.0,0.0,0.0,0.0,0.0,0.0,0.0,0.0,0.0,0.0,0.0,0.0,0.0,0.00024432,0.0,0.001099438,0.00024432,0.0,0.0,0.00012216,0.0,0.0,0.0,0.0,0.0,0.0,0.0,0.0,0.0,0.0,0.0,0.0,0.0,0.0,0.0,0.0,0.0,0.0,0.0,0.0,0.0,0.0,0.0,0.0,0.0,0.0,0.0,0.0,0.0,0.0,0.0,0.0,0.0,0.0,0.0,0.0,0.0,0.0,0.0,0.00012216,0.0,0.0,0.0,0.0,0.0,0.0,0.00012216,0.0,0.0,0.00024432,0.0,0.0,0.0,0.0,0.0,0.0,0.0,0.0,0.0,0.0,0.0,0.0,0.0,0.0,0.0,0.0,0.0,0.00012216,0.0,0.0,0.0,0.0,0.0,0.0,0.0,0.0,0.0,0.0,0.0,0.0,0.0,0.0,0.0,0.0,0.0,0.0,0.0,0.0,0.0,0.0,0.0,0.0,0.0,0.0,0.0,0.0,0.0,0.0,0.0,0.00012216,0.0,0.0,0.0,0.0,0.0,0.0,0.0,0.00012216,0.0,0.0,0.0,0.0,0.0,0.0,0.0,0.0,0.0,0.0,0.0,0.00012216,0.0,0.0,0.00012216,0.0,0.0,0.0,0.0,0.0,0.0,0.0,0.0,0.0,0.00012216,0.0,0.0,0.0,0.0,0.0,0.0,0.0,0.00012216,0.0,0.00024432,0.002198876,0.00012216,0.0,0.0,0.0,0.0,0.0,0.0,0.0,0.0,0.0,0.0,0.0,0.0,0.0,0.0,0.0,0.0,0.0,0.0,0.0,0.0,0.0,0.0,0.0,0.0,0.0,0.0,0.0,0.0,0.0,0.0,0.0,0.0,0.0,0.0,0.0,0.0,0.0,0.0,0.0,0.0,0.0,0.0,0.0,0.0,0.0,0.0,0.0,0.0,0.0,0.0,0.0,0.0,0.0,0.0,0.0,0.0,0.0,0.0,0.0,0.0,0.0,0.0,0.0,0.0,0.0,0.0,0.0,0.0,0.0,0.0,0.0,0.0,0.0,0.0,0.0,0.0,0.0,0.0,0.0,0.0,0.0,0.0,0.0,0.0,0.0,0.0,0.0,0.0,0.0,0.0,0.0,0.0,0.0,0.0,0.0,0.0,0.0,0.0,0.0,0.0,0.0,0.0,0.0,0.0,0.0,0.0,0.0,0.0,0.0,0.0,0.0,0.0,0.0,0.0,0.0,0.0,0.0,0.0,0.0,0.0,0.0,0.0,0.0,0.0,0.0,0.0,0.0,0.0,0.0,0.0,0.0,0.0,0.0,0.0,0.0,0.0,0.0,0.0,0.0,0.0,0.0,0.0,0.0,0.0,0.0,0.0,0.0,0.0,0.0,0.0,0.0,0.0,0.0,0.0,0.0,0.0,0.0,0.0,0.0,0.0,0.0,0.0,0.0,0.0,0.0,0.0,0.0,0.0,0.0,0.0,0.0,0.0,0.0,0.0,0.0,0.0,0.0,0.0,0.0,0.0,0.0,0.0,0.0,0.0,0.0,0.0,0.0,0.0,0.0,0.0,0.0,0.0,0.0,0.0,0.0,0.0,0.0,0.0,0.0,0.0,0.0,0.0,0.0,0.0,0.0,0.0,0.0,0.0,0.0,0.0,0.0,0.0,0.0,0.0,0.0,0.0,0.0,0.0,0.0,0.0,0.0,0.0,0.0,0.0,0.0,0.0,0.0,0.0,0.0,0.0,0.0,0.0,0.0,0.0,0.0,0.0,0.0,0.0,0.0,0.0,0.0,0.0,0.0,0.0,0.0,0.0,0.0,0.0,0.0,0.0,0.0,0.0,0.0,0.0,0.0,0.0,0.0,0.0,0.0,0.0,0.0,0.0,0.0,0.0,0.0,0.0,0.0,0.0,0.0,0.0,0.0,0.0,0.0,0.0,0.0,0.0,0.0,0.0,0.0,0.0,0.0,0.0,0.0,0.0,0.0,0.0,0.0,0.0,0.0,0.0,0.0,0.0,0.0,0.0,0.0,0.0,0.0,0.0
SRR12478645,0.824466766,0.016803075,0.000186012,0.000372024,0.001302083,0.000248016,6.2e-05,0.0,0.076326885,0.005456349,0.002232143,0.000124008,0.004092262,0.00062004,0.000186012,0.001302083,0.00062004,0.0,0.000434028,0.000186012,0.00031002,0.002294147,0.00093006,0.02405754,0.000248016,6.2e-05,0.0,0.000992063,0.004588294,6.2e-05,0.0,0.000806052,0.014198909,0.000372024,0.001054067,0.000992063,0.000248016,6.2e-05,0.0,0.0,0.0,0.0,0.000124008,0.0,0.0,0.0,0.000248016,0.00031002,0.000186012,0.00031002,6.2e-05,0.0,0.000186012,0.000124008,0.0,0.000248016,0.0,0.0,0.0,0.000124008,0.000372024,0.000248016,0.0,0.0,0.0,6.2e-05,0.0,0.00031002,0.000124008,0.0,0.0,0.0,0.000186012,0.0,0.0,0.0,0.0,0.0,0.000248016,6.2e-05,0.002852183,0.0,0.000124008,0.000558036,0.0,0.000248016,0.000186012,0.000186012,0.0,0.0,0.0,0.000124008,0.0,0.0,0.000124008,0.0,0.0,0.0,0.0,0.0,0.0,0.000124008,0.0,0.0,6.2e-05,0.0,0.0,0.0,0.0,0.000124008,0.0,0.0,0.000186012,6.2e-05,0.0,6.2e-05,0.0,0.0,0.0,0.000186012,0.0,0.0,0.000434028,0.0,0.000186012,0.0,0.0,0.0,0.0,0.0,0.0,0.0,0.0,0.0,6.2e-05,6.2e-05,0.000124008,0.0,0.0,0.0,0.0,6.2e-05,0.0,6.2e-05,0.0,0.0,0.0,0.0,0.0,0.0,0.0,0.0,0.0,0.0,0.0,0.0,0.0,0.00093006,0.0,0.0,0.0,0.0,0.0,0.0,0.0,0.0,0.0,6.2e-05,0.0,0.000186012,0.0,0.0,6.2e-05,0.0,0.0,0.0,0.0,0.0,0.0,0.0,0.0,0.0,0.0,0.0,0.0,0.0,0.0,0.0,0.0,0.0,0.0,0.0,0.0,0.0,0.0,0.0,0.0,0.0,0.0,0.0,0.0,0.0,0.0,0.0,0.0,0.0,0.0,0.0,0.0,0.0,0.0,0.0,0.0,6.2e-05,0.0,6.2e-05,0.0,0.0,0.0,0.0,0.0,0.0,0.0,0.0,0.0,0.0,0.0,0.0,0.0,0.0,0.0,6.2e-05,0.0,0.0,0.0,6.2e-05,0.0,0.0,0.0,0.0,0.0,0.0,0.0,0.0,0.0,0.0,0.0,0.0,0.0,0.0,0.0,0.0,0.0,0.0,0.0,0.0,0.0,0.0,0.0,0.0,0.0,0.0,0.0,0.0,0.0,0.0,0.0,0.0,0.0,0.0,0.0,0.0,6.2e-05,0.0,0.0,0.0,0.0,0.0,0.0,0.0,0.0,0.0,0.0,0.00093006,0.0,0.0,0.0,6.2e-05,0.0,0.0,0.0,0.0,6.2e-05,0.0,0.0,0.0,0.0,0.0,0.0,0.0,0.0,0.0,0.0,0.0,0.0,0.0,0.0,0.0,0.0,0.0,0.0,0.0,0.0,0.0,0.0,0.0,0.0,0.0,0.0,6.2e-05,0.0,0.0,0.0,0.0,0.0,0.0,0.0,0.0,0.0,0.0,0.0,0.0,0.0,0.0,6.2e-05,0.0,0.0,0.0,0.0,0.0,0.0,0.0,0.0,0.0,0.0,0.0,0.0,0.0,0.0,0.0,0.0,0.0,0.0,0.0,0.0,0.0,0.0,0.0,0.0,0.0,0.0,0.0,6.2e-05,0.0,0.0,0.0,0.0,0.0,0.001116071,0.0,0.0,0.0,0.0,0.0,0.0,0.0,6.2e-05,0.0,0.0,0.0,0.0,0.0,0.0,0.0,0.0,0.0,0.0,0.0,0.0,0.0,0.0,0.0,0.0,0.0,0.0,0.0,0.0,0.0,0.0,0.0,0.0,0.0,0.0,0.0,0.0,0.0,0.0,0.0,0.0,0.0,0.0,0.0,0.0,0.0,0.0,0.0,0.0,0.0,0.0,0.0,0.0,0.0,0.0,0.0,0.0,0.0,0.0,0.0,0.0,0.0,0.0,0.0,0.0,0.0,0.0,0.0,0.0,0.0,0.0,0.0,0.0,0.0,0.0,0.0,0.0,0.0,0.0,0.0,0.0,0.0,0.0,0.0,0.0,0.0,0.0,0.0,0.0,0.0,0.0,0.0,0.0,0.0,0.0,0.0,0.0,0.0,0.0,0.0,0.0,0.0,0.0,0.0,0.0,0.0,0.0,0.0,0.0,0.0,0.0,0.0,0.0,0.0,0.0,0.0,0.0,0.0,0.0,0.0,0.0,0.0,0.0,0.0,0.0,0.0,0.0,0.0,0.0,0.0,0.0,0.0,0.0,0.0,0.0,0.0,0.0,0.0,0.0,0.0,0.0,0.0,0.0,0.0,0.0,0.0,0.0,0.0,0.0,0.0,0.0,0.0,0.0,0.0,0.0,0.0,0.0,0.0,0.0,0.0,0.0,0.0,0.0,0.0,0.0,0.0,0.0,0.0,0.0,0.0,0.0,0.0,0.0,0.0,0.0,0.0,0.0,0.0,0.0,0.0,0.0,0.0,0.0,0.0,0.0,0.0,0.0,0.0,0.0,0.0,0.0,0.0,0.0,0.0,0.0,0.0,0.0,0.0,0.0,0.0,0.0,0.0,0.0,0.0,0.0,0.0,0.0,0.0,0.0,0.0,0.0,0.0,0.0,0.0,0.0,0.0,0.0,0.0,0.0,0.0,0.0,0.0,0.0,0.0,0.0,0.0,0.0,0.0,0.0,0.0,0.0,0.0,0.0,0.0,0.0,0.0,0.0,0.0,0.0,0.0,0.0,0.0,0.0,0.0,0.0,0.0,0.0,0.0,0.0,0.0,0.0,0.0,0.0,0.0,0.0,0.0,0.0,0.0,0.0,0.0,0.0,0.0,0.0,0.0,0.0,0.0,0.0,0.0,0.0,0.0,0.0,0.0,0.0,0.0,0.0,0.0,0.0,0.0,0.0,0.0,0.0,0.0,0.0,0.0,0.0,0.0,0.0,0.0,0.0,0.0,0.0,0.0,0.0,0.0,0.0,0.0,0.0,0.0,0.0,0.0,0.0,0.0,0.0,0.0,0.0,0.0,0.0,0.0,0.0,0.0,0.0
SRR12478646,0.00228044,0.718284241,0.072295371,0.0,2.71e-05,2.71e-05,2.71e-05,0.0,0.185421474,0.000108592,0.000380073,2.71e-05,0.002633365,0.0,5.43e-05,0.000108592,0.0,2.71e-05,0.0,2.71e-05,0.0,0.000434369,2.71e-05,0.000624406,0.002090403,0.0,0.0,2.71e-05,0.00013574,0.0,0.00013574,0.00013574,0.000162889,0.0,0.000162889,0.000162889,0.00013574,0.0,0.0,0.0,0.0,0.0,2.71e-05,0.0,0.0,0.0,2.71e-05,2.71e-05,0.0,2.71e-05,0.00013574,0.0,0.0,0.0,0.0,0.0,2.71e-05,0.0,0.0,8.14e-05,0.002633365,0.0,0.0,0.000162889,0.000217185,0.000298629,0.0,0.0,2.71e-05,0.0,0.0,0.0,2.71e-05,2.71e-05,0.0,0.0,0.0,0.0,0.0,2.71e-05,2.71e-05,0.0,0.0,2.71e-05,0.0,0.000217185,2.71e-05,0.000108592,0.0,0.0,0.0,0.006732727,5.43e-05,0.0,0.0,0.0,0.0,0.0,0.0,0.0,0.0,0.0,0.000108592,2.71e-05,0.00013574,2.71e-05,0.0,0.0,0.0,2.71e-05,2.71e-05,0.0,0.0,0.000461518,0.0,0.0,0.0,0.0,0.0,8.14e-05,0.000380073,2.71e-05,0.0,0.0,0.0,2.71e-05,0.0,2.71e-05,0.000190037,5.43e-05,0.0,0.0,0.0,0.0,0.0,0.0,0.0,0.0,0.0,0.0,0.0,0.000217185,0.0,2.71e-05,0.0,2.71e-05,0.0,0.0,0.0,0.0,0.0,2.71e-05,2.71e-05,0.0,0.0,0.0,0.0,0.0,0.0,0.0,0.0,0.0,0.0,0.0,2.71e-05,0.0,0.0,0.0,0.0,0.0,0.0,0.0,0.0,0.0,0.00013574,0.0,0.0,0.0,0.0,0.0,0.0,0.0,0.0,0.0,0.0,0.0,0.0,0.0,0.0,0.0,0.0,0.0,0.0,0.0,0.0,0.0,0.0,0.0,0.0,2.71e-05,2.71e-05,0.0,0.0,0.0,0.0,2.71e-05,0.0,0.0,0.0,0.0,0.0,0.0,0.0,0.0,0.0,0.0,0.0,0.0,0.0,0.0,0.0,0.0,0.0,0.0,0.0,0.0,0.0,2.71e-05,0.0,5.43e-05,0.0,0.00013574,0.0,0.0,2.71e-05,0.0,0.0,0.0,0.0,0.0,0.0,0.0,0.0,0.0,2.71e-05,0.0,0.0,0.0,0.0,0.0,0.0,0.0,0.0,2.71e-05,0.0,0.0,2.71e-05,0.0,0.0,0.0,0.0,5.43e-05,0.0,2.71e-05,0.0,0.0,0.0,0.0,0.0,0.0,0.0,0.0,0.0,0.0,0.0,0.0,0.0,0.0,0.0,0.0,0.0,0.0,0.0,0.0,0.0,0.000190037,0.0,0.0,0.0,0.0,0.0,0.0,0.0,0.0,0.0,0.0,0.0,0.0,0.0,0.0,0.0,0.0,0.0,0.0,0.0,0.0,0.0,0.0,0.0,0.0,0.0,0.0,0.0,2.71e-05,0.0,0.0,0.0,0.0,0.0,0.0,0.0,0.0,0.0,0.0,0.0,2.71e-05,0.0,0.0,2.71e-05,0.0,0.0,0.0,0.0,0.0,0.0,0.0,0.0,0.0,0.0,0.0,0.0,0.0,0.0,0.0,0.0,0.0,0.0,0.0,0.0,0.0,0.0,0.0,0.0,0.0,0.0,0.0,0.0,0.0,0.0,0.0,0.0,0.0,0.0,0.0,0.0,0.0,0.0,0.0,0.0,0.0,2.71e-05,0.0,0.0,0.0,0.0,0.0,0.0,0.0,0.0,0.0,0.0,0.0,0.0,0.0,0.0,0.0,0.0,2.71e-05,0.0,0.0,0.0,0.0,2.71e-05,2.71e-05,2.71e-05,2.71e-05,2.71e-05,2.71e-05,0.0,0.0,0.0,0.0,0.0,0.0,0.0,0.0,0.0,0.0,0.0,0.0,0.0,0.0,0.0,0.0,0.0,0.0,0.0,0.0,0.0,0.0,0.0,0.0,0.0,0.0,0.0,0.0,0.0,0.0,0.0,0.0,0.0,0.0,0.0,0.0,0.0,0.0,0.0,0.0,0.0,0.0,0.0,0.0,0.0,0.0,0.0,0.0,0.0,0.0,0.0,0.0,0.0,0.0,0.0,0.0,0.0,0.0,0.0,0.0,0.0,0.0,0.0,0.0,0.0,0.0,0.0,0.0,0.0,0.0,0.0,0.0,0.0,0.0,0.0,0.0,0.0,0.0,0.0,0.0,0.0,0.0,0.0,0.0,0.0,0.0,0.0,0.0,0.0,0.0,0.0,0.0,0.0,0.0,0.0,0.0,0.0,0.0,0.0,0.0,0.0,0.0,0.0,0.0,0.0,0.0,0.0,0.0,0.0,0.0,0.0,0.0,0.0,0.0,0.0,0.0,0.0,0.0,0.0,0.0,0.0,0.0,0.0,0.0,0.0,0.0,0.0,0.0,0.0,0.0,0.0,0.0,0.0,0.0,0.0,0.0,0.0,0.0,0.0,0.0,0.0,0.0,0.0,0.0,0.0,0.0,0.0,0.0,0.0,0.0,0.0,0.0,0.0,0.0,0.0,0.0,0.0,0.0,0.0,0.0,0.0,0.0,0.0,0.0,0.0,0.0,0.0,0.0,0.0,0.0,0.0,0.0,0.0,0.0,0.0,0.0,0.0,0.0,0.0,0.0,0.0,0.0,0.0,0.0,0.0,0.0,0.0,0.0,0.0,0.0,0.0,0.0,0.0,0.0,0.0,0.0,0.0,0.0,0.0,0.0,0.0,0.0,0.0,0.0,0.0,0.0,0.0,0.0,0.0,0.0,0.0,0.0,0.0,0.0,0.0,0.0,0.0,0.0,0.0,0.0,0.0,0.0,0.0,0.0,0.0,0.0,0.0,0.0,0.0,0.0,0.0,0.0,0.0,0.0,0.0,0.0,0.0,0.0,0.0,0.0,0.0,0.0,0.0,0.0,0.0,0.0,0.0,0.0,0.0,0.0,0.0,0.0,0.0,0.0,0.0,0.0,0.0,0.0,0.0,0.0,0.0,0.0,0.0,0.0,0.0,0.0,0.0,0.0,0.0,0.0,0.0,0.0,0.0,0.0,0.0,0.0,0.0,0.0,0.0,0.0,0.0
SRR12478648,0.746577079,0.019269777,0.000507099,0.000126775,0.001394523,0.0,0.0,0.000126775,0.082783976,0.010649087,0.003042596,0.003549696,0.009127789,0.000887424,0.000633874,0.008493915,0.000633874,0.0,0.000126775,0.000126775,0.000126775,0.005958418,0.001140974,0.021932049,0.00025355,0.000380325,0.0,0.000126775,0.006592292,0.000126775,0.0,0.019016227,0.005197769,0.00443712,0.00418357,0.002155172,0.0,0.0,0.0,0.000126775,0.0,0.0,0.000126775,0.000126775,0.0,0.0,0.001140974,0.0,0.000126775,0.000126775,0.0,0.0,0.0,0.000380325,0.000126775,0.002535497,0.000126775,0.0,0.0,0.001140974,0.005070994,0.000633874,0.00025355,0.000760649,0.000126775,0.0,0.0,0.002155172,0.00443712,0.000380325,0.0,0.0,0.00025355,0.000760649,0.00025355,0.000126775,0.000126775,0.0,0.00025355,0.0,0.000380325,0.0,0.0,0.000887424,0.0,0.00025355,0.000380325,0.0,0.0,0.0,0.0,0.000887424,0.00025355,0.0,0.000126775,0.0,0.0,0.0,0.0,0.0,0.0,0.000126775,0.00025355,0.000633874,0.001648073,0.0,0.000760649,0.000126775,0.0,0.001901623,0.000380325,0.0,0.0,0.0,0.000126775,0.0,0.0,0.0,0.0,0.0,0.000507099,0.0,0.0,0.0,0.000126775,0.0,0.000126775,0.0,0.000887424,0.0,0.000126775,0.0,0.000126775,0.0,0.000126775,0.000760649,0.0,0.000126775,0.0,0.0,0.0,0.0,0.0,0.0,0.0,0.001394523,0.0,0.0,0.0,0.0,0.0,0.000126775,0.0,0.0,0.0,0.000126775,0.00025355,0.00025355,0.0,0.0,0.000126775,0.0,0.0,0.0,0.0,0.0,0.0,0.000126775,0.0,0.0,0.0,0.0,0.000507099,0.0,0.0,0.0,0.0,0.000126775,0.0,0.0,0.0,0.0,0.0,0.0,0.00025355,0.00025355,0.000126775,0.0,0.0,0.0,0.0,0.0,0.0,0.0,0.0,0.0,0.0,0.0,0.000126775,0.00025355,0.0,0.0,0.0,0.0,0.000126775,0.0,0.0,0.0,0.0,0.0,0.0,0.0,0.0,0.0,0.0,0.0,0.0,0.00025355,0.0,0.0,0.0,0.0,0.0,0.0,0.0,0.0,0.0,0.0,0.0,0.0,0.0,0.00025355,0.000126775,0.0,0.0,0.0,0.0,0.0,0.0,0.0,0.0,0.0,0.0,0.0,0.0,0.0,0.0,0.0,0.0,0.0,0.0,0.0,0.0,0.0,0.0,0.0,0.0,0.0,0.0,0.0,0.0,0.0,0.0,0.0,0.0,0.0,0.0,0.0,0.0,0.0,0.0,0.0,0.0,0.0,0.0,0.0,0.0,0.0,0.0,0.0,0.0,0.0,0.0,0.0,0.000126775,0.000633874,0.0,0.0,0.0,0.0,0.0,0.0,0.0,0.0,0.0,0.0,0.0,0.0,0.0,0.0,0.0,0.0,0.000126775,0.0,0.0,0.0,0.0,0.0,0.0,0.0,0.0,0.0,0.0,0.0,0.0,0.0,0.00025355,0.0,0.0,0.0,0.0,0.0,0.0,0.0,0.0,0.0,0.0,0.0,0.0,0.0,0.0,0.0,0.0,0.0,0.0,0.000380325,0.0,0.0,0.0,0.0,0.0,0.0,0.0,0.0,0.0,0.0,0.0,0.0,0.0,0.0,0.0,0.0,0.0,0.0,0.0,0.0,0.0,0.0,0.0,0.0,0.0,0.0,0.0,0.0,0.0,0.0,0.0,0.0,0.0,0.0,0.0,0.0,0.0,0.0,0.0,0.0,0.0,0.0,0.0,0.0,0.0,0.0,0.0,0.0,0.0,0.0,0.0,0.0,0.0,0.0,0.0,0.0,0.0,0.0,0.0,0.0,0.0,0.0,0.0,0.000126775,0.000126775,0.0,0.0,0.0,0.0,0.0,0.0,0.0,0.0,0.0,0.0,0.0,0.0,0.0,0.0,0.0,0.0,0.0,0.0,0.0,0.0,0.0,0.0,0.0,0.0,0.0,0.0,0.0,0.0,0.0,0.0,0.0,0.0,0.0,0.0,0.0,0.0,0.0,0.0,0.0,0.0,0.0,0.0,0.0,0.0,0.0,0.0,0.0,0.0,0.0,0.0,0.0,0.0,0.0,0.0,0.0,0.0,0.0,0.0,0.0,0.0,0.0,0.0,0.0,0.0,0.0,0.0,0.0,0.0,0.0,0.0,0.0,0.0,0.0,0.0,0.0,0.0,0.0,0.0,0.0,0.0,0.0,0.0,0.0,0.0,0.0,0.0,0.0,0.0,0.0,0.0,0.0,0.0,0.0,0.0,0.0,0.0,0.0,0.0,0.0,0.0,0.0,0.0,0.0,0.0,0.0,0.0,0.0,0.0,0.0,0.0,0.0,0.0,0.0,0.0,0.0,0.0,0.0,0.0,0.0,0.0,0.0,0.0,0.0,0.0,0.0,0.0,0.0,0.0,0.0,0.0,0.0,0.0,0.0,0.0,0.0,0.0,0.0,0.0,0.0,0.0,0.0,0.0,0.0,0.0,0.0,0.0,0.0,0.0,0.0,0.0,0.0,0.0,0.0,0.0,0.0,0.0,0.0,0.0,0.0,0.0,0.0,0.0,0.0,0.0,0.0,0.0,0.0,0.0,0.0,0.0,0.0,0.0,0.0,0.0,0.0,0.0,0.0,0.0,0.0,0.0,0.0,0.0,0.0,0.0,0.0,0.0,0.0,0.0,0.0,0.0,0.0,0.0,0.0,0.0,0.0,0.0,0.0,0.0,0.0,0.0,0.0,0.0,0.0,0.0,0.0,0.0,0.0,0.0,0.0,0.0,0.0,0.0,0.0,0.0,0.0,0.0,0.0,0.0,0.0,0.0,0.0,0.0,0.0,0.0,0.0,0.0,0.0,0.0,0.0,0.0,0.0,0.0,0.0,0.0,0.0,0.0,0.0,0.0,0.0,0.0,0.0,0.0,0.0,0.0,0.0,0.0,0.0,0.0,0.0,0.0,0.0,0.0,0.0,0.0,0.0,0.0,0.0,0.0,0.0,0.0,0.0,0.0,0.0,0.0,0.0,0.0,0.0,0.0,0.0,0.0,0.0,0.0,0.0,0.0,0.0,0.0,0.0,0.0
SRR12478652,0.513481161,0.023542154,0.00142507,0.000114006,0.005814285,0.00039902,0.000114006,5.7e-05,0.208858234,0.021205039,0.007467366,0.005586274,0.016587813,0.001653081,0.00102605,0.008664425,0.002223109,0.000741036,0.001824089,0.00102605,0.000855042,0.007011344,0.001197059,0.057914838,0.000285014,0.001710084,0.0,0.000684034,0.020863022,0.000285014,0.000171008,0.02428319,0.001254061,0.000570028,0.00285014,0.001368067,0.000513025,0.0,0.0,0.000285014,0.000114006,0.0,0.000513025,5.7e-05,0.0,0.000171008,0.004161204,0.000342017,0.0,0.000855042,0.000456022,0.0,5.7e-05,0.00039902,0.003819187,0.002280112,0.0,0.0,0.0,0.000285014,0.000969047,0.000855042,0.000114006,5.7e-05,0.000513025,0.000171008,0.0,0.000570028,0.002052101,0.0,5.7e-05,0.0,5.7e-05,0.000171008,0.0,5.7e-05,5.7e-05,0.0,0.000342017,5.7e-05,0.001140056,0.0,0.0,0.004959243,5.7e-05,5.7e-05,0.004959243,0.000342017,0.0,0.0,0.0,0.005244257,0.000114006,0.000114006,0.000285014,0.0,0.000114006,0.0,0.0,0.000114006,5.7e-05,0.001539075,0.000228011,0.000228011,0.000627031,0.0,0.000684034,0.0,0.0,0.000342017,0.001482073,0.0,0.000228011,0.003249159,5.7e-05,0.0,0.0,0.0,5.7e-05,0.000171008,5.7e-05,0.0,0.001368067,0.0,0.000228011,0.0,5.7e-05,5.7e-05,0.000570028,5.7e-05,0.000114006,0.0,0.0,0.000114006,0.000114006,0.0,5.7e-05,5.7e-05,5.7e-05,0.0,0.0,0.000741036,0.0,0.0,0.0,5.7e-05,0.000114006,0.000114006,0.0,0.000114006,0.000114006,0.000171008,0.0,0.0,0.0,0.000114006,0.000342017,5.7e-05,0.0,0.000114006,0.0,0.0,0.0,0.0,0.0,0.0,0.0,0.0,0.0,5.7e-05,0.0,0.0,5.7e-05,0.0,0.0,0.0,0.0,0.0,0.0,5.7e-05,0.0,5.7e-05,0.0,0.0,0.0,0.000171008,0.000171008,0.0,0.0,0.0,0.0,5.7e-05,0.000456022,5.7e-05,0.0,0.0,0.0,0.0,0.0,0.0,0.0,0.0,0.0,0.0,0.0,0.0,0.0,0.0,0.0,0.0,0.0,0.0,0.0,0.0,0.0,0.000171008,0.0,0.0,0.0,5.7e-05,5.7e-05,0.0,5.7e-05,0.0,0.000114006,0.0,0.0,0.0,0.0,0.000114006,0.0,0.000171008,0.0,0.0,0.0,0.0,0.0,0.0,0.0,5.7e-05,0.0,5.7e-05,0.0,0.0,0.0,0.0,0.0,0.0,0.0,0.0,5.7e-05,5.7e-05,0.0,5.7e-05,0.0,0.0,0.0,0.0,0.0,0.0,0.0,0.0,0.0,5.7e-05,0.0,0.0,0.0,0.0,0.0,0.0,0.0,0.0,0.0,0.0,0.0,0.0,0.0,0.0,0.0,0.0,0.0,0.000114006,5.7e-05,5.7e-05,0.000285014,5.7e-05,0.0,0.0,0.0,0.0,5.7e-05,0.0,0.0,0.0,0.0,0.0,0.0,0.0,0.0,0.0,0.0,5.7e-05,0.000114006,0.000171008,0.000228011,0.0,0.000171008,5.7e-05,0.0,0.0,0.0,0.0,0.0,0.0,0.0,0.0,0.0,0.0,0.0,0.0,0.0,0.0,0.0,0.0,0.0,0.0,0.0,0.0,0.0,0.0,0.0,0.0,0.0,0.0,0.0,0.000114006,0.0,0.0,0.0,0.0,0.0,0.0,0.0,0.0,0.0,0.0,0.0,0.0,0.0,0.0,0.0,0.0,0.0,0.0,0.0,0.0,0.0,0.0,0.0,0.0,0.0,0.0,0.0,0.0,0.0,0.0,0.0,0.0,0.000798039,0.0,0.0,0.0,0.0,0.0,0.0,0.0,0.0,5.7e-05,0.0,0.0,0.0,0.0,0.0,0.0,0.0,0.0,5.7e-05,5.7e-05,0.0,0.0,0.0,0.0,0.0,0.0,0.0,0.0,0.0,0.0,0.0,0.0,0.0,0.0,0.0,0.0,0.0,0.0,0.0,0.0,0.0,0.0,0.0,0.0,0.0,0.0,0.0,0.0,0.0,0.0,5.7e-05,5.7e-05,5.7e-05,5.7e-05,5.7e-05,5.7e-05,0.0,0.0,0.0,0.0,0.0,0.0,0.0,0.0,0.0,0.0,0.0,0.0,0.0,0.0,0.0,0.0,0.0,0.0,0.0,0.0,0.0,0.0,0.0,0.0,0.0,0.0,0.0,0.0,0.0,0.0,0.0,0.0,0.0,0.0,0.0,0.0,0.0,0.0,0.0,0.0,0.0,0.0,0.0,0.0,0.0,0.0,0.0,0.0,0.0,0.0,0.0,0.0,0.0,0.0,0.0,0.0,0.0,0.0,0.0,0.0,0.0,0.0,0.0,0.0,0.0,0.0,0.0,0.0,0.0,0.0,0.0,0.0,0.0,0.0,0.0,0.0,0.0,0.0,0.0,0.0,0.0,0.0,0.0,0.0,0.0,0.0,0.0,0.0,0.0,0.0,0.0,0.0,0.0,0.0,0.0,0.0,0.0,0.0,0.0,0.0,0.0,0.0,0.0,0.0,0.0,0.0,0.0,0.0,0.0,0.0,0.0,0.0,0.0,0.0,0.0,0.0,0.0,0.0,0.0,0.0,0.0,0.0,0.0,0.0,0.0,0.0,0.0,0.0,0.0,0.0,0.0,0.0,0.0,0.0,0.0,0.0,0.0,0.0,0.0,0.0,0.0,0.0,0.0,0.0,0.0,0.0,0.0,0.0,0.0,0.0,0.0,0.0,0.0,0.0,0.0,0.0,0.0,0.0,0.0,0.0,0.0,0.0,0.0,0.0,0.0,0.0,0.0,0.0,0.0,0.0,0.0,0.0,0.0,0.0,0.0,0.0,0.0,0.0,0.0,0.0,0.0,0.0,0.0,0.0,0.0,0.0,0.0,0.0,0.0,0.0,0.0,0.0,0.0,0.0,0.0,0.0,0.0,0.0,0.0,0.0,0.0,0.0,0.0,0.0,0.0,0.0,0.0,0.0,0.0,0.0,0.0,0.0,0.0,0.0,0.0,0.0,0.0,0.0,0.0,0.0,0.0,0.0,0.0,0.0,0.0,0.0,0.0,0.0,0.0,0.0,0.0,0.0,0.0,0.0,0.0,0.0,0.0,0.0,0.0,0.0,0.0,0.0,0.0,0.0,0.0,0.0,0.0,0.0,0.0,0.0,0.0,0.0,0.0,0.0,0.0
SRR12478656,0.819787635,0.016440078,0.000132315,0.0,0.001422381,9.92e-05,0.0,0.0,0.126426516,0.000760808,6.62e-05,3.31e-05,0.002183189,0.00023155,3.31e-05,0.000330786,0.000132315,3.31e-05,3.31e-05,0.001124673,0.0,0.000430022,0.000363865,0.002348583,6.62e-05,0.0,0.0,6.62e-05,0.001157752,0.0,0.0,0.003969435,0.0125368,0.000198472,0.00095928,0.000330786,0.0,0.0,0.0,3.31e-05,0.0,0.0,3.31e-05,0.0,0.0,0.0,0.003307863,0.0,0.0,3.31e-05,0.0,0.0,0.0,9.92e-05,0.0,3.31e-05,0.0,0.0,0.0,0.0,3.31e-05,0.0,0.0,3.31e-05,0.0,0.0,0.0,9.92e-05,0.000264629,3.31e-05,0.0,0.0,0.0,0.0,3.31e-05,0.0,0.0,0.0,0.0,0.0,0.000463101,0.0,0.0,0.000297708,0.0,0.0,0.0,9.92e-05,0.0,0.0,3.31e-05,0.000132315,3.31e-05,0.0,6.62e-05,0.0,3.31e-05,3.31e-05,0.0,3.31e-05,0.0,0.0,0.0,0.0,0.0,0.0,0.0,6.62e-05,0.0,0.000264629,0.000363865,0.0,0.0,0.000165393,6.62e-05,6.62e-05,0.0,0.0,3.31e-05,0.0,3.31e-05,0.0,9.92e-05,3.31e-05,3.31e-05,0.0,0.0,0.0,0.0,0.0,0.0,3.31e-05,3.31e-05,0.0,6.62e-05,9.92e-05,0.0,0.0,0.0,0.0,0.0,0.000198472,0.0,3.31e-05,0.0,6.62e-05,0.0,0.0,0.0,0.0,3.31e-05,0.0,0.0,0.0,0.0,3.31e-05,0.0,0.0,0.0,9.92e-05,0.0,0.0,0.0,0.0,0.0,0.0,0.0,0.0,0.0,3.31e-05,0.0,0.0,6.62e-05,0.0,0.0,0.0,0.0,0.0,0.0,0.0,3.31e-05,3.31e-05,3.31e-05,0.0,0.0,3.31e-05,9.92e-05,6.62e-05,0.0,0.0,0.0,0.0,0.0,0.0,0.0,0.0,0.0,0.0,0.0,0.0,0.0,0.0,0.0,0.0,3.31e-05,0.0,0.0,0.0,0.0,0.0,0.0,0.0,0.0,0.0,0.0,0.0,0.0,6.62e-05,0.0,0.000132315,3.31e-05,0.0,0.00023155,3.31e-05,3.31e-05,0.0,0.0,0.0,0.0,0.0,0.0,0.0,0.0,0.0,0.0,0.0,0.0,0.0,0.0,0.0,0.0,0.0,0.0,0.0,0.0,0.0,3.31e-05,0.0,0.0,0.0,0.0,0.0,0.0,0.0,0.0,0.0,0.0,0.0,0.0,0.0,0.0,0.0,0.0,0.0,0.0,0.0,0.0,0.0,0.0,0.0,0.0,0.0,0.0,0.0,0.0,0.0,0.0,0.0,0.0,0.0,0.0,0.0,0.0,0.0,0.0,0.0,0.0,0.0,0.0,0.0,0.0,0.0,0.0,0.0,0.0,0.0,0.0,0.0,0.0,0.0,0.0,0.0,0.0,3.31e-05,0.0,0.0,0.0,0.0,0.0,0.0,0.0,0.0,0.0,0.0,0.0,0.0,0.0,0.0,0.0,0.0,0.0,0.0,0.0,0.0,0.0,0.0,0.0,0.0,0.0,0.0,0.0,0.0,0.0,3.31e-05,0.0,0.0,0.0,0.0,0.0,0.0,0.0,0.0,0.0,3.31e-05,0.0,0.0,0.0,0.0,0.0,0.0,0.0,0.0,0.0,0.0,0.0,0.0,0.0,0.0,0.0,0.0,0.0,0.0,0.0,0.0,0.0,0.0,0.0,0.0,0.0,0.0,0.0,0.0,0.0,0.0,0.0,0.0,0.0,0.0,0.0,0.0,0.0,0.0,0.0,0.0,0.0,0.0,0.0,0.0,0.0,0.0,0.0,0.0,0.0,0.0,0.0,0.0,0.0,0.0,0.0,0.0,0.0,0.0,0.0,0.0,0.0,0.0,0.0,0.0,0.0,0.0,0.0,0.0,0.0,0.0,0.0,0.0,0.0,0.0,0.0,0.0,0.0,0.0,0.0,0.0,0.0,0.0,0.0,0.0,0.0,0.0,0.0,0.0,3.31e-05,0.0,0.0,0.0,0.0,0.0,0.0,0.0,0.0,0.0,0.0,0.0,0.0,0.0,0.0,0.0,0.0,0.0,0.0,0.0,0.0,0.0,0.0,0.0,0.0,0.0,0.0,0.0,0.0,0.0,0.0,0.0,0.0,0.0,0.0,0.0,0.0,0.0,0.0,0.0,0.0,0.0,0.0,0.0,0.0,0.0,0.0,0.0,0.0,0.0,0.0,0.0,0.0,0.0,0.0,0.0,0.0,0.0,0.0,0.0,0.0,0.0,0.0,0.0,0.0,0.0,0.0,0.0,0.0,0.0,0.0,0.0,0.0,0.0,0.0,0.0,0.0,0.0,0.0,0.0,0.0,0.0,0.0,0.0,0.0,0.0,0.0,0.0,0.0,0.0,0.0,0.0,0.0,0.0,0.0,0.0,0.0,0.0,0.0,0.0,0.0,0.0,0.0,0.0,0.0,0.0,0.0,0.0,0.0,0.0,0.0,0.0,0.0,0.0,0.0,0.0,0.0,0.0,0.0,0.0,0.0,0.0,0.0,0.0,0.0,0.0,0.0,0.0,0.0,0.0,0.0,0.0,0.0,0.0,0.0,0.0,0.0,0.0,0.0,0.0,0.0,0.0,0.0,0.0,0.0,0.0,0.0,0.0,0.0,0.0,0.0,0.0,0.0,0.0,0.0,0.0,0.0,0.0,0.0,0.0,0.0,0.0,0.0,0.0,0.0,0.0,0.0,0.0,0.0,0.0,0.0,0.0,0.0,0.0,0.0,0.0,0.0,0.0,0.0,0.0,0.0,0.0,0.0,0.0,0.0,0.0,0.0,0.0,0.0,0.0,0.0,0.0,0.0,0.0,0.0,0.0,0.0,0.0,0.0,0.0,0.0,0.0,0.0,0.0,0.0,0.0,0.0,0.0,0.0,0.0,0.0,0.0,0.0,0.0,0.0,0.0,0.0,0.0,0.0,0.0,0.0,0.0,0.0,0.0,0.0,0.0,0.0,0.0,0.0,0.0,0.0,0.0,0.0,0.0,0.0,0.0,0.0,0.0,0.0,0.0,0.0,0.0,0.0,0.0,0.0,0.0,0.0
SRR12478657,0.013048797,0.818404241,0.0005437,0.0,0.0,0.000135925,0.0005437,0.0,0.003126274,0.000135925,0.0,0.000407775,0.000679625,0.0,0.000135925,0.001223325,0.0,0.0,0.0,0.011281772,0.0,0.000951475,0.000135925,0.004077749,0.00027185,0.0,0.0,0.0,0.001223325,0.00027185,0.0,0.000135925,0.0,0.00027185,0.001223325,0.001767025,0.0,0.0,0.00027185,0.00027185,0.000135925,0.0,0.0,0.0,0.0,0.0,0.00027185,0.0,0.0,0.0,0.0,0.0,0.0005437,0.000135925,0.0,0.00027185,0.0,0.0,0.0,0.003669974,0.060214761,0.001767025,0.0016311,0.006932173,0.001223325,0.008699198,0.0,0.000407775,0.000135925,0.0,0.000135925,0.0,0.00081555,0.007475873,0.000135925,0.00081555,0.0,0.0,0.0,0.000135925,0.0,0.0,0.00027185,0.000135925,0.000135925,0.007068098,0.0,0.000679625,0.000135925,0.0,0.0,0.00027185,0.000679625,0.0,0.000135925,0.0,0.0,0.0,0.0,0.0,0.000135925,0.0,0.0,0.0,0.0,0.0,0.0,0.000135925,0.0,0.0,0.0,0.0,0.0,0.0,0.0,0.0,0.0,0.0,0.0,0.000135925,0.00027185,0.0,0.000407775,0.0,0.0,0.0,0.000135925,0.000135925,0.003126274,0.002038875,0.0005437,0.0,0.0,0.0,0.0,0.0,0.0,0.0005437,0.000135925,0.0,0.0,0.000407775,0.0,0.0005437,0.0,0.0,0.0,0.0,0.0,0.0,0.0,0.0,0.00027185,0.0,0.0,0.0,0.0,0.0,0.0,0.0,0.000135925,0.0,0.0,0.0,0.0,0.0,0.0,0.0,0.0,0.0,0.0,0.000135925,0.0,0.0,0.000679625,0.0,0.0,0.000135925,0.0,0.0,0.0,0.0,0.0,0.0,0.0,0.0,0.000135925,0.000135925,0.0,0.0,0.000135925,0.0,0.0,0.0,0.0,0.000135925,0.0,0.000135925,0.000135925,0.001767025,0.0,0.0,0.0,0.0,0.000135925,0.0,0.0,0.0,0.0,0.0,0.0,0.0,0.0,0.0,0.0,0.00027185,0.0,0.0,0.0,0.0,0.0,0.0,0.0,0.0,0.001223325,0.0,0.0,0.0,0.0,0.00027185,0.000407775,0.002718499,0.00135925,0.0,0.000135925,0.000679625,0.0,0.0,0.0,0.0,0.0,0.0,0.0,0.0,0.0,0.0,0.0,0.0,0.0,0.0,0.0,0.0,0.000135925,0.0,0.0,0.0,0.000135925,0.0,0.0,0.0,0.0,0.0,0.0,0.0,0.0,0.0,0.0,0.0,0.0,0.000135925,0.0,0.0,0.000135925,0.0,0.0,0.000407775,0.0,0.0,0.0,0.0,0.0,0.0,0.0,0.0,0.00081555,0.003398124,0.0,0.00027185,0.0,0.000135925,0.0,0.0,0.000951475,0.00027185,0.0,0.0,0.0,0.0,0.0,0.0,0.0,0.0,0.0,0.0,0.0,0.0,0.0,0.0,0.0,0.0,0.0,0.0,0.0,0.0,0.0,0.0,0.0,0.000135925,0.0,0.0,0.0,0.0,0.0,0.000135925,0.0,0.0,0.0,0.000135925,0.0,0.0,0.0,0.0,0.0,0.0,0.0,0.00027185,0.00027185,0.0,0.0,0.00027185,0.0,0.0,0.000135925,0.0,0.000135925,0.0,0.0,0.0,0.0,0.0,0.0,0.0,0.0,0.000135925,0.0,0.00135925,0.000135925,0.0,0.0005437,0.0,0.00027185,0.0,0.0,0.0,0.0,0.0,0.0,0.0,0.0,0.000135925,0.0,0.0,0.0,0.0,0.0,0.0,0.0,0.000135925,0.0,0.0,0.0,0.0,0.0,0.0,0.0,0.0,0.0,0.00081555,0.0,0.000135925,0.0,0.0,0.0,0.0,0.000135925,0.0,0.000135925,0.000135925,0.0,0.0,0.0,0.0,0.0,0.0,0.0,0.0,0.0,0.0,0.0,0.0,0.0,0.0,0.0,0.0,0.0,0.0,0.0,0.0,0.0,0.0,0.0,0.0,0.000135925,0.0,0.0,0.0,0.000135925,0.0,0.0,0.0,0.0,0.0,0.0,0.0,0.0,0.0,0.0,0.000135925,0.000135925,0.000135925,0.000135925,0.000407775,0.0005437,0.000135925,0.00027185,0.0,0.0,0.0,0.0,0.0,0.0,0.0,0.0,0.0,0.0,0.0,0.0,0.0,0.0,0.0,0.0,0.0,0.0,0.0,0.0,0.0,0.0,0.0,0.0,0.0,0.0,0.0,0.0,0.0,0.0,0.0,0.0,0.0,0.0,0.0,0.0,0.0,0.0,0.0,0.0,0.0,0.0,0.0,0.0,0.0,0.0,0.0,0.0,0.0,0.0,0.0,0.0,0.0,0.0,0.0,0.0,0.0,0.0,0.0,0.0,0.0,0.0,0.0,0.0,0.0,0.0,0.0,0.0,0.0,0.0,0.0,0.0,0.0,0.0,0.0,0.0,0.0,0.0,0.0,0.0,0.0,0.0,0.0,0.0,0.0,0.0,0.0,0.0,0.0,0.0,0.0,0.0,0.0,0.0,0.0,0.0,0.0,0.0,0.0,0.0,0.0,0.0,0.0,0.0,0.0,0.0,0.0,0.0,0.0,0.0,0.0,0.0,0.0,0.0,0.0,0.0,0.0,0.0,0.0,0.0,0.0,0.0,0.0,0.0,0.0,0.0,0.0,0.0,0.0,0.0,0.0,0.0,0.0,0.0,0.0,0.0,0.0,0.0,0.0,0.0,0.0,0.0,0.0,0.0,0.0,0.0,0.0,0.0,0.0,0.0,0.0,0.0,0.0,0.0,0.0,0.0,0.0,0.0,0.0,0.0,0.0,0.0,0.0,0.0,0.0,0.0,0.0,0.0,0.0,0.0,0.0,0.0,0.0,0.0,0.0,0.0,0.0,0.0,0.0,0.0,0.0,0.0,0.0,0.0,0.0,0.0,0.0,0.0,0.0,0.0,0.0,0.0,0.0,0.0,0.0,0.0,0.0,0.0,0.0,0.0,0.0,0.0,0.0,0.0,0.0,0.0,0.0,0.0,0.0,0.0,0.0,0.0,0.0,0.0,0.0,0.0,0.0,0.0,0.0,0.0,0.0,0.0,0.0,0.0,0.0,0.0,0.0,0.0,0.0,0.0,0.0,0.0,0.0,0.0
SRR12478659,0.037013997,0.00933126,0.004354588,0.0,0.000311042,0.0,0.0,0.0,0.005909798,0.000933126,0.000622084,0.0,0.002177294,0.0,0.0,0.002799378,0.0,0.0,0.0,0.0,0.000311042,0.000933126,0.0,0.003421462,0.0,0.0,0.0,0.0,0.001244168,0.000311042,0.0,0.001244168,0.002177294,0.0,0.017107309,0.00622084,0.0,0.000311042,0.011819596,0.000311042,0.000622084,0.0,0.0,0.0,0.000622084,0.0,0.0,0.0,0.0,0.000311042,0.0,0.0,0.000622084,0.0,0.0,0.0,0.0,0.0,0.0,0.098911353,0.246656299,0.1437014,0.00622084,0.019284603,0.011197512,0.055987558,0.000622084,0.000311042,0.000311042,0.0,0.0,0.0,0.00777605,0.00622084,0.000311042,0.001244168,0.000933126,0.0,0.0,0.0,0.0,0.0,0.0,0.000311042,0.0,0.004043546,0.0,0.0,0.0,0.0,0.0,0.000311042,0.0,0.000311042,0.0,0.0,0.0,0.0,0.0,0.0,0.0,0.0,0.0,0.0,0.0,0.0,0.0,0.0,0.0,0.000311042,0.0,0.0,0.0,0.008709176,0.001244168,0.0,0.0,0.0,0.0,0.000311042,0.0,0.0,0.000311042,0.0,0.0,0.0,0.0,0.000311042,0.078693624,0.004976672,0.001866252,0.0,0.0,0.0,0.0,0.0,0.0,0.000622084,0.0,0.0,0.000311042,0.002488336,0.0,0.000311042,0.0,0.000311042,0.0,0.0,0.0,0.0,0.0,0.0,0.000311042,0.0,0.0,0.0,0.0,0.003732504,0.0,0.0,0.0,0.0,0.0,0.0,0.000933126,0.0,0.0,0.000622084,0.0,0.0,0.0,0.0,0.0,0.0,0.0,0.0,0.0,0.0,0.0,0.0,0.0,0.0,0.00155521,0.0,0.0,0.0,0.0,0.0,0.0,0.0,0.0,0.0,0.0,0.0,0.0,0.0,0.0,0.000622084,0.000933126,0.040435459,0.000622084,0.0,0.0,0.0,0.0,0.0,0.000933126,0.0,0.0,0.0,0.0,0.0,0.0,0.0,0.0,0.000622084,0.0,0.0,0.0,0.0,0.0,0.0,0.0,0.0,0.0,0.0,0.0,0.0,0.0,0.00777605,0.001244168,0.028615863,0.004976672,0.0,0.0,0.000622084,0.0,0.0,0.0,0.0,0.0,0.0,0.0,0.0,0.0,0.0,0.0,0.0,0.0,0.0,0.0,0.0,0.0,0.0,0.0,0.0,0.0,0.0,0.0,0.0,0.0,0.0,0.0,0.000311042,0.0,0.0,0.0,0.0,0.0,0.0,0.0,0.0,0.0,0.0,0.0,0.0,0.0,0.0,0.0,0.0,0.0,0.0,0.0,0.0,0.033592535,0.026749611,0.0,0.0,0.0,0.000311042,0.000933126,0.0,0.000311042,0.0,0.0,0.0,0.0,0.0,0.0,0.0,0.0,0.0,0.0,0.0,0.0,0.0,0.000933126,0.0,0.0,0.0,0.0,0.0,0.0,0.0,0.0,0.0,0.0,0.0,0.0,0.0,0.0,0.0,0.0,0.0,0.0,0.0,0.0,0.000933126,0.0,0.0,0.0,0.0,0.0,0.0,0.0,0.004976672,0.000311042,0.0,0.0,0.0,0.0,0.0,0.0,0.0,0.0,0.0,0.0,0.0,0.0,0.0,0.0,0.0,0.0,0.0,0.0,0.003732504,0.001866252,0.00155521,0.001244168,0.0,0.0,0.000622084,0.000311042,0.0,0.0,0.0,0.0,0.0,0.0,0.0,0.0,0.0,0.000311042,0.0,0.0,0.0,0.0,0.0,0.0,0.0,0.0,0.0,0.0,0.0,0.0,0.0,0.0,0.000311042,0.0,0.0,0.0,0.0,0.0,0.0,0.0,0.0,0.0,0.0,0.0,0.0,0.0,0.0,0.0,0.0,0.0,0.0,0.0,0.0,0.0,0.0,0.0,0.0,0.0,0.0,0.0,0.0,0.0,0.0,0.0,0.0,0.0,0.0,0.0,0.0,0.0,0.000622084,0.000311042,0.0,0.0,0.000311042,0.0,0.0,0.0,0.0,0.0,0.0,0.0,0.0,0.0,0.000622084,0.0,0.0,0.0,0.0,0.0,0.0,0.000622084,0.002177294,0.002799378,0.000311042,0.000311042,0.00155521,0.0,0.0,0.0,0.0,0.0,0.0,0.0,0.0,0.0,0.0,0.0,0.0,0.0,0.0,0.0,0.0,0.0,0.0,0.0,0.0,0.0,0.0,0.0,0.0,0.0,0.0,0.0,0.0,0.0,0.0,0.0,0.0,0.0,0.0,0.0,0.0,0.0,0.0,0.0,0.0,0.0,0.0,0.0,0.0,0.0,0.0,0.0,0.0,0.0,0.0,0.0,0.0,0.0,0.0,0.0,0.0,0.0,0.0,0.0,0.0,0.0,0.0,0.0,0.0,0.0,0.0,0.0,0.0,0.0,0.0,0.0,0.0,0.0,0.0,0.0,0.0,0.0,0.0,0.0,0.0,0.0,0.0,0.0,0.0,0.0,0.0,0.0,0.0,0.0,0.0,0.0,0.0,0.0,0.0,0.0,0.0,0.0,0.0,0.0,0.0,0.0,0.0,0.0,0.0,0.0,0.0,0.0,0.0,0.0,0.0,0.0,0.0,0.0,0.0,0.0,0.0,0.0,0.0,0.0,0.0,0.0,0.0,0.0,0.0,0.0,0.0,0.0,0.0,0.0,0.0,0.0,0.0,0.0,0.0,0.0,0.0,0.0,0.0,0.0,0.0,0.0,0.0,0.0,0.0,0.0,0.0,0.0,0.0,0.0,0.0,0.0,0.0,0.0,0.0,0.0,0.0,0.0,0.0,0.0,0.0,0.0,0.0,0.0,0.0,0.0,0.0,0.0,0.0,0.0,0.0,0.0,0.0,0.0,0.0,0.0,0.0,0.0,0.0,0.0,0.0,0.0,0.0,0.0,0.0,0.0,0.0,0.0,0.0,0.0,0.0,0.0,0.0,0.0,0.0,0.0,0.0,0.0,0.0,0.0,0.0,0.0,0.0,0.0,0.0,0.0,0.0,0.0,0.0,0.0,0.0,0.0,0.0,0.0,0.0,0.0,0.0,0.0,0.0,0.0,0.0,0.0,0.0,0.0,0.0,0.0,0.0,0.0
SRR12478660,0.003340517,0.334698276,0.00237069,0.0,0.0,0.0,0.000431034,0.0,0.297844828,0.007219828,0.003663793,0.012068966,0.015086207,0.001616379,0.000431034,0.090409483,0.000646552,0.0,0.001185345,0.000107759,0.001616379,0.02112069,0.016056034,0.123599138,0.000646552,0.0,0.0,0.0,0.005387931,0.000107759,0.0,0.003771552,0.003987069,0.002155172,0.002262931,0.001508621,0.0,0.0,0.0,0.000215517,0.000107759,0.0,0.0,0.0,0.0,0.000107759,0.0,0.0,0.000107759,0.001185345,0.000107759,0.0,0.000107759,0.000107759,0.0,0.000107759,0.0,0.0,0.0,0.000107759,0.00075431,0.000431034,0.0,0.000107759,0.000215517,0.0,0.0,0.0,0.003340517,0.0,0.0,0.0,0.000107759,0.000323276,0.0,0.0,0.0,0.0,0.000323276,0.0,0.00075431,0.0,0.0,0.002478448,0.0,0.0,0.000538793,0.000215517,0.0,0.0,0.0,0.008297414,0.000107759,0.001508621,0.0,0.0,0.001508621,0.0,0.0,0.000215517,0.0,0.000215517,0.000431034,0.0,0.000107759,0.0,0.0,0.0,0.0,0.003556034,0.001508621,0.0,0.000107759,0.000215517,0.0,0.000215517,0.0,0.0,0.000107759,0.000215517,0.004741379,0.0,0.0,0.0,0.000107759,0.0,0.0,0.000107759,0.000323276,0.0,0.0,0.0,0.0,0.000107759,0.0,0.003448276,0.000107759,0.0,0.0,0.0,0.0,0.00075431,0.0,0.000107759,0.0,0.0,0.0,0.0,0.0,0.0,0.0,0.000107759,0.000107759,0.0,0.0,0.0,0.0,0.0,0.0,0.0,0.0,0.0,0.0,0.0,0.0,0.0,0.0,0.000107759,0.0,0.000107759,0.0,0.0,0.000969828,0.0,0.0,0.0,0.0,0.0,0.0,0.0,0.0,0.0,0.0,0.0,0.0,0.0,0.0,0.000107759,0.0,0.0,0.0,0.0,0.000107759,0.0,0.0,0.0,0.0,0.0,0.0,0.0,0.0,0.0,0.0,0.0,0.0,0.0,0.0,0.0,0.0,0.0,0.0,0.0,0.0,0.0,0.0,0.000107759,0.0,0.0,0.0,0.0,0.0,0.0,0.0,0.0,0.0,0.0,0.0,0.0,0.0,0.0,0.0,0.0,0.000107759,0.0,0.0,0.0,0.000107759,0.0,0.0,0.0,0.0,0.0,0.0,0.0,0.0,0.0,0.0,0.0,0.0,0.0,0.0,0.0,0.0,0.0,0.0,0.0,0.0,0.0,0.0,0.0,0.0,0.0,0.000107759,0.0,0.0,0.0,0.0,0.0,0.0,0.000107759,0.0,0.0,0.0,0.0,0.0,0.0,0.0,0.0,0.0,0.0,0.0,0.0,0.0,0.0,0.0,0.000215517,0.0,0.0,0.0,0.0,0.0,0.0,0.0,0.0,0.0,0.0,0.0,0.0,0.0,0.0,0.0,0.0,0.0,0.0,0.0,0.0,0.0,0.0,0.0,0.0,0.0,0.0,0.0,0.0,0.0,0.0,0.000107759,0.0,0.0,0.0,0.0,0.0,0.0,0.0,0.0,0.0,0.0,0.0,0.0,0.0,0.0,0.0,0.0,0.0,0.0,0.0,0.0,0.0,0.0,0.0,0.0,0.0,0.0,0.0,0.0,0.0,0.0,0.000107759,0.0,0.0,0.0,0.0,0.0,0.0,0.0,0.0,0.0,0.0,0.0,0.0,0.0,0.0,0.0,0.0,0.0,0.0,0.0,0.0,0.0,0.0,0.0,0.0,0.0,0.0,0.0,0.0,0.0,0.0,0.0,0.000323276,0.0,0.0,0.0,0.0,0.0,0.0,0.0,0.0,0.0,0.0,0.0,0.0,0.0,0.0,0.0,0.0,0.0,0.0,0.0,0.0,0.0,0.0,0.0,0.0,0.0,0.0,0.0,0.0,0.0,0.0,0.0,0.003771552,0.0,0.0,0.0,0.0,0.0,0.0,0.0,0.0,0.0,0.0,0.0,0.0,0.0,0.0,0.0,0.0,0.0,0.0,0.0,0.0,0.0,0.0,0.0,0.0,0.0,0.0,0.0,0.0,0.0,0.0,0.0,0.0,0.0,0.0,0.0,0.0,0.0,0.0,0.0,0.0,0.0,0.0,0.0,0.0,0.0,0.0,0.0,0.0,0.0,0.0,0.0,0.0,0.0,0.0,0.0,0.0,0.0,0.0,0.0,0.0,0.0,0.0,0.0,0.0,0.0,0.0,0.0,0.0,0.0,0.0,0.0,0.0,0.0,0.0,0.0,0.0,0.0,0.0,0.0,0.0,0.0,0.0,0.0,0.0,0.0,0.0,0.0,0.0,0.0,0.0,0.0,0.0,0.0,0.0,0.0,0.0,0.0,0.0,0.0,0.0,0.0,0.0,0.0,0.0,0.0,0.0,0.0,0.0,0.0,0.0,0.0,0.0,0.0,0.0,0.0,0.0,0.0,0.0,0.0,0.0,0.0,0.0,0.0,0.0,0.0,0.0,0.0,0.0,0.0,0.0,0.0,0.0,0.0,0.0,0.0,0.0,0.0,0.0,0.0,0.0,0.0,0.0,0.0,0.0,0.0,0.0,0.0,0.0,0.0,0.0,0.0,0.0,0.0,0.0,0.0,0.0,0.0,0.0,0.0,0.0,0.0,0.0,0.0,0.0,0.0,0.0,0.0,0.0,0.0,0.0,0.0,0.0,0.0,0.0,0.0,0.0,0.0,0.0,0.0,0.0,0.0,0.0,0.0,0.0,0.0,0.0,0.0,0.0,0.0,0.0,0.0,0.0,0.0,0.0,0.0,0.0,0.0,0.0,0.0,0.0,0.0,0.0,0.0,0.0,0.0,0.0,0.0,0.0,0.0,0.0,0.0,0.0,0.0,0.0,0.0,0.0,0.0,0.0,0.0,0.0,0.0,0.0,0.0,0.0,0.0,0.0,0.0,0.0,0.0,0.0,0.0,0.0,0.0,0.0,0.0,0.0,0.0,0.0,0.0,0.0,0.0,0.0,0.0,0.0,0.0,0.0,0.0,0.0,0.0,0.0,0.0,0.0,0.0,0.0,0.0,0.0,0.0,0.0,0.0,0.0,0.0,0.0,0.0,0.0,0.0,0.0,0.0
SRR12478661,0.137615323,0.090469008,0.008559301,0.0,0.002525695,0.0,0.000105237,0.0,0.376258463,0.061669064,0.017329077,0.008418985,0.019258428,0.022871575,0.000526187,0.004946154,0.003823622,0.000526187,0.004349809,0.000666503,0.000526187,0.015224331,0.003157119,0.045076648,0.000315712,0.000666503,0.0,0.003262357,0.037429403,0.000631424,0.0,0.012488161,0.017329077,0.001789034,0.019995089,0.000876978,0.000210475,0.0,7.02e-05,7.02e-05,3.51e-05,0.0,0.000806819,0.0,0.0,0.000175396,0.007506928,0.001438243,0.000105237,0.002490616,0.0,3.51e-05,3.51e-05,0.00038587,0.000315712,0.006840425,0.0,0.0,0.0,0.000280633,0.001753955,0.000806819,7.02e-05,0.000105237,3.51e-05,0.000245554,0.0,3.51e-05,0.00077174,3.51e-05,0.0,0.0,0.0,0.000140316,0.0,3.51e-05,0.0,3.51e-05,0.0047006,3.51e-05,3.51e-05,7.02e-05,7.02e-05,0.005963448,0.0,0.0,0.003297436,0.000105237,3.51e-05,0.0,0.0,0.001333006,0.000140316,0.000210475,0.000456028,0.000140316,0.000806819,0.0,0.0,0.000350791,0.000245554,0.004630442,0.000175396,0.001648718,0.001052373,0.0,0.000456028,0.0,0.0,0.001122531,0.00038587,3.51e-05,0.00392886,0.000912057,0.0,0.001403164,3.51e-05,0.0,0.000105237,3.51e-05,3.51e-05,0.0,0.000561266,3.51e-05,7.02e-05,0.0,3.51e-05,3.51e-05,0.000666503,0.000105237,7.02e-05,0.0,0.000175396,0.000210475,7.02e-05,0.0,0.000105237,0.0,3.51e-05,3.51e-05,0.0,0.001227769,0.000280633,0.0,0.0,0.002209984,0.001683797,0.0,0.0,0.0,7.02e-05,0.0,3.51e-05,0.000140316,0.0,0.000350791,3.51e-05,0.000947136,0.0,0.0,0.0,0.0,0.0,7.02e-05,0.0,0.000350791,0.0,0.0,0.0,7.02e-05,0.0,0.0,0.000315712,0.0,0.0,0.0,0.0,0.0,3.51e-05,0.0,0.0,0.0,0.0,0.0,0.0,0.0,0.0,0.000350791,0.0,3.51e-05,3.51e-05,0.0,0.0,3.51e-05,0.0,0.0,0.0,0.0,0.0,0.000315712,0.0,0.0,0.0,0.0,0.000806819,0.0,0.000806819,0.0,3.51e-05,0.0,0.0,0.000105237,3.51e-05,0.0,0.0,0.000175396,0.0,0.0,3.51e-05,0.0,0.0,0.0,3.51e-05,0.0,0.0,0.0,0.000210475,3.51e-05,0.0,0.0,0.004419967,0.000350791,0.0,0.002245063,0.0,7.02e-05,0.0,0.0,0.0,0.0,0.0,3.51e-05,0.0,0.0,0.0,0.0,3.51e-05,7.02e-05,0.0,0.0,0.0,0.0,0.000140316,0.0,0.0,0.0,0.0,0.0,0.0,0.0,0.0,0.0,0.0,3.51e-05,0.0,0.0,0.0,0.0,0.0,3.51e-05,0.0,0.0,0.0,3.51e-05,0.0,0.0,3.51e-05,3.51e-05,0.0,0.0,3.51e-05,0.0,0.0,7.02e-05,0.000210475,7.02e-05,0.0,0.0,0.0,0.0,0.0,0.0,0.0,0.000315712,0.0,0.0,0.0,0.0,0.0,0.0,0.0,0.0,0.0,3.51e-05,0.000210475,3.51e-05,0.0,0.0,0.0,0.0,0.0,0.0,0.0,0.0,0.0,0.0,3.51e-05,0.0,0.0,0.0,3.51e-05,0.0,0.0,0.0,0.0,0.0,0.0,3.51e-05,0.0,0.0,0.0,0.0,0.0,0.0,3.51e-05,3.51e-05,0.0,0.0,0.0,0.0,0.0,0.0,0.0,0.0,0.0,0.0,0.0,0.0,0.0,0.0,0.0,0.0,0.0,0.0,0.0,0.0,3.51e-05,0.0,0.0,0.0,0.0,0.0,0.0,0.0,0.0,0.0,0.0,0.0,0.0,0.0,0.0,0.0,0.0,3.51e-05,0.0,0.0,0.0,0.0,0.0,0.0,0.0,0.0,0.0,0.0,0.0,0.0,0.0,0.0,0.0,0.0,3.51e-05,0.0,0.0,0.0,0.0,0.0,0.0,0.0,0.0,0.0,0.0,0.0,0.0,3.51e-05,0.0,0.0,0.0,0.0,0.0,0.0,0.0,0.0,0.0,0.0,0.0,0.0,0.0,0.0,0.0,0.0,0.0,0.0,0.0,3.51e-05,0.0,0.0,0.0,0.0,0.0,0.0,0.0,0.0,0.0,0.0,0.0,0.0,0.0,0.0,0.0,0.0,0.0,0.0,0.0,0.0,0.0,0.0,0.0,7.02e-05,3.51e-05,0.0,0.0,0.0,3.51e-05,0.000105237,3.51e-05,3.51e-05,7.02e-05,3.51e-05,7.02e-05,3.51e-05,0.0,0.0,0.0,0.0,0.0,0.0,0.0,0.0,0.0,0.0,0.0,0.0,0.0,0.0,0.0,0.0,0.0,0.0,0.0,0.0,0.0,0.0,0.0,0.0,0.0,0.0,0.0,0.0,0.0,0.0,0.0,0.0,0.0,0.0,0.0,0.0,0.0,0.0,0.0,0.0,0.0,0.0,0.0,0.0,0.0,0.0,0.0,0.0,0.0,0.0,0.0,0.0,0.0,0.0,0.0,0.0,0.0,0.0,0.0,0.0,0.0,0.0,0.0,0.0,0.0,0.0,0.0,0.0,0.0,0.0,0.0,0.0,0.0,0.0,0.0,0.0,0.0,0.0,0.0,0.0,0.0,0.0,0.0,0.0,0.0,0.0,0.0,0.0,0.0,0.0,0.0,0.0,0.0,0.0,0.0,0.0,0.0,0.0,0.0,0.0,0.0,0.0,0.0,0.0,0.0,0.0,0.0,0.0,0.0,0.0,0.0,0.0,0.0,0.0,0.0,0.0,0.0,0.0,0.0,0.0,0.0,0.0,0.0,0.0,0.0,0.0,0.0,0.0,0.0,0.0,0.0,0.0,0.0,0.0,0.0,0.0,0.0,0.0,0.0,0.0,0.0,0.0,0.0,0.0,0.0,0.0,0.0,0.0,0.0,0.0,0.0,0.0,0.0,0.0,0.0,0.0,0.0,0.0,0.0,0.0,0.0,0.0,0.0,0.0,0.0,0.0,0.0,0.0,0.0,0.0,0.0,0.0,0.0,0.0,0.0,0.0,0.0,0.0,0.0,0.0,0.0,0.0,0.0,0.0,0.0,0.0,0.0,0.0,0.0,0.0,0.0,0.0,0.0,0.0,0.0,0.0,0.0,0.0,0.0,0.0,0.0,0.0,0.0,0.0,0.0,0.0,0.0,0.0,0.0,0.0,0.0,0.0,0.0,0.0,0.0,0.0,0.0,0.0,0.0
SRR12478664,1.0,0.0,0.0,0.0,0.0,0.0,0.0,0.0,0.0,0.0,0.0,0.0,0.0,0.0,0.0,0.0,0.0,0.0,0.0,0.0,0.0,0.0,0.0,0.0,0.0,0.0,0.0,0.0,0.0,0.0,0.0,0.0,0.0,0.0,0.0,0.0,0.0,0.0,0.0,0.0,0.0,0.0,0.0,0.0,0.0,0.0,0.0,0.0,0.0,0.0,0.0,0.0,0.0,0.0,0.0,0.0,0.0,0.0,0.0,0.0,0.0,0.0,0.0,0.0,0.0,0.0,0.0,0.0,0.0,0.0,0.0,0.0,0.0,0.0,0.0,0.0,0.0,0.0,0.0,0.0,0.0,0.0,0.0,0.0,0.0,0.0,0.0,0.0,0.0,0.0,0.0,0.0,0.0,0.0,0.0,0.0,0.0,0.0,0.0,0.0,0.0,0.0,0.0,0.0,0.0,0.0,0.0,0.0,0.0,0.0,0.0,0.0,0.0,0.0,0.0,0.0,0.0,0.0,0.0,0.0,0.0,0.0,0.0,0.0,0.0,0.0,0.0,0.0,0.0,0.0,0.0,0.0,0.0,0.0,0.0,0.0,0.0,0.0,0.0,0.0,0.0,0.0,0.0,0.0,0.0,0.0,0.0,0.0,0.0,0.0,0.0,0.0,0.0,0.0,0.0,0.0,0.0,0.0,0.0,0.0,0.0,0.0,0.0,0.0,0.0,0.0,0.0,0.0,0.0,0.0,0.0,0.0,0.0,0.0,0.0,0.0,0.0,0.0,0.0,0.0,0.0,0.0,0.0,0.0,0.0,0.0,0.0,0.0,0.0,0.0,0.0,0.0,0.0,0.0,0.0,0.0,0.0,0.0,0.0,0.0,0.0,0.0,0.0,0.0,0.0,0.0,0.0,0.0,0.0,0.0,0.0,0.0,0.0,0.0,0.0,0.0,0.0,0.0,0.0,0.0,0.0,0.0,0.0,0.0,0.0,0.0,0.0,0.0,0.0,0.0,0.0,0.0,0.0,0.0,0.0,0.0,0.0,0.0,0.0,0.0,0.0,0.0,0.0,0.0,0.0,0.0,0.0,0.0,0.0,0.0,0.0,0.0,0.0,0.0,0.0,0.0,0.0,0.0,0.0,0.0,0.0,0.0,0.0,0.0,0.0,0.0,0.0,0.0,0.0,0.0,0.0,0.0,0.0,0.0,0.0,0.0,0.0,0.0,0.0,0.0,0.0,0.0,0.0,0.0,0.0,0.0,0.0,0.0,0.0,0.0,0.0,0.0,0.0,0.0,0.0,0.0,0.0,0.0,0.0,0.0,0.0,0.0,0.0,0.0,0.0,0.0,0.0,0.0,0.0,0.0,0.0,0.0,0.0,0.0,0.0,0.0,0.0,0.0,0.0,0.0,0.0,0.0,0.0,0.0,0.0,0.0,0.0,0.0,0.0,0.0,0.0,0.0,0.0,0.0,0.0,0.0,0.0,0.0,0.0,0.0,0.0,0.0,0.0,0.0,0.0,0.0,0.0,0.0,0.0,0.0,0.0,0.0,0.0,0.0,0.0,0.0,0.0,0.0,0.0,0.0,0.0,0.0,0.0,0.0,0.0,0.0,0.0,0.0,0.0,0.0,0.0,0.0,0.0,0.0,0.0,0.0,0.0,0.0,0.0,0.0,0.0,0.0,0.0,0.0,0.0,0.0,0.0,0.0,0.0,0.0,0.0,0.0,0.0,0.0,0.0,0.0,0.0,0.0,0.0,0.0,0.0,0.0,0.0,0.0,0.0,0.0,0.0,0.0,0.0,0.0,0.0,0.0,0.0,0.0,0.0,0.0,0.0,0.0,0.0,0.0,0.0,0.0,0.0,0.0,0.0,0.0,0.0,0.0,0.0,0.0,0.0,0.0,0.0,0.0,0.0,0.0,0.0,0.0,0.0,0.0,0.0,0.0,0.0,0.0,0.0,0.0,0.0,0.0,0.0,0.0,0.0,0.0,0.0,0.0,0.0,0.0,0.0,0.0,0.0,0.0,0.0,0.0,0.0,0.0,0.0,0.0,0.0,0.0,0.0,0.0,0.0,0.0,0.0,0.0,0.0,0.0,0.0,0.0,0.0,0.0,0.0,0.0,0.0,0.0,0.0,0.0,0.0,0.0,0.0,0.0,0.0,0.0,0.0,0.0,0.0,0.0,0.0,0.0,0.0,0.0,0.0,0.0,0.0,0.0,0.0,0.0,0.0,0.0,0.0,0.0,0.0,0.0,0.0,0.0,0.0,0.0,0.0,0.0,0.0,0.0,0.0,0.0,0.0,0.0,0.0,0.0,0.0,0.0,0.0,0.0,0.0,0.0,0.0,0.0,0.0,0.0,0.0,0.0,0.0,0.0,0.0,0.0,0.0,0.0,0.0,0.0,0.0,0.0,0.0,0.0,0.0,0.0,0.0,0.0,0.0,0.0,0.0,0.0,0.0,0.0,0.0,0.0,0.0,0.0,0.0,0.0,0.0,0.0,0.0,0.0,0.0,0.0,0.0,0.0,0.0,0.0,0.0,0.0,0.0,0.0,0.0,0.0,0.0,0.0,0.0,0.0,0.0,0.0,0.0,0.0,0.0,0.0,0.0,0.0,0.0,0.0,0.0,0.0,0.0,0.0,0.0,0.0,0.0,0.0,0.0,0.0,0.0,0.0,0.0,0.0,0.0,0.0,0.0,0.0,0.0,0.0,0.0,0.0,0.0,0.0,0.0,0.0,0.0,0.0,0.0,0.0,0.0,0.0,0.0,0.0,0.0,0.0,0.0,0.0,0.0,0.0,0.0,0.0,0.0,0.0,0.0,0.0,0.0,0.0,0.0,0.0,0.0,0.0,0.0,0.0,0.0,0.0,0.0,0.0,0.0,0.0,0.0,0.0,0.0,0.0,0.0,0.0,0.0,0.0,0.0,0.0,0.0,0.0,0.0,0.0,0.0,0.0,0.0,0.0,0.0,0.0,0.0,0.0,0.0
SRR12478669,0.117647059,0.088235294,0.0,0.0,0.0,0.0,0.0,0.0,0.044117647,0.0,0.0,0.0,0.0,0.0,0.0,0.0,0.0,0.0,0.0,0.0,0.0,0.0,0.0,0.0,0.014705882,0.0,0.0,0.0,0.014705882,0.0,0.0,0.014705882,0.0,0.0,0.0,0.0,0.0,0.0,0.0,0.0,0.0,0.0,0.0,0.0,0.0,0.0,0.0,0.0,0.0,0.0,0.0,0.0,0.0,0.0,0.0,0.0,0.0,0.0,0.0,0.0,0.0,0.0,0.0,0.0,0.0,0.0,0.0,0.0,0.0,0.0,0.0,0.0,0.029411765,0.058823529,0.0,0.0,0.0,0.0,0.0,0.0,0.0,0.0,0.0,0.0,0.0,0.426470588,0.0,0.0,0.0,0.0,0.0,0.029411765,0.0,0.0,0.0,0.0,0.0,0.0,0.0,0.0,0.0,0.0,0.0,0.0,0.0,0.0,0.0,0.0,0.0,0.0,0.014705882,0.0,0.0,0.0,0.0,0.0,0.0,0.0,0.0,0.0,0.0,0.0,0.0,0.0,0.0,0.0,0.0,0.0,0.0,0.0,0.0,0.0,0.0,0.0,0.0,0.0,0.0,0.0,0.0,0.0,0.0,0.0,0.0,0.0,0.0,0.0,0.0,0.0,0.0,0.0,0.0,0.0,0.0,0.0,0.0,0.0,0.0,0.0,0.0,0.0,0.0,0.0,0.0,0.0,0.0,0.0,0.0,0.0,0.0,0.0,0.0,0.0,0.0,0.0,0.073529412,0.0,0.0,0.0,0.0,0.0,0.0,0.0,0.0,0.0,0.0,0.0,0.0,0.0,0.0,0.0,0.0,0.0,0.0,0.0,0.0,0.0,0.0,0.0,0.0,0.0,0.0,0.0,0.0,0.0,0.0,0.0,0.0,0.0,0.0,0.0,0.0,0.0,0.0,0.0,0.0,0.0,0.0,0.0,0.0,0.0,0.0,0.0,0.0,0.0,0.014705882,0.0,0.0,0.0,0.0,0.0,0.0,0.0,0.0,0.0,0.0,0.0,0.0,0.0,0.0,0.0,0.0,0.0,0.0,0.0,0.0,0.0,0.0,0.0,0.0,0.0,0.0,0.0,0.0,0.0,0.0,0.0,0.0,0.0,0.0,0.0,0.0,0.0,0.0,0.0,0.0,0.0,0.0,0.0,0.0,0.0,0.0,0.0,0.0,0.0,0.0,0.0,0.0,0.0,0.0,0.0,0.0,0.0,0.0,0.0,0.0,0.0,0.0,0.0,0.0,0.0,0.0,0.0,0.0,0.0,0.0,0.0,0.0,0.0,0.0,0.0,0.0,0.0,0.0,0.0,0.0,0.0,0.0,0.0,0.0,0.0,0.0,0.0,0.0,0.0,0.0,0.0,0.0,0.0,0.0,0.0,0.0,0.0,0.0,0.0,0.0,0.0,0.0,0.0,0.0,0.0,0.0,0.0,0.0,0.0,0.0,0.0,0.0,0.0,0.0,0.0,0.0,0.0,0.0,0.0,0.0,0.0,0.014705882,0.0,0.0,0.0,0.0,0.0,0.0,0.0,0.0,0.0,0.0,0.0,0.0,0.0,0.0,0.0,0.0,0.0,0.0,0.0,0.0,0.0,0.0,0.0,0.0,0.0,0.0,0.0,0.0,0.0,0.0,0.0,0.0,0.0,0.0,0.0,0.0,0.0,0.0,0.0,0.0,0.0,0.0,0.0,0.0,0.0,0.0,0.0,0.0,0.0,0.0,0.0,0.0,0.0,0.0,0.0,0.0,0.0,0.0,0.0,0.0,0.0,0.0,0.0,0.0,0.0,0.0,0.0,0.0,0.0,0.0,0.0,0.0,0.0,0.0,0.0,0.0,0.0,0.0,0.0,0.0,0.0,0.0,0.0,0.0,0.0,0.0,0.0,0.0,0.0,0.0,0.0,0.0,0.0,0.0,0.0,0.0,0.0,0.0,0.0,0.0,0.0,0.0,0.0,0.0,0.0,0.0,0.0,0.0,0.0,0.0,0.0,0.0,0.0,0.0,0.0,0.029411765,0.0,0.0,0.0,0.0,0.0,0.0,0.0,0.0,0.0,0.0,0.0,0.0,0.0,0.014705882,0.0,0.0,0.0,0.0,0.0,0.0,0.0,0.0,0.0,0.0,0.0,0.0,0.0,0.0,0.0,0.0,0.0,0.0,0.0,0.0,0.0,0.0,0.0,0.0,0.0,0.0,0.0,0.0,0.0,0.0,0.0,0.0,0.0,0.0,0.0,0.0,0.0,0.0,0.0,0.0,0.0,0.0,0.0,0.0,0.0,0.0,0.0,0.0,0.0,0.0,0.0,0.0,0.0,0.0,0.0,0.0,0.0,0.0,0.0,0.0,0.0,0.0,0.0,0.0,0.0,0.0,0.0,0.0,0.0,0.0,0.0,0.0,0.0,0.0,0.0,0.0,0.0,0.0,0.0,0.0,0.0,0.0,0.0,0.0,0.0,0.0,0.0,0.0,0.0,0.0,0.0,0.0,0.0,0.0,0.0,0.0,0.0,0.0,0.0,0.0,0.0,0.0,0.0,0.0,0.0,0.0,0.0,0.0,0.0,0.0,0.0,0.0,0.0,0.0,0.0,0.0,0.0,0.0,0.0,0.0,0.0,0.0,0.0,0.0,0.0,0.0,0.0,0.0,0.0,0.0,0.0,0.0,0.0,0.0,0.0,0.0,0.0,0.0,0.0,0.0,0.0,0.0,0.0,0.0,0.0,0.0,0.0,0.0,0.0,0.0,0.0,0.0,0.0,0.0,0.0,0.0,0.0,0.0,0.0,0.0,0.0,0.0,0.0,0.0,0.0,0.0,0.0,0.0,0.0,0.0,0.0,0.0,0.0,0.0,0.0,0.0,0.0,0.0,0.0,0.0,0.0,0.0,0.0,0.0,0.0,0.0,0.0,0.0,0.0,0.0,0.0,0.0,0.0,0.0,0.0,0.0,0.0,0.0,0.0,0.0,0.0,0.0
SRR12478672,0.639068193,0.038414092,0.002295091,0.000229509,8.61e-05,0.000315575,8.61e-05,0.0,0.123102964,0.003844278,0.004590183,0.000114755,0.019364833,0.001147546,0.000315575,0.005967238,0.000315575,8.61e-05,0.000372952,0.000372952,0.000401641,0.006856585,0.000831971,0.032618986,0.005192644,0.000774593,2.87e-05,0.000286886,0.009036922,0.000114755,0.0,0.000229509,0.054278911,0.0,0.000860659,0.000401641,2.87e-05,0.0,0.0,0.002668044,5.74e-05,0.0,0.0,0.0,0.0,0.000401641,0.00401641,0.0,0.0,0.001118857,5.74e-05,2.87e-05,0.0,0.0,0.0,5.74e-05,0.0,0.0,0.0,8.61e-05,0.00043033,5.74e-05,0.0,0.000143443,0.0,2.87e-05,0.0,0.0,0.002295091,0.0,0.0,0.0,0.0,8.61e-05,0.0,0.0,0.0,0.0,0.0,5.74e-05,5.74e-05,0.0,0.0,0.000315575,0.0,0.0,0.000401641,0.000114755,0.0,0.0,0.0,0.010815618,0.0,0.000803282,0.0,0.0,0.004475428,5.74e-05,0.0,0.000717216,0.0,5.74e-05,0.000172132,8.61e-05,5.74e-05,0.0,0.0,2.87e-05,0.0,0.003614769,0.000516396,0.0,2.87e-05,0.0,0.0,0.0,0.0,0.0,0.000315575,2.87e-05,0.000372952,0.0,0.000717216,0.0,0.000172132,0.0,0.0,0.000114755,0.000143443,0.0,0.0,0.0,2.87e-05,0.0,0.0,0.010500043,2.87e-05,5.74e-05,0.0,2.87e-05,0.0,2.87e-05,0.0,0.0,0.0,2.87e-05,0.0,5.74e-05,0.0,8.61e-05,5.74e-05,5.74e-05,2.87e-05,0.0,0.0,5.74e-05,8.61e-05,2.87e-05,0.0,0.0,0.0,0.0,0.0,0.0,2.87e-05,0.0,0.0,0.0,0.0,8.61e-05,0.0,0.0,0.0,0.0,0.0,0.0,0.0,0.0,0.0,0.0,0.0,0.0,2.87e-05,0.0,0.0,0.0,2.87e-05,0.0,0.0,0.0,0.0,0.0,0.0,0.0,0.0,0.0,0.0,0.0,0.0,5.74e-05,0.0,0.0,0.0,0.0,0.0,0.0,0.0,0.0,0.0,0.0,0.0,0.0,0.0,0.0,0.0,2.87e-05,0.0,0.0,0.0,0.0,0.0,0.0,0.0,2.87e-05,2.87e-05,0.0,0.0,0.0,8.61e-05,0.0,2.87e-05,0.0,2.87e-05,0.0,0.0,0.0,0.0,0.0,0.0,0.0,0.0,2.87e-05,0.0,0.0,0.0,0.0,0.0,0.0,0.0,0.0,0.0,0.0,0.0,0.0,0.0,0.0,2.87e-05,0.0,0.0,0.0,0.0,0.0,0.0,0.0,0.0,0.0,0.0,2.87e-05,0.0,0.0,0.0,0.0,0.0,0.0,0.0,0.0,0.0,0.0,0.0,0.0,0.0,0.0,0.0,0.0,0.0,5.74e-05,0.0,0.0,0.0,0.0,0.0,0.0,0.0,0.0,0.0,0.0,0.0,0.0,0.0,0.0,0.0,0.0,0.0,0.0,0.0,0.0,0.0,0.0,0.0,0.0,0.0,8.61e-05,0.0,0.0,0.0,0.0,0.0,0.0,0.0,0.0,0.0,0.0,0.0,0.0,0.0,0.0,0.0,0.0,0.0,0.0,0.0,0.0,0.0,0.0,0.0,0.0,0.0,0.0,0.0,0.0,0.0,0.0,0.0,0.0,0.0,0.0,0.0,0.0,0.0,0.0,0.0,0.0,0.0,0.0,0.0,2.87e-05,0.0,0.0,0.0,0.0,0.0,0.0,0.0,0.0,0.0,0.0,0.0,0.0,0.0,0.0,0.0,0.0,0.0,2.87e-05,0.0,0.0,0.0,2.87e-05,0.0,0.0,0.0,0.0,0.0,0.0,0.0,0.0,0.0,0.0,0.0,0.0,0.0,0.0,0.0,0.0,0.0,0.0,0.0,0.0,0.0,0.0,0.0,0.0,8.61e-05,0.0,0.0,0.0,0.0,0.0,0.0,0.0,0.0,5.74e-05,0.0,0.0,0.0,0.0,2.87e-05,0.0,0.0,0.0,0.0,0.0,0.0,0.0,0.0,0.0,0.0,0.0,0.0,0.0,0.0,0.0,0.0,0.0,0.0,0.0,0.0,0.0,0.0,0.0,0.0,0.0,0.0,0.0,0.0,0.0,0.0,0.0,0.0,0.0,0.0,0.0,0.0,0.0,0.0,0.0,0.0,0.0,0.0,0.0,0.0,0.0,0.0,0.0,0.0,0.0,0.0,0.0,0.0,0.0,0.0,0.0,0.0,0.0,0.0,0.0,0.0,0.0,0.0,0.0,0.0,0.0,5.74e-05,2.87e-05,0.0,0.0,0.0,0.0,0.0,0.0,0.0,0.0,0.0,0.0,0.0,0.0,0.0,0.0,0.0,0.0,0.0,0.0,0.0,0.0,0.0,0.0,0.0,0.0,0.0,0.0,0.0,0.0,0.0,0.0,0.0,0.0,0.0,0.0,0.0,0.0,0.0,0.0,0.0,0.0,0.0,0.0,0.0,0.0,0.0,0.0,0.0,0.0,0.0,0.0,0.0,0.0,0.0,0.0,0.0,0.0,0.0,0.0,0.0,0.0,0.0,0.0,0.0,0.0,0.0,0.0,0.0,0.0,0.0,0.0,0.0,0.0,0.0,0.0,0.0,0.0,0.0,0.0,0.0,0.0,0.0,0.0,0.0,0.0,0.0,0.0,0.0,0.0,0.0,0.0,0.0,0.0,0.0,0.0,0.0,0.0,0.0,0.0,0.0,0.0,0.0,0.0,0.0,0.0,0.0,0.0,0.0,0.0,0.0,0.0,0.0,0.0,0.0,0.0,0.0,0.0,0.0,0.0,0.0,0.0,0.0,0.0,0.0,0.0,0.0,0.0,0.0,0.0,0.0,0.0,0.0,0.0,0.0,0.0,0.0,0.0,0.0,0.0,0.0,0.0,0.0,0.0,0.0,0.0,0.0,0.0,0.0,0.0,0.0,0.0,0.0,0.0,0.0,0.0,0.0,0.0,0.0,0.0,0.0,0.0,0.0,0.0,0.0,0.0,0.0,0.0,0.0,0.0,0.0,0.0,0.0,0.0,0.0,0.0,0.0,0.0,0.0,0.0,0.0,0.0,0.0,0.0,0.0,0.0,0.0,0.0,0.0,0.0,0.0,0.0,0.0,0.0,0.0,0.0,0.0
SRR12478674,0.671442437,0.032444424,0.00129408,0.0,0.015667606,0.0,9.24e-05,9.24e-05,0.097379489,0.004621713,0.005823358,0.007856912,0.005499838,0.001062994,0.000878125,0.003281416,0.000785691,0.000693257,0.000554606,0.00097056,0.0,0.006008227,0.001201645,0.015898692,0.000231086,0.00064704,0.0,0.000878125,0.027129454,4.62e-05,0.0,9.24e-05,0.037574525,0.006146878,0.000831908,0.000184869,0.0,0.0,0.0,0.00032352,0.000231086,0.0,0.000184869,0.0,0.0,9.24e-05,9.24e-05,0.001386514,9.24e-05,0.001016777,0.0,0.0,0.0,0.000878125,0.0,0.001062994,0.0,0.0,0.0,0.000184869,0.001016777,0.00064704,0.0,0.000138651,0.0,0.000277303,0.0,0.0,0.001894902,4.62e-05,0.0,0.0,4.62e-05,9.24e-05,0.0,0.0,0.0,0.0,0.0,0.002403291,0.0,0.0,0.0,0.005869575,0.0,0.0,0.002357074,0.0,0.0,0.0,0.0,0.004113324,9.24e-05,0.000739474,0.000184869,0.0,9.24e-05,0.0,0.0,0.000184869,9.24e-05,0.000184869,0.0,0.00064704,0.000600823,0.0,0.002773028,4.62e-05,0.0,0.000138651,0.000184869,0.0,0.00032352,0.000231086,0.0,0.000369737,0.0,0.0,0.0,9.24e-05,0.0,0.0,0.00032352,0.0,4.62e-05,0.0,0.0,4.62e-05,0.000184869,9.24e-05,4.62e-05,0.0,0.0,0.0,9.24e-05,9.24e-05,0.000138651,0.0,0.0,0.0,0.0,0.000231086,0.0,0.001062994,0.0,4.62e-05,0.000415954,9.24e-05,0.0,0.0,0.0,0.0,0.0,0.0,0.0,0.000184869,0.000138651,0.0,4.62e-05,0.0,0.0,0.0,0.0,0.0,0.0,0.000600823,0.0,4.62e-05,0.0,0.0,0.0,0.0,0.00032352,0.0,0.0,0.0,0.0,0.0,0.0,0.0,0.0,0.004483061,0.0,0.0,0.0,0.0,0.000138651,0.0,0.0,0.0,0.0,0.0,4.62e-05,0.0,0.0,0.0,0.0,0.0,0.0,9.24e-05,0.0,4.62e-05,0.0,0.0,0.001710034,0.0,0.008134215,0.0,0.0,0.0,0.0,0.0,0.0,0.0,0.0,0.0,0.0,0.0,0.0,0.0,0.0,0.0,4.62e-05,0.0,4.62e-05,0.0,0.0,0.0,0.0,4.62e-05,4.62e-05,0.000277303,4.62e-05,0.0,0.0,0.0,0.0,0.0,4.62e-05,0.0,0.0,0.0,0.0,0.00032352,0.0,0.0,0.0,0.0,0.0,0.0,0.0,0.0,0.0,0.0,0.0,0.0,0.0,0.0,0.0,0.0,0.0,0.0,0.0,0.0,4.62e-05,0.0,0.0,0.0,0.0,0.0,0.0,0.0,0.0,4.62e-05,0.0,0.0,9.24e-05,0.0,0.0,0.0,0.0,4.62e-05,0.0,0.0,0.0,4.62e-05,0.0,0.0,0.0,0.0,0.0,0.0,4.62e-05,0.0,0.0,0.0,0.0,0.0,0.0,0.0,0.0,0.0,0.0,0.0,0.000739474,4.62e-05,0.0,4.62e-05,0.0,0.0,0.0,0.0,0.0,0.0,0.0,0.0,0.0,0.0,0.0,0.0,0.0,0.0,0.0,0.0,0.0,0.0,0.0,0.0,0.0,0.0,0.0,0.0,0.0,0.0,0.0,0.0,0.0,0.0,0.0,0.0,0.0,0.0,0.0,0.0,0.0,0.0,0.0,0.0,0.0,0.0,0.0,0.0,0.0,0.0,0.0,9.24e-05,0.0,0.0,0.0,0.0,0.0,0.0,0.0,0.0,0.0,0.0,0.0,0.0,0.0,0.0,0.0,0.0,0.0,0.0,0.0,0.0,0.0,0.0,0.0,0.0,0.0,0.0,0.0,0.0,0.0,0.0,0.0,0.0,0.0,0.0,0.0,0.0,0.0,0.0,0.0,0.0,0.0,0.0,0.0,0.0,0.0,0.0,4.62e-05,0.0,0.0,0.0,0.0,0.0,0.0,0.0,0.0,0.0,0.0,0.0,0.0,0.0,4.62e-05,0.0,0.0,0.0,0.0,0.0,0.0,0.0,0.0,0.0,0.0,0.0,0.0,0.0,0.0,0.0,0.0,0.0,0.0,0.0,0.0,0.0,0.0,0.0,0.0,0.0,0.0,0.0,0.0,0.0,0.0,0.0,0.0,0.0,0.0,0.0,0.0,0.0,0.0,0.0,0.0,0.0,0.0,0.0,0.0,0.0,0.0,0.0,0.0,0.0,0.0,0.0,4.62e-05,0.0,0.0,0.0,0.0,0.0,0.0,0.0,0.0,0.0,0.0,0.0,0.0,0.0,0.0,0.0,4.62e-05,4.62e-05,0.0,0.0,0.0,0.0,0.0,0.0,0.0,0.0,0.0,0.0,0.0,0.0,0.0,0.0,0.0,0.0,0.0,0.0,0.0,0.0,0.0,0.0,0.0,0.0,0.0,0.0,0.0,0.0,0.0,0.0,0.0,0.0,0.0,0.0,0.0,0.0,0.0,0.0,0.0,0.0,0.0,0.0,0.0,0.0,0.0,0.0,0.0,0.0,0.0,0.0,0.0,0.0,0.0,0.0,0.0,0.0,0.0,0.0,0.0,0.0,0.0,0.0,0.0,0.0,0.0,0.0,0.0,0.0,0.0,0.0,0.0,0.0,0.0,0.0,0.0,0.0,0.0,0.0,0.0,0.0,0.0,0.0,0.0,0.0,0.0,0.0,0.0,0.0,0.0,0.0,0.0,0.0,0.0,0.0,0.0,0.0,0.0,0.0,0.0,0.0,0.0,0.0,0.0,0.0,0.0,0.0,0.0,0.0,0.0,0.0,0.0,0.0,0.0,0.0,0.0,0.0,0.0,0.0,0.0,0.0,0.0,0.0,0.0,0.0,0.0,0.0,0.0,0.0,0.0,0.0,0.0,0.0,0.0,0.0,0.0,0.0,0.0,0.0,0.0,0.0,0.0,0.0,0.0,0.0,0.0,0.0,0.0,0.0,0.0,0.0,0.0,0.0,0.0,0.0,0.0,0.0,0.0,0.0,0.0,0.0,0.0,0.0,0.0,0.0,0.0,0.0,0.0,0.0,0.0,0.0,0.0,0.0,0.0,0.0,0.0,0.0,0.0,0.0,0.0,0.0,0.0,0.0,0.0,0.0,0.0,0.0,0.0,0.0,0.0,0.0,0.0,0.0,0.0
SRR12478675,0.822145238,0.018236486,0.000653637,0.000261455,6.54e-05,0.000457546,6.54e-05,0.0,0.03346624,0.001830185,0.00366037,0.000196091,0.005033009,0.002157004,0.000261455,0.010392836,0.000261455,0.0,0.000130727,0.000588274,0.000392182,0.001699457,0.000980456,0.045754624,0.000392182,0.000130727,6.54e-05,0.000457546,0.004052552,0.0,0.0,0.014053206,0.0,0.001372639,0.000392182,0.002157004,0.0,0.0,0.0,0.000392182,0.0,0.0,0.0,0.0,0.0,0.000196091,0.002157004,0.0,0.0,0.000980456,0.000130727,0.0,0.0,0.0,0.000130727,0.0,6.54e-05,0.000261455,0.0,0.000653637,0.000849729,0.000326819,6.54e-05,0.0,0.000261455,0.0,6.54e-05,0.001960912,0.002026276,0.0,6.54e-05,0.0,0.000719001,6.54e-05,0.000130727,0.000130727,0.000130727,0.0,0.000130727,0.001372639,0.000719001,6.54e-05,0.0,0.000784365,0.0,0.001960912,0.0,0.000196091,6.54e-05,0.0,0.0,0.001895549,0.0,0.000849729,0.0,0.0,0.0,0.0,0.0,0.000130727,0.0,6.54e-05,0.0,0.0,0.0,0.0,0.0,0.0,0.0,0.000261455,0.0,0.0,0.0,0.0,0.000130727,0.0,0.0,0.0,0.0,0.0,0.000392182,0.0,0.000261455,0.0,0.0,0.0,0.0,0.0,0.000196091,0.0,6.54e-05,6.54e-05,0.0,0.0,6.54e-05,0.0,0.0,0.0,0.0,0.0,6.54e-05,0.000392182,0.0,0.0,0.0,6.54e-05,0.0,0.0,0.0,0.0,0.0,6.54e-05,0.0,0.0,0.0,0.000457546,0.000130727,0.0,0.0,0.000261455,0.0,0.0,0.0,0.0,0.0,0.0,0.0,0.0,6.54e-05,6.54e-05,0.0,0.0,0.0,0.0,0.000588274,0.0,0.0,6.54e-05,0.0,0.0,0.0,0.0,0.0,0.0,0.0,0.0,0.0,0.0,0.0,0.0,0.0,0.0,0.0,0.0,0.0,0.0,0.0,0.0,0.0,6.54e-05,0.0,0.0,0.0,0.0,0.0,0.0,0.0,0.0,0.0,0.0,0.0,0.0,0.0,0.000588274,0.0,0.0,0.0,0.0,0.0,0.0,0.0,0.0,0.0,0.0,0.0,0.0,0.0,0.0,0.0,0.0,0.0,0.0,0.0,0.0,0.0,0.0,0.0,0.0,0.0,0.0,0.0,0.0,0.0,0.0,0.0,0.0,6.54e-05,0.0,0.0,0.0,0.0,6.54e-05,0.0,0.0,0.0,0.0,0.0,0.0,0.0,0.0,0.0,0.0,0.0,6.54e-05,0.0,0.0,0.0,0.001764821,0.0,0.0,0.0,0.0,0.0,0.0,0.0,0.0,0.0,0.0,0.0,0.0,0.0,0.0,0.0,0.0,0.0,0.0,0.0,0.0,0.0,6.54e-05,0.0,0.0,0.0,0.0,0.0,0.0,0.0,0.0,0.0,0.0,0.0,0.0,0.0,0.0,0.0,0.0,0.0,0.0,0.0,0.0,0.0,0.0,0.0,0.0,0.0,0.0,6.54e-05,0.0,0.0,0.0,0.0,0.0,0.0,0.0,6.54e-05,0.0,0.0,6.54e-05,0.0,0.0,0.0,0.0,0.0,0.0,0.0,6.54e-05,0.0,0.0,0.0,0.0,0.0,0.0,0.0,0.0,0.0,0.0,0.0,0.0,0.0,0.0,0.0,0.0,0.0,0.0,0.0,0.0,0.0,0.0,0.0,0.0,0.0,0.0,0.0,0.0,0.0,0.0,0.0,0.0,0.0,0.0,0.0,0.0,0.0,0.0,0.0,0.0,0.0,0.0,0.0,6.54e-05,0.0,0.0,0.0,0.0,0.0,0.0,0.0,0.0,0.0,0.000130727,0.0,0.0,0.0,0.0,0.0,0.0,0.0,0.0,0.0,0.0,0.0,0.0,0.0,0.0,0.0,0.0,0.0,0.0,0.0,6.54e-05,0.0,0.0,0.0,0.0,0.0,0.0,0.0,0.0,0.0,0.0,0.0,0.0,0.0,0.0,0.0,0.0,0.0,0.0,0.0,0.0,0.0,0.0,0.0,0.0,0.0,0.0,0.0,0.0,0.0,0.0,0.0,0.0,0.0,0.0,0.0,0.0,0.0,0.0,0.0,0.0,0.0,0.0,0.0,0.0,0.0,0.0,0.0,0.0,0.0,0.0,0.0,0.0,0.0,0.0,0.0,0.0,0.0,0.0,0.0,0.0,0.0,0.0,0.0,0.0,0.0,0.0,0.0,0.0,0.0,0.0,0.0,0.0,0.0,0.0,0.0,0.0,6.54e-05,0.001176547,6.54e-05,6.54e-05,0.0,0.0,0.0,0.0,0.0,0.0,0.0,0.0,0.0,0.0,0.0,0.0,0.0,0.0,0.0,0.0,0.0,0.0,0.0,0.0,0.0,0.0,0.0,0.0,0.0,0.0,0.0,0.0,0.0,0.0,0.0,0.0,0.0,0.0,0.0,0.0,0.0,0.0,0.0,0.0,0.0,0.0,0.0,0.0,0.0,0.0,0.0,0.0,0.0,0.0,0.0,0.0,0.0,0.0,0.0,0.0,0.0,0.0,0.0,0.0,0.0,0.0,0.0,0.0,0.0,0.0,0.0,0.0,0.0,0.0,0.0,0.0,0.0,0.0,0.0,0.0,0.0,0.0,0.0,0.0,0.0,0.0,0.0,0.0,0.0,0.0,0.0,0.0,0.0,0.0,0.0,0.0,0.0,0.0,0.0,0.0,0.0,0.0,0.0,0.0,0.0,0.0,0.0,0.0,0.0,0.0,0.0,0.0,0.0,0.0,0.0,0.0,0.0,0.0,0.0,0.0,0.0,0.0,0.0,0.0,0.0,0.0,0.0,0.0,0.0,0.0,0.0,0.0,0.0,0.0,0.0,0.0,0.0,0.0,0.0,0.0,0.0,0.0,0.0,0.0,0.0,0.0,0.0,0.0,0.0,0.0,0.0,0.0,0.0,0.0,0.0,0.0,0.0,0.0,0.0,0.0,0.0,0.0,0.0,0.0,0.0,0.0,0.0,0.0,0.0,0.0,0.0,0.0,0.0,0.0,0.0,0.0,0.0,0.0,0.0,0.0,0.0,0.0,0.0,0.0,0.0,0.0,0.0,0.0,0.0,0.0,0.0,0.0,0.0
SRR12478678,0.50257185,0.110247833,0.002877594,0.000611489,0.000611489,0.000755369,7.19e-05,0.0,0.114528254,0.001834466,0.001366857,0.000395669,0.037156937,0.005755189,0.000431639,0.024747311,0.000971188,3.6e-05,0.000431639,0.001222978,0.00017985,0.004352361,0.004496241,0.03539441,0.00025179,3.6e-05,0.0,3.6e-05,0.003417143,0.00010791,0.0,0.001438797,0.000755369,3.6e-05,0.006366677,0.000467609,0.0,0.0,0.0,3.6e-05,7.19e-05,3.6e-05,3.6e-05,0.0,0.0,3.6e-05,0.001151038,0.0,0.0,0.000395669,0.0,0.00017985,7.19e-05,3.6e-05,0.0,0.002553865,0.0,0.0,0.0,0.000647459,0.001330887,0.001906406,3.6e-05,0.00010791,0.00010791,0.000503579,0.0,7.19e-05,0.027984605,3.6e-05,0.0,0.0,0.0,0.00025179,0.0,0.0,3.6e-05,0.0,0.000575519,0.0,3.6e-05,0.0,0.0,0.000287759,0.0,0.0,3.6e-05,3.6e-05,0.0,0.0,0.0,0.003884752,0.00010791,0.001079098,7.19e-05,3.6e-05,0.004532211,3.6e-05,0.0,0.00010791,3.6e-05,0.00014388,0.0,0.0,0.00014388,3.6e-05,7.19e-05,0.0,0.0,0.077910867,0.000323729,0.0,0.0,0.001870436,0.0,0.0,0.0,0.0,0.0,0.0,0.001654617,0.0,0.00021582,0.0,0.0,0.0,0.0,3.6e-05,0.000755369,3.6e-05,3.6e-05,0.0,0.0,0.0,3.6e-05,0.0,3.6e-05,0.0,0.0,0.0,0.0,0.00010791,3.6e-05,0.000431639,0.0,0.0,0.0,0.0,0.0,7.19e-05,0.0,0.0,0.0,0.0,0.0,7.19e-05,7.19e-05,7.19e-05,0.0,0.0,0.0,0.0,0.00010791,0.0,0.0,0.0,0.0,0.0,0.0,3.6e-05,0.0,0.0,3.6e-05,0.0,0.0,0.0,0.0,0.0,0.0,0.00017985,3.6e-05,0.0,0.0,0.0,0.0,0.0,3.6e-05,0.0,0.0,0.0,0.0,0.0,0.0,0.0,0.0,0.0,0.0,0.0,0.0,0.000287759,0.0,0.0,0.0,0.0,0.0,0.0,0.0,0.0,0.0,0.0,0.0,0.0,0.0,0.0,0.0,0.0,0.0,0.0,0.0,0.0,0.0,0.0,3.6e-05,0.0,3.6e-05,0.0,0.0,0.0,0.0,3.6e-05,3.6e-05,0.00014388,3.6e-05,7.19e-05,0.0,0.0,0.0,0.0,0.0,0.0,0.0,0.0,0.0,0.0,0.0,0.0,7.19e-05,0.0,0.0,0.0,0.0,0.0,0.0,0.0,0.0,0.0,0.0,0.0,0.0,0.0,0.0,0.0,0.0,3.6e-05,0.0,0.0,0.0,0.0,0.0,0.0,0.0,0.0,0.0,0.0,0.0,0.0,0.0,0.0,0.0,0.0,0.0,0.0,0.0,0.0,0.000359699,7.19e-05,0.0,0.0,0.0,0.0,0.0,0.0,0.0,0.0,0.0,0.0,0.0,0.0,0.0,0.0,0.0,0.0,0.0,0.0,0.0,0.0,0.0,0.00010791,0.0,0.0,0.0,0.0,0.0,0.0,0.0,3.6e-05,0.0,0.0,0.0,0.0,0.000719399,0.0,0.0,0.0,0.0,0.0,0.0,0.0,0.0,0.0,0.0,0.0,0.0,0.0,0.0,0.00014388,0.0,0.0,0.0,0.0,0.0,0.0,0.0,0.0,3.6e-05,0.0,0.0,0.0,0.0,0.0,0.0,0.0,0.0,0.0,0.0,7.19e-05,0.0,3.6e-05,0.0,3.6e-05,0.0,0.0,3.6e-05,0.0,0.0,0.0,0.0,0.0,7.19e-05,3.6e-05,0.0,0.0,0.0,3.6e-05,0.0,0.0,0.0,0.0,0.0,0.0,0.0,0.0,7.19e-05,0.0,0.0,0.0,0.0,0.0,0.0,0.0,0.0,3.6e-05,0.0,0.0,0.0,0.0,0.0,0.0,0.0,0.0,0.0,0.0,0.0,3.6e-05,0.0,0.0,0.0,0.0,0.0,0.0,0.0,0.0,0.0,0.0,0.0,0.0,0.0,0.0,0.0,0.0,0.0,0.0,0.0,0.0,0.0,3.6e-05,0.0,0.0,0.0,0.0,0.0,0.0,0.0,0.0,0.0,0.0,0.0,0.0,0.0,0.0,0.0,0.0,0.0,0.0,0.0,0.0,0.0,0.00010791,0.0,0.0,0.0,0.0,0.0,0.0,0.0,0.0,0.0,0.0,0.0,0.0,0.0,0.0,0.0,0.0,0.0,0.0,0.0,0.0,0.0,0.0,0.0,0.0,0.0,0.0,0.0,0.0,0.0,0.0,0.0,0.0,0.0,0.0,0.0,0.0,0.0,0.0,0.0,0.0,0.0,0.0,0.0,0.0,0.0,0.0,3.6e-05,3.6e-05,0.0,0.0,0.0,0.0,0.0,0.0,0.0,0.0,0.0,0.0,0.0,0.0,0.0,0.0,0.0,0.0,0.0,0.0,0.0,0.0,0.0,0.0,0.0,0.0,0.0,0.0,0.0,0.0,0.0,0.0,0.0,0.0,0.0,0.0,0.0,0.0,0.0,0.0,0.0,0.0,0.0,0.0,0.0,0.0,0.0,0.0,0.0,0.0,0.0,0.0,0.0,0.0,0.0,0.0,0.0,0.0,0.0,0.0,0.0,0.0,0.0,0.0,0.0,0.0,0.0,0.0,0.0,0.0,0.0,0.0,0.0,0.0,0.0,0.0,0.0,0.0,0.0,0.0,0.0,0.0,0.0,0.0,0.0,0.0,0.0,0.0,0.0,0.0,0.0,0.0,0.0,0.0,0.0,0.0,0.0,0.0,0.0,0.0,0.0,0.0,0.0,0.0,0.0,0.0,0.0,0.0,0.0,0.0,0.0,0.0,0.0,0.0,0.0,0.0,0.0,0.0,0.0,0.0,0.0,0.0,0.0,0.0,0.0,0.0,0.0,0.0,0.0,0.0,0.0,0.0,0.0,0.0,0.0,0.0,0.0,0.0,0.0,0.0,0.0,0.0,0.0,0.0,0.0,0.0,0.0,0.0,0.0,0.0,0.0,0.0,0.0,0.0,0.0,0.0,0.0,0.0,0.0,0.0,0.0,0.0,0.0,0.0,0.0,0.0,0.0,0.0,0.0,0.0,0.0,0.0,0.0,0.0,0.0,0.0,0.0,0.0,0.0,0.0,0.0,0.0,0.0,0.0,0.0
SRR12478680,0.670464855,0.154915267,0.007076242,0.0,3.63e-05,0.0,0.000108865,0.0,0.084189135,0.003338535,0.000616903,0.0,0.001669267,0.000580615,0.0,0.00228617,0.0,0.0,3.63e-05,0.000108865,7.26e-05,0.00137896,0.002104728,0.020466669,0.000616903,7.26e-05,0.0,0.000145154,0.001124941,0.000145154,0.0,0.000108865,0.016692673,0.0,0.001669267,0.002649055,0.0,3.63e-05,0.0,0.000326596,7.26e-05,0.0,0.0,0.0,0.0,0.0,0.001342672,0.0,7.26e-05,0.000217731,0.0,0.0,0.0,0.0,0.0,0.0,0.0,0.000145154,0.0,0.000471749,0.003411112,0.000907211,0.0,0.000399173,0.000145154,0.000544326,0.0,0.0,0.000362884,0.0,0.0,0.0,0.000108865,0.000145154,0.0,3.63e-05,0.0,0.0,0.000108865,0.0,0.0,0.0,0.0,0.000544326,0.0,0.000798345,7.26e-05,7.26e-05,0.0,0.0,0.0,0.000108865,3.63e-05,0.002576478,0.0,3.63e-05,0.0,0.0,0.0,0.000108865,0.0,3.63e-05,7.26e-05,0.0,3.63e-05,0.0,0.0,0.0,0.0,0.005443263,0.0,0.0,0.0,0.000471749,3.63e-05,0.0,0.0,0.0,0.0,0.0,0.003991726,0.0,0.0,0.0,0.0,0.0,0.0,0.0,0.000435461,7.26e-05,3.63e-05,0.0,0.0,0.0,0.0,0.0,0.0,3.63e-05,0.0,0.0,0.0,0.000108865,0.0,0.0,0.0,0.0,0.0,3.63e-05,0.0,0.0,0.0,7.26e-05,3.63e-05,0.0,0.0,0.0,0.0,0.000145154,0.0,0.0,0.0,0.0,0.0,0.0,3.63e-05,0.0,0.0,7.26e-05,0.0,0.000108865,0.0,0.0,3.63e-05,0.0,0.000145154,0.0,0.0,0.0,0.0,0.0,0.0,0.0,0.0,0.0,0.0,0.0,0.0,0.0,0.0,0.0,0.0,0.0,0.0,0.0,0.0,0.0,0.0,0.0,0.0,0.000326596,0.0,0.0,0.0,0.0,0.0,0.0,0.0,0.0,0.0,0.0,0.0,0.0,0.0,7.26e-05,0.0,0.0,0.0,0.0,0.0,0.0,0.0,0.0,3.63e-05,0.0,0.0,0.0,0.0,7.26e-05,0.0,7.26e-05,3.63e-05,0.000580615,3.63e-05,0.0,0.0,0.0,0.0,0.0,0.0,0.0,0.0,0.0,0.0,0.0,0.0,0.0,0.0,0.0,0.0,0.0,0.0,0.0,0.0,0.0,0.0,0.0,0.0,0.0,0.0,0.0,0.0,0.0,0.0,0.0,0.0,0.0,0.0,0.0,0.0,0.0,0.0,0.0,0.0,0.0,0.0,0.0,0.0,0.0,0.0,0.0,0.0,0.0,0.0,0.0,0.000254019,0.000181442,0.0,0.0,0.0,0.0,0.0,0.0,0.0,0.0,0.0,0.0,0.0,0.0,0.0,0.0,0.0,0.0,0.0,0.0,0.0,0.0,0.0,0.0,0.0,0.0,0.0,0.0,0.000508038,0.0,0.0,0.0,0.0,0.0,0.0,0.0,3.63e-05,0.0,0.0,0.0,0.0,0.0,0.0,0.0,0.0,0.0,0.0,0.0,0.0,0.0,0.0,3.63e-05,0.0,0.0,0.0,0.0,0.0,0.0,0.0,0.0,0.0,0.0,0.0,0.0,0.0,0.0,0.0,0.0,0.0,0.0,0.0,0.0,3.63e-05,0.0,0.0,0.0,0.0,0.0,0.0,3.63e-05,0.0,0.0,0.0,0.0,0.0,0.0,0.0,0.0,0.0,3.63e-05,0.0,0.0,0.0,0.0,0.0,0.0,0.0,0.0,0.0,0.0,0.0,0.0,0.0,0.0,0.0,7.26e-05,0.0,0.0,0.0,0.0,0.0,0.0,0.0,0.0,0.0,0.0,0.0,0.0,0.000108865,0.0,0.0,0.0,0.0,0.0,0.0,0.0,0.0,0.0,0.0,0.0,0.0,0.0,0.0,0.0,0.0,0.0,0.0,0.0,0.0,0.0,0.0,0.0,0.0,0.0,0.0,0.0,0.0,0.0,0.0,0.0,0.0,0.0,0.0,0.0,0.0,0.0,0.0,0.0,0.0,0.0,0.0,0.0,0.0,0.0,0.0,0.0,0.0,0.0,0.0,0.0,0.0,0.0,0.0,0.0,0.0,0.0,0.0,3.63e-05,0.0,0.0,0.0,0.0,0.0,3.63e-05,0.0,0.0,0.0,0.0,0.0,0.0,0.0,0.0,0.0,0.0,0.0,0.0,0.0,0.0,0.0,0.0,0.0,0.0,0.0,0.0,0.0,0.0,0.0,0.0,0.0,0.0,0.0,0.0,3.63e-05,0.0,0.0,0.0,0.0,0.0,0.0,0.0,0.0,0.0,0.0,0.0,0.0,0.0,0.0,0.0,0.0,0.0,0.0,0.0,0.0,0.0,0.0,0.0,0.0,0.0,0.0,0.0,0.0,0.0,0.0,0.0,0.0,0.0,0.0,0.0,0.0,0.0,0.0,0.0,0.0,0.0,0.0,0.0,0.0,0.0,0.0,0.0,0.0,0.0,0.0,0.0,0.0,0.0,0.0,0.0,0.0,0.0,0.0,0.0,0.0,0.0,0.0,0.0,0.0,0.0,0.0,0.0,0.0,0.0,0.0,0.0,0.0,0.0,0.0,0.0,0.0,0.0,0.0,0.0,0.0,0.0,0.0,0.0,0.0,0.0,0.0,0.0,0.0,0.0,0.0,0.0,0.0,0.0,0.0,0.0,0.0,0.0,0.0,0.0,0.0,0.0,0.0,0.0,0.0,0.0,0.0,0.0,0.0,0.0,0.0,0.0,0.0,0.0,0.0,0.0,0.0,0.0,0.0,0.0,0.0,0.0,0.0,0.0,0.0,0.0,0.0,0.0,0.0,0.0,0.0,0.0,0.0,0.0,0.0,0.0,0.0,0.0,0.0,0.0,0.0,0.0,0.0,0.0,0.0,0.0,0.0,0.0,0.0,0.0,0.0,0.0,0.0,0.0,0.0,0.0,0.0,0.0,0.0,0.0,0.0,0.0,0.0,0.0,0.0,0.0,0.0,0.0,0.0,0.0,0.0,0.0,0.0,0.0,0.0,0.0,0.0,0.0,0.0,0.0,0.0,0.0,0.0
SRR12478682,0.548596797,0.043324877,0.001783732,0.0,0.020255272,0.0,7.93e-05,0.0,0.156136039,0.003844934,0.005906136,0.000396385,0.012050103,0.014428413,0.000396385,0.014071666,0.001863009,0.000436023,0.000118915,0.000118915,0.00158554,0.007253845,0.000911685,0.043285239,0.000198192,0.000436023,0.0,0.001030601,0.028539718,7.93e-05,0.0,0.000158554,0.029411765,0.004796258,0.000911685,0.000634216,0.0,0.0,0.0,0.000198192,3.96e-05,0.0,0.000753131,0.0,0.0,0.000118915,0.000158554,0.00158554,0.000277469,0.002259394,0.0,7.93e-05,0.0,0.000198192,7.93e-05,0.001426986,0.0,0.0,0.0,0.0,7.93e-05,0.0,0.0,0.0,0.0,0.0,0.0,7.93e-05,0.000237831,0.0,0.0,0.0,7.93e-05,7.93e-05,0.0,0.0,0.0,0.0,0.000396385,0.0,0.000436023,0.0,0.0,0.000713493,0.0,0.0,0.002735056,0.000237831,0.0,0.0,0.0,0.000713493,0.000198192,0.001466624,0.005073728,0.001664817,0.000673854,0.0,0.0,0.000356746,3.96e-05,0.000990962,0.000158554,3.96e-05,0.000634216,0.0,0.0,3.96e-05,0.0,0.000158554,0.002061202,0.0,0.000158554,7.93e-05,3.96e-05,0.002021563,0.0,3.96e-05,0.0,7.93e-05,0.007491676,0.0,0.000237831,3.96e-05,0.000832408,3.96e-05,0.0,0.00289361,0.0,0.0,3.96e-05,0.0,3.96e-05,0.000317108,0.000118915,0.0,0.0,0.0,0.0,0.0,0.0,0.000237831,0.000118915,0.0,0.0,0.0,0.0,0.0,0.0,0.0,3.96e-05,0.0,0.0,7.93e-05,0.0,0.002299033,7.93e-05,0.0,0.0,3.96e-05,3.96e-05,0.0,0.0,0.0,0.0,0.005073728,0.0,0.0,0.0,0.000158554,0.0,3.96e-05,0.000118915,0.0,0.0,0.0,3.96e-05,0.0,0.0,0.0,0.0,3.96e-05,3.96e-05,0.000118915,0.0,0.000158554,0.000158554,7.93e-05,0.0,0.0,0.0,0.0,0.0,0.0,0.0,0.0,0.0,0.0,0.0,0.0,0.0,0.0,3.96e-05,0.000158554,0.000198192,0.0,0.0,0.0,3.96e-05,0.0,0.0,0.0,0.0,0.0,0.0,3.96e-05,0.0,3.96e-05,0.0,0.0,0.0,0.0,7.93e-05,0.0,0.000118915,0.000158554,0.0,0.0,0.0,3.96e-05,0.0,0.0,0.0,0.000277469,0.0,0.0,0.0,0.0,0.0,0.0,0.0,0.0,0.0,0.0,0.0,0.0,0.0,0.0,0.0,0.0,0.0,0.0,0.0,0.0,0.0,0.0,0.0,0.0,0.0,0.0,0.0,0.0,0.0,3.96e-05,0.0,0.0,0.0,0.0,0.0,0.0,0.0,0.0,0.0,0.0,0.0,0.0,0.0,0.0,0.0,0.0,0.0,0.0,0.0,0.0,0.0,0.0,3.96e-05,0.0,0.0,0.0,0.0,0.0,7.93e-05,0.0,0.0,3.96e-05,0.0,0.0,0.0,0.0,0.0,0.000198192,0.0,3.96e-05,0.0,0.0,0.0,0.0,0.0,0.0,0.0,0.0,0.0,0.0,3.96e-05,0.0,0.003844934,0.0,0.0,0.0,0.0,0.0,0.0,0.0,3.96e-05,0.0,0.0,0.0,0.0,0.0,0.0,0.0,0.0,0.0,0.0,0.0,0.0,0.0,0.0,0.0,3.96e-05,0.0,0.0,0.0,0.0,0.0,0.0,0.0,0.0,0.0,0.0,0.0,0.0,0.0,0.0,3.96e-05,0.0,0.0,0.0,0.0,0.0,0.0,0.0,0.0,0.0,0.0,0.0,0.0,3.96e-05,0.0,0.0,0.0,0.0,0.0,0.0,0.0,3.96e-05,3.96e-05,0.0,3.96e-05,0.0,0.0,0.0,0.0,0.0,0.0,0.0,0.000753131,0.0,0.0,0.0,0.0,0.0,0.0,0.0,0.0,0.0,0.0,0.0,0.0,0.0,0.0,0.0,0.000198192,0.0,0.0,0.0,0.0,0.0,0.0,0.0,0.0,0.0,0.0,0.0,0.0,0.0,0.0,0.0,3.96e-05,0.0,0.0,0.0,0.0,0.0,0.0,3.96e-05,0.0,0.0,0.0,0.0,0.0,0.0,0.0,0.0,0.0,3.96e-05,0.0,0.0,0.0,0.0,0.0,0.0,0.0,0.0,0.0,0.0,0.0,0.0,0.0,0.0,0.0,0.0,3.96e-05,0.0,0.0,0.0,0.0,0.0,0.0,0.0,0.0,0.0,0.0,0.0,0.0,0.0,0.0,3.96e-05,0.0,0.0,0.0,0.0,0.0,0.0,0.0,0.0,0.0,0.0,0.0,0.0,0.0,0.0,0.0,0.0,0.0,0.0,0.0,0.0,0.0,0.0,0.0,0.0,3.96e-05,0.0,0.0,0.0,0.0,0.0,3.96e-05,0.0,0.0,0.0,0.0,0.0,0.0,0.0,0.0,0.0,0.0,0.0,0.0,0.0,0.0,0.0,0.0,0.0,0.0,0.0,0.0,0.0,0.0,0.0,0.0,0.0,0.0,0.0,0.0,0.0,0.0,0.0,0.0,0.0,0.0,0.0,0.0,0.0,0.0,0.0,0.0,0.0,0.0,0.0,0.0,0.0,0.0,0.0,0.0,0.0,0.0,0.0,0.0,0.0,0.0,0.0,0.0,0.0,0.0,0.0,0.0,0.0,0.0,0.0,0.0,0.0,0.0,0.0,0.0,0.0,0.0,0.0,0.0,0.0,0.0,0.0,0.0,0.0,0.0,0.0,0.0,0.0,0.0,0.0,0.0,0.0,0.0,0.0,0.0,0.0,0.0,0.0,0.0,0.0,0.0,0.0,0.0,0.0,0.0,0.0,0.0,0.0,0.0,0.0,0.0,0.0,0.0,0.0,0.0,0.0,0.0,0.0,0.0,0.0,0.0,0.0,0.0,0.0,0.0,0.0,0.0,0.0,0.0,0.0,0.0,0.0,0.0,0.0,0.0,0.0,0.0,0.0,0.0,0.0,0.0,0.0,0.0,0.0,0.0,0.0,0.0,0.0,0.0,0.0,0.0,0.0,0.0,0.0,0.0,0.0,0.0,0.0,0.0,0.0,0.0,0.0,0.0,0.0,0.0,0.0,0.0,0.0,0.0,0.0,0.0,0.0,0.0,0.0,0.0,0.0,0.0,0.0,0.0,0.0,0.0,0.0,0.0,0.0,0.0,0.0
SRR12478683,0.016793509,0.330272344,0.004591484,0.0,0.008868482,0.0,0.000754764,0.000125794,0.221271778,0.050254733,0.009308762,0.003648028,0.03503365,0.019372288,0.00062897,0.006855777,0.001509529,0.002012705,0.000251588,0.000691867,0.003459337,0.020064155,0.01465501,0.045160073,0.003333543,0.000817661,0.0,0.001824014,0.054909114,0.00062897,0.0,0.044090823,0.000251588,0.000125794,0.001886911,0.001006353,0.000188691,0.0,0.0,0.000817661,0.000188691,0.0,0.001006353,6.29e-05,0.0,0.001195044,0.0,0.000503176,6.29e-05,0.005157557,0.000440279,0.0,0.000188691,6.29e-05,0.0,0.000314485,0.0,0.0,0.0,6.29e-05,0.004528587,6.29e-05,0.0,0.000377382,6.29e-05,0.000691867,0.0,0.0,6.29e-05,0.0,0.0,0.0,0.000125794,0.000251588,0.0,0.0,0.0,0.0,0.000125794,0.0,0.002515882,0.0,6.29e-05,0.001195044,0.0,0.0,0.01018932,0.000377382,6.29e-05,0.0,0.0,0.021259199,0.000314485,0.009874835,0.000188691,6.29e-05,0.001195044,0.0,0.0,0.003836719,0.000691867,0.000377382,0.000377382,0.001006353,6.29e-05,0.000125794,0.000377382,6.29e-05,0.0,0.0,6.29e-05,0.0,6.29e-05,6.29e-05,0.000188691,0.00062897,0.0,6.29e-05,0.0,0.000566073,0.001006353,0.0,0.000943456,6.29e-05,0.00062897,0.0,0.000125794,0.000440279,0.0,0.000314485,6.29e-05,0.0,0.000188691,0.000691867,0.000125794,0.000251588,0.0,0.0,0.0,0.0,6.29e-05,0.0,6.29e-05,6.29e-05,0.0,6.29e-05,0.0,0.000125794,0.0,0.0,0.0,0.001006353,0.000377382,0.0,0.0,0.001949808,0.0,6.29e-05,0.0,0.0,0.0,0.0,6.29e-05,0.0,0.0,0.004151204,0.0,0.0,0.0,0.000188691,0.0,0.0,6.29e-05,0.0,0.0,0.0,6.29e-05,6.29e-05,0.0,0.0,0.0,0.0,0.0,0.0,0.003522234,6.29e-05,0.000188691,6.29e-05,0.0,0.0,6.29e-05,0.0,6.29e-05,0.0,0.0,0.0,0.0,0.0,6.29e-05,0.000188691,0.0,6.29e-05,0.0,0.0,0.002138499,0.0,0.0,6.29e-05,0.0,0.0,0.0,0.0,6.29e-05,0.0,0.0,6.29e-05,0.0,0.0,0.0,0.0,0.0,0.0,0.0,0.0,0.0,0.0,0.0,0.0,0.0,6.29e-05,0.0,0.000314485,0.000125794,0.0,6.29e-05,6.29e-05,0.0,0.0,0.0,0.0,0.0,0.0,0.0,0.000125794,0.0,0.0,0.0,0.0,0.0,0.0,0.0,0.0,0.0,0.0,0.0,0.0,0.0,0.0,0.0,0.0,0.0,0.0,0.0,0.000125794,6.29e-05,6.29e-05,0.0,0.0,0.0,6.29e-05,0.0,0.0,0.0,6.29e-05,0.0,6.29e-05,0.0,0.0,0.0,0.0,0.0,0.0,0.000251588,0.0,0.0,0.000251588,6.29e-05,0.0,0.0,0.0,0.0,0.0,6.29e-05,0.0,0.0,0.0,0.0,0.0,0.0,0.0,0.0,0.0,0.0,0.0,0.0,0.0,0.0,0.0,0.0,0.0,0.0,0.0,0.0,0.0,0.0,0.0,0.0,0.0,0.0,0.0,0.0,0.0,0.0,0.0,0.0,0.0,0.0,0.0,0.0,0.0,0.0,0.0,0.0,0.0,6.29e-05,0.0,0.0,0.0,0.0,0.0,0.0,0.0,0.0,0.0,0.0,0.0,0.0,0.0,0.0,0.0,0.0,0.0,0.0,0.0,0.0,0.000125794,0.0,0.0,6.29e-05,0.0,0.0,0.0,0.0,0.0,0.0,0.0,0.0,0.0,0.0,0.0,0.0,0.0,0.0,0.0,0.0,6.29e-05,0.0,0.0,0.0,0.0,0.0,6.29e-05,0.0,0.0,6.29e-05,0.0,6.29e-05,0.0,0.000125794,0.0,0.0,0.0,0.0,0.0,0.0,0.0,0.0,0.0,0.0,0.000188691,0.0,0.0,0.0,0.0,0.0,0.0,0.0,0.0,0.0,0.0,0.0,0.0,0.0,0.0,0.0,0.0,6.29e-05,0.0,0.0,0.0,0.0,0.0,0.0,0.0,0.0,0.0,0.0,0.0,0.0,0.0,0.0,0.0,0.0,6.29e-05,6.29e-05,0.0,0.0,0.0,0.0,0.0,0.0,0.0,0.0,0.0,0.0,0.0,0.0,0.0,0.0,0.0,0.0,0.0,0.0,6.29e-05,0.0,0.0,0.0,0.0,0.0,0.0,0.0,0.0,0.0,0.0,0.0,0.0,0.0,0.0,0.0,0.0,0.0,0.0,0.0,0.0,0.0,0.0,0.0,0.0,0.0,0.0,0.0,0.0,0.0,0.0,0.0,0.0,0.0,0.0,0.0,0.0,0.0,0.0,0.0,0.0,0.0,0.0,0.0,0.0,0.0,0.0,6.29e-05,6.29e-05,0.000125794,6.29e-05,6.29e-05,6.29e-05,0.0,0.0,0.0,0.0,0.0,0.0,0.0,0.0,0.0,0.0,0.0,0.0,0.0,0.0,0.0,0.0,0.0,0.0,0.0,0.0,0.0,0.0,0.0,0.0,0.0,0.0,0.0,0.0,0.0,0.0,0.0,0.0,0.0,0.0,0.0,0.0,0.0,0.0,0.0,0.0,0.0,0.0,0.0,0.0,0.0,0.0,0.0,0.0,0.0,0.0,0.0,0.0,0.0,0.0,0.0,0.0,0.0,0.0,0.0,0.0,0.0,0.0,0.0,0.0,0.0,0.0,0.0,0.0,0.0,0.0,0.0,0.0,0.0,0.0,0.0,0.0,0.0,0.0,0.0,0.0,0.0,0.0,0.0,0.0,0.0,0.0,0.0,0.0,0.0,0.0,0.0,0.0,0.0,0.0,0.0,0.0,0.0,0.0,0.0,0.0,0.0,0.0,0.0,0.0,0.0,0.0,0.0,0.0,0.0,0.0,0.0,0.0,0.0,0.0,0.0,0.0,0.0,0.0,0.0,0.0,0.0,0.0,0.0,0.0,0.0,0.0,0.0,0.0,0.0,0.0,0.0,0.0,0.0,0.0,0.0,0.0,0.0,0.0,0.0,0.0,0.0,0.0,0.0,0.0,0.0,0.0,0.0,0.0,0.0,0.0,0.0,0.0,0.0,0.0,0.0,0.0,0.0,0.0,0.0,0.0,0.0,0.0,0.0,0.0,0.0,0.0,0.0,0.0,0.0,0.0,0.0,0.0,0.0
SRR12478687,0.233233458,0.287865169,0.002946317,0.0,0.0,0.0,0.0,0.0,0.352409488,0.003021223,0.001498127,4.99e-05,0.002521848,0.000299625,7.49e-05,0.000399501,0.000149813,2.5e-05,4.99e-05,0.0,4.99e-05,0.00062422,0.001073658,0.001598002,4.99e-05,2.5e-05,0.0,2.5e-05,0.008789014,0.000174782,0.0,4.99e-05,0.058202247,7.49e-05,0.000274657,0.000399501,0.0,2.5e-05,2.5e-05,4.99e-05,2.5e-05,0.0,2.5e-05,0.0,0.0,0.0,2.5e-05,0.0,0.0,0.000124844,2.5e-05,0.0,0.0,2.5e-05,2.5e-05,4.99e-05,0.0,0.0,0.0,0.000299625,0.007290886,0.000374532,0.000174782,0.000848939,2.5e-05,0.000898876,0.0,9.99e-05,0.000174782,0.0,4.99e-05,0.0,2.5e-05,0.000449438,0.0,7.49e-05,0.0,0.0,0.001148564,0.0,2.5e-05,2.5e-05,0.0,0.001573034,0.0,0.0,0.0,0.00019975,0.0,0.0,0.0,0.008913858,4.99e-05,0.001098627,4.99e-05,0.0,9.99e-05,0.0,0.0,0.000124844,0.000124844,0.0,2.5e-05,0.0,9.99e-05,0.0,2.5e-05,0.0,0.0,7.49e-05,0.004494382,0.0,4.99e-05,0.0,4.99e-05,0.0,0.0,0.0,0.0,0.0,0.008813983,0.0,0.000474407,0.0,4.99e-05,0.0,0.0,9.99e-05,0.000224719,0.000299625,4.99e-05,0.0,4.99e-05,2.5e-05,0.0,7.49e-05,0.0,4.99e-05,0.0,0.0,0.0,0.000249688,7.49e-05,0.0,2.5e-05,0.000149813,0.0,7.49e-05,0.0,0.000249688,0.0,2.5e-05,0.000124844,0.0,0.0,2.5e-05,0.0,0.0,0.0,2.5e-05,0.0,0.0,0.0,0.0,4.99e-05,0.0,0.0,4.99e-05,0.0,0.0,0.0,0.0,2.5e-05,0.0,0.0,0.0,0.0,2.5e-05,0.0,0.0,0.0,0.0,0.0,0.0,2.5e-05,0.0,0.0,0.0,0.0,0.0,0.0,0.0,0.0,0.0,0.0,0.0,2.5e-05,2.5e-05,2.5e-05,0.000274657,2.5e-05,0.0,0.0,2.5e-05,2.5e-05,0.0,0.0,0.0,0.0,0.0,0.0,0.0,0.0,0.0,0.0,2.5e-05,0.0,0.0,0.0,0.0,0.0,0.0,0.0,0.0,0.0,0.0,0.0,2.5e-05,0.0,0.000299625,4.99e-05,0.000499376,4.99e-05,0.0,0.0,2.5e-05,0.0,2.5e-05,0.0,2.5e-05,2.5e-05,0.0,0.0,0.0,0.0,0.0,0.0,2.5e-05,0.0,0.0,0.0,0.0,0.0,0.0,0.0,0.0,0.0,0.0,0.0,0.0,0.0,0.0,4.99e-05,0.000124844,0.0,0.0,0.0,0.0,0.0,0.0,0.0,0.0,0.0,0.0,0.0,0.0,0.0,0.0,0.0,0.0,2.5e-05,0.0,2.5e-05,0.0,4.99e-05,0.000374532,0.0,0.0,0.0,2.5e-05,2.5e-05,0.0,2.5e-05,0.0,0.0,0.0,0.0,0.0,0.0,0.0,0.0,0.0,0.0,0.0,0.0,0.0,0.0,0.0,0.0,0.0,0.0,0.0,0.0,0.0,2.5e-05,0.0,0.0,0.0,0.0,0.0,0.0,0.0,0.0,0.0,0.0,2.5e-05,0.0,7.49e-05,0.0,0.0,0.0,0.0,0.0,0.0,0.0,2.5e-05,2.5e-05,0.0,0.0,2.5e-05,0.0,0.0,0.0,0.0,2.5e-05,0.0,0.0,2.5e-05,0.0,0.0,0.0,0.0,0.0,0.0,0.0,9.99e-05,0.0,0.0,7.49e-05,0.0,2.5e-05,0.0,0.0,0.0,0.0,0.0,0.0,0.0,0.0,0.0,2.5e-05,0.0,0.0,0.0,0.0,0.0,0.0,0.0,0.0,0.0,0.0,0.0,0.0,0.0,0.0,0.0,2.5e-05,0.0,0.0,0.0,0.0,0.0,0.0,0.0,0.0,0.0,2.5e-05,0.0,0.0,0.0,0.0,0.0,0.000149813,0.0,0.0,0.0,0.0,0.0,0.0,0.0,0.0,0.0,0.0,0.0,0.0,0.0,0.0,0.0,0.0,0.0,0.0,0.0,0.0,0.0,0.0,0.0,2.5e-05,0.0,0.0,0.0,0.0,0.0,0.0,0.0,0.0,0.0,0.0,0.0,2.5e-05,0.0,0.0,0.0,0.0,0.0,0.0,0.0,0.0,0.0,0.0,0.0,0.0,0.0,0.0,0.0,0.0,0.0,0.0,0.0,0.0,0.0,0.0,0.0,0.0,0.0,0.0,0.0,0.0,2.5e-05,0.0,0.0,0.0,0.0,0.0,0.0,0.0,0.0,0.0,0.0,0.0,0.0,0.0,0.0,0.0,0.0,0.0,0.0,0.0,0.0,0.0,0.0,0.0,0.0,0.0,0.0,2.5e-05,0.0,0.0,0.0,0.0,0.0,0.0,0.0,0.0,0.0,0.0,0.0,0.0,0.0,0.0,0.000174782,0.0,0.0,0.0,0.0,0.0,0.0,0.0,0.0,0.0,0.0,0.0,0.0,0.0,0.0,0.0,0.0,0.0,0.0,0.0,0.0,0.0,0.0,0.0,0.0,0.0,0.0,0.0,0.0,0.0,0.0,0.0,0.0,0.0,0.0,0.0,0.0,0.0,0.0,0.0,0.0,0.0,0.0,0.0,0.0,0.0,0.0,0.0,0.0,0.0,0.0,0.0,0.0,0.0,0.0,0.0,0.0,0.0,0.0,0.0,0.0,0.0,0.0,0.0,0.0,0.0,0.0,0.0,0.0,0.0,0.0,0.0,0.0,0.0,0.0,0.0,0.0,0.0,0.0,0.0,0.0,0.0,0.0,0.0,0.0,0.0,0.0,0.0,0.0,0.0,0.0,0.0,0.0,0.0,0.0,0.0,0.0,0.0,0.0,0.0,0.0,0.0,0.0,0.0,0.0,0.0,0.0,0.0,0.0,0.0,0.0,0.0,0.0,0.0,0.0,0.0,0.0,0.0,0.0,0.0,0.0,0.0,0.0,0.0,0.0,0.0,0.0,0.0,0.0,0.0,0.0,0.0,0.0,0.0,0.0,0.0,0.0,0.0,0.0,0.0,0.0,0.0,0.0,0.0,0.0,0.0,0.0,0.0,0.0,0.0,0.0,0.0,0.0,0.0,0.0,0.0,0.0,0.0,0.0,0.0,0.0,0.0,0.0,0.0,0.0,0.0,0.0,0.0,0.0,0.0
SRR12478688,0.70315384,0.012759811,0.000401252,0.0,0.002247011,0.000160501,0.0,0.0,0.091405184,0.002648263,0.000963005,0.000963005,0.002407511,0.001685258,0.0,0.004092769,0.000321002,0.000160501,0.000240751,0.000240751,0.000160501,0.010833801,0.000561753,0.054088757,0.000642003,8.03e-05,0.0,0.000321002,0.002889014,8.03e-05,0.0,0.022389856,0.001364256,0.000240751,0.011957307,0.000722253,0.0,0.0,0.0,0.000481502,8.03e-05,0.0,8.03e-05,0.0,8.03e-05,0.005216275,0.000802504,0.0,8.03e-05,0.000321002,0.000160501,0.0,8.03e-05,0.000481502,0.0,0.000882754,8.03e-05,0.0,0.0,0.000240751,0.000561753,8.03e-05,0.0,0.0,8.03e-05,0.000160501,0.0,0.000963005,0.007463285,0.000160501,0.0,0.0,0.0,0.000240751,0.000160501,0.0,0.0,0.0,0.001364256,0.000321002,8.03e-05,8.03e-05,0.000561753,0.000321002,0.0,0.00216676,0.0,0.000321002,0.0,0.0,0.0,0.000160501,0.0,0.0,8.03e-05,0.0,0.0,0.0,0.0,0.0,0.0,0.0,8.03e-05,0.0,8.03e-05,0.0,0.000321002,0.0,0.0,0.029612391,8.03e-05,0.0,0.0,0.003370516,0.000160501,0.0,0.0,0.0,0.0,0.0,0.0,0.0,8.03e-05,0.0,0.000160501,8.03e-05,0.0,8.03e-05,0.000240751,0.0,0.0,8.03e-05,8.03e-05,8.03e-05,8.03e-05,0.000240751,0.0,8.03e-05,0.0,0.0,8.03e-05,8.03e-05,0.0,0.0,0.0,0.0,0.0,0.000160501,0.0,0.0,0.0,0.0,0.0,0.0,0.0,0.002327261,0.0,0.000240751,0.0,8.03e-05,8.03e-05,0.0,0.0,0.0,0.0,0.0,0.0,0.0,0.0,8.03e-05,0.0,0.0,0.000160501,0.0,0.0,0.0,0.0,8.03e-05,0.0,0.000802504,0.0,0.000160501,0.0,0.0,0.0,0.001123505,0.001845759,0.0,0.0,8.03e-05,0.0,0.0,0.0,0.0,0.0,0.0,0.0,0.0,0.0,0.0,0.0,0.0,0.0,0.0,8.03e-05,0.0,0.0,0.0,0.0,0.0,0.0,0.0,0.0,0.0,0.0,0.0,0.0,0.000160501,0.0,0.0,0.0,0.0,0.0,0.000240751,8.03e-05,0.0,0.0,0.0,0.0,0.0,0.0,8.03e-05,0.0,0.0,0.0,0.0,0.0,0.0,0.0,0.0,0.0,0.0,0.0,0.0,0.0,0.0,0.0,0.0,0.0,0.0,0.0,0.0,0.0,0.0,0.0,0.0,0.0,0.0,0.0,0.0,0.0,0.0,0.0,0.0,0.0,0.0,0.0,0.0,0.0,8.03e-05,0.0,0.0,0.0,0.0,0.0,0.0,0.0,0.0,0.0,0.0,0.0,0.0,0.0,0.0,0.0,0.0,0.0,0.0,0.0,0.0,0.0,0.0,8.03e-05,0.0,0.0,0.0,0.0,0.0,0.0,0.0,0.0,0.0,0.0,0.0,0.0,0.0,0.0,8.03e-05,0.0,0.0,0.0,0.0,0.000802504,0.0,0.0,0.0,0.0,0.0,0.0,0.0,0.0,0.0,0.0,0.0,0.0,0.0,0.0,0.0,0.0,0.0,0.0,0.0,0.0,0.0,0.0,0.0,0.0,0.0,0.0,0.0,0.0,0.0,0.0,0.0,0.0,0.0,0.0,0.0,0.0,0.0,0.0,8.03e-05,0.0,0.0,0.0,0.0,0.0,0.0,0.0,8.03e-05,0.0,0.0,0.0,0.0,0.0,0.0,0.0,0.0,8.03e-05,0.0,0.0,0.0,0.0,0.0,0.0,0.0,0.0,0.0,0.0,0.0,0.0,0.0,0.0,0.0,0.0,0.0,0.0,0.0,0.0,0.0,0.0,0.0,8.03e-05,0.0,0.0,0.0,0.0,0.0,0.0,0.0,0.0,0.0,0.0,0.0,0.0,0.0,0.0,0.0,0.0,0.0,0.0,8.03e-05,0.0,0.0,8.03e-05,0.0,0.0,0.0,0.0,0.0,0.0,0.0,0.0,0.0,0.0,0.0,0.0,0.0,0.0,0.0,0.0,0.0,0.0,0.0,0.0,0.0,8.03e-05,0.0,0.0,0.0,0.0,0.0,0.000561753,0.0,0.0,0.0,0.0,0.0,0.0,0.0,0.0,0.0,0.0,0.0,0.0,0.0,0.0,0.0,0.0,0.0,0.0,0.0,0.0,0.0,0.0,0.0,0.0,0.0,0.0,0.0,0.0,0.0,0.0,0.0,0.0,0.0,0.0,0.0,0.0,0.0,8.03e-05,0.0,0.0,0.0,0.0,0.0,0.0,0.0,0.0,0.0,0.0,0.0,0.0,0.0,0.0,0.0,0.0,0.0,0.0,0.0,0.0,0.0,0.0,0.0,0.0,0.0,0.0,0.0,0.0,0.0,8.03e-05,8.03e-05,0.0,0.0,0.0,0.0,0.0,0.0,0.0,0.0,0.0,0.0,0.0,0.0,0.0,0.0,0.0,0.0,0.0,0.0,0.0,0.0,0.0,0.0,0.0,0.0,0.0,0.0,0.0,0.0,0.0,0.0,0.0,0.0,0.0,0.0,0.0,0.0,0.0,0.0,0.0,0.0,0.0,0.0,0.0,0.0,0.0,0.0,0.0,0.0,0.0,0.0,0.0,0.0,0.0,0.0,0.0,0.0,0.0,0.0,0.0,0.0,0.0,0.0,0.0,0.0,0.0,0.0,0.0,0.0,0.0,0.0,0.0,0.0,0.0,0.0,0.0,0.0,0.0,0.0,0.0,0.0,0.0,0.0,0.0,0.0,0.0,0.0,0.0,0.0,0.0,0.0,0.0,0.0,0.0,0.0,0.0,0.0,0.0,0.0,0.0,0.0,0.0,0.0,0.0,0.0,0.0,0.0,0.0,0.0,0.0,0.0,0.0,0.0,0.0,0.0,0.0,0.0,0.0,0.0,0.0,0.0,0.0,0.0,0.0,0.0,0.0,0.0,0.0,0.0,0.0,0.0,0.0,0.0,0.0,0.0,0.0,0.0,0.0,0.0,0.0,0.0,0.0,0.0,0.0,0.0,0.0,0.0,0.0,0.0,0.0,0.0,0.0,0.0,0.0,0.0,0.0,0.0,0.0,0.0,0.0,0.0,0.0,0.0,0.0,0.0,0.0,0.0,0.0
SRR12478692,0.003813155,0.404829997,0.003654274,0.0,6.36e-05,0.0,0.00025421,0.0,0.125993009,0.107213219,0.001302828,0.000317763,0.011693677,0.002542104,0.003400064,0.110994598,0.00060375,0.000222434,0.000476644,0.003018748,0.002542104,0.014013346,0.005529075,0.098347633,0.001271052,3.18e-05,0.0,0.00025421,0.012710518,0.000349539,0.0,0.026342548,0.00600572,0.000317763,0.001493486,0.003495392,0.000444868,0.0,0.0,0.000127105,3.18e-05,0.0,3.18e-05,6.36e-05,0.0,3.18e-05,0.0,0.0,0.0,0.000222434,0.000317763,0.0,0.0,3.18e-05,0.0,0.000158881,0.0,6.36e-05,0.0,0.0,0.000285987,0.0,0.0,0.0,0.0,3.18e-05,0.0,9.53e-05,0.000985065,0.0,3.18e-05,0.0,0.000158881,0.000190658,0.0,0.0,0.0,0.0,0.008102955,3.18e-05,0.0,3.18e-05,0.0,0.002637432,0.0,0.000317763,3.18e-05,0.00025421,3.18e-05,0.0,0.0,0.001843025,0.003368287,3.18e-05,3.18e-05,0.0,0.00540197,0.0,3.18e-05,0.003527169,0.0,0.0,0.0,0.000317763,0.000127105,0.0,9.53e-05,0.0,0.0,0.000508421,0.012392755,0.0,6.36e-05,6.36e-05,0.0,0.0,0.0,0.0,0.0,3.18e-05,0.000413092,0.0,3.18e-05,0.0,0.0,0.0,0.0,0.0,3.18e-05,0.0,3.18e-05,0.0,0.0,0.000222434,3.18e-05,3.18e-05,0.0,0.0,0.0,0.000222434,0.0,0.000127105,6.36e-05,6.36e-05,0.0,0.0,0.0,6.36e-05,0.0,3.18e-05,0.0,9.53e-05,3.18e-05,0.0,0.0,0.0,0.000127105,0.000381316,0.0,0.0,0.0,0.0,0.0,3.18e-05,0.0,0.0,0.0,0.0,3.18e-05,0.0,0.0,0.0,6.36e-05,0.0,0.000190658,0.0,0.0,0.0,0.0,0.0,0.0,0.0,3.18e-05,0.0,0.0,0.0,0.0,3.18e-05,0.0,0.0,0.0,0.0,3.18e-05,0.0,0.0,0.0,0.0,0.0,0.0,3.18e-05,0.0,0.0,0.0,0.0,3.18e-05,0.0,0.0,0.0,0.0,0.0,3.18e-05,0.0,0.0,0.0,0.0,9.53e-05,0.0,0.0,0.0,0.0,0.0,0.0,0.0,0.0,0.0,0.0,0.0,3.18e-05,0.0,0.0,0.0,3.18e-05,0.0,0.0,0.0,6.36e-05,3.18e-05,0.0,0.0,0.0,0.0,0.0,0.0,0.0,0.0,0.0,0.0,0.0,0.0,0.0,0.0,0.0,0.0,3.18e-05,0.0,0.0,0.0,0.0,0.0,0.0,0.0,0.0,0.0,0.0,0.0,0.0,0.0,0.0,0.0,0.0,0.0,0.0,0.0,0.0,0.0,0.0,0.0,0.0,0.0,0.0,0.0,0.0,0.0,0.0,0.0,0.0,0.0,0.0,0.0,0.0,0.0,0.0,3.18e-05,0.0,0.0,0.0,0.0,0.0,0.0,0.0,0.0,0.0,0.0,0.0,0.0,0.0,0.0,0.0,0.0,0.0,0.0,0.0,0.0,0.0,0.0,0.0,0.0,0.0,0.0,0.0,0.0,0.0,0.0,0.0,3.18e-05,0.0,0.0,3.18e-05,0.0,0.0,0.0,3.18e-05,0.0,0.0,0.0,0.0,0.0,3.18e-05,0.0,0.0,0.0,0.0,0.0,0.0,0.0,0.0,3.18e-05,0.0,0.0,0.0,0.0,0.0,0.0,0.0,0.0,3.18e-05,0.0,0.0,3.18e-05,0.0,0.0,0.0,0.0,0.0,0.0,0.0,0.0,0.0,0.0,0.0,0.0,0.0,0.0,0.000127105,0.0,0.0,0.0,3.18e-05,0.0,3.18e-05,6.36e-05,6.36e-05,0.0,0.0,0.0,0.0,0.0,0.0,0.0,3.18e-05,9.53e-05,3.18e-05,0.0,0.0,0.0,0.0,0.0,3.18e-05,0.0,0.0,0.0,0.0,0.0,0.0,0.0,0.0,0.0,0.0,0.0,0.0,0.0,3.18e-05,0.0,0.0,0.0,0.0,0.0,0.0,0.0,0.0,0.0,0.0,0.0,0.0,0.0,0.0,0.0,0.0,0.0,0.0,0.0,0.0,0.0,0.0,0.0,0.0,0.0,0.0,0.0,0.0,0.0,0.0,0.000222434,0.0,0.0,0.0,0.0,0.0,0.0,0.0,0.0,0.0,0.0,0.0,0.0,0.0,0.0,0.0,0.0,0.0,0.0,0.0,0.0,0.0,0.0,0.0,0.0,0.0,0.0,0.0,0.0,0.0,0.0,0.0,0.0,0.0,0.0,0.0,0.0,0.0,3.18e-05,0.0,0.0,0.0,0.0,0.0,0.0,0.00025421,0.0,0.0,0.0,0.0,0.0,0.0,0.0,0.0,0.0,0.0,0.0,0.0,0.0,0.0,0.0,0.0,0.0,0.0,0.0,0.0,0.0,0.0,0.0,0.0,0.0,0.0,0.0,0.0,0.0,0.0,0.0,0.0,0.0,0.0,0.0,9.53e-05,9.53e-05,3.18e-05,0.0,0.0,0.0,0.0,0.0,0.0,0.0,0.0,0.0,0.0,0.0,0.0,0.0,0.0,0.0,0.0,0.0,0.0,0.0,0.0,0.0,0.0,0.0,0.0,0.0,0.0,0.0,0.0,0.0,0.0,0.0,0.0,0.0,0.0,0.0,0.0,0.0,0.0,0.0,0.0,0.0,0.0,0.0,0.0,0.0,0.0,0.0,0.0,0.0,0.0,0.0,0.0,0.0,0.0,0.0,0.0,0.0,0.0,0.0,0.0,0.0,0.0,0.0,0.0,0.0,0.0,0.0,0.0,0.0,0.0,0.0,0.0,0.0,0.0,0.0,0.0,0.0,0.0,0.0,0.0,0.0,0.0,0.0,0.0,0.0,0.0,0.0,0.0,0.0,0.0,0.0,0.0,0.0,0.0,0.0,0.0,0.0,0.0,0.0,0.0,0.0,0.0,0.0,0.0,0.0,0.0,0.0,0.0,0.0,0.0,0.0,0.0,0.0,0.0,0.0,0.0,0.0,0.0,0.0,0.0,0.0,0.0,0.0,0.0,0.0,0.0,0.0,0.0,0.0,0.0,0.0,0.0,0.0,0.0,0.0,0.0,0.0,0.0,0.0,0.0,0.0,0.0,0.0,0.0,0.0,0.0,0.0,0.0,0.0,0.0,0.0,0.0,0.0
SRR12478695,0.778982726,0.011276392,0.005662188,0.0,0.004126679,0.0,0.0,0.0,0.069385797,0.008685221,0.003119002,4.8e-05,0.007629559,0.002159309,0.000383877,0.007629559,0.000527831,0.000143954,0.000671785,0.0,9.6e-05,0.042226488,0.014203455,0.008589251,0.000143954,0.0,0.0,0.000239923,0.005038388,0.000239923,9.6e-05,4.8e-05,0.02096929,0.0,0.000479846,0.0006238,0.0,0.0,0.0,9.6e-05,4.8e-05,0.0,4.8e-05,4.8e-05,4.8e-05,0.0,0.0,0.0,0.0,0.000191939,0.000287908,9.6e-05,9.6e-05,0.0,0.0,0.0,4.8e-05,0.0,0.0,0.0,0.000575816,0.0,0.0,0.000191939,0.0,4.8e-05,0.0,0.0,0.000767754,0.0,0.0,0.0,0.0,0.0,0.0,0.0,0.0,0.0,0.0,0.0,0.0,0.0,4.8e-05,0.0,0.0,0.0,9.6e-05,0.000287908,0.0,0.0,0.0,0.000575816,4.8e-05,0.0,0.000143954,0.0,0.0,0.0,0.0,0.0,0.0,4.8e-05,9.6e-05,4.8e-05,4.8e-05,0.0,0.0,4.8e-05,0.0,0.000431862,0.0,0.0,0.0,0.0,0.0,4.8e-05,0.0,0.0,0.0,4.8e-05,0.0,0.0,4.8e-05,0.0,0.000143954,0.0,0.0,0.000143954,0.0,4.8e-05,9.6e-05,0.0,0.0,0.0,0.0,0.000191939,4.8e-05,0.0,0.0,0.0,0.0,4.8e-05,0.0,0.0,4.8e-05,0.0,0.0,0.0,0.0,0.0,0.0,0.0,0.0,0.0,0.0,0.0,0.0,4.8e-05,0.0,0.0,0.0,0.0,0.0,0.0,0.0,0.0,0.0,0.0,0.0,0.0,0.0,0.0,0.0,0.0,0.0,0.0,0.0,0.0,0.0,0.0,0.0,0.0,0.0,4.8e-05,0.0,4.8e-05,4.8e-05,0.0,0.0,0.0,0.0,0.0,0.0,0.0,0.0,0.0,0.0,0.0,0.0,4.8e-05,0.0,0.0,0.0,0.0,0.0,0.0,0.0,0.0,0.0,0.0,0.0,0.0,0.0,0.0,0.0,0.0,0.0,0.0,0.0,0.0,0.0,0.0,0.0,0.0,0.0,0.0,0.0,0.0,0.0,0.0,0.0,0.0,4.8e-05,0.0,0.0,0.0,0.0,0.0,0.0,0.0,0.0,4.8e-05,0.0,4.8e-05,0.0,0.0,0.0,0.0,0.0,0.0,0.0,0.0,0.0,0.0,0.0,0.0,0.0,0.0,0.0,0.0,0.0,0.0,0.0,0.0,0.0,0.0,0.0,0.0,4.8e-05,9.6e-05,0.0,0.0,4.8e-05,0.0,0.0,0.0,0.0,0.0,0.0,0.0,0.0,0.0,0.0,0.0,0.0,4.8e-05,0.0,0.0,0.0,0.0,0.0,0.0,4.8e-05,4.8e-05,0.0,0.0,0.0,0.0,0.0,0.0,0.0,0.0,0.0,0.0,0.0,0.0,0.0,0.0,0.0,0.0,0.0,0.0,0.0,0.0,0.0,4.8e-05,9.6e-05,0.0,0.0,0.0,4.8e-05,0.0,0.0,0.0,0.0,0.0,0.0,0.0,0.0,0.0,0.0,0.0,0.0,0.0,0.0,0.0,0.0,0.0,0.0,0.0,0.0,0.0,0.0,0.0,0.0,0.0,0.0,0.0,0.0,0.0,0.0,0.0,0.0,0.0,0.0,0.0,0.0,0.0,0.0,4.8e-05,0.0,0.0,0.0,0.0,0.0,0.0,0.0,0.0,0.0,0.0,0.0,0.0,0.0,9.6e-05,0.0,0.0,0.0,0.0,0.0,0.0,0.0,0.0,0.0,0.0,0.0,0.0,0.0,0.0,0.0,0.0,0.0,0.0,0.0,0.0,0.0,0.0,0.0,0.0,0.0,0.0,0.0,0.0,0.0,0.0,0.0,0.0,0.0,0.0,0.0,0.0,0.0,0.0,0.0,0.0,0.0,0.0,0.0,0.0,0.0,0.0,0.0,0.0,0.0,0.0,0.0,0.0,0.0,0.0,0.0,0.0,0.0,0.0,0.0,0.0,0.0,0.0,0.0,0.0,0.0,0.0,0.0,0.0,0.0,0.0,0.0,0.0,0.0,0.0,0.0,0.0,0.0,0.0,0.0,0.0,0.0,0.0,0.0,0.0,0.0,0.0,0.0,0.0,0.0,0.0,0.0,0.0,0.0,0.0,0.0,0.0,0.0,4.8e-05,0.0,0.0,0.0,0.0,0.0,0.0,0.0,0.0,0.0,0.0,0.0,0.0,0.0,0.0,0.0,0.0,0.0,0.0,0.0,0.0,0.0,0.0,0.0,0.0,0.0,0.0,0.0,0.0,0.0,0.0,0.0,0.0,0.0,0.0,0.0,0.0,0.0,0.0,0.0,0.0,0.0,0.0,0.0,0.0,0.0,0.0,0.0,0.0,0.0,0.0,0.0,0.0,0.0,0.0,0.0,0.0,0.0,0.0,4.8e-05,0.0,0.0,0.0,0.0,0.0,0.0,0.0,0.0,0.0,0.0,0.0,0.0,0.0,0.0,0.0,0.0,0.0,0.0,0.0,0.0,0.0,0.0,0.0,0.0,0.0,0.0,0.0,0.0,0.0,0.0,0.0,0.0,0.0,0.0,0.0,0.0,0.0,0.0,0.0,0.0,0.0,0.0,0.0,0.0,0.0,0.0,0.0,0.0,0.0,0.0,0.0,0.0,0.0,0.0,0.0,0.0,0.0,0.0,0.0,0.0,0.0,0.0,0.0,0.0,0.0,0.0,0.0,0.0,0.0,0.0,0.0,0.0,0.0,0.0,0.0,0.0,0.0,0.0,0.0,0.0,0.0,0.0,0.0,0.0,0.0,0.0,0.0,0.0,0.0,0.0,0.0,0.0,0.0,0.0,0.0,0.0,0.0,0.0,0.0,0.0,0.0,0.0,0.0,0.0,0.0,0.0,0.0,0.0,0.0,0.0,0.0,0.0,0.0,0.0,0.0,0.0,0.0,0.0,0.0,0.0,0.0,0.0,0.0,0.0,0.0,0.0,0.0,0.0,0.0,0.0,0.0,0.0,0.0,0.0,0.0,0.0,0.0,0.0,0.0,0.0,0.0,0.0,0.0,0.0,0.0,0.0,0.0,0.0
SRR12478696,0.724301235,0.122388337,0.001207169,0.0,0.00538583,0.0,9.29e-05,0.0,0.09425202,0.000464296,0.001207169,0.0,0.008450181,0.000557155,0.000557155,0.001857183,0.000278577,9.29e-05,0.000185718,9.29e-05,0.0,0.003157211,0.000185718,0.004921534,0.0,0.0,0.0,0.0,0.001857183,0.0,9.29e-05,9.29e-05,0.0,0.0,0.000928591,0.000835732,0.000185718,0.0,0.0,9.29e-05,0.0,0.0,9.29e-05,0.0,0.0,0.0,0.002321478,0.0,0.000185718,0.0,0.000278577,0.0,9.29e-05,0.000185718,0.000371437,0.0,0.000185718,0.0,0.0,0.001392887,0.002414337,0.000371437,0.000928591,9.29e-05,0.000650014,0.000650014,9.29e-05,0.006128703,0.001300028,0.000185718,9.29e-05,0.0,0.000185718,0.000464296,0.000464296,9.29e-05,0.000278577,0.0,0.0,9.29e-05,0.000557155,9.29e-05,0.0,0.0,0.0,0.0,0.0,0.000278577,0.0,0.0,0.0,9.29e-05,0.0,0.000185718,9.29e-05,0.0,0.0,0.0,0.0,9.29e-05,0.0,0.0,0.000185718,0.0,9.29e-05,0.0,0.0,9.29e-05,0.0,0.0,0.0,0.0,0.0,0.0,0.0,0.0,0.0,0.0,0.0,9.29e-05,0.000557155,0.0,0.000185718,0.0,0.0,0.0,0.0,0.0,0.000464296,0.0,0.0,0.0,0.0,0.0,9.29e-05,0.0,0.0,0.0,0.0,0.0,0.0,0.0,0.0,9.29e-05,0.0,0.0,0.0,0.0,0.0,0.0,0.0,0.0,0.0,0.0,0.0,0.0,0.0,9.29e-05,0.0,0.0,0.0,0.0,0.0,0.0,9.29e-05,0.0,0.0,9.29e-05,0.0,9.29e-05,0.0,0.0,0.0,0.0,0.0,0.0,0.0,0.0,0.0,0.0,0.0,0.0,0.0,0.0,0.0,0.0,0.000185718,0.0,0.0,0.0,0.0,0.0,0.0,0.0,0.0,0.0,0.0,0.0,0.0,9.29e-05,0.0,0.0,0.0,0.0,0.0,0.0,0.0,0.0,0.0,0.0,0.0,0.0,0.0,0.0,0.0,0.0,0.0,0.0,0.0,0.0,9.29e-05,0.0,0.0,0.0,0.0,0.0,0.0,0.0,0.0,0.000185718,0.0,0.000185718,9.29e-05,0.0,9.29e-05,0.000185718,0.0,0.0,0.0,0.0,0.0,0.0,0.0,0.0,0.0,0.0,0.0,0.0,0.0,0.0,0.0,0.0,0.0,0.0,0.0,0.0,0.0,0.0,0.0,0.0,0.0,0.0,0.0,0.0,0.0,0.0,0.0,0.0,0.0,0.0,0.0,0.0,9.29e-05,0.0,0.0,0.0,0.0,0.0,0.0,0.0,0.0,0.0,0.0,0.0,0.000278577,0.000185718,0.0,0.0,0.0,0.0,0.0,9.29e-05,9.29e-05,0.0,0.0,0.0,0.0,0.0,0.0,0.0,0.0,0.0,0.0,0.0,0.0,0.0,0.0,0.0,0.0,0.0,0.0,0.0,0.0,9.29e-05,0.0,0.0,0.0,0.0,0.0,0.0,0.0,0.0,0.0,0.0,0.0,0.0,0.0,0.0,0.0,0.0,0.0,0.0,0.0,0.0,0.0,0.000185718,0.0,0.0,0.0,0.0,0.0,0.0,0.0,0.0,9.29e-05,9.29e-05,9.29e-05,0.0,0.0,0.0,0.0,0.0,9.29e-05,0.0,0.0,0.0,0.0,0.0,0.0,9.29e-05,0.0,0.0,0.0,0.0,0.0,0.0,0.0,0.0,0.0,0.0,9.29e-05,0.0,0.0,0.0,0.0,0.0,0.0,0.0,0.0,0.0,0.0,0.0,0.0,0.0,0.0,0.0,0.0,9.29e-05,0.0,9.29e-05,0.0,0.0,0.0,0.0,0.0,0.0,0.0,0.0,0.0,0.0,0.0,0.0,0.0,0.0,0.0,0.0,0.0,0.0,0.0,0.0,0.0,0.0,0.0,0.0,0.0,0.0,0.0,0.0,0.0,0.0,0.0,0.0,0.0,0.0,0.0,0.0,0.0,0.0,0.0,0.0,0.0,0.0,0.0,0.0,0.0,0.0,0.0,0.0,0.0,0.0,0.0,0.0,0.0,0.0,0.0,0.0,0.0,0.0,0.0,0.0,0.0,0.0,0.0,0.0,0.0,0.0,0.0,0.0,0.0,0.0,0.0,0.0,0.0,0.0,0.0,0.0,0.0,0.0,0.0,0.0,0.0,9.29e-05,0.0,0.0,0.0,0.0,0.0,0.0,0.0,0.0,0.0,0.0,0.0,0.0,0.0,0.0,9.29e-05,0.0,0.0,0.0,0.0,0.0,0.0,0.0,0.0,0.0,0.0,0.0,0.0,0.0,0.0,0.0,0.0,0.0,0.0,0.0,0.0,0.0,0.0,0.0,0.0,0.0,0.0,0.0,0.0,0.0,0.0,0.0,0.0,0.0,0.0,0.0,0.0,0.0,0.0,0.0,0.0,0.0,0.0,0.0,0.0,0.0,0.0,0.0,0.0,0.0,0.0,0.0,0.0,0.0,0.0,0.0,0.0,0.0,0.0,0.0,0.0,0.0,0.0,0.0,0.0,0.0,0.0,0.0,0.0,0.0,0.0,0.0,0.0,0.0,0.0,0.0,0.0,0.0,0.0,0.0,0.0,0.0,0.0,0.0,0.0,0.0,0.0,0.0,0.0,0.0,0.0,0.0,0.0,0.0,0.0,0.0,0.0,0.0,0.0,0.0,0.0,0.0,0.0,0.0,0.0,0.0,0.0,0.0,0.0,0.0,0.0,0.0,0.0,0.0,0.0,0.0,0.0,0.0,0.0,0.0,0.0,0.0,0.0,0.0,0.0,0.0,0.0,0.0,0.0,0.0,0.0,0.0,0.0,0.0,0.0,0.0,0.0,0.0,0.0,0.0,0.0,0.0,0.0,0.0,0.0,0.0,0.0,0.0,0.0,0.0,0.0,0.0,0.0,0.0,0.0,0.0,0.0,0.0,0.0,0.0,0.0,0.0,0.0,0.0,0.0,0.0,0.0,0.0,0.0,0.0,0.0,0.0,0.0,0.0,0.0,0.0,0.0,0.0,0.0,0.0,0.0,0.0,0.0,0.0,0.0,0.0,0.0,0.0,0.0,0.0,0.0,0.0,0.0
SRR12478697,0.00819759,0.317267941,0.003038762,0.0,0.000212007,0.0,0.000106003,0.0,0.244655666,0.021200664,0.004734815,0.00127204,0.069078831,0.003215434,0.000388679,0.002720752,0.003003427,0.000388679,0.000459348,0.001024699,0.00286209,0.009116286,0.004169464,0.061375923,0.000388679,0.001978729,0.0,0.001024699,0.036677149,0.000176672,0.0,0.011307021,0.000424013,7.07e-05,0.009893643,0.001060033,0.000141338,0.000141338,0.0,0.000212007,7.07e-05,0.0,7.07e-05,0.0,3.53e-05,3.53e-05,0.004240133,3.53e-05,0.000212007,0.000918695,7.07e-05,0.000176672,0.00127204,7.07e-05,0.0,0.002826755,0.0,0.0,0.0,0.000141338,0.00031801,0.000353344,0.0,0.0,3.53e-05,7.07e-05,0.0,3.53e-05,0.002155401,0.0,3.53e-05,0.0,0.000777358,0.001342709,0.0,0.0,0.000141338,0.0,0.001342709,0.0,0.000777358,7.07e-05,0.000459348,0.006430868,0.0,7.07e-05,0.000459348,0.000106003,3.53e-05,0.0,0.0,0.051305608,0.000494682,0.004063461,0.005759514,0.0,0.019221936,0.0,0.0,0.00095403,0.000176672,0.000424013,0.000106003,0.000600685,7.07e-05,0.0,3.53e-05,0.0,0.0,0.001978729,0.00031801,0.0,7.07e-05,0.000106003,0.000812692,0.000176672,0.0,0.0,0.0,0.0,0.000494682,0.0,0.000742023,0.0,0.000282676,0.0,0.0,0.000106003,0.000176672,7.07e-05,3.53e-05,3.53e-05,3.53e-05,0.0,0.000141338,0.000106003,0.0,3.53e-05,0.0,3.53e-05,0.0,0.035369775,0.0,3.53e-05,0.0,7.07e-05,0.0,0.001802056,0.0,0.0,7.07e-05,3.53e-05,0.000106003,0.0,0.0,0.001166037,3.53e-05,0.0,0.0,0.0,0.0,0.0,0.0,0.0,0.0,0.0,0.0,0.0,0.0,3.53e-05,0.0,0.0,0.0,0.0,0.000424013,0.0,0.0,0.0,0.0,0.0,0.0,0.0,0.0,0.0,0.000812692,0.0,3.53e-05,0.0,0.0,0.0,3.53e-05,0.0,0.0,0.000106003,0.0,0.0,0.0,0.0,0.0,0.0,0.0,0.0,0.0,0.0,0.0,3.53e-05,0.0,0.0,0.0,0.0,3.53e-05,0.0,0.0,0.0,0.0,0.0,0.0,3.53e-05,0.0,0.0,0.0,0.0,0.0,0.0,0.000106003,0.0,0.0,3.53e-05,0.0,3.53e-05,3.53e-05,0.000106003,0.0,0.0,0.0,3.53e-05,0.0,0.0,0.0,0.0,0.0,0.0,0.0,0.0,0.0,0.0,0.0,3.53e-05,0.0,0.0,0.0,0.0,0.0,3.53e-05,0.0,0.0,0.0,0.0,0.0,0.0,0.0,0.0,0.0,7.07e-05,0.0,0.0,0.0,0.0,0.0,0.0,0.0,0.0,0.0,0.0,0.0,3.53e-05,0.0,0.0,0.0,0.0,0.0,0.0,3.53e-05,0.0,7.07e-05,0.0,0.0,0.0,0.0,0.0,0.0,3.53e-05,0.0,3.53e-05,0.0,0.0,0.0,0.0,0.0,0.0,0.0,0.000247341,7.07e-05,0.0,0.000141338,0.0,0.000106003,0.000424013,0.0,3.53e-05,0.0,0.0,0.000106003,0.0,3.53e-05,0.0,0.0,0.0,0.0,0.0,0.015087806,3.53e-05,0.0,0.0,7.07e-05,0.0,0.0,0.0,0.0,0.0,0.000141338,0.0,0.0,0.0,0.0,3.53e-05,0.0,0.0,0.0,0.0,0.0,0.0,0.0,0.0,0.0,0.0,0.0,0.0,0.0,0.0,0.0,0.0,0.000106003,0.0,0.0,0.0,0.0,0.0,0.0,0.0,0.0,0.0,3.53e-05,0.0,0.0,0.0,0.0,0.0,0.0,7.07e-05,0.0,0.0,0.0,0.0,3.53e-05,3.53e-05,0.0,0.0,0.0,0.0,0.0,0.0,0.001378043,0.0,0.0,0.0,0.0,0.000141338,0.0,0.0,0.0,0.0,0.000106003,0.0,0.0,0.0,0.0,0.0,0.000989364,0.0,0.0,0.0,0.000353344,0.0,7.07e-05,0.0,0.0,0.0,0.0,0.0,0.0,0.0,0.0,0.0,0.0,0.0,0.0,0.0,0.0,0.0,0.0,0.0,0.0,0.0,0.0,0.0,0.0,3.53e-05,0.0,0.0,0.0,0.0,0.0,0.0,0.0,0.0,0.0,0.0,0.0,0.0,0.0,0.0,0.0,0.000353344,0.0,0.0,0.0,0.0,0.0,0.0,0.0,0.0,0.0,0.0,0.0,0.0,3.53e-05,0.0,0.0,0.0,0.0,0.000671354,0.0,0.0,3.53e-05,0.0,0.0,0.0,0.0,0.0,0.0,0.0,0.0,0.0,0.0,0.0,0.0,0.0,0.0,3.53e-05,0.0,0.0,0.0,0.0,0.0,0.0,0.0,0.0,0.0,0.0,0.0,0.0,0.0,3.53e-05,0.0,0.0,0.0,0.0,0.0,0.0,0.0,0.0,0.0,0.0,0.0,0.0,0.0,0.0,0.0,0.0,0.0,0.0,0.0,0.0,0.0,0.0,0.0,0.0,3.53e-05,0.0,0.0,0.0,0.0,3.53e-05,0.0,0.0,0.0,0.0,0.0,0.0,0.0,0.001095368,0.000671354,0.0,0.0,0.0,0.0,0.0,0.0,0.0,0.0,0.0,0.0,0.0,0.0,0.0,0.0,0.0,0.0,0.0,0.0,0.0,0.0,0.0,0.0,0.0,0.0,0.0,0.0,0.0,0.0,0.0,0.0,0.0,0.0,0.0,0.0,0.0,0.0,0.0,0.0,0.0,0.0,0.0,0.0,0.0,0.0,0.0,0.0,0.0,0.0,0.0,0.0,0.0,0.0,0.0,0.0,0.0,0.0,0.0,0.0,0.0,0.0,0.0,0.0,0.0,0.0,0.0,0.0,0.0,0.0,0.0,0.0,0.0,0.0,0.0,0.0,0.0,0.0,0.0,0.0,0.0,0.0,0.0,0.0,0.0,0.0,0.0,0.0,0.0,0.0,0.0,0.0,0.0,0.0,0.0,0.0,0.0,0.0,0.0,0.0,0.0,0.0,0.0,0.0,0.0,0.0,0.0,0.0,0.0,0.0,0.0,0.0,0.0,0.0,0.0,0.0,0.0,0.0,0.0,0.0,0.0,0.0,0.0,0.0,0.0,0.0,0.0,0.0,0.0,0.0,0.0,0.0,0.0,0.0,0.0,0.0,0.0,0.0,0.0,0.0,0.0,0.0,0.0,0.0,0.0,0.0,0.0,0.0
SRR12478699,0.756395445,0.01456511,0.000536392,0.0,0.0,0.0,0.0,0.0,0.065068493,0.00486879,0.001485394,0.014523849,0.004992573,0.009118666,0.000247566,0.015844199,0.000536392,4.13e-05,0.000123783,8.25e-05,0.00045387,0.005900314,0.001691698,0.048440337,0.000247566,0.000330087,0.0,0.000288827,0.010067668,4.13e-05,0.0,0.017329592,0.0,4.13e-05,0.001898003,0.000247566,0.0,0.0,0.0,0.000165044,0.0,0.0,0.000247566,0.0,0.0,0.000123783,0.001732959,0.0,8.25e-05,0.000288827,0.0,0.0,0.0,0.0,0.0,0.000618914,0.0,0.0,0.0,0.0,0.0,0.0,0.0,0.0,0.0,4.13e-05,0.0,0.0,0.004745007,0.000123783,0.0,0.0,4.13e-05,0.0,0.0,0.0,0.0,0.0,0.006519228,0.0,0.000907741,0.0,8.25e-05,0.000288827,4.13e-05,0.0,0.00045387,4.13e-05,4.13e-05,0.0,0.0,0.001155306,0.0,0.000288827,0.0,4.13e-05,0.001732959,0.0,0.0,8.25e-05,8.25e-05,0.000949001,4.13e-05,8.25e-05,8.25e-05,4.13e-05,0.0,8.25e-05,0.0,0.001031523,4.13e-05,0.0,0.0,0.0,0.0,0.0,0.0,0.0,8.25e-05,0.0,0.0,0.0,8.25e-05,0.0,0.000206305,4.13e-05,0.0,0.000123783,0.0,0.0,4.13e-05,0.0,0.0,0.0,0.0,0.000412609,0.0,0.0,0.0,0.0,0.0,4.13e-05,0.0,0.0,0.0,0.0,0.0,0.0,0.0,8.25e-05,0.0,0.0,0.0,0.0,0.0,0.0,8.25e-05,0.0,0.0,0.0,0.0,0.0,4.13e-05,0.0,0.0,0.0,0.0,0.0,0.0,8.25e-05,0.0,0.0,0.000123783,0.0,0.0,0.0,4.13e-05,0.0,0.0,0.0,0.0,0.0,0.0,0.0,4.13e-05,0.0,0.0,0.0,0.0,0.0,0.0,0.0,0.0,0.0,0.0,0.0,0.0,0.0,0.0,0.0,0.0,0.0,0.0,0.0,0.0,0.0,0.0,0.0,0.0,4.13e-05,0.0,0.0,0.0,0.0,0.0,0.0,0.0,0.0,0.0,4.13e-05,0.0,0.0,4.13e-05,4.13e-05,0.0,0.0,0.0,0.0,0.0,0.0,4.13e-05,0.0,0.0,0.0,0.0,0.0,0.0,0.0,0.0,0.0,0.0,4.13e-05,0.0,0.0,0.0,0.0,0.0,0.0,0.0,0.0,0.0,0.0,0.0,0.0,0.0,0.0,0.0,0.0,0.0,0.0,0.0,0.0,0.0,4.13e-05,0.0,0.0,0.0,0.0,0.0,0.0,0.0,0.0,0.0,0.0,0.0,0.0,0.0,0.0,0.0,0.0,0.0,0.0,0.0,0.0,0.0,0.0,0.0,0.0,0.0,0.0,0.0,0.0,0.0,0.0,0.0,0.0,4.13e-05,0.0,0.0,0.0,0.0,0.0,0.0,4.13e-05,0.0,0.0,0.0,4.13e-05,0.0,0.0,0.0,0.000123783,0.0,0.0,0.0,0.0,0.0,0.0,0.0,0.0,0.0,0.0,0.0,0.0,0.0,0.0,0.0,0.0,0.0,0.0,0.0,0.0,0.0,0.0,4.13e-05,0.0,0.0,0.0,0.0,0.0,0.0,0.0,0.0,0.0,0.0,0.0,0.0,0.0,0.0,0.0,0.0,4.13e-05,0.0,0.0,0.0,0.0,0.0,0.0,0.0,0.0,0.0,0.0,0.0,0.0,0.0,0.0,0.0,0.0,0.0,0.0,0.0,0.0,0.0,0.0,0.0,0.0,0.0,0.0,0.0,0.0,0.0,0.0,0.0,0.0,0.0,0.0,0.0,0.0,0.0,0.0,0.0,0.0,0.0,0.0,0.0,0.0,0.0,0.0,0.0,0.0,0.0,0.0,0.0,0.0,0.0,0.0,0.0,0.0,0.0,0.0,0.0,0.0,0.0,0.0,0.0,0.0,0.0,0.0,0.0,0.0,0.0,0.0,0.0,0.0,0.0,0.0,0.0,0.0,0.0,0.0,0.0,0.0,0.0,0.0,0.0,0.0,0.0,0.0,0.0,0.0,0.0,0.0,0.0,0.0,0.0,0.0,0.0,0.0,4.13e-05,0.0,0.0,0.0,0.0,0.0,0.0,0.0,0.0,0.0,0.0,0.0,4.13e-05,0.0,0.0,0.0,0.0,0.0,0.0,0.0,0.0,0.0,0.0,0.0,0.0,0.0,0.0,0.0,0.0,0.0,0.0,0.0,0.0,0.0,0.0,0.0,0.0,0.0,0.0,0.0,0.0,0.0,0.0,0.0,0.0,0.0,0.0,0.0,0.0,0.0,0.0,0.0,0.0,0.0,0.0,0.0,0.0,0.0,0.0,0.0,0.0,0.0,0.0,0.0,0.0,0.0,0.0,0.0,0.0,0.0,0.0,0.0,0.0,0.0,0.0,0.0,0.0,0.0,0.0,0.0,0.0,0.0,0.0,0.0,0.0,4.13e-05,0.0,0.0,0.0,0.0,0.0,0.0,0.0,0.0,0.0,0.0,0.0,0.0,0.0,0.0,0.0,0.0,0.0,0.0,0.0,0.0,0.0,0.0,0.0,0.0,0.0,0.0,0.0,0.0,0.0,0.0,0.0,0.0,0.0,0.0,0.0,0.0,0.0,0.0,0.0,0.0,0.0,0.0,0.0,0.0,0.0,0.0,0.0,0.0,0.0,0.0,0.0,0.0,0.0,0.0,0.0,0.0,0.0,0.0,0.0,0.0,0.0,0.0,0.0,0.0,0.0,0.0,0.0,0.0,0.0,0.0,0.0,0.0,0.0,0.0,0.0,0.0,0.0,0.0,0.0,0.0,0.0,0.0,0.0,0.0,0.0,0.0,0.0,0.0,0.0,0.0,0.0,0.0,0.0,0.0,0.0,0.0,0.0,0.0,0.0,0.0,0.0,0.0,0.0,0.0,0.0,0.0,0.0,0.0,0.0,0.0,0.0,0.0,0.0,0.0,0.0,0.0,0.0,0.0,0.0,0.0,0.0,0.0,0.0,0.0,0.0,0.0,0.0,0.0,0.0,0.0,0.0,0.0,0.0,0.0,0.0,0.0,0.0,0.0,0.0,0.0,0.0,0.0,0.0,0.0,0.0
SRR12478701,0.733675214,0.037663818,0.001253561,0.0,0.00011396,0.00011396,5.7e-05,0.0,0.062564103,0.018404558,0.002507123,0.005868946,0.007065527,0.010712251,0.00022792,0.007179487,0.00017094,0.00022792,0.0002849,0.000683761,0.000797721,0.005470085,0.001709402,0.025754986,0.000626781,0.00034188,0.0,0.000683761,0.006780627,0.0,0.0,0.009230769,5.7e-05,0.00011396,0.0,0.00034188,0.0,0.0,0.0,0.0,0.00011396,0.0,0.00017094,0.0,0.0,0.00011396,0.000854701,0.0,0.00011396,0.0,5.7e-05,5.7e-05,5.7e-05,0.016296296,5.7e-05,0.003931624,0.0,0.0,0.0,0.0,5.7e-05,5.7e-05,0.0,0.0,0.0,0.0,0.0,0.0,0.00011396,0.0,5.7e-05,0.0,0.0,0.0,0.0,0.0,0.0,0.0,0.005527066,0.0,5.7e-05,0.0,0.0,0.002678063,0.0,0.0,0.000854701,5.7e-05,0.0,0.0,0.0,0.003133903,5.7e-05,0.000626781,0.000911681,0.0,0.003418803,0.0,0.0,0.0,0.00011396,0.000512821,0.00017094,0.00011396,0.001538462,0.0,0.00011396,0.0,0.0,5.7e-05,0.0,0.0,0.0,0.0,0.0,5.7e-05,0.0,0.0,0.0,0.0,0.00034188,0.0,5.7e-05,0.0,0.00011396,0.0,0.0,0.00017094,0.0,0.0,0.0,0.0,0.0,0.0,5.7e-05,0.0002849,0.00017094,0.0,0.0,0.0,0.0,0.00011396,0.0,0.0,0.0,0.011282051,0.0,0.00011396,0.0,5.7e-05,0.0,0.0,0.0,0.0,0.0,0.001253561,0.0,0.0,0.0,0.00011396,0.0,0.0,0.0,0.0,0.0,0.00017094,0.0,0.0,0.0,0.0,0.0,0.0,0.00022792,0.0,0.0,0.0,0.0,0.0,0.0,0.0,0.0,0.00017094,5.7e-05,0.0,0.00011396,0.00034188,0.000626781,0.0,0.0,0.0,0.0,0.0,0.0,0.0,0.0,0.0,0.0,0.0,0.0,0.0,0.0,0.0,0.0,0.0,0.0,0.0,0.0,0.0,0.0,0.0,0.0,0.0,0.0,0.0,0.0,0.0,0.0,0.00011396,0.0,0.0,0.0,0.0,0.0,0.0,0.0,0.0,0.0,0.0,0.0,0.00011396,0.00017094,0.0,0.0,0.0,0.0,0.0,0.0,0.0,0.0,0.0,0.0,0.0,0.0,0.0,0.0,0.0,0.0,0.0,0.0,0.0,0.0,0.0,0.0,0.0,0.0,0.0,0.0,0.0,0.0,0.0,0.0,0.0,0.0,0.0,0.0,0.0,0.0,0.0,0.0,0.0,0.0,0.0,0.0,0.0,0.0,0.0,0.0,0.0,0.0,0.0,0.0,0.0,0.0,0.00039886,0.0,0.0,0.0,0.0,0.0,0.0,0.0,0.0,0.0,0.0,0.0,0.0,0.0,0.0,0.0,0.0,0.0,0.0,5.7e-05,0.0,0.0,0.0,0.0,0.0,0.0,0.0,0.0,5.7e-05,0.0,0.0,0.0,0.0,0.0,0.0,0.0,0.0,0.0,0.0,0.0,0.0,0.0,0.0,0.0,0.0,0.0,0.0,0.0,0.0,0.0,0.0,0.0,0.00011396,0.0,0.0,0.0,0.0,0.0,0.0,0.0,0.0,0.0,0.0,0.0,0.0,0.0,0.0,0.0,5.7e-05,0.0,0.0,0.0,0.0,0.0,0.0,0.0,0.0,0.0,0.0,0.0,0.0,0.0,0.0,0.0,0.0,0.0,0.0,0.0,0.0,0.0,0.00011396,0.0,0.0,0.0,0.0,0.0,0.0,0.0,0.0,0.0,0.0,0.0,0.0,0.0,0.0,0.0,0.0,0.0,0.0,0.0,0.0,0.0,0.0,0.0,0.0,0.0,0.0,0.0,0.0,0.0,0.0,0.0,0.0,0.0,0.0,0.0,0.0,0.0,0.0,0.0,0.0,0.0,0.0,0.0,0.0,0.0,0.0,0.0,0.0,0.0,0.0,0.0,0.0,0.0,0.0,0.0,0.0,0.0,0.0,0.0,0.0,0.0,0.0,0.0,0.0,0.0,0.0,0.0,0.0,0.0,0.0,0.0,0.0,0.0,0.0,0.0,0.0,0.0,0.0,0.0,0.0,0.0,0.0,0.0,0.0,0.0,0.0,0.0,0.0,0.0,0.0,0.0,0.0,0.0,0.0,0.0,0.0,0.0,0.0,0.0,0.0,0.0,0.0,0.0,0.0,0.0,0.0,0.0,0.0,0.0,0.0,0.0,0.0,0.0,0.0,0.0,0.0,0.0,0.0,0.0,0.0,0.0,0.0,0.0,0.0,0.0,0.0,0.0,0.0,0.0,0.0,0.0,0.0,0.0,0.0,0.0,0.0,0.0,0.0,0.0,0.0,0.0,0.0,0.0,0.0,0.0,0.0,0.0,0.0,0.0,0.00011396,0.0,0.0,0.0,0.0,0.0,0.0,0.0,0.0,0.0,0.0,0.0,0.0,5.7e-05,0.0,0.0,0.0,0.0,0.0,0.0,0.0,0.0,0.0,0.0,0.0,0.0,0.0,0.0,0.0,0.0,0.0,0.0,0.0,0.0,0.0,0.0,0.0,0.0,0.0,0.0,0.0,0.0,0.0,0.0,0.0,0.0,0.0,0.0,0.0,0.0,0.0,0.0,0.0,0.0,0.0,0.0,0.0,0.0,0.0,0.0,0.0,0.0,0.0,0.0,0.0,0.0,0.0,0.0,0.0,0.0,0.0,0.0,0.0,0.0,0.0,0.0,0.0,0.0,0.0,0.0,0.0,0.0,0.0,0.0,0.0,0.0,0.0,0.0,0.0,0.0,0.0,0.0,0.0,0.0,0.0,0.0,0.0,0.0,0.0,0.0,0.0,0.0,0.0,0.0,0.0,0.0,0.0,0.0,0.0,0.0,0.0,0.0,0.0,0.0,0.0,0.0,0.0,0.0,0.0,0.0,0.0,0.0,0.0,0.0,0.0,0.0,0.0,0.0,0.0,0.0,0.0,0.0,0.0,0.0,0.0,0.0,0.0,0.0,0.0,0.0,0.0,0.0,0.0,0.0,0.0,0.0,0.0,0.0,0.0,0.0,0.0,0.0,0.0,0.0,0.0,0.0
SRR12478703,0.141467406,0.346349668,0.000227293,0.0,0.004091281,4.55e-05,0.0,0.0,0.147422493,0.008318938,0.006227839,0.001136467,0.018592599,0.001772888,0.001409219,0.001591054,0.000818256,0.000181835,4.55e-05,0.000318211,0.000500045,0.007182471,0.00377307,0.020683699,4.55e-05,0.000181835,0.0,0.003954905,0.043958542,4.55e-05,0.000318211,0.002454769,0.026275116,0.002818438,0.000454587,0.000545504,0.0,4.55e-05,0.0,0.000136376,4.55e-05,0.0,0.000636421,0.0,0.0,0.0,0.020547322,0.000136376,0.001772888,0.01959269,0.000363669,0.000181835,0.0,9.09e-05,0.002682062,0.001181926,0.0,0.0,0.0,9.09e-05,0.002727521,4.55e-05,0.0,9.09e-05,9.09e-05,0.000363669,0.0,0.000545504,4.55e-05,0.0,0.0,0.0,4.55e-05,0.0,0.0,0.0,0.0,0.0,0.005682335,4.55e-05,0.000181835,4.55e-05,0.0,0.003545777,0.0,0.0,0.001318302,0.0,0.0,0.0,0.0,0.002318393,0.0,0.000227293,9.09e-05,4.55e-05,0.000181835,0.0,0.0,0.000363669,4.55e-05,0.005455041,0.0,0.000136376,0.000136376,0.0,0.000454587,0.0,0.0,0.000136376,0.018728975,0.0,0.000136376,0.0,0.0,0.001181926,0.0,0.0,0.000363669,9.09e-05,0.103963997,0.0,0.000181835,0.0,0.000318211,0.0,0.0,0.000500045,9.09e-05,4.55e-05,0.0,4.55e-05,4.55e-05,0.000181835,0.0,0.001227384,0.000136376,0.0,0.0,0.0,0.0,4.55e-05,0.0,0.000909174,0.0,0.0,0.0,9.09e-05,0.0,0.0,0.0,0.0,4.55e-05,4.55e-05,0.0,0.00068188,0.0,0.0,0.0,0.001272843,0.0,0.0,0.0,0.0,0.0,0.001318302,0.0,0.0,0.0,4.55e-05,0.0,0.0,0.000136376,0.0,0.0,0.0,0.0,0.0,0.0,0.0,0.0,0.0,0.0,0.0,9.09e-05,0.0,0.0,4.55e-05,0.0,0.0,0.0,0.0,0.0,0.0,0.0,0.0,0.0,0.000136376,0.0,0.000181835,0.0,0.0,0.0,0.0,4.55e-05,0.0,0.0,0.0,0.0,0.0,0.0,0.0,0.0,0.0,0.0,9.09e-05,0.0,0.0,0.0,0.0,4.55e-05,0.0,0.0,0.0,0.0,0.0,0.0,0.0,0.0,4.55e-05,0.0,0.000272752,4.55e-05,0.0,0.0,9.09e-05,0.0,0.0,0.0,0.0,0.0,0.0,0.0,0.0,0.0,0.0,0.0,0.0,0.0,0.0,0.0,0.0,0.0,0.0,0.0,0.0,0.0,0.0,0.0,0.0,0.0,0.0,0.0,0.0,0.0,0.0,0.0,0.0,0.0,4.55e-05,0.0,0.0,0.0,0.0,0.0,0.0,0.000318211,0.0,0.0,0.0,0.0,4.55e-05,0.0,0.0,0.0,0.000136376,0.0,4.55e-05,0.0,0.0,0.0,0.0,0.0,0.0,0.0,0.0,0.0,0.0,0.0,0.0,0.0,0.0,0.0,0.0,0.000818256,0.0,0.0,0.0,0.0,0.0,0.0,0.0,0.0,4.55e-05,0.0,0.0,0.0,0.0,0.0,0.0,0.0,0.0,0.0,0.0,0.0,0.0,0.0,4.55e-05,0.0,0.0,0.0,0.0,0.0,0.0,0.0,0.0,0.0,0.0,0.0,4.55e-05,0.0,0.0,0.0,0.0,0.0,0.0,0.0,0.0,0.0,0.0,0.0,0.0,0.0,0.0,0.0,0.0,0.0,0.0,0.0,0.0,0.0,0.0,0.0,0.0,0.0,0.0,0.0,0.0,0.0,0.0,0.0,0.0,0.0,0.0,0.0,4.55e-05,0.0,0.0,0.0,0.0,0.0,0.0,0.0,0.0,0.0,0.0,0.0,0.0,0.0,0.0,0.0,0.0,4.55e-05,0.0,0.0,0.0,0.0,0.0,0.0,0.0,0.0,0.0,0.0,4.55e-05,0.0,0.0,0.0,0.0,0.0,0.0,0.0,0.0,0.0,0.0,0.0,0.0,0.0,0.0,0.0,0.0,0.0,0.0,0.0,0.0,0.0,0.0,0.0,0.0,0.0,0.0,0.0,0.0,0.0,0.0,0.0,0.0,0.0,0.0,0.0,0.0,0.0,0.0,0.0,0.0,0.0,0.0,0.0,0.0,0.0,0.0,0.0,0.0,0.0,9.09e-05,0.0,0.0,0.0,0.0,4.55e-05,0.0,0.0,0.0,0.0,0.0,0.0,0.0,0.0,0.0,0.0,0.0,0.0,0.0,0.0,0.0,0.0,0.0,0.0,0.0,0.0,0.0,0.0,0.0,0.0,0.0,0.0,0.0,0.0,0.0,0.0,0.0,0.0,0.0,0.0,0.0,0.0,0.0,0.0,0.0,0.0,0.0,0.0,0.0,0.0,0.0,0.0,0.0,0.0,0.0,0.0,0.000136376,0.0,0.0,0.0,0.0,0.0,0.0,0.0,0.0,0.0,0.0,0.0,0.0,0.0,0.0,0.0,0.0,0.0,0.0,0.0,0.0,0.0,0.0,0.0,0.0,0.0,0.0,0.0,0.0,0.0,4.55e-05,0.0,0.0,0.0,0.0,0.0,0.0,0.0,0.0,0.0,0.0,0.0,0.0,0.0,0.0,0.0,0.0,0.0,0.0,0.0,0.0,0.0,0.0,0.0,0.0,0.0,0.0,0.0,0.0,0.0,0.0,0.0,0.0,0.0,0.0,0.0,0.0,0.0,0.0,0.0,0.0,0.0,0.0,0.0,0.0,0.0,0.0,0.0,0.0,0.0,0.0,0.0,0.0,0.0,0.0,0.0,0.0,0.0,0.0,0.0,0.0,0.0,0.0,0.0,0.0,0.0,0.0,0.0,0.0,0.0,0.0,0.0,0.0,0.0,0.0,0.0,0.0,0.0,0.0,0.0,0.0,0.0,0.0,0.0,0.0,0.0,0.0,0.0,0.0,0.0,0.0,0.0,0.0,0.0,0.0,0.0,0.0,0.0,0.0,0.0,0.0,0.0,0.0,0.0,0.0,0.0,0.0,0.0,0.0,0.0,0.0,0.0,0.0,0.0,0.0,0.0,0.0,0.0,0.0,0.0,0.0,0.0,0.0,0.0,0.0,0.0,0.0,0.0,0.0,0.0,0.0,0.0,0.0,0.0,0.0,0.0,0.0,0.0,0.0,0.0
SRR12478704,0.005895068,0.625270191,0.006582826,0.0,0.0,0.0,0.0,0.0,0.069463549,0.028001572,0.011691884,0.000491256,0.010021615,0.002358027,0.0,0.010218118,0.000393005,0.0,0.000196502,0.005010808,0.002358027,0.003144036,0.000982511,0.062094714,0.00176852,9.83e-05,0.0,0.000491256,0.007761839,0.000294753,0.0,0.000294753,0.024169778,0.0,0.001473767,9.83e-05,0.0,0.0,0.0,0.0,0.0,0.0,0.0,0.0,0.0,0.0,0.000196502,0.0,0.0,0.0,0.000393005,9.83e-05,0.0,9.83e-05,0.0,0.0,0.0,0.0,0.0,0.000294753,0.000786009,0.000589507,0.0,9.83e-05,0.0,9.83e-05,0.0,0.0,0.000196502,0.0,0.000196502,0.0,0.0,0.0,0.0,0.0,0.0,0.0,0.0,9.83e-05,9.83e-05,0.0,0.0,0.00343879,0.0,0.0,9.83e-05,0.0,0.0,0.0,0.0,0.0,0.0,0.0,0.0,0.0,0.0,0.0,0.0,0.000393005,0.0,0.0,0.0,0.000687758,0.000196502,9.83e-05,0.000589507,0.0,0.0,0.000982511,0.0,0.0,0.0,0.000393005,0.0,0.0,0.0,0.0,0.0,0.0,0.008351346,0.0,0.0,0.0,0.0,0.0,0.0,0.0,0.000196502,0.0,9.83e-05,0.0,0.0,0.0,0.0,0.0,0.0,0.0,0.0,0.0,0.0,0.097661623,0.0,0.0,0.0,9.83e-05,0.0,0.0,0.0,0.0,0.0,0.0,0.0,0.0,0.0,0.0,0.0,0.000294753,0.0,0.0,0.0,0.0,0.0,0.0,0.0,0.0,0.0,0.0,0.0,9.83e-05,0.0,0.0,0.000294753,0.0,0.0,0.0,0.0,0.0,0.0,0.0,0.0,0.0,0.0,0.0,0.0,0.0,0.0,0.0,0.0,0.0,0.0,0.0,0.0,0.0,0.0,0.0,0.0,0.0,0.0,0.0,0.0,0.0,0.0,0.0,0.0,0.0,0.0,0.0,0.0,0.0,0.0,0.0,0.0,0.0,0.0,0.0,0.0,0.0,0.0,0.0,0.0,0.0,0.0,0.0,0.0,0.0,0.0,0.0,0.0,0.001080762,0.0,0.0,0.0,0.0,0.0,0.0,0.0,0.0,0.0,0.0,0.0,0.0,0.0,0.0,0.0,0.0,0.0,0.0,0.0,0.0,0.0,0.0,0.000294753,9.83e-05,0.0,0.0,0.0,0.0,0.0,0.0,0.0,0.0,0.0,0.0,0.0,9.83e-05,0.0,0.0,0.0,0.0,0.0,0.0,0.0,0.0,0.0,0.0,0.0,0.0,0.0,0.0,0.0,0.0,0.0,0.0,0.000294753,0.0,0.0,0.0,0.0,0.0,0.0,0.0,0.0,0.0,0.0,0.0,0.0,0.0,0.0,0.0,0.0,0.0,0.0,0.0,0.0,0.0,0.0,0.0,0.0,0.0,0.0,0.0,0.0,0.0,0.0,0.0,0.0,0.0,0.0,0.0,0.0,0.0,0.0,0.0,0.0,0.0,0.0,0.0,0.0,0.0,0.0,0.0,0.0,0.0,0.0,0.0,0.0,0.0,0.0,0.0,0.0,0.0,0.0,0.0,0.0,0.0,0.0,0.0,0.0,0.0,0.0,0.0,0.0,0.0,0.0,0.0,0.0,0.0,0.0,0.0,9.83e-05,0.0,0.0,0.0,0.0,0.0,0.0,0.0,0.0,0.0,0.0,0.0,0.0,0.0,0.0,0.0,0.0,0.0,0.0,0.0,0.0,0.0,0.0,0.0,0.0,0.0,0.0,0.0,0.0,0.0,0.0,0.0,0.0,0.0,0.0,0.0,0.0,0.0,0.0,0.0,0.0,0.0,0.0,0.0,0.0,0.0,0.0,0.0,0.0,0.0,0.0,0.0,0.0,0.0,0.0,0.0,9.83e-05,0.0,0.0,0.0,0.0,0.0,0.0,0.0,0.0,0.0,0.0,0.0,0.0,0.0,0.0,0.0,0.0,0.0,0.0,0.0,0.0,0.0,0.0,0.0,0.0,0.0,0.0,0.0,0.0,0.0,0.0,0.0,0.0,0.0,0.0,0.0,0.0,0.0,0.0,0.0,0.0,0.0,0.0,0.0,9.83e-05,0.0,0.0,0.0,0.0,0.0,0.0,0.0,0.0,0.0,0.0,0.0,0.0,0.0,0.0,0.0,0.0,0.0,0.0,0.0,0.0,0.0,0.0,0.0,0.0,0.0,0.0,0.0,0.0,0.0,0.0,0.0,0.0,0.0,0.0,0.0,0.0,0.0,0.0,0.0,0.0,0.0,0.0,0.0,0.0,0.0,0.0,0.0,0.0,0.0,0.0,0.0,0.0,0.0,0.0,0.0,0.0,0.0,0.0,0.0,0.0,0.0,0.0,0.0,0.0,0.0,0.0,0.0,0.0,0.0,0.0,0.0,0.0,0.0,0.0,0.0,0.0,0.0,0.0,0.0,0.0,0.0,0.0,0.0,0.0,0.0,0.0,0.0,0.0,0.0,0.0,0.0,0.0,0.0,0.0,0.0,0.0,0.0,0.0,0.0,0.0,0.0,0.0,0.0,0.0,0.0,0.0,0.0,0.0,0.0,0.0,0.0,0.0,0.0,0.0,0.0,0.0,0.0,0.0,0.0,0.0,0.0,0.0,0.0,0.0,0.0,0.0,0.0,0.0,0.0,0.0,0.0,0.0,0.0,0.0,0.0,0.0,0.0,0.0,0.0,0.0,0.0,0.0,0.0,0.0,0.0,0.0,0.0,0.0,0.0,0.0,0.0,0.0,0.0,0.0,0.0,0.0,0.0,0.0,0.0,0.0,0.0,0.0,0.0,0.0,0.0,0.0,0.0,0.0,0.0,0.0,0.0,0.0,0.0,0.0,0.0,0.0,0.0,0.0,0.0,0.0,0.0,0.0,0.0,0.0,0.0,0.0,0.0,0.0,0.0,0.0,0.0,0.0,0.0,0.0,0.0,0.0,0.0,0.0,0.0,0.0,0.0,0.0,0.0,0.0,0.0,0.0,0.0,0.0,0.0,0.0,0.0,0.0,0.0,0.0,0.0,0.0,0.0,0.0
SRR12478705,0.000638088,0.469864841,0.002552352,0.0,0.002146296,0.0,0.000232032,0.0,0.323510644,0.00522072,0.005974825,0.001392192,0.006902953,0.007309009,5.8e-05,0.000464064,0.000464064,0.000638088,0.0,5.8e-05,0.001218168,0.001682232,0.003944544,0.028481931,0.001102152,0.0,0.0,0.00116016,0.010847497,0.000638088,0.0,0.013457857,0.00029004,0.000406056,0.003016416,5.8e-05,0.0,0.0,0.0,0.0,0.0,0.0,0.0,0.0,0.0,0.000116016,0.002552352,0.0,0.0,0.000174024,0.000174024,0.000116016,0.0,0.0,0.0,0.000116016,0.0,0.0,0.0,0.000116016,0.001334184,5.8e-05,0.0,0.000116016,0.000116016,5.8e-05,0.0,0.0,0.000348048,0.0,0.0,0.0,5.8e-05,0.0,0.0,0.0,0.0,0.0,0.0,5.8e-05,0.0,0.0,0.0,0.009687337,0.0,0.0,0.0,0.0,0.0,0.0,0.0,0.024943442,0.000754104,0.001856256,0.002552352,5.8e-05,0.0,0.0,0.0,0.001102152,0.0,0.0,0.0,0.002262312,5.8e-05,0.0,0.0,0.0,0.0,0.0,5.8e-05,0.0,5.8e-05,0.0,0.000116016,0.0,0.0,0.0,0.0,0.0,0.000754104,0.0,5.8e-05,0.0,5.8e-05,0.0,0.0,0.000174024,0.000174024,5.8e-05,0.0,0.0,0.0,0.0,0.0,0.012761761,0.0,0.0,0.0,0.0,0.0,0.039561459,5.8e-05,0.000116016,0.000116016,0.0,0.0,0.0,0.0,0.0,0.0,0.000406056,0.000116016,0.0,0.0,0.0,0.0,0.0,0.0,0.0,0.0,0.0,0.0,0.0,0.0,0.0,0.0,0.0,0.0,0.0,0.0,0.0,0.0,0.0,0.0,0.0,0.0,0.0,0.0,0.0,0.0,0.0,0.0,0.0,0.0,0.0,0.0,0.0,0.0,0.0,0.000174024,0.0,0.0,0.0,0.0,0.0,0.0,0.0,0.0,0.0,0.0,0.0,0.0,0.0,0.0,0.0,0.0,0.0,0.0,0.0,0.0,0.0,0.0,0.000116016,0.0,0.0,0.0,0.0,0.0,0.0,0.0,0.0,0.0,0.0,5.8e-05,0.0,0.0,0.0,0.0,0.0,0.0,0.0,0.0,0.0,0.0,0.0,0.0,0.0,0.0,0.0,0.0,0.0,0.0,0.0,0.0,0.0,0.0,0.0,0.0,0.0,0.000174024,0.0,0.0,0.0,0.0,0.0,0.0,0.0,0.0,0.0,0.0,0.0,0.0,0.0,0.0,0.0,0.0,0.0,0.0,0.0,0.0,0.0,0.0,0.0,0.0,0.0,0.0,0.0,0.0,0.0,0.0,0.0,0.0,0.0,0.0,5.8e-05,0.0,0.0,0.0,0.0,0.0,0.0,0.0,0.0,0.0,0.0,0.0,0.0,0.0,0.0,0.0,0.000116016,0.0,0.0,0.0,0.0,0.0,0.0,0.0,0.0,0.0,0.0,0.0,0.0,0.0,0.0,0.0,0.0,0.0,0.0,0.0,0.0,0.0,0.0,5.8e-05,0.0,0.0,0.0,0.0,0.0,0.0,0.0,0.0,0.0,0.0,0.0,0.0,0.0,0.0,0.0,0.0,0.0,0.0,0.0,0.0,0.0,0.0,0.0,0.0,0.0,0.0,0.0,0.0,0.0,0.0,0.0,0.0,0.0,0.0,0.0,0.0,0.0,0.0,0.0,0.0,0.0,0.0,0.0,0.0,0.0,0.0,0.0,0.0,0.0,0.0,0.0,0.0,5.8e-05,0.0,0.00058008,0.0,0.0,0.001102152,0.0,0.0,0.0,0.0,0.0,0.0,0.0,0.0,0.0,0.0,0.0,0.0,0.0,0.0,0.0,0.0,0.0,0.0,0.0,0.0,0.0,0.0,0.0,0.0,0.0,0.0,0.0,0.0,0.0,0.0,0.0,0.0,0.0,0.0,0.0,0.0,0.0,0.0,0.0,0.0,0.0,0.0,0.0,0.0,0.0,0.0,0.0,0.0,0.0,0.0,0.0,0.0,0.0,0.0,0.0,0.0,0.0,0.0,0.0,0.0,0.0,0.0,0.0,0.0,0.0,0.0,0.0,0.0,0.0,0.0,0.0,0.0,0.0,0.0,0.0,0.0,0.0,0.0,0.0,0.0,0.0,0.0,0.0,0.0,0.0,0.0,0.0,0.0,0.0,0.0,0.0,0.0,0.0,0.0,0.0,0.0,0.0,0.0,0.0,0.0,0.0,0.0,0.0,0.0,0.0,0.0,0.0,0.0,0.0,0.0,0.0,0.0,0.0,0.0,0.0,0.0,0.0,0.0,0.0,0.0,0.0,0.0,0.0,0.0,0.0,0.0,0.0,0.0,0.0,0.0,0.0,0.0,0.0,0.0,0.0,0.0,0.0,0.0,0.0,0.0,0.000232032,0.0,0.0,0.0,0.0,0.0,0.0,0.0,0.0,0.0,0.0,0.0,0.0,0.0,0.0,0.0,0.0,0.000116016,0.0,0.0,0.0,0.0,0.0,0.0,0.0,0.0,0.0,0.0,0.0,0.0,0.0,0.0,0.0,0.0,0.0,0.0,0.0,0.0,0.0,0.0,0.0,0.0,0.0,0.0,0.0,0.0,0.0,0.0,0.0,0.0,0.0,0.0,0.0,0.0,0.0,0.0,0.0,0.0,0.0,0.0,0.0,0.0,0.0,0.0,0.0,0.0,0.0,0.0,0.0,0.0,0.0,0.0,0.0,0.0,0.0,0.0,0.0,0.0,0.0,0.0,0.0,0.0,0.0,0.0,0.0,0.0,0.0,0.0,0.0,0.0,0.0,0.0,0.0,0.0,0.0,0.0,0.0,0.0,0.0,0.0,0.0,0.0,0.0,0.0,0.0,0.0,0.0,0.0,0.0,0.0,0.0,0.0,0.0,0.0,0.0,0.0,0.0,0.0,0.0,0.0,0.0,0.0,0.0,0.0,0.0,0.0,0.0,0.0,0.0,0.0,0.0,0.0,0.0,0.0,0.0,0.0,0.0,0.0,0.0,0.0,0.0,0.0,0.0,0.0,0.0,0.0,0.0,0.0,0.0,0.0,0.0,0.0,0.0,0.0,0.0,0.0
SRR12478706,0.892923458,0.010934599,0.0,0.0,0.001031566,0.0,6.88e-05,6.88e-05,0.039199505,0.002338216,0.000550168,0.0,0.00061894,0.000481397,0.000275084,0.001031566,0.0,0.0,6.88e-05,0.0,0.0,0.000481397,0.000825253,0.002682071,0.0,0.0,0.0,0.000137542,0.001237879,0.0,0.0,0.002338216,0.024482498,6.88e-05,0.000894024,0.000343855,0.0,0.0,0.0,0.0,0.0,0.0,6.88e-05,0.0,0.0,0.0,0.000275084,0.0,0.0,0.00061894,0.0,0.0,6.88e-05,0.0,0.0,0.0,0.0,0.0,0.0,6.88e-05,0.004195035,0.000206313,6.88e-05,0.000275084,6.88e-05,0.000550168,0.0,6.88e-05,0.000894024,0.0,0.0,0.0,0.0,0.000343855,0.0,0.0,0.0,0.0,0.0,0.0,0.000481397,0.0,6.88e-05,0.0,6.88e-05,0.0,0.0,0.000137542,0.0,0.0,0.0,0.0,0.0,0.0,6.88e-05,0.0,0.0,0.0,0.0,0.0,0.0,0.0,0.0,0.0,0.0,0.0,0.0,0.0,0.0,0.004332577,0.000137542,0.0,0.0,0.000481397,0.0,0.0,0.0,0.0,0.0,0.0,0.0,0.0,0.0,0.0,0.0,0.0,0.0,0.0,0.000206313,0.000137542,6.88e-05,0.0,0.0,0.0,0.0,0.0,0.0,6.88e-05,0.0,6.88e-05,0.0,0.0,0.0,0.000137542,0.0,0.0,0.0,0.0,0.0,0.0,0.0,0.0,0.0,0.0,0.0,0.0,0.0,0.000687711,0.0,0.0,0.0,0.0,0.0,0.0,0.0,0.0,0.0,0.0,0.0,0.000137542,0.0,0.0,0.0,0.0,0.0,0.0,0.0,0.0,0.0,0.0,0.0,0.0,0.0,0.0,6.88e-05,0.0,0.0,0.0,0.0,0.0,0.0,0.0,0.0,0.0,0.0,0.0,0.0,0.0,6.88e-05,0.000137542,0.0,0.0,0.0,0.0,0.0,0.0,0.0,0.0,0.0,0.0,0.0,0.0,0.0,0.0,0.0,6.88e-05,0.0,0.0,0.0,0.0,0.0,0.0,0.0,0.0,6.88e-05,0.0,0.0,0.0,0.0,0.0,0.0,0.000137542,0.000275084,0.0,0.0,0.000137542,0.0,0.0,0.0,0.0,0.0,0.0,0.0,0.0,0.0,0.0,0.0,0.0,0.0,0.0,0.0,0.0,0.0,0.0,0.0,0.0,0.0,0.0,0.0,0.0,0.0,0.0,0.0,0.000137542,0.0,0.0,0.0,0.0,0.0,0.0,0.0,0.0,0.0,0.0,0.0,0.0,0.0,0.0,0.0,0.0,0.0,0.0,0.0,0.0,0.0,0.000206313,0.0,0.0,0.0,0.0,0.0,0.0,0.0,0.0,0.0,0.0,0.0,0.0,0.0,0.0,0.0,0.0,0.0,6.88e-05,0.0,0.0,0.0,0.0,0.0,0.0,0.0,0.0,0.0,0.0,0.0,0.0,0.0,0.0,0.0,0.0,0.0,0.0,0.0,0.0,0.0,0.0,0.0,0.0,0.0,0.0,0.0,0.0,0.0,0.0,0.0,6.88e-05,0.0,0.0,0.0,0.0,0.0,0.0,0.0,0.0,0.0,0.0,0.0,0.0,0.0,0.0,0.0,0.0,0.0,0.0,0.0,0.000206313,0.0,0.0,0.0,0.0,0.0,0.0,0.0,0.0,0.0,0.0,0.0,0.0,0.0,0.0,0.0,0.0,0.0,0.0,0.0,0.0,0.0,0.0,0.0,0.0,0.0,0.0,0.0,0.0,0.0,0.0,0.0,0.0,0.0,0.0,0.0,0.0,0.0,0.0,0.0,0.0,0.0,0.0,0.0,0.0,0.0,0.0,0.0,0.0,0.0,0.0,0.0,0.0,0.0,0.0,0.0,0.0,0.0,0.0,0.0,0.0,0.0,0.0,0.0,0.0,0.0,0.0,0.0,0.0,0.0,0.0,0.0,0.0,0.0,0.0,0.0,0.0,0.0,0.0,0.0,0.0,0.0,0.0,6.88e-05,0.0,0.0,6.88e-05,0.0,0.0,0.0,0.0,0.0,0.0,0.0,0.0,0.0,0.0,0.0,0.0,0.0,0.0,0.0,0.0,0.0,0.0,0.0,0.0,0.0,0.0,0.0,0.0,0.0,0.0,0.0,0.0,0.0,0.0,0.0,0.0,0.0,0.0,0.0,0.0,0.0,0.0,0.0,0.0,0.0,0.0,0.0,0.0,0.0,0.0,0.0,0.0,0.0,0.0,0.0,0.0,0.0,0.0,0.0,0.0,0.0,0.0,0.0,0.0,0.0,0.0,0.0,0.0,0.0,0.0,0.0,0.0,0.0,0.0,6.88e-05,0.0,0.0,0.0,0.0,0.0,0.0,0.0,0.0,0.0,0.0,0.0,0.0,0.0,0.0,0.0,0.0,0.0,0.0,0.0,0.0,0.0,0.0,0.0,0.0,0.0,0.0,0.0,0.0,0.0,0.0,0.0,0.0,0.0,0.0,0.0,0.0,0.0,0.0,0.0,0.0,0.0,0.0,0.0,0.0,0.0,0.0,0.0,0.0,0.0,0.0,0.0,0.0,0.0,0.0,0.0,0.0,0.0,0.0,0.0,0.0,0.0,0.0,0.0,0.0,0.0,0.0,0.0,0.0,0.0,0.0,0.0,0.0,0.0,0.0,0.0,0.0,0.0,0.0,0.0,0.0,0.0,0.0,0.0,0.0,0.0,0.0,0.0,0.0,0.0,0.0,0.0,0.0,0.0,0.0,0.0,0.0,0.0,0.0,0.0,0.0,0.0,0.0,0.0,0.0,0.0,0.0,0.0,0.0,0.0,0.0,0.0,0.0,0.0,0.0,0.0,0.0,0.0,0.0,0.0,0.0,0.0,0.0,0.0,0.0,0.0,0.0,0.0,0.0,0.0,0.0,0.0,0.0,0.0,0.0,0.0,0.0,0.0,0.0,0.0,0.0,0.0,0.0,0.0,0.0,0.0,0.0,0.0,0.0,0.0,0.0,0.0,0.0,0.0,0.0,0.0,0.0,0.0,0.0,0.0,0.0,0.0,0.0,0.0,0.0,0.0,0.0
SRR12478707,0.404293267,0.023377285,0.00038219,6.37e-05,0.00191095,0.000191095,0.000509587,0.000573285,0.202815466,0.016561564,0.022931397,0.008854067,0.018663609,0.006624626,0.001210268,0.002930123,0.003567106,0.00076438,0.003694503,0.000573285,0.000636983,0.011465698,0.001337665,0.031339576,0.000636983,0.000445888,0.0,0.004586279,0.05853876,0.000891777,0.000127397,0.002229441,0.034014905,0.002611631,0.003503408,0.002993821,0.000191095,0.0,0.000127397,0.000445888,6.37e-05,0.0,0.002611631,0.0,0.0,0.0,0.013249252,0.003184916,0.001082872,0.002611631,0.001019173,0.000191095,0.000254793,0.000445888,0.002930123,0.001847251,0.000191095,0.0,0.0,0.000318492,0.004331486,6.37e-05,0.0,0.000573285,0.001019173,0.000318492,0.0,0.000636983,0.000254793,6.37e-05,0.000127397,0.0,0.000127397,0.000318492,0.000191095,0.0,6.37e-05,0.0,0.000955475,0.0,6.37e-05,6.37e-05,0.00038219,0.007389006,6.37e-05,0.000127397,0.011465698,0.000828078,0.000191095,0.0,0.0,0.000509587,0.0,0.0,0.001592458,0.00076438,0.000318492,6.37e-05,0.0,0.00038219,0.000573285,0.003630805,0.000445888,0.001210268,0.006051341,0.0,0.000318492,0.0,0.0,0.001719855,0.000318492,0.0,0.011210905,0.000318492,6.37e-05,0.001974648,0.0,0.0,0.000191095,0.000191095,0.00267533,0.0,0.001656156,6.37e-05,0.000636983,6.37e-05,0.000191095,0.000573285,0.000318492,0.000254793,0.0,0.0,0.000191095,0.00038219,0.000127397,0.008535576,0.0,0.0,0.0,6.37e-05,6.37e-05,0.000254793,0.000127397,0.0,0.0,0.000318492,0.00114657,0.000127397,0.0,0.0,0.000191095,0.0,0.000127397,0.0,0.0,0.0,6.37e-05,0.000445888,6.37e-05,0.000509587,0.000318492,0.0,0.0,6.37e-05,0.0,0.000254793,0.0,0.0,0.0,0.0,0.0,0.0,0.000191095,0.0,0.0,0.0,0.0,6.37e-05,0.0,0.0,6.37e-05,0.000828078,0.0,0.0,0.000254793,0.000445888,0.000700682,0.0,0.0,0.0,0.000127397,0.000127397,0.0,0.0,6.37e-05,0.0,0.0,0.0,6.37e-05,0.000254793,0.0,0.000127397,0.0,0.0,0.001656156,0.000254793,0.001082872,0.0,0.000191095,0.0,0.0,0.0,0.0,0.0,0.0,0.000127397,6.37e-05,0.000127397,6.37e-05,0.0,0.0,0.0,0.000127397,0.000254793,0.000191095,0.000127397,6.37e-05,6.37e-05,0.0,6.37e-05,6.37e-05,0.00038219,0.000127397,0.0,6.37e-05,0.0,0.0,0.0,0.0,0.0,0.0,0.000127397,0.0,0.0,0.0,0.0,0.0,6.37e-05,0.0,0.0,0.0,0.0,0.000254793,0.0,0.0,0.0,0.0,0.0,0.0,0.0,6.37e-05,0.0,0.000127397,0.0,0.0,0.0,0.0,0.0,0.0,0.000127397,0.0,0.0,0.000191095,0.0,0.0,0.0,0.0,0.0,0.0,0.0,0.0,0.0,0.0,0.0,6.37e-05,0.00038219,0.0,0.0,0.0,6.37e-05,0.0,0.000127397,0.0,6.37e-05,0.0,0.0,6.37e-05,0.0,0.0,0.0,0.000127397,0.0,0.0,0.0,0.0,0.0,0.0,0.0,0.0,6.37e-05,0.0,0.0,0.0,0.0,0.0,0.0,0.0,0.0,0.0,0.0,0.0,6.37e-05,0.0,0.0,0.0,0.0,0.000127397,0.0,0.0,0.0,0.0,0.0,0.0,0.0,0.0,0.0,0.0,0.0,0.0,0.0,0.0,0.0,0.000127397,6.37e-05,0.0,0.0,0.0,0.0,0.0,6.37e-05,0.0,0.0,0.0,0.0,0.0,6.37e-05,0.0,0.0,0.0,0.0,0.0,0.0,0.0,0.0,0.0,0.0,0.0,0.0,6.37e-05,0.0,0.0,0.0,0.0,0.0,0.0,0.0,0.0,6.37e-05,0.0,0.0,0.0,0.0,0.0,0.0,0.0,0.0,0.0,0.000127397,0.0,0.0,0.0,0.0,0.0,0.0,0.0,0.0,0.0,0.0,0.0,0.0,0.0,0.0,0.0,0.0,0.0,0.0,0.0,0.0,0.0,0.0,6.37e-05,0.0,0.0,0.0,0.0,0.0,6.37e-05,0.0,0.0,0.0,0.0,0.0,0.0,0.0,0.0,6.37e-05,0.0,0.0,0.0,0.0,0.0,0.0,0.0,0.0,0.0,0.0,0.0,0.0,0.0,0.0,0.0,0.0,0.0,0.0,0.0,6.37e-05,0.0,0.0,0.0,0.0,0.0,0.0,0.0,0.0,0.0,0.0,0.0,0.0,0.0,0.0,0.0,0.0,0.0,0.0,0.0,0.0,0.0,0.0,0.0,0.0,0.0,0.0,0.0,0.0,0.0,0.0,0.0,0.0,6.37e-05,0.0,0.0,0.0,0.0,0.0,0.0,0.0,0.0,0.0,0.0,0.0,0.0,0.0,0.0,0.0,0.0,0.0,0.0,0.0,0.0,0.0,0.0,0.0,0.0,0.0,0.0,0.0,0.0,0.0,0.0,6.37e-05,0.0,0.0,0.0,0.0,0.0,0.0,0.0,0.0,0.0,0.0,0.0,0.0,0.0,0.0,0.0,0.0,6.37e-05,0.0,0.0,0.0,0.0,0.0,0.0,0.0,0.0,0.0,0.0,0.0,0.0,0.0,0.0,6.37e-05,0.000318492,6.37e-05,6.37e-05,6.37e-05,0.0,0.0,0.0,0.0,0.0,0.0,0.0,0.0,0.0,0.0,0.0,0.0,0.0,0.0,0.0,0.0,0.0,0.0,0.0,0.0,0.0,0.0,0.0,0.0,0.0,0.0,0.0,0.0,0.0,0.0,0.0,0.0,0.0,0.0,0.0,0.0,0.0,0.0,0.0,0.0,0.0,0.0,0.0,0.0,0.0,0.0,0.0,0.0,0.0,0.0,0.0,0.0,0.0,0.0,0.0,0.0,0.0,0.0,0.0,0.0,0.0,0.0,0.0,0.0,0.0,0.0,0.0,0.0,0.0,0.0,0.0,0.0,0.0,0.0,0.0,0.0,0.0,0.0,0.0,0.0,0.0,0.0,0.0,0.0,0.0,0.0,0.0,0.0,0.0,0.0,0.0,0.0,0.0,0.0,0.0,0.0,0.0,0.0,0.0,0.0,0.0,0.0,0.0,0.0,0.0,0.0,0.0,0.0,0.0,0.0,0.0,0.0,0.0,0.0,0.0,0.0,0.0,0.0,0.0,0.0,0.0,0.0,0.0,0.0,0.0,0.0,0.0,0.0,0.0,0.0,0.0,0.0,0.0
SRR12478708,0.009359183,0.548849203,0.001623532,0.0,0.000191004,0.0,0.000382007,0.000382007,0.084519148,0.015566804,0.008308662,0.0,0.055009073,0.009454684,0.000955019,0.03743673,0.003151561,0.000382007,0.000859517,0.003247063,0.003629071,0.009645688,0.003629071,0.065896285,9.55e-05,0.000382007,0.0,0.00105052,0.024448477,0.000191004,0.0,0.01126922,0.0,9.55e-05,0.001337026,0.003438067,0.0,0.0,9.55e-05,0.000191004,0.000191004,0.0,9.55e-05,0.0,0.0,0.0,0.001814535,0.0,0.0,0.001241524,0.000191004,0.000191004,9.55e-05,0.000191004,0.0,0.000191004,0.0,0.0,0.0,0.000286506,0.003915576,0.000191004,0.0,0.000286506,9.55e-05,0.000286506,0.0,0.0,0.002101041,0.0,0.0,0.0,0.000191004,0.000573011,9.55e-05,0.0,0.0,0.0,0.001814535,9.55e-05,0.00152803,0.0,9.55e-05,0.003438067,0.0,0.00305606,0.000859517,0.000764015,0.0,0.0,0.0,0.031515615,0.000191004,0.002292045,0.0,9.55e-05,0.015184796,0.0,0.0,0.000573011,0.000191004,0.000191004,0.0,0.0,0.000382007,0.0,0.0,0.0,0.0,0.002292045,0.0,0.0,9.55e-05,0.000191004,0.0,0.0,0.0,0.0,0.0,9.55e-05,0.004297584,0.0,9.55e-05,0.0,0.000286506,0.0,0.0,0.0,0.000191004,0.000191004,9.55e-05,0.0,0.0,0.0,0.0,0.0,0.0,0.0,9.55e-05,0.0,0.000191004,0.003533569,0.0,0.0,0.0,0.0,0.0,0.000477509,0.0,0.0,0.000191004,9.55e-05,0.000668513,0.0,0.0,9.55e-05,0.0,0.0,0.0,0.0,0.0,0.0,0.0,0.0,0.0,0.0,0.0,0.0,9.55e-05,0.0,0.0,0.0,0.000191004,0.0,0.000382007,0.0,0.0,0.0,0.0,0.0,0.0,9.55e-05,0.0,0.0,0.0,9.55e-05,0.0,0.0,0.0,0.0,0.0,0.0,9.55e-05,0.0,0.0,0.0,0.0,0.000191004,0.0,9.55e-05,9.55e-05,0.0,0.0,0.0,0.000573011,0.0,0.0,0.0,0.0,9.55e-05,0.0,0.0,0.0,0.0,0.0,0.0,0.0,0.0,0.0,9.55e-05,0.0,0.0,0.0,0.0,0.0,0.0,9.55e-05,0.0,0.0,0.0,0.0,0.000286506,9.55e-05,0.0,0.0,0.0,0.0,0.0,0.0,9.55e-05,0.0,0.000191004,0.0,0.0,0.0,0.0,0.0,9.55e-05,0.0,0.0,0.0,9.55e-05,0.0,0.0,0.0,0.0,0.0,0.0,9.55e-05,0.0,0.0,0.0,0.0,0.0,0.0,0.0,0.0,0.0,0.0,0.000191004,0.0,0.0,0.0,0.0,0.0,9.55e-05,0.0,0.0,0.0,0.0,0.0,0.0,0.0,0.0,0.0,0.000286506,0.0,0.0,0.0,0.0,0.0,0.0,9.55e-05,0.0,0.0,0.0,0.0,0.0,0.0,0.0,0.0,0.0,0.0,0.0,0.0,0.0,0.0,0.000191004,9.55e-05,0.0,0.0,0.0,9.55e-05,0.0,0.0,0.0,0.0,0.0,0.0,0.0,0.001146022,0.0,0.0,0.0,0.0,0.0,0.0,9.55e-05,0.0,0.0,0.0,0.0,0.0,0.0,0.0,0.000477509,0.0,0.0,0.0,0.0,0.0,0.0,0.0,0.0,0.0,0.0,0.0,0.0,0.0,0.0,0.0,0.0,0.0,0.0,0.0,9.55e-05,0.0,0.0,9.55e-05,0.0,0.0,0.0,0.0,0.0,9.55e-05,0.0,0.0,0.0,0.0,0.0,0.0,0.0,9.55e-05,0.0,0.0,0.0,0.0,0.0,0.0,0.0,0.0,0.0,9.55e-05,0.0,0.0,0.0,9.55e-05,0.0,0.0,0.0,0.0,0.0,0.0,0.0,0.0,0.0,0.0,0.0,0.0,9.55e-05,0.0,0.0,0.0,0.0,0.0,0.0,0.0,0.0,0.0,0.0,0.0,0.0,0.0,0.0,0.0,0.0,0.0,0.0,0.0,0.0,0.0,0.0,0.0,0.0,0.0,0.0,0.0,0.0,0.0,0.0,0.0,0.0,0.0,0.0,0.0,0.0,0.0,0.0,0.0,0.0,0.0,0.0,9.55e-05,0.0,0.0,0.0,0.0,0.0,0.0,0.0,0.0,0.0,0.0,0.0,0.0,0.0,0.0,0.0,0.0,0.0,0.0,0.0,0.0,0.0,0.0,0.0,0.0,0.0,0.0,0.0,0.0,0.0,0.0,0.0,0.0,0.0,0.0,0.0,0.0,0.0,9.55e-05,0.0,0.0,0.0,0.0,0.0,0.0,0.0,0.0,0.0,9.55e-05,0.0,0.0,0.0,0.0,0.0,0.0,0.0,0.0,0.0,0.0,0.0,0.0,0.0,0.0,0.0,0.0,0.0,0.0,0.0,0.0,0.0,0.0,0.0,0.0,0.0,0.0,0.0,0.0,0.0,0.0,0.0,0.0,9.55e-05,9.55e-05,0.0,0.0,0.0,0.0,0.0,0.0,0.0,0.0,0.0,0.0,0.0,0.0,0.0,0.0,0.0,0.0,0.0,0.0,0.0,0.0,0.0,9.55e-05,9.55e-05,0.0,0.0,0.0,0.0,0.0,0.0,0.0,0.0,0.0,0.0,0.0,0.0,0.0,0.0,0.0,0.0,0.0,0.0,0.0,0.0,0.0,0.0,0.0,0.0,0.0,0.0,0.0,0.0,0.0,0.0,0.0,0.0,0.0,0.0,0.0,0.0,0.0,0.0,0.0,0.0,0.0,0.0,0.0,0.0,0.0,0.0,0.0,0.0,0.0,0.0,0.0,0.0,0.0,0.0,0.0,0.0,0.0,0.0,0.0,0.0,0.0,0.0,0.0,0.0,0.0,0.0,0.0,0.0,0.0,0.0,0.0,0.0,0.0,0.0,0.0,0.0,0.0,0.0,0.0,0.0,0.0,0.0,0.0,0.0,0.0,0.0,0.0,0.0,0.0,0.0,0.0,0.0,0.0,0.0,0.0,0.0,0.0,0.0,0.0,0.0,0.0,0.0,0.0,0.0,0.0,0.0,0.0,0.0,0.0,0.0,0.0,0.0,0.0,0.0,0.0,0.0,0.0,0.0,0.0,0.0,0.0,0.0,0.0,0.0,0.0,0.0,0.0,0.0,0.0,0.0,0.0
SRR12478709,0.40563431,0.161280634,0.004685247,0.0,0.022224892,6.01e-05,0.000180202,0.000120135,0.1283037,0.002823162,0.005225853,6.01e-05,0.006307064,0.005706391,6.01e-05,0.064392119,0.001021144,0.000120135,0.000480538,0.000901009,0.001141278,0.00949063,0.002703027,0.053700144,0.000240269,0.000240269,0.0,0.000240269,0.009010091,0.000180202,0.0,0.021083614,6.01e-05,0.002102355,0.00132148,0.001261413,0.0,0.0,0.0,0.0,0.0,0.0,0.000300336,0.0,0.0,0.000120135,0.001201346,0.0,0.0,0.003063431,6.01e-05,6.01e-05,0.000240269,0.029072561,0.0,0.000420471,6.01e-05,0.0,0.0,0.0,0.000780875,0.000780875,0.0,6.01e-05,0.000120135,0.0,0.0,0.000180202,0.00132148,0.0,0.0,0.0,0.0,0.000120135,0.0,0.0,0.0,0.0,0.000300336,0.000180202,0.000600673,6.01e-05,0.0,0.001922153,0.0,0.0,0.003904373,0.000180202,6.01e-05,0.0,0.0,0.012914464,0.000600673,0.001441615,0.001021144,0.0,0.003784238,0.0,0.0,0.000780875,6.01e-05,0.000840942,6.01e-05,0.000180202,0.000180202,0.0,0.0,0.0,0.0,0.00198222,0.0,0.0,0.000180202,6.01e-05,6.01e-05,0.000961076,0.0,0.0,0.0,0.0,0.000420471,0.0,0.000600673,0.0,0.001021144,0.0,0.000120135,0.000120135,0.000240269,0.0,0.0,0.0,0.0,0.000120135,0.000180202,0.000480538,0.0,0.000120135,0.0,0.0,0.0,0.004805382,0.0,0.0,0.0,0.0,0.0,0.000240269,0.0,0.0,0.000120135,0.000180202,0.0,0.0,0.0,6.01e-05,0.0,0.001141278,0.0,6.01e-05,0.0,0.0,0.0,0.000540605,0.0,0.0,0.0,6.01e-05,0.0,0.0,0.0,0.0,0.0,0.0,6.01e-05,0.0,0.0,0.0,0.0,0.0,0.0,6.01e-05,0.0,0.0,0.000120135,0.000480538,0.001201346,0.0,0.0,0.0,0.0,0.000120135,0.0,6.01e-05,0.0,0.0,0.0,0.0,0.0,6.01e-05,0.0,0.0,0.0,0.0,0.000600673,0.0,0.000120135,0.0,0.0,0.0,0.0,0.0,0.0,0.0,0.0,6.01e-05,0.0,0.000240269,0.0,6.01e-05,0.0,6.01e-05,0.0,0.000120135,6.01e-05,0.0,0.0,0.0,0.0,0.0,0.0,0.0,0.0,0.000180202,0.0,0.0,0.0,0.0,0.0,0.0,0.0,0.0,0.0,0.000120135,0.0,0.0,0.0,6.01e-05,0.0,0.0,0.0,0.0,0.0,0.0,0.0,0.0,0.0,0.0,0.0,0.0,0.0,0.0,0.0,0.0,6.01e-05,0.0,0.0,6.01e-05,0.0,0.0,0.0,0.0,0.0,0.0,0.0,0.0,0.0,0.0,0.0,0.0,0.0,0.000180202,0.0,0.0,6.01e-05,0.000120135,0.0,0.0,0.0,0.0,0.0,0.0,6.01e-05,0.0,0.0,0.0,0.0,0.0,0.0,0.0,0.0,0.0,0.0,0.0,0.0,0.0,0.0,0.0,0.0,0.0,0.0,0.0,0.0,0.0,6.01e-05,0.0,0.0,0.0,0.0,0.0,0.0,0.0,0.0,0.0,6.01e-05,0.0,0.0,6.01e-05,0.0,0.0,0.0,0.0,0.0,0.0,0.0,0.0,0.0,0.0,0.0,0.0,0.0,0.0,0.0,0.0,0.0,0.0,0.0,0.0,0.0,0.0,0.0,0.0,0.0,0.0,0.0,0.0,0.0,0.0,0.0,0.0,0.0,0.0,0.0,0.0,0.0,6.01e-05,0.0,0.0,0.0,6.01e-05,0.0,0.0,0.0,0.0,0.0,0.0,0.0,0.0,0.0,6.01e-05,0.0,0.0,0.0,0.0,6.01e-05,0.0,0.0,0.0,0.0,0.0,6.01e-05,0.0,0.0,0.0,0.0,0.0,0.0,0.0,0.0,0.0,0.0,0.0,0.0,0.0,0.0,0.0,0.0,0.0,0.0,0.0,0.0,0.001561749,0.0,0.0,0.0,0.0,0.0,0.0,0.0,0.0,0.0,0.0,0.0,0.0,0.0,0.0,0.0,0.0,0.0,0.0,0.0,0.0,0.0,0.0,0.0,0.0,0.0,0.0,0.0,0.0,0.0,0.0,0.0,0.0,0.0,0.0,0.0,0.0,0.0,0.0,0.0,0.0,0.0,0.0,0.0,0.0,0.0,0.0,0.0,0.0,0.0,0.0,0.0,0.0,0.0,0.0,0.0,0.0,0.0,0.0,0.0,0.0,0.0,0.0,0.0,0.0,0.0,0.0,0.0,0.0,0.0,0.0,0.0,0.0,0.0,0.0,0.0,0.0,0.0,0.0,0.0,0.0,0.0,0.0,0.0,0.0,0.0,0.0,0.0,0.0,0.0,0.0,0.0,0.0,0.0,0.0,0.0,0.0,0.0,0.0,0.0,0.0,0.0,0.0,0.0,0.0,0.000180202,0.0,0.0,0.0,0.0,0.0,0.0,0.0,0.0,0.0,0.0,0.0,0.0,0.0,0.0,0.0,0.0,0.0,0.0,0.0,0.0,0.0,0.0,0.0,0.0,0.0,0.0,0.0,0.0,0.0,0.0,0.0,6.01e-05,6.01e-05,0.0,0.0,0.0,0.0,0.0,0.0,0.0,0.0,0.0,0.0,0.0,0.0,0.0,0.0,0.0,0.0,0.0,0.0,0.0,0.0,0.0,0.0,0.0,0.0,0.0,0.0,0.0,0.0,0.0,0.0,0.0,0.0,0.0,0.0,0.0,0.0,0.0,0.0,0.0,0.0,0.0,0.0,0.0,0.0,0.0,0.0,0.0,0.0,0.0,0.0,0.0,0.0,0.0,0.0,0.0,0.0,0.0,0.0,0.0,0.0,0.0,0.0,0.0,0.0,0.0,0.0,0.0,0.0,0.0,0.0,0.0,0.0,0.0,0.0,0.0,0.0,0.0,0.0,0.0,0.0,0.0,0.0,0.0,0.0,0.0,0.0,0.0,0.0,0.0,0.0,0.0,0.0,0.0,0.0,0.0,0.0,0.0,0.0,0.0,0.0,0.0,0.0,0.0,0.0,0.0,0.0,0.0,0.0,0.0,0.0,0.0,0.0,0.0,0.0,0.0,0.0,0.0,0.0,0.0,0.0,0.0,0.0,0.0,0.0,0.0,0.0,0.0,0.0,0.0
SRR12478710,0.002536998,0.000951374,0.0,0.0,0.000317125,0.0,0.0,0.0,0.348520085,0.009196617,0.005708245,0.000211416,0.032663848,0.000845666,0.002325581,0.134883721,0.002008457,0.000528541,0.00243129,0.004122622,0.0,0.024312896,0.031501057,0.236680761,0.000317125,0.001691332,0.0,0.001374207,0.026427061,0.000211416,0.000105708,0.000211416,0.000528541,0.001057082,0.051691332,0.005285412,0.000211416,0.000105708,0.000528541,0.000422833,0.000105708,0.0,0.002536998,0.0,0.0,0.000951374,0.002959831,0.001374207,0.000317125,0.000211416,0.0,0.0,0.000211416,0.000211416,0.0,0.001374207,0.0,0.0,0.0,0.001057082,0.02410148,0.000634249,0.000211416,0.001585624,0.000739958,0.002325581,0.0,0.000317125,0.000739958,0.0,0.0,0.0,0.000211416,0.001057082,0.0,0.0,0.000211416,0.0,0.000211416,0.000105708,0.0,0.000105708,0.0,0.0,0.0,0.001902748,0.000105708,0.000105708,0.0,0.0,0.000105708,0.000105708,0.0,0.0,0.0,0.0,0.0,0.0,0.000105708,0.000528541,0.000105708,0.001374207,0.000845666,0.0,0.000528541,0.0,0.0,0.000105708,0.0,0.000105708,0.002325581,0.0,0.0,0.001479915,0.000528541,0.0,0.0,0.0,0.0,0.000317125,0.001374207,0.0,0.000634249,0.0,0.000105708,0.0,0.0,0.000105708,0.001162791,0.000528541,0.000211416,0.0,0.000422833,0.000634249,0.000105708,0.000528541,0.0,0.0,0.0,0.0,0.000211416,0.000845666,0.0,0.0,0.0,0.000105708,0.0,0.0,0.0,0.0,0.0,0.0,0.0,0.0,0.0,0.000634249,0.0,0.000211416,0.0,0.0,0.0,0.0,0.0,0.0,0.0,0.0,0.0,0.0,0.0,0.0,0.0,0.0,0.000105708,0.0,0.000634249,0.0,0.0,0.0,0.0,0.0,0.0,0.0,0.0,0.0,0.0,0.0,0.0,0.0,0.0,0.0,0.000105708,0.0,0.0,0.0,0.0,0.0,0.0,0.0,0.000105708,0.000422833,0.0,0.0,0.0,0.0,0.0,0.0,0.0,0.0,0.0,0.0,0.0,0.0,0.0,0.0,0.0,0.000105708,0.0,0.0,0.0,0.0,0.0,0.0,0.000105708,0.0,0.000105708,0.0,0.0,0.0,0.0,0.000739958,0.0,0.001162791,0.000105708,0.000105708,0.0,0.000317125,0.0,0.0,0.0,0.000105708,0.0,0.0,0.0,0.0,0.0,0.0,0.0,0.0,0.0,0.0,0.0,0.000105708,0.0,0.0,0.0,0.0,0.0,0.0,0.0,0.0,0.0,0.0,0.0,0.0,0.0,0.0,0.0,0.0,0.0,0.000317125,0.0,0.0,0.0,0.0,0.0,0.0,0.0,0.0,0.0,0.0,0.0,0.0,0.0,0.0,0.0,0.001374207,0.0,0.0,0.0,0.0,0.0,0.0,0.000105708,0.0,0.0,0.000105708,0.0,0.0,0.0,0.0,0.0,0.0,0.0,0.0,0.0,0.0,0.000105708,0.0,0.0,0.0,0.0,0.0,0.0,0.0,0.0,0.0,0.000105708,0.0,0.0,0.0,0.0,0.0,0.0,0.0,0.0,0.0,0.0,0.0,0.0,0.0,0.0,0.0,0.0,0.000105708,0.0,0.000105708,0.0,0.0,0.0,0.0,0.0,0.0,0.0,0.0,0.0,0.0,0.0,0.0,0.0,0.0,0.0,0.0,0.0,0.0,0.0,0.000211416,0.000105708,0.0,0.0,0.0,0.0,0.0,0.0,0.0,0.0,0.0,0.0,0.0,0.0,0.0,0.0,0.0,0.0,0.000105708,0.0,0.0,0.0,0.0,0.0,0.0,0.0,0.0,0.0,0.0,0.0,0.0,0.0,0.0,0.0,0.0,0.0,0.0,0.0,0.0,0.0,0.0,0.0,0.000105708,0.0,0.0,0.0,0.0,0.0,0.0,0.0,0.0,0.0,0.0,0.0,0.0,0.0,0.0,0.0,0.0,0.0,0.0,0.0,0.0,0.0,0.0,0.0,0.0,0.0,0.0,0.0,0.0,0.0,0.0,0.0,0.0,0.0,0.0,0.0,0.0,0.0,0.0,0.0,0.000105708,0.0,0.0,0.0,0.000105708,0.0,0.0,0.0,0.0,0.000105708,0.0,0.0,0.0,0.0,0.0,0.0,0.0,0.0,0.0,0.0,0.0,0.0,0.0,0.0,0.0,0.0,0.0,0.0,0.0,0.0,0.0,0.0,0.0,0.0,0.0,0.0,0.0,0.0,0.0,0.0,0.0,0.0,0.0,0.0,0.0,0.0,0.0,0.0,0.0,0.0,0.0,0.0,0.0,0.0,0.0,0.0,0.0,0.0,0.0,0.0,0.0,0.0,0.0,0.0,0.0,0.0,0.0,0.0,0.0,0.0,0.0,0.0,0.0,0.0,0.0,0.0,0.0,0.0,0.0,0.0,0.0,0.0,0.0,0.0,0.0,0.0,0.0,0.0,0.0,0.0,0.0,0.0,0.0,0.0,0.0,0.0,0.0,0.000105708,0.0,0.0,0.0,0.0,0.0,0.0,0.0,0.0,0.0,0.0,0.0,0.0,0.0,0.0,0.0,0.000105708,0.0,0.0,0.0,0.0,0.0,0.0,0.0,0.0,0.0,0.0,0.0,0.0,0.0,0.0,0.0,0.0,0.0,0.0,0.0,0.0,0.0,0.0,0.0,0.0,0.0,0.0,0.0,0.0,0.0,0.0,0.0,0.0,0.0,0.0,0.0,0.0,0.0,0.0,0.0,0.0,0.0,0.0,0.0,0.0,0.0,0.0,0.0,0.0,0.0,0.0,0.0,0.0,0.0,0.0,0.0,0.0,0.0,0.0,0.0,0.0,0.0,0.0,0.0,0.0,0.0,0.0,0.0,0.0,0.0,0.0,0.0,0.0,0.0,0.0,0.0,0.0,0.0,0.0,0.0,0.0,0.0,0.0,0.0,0.0,0.0,0.0,0.0,0.0,0.0,0.0,0.0,0.0,0.0,0.0,0.0,0.0,0.0,0.0,0.0,0.0,0.0,0.0,0.0,0.0,0.0,0.0,0.0,0.0,0.0,0.0,0.0,0.0,0.0,0.0,0.0,0.0,0.0,0.0,0.0,0.0,0.0,0.0,0.0,0.0,0.0,0.0,0.0,0.0
SRR12478711,0.142004881,0.024586459,0.007502486,0.0,0.027117418,9.04e-05,0.000271174,9.04e-05,0.22489379,0.048269005,0.016993582,0.008225617,0.025038416,0.030281117,0.001988611,0.010304619,0.004971527,0.001175088,0.001175088,0.001536654,0.002982916,0.060471843,0.019072584,0.116604899,0.000361566,0.000994305,0.0,0.007864051,0.092199223,0.000271174,0.0,0.007683269,9.04e-05,0.0,0.001717437,0.001898219,0.000542348,0.000271174,0.0,9.04e-05,0.000542348,0.0,0.001446262,0.0,0.0,9.04e-05,0.000542348,0.001446262,0.000271174,0.008496791,9.04e-05,0.000271174,0.000271174,0.000271174,0.0,0.005423484,0.0,0.0,0.0,0.000451957,0.000903914,0.000813523,9.04e-05,0.0,0.000180783,0.0,0.0,9.04e-05,0.000723131,0.0,0.0,0.0,9.04e-05,0.0,0.0,0.0,0.0,0.0,0.003344482,9.04e-05,0.000180783,0.0,0.000180783,0.009400705,0.0,0.0,0.011479707,0.000180783,0.0,0.0,0.0,0.001627045,0.0,0.002530959,0.000994305,0.0,0.002169393,0.0,9.04e-05,0.001717437,0.001446262,0.001355871,0.000813523,0.00063274,0.000542348,0.0,0.000180783,9.04e-05,0.0,9.04e-05,0.000361566,0.0,0.000361566,0.000994305,0.0,0.00126548,0.0,0.0,0.0,0.000542348,0.002892525,0.0,0.00063274,0.0,0.002892525,9.04e-05,0.0,0.0,0.000542348,0.0,0.0,0.0,0.000813523,0.000271174,0.0,0.001446262,0.000271174,0.000180783,9.04e-05,0.0,0.000271174,0.0,0.000723131,0.0,0.0,9.04e-05,0.0,9.04e-05,0.0,0.0,0.0,0.0,0.0,0.0,0.0,0.005604266,0.000180783,0.0,0.0,0.0,0.0,0.0,0.0,0.0,0.0,0.003163699,9.04e-05,0.0,0.0,9.04e-05,0.0,0.0,0.000361566,0.0,0.0,0.0,0.0,0.0,0.0,0.0,0.0,0.006327398,0.0,0.0,0.000361566,0.0,0.0,9.04e-05,0.0,0.0,0.0,0.0,0.000271174,0.0,0.0,0.0,0.0,0.0,0.0,0.0,0.0,0.0,0.0,0.0,0.000723131,9.04e-05,0.01102775,0.0,0.0,0.0,9.04e-05,0.0,0.0,0.0,0.0,0.0,0.0,9.04e-05,9.04e-05,0.0,0.0,0.0,0.000723131,0.0,0.0,0.0,0.0,9.04e-05,0.0,0.0,0.0,0.0,0.0,9.04e-05,0.0,9.04e-05,0.0,0.0,0.0,0.0,0.0,0.000271174,0.0,0.0,0.0,0.0,0.0,9.04e-05,0.0,0.0,0.000180783,9.04e-05,0.0,9.04e-05,0.0,0.0,0.0,0.0,0.0,0.0,0.0,0.0,0.0,0.0,9.04e-05,9.04e-05,0.0,0.0,0.0,0.0,0.0,0.0,0.0,0.0,0.0,0.0,0.0,0.0,0.0,0.0,0.0,0.000542348,0.0,0.0,9.04e-05,9.04e-05,0.0,0.0,0.0,0.0,0.0,9.04e-05,0.0,0.0,0.0,0.0,0.0,0.0,0.0,0.0,0.0,9.04e-05,0.0,0.0,0.0,0.0,0.0,0.0,0.0,0.0,0.0,0.000180783,0.0,0.0,0.000180783,0.0,0.0,0.0,0.0,0.0,9.04e-05,0.0,0.0,0.0,0.0,0.0,0.0,0.0,0.0,0.0,0.0,0.0,0.0,0.0,0.0,9.04e-05,0.0,0.0,0.0,9.04e-05,0.0,0.0,0.0,0.000180783,0.0,0.0,0.0,0.0,0.0,0.0,0.0,0.0,0.0,0.0,0.0,0.0,0.0,0.0,0.0,0.0,0.0,0.0,0.0,0.0,0.0,0.0,0.0,0.0,0.0,0.0,0.0,9.04e-05,0.0,0.0,0.0,0.0,0.0,0.0,0.0,0.0,0.0,0.0,0.0,0.0,0.0,9.04e-05,0.0,0.0,0.0,0.0,0.0,0.0,0.0,0.0,0.0,0.0,0.0,0.0,0.0,0.0,0.0,0.0,9.04e-05,0.0,9.04e-05,0.0,0.0,0.0,0.0,0.0,0.0,0.0,0.0,0.0,0.0,0.0,9.04e-05,0.0,0.0,0.0,0.0,0.0,0.0,0.0,0.0,0.0,0.0,0.0,0.0,0.0,0.0,0.0,0.0,0.0,0.0,0.0,0.0,0.0,0.0,0.0,0.0,0.0,0.0,0.0,0.0,0.0,0.0,0.0,0.0,0.0,0.0,0.0,0.0,0.0,0.0,0.0,0.0,0.0,0.0,0.0,0.0,0.0,0.0,0.0,0.0,0.0,0.0,0.0,0.0,0.0,0.0,0.0,0.0,0.0,0.0,0.0,0.0,0.0,0.0,0.0,0.0,0.0,0.0,0.0,0.0,0.000361566,0.0,0.0,0.0,0.0,0.0,0.0,0.0,0.0,0.0,0.0,0.0,0.0,0.0,0.0,0.0,0.0,0.0,0.0,0.0,0.0,0.0,0.0,0.0,0.0,0.0,0.0,0.0,0.0,0.0,0.0,0.0,0.0,0.0,0.0,0.0,0.0,0.0,0.0,0.0,0.0,0.0,0.0,9.04e-05,0.0,0.0,0.0,0.0,0.0,0.0,0.0,0.0,0.0,0.0,0.0,0.0,0.0,0.0,0.0,0.0,0.0,0.0,0.0,0.0,0.0,0.0,9.04e-05,9.04e-05,9.04e-05,0.000271174,9.04e-05,9.04e-05,0.0,0.0,0.0,0.0,0.0,0.0,0.0,0.0,0.0,0.0,0.0,0.0,0.0,0.0,0.0,0.0,0.0,0.0,0.0,0.0,0.0,0.0,0.0,0.0,0.0,0.0,0.0,0.0,0.0,0.0,0.0,0.0,0.0,0.0,0.0,0.0,0.0,0.0,0.0,0.0,0.0,0.0,0.0,0.0,0.0,0.0,0.0,0.0,0.0,0.0,0.0,0.0,0.0,0.0,0.0,0.0,0.0,0.0,0.0,0.0,0.0,0.0,0.0,0.0,0.0,0.0,0.0,0.0,0.0,0.0,0.0,0.0,0.0,0.0,0.0,0.0,0.0,0.0,0.0,0.0,0.0,0.0,0.0,0.0,0.0,0.0,0.0,0.0,0.0,0.0,0.0,0.0,0.0,0.0,0.0,0.0,0.0,0.0,0.0,0.0,0.0,0.0,0.0,0.0,0.0,0.0,0.0,0.0,0.0,0.0,0.0,0.0,0.0,0.0,0.0,0.0,0.0,0.0,0.0,0.0,0.0,0.0
SRR12478716,0.57408375,0.058147346,0.000895723,0.0,7.46e-05,7.46e-05,0.000149287,0.0,0.22475181,0.015525864,0.00395611,0.000149287,0.007912219,0.00395611,0.001194297,0.00627006,0.00709114,0.000522505,0.000149287,0.000223931,0.000298574,0.007240427,0.000821079,0.014256923,0.000298574,0.000298574,0.0,0.000671792,0.00627006,7.46e-05,0.0,7.46e-05,0.016048369,0.0,0.000746436,0.002537882,7.46e-05,0.0,0.0,0.000373218,7.46e-05,0.0,7.46e-05,0.0,0.0,0.0,0.0,0.0,0.000223931,0.000671792,0.0,7.46e-05,0.0,0.0,0.0,0.0,0.0,0.000223931,0.0,7.46e-05,7.46e-05,7.46e-05,0.0,0.0,0.0,0.0,0.0,0.0,0.000522505,0.0,0.0,0.0,7.46e-05,7.46e-05,0.0,0.0,7.46e-05,0.0,0.000970366,0.000895723,0.00104501,0.0,0.0,0.001194297,0.0,0.00104501,7.46e-05,0.0,0.0,0.0,0.0,0.021571994,0.0,0.001268941,0.0,0.0,0.0,7.46e-05,0.0,0.000447861,0.0,0.0,7.46e-05,0.000298574,0.000373218,0.0,0.0,0.0,0.0,0.000746436,0.001492872,0.0,0.0,7.46e-05,0.0,0.000223931,0.0,0.0,0.0,0.0,0.002388594,0.0,0.000149287,0.0,0.000149287,0.0,0.0,0.000373218,0.0,0.0,0.0,0.0,0.0,0.0,0.0,0.000447861,7.46e-05,0.0,0.0,0.0,0.0,0.00418004,0.0,0.0,0.0,0.0,0.0,0.0,0.0,0.0,0.0,0.0,0.0,0.0,0.0,0.0,0.0,0.0,0.0,0.0,0.0,0.0,0.0,0.0,0.0,0.0,0.0,0.0,0.0,0.0,0.0,0.0,7.46e-05,0.0,0.0,0.0,0.0,0.0,0.0,0.0,0.0,0.0,0.0,0.0,0.0,0.0,0.0,0.0,0.0,0.0,0.0,0.0,0.0,0.0,0.0,0.0,0.0,0.0,0.0,0.0,0.0,0.0,0.0,0.0,0.0,0.0,0.0,0.0,0.0,0.0,0.0,0.0,0.0,0.0,0.0,0.0,0.0,0.0,0.0,0.0,0.0,0.0,0.0,0.0,0.0,0.0,0.0,0.0,0.0,0.0,0.0,0.0,0.0,0.0,0.0,0.0,0.0,0.0,0.0,0.0,0.0,0.0,0.0,0.0,0.0,0.0,0.0,0.0,0.0,0.0,0.0,0.0,0.0,0.0,0.0,0.0,0.0,0.0,0.0,0.0,0.0,0.0,0.0,0.0,0.0,0.0,0.0,0.0,0.0,0.0,0.0,0.0,0.0,0.0,0.0,0.0,0.0,0.0,0.0,0.0,0.0,0.0,0.0,0.0,0.0,0.0,0.0,0.0,0.0,0.0,0.0,0.0,0.0,0.0,0.0,0.0,0.0,0.0,0.0,0.0,0.0,0.0,0.0,0.0,0.0,0.0,0.0,0.0,0.0,0.0,0.0,0.0,0.0,0.0,0.0,7.46e-05,0.0,0.0,0.0,0.0,0.0,0.0,0.0,0.0,0.0,0.0,0.0,0.0,0.0,0.0,0.0,0.0,0.0,0.0,0.0,0.0,0.0,0.0,0.0,0.0,0.0,0.0,0.0,0.0,0.0,0.0,0.0,0.0,0.0,0.0,0.0,0.0,0.0,0.0,0.0,0.0,0.0,0.0,0.0,0.0,0.0,0.0,0.0,0.0,0.0,0.0,0.0,0.0,0.0,0.0,0.0,0.0,7.46e-05,0.0,0.0,0.0,0.0,0.0,0.0,0.0,0.0,0.0,0.0,0.0,0.0,0.0,7.46e-05,0.0,0.0,0.0,0.0,0.0,0.0,0.0,0.0,0.0,0.0,0.0,0.0,0.0,0.0,0.0,0.0,0.0,0.0,0.0,0.0,0.0,0.0,0.0,0.0,0.002239307,0.0,0.0,0.0,0.0,0.0,0.0,0.0,0.0,0.0,0.0,0.0,0.0,0.0,0.0,7.46e-05,0.0,0.0,0.0,0.0,0.0,0.0,0.0,0.0,0.0,0.0,0.0,0.0,0.0,0.0,7.46e-05,0.0,0.0,0.0,0.0,0.0,0.0,0.0,0.0,0.0,0.0,0.0,0.0,0.0,0.0,0.0,0.0,0.0,0.0,0.0,0.0,0.0,0.0,0.0,0.0,0.0,0.0,0.0,0.0,0.0,0.0,0.0,0.0,0.0,0.0,0.0,0.0,0.0,0.0,0.0,0.0,0.0,0.0,0.0,0.0,0.0,0.0,0.0,0.0,0.0,0.0,0.0,0.0,0.0,0.0,0.0,0.0,0.0,0.0,0.0,0.0,0.0,0.0,0.0,0.0,0.0,0.0,0.0,0.0,0.0,0.0,0.0,0.0,0.0,0.0,0.0,0.0,0.0,0.0,0.0,0.0,0.0,0.0,0.0,0.0,0.0,0.0,0.0,0.0,0.0,0.0,0.0,0.0,0.0,0.0,0.0,0.0,0.0,0.0,0.0,0.0,0.0,0.0,0.0,0.0,0.0,0.0,0.0,0.0,0.0,0.0,0.0,0.0,0.0,0.0,0.0,0.0,0.0,7.46e-05,7.46e-05,0.0,0.0,0.0,0.0,0.0,0.0,0.0,0.0,0.0,0.0,0.0,0.0,0.0,0.0,0.0,0.0,0.0,0.0,0.0,0.0,0.0,0.0,0.0,0.0,0.0,0.0,0.0,0.0,0.0,0.0,0.0,0.0,0.0,0.0,0.0,0.0,0.0,0.0,0.0,0.0,0.0,0.0,0.0,0.0,0.0,0.0,0.0,0.0,0.0,0.0,0.0,0.0,0.0,0.0,0.0,0.0,0.0,0.0,0.0,0.0,0.0,0.0,0.0,0.0,0.0,0.0,0.0,0.0,0.0,0.0,0.0,0.0,0.0,0.0,0.0,0.0,0.0,0.0,0.0,0.0,0.0,0.0,0.0,0.0,0.0,0.0,0.0,0.0,0.0,0.0,0.0,0.0,0.0,0.0,0.0,0.0,0.0,0.0,0.0,0.0,0.0,0.0,0.0,0.0,0.0,0.0,0.0,0.0,0.0,0.0,0.0,0.0,0.0,0.0,0.0,0.0,0.0,0.0
SRR12478717,0.25,0.0,0.0,0.0,0.0,0.0,0.0,0.0,0.0,0.0,0.0,0.0,0.0,0.0,0.0,0.0,0.0,0.0,0.0,0.0,0.0,0.0,0.0,0.0,0.0,0.0,0.0,0.0,0.0,0.0,0.0,0.0,0.25,0.0,0.0,0.0,0.0,0.0,0.0,0.0,0.0,0.0,0.0,0.0,0.0,0.0,0.0,0.0,0.0,0.0,0.0,0.0,0.0,0.0,0.0,0.0,0.0,0.25,0.0,0.0,0.0,0.0,0.0,0.0,0.0,0.0,0.0,0.0,0.0,0.0,0.0,0.0,0.0,0.0,0.0,0.0,0.0,0.0,0.0,0.0,0.0,0.0,0.0,0.0,0.0,0.0,0.0,0.0,0.0,0.0,0.0,0.0,0.0,0.0,0.0,0.0,0.0,0.0,0.0,0.0,0.0,0.0,0.0,0.0,0.0,0.0,0.0,0.0,0.0,0.0,0.0,0.0,0.0,0.0,0.0,0.0,0.0,0.0,0.0,0.0,0.0,0.0,0.0,0.0,0.0,0.0,0.0,0.0,0.0,0.0,0.0,0.0,0.0,0.0,0.0,0.0,0.0,0.0,0.0,0.0,0.0,0.0,0.0,0.0,0.0,0.0,0.0,0.0,0.0,0.0,0.0,0.0,0.0,0.0,0.0,0.0,0.0,0.0,0.0,0.0,0.0,0.0,0.0,0.0,0.0,0.0,0.0,0.0,0.0,0.0,0.0,0.0,0.0,0.0,0.0,0.0,0.0,0.0,0.0,0.0,0.0,0.0,0.0,0.0,0.0,0.0,0.0,0.0,0.0,0.0,0.0,0.0,0.0,0.0,0.0,0.0,0.0,0.0,0.0,0.0,0.0,0.0,0.0,0.0,0.0,0.0,0.0,0.0,0.0,0.0,0.0,0.0,0.0,0.0,0.0,0.0,0.0,0.0,0.0,0.0,0.0,0.0,0.0,0.0,0.0,0.0,0.0,0.0,0.0,0.0,0.0,0.0,0.0,0.0,0.0,0.0,0.0,0.0,0.0,0.0,0.0,0.0,0.0,0.0,0.0,0.0,0.0,0.0,0.0,0.0,0.0,0.0,0.0,0.0,0.0,0.0,0.0,0.0,0.0,0.0,0.0,0.0,0.0,0.0,0.0,0.0,0.0,0.0,0.0,0.0,0.0,0.0,0.0,0.0,0.0,0.0,0.0,0.0,0.0,0.0,0.0,0.0,0.0,0.0,0.0,0.0,0.0,0.0,0.0,0.0,0.0,0.0,0.0,0.0,0.0,0.0,0.0,0.0,0.0,0.0,0.0,0.0,0.0,0.0,0.0,0.0,0.0,0.0,0.0,0.0,0.0,0.0,0.0,0.0,0.0,0.0,0.0,0.0,0.0,0.0,0.0,0.0,0.0,0.0,0.0,0.0,0.0,0.0,0.0,0.0,0.0,0.0,0.0,0.0,0.0,0.0,0.0,0.0,0.0,0.0,0.0,0.0,0.0,0.0,0.0,0.0,0.0,0.0,0.0,0.0,0.0,0.0,0.0,0.0,0.0,0.0,0.0,0.0,0.0,0.0,0.0,0.0,0.0,0.0,0.0,0.0,0.0,0.0,0.0,0.0,0.0,0.0,0.0,0.0,0.0,0.0,0.0,0.0,0.0,0.0,0.0,0.0,0.0,0.0,0.0,0.0,0.0,0.0,0.0,0.0,0.0,0.0,0.0,0.0,0.0,0.0,0.0,0.0,0.0,0.0,0.0,0.0,0.0,0.0,0.0,0.0,0.0,0.0,0.0,0.0,0.0,0.0,0.0,0.0,0.0,0.0,0.0,0.0,0.0,0.0,0.0,0.0,0.0,0.0,0.0,0.0,0.0,0.0,0.0,0.0,0.0,0.0,0.0,0.0,0.0,0.0,0.0,0.25,0.0,0.0,0.0,0.0,0.0,0.0,0.0,0.0,0.0,0.0,0.0,0.0,0.0,0.0,0.0,0.0,0.0,0.0,0.0,0.0,0.0,0.0,0.0,0.0,0.0,0.0,0.0,0.0,0.0,0.0,0.0,0.0,0.0,0.0,0.0,0.0,0.0,0.0,0.0,0.0,0.0,0.0,0.0,0.0,0.0,0.0,0.0,0.0,0.0,0.0,0.0,0.0,0.0,0.0,0.0,0.0,0.0,0.0,0.0,0.0,0.0,0.0,0.0,0.0,0.0,0.0,0.0,0.0,0.0,0.0,0.0,0.0,0.0,0.0,0.0,0.0,0.0,0.0,0.0,0.0,0.0,0.0,0.0,0.0,0.0,0.0,0.0,0.0,0.0,0.0,0.0,0.0,0.0,0.0,0.0,0.0,0.0,0.0,0.0,0.0,0.0,0.0,0.0,0.0,0.0,0.0,0.0,0.0,0.0,0.0,0.0,0.0,0.0,0.0,0.0,0.0,0.0,0.0,0.0,0.0,0.0,0.0,0.0,0.0,0.0,0.0,0.0,0.0,0.0,0.0,0.0,0.0,0.0,0.0,0.0,0.0,0.0,0.0,0.0,0.0,0.0,0.0,0.0,0.0,0.0,0.0,0.0,0.0,0.0,0.0,0.0,0.0,0.0,0.0,0.0,0.0,0.0,0.0,0.0,0.0,0.0,0.0,0.0,0.0,0.0,0.0,0.0,0.0,0.0,0.0,0.0,0.0,0.0,0.0,0.0,0.0,0.0,0.0,0.0,0.0,0.0,0.0,0.0,0.0,0.0,0.0,0.0,0.0,0.0,0.0,0.0,0.0,0.0,0.0,0.0,0.0,0.0,0.0,0.0,0.0,0.0,0.0,0.0,0.0,0.0,0.0,0.0,0.0,0.0,0.0,0.0,0.0,0.0,0.0,0.0,0.0,0.0,0.0,0.0,0.0,0.0,0.0,0.0,0.0,0.0,0.0,0.0,0.0,0.0,0.0,0.0,0.0,0.0,0.0,0.0,0.0,0.0,0.0,0.0,0.0,0.0
SRR12478718,0.003082302,0.703730966,0.004140406,0.0,4.6e-05,0.0,0.000598059,4.6e-05,0.176887335,0.00184018,0.004738464,0.0,0.025486498,4.6e-05,0.00092009,0.00142614,4.6e-05,0.000230023,0.000276027,0.000368036,0.000782077,0.001288126,0.001748171,0.005704559,0.001518149,0.000230023,0.0,0.0,0.002484243,4.6e-05,0.0,9.2e-05,0.001702167,0.0,0.00285228,0.000874086,4.6e-05,0.0,4.6e-05,0.0,4.6e-05,0.0,9.2e-05,0.0,0.0,0.0,0.0,0.0,0.0,0.0,0.000230023,0.0,9.2e-05,4.6e-05,0.0,0.0,0.0,0.0,0.0,0.0,0.000276027,0.000138014,0.0,0.0,0.0,0.0,0.0,0.0,0.001518149,9.2e-05,0.0,0.0,4.6e-05,0.000138014,4.6e-05,0.0,0.0,0.0,9.2e-05,0.00050605,0.018171781,4.6e-05,0.000184018,0.0,0.0,0.0,0.0,0.000598059,4.6e-05,0.0,0.0,0.002254221,0.0,0.001334131,0.0,4.6e-05,0.0,0.0,0.0,0.0,4.6e-05,0.0,0.0,0.0,0.0,4.6e-05,0.0,0.0,0.0,0.003312325,0.0,0.0,0.0,0.0,0.0,0.0,0.0,0.0,0.0,0.0,0.006256613,0.0,0.000184018,0.0,0.0,4.6e-05,0.0,4.6e-05,0.0,4.6e-05,9.2e-05,0.0,4.6e-05,0.0,4.6e-05,0.0,0.0,0.000138014,0.0,0.0,0.0,0.010857064,4.6e-05,0.0,0.0,0.0,0.0,0.0,0.0,0.0,0.0,0.0,0.000368036,0.0,0.0,0.0,0.0,0.0,4.6e-05,0.0,0.0,0.0,4.6e-05,0.0,0.0,0.0,0.0,0.0,0.0,9.2e-05,0.0,0.0,0.000138014,0.0,4.6e-05,0.0,0.0,0.0,0.0,0.0,0.0,0.0,0.0,0.0,0.0,0.0,0.0,0.0,0.0,0.0,0.0,0.0,0.0,0.0,0.0,0.0,0.0,4.6e-05,0.0,0.0,0.0,0.0,0.0,0.0,4.6e-05,0.0,0.0,0.0,0.0,0.0,0.0,0.0,0.0,0.0,0.0,0.0,0.0,0.0,0.0,0.0,0.0,0.0,0.0,0.0,0.0,0.0,0.0,0.0,0.004278419,0.0,0.0,0.0,0.0,0.0,0.0,9.2e-05,0.0,0.0,0.0,0.0,0.0,4.6e-05,0.0,0.0,0.0,0.0,0.0,0.0,0.0,0.0,4.6e-05,4.6e-05,0.0,4.6e-05,0.0,0.0,0.0,0.0,0.0,0.0,0.0,9.2e-05,0.0,9.2e-05,0.0,0.0,0.0,0.0,0.0,0.0,0.0,0.0,4.6e-05,0.0,0.0,0.0,0.0,0.0,0.0,0.0,0.0,0.0,0.0,0.0,0.0,9.2e-05,0.0,0.0,0.0,0.0,0.0,0.0,0.0,0.0,0.0,0.0,0.0,0.0,0.0,0.0,0.0,0.0,0.0,0.0,0.0,0.0,0.0,0.0,0.0,0.0,0.0,0.0,0.0,0.0,0.0,0.0,0.0,0.0,0.0,0.0,0.0,0.0,0.0,0.0,0.0,0.0,0.0,4.6e-05,0.0,0.0,0.0,0.0,0.0,4.6e-05,0.0,0.001196117,0.0,0.0,0.0,0.0,0.0,0.0,0.0,0.0,0.0,0.0,0.0,0.0,0.0,0.0,0.0,0.0,0.0,0.0,0.0,0.0,0.0,0.0,0.0,4.6e-05,0.0,0.0,0.0,0.0,0.00184018,4.6e-05,0.0,0.0,0.0,0.0,4.6e-05,0.0,0.0,0.0,0.0,0.0,0.0,0.0,0.0,0.0,0.0,4.6e-05,0.0,0.0,0.0,0.0,0.0,4.6e-05,0.0,0.0,0.0,0.0,0.0,0.0,0.0,0.0,0.0,0.0,4.6e-05,0.0,0.0,0.0,0.0,0.0,0.0,0.0,0.0,0.0,0.0,0.0,0.0,0.0,0.0,0.0,0.0,0.0,0.0,0.0,0.0,0.0,0.0,0.0,0.0,0.0,0.0,0.0,0.0,0.0,0.0,0.0,0.0,0.0,0.0,0.0,0.0,0.0,0.0,0.0,0.0,0.0,0.0,0.0,0.0,0.0,0.0,0.0,0.0,0.0,0.0,0.0,0.0,4.6e-05,0.0,0.0,0.0,4.6e-05,0.0,0.0,0.0,0.0,0.0,0.0,0.0,0.0,0.0,0.0,0.0,0.0,0.0,0.0,0.0,0.0,0.0,0.0,0.0,0.0,0.0,0.0,0.0,4.6e-05,0.0,0.0,0.0,0.0,0.0,0.0,4.6e-05,0.0,0.0,0.0,0.0,0.0,0.0,0.0,0.0,0.0,0.0,0.0,0.0,0.0,0.0,0.0,0.0,0.0,0.0,0.0,0.0,0.0,0.0,0.0,0.0,0.0,0.0,0.0,0.0,0.0,0.0,0.0,0.0,0.0,0.0,0.0,0.0,0.0,0.0,0.0,0.0,0.0,0.0,0.0,0.0,0.0,0.0,0.0,0.0,0.0,0.0,0.0,0.0,0.0,0.0,0.0,0.0,0.0,0.0,0.0,0.0,0.0,0.0,0.0,0.0,0.0,0.0,0.0,0.0,0.0,0.0,0.0,0.0,0.0,0.0,4.6e-05,4.6e-05,4.6e-05,0.0,0.0,0.0,0.0,0.0,0.0,0.0,0.0,0.0,0.0,0.0,0.0,0.0,0.0,0.0,0.0,0.0,0.0,0.0,0.0,0.0,0.0,0.0,0.0,0.0,0.0,0.0,0.0,0.0,0.0,0.0,0.0,0.0,0.0,0.0,0.0,0.0,0.0,0.0,0.0,0.0,0.0,0.0,0.0,0.0,0.0,0.0,0.0,0.0,0.0,0.0,0.0,0.0,0.0,0.0,0.0,0.0,0.0,0.0,0.0,0.0,0.0,0.0,0.0,0.0,0.0,0.0,0.0,0.0,0.0,0.0,0.0,0.0,0.0,0.0,0.0,0.0,0.0,0.0,0.0,0.0,0.0,0.0,0.0,0.0,0.0,0.0,0.0,0.0,0.0,0.0,0.0,0.0,0.0,0.0,0.0,0.0,0.0,0.0,0.0,0.0,0.0,0.0,0.0,0.0,0.0,0.0,0.0,0.0,0.0,0.0,0.0,0.0,0.0,0.0
SRR12478721,0.752422601,0.072106545,0.001888386,4.97e-05,0.004870049,0.0,0.000149083,4.97e-05,0.062664613,0.00079511,0.000993888,0.0,0.011032152,0.009591015,0.000248472,0.019082642,0.000646027,0.0,9.94e-05,0.001142971,4.97e-05,0.004720966,0.003478607,0.022312776,0.000347861,4.97e-05,0.0,9.94e-05,0.002335636,0.000447249,0.0,0.007951101,0.000149083,4.97e-05,0.000745416,0.000496944,0.0,0.0,0.0,0.000298166,4.97e-05,0.0,9.94e-05,0.0,0.0,0.001292054,0.000646027,0.0,0.0,9.94e-05,0.0,4.97e-05,0.0,0.000447249,4.97e-05,0.000646027,0.0,0.0,0.0,4.97e-05,4.97e-05,0.0,0.0,0.0,0.0,0.0,0.0,0.0,0.005565771,0.0,0.0,0.0,0.0,9.94e-05,0.0,0.0,0.0,0.0,0.0,0.0,0.000844804,0.0,0.0,4.97e-05,0.0,0.0,4.97e-05,4.97e-05,0.0,0.0,0.0,0.001739303,0.0,0.000646027,0.0,0.0,4.97e-05,0.0,0.0,0.0,0.0,0.0,9.94e-05,0.0,0.000695721,0.0,0.000149083,0.0,0.0,0.002683496,0.000447249,0.0,0.000149083,0.000149083,0.0,0.0,0.0,0.0,0.0,0.0,0.000149083,0.0,0.0,0.0,0.0,0.0,0.0,0.0,0.0,0.0,0.0,0.0,0.0,0.0,0.0,0.0,0.0,0.0,0.0,0.0,0.0,0.000248472,0.0,9.94e-05,0.0,9.94e-05,0.0,0.0,0.0,0.0,0.0,0.0,0.0,0.0,0.0,0.0,4.97e-05,0.0,0.0,0.0,0.0,0.0,0.0,0.0,0.0,9.94e-05,0.0,0.0,0.0,0.0,0.0,0.0,4.97e-05,0.0,0.0,0.0,0.0,0.0,0.0,0.0,4.97e-05,0.0,0.0,0.0,0.0,0.0,9.94e-05,0.0,0.0,0.0,0.0,0.0,4.97e-05,0.0,0.0,0.0,0.0,0.0,0.0,0.0,0.0,0.0,0.0,0.0,0.0,0.0,0.0,0.0,0.0,0.0,0.0,0.0,0.0,0.0,0.0,4.97e-05,0.0,0.0,4.97e-05,0.0,0.0,0.0,0.0,0.0,0.0,0.0,0.0,0.0,0.0,0.0,0.0,0.0,0.0,0.0,0.0,0.0,0.0,0.0,0.0,0.0,0.0,0.0,0.0,0.0,0.0,0.0,0.0,0.0,0.0,0.0,0.0,0.0,0.0,0.0,0.0,0.0,0.0,0.0,0.0,0.0,0.0,0.0,0.0,0.0,0.0,0.0,0.0,0.0,0.0,0.0,0.0,0.0,0.0,0.0,0.0,0.0,0.0,0.0,0.0,0.0,0.0,0.0,0.0,0.0,0.0,0.0,0.0,0.0,0.0,0.0,0.0,0.0,0.0,0.0,0.0,0.0,0.0,0.0,0.0,0.0,0.0,0.0,0.0,0.0,0.0,0.0,0.0,0.0,0.0,0.0,0.0,0.0,0.0,0.0,0.0,0.0,0.0,0.0,0.0,0.0,0.0,0.0,0.0,0.0,0.0,0.0,0.0,0.0,0.0,0.0,0.0,0.0,0.0,0.0,0.0,0.0,0.0,0.0,0.0,0.0,0.0,0.0,0.0,9.94e-05,0.0,0.0,0.0,0.0,0.0,0.0,0.0,0.0,0.0,0.0,0.0,4.97e-05,0.0,0.0,0.0,0.000198778,0.0,0.0,0.0,0.0,0.0,0.0,0.0,0.0,0.0,0.0,0.0,0.0,0.0,0.0,4.97e-05,0.0,0.0,0.0,0.0,0.0,0.0,0.0,0.0,0.0,4.97e-05,0.0,0.0,0.0,0.0,0.0,0.0,0.0,4.97e-05,0.0,0.0,0.0,0.0,0.0,0.0,0.0,0.0,0.0,4.97e-05,0.0,0.0,0.0,0.0,0.0,0.0,4.97e-05,0.0,0.0,0.0,0.0,0.0,0.0,0.0,0.0,0.0,0.0,0.0,0.0,0.0,0.0,0.0,0.0,0.0,0.0,0.0,0.0,0.0,0.0,0.0,0.0,0.0,0.0,0.0,0.0,0.0,0.0,0.0,0.0,0.0,0.0,0.0,0.0,0.0,0.0,0.0,0.0,0.0,0.0,0.0,0.0,0.0,0.0,0.0,0.0,0.0,0.0,0.0,0.0,0.0,0.0,0.0,0.0,0.0,0.0,0.0,0.0,0.0,0.0,0.0,0.0,0.0,0.0,0.0,0.0,0.0,0.0,0.0,0.0,0.0,0.0,0.0,0.0,0.0,0.0,0.0,0.0,0.0,0.0,0.0,0.0,0.0,0.0,0.0,0.0,0.0,0.0,0.0,0.0,0.0,0.0,0.0,0.0,0.0,0.0,0.0,0.0,0.0,0.0,0.0,0.0,0.0,0.0,0.0,0.0,0.0,0.0,0.0,0.0,0.0,0.0,0.0,0.0,0.0,0.0,0.0,0.0,0.0,0.0,0.0,0.0,0.0,0.0,0.0,0.0,0.0,0.0,0.0,0.0,0.0,0.0,0.0,0.0,0.0,0.0,0.0,0.0,0.0,0.0,0.0,0.0,0.0,0.0,0.0,0.0,0.0,0.0,0.0,0.0,0.0,0.0,0.0,0.0,0.0,0.0,0.0,0.0,0.0,0.0,0.0,0.0,0.0,0.0,0.0,0.0,0.0,0.0,0.0,0.0,0.0,0.0,0.0,0.0,0.0,0.0,0.0,0.0,0.0,0.0,0.0,0.0,0.0,0.0,0.0,0.0,0.0,0.0,0.0,0.0,0.0,0.0,0.0,0.0,0.0,0.0,0.0,0.0,0.0,0.0,0.0,0.0,0.0,0.0,0.0,0.0,0.0,0.0,0.0,0.0,0.0,0.0,0.0,0.0,0.0,0.0,0.0,0.0,0.0,0.0,0.0,0.0,0.0,0.0,0.0,0.0,0.0,0.0,0.0,0.0,0.0,0.0,0.0,0.0,0.0,0.0,0.0,0.0,0.0,0.0,0.0,0.0,0.0,0.0,0.0,0.0,0.0,0.0,0.0,0.0,0.0,0.0,0.0,0.0,0.0,0.0,0.0,0.0,0.0,0.0,0.0,0.0,0.0,0.0,0.0,0.0,0.0
SRR12478722,0.005954276,0.62835127,0.032700758,0.0,0.016748392,0.0,0.000222887,0.0,0.004521429,0.00031841,0.005126409,9.55e-05,0.000509457,0.000159205,9.55e-05,0.000127364,0.000191046,0.000191046,0.000191046,0.002865694,3.18e-05,0.043271986,0.000254728,0.000987073,0.008342355,9.55e-05,0.0,9.55e-05,0.000509457,9.55e-05,0.0,0.000191046,0.000127364,0.0,0.037349551,0.000477616,9.55e-05,3.18e-05,0.0,6.37e-05,0.000222887,0.0,0.0,0.0,0.0,3.18e-05,9.55e-05,3.18e-05,0.0,0.0,3.18e-05,0.0,3.18e-05,0.0,0.0,0.0,0.0,0.0,0.0,0.001592052,0.007323441,0.00362988,6.37e-05,0.000859708,0.000191046,0.001241801,0.000159205,0.000159205,0.010666752,0.000254728,6.37e-05,3.18e-05,0.0,0.000700503,6.37e-05,0.000222887,0.0,0.0,3.18e-05,0.0,0.0,0.0,0.0,0.0,3.18e-05,0.0,0.000286569,3.18e-05,0.0,0.0,0.0,0.001560211,0.000445775,0.0,0.000732344,9.55e-05,0.0,0.0,0.0,3.18e-05,3.18e-05,6.37e-05,0.000159205,0.0,3.18e-05,0.0,3.18e-05,0.0,0.0,0.162803286,3.18e-05,0.0,3.18e-05,0.000127364,0.0,0.0,0.0,0.0,0.0,0.0,6.37e-05,0.0,6.37e-05,0.0,0.0,0.0,0.0,3.18e-05,0.001337324,0.000382093,9.55e-05,0.0,0.0,3.18e-05,3.18e-05,3.18e-05,0.0,3.18e-05,3.18e-05,0.0,3.18e-05,0.000222887,6.37e-05,0.000127364,0.0,0.0,0.0,6.37e-05,0.0,0.0,3.18e-05,0.000541298,0.000159205,0.0,0.0,0.0,3.18e-05,0.000764185,0.0,0.0,0.0,0.0,0.000159205,0.0,3.18e-05,6.37e-05,0.0,9.55e-05,0.0,0.0,0.0,0.0,0.0,0.0,0.0,0.0,0.0,0.0,0.0,0.0,0.0,0.0,0.0,0.0,0.0,0.0,0.0,0.0,0.0,0.0,0.0,0.0,0.0,0.0,0.0,0.0,0.0,0.0,3.18e-05,0.000859708,9.55e-05,0.0,0.0,0.0,3.18e-05,0.0,0.0,0.0,0.0,0.0,0.0,3.18e-05,0.0,6.37e-05,0.0,3.18e-05,0.0,0.0,0.0,0.0,0.0,0.0,0.0,0.0,9.55e-05,0.0,0.0,0.0,3.18e-05,0.000350252,0.000732344,0.000573139,0.000127364,0.0,6.37e-05,0.000127364,0.0,0.0,0.0,0.0,0.0,3.18e-05,0.0,0.0,0.0,0.0,0.0,0.0,0.0,0.0,0.0,0.0,0.0,0.0,0.0,0.0,0.0,0.0,0.0,0.0,0.0,0.0,0.0,0.0,0.0,0.0,0.0,0.0,0.0,0.0,0.0,0.0,0.0,0.0,0.0,0.0,0.0,0.0,0.0,0.0,0.0,0.0,6.37e-05,0.0,0.000827867,0.000796026,0.0,0.0,0.0,0.0,0.0,3.18e-05,3.18e-05,0.0,6.37e-05,0.0,0.0,0.0,0.0,0.0,0.0,0.0,0.0,0.0,0.0,0.0,3.18e-05,0.0,3.18e-05,0.0,0.0,0.0,0.0,0.0,0.0,0.0,0.0,0.0,0.0,0.0,0.0,0.0,0.0,0.0,0.0,6.37e-05,3.18e-05,6.37e-05,0.0,0.0,0.0,0.0,0.0,0.0,0.0,0.000350252,0.000127364,9.55e-05,0.0,0.0,0.0,0.0,0.0,0.0,0.0,0.0,3.18e-05,0.0,0.0,0.0,0.0,0.0,0.0,3.18e-05,0.0,0.000222887,0.0,0.0,3.18e-05,0.0,0.0,0.0,3.18e-05,0.0,0.0,0.0,0.0,0.0,0.0,6.37e-05,0.0,0.0,0.0,0.0,0.0,0.0,0.0,6.37e-05,0.0,0.0,0.000159205,0.0,3.18e-05,3.18e-05,0.0,0.0,0.0,0.0,0.0,0.0,3.18e-05,0.0,0.0,0.0,0.0,0.0,3.18e-05,0.0,0.0,0.0,0.0,0.0,0.003406992,0.0,3.18e-05,0.0,0.0,0.0,0.0,0.0,0.0,0.0,0.0,0.0,0.0,0.0,0.0,0.0,0.0,0.0,0.0,0.0,0.0,0.0,0.0,3.18e-05,0.0,0.0,0.0,0.0,0.0,0.0,0.0,0.0,0.0,0.0,0.0,0.0,3.18e-05,0.0,0.0,0.0,0.0,0.0,0.0,0.0,3.18e-05,3.18e-05,3.18e-05,0.0,0.0,0.0,0.0,0.0,0.0,3.18e-05,0.0,0.0,0.0,0.0,0.0,0.0,0.000222887,0.0,0.0,0.0,0.0,0.0,0.0,0.0,0.0,0.0,0.0,0.0,0.0,0.0,0.0,0.0,0.0,0.0,0.0,0.0,0.0,0.0,0.0,0.0,6.37e-05,0.0,0.0,3.18e-05,0.0,0.0,0.0,0.0,0.0,0.0,0.0,0.0,0.0,0.0,0.0,0.0,0.0,3.18e-05,0.0,0.0,0.0,0.0,0.0,0.0,0.0,0.0,0.0,0.0,3.18e-05,0.0,0.0,0.0,0.0,0.0,0.0,0.0,0.0,0.0,0.0,0.0,0.0,0.0,0.0,0.0,0.0,0.0,0.0,0.0,0.0,0.0,0.0,0.0,0.0,0.0,0.0,0.0,0.0,0.0,0.0,0.0,0.0,3.18e-05,0.0,0.0,0.0,0.0,0.0,0.0,0.0,0.0,0.0,0.0,0.0,0.0,0.0,0.0,0.0,0.0,0.0,0.0,0.0,0.0,0.0,3.18e-05,3.18e-05,6.37e-05,3.18e-05,0.0,0.0,0.0,0.0,0.0,0.0,0.0,0.0,0.0,0.0,0.0,0.0,0.0,0.0,0.0,0.0,0.0,0.0,0.0,0.0,0.0,0.0,0.0,0.0,0.0,0.0,0.0,0.0,0.0,0.0,0.0,0.0,0.0,0.0,0.0,0.0,0.0,0.0,0.0,0.0,0.0,0.0,0.0,0.0,0.0,0.0,0.0,0.0,0.0,0.0,0.0,0.0,0.0,0.0,0.0,0.0,0.0,0.0,0.0,0.0,0.0,0.0,0.0,0.0,0.0,0.0,0.0,0.0,0.0,0.0,0.0,0.0,0.0,0.0,0.0,0.0,0.0,0.0,0.0,0.0,0.0,0.0,0.0,0.0,0.0,0.0,0.0,0.0,0.0,0.0,0.0,0.0,0.0,0.0,0.0,0.0,0.0,0.0,0.0,0.0,0.0,0.0,0.0,0.0,0.0,0.0
SRR12478723,0.615028397,0.152031455,0.001310616,0.0,0.0,0.0,0.0,0.0,0.062297947,0.004718218,0.001572739,0.008824814,0.008038445,0.005417213,0.000262123,0.011446046,0.002009611,0.000262123,0.000262123,0.000349498,0.000524246,0.003669725,0.006116208,0.018785496,0.0,0.000611621,0.0,0.000524246,0.004630843,0.0,0.0,0.013368283,0.00078637,0.0,0.008650066,0.000262123,0.0,0.0,0.0,0.0,0.0,0.0,0.000174749,0.0,0.0,0.0,0.0,0.0,0.0,8.74e-05,0.0,0.0,8.74e-05,8.74e-05,0.0,0.004543469,0.0,0.0,0.0,0.0,0.0,0.0,0.0,0.0,0.0,0.0,0.0,0.0,0.000262123,0.0,0.0,0.0,0.000611621,0.0,0.0,0.0,0.0,0.0,0.0,0.002621232,0.004456094,0.0,0.0,0.00218436,0.0,0.00078637,0.000349498,8.74e-05,0.0,0.0,0.0,0.022804718,0.000174749,0.002795981,0.0,0.0,0.007252075,0.0,0.0,0.000174749,0.0,0.000262123,0.000174749,8.74e-05,0.000349498,0.0,0.000873744,0.0,0.0,0.000262123,0.0,0.0,0.0,0.000524246,0.0,8.74e-05,0.0,0.0,0.0,8.74e-05,8.74e-05,0.0,0.000174749,0.0,0.0,0.0,0.0,0.0,0.0,0.0,0.0,0.0,0.0,0.0,0.0,0.001572739,0.0,0.0,0.0,0.0,0.0,0.007688947,0.0,0.0,0.0,0.0,0.0,0.0,0.0,0.0,0.0,0.0,0.0,0.0,0.0,0.001572739,0.0,0.0,0.0,0.0,0.0,0.0,0.0,0.0,0.0,0.0,0.0,0.0,0.000698995,0.0,0.0,0.0,0.000174749,0.0,0.00078637,0.0,0.0,0.0,0.0,0.0,0.0,8.74e-05,8.74e-05,0.0,0.0,0.0,0.000174749,0.0,0.0,0.0,0.0,0.0,0.0,0.0,0.0,0.0,0.0,0.0,0.0,0.0,0.0,0.0,0.0,0.0,0.0,0.0,0.0,0.0,0.0,0.0,0.0,0.0,0.0,0.0,0.0,8.74e-05,0.0,0.0,0.0,0.0,0.0,0.0,0.0,0.0,0.0,0.0,0.0,0.0,0.0,0.0,0.0,0.0,0.0,0.000698995,0.0,0.0,0.0,0.0,0.0,0.0,0.0,8.74e-05,0.0,0.0,0.0,0.0,0.0,0.0,0.0,0.0,0.0,0.0,0.0,8.74e-05,0.0,0.0,0.0,0.0,0.0,0.0,0.0,0.0,0.0,0.0,0.0,0.0,0.0,0.0,0.0,0.0,0.0,0.0,0.0,0.0,0.0,0.0,0.0,0.0,0.0,0.0,0.0,0.0,0.0,0.0,0.0,0.0,0.0,0.0,0.0,0.0,0.0,0.0,0.0,0.0,0.0,8.74e-05,0.0,0.0,0.0,0.0,0.0,0.0,0.0,0.0,0.0,0.0,0.0,0.0,0.0,0.0,0.0,0.0,0.0,0.0,0.0,0.0,0.0,0.0,0.0,0.0,0.0,0.0,0.0,0.0,0.0,0.0,0.0,0.0,0.000174749,0.0,0.0,0.0,0.0,0.0,0.0,0.000524246,0.0,8.74e-05,0.0,0.0,0.0,0.0,0.0,0.0,0.0,0.0,0.0,0.0,0.0,0.0,0.0,0.0,0.0,0.0,0.0,0.0,0.0,0.0,0.0,0.0,0.0,0.0,0.0,0.0,8.74e-05,0.0,0.0,0.0,8.74e-05,0.000174749,0.0,0.0,0.0,0.0,0.0,0.0,0.0,0.0,0.0,0.0,0.0,0.0,0.0,0.0,0.0,0.0,0.0,8.74e-05,0.0,0.0,0.0,0.0,0.0,0.0,0.0,0.0,0.0,0.0,0.0,0.0,0.0,0.0,0.0,0.0,0.0,0.0,0.0,0.0,0.0,0.0,0.0,0.0,0.0,0.0,0.0,0.0,0.0,0.0,0.0,0.0,0.0,0.0,0.0,0.0,0.0,0.0,0.0,0.0,0.0,0.0,0.0,0.0,0.0,0.0,0.0,0.0,0.0,0.0,0.0,0.0,0.0,0.0,0.000524246,0.0,0.0,0.0,0.0,0.0,0.0,0.0,0.0,0.0,0.0,0.0,0.0,0.0,0.0,0.0,0.0,0.0,0.0,0.0,0.0,0.0,0.0,0.0,0.0,0.0,0.0,0.0,0.0,0.0,0.0,0.0,0.0,0.0,0.0,0.0,0.0,0.0,0.0,0.0,0.0,0.0,0.0,0.0,0.0,0.0,0.0,0.0,0.0,0.0,0.0,0.0,0.0,0.0,0.0,0.0,0.0,0.0,0.0,0.0,0.0,0.0,0.0,0.0,0.0,0.0,0.0,0.0,0.0,0.0,0.0,0.0,0.0,0.0,0.0,0.0,0.0,0.0,0.0,0.0,0.0,8.74e-05,0.0,0.0,0.0,0.0,0.0,0.0,0.0,0.0,0.0,0.0,0.0,0.0,0.0,0.0,0.0,0.0,0.0,0.0,0.0,0.0,0.0,0.0,0.0,0.0,0.0,0.0,0.0,0.0,0.0,0.0,0.0,0.0,0.0,0.0,0.0,0.0,0.0,0.0,0.0,0.0,0.0,0.0,0.0,0.0,0.0,0.0,0.0,0.0,0.0,0.0,0.0,0.0,0.0,0.0,0.0,0.0,0.0,0.0,0.0,0.0,0.0,0.0,0.0,0.0,0.0,0.0,0.0,0.0,0.0,0.0,0.0,0.0,0.0,0.0,0.0,0.0,0.0,0.0,0.0,0.0,0.0,0.0,0.0,0.0,0.0,0.0,0.0,0.0,0.0,0.0,0.0,0.0,0.0,0.0,0.0,0.0,0.0,0.0,0.0,0.0,0.0,0.0,0.0,0.0,0.0,0.0,0.0,0.0,0.0,0.0,0.0,0.0,0.0,0.0,0.0,0.0,0.0,0.0,0.0,0.0,0.0,0.0,0.0,0.0,0.0,0.0,0.0,0.0,0.0,0.0,0.0,0.0,0.0,0.0,0.0,0.0,0.0,0.0,0.0,0.0,0.0,0.0,0.0,0.0,0.0,0.0,0.0,0.0,0.0,0.0,0.0,0.0,0.0,0.0,0.0
SRR12478724,0.86594939,0.035971555,0.000277059,0.0,0.002447359,0.000230883,0.0,0.0,0.075314001,0.00013853,9.24e-05,0.0,0.00013853,4.62e-05,4.62e-05,0.000184706,4.62e-05,0.0,0.0,0.0,0.0,0.000461766,0.000738825,0.000831178,0.0,0.0,0.0,0.0,0.000230883,0.0,0.0,9.24e-05,0.0,0.006557074,0.0,0.000323236,4.62e-05,0.0,4.62e-05,4.62e-05,0.0,0.0,0.0,0.0,0.0,0.0,0.0,0.0,0.0,4.62e-05,0.0,4.62e-05,0.0,0.0,0.0,0.0,0.0,9.24e-05,0.0,0.000646472,0.001570004,0.000877355,4.62e-05,0.00013853,4.62e-05,0.00013853,0.0,0.0,4.62e-05,0.0,0.0,0.0,4.62e-05,4.62e-05,0.0,0.0,0.0,0.0,0.0,0.000184706,0.000554119,0.0,0.0,0.0,0.0,0.000692649,0.0,4.62e-05,0.0,0.0,0.0,9.24e-05,0.0,4.62e-05,0.0,0.0,0.0,0.0,0.0,0.0,0.0,0.0,4.62e-05,0.0,0.0,0.0,0.0,0.0,0.0,0.0,0.0,0.0,4.62e-05,4.62e-05,0.0,0.0,0.0,0.0,0.0,0.0,0.000554119,9.24e-05,0.0,0.0,0.0,0.0,0.0,4.62e-05,0.000646472,4.62e-05,0.0,0.0,0.0,0.0,0.0,0.0,0.0,0.0,0.0,0.0,0.0,0.00013853,0.0,0.0,0.0,9.24e-05,0.0,0.0,0.0,0.0,0.0,0.0,4.62e-05,0.0,0.0,0.0,0.0,0.0,0.0,0.0,0.0,0.0,0.0,0.0,0.0,0.0,0.0,0.0,0.0,4.62e-05,0.0,0.0,0.0,0.0,0.0,0.0,0.0,0.0,0.0,0.0,0.0,0.0,0.0,0.0,0.0,0.0,0.0,0.0,0.0,0.0,0.0,0.0,0.0,0.0,0.0,0.0,0.0,0.0,4.62e-05,9.24e-05,0.0,0.0,0.0,0.0,0.0,0.0,0.0,0.0,0.0,0.0,0.0,0.0,0.0,4.62e-05,0.0,0.0,0.0,0.0,0.0,0.0,0.0,0.0,0.0,0.0,0.0,0.0,0.0,0.0,0.0,4.62e-05,0.0,9.24e-05,4.62e-05,0.0,0.0,0.0,0.0,0.0,0.0,0.0,0.0,0.0,0.0,0.0,0.0,0.0,0.0,0.0,0.0,0.0,0.0,0.0,0.0,0.0,0.0,0.0,0.0,0.0,0.0,0.0,0.0,0.0,0.0,0.0,0.0,0.0,0.0,0.0,0.0,0.0,0.0,0.0,0.0,0.0,0.0,0.0,0.0,0.0,0.0,0.0,0.0,0.0,0.0,0.0,9.24e-05,0.00013853,0.0,0.0,0.0,0.0,0.0,0.0,0.0,0.0,0.0,0.0,0.0,0.0,0.0,0.0,0.0,0.0,0.0,0.0,0.0,0.0,0.0,0.0,0.0,0.0,0.0,0.0,0.0,0.0,0.0,0.0,0.0,0.0,0.0,0.0,0.0,0.0,0.0,0.0,0.0,0.0,0.0,0.0,0.0,0.0,0.0,0.0,0.0,0.0,0.0,4.62e-05,0.0,0.0,0.0,0.0,0.0,0.0,0.0,0.0,0.0,0.0,0.0,0.0,0.0,0.0,0.0,0.0,0.0,0.0,0.0,0.0,0.0,0.0,0.0,0.0,0.0,0.0,0.0,0.0,4.62e-05,0.0,0.0,0.0,0.0,0.0,0.0,0.0,0.0,0.0,0.0,0.0,0.0,4.62e-05,0.0,0.001708533,0.0,0.0,0.0,0.0,0.0,0.0,0.0,0.0,0.0,0.0,0.0,0.0,0.0,0.0,0.0,0.0,0.0,0.0,0.0,0.0,0.0,0.0,0.0,0.0,0.0,0.0,0.0,0.0,0.0,0.0,0.0,0.0,0.0,0.0,0.0,0.0,0.0,0.0,0.0,0.0,0.0,0.0,0.0,0.0,0.0,0.0,0.0,0.0,0.0,0.0,0.0,0.0,0.0,0.0,0.0,0.0,0.0,0.0,0.0,0.0,0.0,0.0,0.0,0.0,0.0,0.0,0.0,0.0,0.0,0.0,0.0,0.0,0.0,0.0,0.0,0.0,0.0,0.0,0.0,0.0,0.0,0.0,0.0,0.0,0.0,0.0,0.0,0.0,0.0,0.0,0.0,0.0,0.0,0.0,0.0,0.0,0.0,0.0,0.0,0.0,0.0,0.0,0.0,0.0,0.0,4.62e-05,0.0,0.0,0.0,0.0,0.0,0.0,0.0,0.0,0.0,0.0,0.0,0.0,0.0,0.0,0.0,0.0,0.0,0.0,0.0,0.0,0.0,0.0,0.0,0.0,0.0,0.0,0.0,0.0,0.0,0.0,0.0,0.0,0.0,0.0,0.0,0.0,0.0,0.0,0.0,0.0,0.0,0.0,0.0,0.0,0.0,0.0,0.0,0.0,0.0,0.0,0.0,0.0,0.0,0.0,0.0,0.0,0.0,0.0,0.0,0.0,0.0,0.0,0.0,0.0,0.0,0.0,0.0,0.0,0.0,0.0,0.0,0.0,0.0,0.0,0.0,0.0,0.0,0.0,0.0,0.0,0.0,0.0,0.0,0.0,0.0,0.0,0.0,0.0,0.0,0.0,0.0,0.0,0.0,0.0,0.0,0.0,0.0,0.0,0.0,0.0,0.0,0.0,0.0,0.0,0.0,0.0,0.0,0.0,0.0,0.0,0.0,0.0,0.0,0.0,0.0,0.0,0.0,0.0,0.0,0.0,0.0,0.0,0.0,0.0,0.0,0.0,0.0,0.0,0.0,0.0,0.0,0.0,0.0,0.0,0.0,0.0,0.0,0.0,0.0,0.0,0.0,0.0,0.0,0.0,0.0,0.0,0.0,0.0,0.0,0.0,0.0,0.0,0.0,0.0,0.0,0.0,0.0,0.0,0.0,0.0,0.0,0.0,0.0,0.0,0.0,0.0,0.0,0.0,0.0,0.0,0.0,0.0,0.0,0.0,0.0,0.0,0.0,0.0,0.0,0.0,0.0,0.0,0.0,0.0,0.0,0.0,0.0,0.0,0.0,0.0,0.0,0.0,0.0
SRR12478725,0.744079838,0.0157871,0.001296797,0.0,0.001917005,0.0,5.64e-05,0.0,0.076567433,0.00631484,0.002424447,0.00744249,0.005299955,0.00270636,0.000394677,0.01037438,0.000563825,0.000281912,0.000845737,0.001240415,0.000169147,0.00563825,0.001014885,0.045895354,0.001184032,0.00045106,5.64e-05,0.000281912,0.009810555,0.000112765,0.0,0.014095625,0.000112765,0.002593595,0.00090212,0.000338295,0.000112765,0.0,0.0,0.00022553,0.0,0.0,0.0,0.0,0.0,0.000112765,0.001296797,0.000281912,0.000169147,0.000845737,0.0,0.0,0.0,0.000112765,0.0,0.000394677,0.0,0.0,0.0,0.000732972,0.001014885,0.000281912,5.64e-05,0.000112765,0.000169147,5.64e-05,0.000112765,0.002819125,0.003552097,0.0,5.64e-05,0.0,0.00045106,5.64e-05,0.000112765,0.000112765,5.64e-05,0.0,0.001014885,0.000394677,0.0,0.0,0.0,0.000958502,5.64e-05,0.0,0.000620207,0.000112765,0.0,0.0,0.0,0.00135318,0.0,0.000112765,0.003721245,0.0,0.000169147,0.0,5.64e-05,0.0,0.0,0.003721245,0.000112765,0.0,5.64e-05,0.0,0.004566982,0.0,0.0,0.001296797,0.000507442,0.0,0.000112765,0.0,0.0,0.000112765,0.0,0.0,0.0,5.64e-05,0.001071267,0.0,0.00022553,0.0,0.00022553,0.0,0.0,0.0,0.0,0.0,0.0,5.64e-05,0.0,0.0,0.0,5.64e-05,0.0,0.0,0.0,0.0,0.0,0.000169147,0.0,0.0,0.0,0.0,0.000112765,5.64e-05,0.0,0.0,0.0,0.0,0.0,0.0,0.0,0.001296797,0.0,0.0,0.0,0.0,0.0,5.64e-05,0.0,0.000958502,5.64e-05,0.0,0.0,0.0,0.0,0.0,0.0,0.0,5.64e-05,0.0,0.0,5.64e-05,0.0,0.0,0.0,0.000169147,0.0,0.00112765,0.0,0.0,0.0,5.64e-05,5.64e-05,0.0,0.0,0.0,0.0,0.0,5.64e-05,0.0,0.0,0.0,0.0,5.64e-05,0.0,0.00022553,0.0,0.0,0.0,0.0,5.64e-05,5.64e-05,0.000112765,0.0,0.0,0.0,0.0,0.0,0.0,0.0,0.0,0.0,0.0,0.0,0.0,0.0,0.0,0.0,0.0,0.0,5.64e-05,0.0,0.0,0.0,0.0,0.0,0.0,0.0,0.0,0.0,0.000112765,0.0,5.64e-05,0.0,0.0,0.0,0.0,0.0,0.0,0.0,0.0,0.0,0.0,0.0,0.0,0.0,0.0,0.0,0.0,0.0,0.0,0.0,0.0,0.0,0.0,0.0,0.0,0.0,0.0,0.0,0.0,0.0,0.0,0.0,0.0,0.0,0.0,0.0,0.0,0.0,0.0,0.0,0.0,0.0,0.0,0.0,0.0,0.0,0.0,0.0,0.0,0.0,0.0,0.0,0.0,0.0,0.0,0.0,0.0,0.0,0.0,0.0,0.0,0.0,0.0,0.0,0.0,0.0,0.0,0.0,0.0,0.0,0.0,0.0,0.0,0.0,0.000112765,0.0,0.0,0.0,0.0,0.0,0.0,0.0,0.0,0.0,0.0,0.0,0.0,0.0,0.0,0.0,0.0,5.64e-05,0.0,0.0,0.0,0.0,0.0,0.0,0.0,5.64e-05,0.0,0.0,0.0,0.0,0.0,0.0,0.0,0.0,0.0,0.0,0.0,0.0,0.0,0.0,0.0,0.0,0.0,0.0,0.0,0.0,0.0,0.0,0.0,0.0,0.0,0.0,5.64e-05,0.0,0.0,0.0,0.0,0.0,0.000281912,0.0,0.0,0.0,0.0,0.0,0.0,0.0,0.0,0.0,0.0,0.0,0.0,0.0,0.0,0.0,0.0,0.0,0.0,0.0,0.0,0.0,0.0,0.0,0.0,0.0,0.0,0.0,0.0,0.0,0.0,0.0,0.0,0.0,0.0,0.0,0.0,0.0,0.0,0.0,0.0,0.0,0.0,0.0,0.0,0.0,0.0,0.0,0.0,0.0,0.0,0.0,0.0,0.0,0.0,0.0,0.0,0.0,0.0,0.0,0.0,0.0,0.0,0.0,0.0,0.0,0.0,0.0,0.0,0.0,0.0,0.0,0.0,0.0,0.0,0.0,0.0,0.0,0.0,0.0,5.64e-05,0.0,0.0,0.0,0.0,0.0,0.0,0.0,0.0,0.0,0.0,0.0,0.0,0.0,0.0,0.0,0.0,0.0,0.0,0.0,0.0,0.0,0.0,0.0,0.0,0.0,0.0,0.0,0.0,0.0,0.0,0.0,0.0,0.0,0.0,0.0,0.0,0.0,0.0,0.0,0.0,0.0,0.0,0.0,0.0,0.0,0.0,0.0,0.0,0.0,0.0,0.0,0.0,0.0,0.0,0.0,0.0,0.0,0.0,0.0,0.0,0.0,0.0,0.0,0.0,0.0,0.0,0.0,0.0,0.0,0.0,0.0,0.0,0.0,0.0,0.0,0.0,0.0,0.0,0.0,0.0,0.0,0.0,0.0,0.0,0.0,0.0,0.0,0.0,0.0,0.0,0.0,0.0,0.0,0.0,0.0,0.0,0.0,0.0,0.0,0.0,0.0,0.0,0.0,0.0,0.0,0.0,0.0,0.0,0.0,0.0,0.0,0.0,0.0,0.0,0.0,0.0,0.0,0.0,0.0,0.0,0.0,0.0,0.0,0.0,5.64e-05,0.0,0.0,0.0,0.0,0.0,0.0,0.0,0.0,0.0,0.0,0.0,0.0,0.0,0.0,0.0,0.0,0.0,0.0,0.0,0.0,0.0,0.0,0.0,0.0,0.0,0.0,0.0,0.0,0.0,0.0,0.0,0.0,0.0,0.0,0.0,0.0,0.0,0.0,0.0,0.0,0.0,0.0,0.0,0.0,0.0,0.0,0.0,0.0,0.0,0.0,0.0,0.0,0.0,0.0,0.0,0.0,0.0,0.0,0.0,0.0,0.0,0.0,0.0,0.0,0.0,0.0,0.0,0.0,0.0,0.0,0.0,0.0,0.0,0.0,0.0,0.0,0.0,0.0,0.0,0.0,0.0,0.0,0.0,0.0,0.0,0.0,0.0,0.0,0.0,0.0,0.0,0.0,0.0,0.0,0.0,0.0,0.0,0.0,0.0,0.0,0.0,0.0,0.0,0.0,0.0
SRR12478726,0.005470546,0.403908666,0.004994847,0.0,0.057440736,0.0,7.93e-05,0.0,0.241021169,0.023745342,0.001506382,0.000198208,0.03964164,0.00194244,0.000753191,0.024577817,0.00071355,0.000396416,0.000594625,0.002735273,0.006025529,0.008205819,0.014667407,0.072940617,0.000277491,0.000991041,0.0,0.000118925,0.00507413,0.000198208,0.0,0.01716483,0.000118925,0.000158567,0.000872116,0.00071355,0.000118925,0.000158567,0.0,0.000158567,0.0,0.0,0.000118925,3.96e-05,0.0,0.000277491,7.93e-05,3.96e-05,0.0,3.96e-05,0.000317133,0.0,0.0,7.93e-05,0.0004757,0.002933481,0.0,0.0,0.0,0.001109966,0.001625307,0.003924522,7.93e-05,0.0,0.000594625,0.000356775,0.0,0.0,0.000753191,3.96e-05,3.96e-05,0.0,0.0,0.000158567,0.0,3.96e-05,0.000118925,0.0,3.96e-05,0.0,0.003488464,3.96e-05,0.0,0.000951399,0.0,0.0,0.000317133,0.000277491,3.96e-05,0.0,0.0,0.014667407,0.000911758,0.001030683,0.000753191,0.0,0.00194244,0.0,0.0,0.000198208,3.96e-05,3.96e-05,0.000396416,0.000198208,0.009117577,0.0,0.000118925,0.0,0.0,0.000198208,0.000158567,0.0,7.93e-05,0.002061365,0.0,0.0,0.0,0.0,0.0,0.0,7.93e-05,0.0,0.000554983,0.0,3.96e-05,0.0,0.0,0.000158567,0.001189249,0.0,7.93e-05,0.0,3.96e-05,0.0,0.0,0.0,3.96e-05,3.96e-05,0.0,0.0,3.96e-05,0.002973123,0.0,0.0,0.0,3.96e-05,0.0,3.96e-05,0.0,0.0,3.96e-05,0.000317133,3.96e-05,0.0,0.0,0.000515341,0.0,7.93e-05,0.0,0.0,0.0,0.0,0.0,0.0,3.96e-05,0.0,0.0,0.0,0.0,0.0,0.0,3.96e-05,0.0,0.0,0.0,0.0,3.96e-05,0.0,0.0,0.0,0.0,7.93e-05,0.0,0.0,0.0,0.0,7.93e-05,3.96e-05,0.0,0.0,0.0,0.0,0.0,0.0,0.0,0.0,0.0,0.0,0.0,0.000277491,3.96e-05,0.0,0.0,3.96e-05,0.0,0.0,0.0,0.0,0.0,0.0,0.0,0.0,0.0,0.0,0.0,0.0,0.0,0.0,0.0,0.0,0.0,0.0,0.0,0.0,0.0,0.0,0.0,0.0,0.0,0.000118925,7.93e-05,0.000436058,3.96e-05,0.0,0.0,3.96e-05,0.0,0.0,0.0,0.0,0.0,0.0,0.0,0.0,0.0,0.0,0.0,7.93e-05,0.0,0.0,0.0,3.96e-05,0.0,3.96e-05,0.0,0.0,3.96e-05,0.0,0.0,0.0,0.0,0.0,0.0,3.96e-05,0.0,0.0,0.0,0.0,0.0,3.96e-05,0.0,0.0,0.0,0.0,0.0,0.0,0.0,0.0,0.0,0.0,0.0,0.0,0.0,0.0,0.00071355,0.000396416,0.0,0.0,0.0,0.0,0.0,0.0,0.0,0.0,0.0,0.0,0.0,0.0,0.0,0.0,0.0,0.0,0.0,0.0,0.0,0.0,0.0,0.0,0.0,0.0,0.0,0.0,0.0,0.0,0.0,0.0,0.0,0.0,3.96e-05,0.0,0.0,0.0,0.0,0.0,0.0,0.0,0.0,0.0,0.0,0.0,0.0,0.0,0.0,0.0,0.0,0.000554983,0.0,0.0,0.0,0.0,0.0,0.0,0.0,0.0,0.0,0.0,0.0,0.0,0.0,0.0,0.0,0.0,0.0,0.0,0.0,3.96e-05,0.0,0.0,0.0,0.0,0.0,0.0,0.0,0.0,0.000317133,0.0,0.0,0.0,0.0,0.0,0.0,0.0,0.0,3.96e-05,0.0,0.0,0.0,0.0,0.0,0.0,0.0,0.0,0.0,0.0,0.0,0.0,0.0,0.000158567,0.0,0.0,0.0,0.0,0.0,0.0,0.0,0.0,0.0,0.0,0.0,0.0,0.0,0.0,0.0,0.0,0.0,0.0,0.0,0.0,3.96e-05,0.0,3.96e-05,0.0,0.0,0.0,0.0,0.0,0.0,0.0,0.0,0.0,0.0,0.0,0.0,0.0,0.0,0.0,0.0,0.0,0.0,0.0,0.0,0.0,3.96e-05,0.0,0.0,0.0,0.0,0.0,3.96e-05,0.0,0.0,0.0,0.0,0.0,0.0,0.0,3.96e-05,7.93e-05,0.0,0.0,0.0,0.0,0.0,0.0,0.0,0.0,0.0,0.0,0.0,0.0,0.0,0.0,0.0,0.0,0.0,0.0,0.0,0.0,3.96e-05,0.0,0.0,0.0,0.0,0.0,0.0,0.0,0.0,0.0,0.0,0.0,0.0,0.0,0.0,0.0,0.0,0.0,0.0,0.0,0.0,0.0,0.0,0.0,0.0,0.0,0.0,0.0,0.0,0.0,0.0,0.0,0.0,0.0,0.0,0.0,0.0,0.0,0.0,0.0,0.0,0.0,0.0,0.0,0.0,0.0,0.0,0.0,0.0,0.0,0.0,0.0,0.0,0.0,0.0,0.0,0.0,0.0,0.0,0.0,0.0,0.0,0.0,0.0,0.0,0.0,0.0,0.0,0.0,0.0,0.0,3.96e-05,0.0,0.0,0.001070324,0.0,0.0,0.0,0.0,0.0,0.0,0.0,0.0,0.0,0.0,0.0,0.0,0.0,0.0,0.0,3.96e-05,0.0,0.0,0.0,0.0,0.0,0.0,0.0,0.0,0.0,3.96e-05,0.0,0.0,0.0,0.0,0.0,7.93e-05,0.000118925,3.96e-05,3.96e-05,0.0,0.0,0.0,0.0,0.0,0.0,0.0,0.0,0.0,0.0,0.0,0.0,0.0,0.0,0.0,0.0,0.0,0.0,0.0,0.0,0.0,0.0,0.0,0.0,0.0,0.0,0.0,0.0,0.0,0.0,0.0,0.0,0.0,0.0,0.0,0.0,0.0,0.0,0.0,0.0,0.0,0.0,0.0,0.0,0.0,0.0,0.0,0.0,0.0,0.0,0.0,0.0,0.0,0.0,0.0,0.0,0.0,0.0,0.0,0.0,0.0,0.0,0.0,0.0,0.0,0.0,0.0,0.0,0.0,0.0,0.0,0.0,0.0,0.0,0.0,0.0,0.0,0.0,0.0,0.0,0.0,0.0,0.0,0.0,0.0,0.0,0.0,0.0,0.0,0.0,0.0,0.0,0.0,0.0,0.0,0.0,0.0,0.0,0.0,0.0,0.0
SRR12478727,0.50497343,0.013285189,6.81e-05,0.0,0.002248263,6.81e-05,6.81e-05,0.000204388,0.191442976,0.012876414,0.007766726,0.001021938,0.006881046,0.034132716,0.000476904,0.004224009,0.002043875,0.000136258,0.004700913,0.000272517,0.001430713,0.00906118,0.011309443,0.043398283,0.000136258,0.000204388,0.0,0.001158196,0.032293228,0.000681292,0.000340646,0.003133942,0.036108462,0.007766726,0.001158196,0.001839488,0.0,0.0,0.0,0.000136258,6.81e-05,0.0,0.001226325,0.0,0.0,0.000136258,0.011036926,0.002657038,0.000476904,0.001907617,0.000953808,0.0,0.000272517,0.000136258,0.002248263,0.00081755,6.81e-05,0.0,0.0,0.000613163,0.000408775,0.0,0.0,6.81e-05,0.000681292,0.0,0.0,0.004632784,6.81e-05,0.0,6.81e-05,0.0,0.000136258,0.000272517,0.000136258,0.0,0.000340646,0.0,6.81e-05,0.0,0.0,0.0,6.81e-05,0.003133942,0.000136258,0.000885679,0.003883363,0.000476904,6.81e-05,0.0,0.0,0.000136258,6.81e-05,0.0,0.000476904,0.0,0.000272517,6.81e-05,0.0,0.000408775,0.000476904,0.000340646,0.000136258,0.00081755,6.81e-05,0.0,0.000272517,6.81e-05,0.0,0.000340646,0.0,0.0,0.000272517,6.81e-05,0.0,0.000408775,0.0,0.0,6.81e-05,0.000204388,0.002112004,0.0,0.003951492,6.81e-05,0.000136258,0.0,0.000136258,0.0,0.0,0.0,0.0,0.0,0.000204388,0.000136258,0.000136258,0.0,0.0,0.0,0.0,0.0,0.0,0.0,0.0,6.81e-05,0.000136258,0.0,0.000272517,0.0,0.0,6.81e-05,0.0,0.0,0.0,0.000204388,0.0,0.000953808,6.81e-05,0.0,0.000136258,0.000545033,0.0,0.0,0.0,0.0,0.0,0.001771358,0.0,0.000136258,0.0,6.81e-05,0.0,0.0,0.000340646,0.0,0.0,0.0,0.0,0.0,0.0,0.0,0.0,0.000272517,0.0,0.0,0.000136258,0.000408775,0.000340646,0.0,6.81e-05,0.0,6.81e-05,0.0,0.0,0.0,0.0,0.0,0.0,0.0,6.81e-05,0.0,0.0,0.0,0.0,0.0,0.0,0.0,0.0,6.81e-05,0.0,0.0,0.0,0.0,0.0,0.000204388,0.0,0.0,0.0,0.0,0.0,0.0,0.000136258,0.0,0.000272517,6.81e-05,0.000204388,0.001294454,0.0,0.0,0.0,0.0,0.0,0.0,0.0,0.0,0.000136258,0.0,0.0,0.0,0.0,0.0,0.0,0.0,6.81e-05,0.0,0.0,0.0,0.0,0.0,0.0,0.0,0.0,0.0,0.0,0.0,0.0,0.0,0.0,0.0,0.0,0.0,0.0,0.0,0.0,0.0,0.0,0.0,0.0,0.0,0.0,0.0,0.0,0.0,0.0,0.0,0.0,0.0,0.000136258,6.81e-05,0.0,0.0,0.0,0.0,0.0,0.0,0.0,0.0,0.0,0.0,0.0,0.0,0.0,0.0,6.81e-05,0.0,0.0,6.81e-05,0.0,0.0,0.0,0.0,0.0,0.0,0.0,0.0,0.0,6.81e-05,0.0,0.0,0.0,0.0,0.0,0.0,6.81e-05,0.0,0.0,0.0,0.0,0.0,0.0,0.0,6.81e-05,0.0,0.0,0.0,0.0,0.0,0.0,0.0,0.0,0.0,0.0,0.0,0.0,0.0,0.0,0.0,0.0,0.0,0.0,0.0,0.0,0.0,0.0,0.0,6.81e-05,0.0,6.81e-05,0.0,0.0,0.0,0.0,0.0,6.81e-05,0.0,0.0,0.0,0.0,0.0,0.0,0.0,0.0,0.0,0.0,0.0,0.0,0.0,0.0,0.0,0.002248263,0.0,6.81e-05,0.0,6.81e-05,0.0,0.0,0.0,0.0,6.81e-05,0.0,0.0,0.0,0.0,0.0,0.0,0.0,0.0,0.0,0.0,0.0,0.0,0.0,0.0,0.0,0.0,0.0,0.0,0.0,0.0,0.0,0.0,0.0,0.0,6.81e-05,0.0,0.0,0.0,0.0,0.0,0.0,0.0,0.0,0.0,0.0,0.0,0.0,0.0,0.0,0.0,0.0,0.0,0.0,0.0,0.0,0.0,0.0,0.0,0.0,0.0,0.0,0.0,0.0,0.0,0.0,6.81e-05,0.0,0.0,0.0,0.0,0.0,0.0,0.0,0.0,0.000136258,0.0,0.0,0.0,0.0,0.0,0.0,0.0,0.0,0.0,0.0,0.0,0.0,0.0,0.0,6.81e-05,0.0,0.0,6.81e-05,0.0,0.0,0.0,0.0,0.0,0.0,0.0,0.0,0.0,0.0,0.0,0.0,0.0,0.0,0.0,0.0,0.0,0.0,0.0,6.81e-05,0.0,0.0,0.0,0.0,0.0,0.0,0.0,0.0,0.0,0.0,0.0,0.0,6.81e-05,0.0,0.0,0.0,0.0,0.0,0.0,0.0,0.0,0.0,0.0,0.0,0.0,0.0,0.0,0.0,0.0,0.0,0.0,0.0,0.0,0.0,0.0,0.0,0.0,0.0,0.0,0.0,0.0,0.0,0.0,6.81e-05,0.0,0.0,0.0,0.0,0.0,0.0,0.0,0.0,0.0,0.0,0.0,0.0,0.0,0.0,0.0,0.0,0.0,0.000340646,0.0,0.0,0.0,0.0,0.0,0.0,0.0,0.0,0.0,0.0,0.0,0.0,0.0,0.0,0.0,0.0,0.0,0.0,0.0,0.0,0.0,0.0,0.0,0.0,0.0,0.0,0.0,6.81e-05,0.0,0.0,0.0,0.0,0.0,0.0,0.0,6.81e-05,6.81e-05,0.0,0.0,0.0,0.0,0.0,0.0,0.0,0.0,0.0,0.0,0.0,0.0,0.0,0.0,0.0,0.0,0.0,0.0,0.0,0.0,0.0,0.0,0.0,0.0,0.0,0.0,0.0,0.0,0.0,0.0,0.0,0.0,0.0,0.0,0.0,0.0,0.0,0.0,0.0,0.0,0.0,0.0,0.0,0.0,0.0,0.0,0.0,0.0,0.0,0.0,0.0,0.0,0.0,0.0,0.0,0.0,0.0,0.0,0.0,0.0,0.0,0.0,0.0,0.0,0.0,0.0,0.0,0.0,0.0,0.0,0.0,0.0,0.0,0.0,0.0,0.0,0.0,0.0,0.0,0.0,0.0,0.0,0.0,0.0,0.0,0.0,0.0,0.0,0.0,0.0,0.0,0.0,0.0,0.0,0.0,0.0,0.0,0.0,0.0
SRR12478730,0.274016602,0.17569766,0.007591874,0.0,0.000125141,4.17e-05,0.000125141,4.17e-05,0.273432612,0.012680933,0.004963918,0.001167981,0.043465565,0.00475535,0.001293121,0.00371251,0.007258165,0.000125141,0.000542277,0.005673049,0.005255913,0.006799316,0.003378801,0.090935636,4.17e-05,0.000917699,0.0,0.000875985,0.016435156,8.34e-05,0.0,0.029074375,0.000166854,0.000166854,0.00045885,0.000542277,0.0,0.0,0.0,0.0,8.34e-05,0.0,0.000166854,0.0,0.0,0.0,0.008342719,4.17e-05,0.0,0.001167981,4.17e-05,0.0,4.17e-05,4.17e-05,0.0,0.0,0.0,0.0,0.0,8.34e-05,0.002169107,8.34e-05,0.0,0.000125141,0.0,4.17e-05,0.0,0.0,0.001251408,0.0,4.17e-05,0.0,0.0,0.000166854,0.0,0.0,4.17e-05,0.0,0.0,8.34e-05,0.0,0.0,0.0,8.34e-05,0.0,0.0,0.000125141,0.00045885,4.17e-05,0.0,0.0,0.004880491,0.0,4.17e-05,0.0,0.0,0.000166854,0.0,4.17e-05,0.001293121,0.000125141,0.000125141,0.000208568,8.34e-05,8.34e-05,0.0,0.0,0.0,0.0,0.001960539,0.000291995,0.0,8.34e-05,4.17e-05,0.0,0.0,0.0,0.0,8.34e-05,0.000166854,4.17e-05,0.0,0.000542277,8.34e-05,8.34e-05,0.0,4.17e-05,0.0,0.0,0.0,0.0,0.0,0.000125141,4.17e-05,4.17e-05,8.34e-05,0.0,4.17e-05,0.0,0.0,0.0,0.0,4.17e-05,0.0,0.0,0.000166854,4.17e-05,0.0,0.0,0.0,8.34e-05,0.0,0.0,0.0,0.0,0.0,0.000125141,0.0,0.0,0.0,0.0,0.0,0.0,0.0,0.0,0.0,0.0,0.000125141,0.0,0.0,4.17e-05,0.0,8.34e-05,0.0,0.0,0.0,0.0,0.0,0.0,0.0,0.0,0.0,0.0,0.0,4.17e-05,0.0,0.0,0.0,0.0,0.0,0.0,0.0,4.17e-05,0.0,0.0,0.0,0.0,0.0,4.17e-05,0.0,0.0,0.0,0.0,0.0,0.00045885,0.0,0.0,0.0,0.0,0.0,0.0,4.17e-05,0.0,0.0,0.0,0.0,0.0,0.0,0.0,0.0,0.0,0.0,4.17e-05,0.0,4.17e-05,0.0,0.0,0.0,0.0,0.0,8.34e-05,0.000125141,0.0,0.0,0.0,0.0,0.0,0.0,0.0,0.0,0.0,0.0,0.0,0.0,0.0,0.0,0.0,0.0,0.0,0.0,0.0,0.0,0.0,0.0,0.0,0.0,4.17e-05,0.0,0.0,0.0,0.0,0.0,0.0,0.0,0.0,0.0,0.0,0.0,0.0,0.0,0.0,0.0,0.0,0.0,0.0,0.0,0.0,0.0,0.0,0.0,0.0,0.0,0.0,0.0,4.17e-05,4.17e-05,0.0,0.0,0.0,0.0,0.0,0.0,0.0,0.0,0.0,0.0,0.0,0.0,0.0,0.0,0.0,4.17e-05,0.0,0.0,0.0,0.0,0.0,0.0,0.0,0.0,0.0,4.17e-05,0.0,4.17e-05,0.0,0.0,0.0,0.0,0.0,4.17e-05,0.0,0.0,0.0,0.0,4.17e-05,0.0,0.0,0.0,0.0,0.0,0.0,0.0,0.0,0.0,0.0,0.0,0.0,0.0,0.0,0.0,0.0,0.0,0.0,0.0,0.0,0.0,0.0,4.17e-05,0.0,0.0,0.0,0.0,0.0,4.17e-05,0.0,0.0,0.0,0.0,0.0,0.0,0.0,0.0,4.17e-05,0.0,0.0,0.0,0.0,0.0,0.0,0.0,0.0,0.0,0.0,0.0,0.0,0.0,0.0,0.0,0.0,0.0,0.0,0.0,0.0,0.0,4.17e-05,0.0,4.17e-05,4.17e-05,0.0,0.0,0.0,0.0,0.0,0.0,0.0,0.0,0.0,0.0,0.0,0.0,0.0,0.0,0.0,0.0,0.0,0.0,0.0,0.0,0.0,0.0,0.0,0.0,0.0,0.0,0.0,0.0,4.17e-05,0.0,0.0,0.0,0.0,0.0,0.0,0.0,0.0,0.0,0.0,0.0,0.0,0.0,0.0,0.0,0.0,0.0,0.0,0.0,0.0,0.0,0.0,0.0,0.0,0.0,0.0,0.0,0.0,0.0,0.0,0.0,0.0,0.0,0.0,0.0,0.0,0.0,0.0,0.0,0.0,0.0,0.0,0.0,0.0,0.0,0.0,0.0,0.0,0.0,0.0,0.0,0.0,0.0,0.0,0.0,0.0,0.0,0.0,0.0,0.0,0.0,0.0,0.0,0.0,0.0,0.0,0.0,0.0,0.0,0.0,0.0,0.0,0.0,0.0,8.34e-05,0.0,0.0,0.0,0.0,0.0,0.0,0.0,0.0,0.0,0.0,0.0,0.0,0.0,0.0,0.0,0.0,0.0,0.0,0.0,0.0,0.0,0.0,0.0,0.0,0.0,0.0,0.0,0.0,0.0,0.0,0.0,0.000125141,0.0,0.0,0.0,0.0,0.0,0.0,0.0,0.0,0.0,0.0,4.17e-05,0.0,0.0,0.0,0.0,0.0,0.0,0.0,0.0,0.0,0.0,0.0,0.0,0.0,0.0,0.0,0.0,0.0,0.0,0.0,0.0,0.0,0.0,0.0,0.0,0.0,0.0,0.0,0.0,4.17e-05,0.0,0.0,0.0,0.0,4.17e-05,0.0,0.0,0.0,0.0,0.0,0.0,0.0,0.0,0.0,0.0,0.0,0.0,0.0,0.0,0.0,0.0,0.0,0.0,4.17e-05,0.0,0.0,0.0,0.0,0.0,0.0,0.0,0.0,0.0,0.0,0.0,0.0,0.0,0.0,0.0,0.0,0.0,0.0,0.0,0.0,0.0,0.0,0.0,0.0,0.0,0.0,0.0,0.0,0.0,0.0,0.0,0.0,0.0,0.0,0.0,0.0,0.0,0.0,0.0,0.0,0.0,0.0,0.0,0.0,0.0,0.0,0.0,0.0,0.0,0.0,0.0,0.0,0.0,0.0,0.0,0.0,0.0,0.0,0.0,0.0,0.0,0.0,0.0,0.0,0.0,0.0,0.0,0.0,0.0,0.0,0.0,0.0,0.0,0.0,0.0,0.0,0.0,0.0,0.0,0.0,0.0,0.0,0.0,0.0,0.0,0.0,0.0,0.0,0.0,0.0,0.0
SRR12478734,0.521980367,0.105335041,0.000853606,0.0,8.54e-05,8.54e-05,0.0,8.54e-05,0.120102433,0.005975245,0.003329065,0.021596244,0.00793854,0.034997866,0.000426803,0.01177977,0.002560819,0.000512164,0.000256082,0.000341443,0.000341443,0.004268032,0.00136577,0.05258216,8.54e-05,0.000170721,0.0,0.000768246,0.009389671,0.000341443,0.0,0.004097311,0.020401195,0.000597525,0.006316688,0.000682885,0.0,0.0,0.0,0.0,8.54e-05,0.0,0.000426803,0.0,0.0,0.00136577,0.00128041,0.0,0.0,0.000682885,0.000170721,0.0,0.000341443,0.0,0.0,0.018864703,0.0,0.0,0.0,0.000512164,0.001024328,0.000256082,0.000170721,0.0,8.54e-05,8.54e-05,0.0,0.0,0.003670508,0.0,0.0,0.0,0.0,0.000170721,0.0,8.54e-05,0.0,0.0,0.000938967,0.0,0.0,0.0,0.0,0.000853606,0.0,0.0,0.001195049,0.000170721,0.0,0.0,0.0,0.006914213,0.0,0.002390098,0.003499787,0.0,0.0,0.0,8.54e-05,8.54e-05,0.000256082,0.001195049,0.000170721,0.000170721,0.000426803,0.0,8.54e-05,8.54e-05,0.0,0.001707213,0.001024328,0.0,8.54e-05,0.000512164,0.0,0.0,0.0,0.0,0.0,0.0,8.54e-05,0.0,0.000426803,0.0,0.000341443,8.54e-05,0.0,0.0,0.000768246,0.0,8.54e-05,0.0,0.0,0.000170721,8.54e-05,0.001621852,0.0,0.0,0.0,0.0,0.000170721,0.0,0.000170721,0.0,0.0,0.0,0.0,0.0,0.0,0.000170721,0.0,0.0,0.0,0.0,0.0,0.002134016,0.0,0.0,0.0,0.0,0.0,0.0,0.0,8.54e-05,0.0,0.0,0.0,0.0,0.0,0.0,0.0,0.0,8.54e-05,0.0,0.0,0.0,0.0,0.0,0.0,0.0,0.0,0.0,0.0,0.0,0.0,0.0,0.0,0.0,0.0,0.0,0.0,0.0,0.0,0.0,0.0,0.0,0.0,0.0,0.0,0.000341443,0.0,0.0,0.0,0.0,0.000341443,0.0,0.0,0.0,0.0,0.0,0.0,0.0,0.0,0.0,0.0,0.000170721,0.0,0.0,0.0,0.0,0.0,0.0,0.0,0.0,0.0,0.0,0.0,0.0,0.0,0.0,0.0,8.54e-05,0.0,0.0,0.000170721,0.0,0.0,0.0,0.0,0.0,0.0,0.0,0.0,0.0,0.0,0.0,0.0,0.0,0.0,0.0,0.0,0.0,0.0,0.0,0.0,0.0,0.0,0.0,0.0,0.0,0.0,0.0,0.0,0.0,0.0,0.0,0.0,0.0,0.0,0.0,0.0,0.0,0.0,0.0,0.0,0.0,0.0,0.0,0.0,0.0,0.0,0.0,0.0,0.0,0.000256082,0.0,0.0,0.0,0.0,0.0,0.0,8.54e-05,0.0,0.0,0.0,0.0,0.0,0.0,0.0,0.0,0.0,0.0,0.0,0.0,0.0,0.0,0.000170721,0.0,0.0,0.0,0.0,0.0,0.0,0.0,0.0,0.0,0.0,0.0,0.0,0.0,0.0,0.0,0.0,0.0,0.0,0.0,0.0,0.0,0.0,0.0,0.0,0.0,0.0,0.0,0.0,0.000170721,0.0,0.0,0.0,0.0,0.0,0.0,0.0,0.0,0.0,0.0,0.0,0.0,0.0,0.0,0.0,0.0,0.0,0.0,0.0,0.0,0.0,0.0,0.0,0.0,0.0,0.0,0.0,0.0,0.0,0.0,0.0,0.0,0.0,8.54e-05,0.0,0.0,8.54e-05,0.0,0.0,0.0,0.0,0.0,0.0,0.0,0.0,0.0,0.0,0.0,0.0,0.0,0.0,0.0,0.0,0.0,0.0,0.0,0.0,0.0,0.0,0.0,0.0,0.0,0.0,0.0,0.0,0.0,0.0,0.0,0.0,0.0,0.0,0.0,0.0,0.0,0.0,0.0,0.0,0.0,0.0,0.0,0.0,0.0,0.0,0.0,0.0,0.0,0.0,0.0,0.0,0.0,0.0,0.0,0.0,0.0,0.0,0.0,0.0,0.0,0.0,0.0,0.0,0.0,0.0,0.0,0.0,0.0,0.0,0.0,0.0,0.0,0.0,0.0,0.0,0.0,0.0,0.0,0.0,0.0,0.0,0.0,0.0,0.0,0.0,0.0,0.0,0.0,0.0,0.0,0.0,0.0,0.0,0.0,0.0,0.0,0.0,0.0,0.0,0.0,0.0,0.0,0.0,0.0,0.0,0.0,0.0,0.0,0.0,0.0,0.0,0.0,0.0,0.0,0.0,0.0,0.0,0.0,0.0,0.0,0.0,0.0,0.0,0.0,0.0,0.0,0.0,0.0,0.0,0.0,0.0,0.0,0.0,0.0,0.0,0.000256082,0.0,0.0,0.0,0.0,0.0,0.0,0.0,0.0,0.0,0.0,0.0,0.0,0.0,0.000256082,0.0,0.0,0.0,0.0,0.0,0.0,0.0,0.0,0.0,0.0,0.0,0.0,0.0,0.0,0.0,0.0,0.0,0.0,0.0,0.0,0.0,0.0,0.0,0.0,0.0,0.0,0.0,8.54e-05,0.0,0.0,0.0,0.0,0.0,0.0,0.0,0.0,0.0,0.0,0.0,0.0,0.0,0.0,0.0,8.54e-05,0.0,0.0,0.0,0.0,0.0,0.0,0.0,0.0,0.0,0.0,0.0,0.0,0.0,0.0,0.0,0.0,0.0,0.0,0.0,0.0,0.0,0.0,0.0,0.0,8.54e-05,0.0,0.0,0.0,0.0,0.0,0.0,0.0,0.0,0.0,0.0,0.0,0.0,0.0,0.0,0.0,0.0,0.0,0.0,0.0,0.0,0.0,0.0,0.0,0.0,0.0,0.0,0.0,0.0,0.0,0.0,0.0,0.0,0.0,0.0,0.0,0.0,0.0,0.0,0.0,0.0,0.0,0.0,0.0,0.0,0.0,0.0,0.0,0.0,0.0,0.0,0.0,0.0,0.0,0.0,0.0,0.0,0.0,0.0,0.0,0.0,0.0,0.0,0.0,0.0,0.0,0.0,0.0,0.0,0.0,0.0,0.0,0.0,0.0,0.0,0.0,0.0,0.0,0.0,0.0,0.0,0.0,0.0,0.0,0.0,0.0,0.0
SRR12478735,0.00890401,0.88113508,0.004271029,0.0,0.000217171,0.0,0.000289561,0.0,0.003764297,0.001737368,0.001664978,0.013030259,0.034819748,0.000579123,0.000289561,0.003764297,7.24e-05,0.000434342,0.001085855,0.004560591,0.0,0.003619516,0.000941074,0.003329955,0.006008397,0.0,0.0,7.24e-05,0.002678442,0.000289561,0.0,0.000217171,0.000506732,0.0,0.001520197,0.001592587,0.0,0.0,7.24e-05,0.000217171,0.0,0.0,0.000361952,0.0,0.0,0.0,7.24e-05,0.0,0.0,0.0,0.000796294,0.0,0.0,0.0,0.0,7.24e-05,0.0,0.0,0.000361952,7.24e-05,0.004705371,7.24e-05,0.000289561,0.000579123,0.0,0.000434342,0.0,0.000144781,0.0,0.0,0.0,0.0,0.000217171,0.000579123,0.0,7.24e-05,0.0,0.0,7.24e-05,0.000579123,0.000723903,0.0,7.24e-05,0.0,0.0,0.000723903,7.24e-05,7.24e-05,0.000144781,0.0,0.0,0.0,0.0,0.0,0.0,0.0,0.000289561,0.0,0.0,0.000506732,0.0,0.0,7.24e-05,0.0,0.0,0.0,0.000144781,0.0,0.0,0.0,7.24e-05,0.0,7.24e-05,7.24e-05,7.24e-05,0.0,0.0,0.0,0.0,0.0,0.0,0.0,7.24e-05,0.0,0.0,0.0,7.24e-05,0.0,0.000289561,0.0,0.000144781,0.0,0.0,0.0,0.0,0.0,0.0,0.000361952,0.0,0.0,0.0,0.000144781,0.0,0.0,0.0,0.000144781,0.0,0.0,0.0,0.0,0.0,0.0,7.24e-05,0.0,0.0,0.0,0.000144781,7.24e-05,0.0,0.0,0.0,0.0,0.0,0.0,0.0,0.0,0.0,0.0,0.000144781,0.0,0.0,0.0,0.0,0.0,7.24e-05,0.0,0.0,0.0,0.0,0.0,0.0,0.0,0.0,7.24e-05,0.000144781,0.0,7.24e-05,0.0,0.0,0.0,0.0,0.0,0.0,0.0,0.0,0.0,0.0,0.0,7.24e-05,7.24e-05,0.0,0.0,0.0,0.0,0.0,7.24e-05,0.0,0.0,0.0,0.0,0.0,0.0,0.0,7.24e-05,0.0,7.24e-05,7.24e-05,0.0,0.0,0.0,0.0,0.0,0.0,0.0,0.0,0.0,0.0,0.0,0.0,0.0,0.0,0.000579123,7.24e-05,0.0,0.0,0.000144781,0.0,0.0,0.0,0.0,0.0,0.0,0.0,0.0,0.0,0.0,0.0,0.0,0.0,0.0,0.0,0.0,0.0,0.0,0.0,0.0,0.0,0.0,0.0,0.0,0.0,0.0,0.0,0.0,0.0,0.0,0.0,0.0,0.0,7.24e-05,0.0,0.0,0.0,0.0,0.0,0.0,0.0,0.0,0.0,0.0,0.0,0.0,0.0,0.0,0.0,0.000217171,0.0,0.0,0.0,0.0,0.0,0.0,7.24e-05,0.0,0.0,0.0,0.0,0.0,0.0,0.0,0.0,0.0,0.0,0.0,0.0,0.0,0.0,0.0,0.0,0.0,0.0,0.0,0.000868684,0.0,0.0,0.0,7.24e-05,0.0,0.0,0.0,0.0,0.0,0.0,0.0,0.0,0.0,0.0,0.0,0.0,0.0,0.0,0.000144781,0.0,7.24e-05,0.0,0.000144781,0.0,0.0,0.0,0.0,0.0,0.0,0.0,7.24e-05,0.0,0.0,0.0,0.0,0.0,0.0,0.0,0.0,0.0,7.24e-05,0.0,0.0,0.0,0.0,0.0,0.0,0.0,0.0,0.0,0.0,0.0,0.0,0.0,0.0,0.0,7.24e-05,0.0,7.24e-05,7.24e-05,0.0,0.0,0.0,0.0,0.0,0.0,0.0,0.0,0.0,0.0,0.0,0.0,0.0,0.0,0.0,0.0,7.24e-05,0.0,0.0,0.0,0.0,0.0,0.0,0.0,0.0,0.0,0.0,0.0,0.0,0.0,7.24e-05,0.0,0.0,0.0,0.0,0.0,0.0,0.0,7.24e-05,0.0,0.0,0.0,0.0,0.0,0.0,0.0,0.0,0.0,0.0,0.0,0.0,0.0,0.0,0.0,0.0,0.0,0.0,0.0,0.0,0.0,0.0,0.0,0.0,0.0,0.0,0.0,0.0,7.24e-05,0.0,0.0,0.0,0.0,0.0,0.0,0.0,0.0,0.0,0.0,0.0,0.0,0.0,0.0,0.0,0.0,0.0,0.0,0.0,0.0,0.0,0.0,0.0,0.0,0.0,0.0,0.0,0.0,0.0,0.0,0.0,0.0,0.0,0.0,0.0,0.0,0.0,0.0,0.0,0.0,0.0,0.0,0.0,0.0,0.0,7.24e-05,0.0,0.0,0.0,0.0,0.0,0.0,0.0,0.0,0.0,0.0,0.0,0.0,0.0,0.0,0.0,0.0,0.0,0.0,0.0,0.0,0.0,0.0,0.0,0.0,0.0,0.0,0.0,0.0,0.0,0.0,0.0,0.0,0.0,0.0,0.0,0.0,0.0,0.0,0.0,0.0,0.0,0.0,0.0,0.0,0.0,0.0,0.0,0.0,0.0,0.0,0.0,0.0,0.0,0.0,0.0,0.0,0.0,0.0,0.0,0.0,0.0,0.0,0.0,0.0,0.0,0.0,0.0,0.0,0.0,0.0,0.0,0.0,0.0,0.0,0.0,0.0,0.0,0.0,0.0,0.0,0.0,0.0,0.0,0.0,0.0,0.0,0.0,0.0,0.0,0.0,0.0,0.0,0.0,0.0,0.0,0.0,0.0,0.0,0.0,0.0,0.0,0.0,0.0,0.0,0.0,0.0,7.24e-05,0.0,0.0,0.0,0.0,0.0,0.0,0.0,0.0,0.0,0.0,0.0,0.0,0.0,0.0,0.0,0.0,0.0,0.0,0.0,0.0,0.0,0.0,0.0,0.0,0.0,0.0,0.0,0.0,0.0,0.0,0.0,0.0,0.0,0.0,0.0,0.0,0.0,0.0,0.0,0.0,0.0,0.0,0.0,0.0,0.0,0.0,0.0,0.0,0.0,0.0,0.0,0.0,0.0,0.0,0.0,0.0,0.0,0.0,0.0,0.0,0.0,0.0,0.0,0.0,0.0,0.0,0.0,0.0,0.0,0.0,0.0,0.0,0.0,0.0,0.0,0.0,0.0,0.0,0.0,0.0,0.0,0.0,0.0,0.0,0.0
SRR12478736,0.010456084,0.013941446,0.000497909,0.0,0.0,0.0,9.96e-05,0.000199164,0.135630353,0.007070305,0.023102968,0.005576578,0.001095399,0.004282016,9.96e-05,0.000298745,0.000995818,0.000298745,0.007269468,9.96e-05,0.0,0.022505477,0.004779924,0.010555666,0.001294563,0.000398327,0.0,0.004879506,0.117805218,0.0,0.0,0.011252738,0.011949811,0.001493726,0.001194981,0.000597491,9.96e-05,0.0,0.0,0.000199164,9.96e-05,0.0,0.001593308,0.0,0.0,0.000597491,0.001194981,0.004381597,0.000995818,0.002987453,0.0,9.96e-05,9.96e-05,0.000298745,0.005576578,0.00229038,0.0,0.0,0.0,0.000398327,0.004580761,0.000298745,0.0,0.000199164,0.000298745,0.000398327,0.0,0.0,0.000995818,9.96e-05,0.0,0.0,9.96e-05,9.96e-05,0.0,0.0,0.0,0.0,0.007767377,0.033957379,0.000199164,0.0,0.0,0.012148974,9.96e-05,0.000796654,0.007269468,0.0,0.0,0.0,9.96e-05,0.000398327,9.96e-05,0.000796654,0.012746465,0.000597491,0.0,0.0,0.0,0.000896236,0.000298745,0.040430193,0.000298745,0.001792472,0.013543119,0.0,0.000298745,0.0,0.0,0.001991635,0.000398327,0.0,0.001394145,0.0,0.0,0.004182434,0.0,0.0,0.0,0.000298745,0.017426807,0.0,0.003784107,0.0,0.000497909,9.96e-05,9.96e-05,0.001095399,0.000497909,0.000199164,0.0,0.0,0.0,0.0,0.0,0.003584943,0.000199164,0.0,0.0,9.96e-05,0.0,9.96e-05,0.000398327,0.000398327,0.0,0.365465047,0.00398327,0.0,0.0,0.0,9.96e-05,9.96e-05,0.0,0.0,0.0,0.000298745,9.96e-05,0.0,0.0,0.0,0.0,0.0,0.0,0.0,0.0,0.001991635,0.0,0.0,0.0,0.0,0.0,0.0,0.0,0.0,0.0,0.0,0.0,0.0,0.001194981,0.0,0.0,0.012547301,0.0,0.0,0.0,0.0,0.0,0.0,0.0,0.0,9.96e-05,0.0,0.0,0.0,0.0,0.0,0.0,0.000298745,0.0,0.000298745,0.0,9.96e-05,0.0,0.0,0.001991635,0.0,0.003485361,0.0,0.0,0.0,0.0,0.0,0.0,9.96e-05,0.0,9.96e-05,0.0,0.0,0.000199164,0.0,0.0,0.0,0.000298745,0.0,0.0,9.96e-05,0.000199164,0.0,0.0,0.000298745,0.0,0.000298745,0.0,0.000697072,0.0,9.96e-05,0.0,0.0,0.0,0.0,9.96e-05,0.0,0.0,0.001792472,0.0,0.0,9.96e-05,0.0,0.0,0.0,0.0,9.96e-05,0.0,0.0,0.0,0.0,0.0,0.0,0.0,0.0,0.0,0.0,0.0,0.0,0.0,0.0,0.0,0.0,0.0,0.0,0.0,0.0,0.0,0.0,0.0,0.0,0.0,0.0,0.0,0.0,0.0,0.0,0.0,0.0,9.96e-05,0.000398327,0.0,0.0,0.0,0.0,0.0,0.0,0.0,0.000597491,0.0,0.0,0.0,0.0,0.0,0.000697072,0.0,0.0,0.0,0.0,0.0,0.0,0.0,0.0,0.0,0.0,0.0,0.000199164,0.0,0.0,0.0,0.0,0.0,0.0,0.0,0.0,0.0,0.0,0.0,0.0,0.0,0.0,0.0,0.0,0.0,0.0,0.0,0.0,0.0,0.0,0.0,0.0,0.0,0.0,0.0,0.0,0.0,0.0,0.0,0.0,0.0,0.0,0.0,0.0,0.0,9.96e-05,0.0,0.0,0.0,0.0,0.0,0.0,0.0,0.0,0.0,0.0,0.0,0.0,0.0,0.0,0.0,9.96e-05,0.0,0.0,0.000497909,0.0,0.0,9.96e-05,0.0,0.0,0.000398327,0.0,0.0,0.0,0.0,0.0,9.96e-05,0.0,0.0,0.0,0.0,0.0,0.0,0.0,0.0,0.0,9.96e-05,0.0,0.0,0.0,0.0,0.0,0.0,0.0,0.0,0.0,0.0,0.0,0.0,9.96e-05,0.0,0.0,0.0,0.0,0.0,0.0,0.0,0.0,0.0,0.0,0.0,0.0,0.0,0.0,0.0,0.0,0.0,0.0,0.0,0.0,0.0,0.0,0.0,0.0,0.0,0.0,0.0,0.0,0.0,0.0,0.0,0.0,0.0,0.0,0.0,0.0,0.0,0.0,0.0,0.0,9.96e-05,0.0,0.0,0.0,0.0,0.0,0.0,0.0,0.0,0.0,0.0,0.0,0.0,0.0,0.0,0.0,9.96e-05,0.0,0.0,0.0,0.0,0.0,0.0,0.0,0.0,0.0,0.0,0.0,0.0,0.0,0.0,0.0,0.0,0.0,0.0,0.0,0.0,0.0,0.0,0.0,0.0,0.0,0.0,0.0,0.0,0.0,0.0,0.0,0.0,0.0,0.0,0.000199164,0.0,0.0,0.0,0.0,0.0,0.0,0.0,0.0,0.0,0.0,0.0,0.0,0.0,0.0,0.0,0.0,0.0,0.0,0.0,0.0,0.0,0.0,0.0,0.0,0.0,0.0,0.0,0.0,9.96e-05,0.0,0.0,0.0,0.0,0.0,0.0,0.0,0.0,0.0,0.0,0.0,0.0,0.0,0.0,0.0,0.0,0.0,0.0,0.0,0.0,0.0,0.0,0.0,0.0,0.0,0.0,0.0,0.0,0.0,9.96e-05,0.0,0.0,0.0,0.0,0.0,0.0,0.0,0.0,0.0,0.0,0.0,0.0,0.0,0.0,0.0,0.0,0.0,0.0,0.0,0.0,0.0,0.0,0.0,0.0,0.0,0.0,0.0,0.0,0.0,0.0,0.0,0.0,0.0,0.0,0.0,0.0,0.0,0.0,0.0,9.96e-05,0.000199164,9.96e-05,0.0,0.0,0.0,0.0,0.0,0.0,0.0,0.0,0.0,0.0,0.0,0.0,0.0,0.0,0.0,0.0,0.0,0.0,0.0,0.0,0.0,0.0,0.0,0.0,0.0,0.0,0.0,0.0,0.0,0.0,0.0,0.0,0.0,0.0,0.0,0.0,0.0,0.0,0.0,0.0,0.0,0.0,0.0,0.0,0.0,0.0,0.0,0.0,0.0,0.0,0.0,0.0,0.0,0.0,0.0,0.0,0.0,0.0,0.0,0.0,0.0,0.0,0.0,0.0,0.0,0.0,0.0,0.0,0.0,0.0,0.0,0.0,0.0,0.0,0.0,0.0,0.0,0.0,0.0,0.0,0.0,0.0
SRR12478737,0.004267631,0.433417722,0.513562387,0.0,0.000433996,7.23e-05,0.002314647,0.0,0.002314647,0.000289331,7.23e-05,7.23e-05,0.000433996,0.000289331,0.0,0.001012658,0.000216998,7.23e-05,7.23e-05,7.23e-05,0.0,0.001084991,0.0,0.012875226,7.23e-05,0.0,0.0,0.0,0.001952984,0.0,0.000144665,0.000216998,7.23e-05,0.0,0.000216998,0.000650995,0.0,0.0,0.0,0.0,7.23e-05,0.0,0.0,0.0,0.0,0.0,0.0,0.0,0.0,0.0,7.23e-05,0.0,0.000144665,0.0,0.0,0.0,0.0,0.0,0.0,0.000506329,0.01034358,0.000289331,7.23e-05,0.000723327,0.000506329,0.001229656,0.0,0.000216998,0.0,0.0,0.0,0.0,0.0,0.00079566,0.0,0.0,0.0,0.0,0.0,0.000144665,7.23e-05,7.23e-05,7.23e-05,7.23e-05,0.0,0.0,7.23e-05,0.000144665,0.0,0.0,0.0,7.23e-05,0.000723327,0.0,0.0,0.0,0.0,0.0,0.0,0.0,7.23e-05,0.0,0.0,0.0,7.23e-05,0.0,0.0,7.23e-05,0.0,0.0,7.23e-05,0.0,0.0,7.23e-05,0.0,0.0,0.0,0.0,0.0,0.0,0.000216998,0.0,0.0,0.0,0.0,0.0,7.23e-05,7.23e-05,0.000506329,0.0,0.000216998,0.0,0.0,7.23e-05,0.0,0.0,0.0,7.23e-05,0.0,0.0,0.0,7.23e-05,0.0,0.000144665,0.0,0.0,0.0,0.0,0.0,0.0,0.0,7.23e-05,0.0,0.0,0.0,0.0,0.0,0.0,0.0,0.0,0.0,0.0,0.0,0.0,0.0,0.0,0.0,7.23e-05,0.0,0.0,0.0,0.0,0.0,0.0,0.0,0.0,0.0,7.23e-05,0.0,0.0,0.0,0.0,0.0,0.0,0.0,0.0,0.0,0.0,0.0,0.0,0.0,0.0,0.0,0.0,0.0,0.0,0.000216998,0.0,0.0,0.000216998,0.0,0.0,7.23e-05,0.0,0.0,0.0,0.0,0.0,0.0,0.0,0.0,0.0,0.0,0.0,0.0,0.0,0.0,0.0,0.0,0.0,0.0,0.0,0.0,0.0,0.0,0.0,0.0,0.000940325,0.0,0.000144665,0.0,0.000723327,0.000361664,0.0,0.0,0.0,0.0,0.0,0.0,0.0,0.0,0.0,0.0,0.0,0.0,0.0,0.0,0.0,0.0,0.0,0.0,0.0,0.0,7.23e-05,0.0,0.0,0.0,0.0,0.0,0.0,0.0,0.0,0.0,0.0,0.0,0.0,0.0,0.0,0.0,0.0,0.0,0.0,0.0,0.0,0.0,0.0,0.0,0.0,0.0,0.0,0.0,0.0,0.0,0.0,0.0,0.000578662,0.0,0.0,0.0,0.0,0.000144665,0.0,0.000144665,0.0,0.0,0.0,0.0,0.0,7.23e-05,0.0,0.0,0.0,0.0,0.0,0.0,0.0,0.0,0.0,0.0,0.0,0.0,0.0,0.0,0.0,0.0,0.0,0.0,0.0,0.0,0.0,0.0,0.0,0.0,0.000144665,0.0,0.000216998,7.23e-05,0.0,0.0,0.0,0.0,0.0,0.000144665,0.0,0.0,7.23e-05,7.23e-05,0.0,0.0,0.0,0.0,0.0,0.0,0.0,0.0,0.0,0.0,0.0,0.0,0.0,0.0,0.0,0.0,0.0,0.0,7.23e-05,0.0,0.0,7.23e-05,7.23e-05,0.0,0.0,7.23e-05,0.0,0.0,0.0,0.0,0.0,0.0,0.0,0.0,0.0,0.0,0.0,0.0,0.0,0.0,0.0,0.0,0.0,0.0,0.0,0.0,0.0,0.0,0.0,0.0,7.23e-05,0.0,0.0,0.0,0.0,0.0,0.0,0.0,0.0,0.0,7.23e-05,0.0,0.0,0.0,0.0,0.0,0.0,0.0,0.0,0.0,0.0,0.0,7.23e-05,0.0,0.0,0.0,0.0,0.0,0.0,0.0,0.0,0.0,0.0,0.0,0.0,0.0,0.0,0.0,7.23e-05,0.0,0.0,0.0,0.0,0.0,0.0,0.0,0.0,0.0,0.0,0.0,0.0,0.0,0.0,0.0,0.0,0.0,0.0,0.0,0.0,0.0,0.0,0.0,0.0,0.0,0.0,0.0,0.0,0.0,0.0,0.0,7.23e-05,0.0,0.0,0.0,0.0,0.0,0.0,0.0,0.0,0.0,0.0,0.0,0.0,0.0,0.0,0.0,0.0,0.0,0.0,0.0,0.0,0.0,0.0,0.0,0.0,0.0,0.0,0.0,0.0,0.0,0.0,0.0,0.0,0.0,0.0,0.0,0.0,0.0,0.0,0.0,0.0,0.0,0.0,0.0,0.0,0.0,0.0,0.0,0.0,0.0,0.0,0.0,0.0,0.0,0.0,0.0,0.0,0.0,0.0,0.0,0.0,0.0,0.0,0.0,0.0,0.0,0.0,0.0,0.0,0.0,0.0,0.0,0.0,0.0,0.0,0.0,0.0,0.0,0.0,0.0,0.0,0.0,0.0,0.0,0.0,0.0,0.0,0.0,0.0,0.0,7.23e-05,0.0,0.0,0.0,0.0,0.0,0.0,0.0,0.0,0.0,0.0,0.0,0.0,0.0,0.0,0.0,0.0,0.0,0.0,0.0,0.0,0.0,0.0,0.0,0.0,0.0,0.0,0.0,0.0,0.0,0.0,0.0,0.0,0.0,0.0,0.0,0.0,0.0,0.0,0.0,0.0,0.0,0.0,0.0,0.0,0.0,0.0,0.0,0.0,0.0,7.23e-05,7.23e-05,0.0,0.0,0.0,0.0,0.0,0.0,0.0,0.0,0.0,0.0,0.0,0.0,0.0,0.0,0.0,0.0,0.0,0.0,0.0,0.0,0.0,0.0,0.0,0.0,0.0,0.0,0.0,0.0,0.0,0.0,0.0,0.0,0.0,0.0,0.0,0.0,0.0,0.0,0.0,0.0,0.0,0.0,0.0,0.0,0.0,0.0,0.0,0.0,0.0,0.0,0.0,0.0,0.0,0.0,0.0,0.0,0.0,0.0,0.0,0.0,0.0,0.0,0.0,0.0,0.0,0.0,0.0,0.0,0.0,0.0,0.0,0.0,0.0,0.0,0.0,0.0,0.0,0.0,0.0,0.0
SRR12478738,0.023654111,0.859093359,0.029882029,0.0,5.99e-05,0.0,0.000598838,0.0,0.002275585,0.000299419,0.001976166,0.0,0.003533146,0.002095934,5.99e-05,0.000239535,0.000299419,0.000119768,0.0,0.001437212,0.0,0.001377328,0.000598838,0.001377328,0.002694772,0.000119768,0.0,0.000179651,0.000119768,0.001377328,0.0,0.000119768,0.000239535,0.0,0.000958141,0.00077849,5.99e-05,0.0,0.000299419,0.0,0.0,0.0,0.0,0.0,0.0,0.0,0.0,0.0,0.0,5.99e-05,0.000239535,0.000658722,0.000119768,0.0,0.0,0.0,0.0,0.0,0.0,0.000479071,0.006048266,0.000419187,5.99e-05,0.000658722,0.000239535,0.000598838,0.0,5.99e-05,0.0,0.0,0.0,0.0,5.99e-05,0.001018025,0.0,5.99e-05,0.0,0.0,0.000239535,0.0,0.0,0.0,5.99e-05,0.016288401,0.0,0.0,0.000119768,0.000359303,0.0,0.0,0.0,0.001856399,0.000958141,0.010300018,0.0,5.99e-05,0.0,0.0,0.0,0.0,5.99e-05,0.0,5.99e-05,0.0,0.0,0.0,0.0,0.0,0.0,0.009162225,0.000239535,0.0,5.99e-05,5.99e-05,0.000179651,0.000119768,0.0,0.0,0.0,0.0,0.000119768,0.0,0.0,0.0,0.0,0.0,0.0,0.0,0.000538954,0.000179651,0.0,0.0,0.0,0.0,5.99e-05,0.000119768,0.0,5.99e-05,0.0,0.0,0.0,0.0,0.0,0.0,0.0,0.0,0.000479071,0.000479071,0.0,0.0,0.0,0.000718606,0.000119768,0.0,0.0,0.0,0.0,0.0,0.0,0.0,0.0,0.0,0.0,0.0,0.0,0.0,0.0,0.0,0.0,0.0,0.0,0.0,0.0,0.0,0.0,0.0,0.0,5.99e-05,0.002095934,0.0,0.0,0.0,0.0,0.0,5.99e-05,5.99e-05,0.0,5.99e-05,0.0,0.0,0.0,0.0,0.0,0.0,0.0,0.0,0.0,0.0,0.0,0.000119768,0.0,0.0,0.0,0.0,0.0,0.0,0.0,0.0,5.99e-05,0.0,0.0,0.0,0.0,0.0,0.0,0.0,0.0,5.99e-05,0.0,0.0,0.0,0.0,0.0,0.0,5.99e-05,0.0,0.0,0.0,0.0,0.000239535,5.99e-05,0.000179651,0.000119768,0.0,5.99e-05,0.0,0.0,0.0,0.0,0.0,0.0,0.0,5.99e-05,0.0,0.0,0.0,0.0,0.0,0.0,0.0,0.0,0.0,0.0,0.0,0.0,0.0,0.0,0.0,0.0,0.0,0.0,0.0,0.0,0.000179651,0.000239535,5.99e-05,0.0,0.0,0.0,5.99e-05,0.0,0.0,0.0,0.0,0.0,0.0,0.0,0.0,0.0,0.0,0.0,0.0,5.99e-05,0.0,5.99e-05,0.000658722,0.0,0.0,0.0,0.0,0.0,0.0,0.000119768,0.0,0.0,0.0,0.0,0.0,0.0,0.0,0.0,0.0,0.000119768,0.0,0.0,0.0,0.0,0.0,0.0,0.0,0.0,0.0,0.0,0.0,0.000119768,0.0,0.0,0.0,0.0,0.0,0.0,5.99e-05,0.0,0.0,0.0,5.99e-05,0.0,5.99e-05,0.0,0.0,0.0,0.0,0.0,0.0,0.0,5.99e-05,5.99e-05,0.0,0.0,5.99e-05,0.0,0.0,0.0,0.0,0.0,0.0,0.0,0.0,0.0,0.0,0.0,0.0,0.0,0.0,0.0,0.000119768,0.0,0.002754656,0.0,0.0,0.0,0.0,0.0,0.0,0.0,0.0,0.0,0.0,0.0,0.0,0.0,0.0,5.99e-05,0.0,0.0,5.99e-05,0.0,0.0,0.0,0.0,0.0,0.0,0.0,0.0,0.0,0.0,0.0,0.0,0.0,0.0,0.0,0.0,0.0,0.0,0.0,0.0,0.0,0.0,0.0,0.0,0.0,0.0,0.000958141,0.0,0.0,0.0,0.0,0.0,0.0,0.0,0.0,0.0,0.0,0.0,0.0,0.0,0.0,0.0,0.0,0.0,0.0,0.0,0.0,0.0,0.0,0.0,0.0,0.0,0.0,0.0,0.0,0.0,0.0,0.0,0.0,0.0,0.0,0.0,0.0,0.0,0.0,0.0,0.0,0.0,0.0,0.0,0.0,0.0,0.0,0.0,0.0,0.0,0.0,0.0,0.0,0.0,0.0,0.0,0.0,0.0,0.0,0.0,0.0,0.0,0.0,0.0,0.0,0.0,0.0,0.0,0.0,0.0,0.0,0.0,0.0,0.0,0.0,0.0,5.99e-05,0.0,0.0,0.0,0.0,0.0,0.0,0.0,0.0,0.0,0.0,0.0,0.0,0.0,0.0,0.0,0.0,0.0,0.0,0.0,0.0,0.0,0.0,0.0,0.0,0.0,0.0,0.0,0.0,0.0,0.0,5.99e-05,0.0,0.0,0.0,0.0,0.0,0.0,5.99e-05,5.99e-05,0.0,0.0,0.0,0.0,0.0,0.000299419,0.0,0.0,0.0,0.0,0.0,0.0,0.0,0.0,0.0,0.0,0.0,0.0,0.0,0.0,0.0,0.0,0.0,0.0,0.0,0.0,0.0,0.0,0.0,0.0,0.0,0.0,0.0,0.0,0.0,0.0,0.0,5.99e-05,0.0,0.0,0.0,0.0,0.0,0.0,0.0,0.0,0.0,0.0,0.0,0.0,0.0,0.0,0.0,0.0,0.0,0.0,0.0,0.0,0.0,0.0,0.0,0.0,0.0,0.0,0.0,0.0,0.0,0.0,0.0,0.0,0.0,0.0,0.0,0.0,0.0,0.0,0.0,0.0,0.0,0.0,0.0,5.99e-05,0.000119768,0.000119768,0.0,0.0,0.0,0.0,0.0,0.0,0.0,0.0,0.0,0.0,0.0,0.0,0.0,0.0,0.0,0.0,0.0,0.0,0.0,0.0,0.0,0.0,0.0,0.0,0.0,0.0,0.0,0.0,0.0,0.0,0.0,0.0,0.0,0.0,0.0,0.0,0.0,0.0,0.0,0.0,0.0,0.0,0.0,0.0,0.0,0.0,0.0,0.0,0.0,0.0,0.0,0.0,0.0,0.0,0.0,0.0,0.0,0.0,0.0,0.0,0.0,0.0,0.0,0.0,0.0,0.0,0.0,0.0,0.0,0.0,0.0,0.0,0.0,0.0,0.0,0.0,0.0
SRR12478740,0.702608272,0.041277322,0.002518892,0.0,0.008694239,0.0,8.13e-05,0.0,0.061590964,0.013894532,0.004387747,0.002275128,0.00658162,0.051515398,8.13e-05,0.003656456,0.000325018,8.13e-05,0.000325018,0.001137564,0.000162509,0.004387747,0.003493947,0.025107662,8.13e-05,8.13e-05,0.0,0.000731291,0.009913058,0.000325018,0.0,0.003656456,0.006825384,0.002193873,0.000162509,0.001137564,0.0,0.0,0.0,8.13e-05,0.0,0.0,0.0008938,0.0,0.0,0.0,0.003006419,0.000975055,0.0,0.000243764,0.000243764,0.0,0.000162509,0.012350695,0.0,0.001137564,0.0,0.0,0.0,0.0,8.13e-05,8.13e-05,0.0,0.0,0.0,0.0,0.0,0.0,0.000650037,0.0,0.0,0.0,0.0,0.000162509,0.0,0.0,0.0,0.0,0.004225238,0.000406273,8.13e-05,8.13e-05,0.0,0.0,0.0,0.0,0.005444056,8.13e-05,8.13e-05,0.0,0.0,0.00195011,0.0,0.0,0.000162509,8.13e-05,0.0,0.0,0.0,0.000162509,0.000162509,0.000406273,0.0,0.000243764,0.000406273,0.0,0.0,8.13e-05,0.0,0.002275128,0.0,0.0,8.13e-05,0.000162509,0.0,8.13e-05,0.0,0.0,0.0,0.0,0.0,0.0,0.000731291,0.0,8.13e-05,0.0,0.0,0.0,0.0,0.0,8.13e-05,0.0,0.0,8.13e-05,0.000162509,8.13e-05,0.0,0.0,0.0,0.0,0.0,0.0,8.13e-05,0.000162509,0.0,0.0,0.0,0.0,0.0,0.0,0.0,0.0,0.0,0.0,0.0,8.13e-05,0.000243764,0.0,0.0,0.0,0.0,0.0,0.0,0.0,0.0,0.001056309,0.0,0.0,0.0,0.0,0.0,0.0,8.13e-05,0.0,0.0,0.0,8.13e-05,0.0,8.13e-05,0.000162509,0.0,0.0,0.0,0.0,0.0,8.13e-05,0.000243764,0.0,0.0,0.0,0.0,0.0,0.0,0.0,0.0,0.0,0.0,0.0,0.0,0.0,0.0,0.0,0.0,0.0,0.0,0.0,8.13e-05,0.0,0.0,8.13e-05,0.0,0.0,0.0,0.0,0.0,0.0,0.0,0.0,0.0,0.0,0.0,0.0,0.0,0.0,0.0,0.0,0.0,0.0,0.0,0.0,0.0,0.0,0.0,0.0,0.0,0.0,0.0,0.0,0.0,0.0,0.0,0.0,0.0,0.0,0.0,0.0,0.0,0.0,0.0,0.0,0.0,0.0,0.0,0.0,0.0,0.0,0.0,0.0,0.0,0.0,0.0,0.0,0.0,0.0,8.13e-05,0.0,0.0,0.0,0.0,0.0,0.0,0.0,0.0,0.0,0.0,0.0,0.0,0.0,0.0,0.0,0.0,0.0,0.0,0.0,0.0,0.0,0.0,0.0,0.0,0.0,0.0,0.0,0.0,0.0,0.0,0.0,0.0,0.0,0.0,0.0,0.0,0.0,0.0,0.0,0.0,0.0,0.0,0.0,0.0,0.0,0.0,0.0,0.0,0.0,0.0,0.0,0.0,0.0,0.0,0.0,0.0,0.0,0.0,0.0,0.0,0.0,0.0,0.0,0.0,0.0,0.0,0.0,0.0,0.0,0.0,0.0,0.0,0.0,0.0,0.0,0.0,0.0,0.0,0.0,0.0,0.0,0.0,0.0,0.0,0.0,0.0,0.0,0.0,0.0,0.0,0.0,0.0,0.0,0.0,0.0,0.0,0.0,0.0,0.0,0.0,0.0,0.0,0.0,0.0,0.0,0.0,0.0,0.0,0.0,0.0,0.0,0.0,0.0,0.0,0.0,0.0,0.0,0.0,0.0,0.0,0.0,0.0,0.0,0.0,0.0,0.0,0.0,0.0,0.0,0.0,0.0,0.0,0.0,0.0,0.0,0.0,0.0,0.0,8.13e-05,0.0,0.0,0.0,0.0,0.0,0.0,0.0,0.0,0.0,0.0,0.0,0.0,0.0,0.0,0.0,0.0,0.0,0.0,0.0,0.0,0.0,0.0,0.0,0.0,0.0,0.0,0.0,0.0,0.0,0.0,0.0,0.0,0.0,0.0,0.0,0.0,0.0,0.0,0.0,0.0,0.0,0.0,0.0,0.0,0.0,0.0,0.0,0.0,0.0,0.0,0.0,0.0,0.0,0.0,0.0,0.0,0.0,0.0,0.0,0.0,0.0,0.0,0.0,0.0,0.0,0.0,0.0,0.0,0.0,0.0,0.0,0.0,0.0,0.0,0.0,0.0,0.0,0.0,0.0,0.0,0.0,0.0,0.0,0.0,0.0,0.0,0.0,0.0,0.0,0.0,0.0,0.0,0.0,0.0,0.0,0.0,0.0,0.0,0.0,0.0,0.0,0.0,0.0,0.0,0.0,0.0,0.0,0.0,0.0,0.0,0.0,0.0,0.0,0.0,0.0,0.0,0.0,0.0,0.0,0.0,0.0,0.0,0.0,0.0,0.0,0.0,0.0,0.0,0.0,0.0,0.0,0.0,0.0,0.0,0.0,0.0,0.0,0.0,0.0,0.0,0.0,0.0,0.0,0.0,0.0,0.0,0.0,0.0,0.0,0.0,0.0,0.0,0.0,0.0,0.0,0.0,0.0,0.0,0.0,0.0,0.0,0.0,0.0,0.0,0.0,0.0,0.0,0.0,0.0,0.0,0.0,0.0,0.0,0.0,0.0,0.0,0.0,0.0,0.0,0.0,0.0,0.0,0.0,0.0,0.0,0.0,0.0,0.0,0.0,0.0,0.0,0.0,0.0,0.0,0.0,0.0,0.0,0.0,8.13e-05,0.0,0.0,0.0,0.0,0.0,0.0,0.0,0.0,0.0,0.0,0.0,0.0,0.0,0.0,0.0,0.0,0.0,0.0,0.0,0.0,0.0,0.0,0.0,0.0,0.0,0.0,0.0,0.0,0.0,0.0,0.0,0.0,0.0,0.0,0.0,0.0,0.0,0.0,0.0,0.0,0.0,0.0,0.0,0.0,0.0,0.0,0.0,0.0,0.0,0.0,0.0,0.0,0.0,0.0,0.0,0.0,0.0,0.0,0.0,0.0,0.0,0.0,0.0,0.0,0.0,0.0,0.0,0.0,0.0,0.0,0.0,0.0,0.0,0.0,0.0,0.0
SRR12478741,0.8307951,0.031083353,4.8e-05,4.8e-05,0.001153015,0.000240211,0.0,0.0,0.092385299,0.000768676,0.000288254,0.0,0.001153015,0.000336296,0.0,0.001873649,9.61e-05,0.0,4.8e-05,0.0,4.8e-05,0.002882537,0.000768676,0.002065818,0.0,0.0,0.0,0.0,0.00062455,0.0,0.0,0.000576507,0.025654576,0.0,9.61e-05,9.61e-05,9.61e-05,0.0,0.0,0.0,0.0,0.0,0.0,0.0,0.0,0.0,0.0,0.0,0.0,9.61e-05,0.0,0.0,0.0,0.0,0.0,0.0,0.0,0.0,0.0,0.0,0.0,0.0,0.0,0.0,0.0,0.0,0.0,0.0,0.0,0.0,0.0,0.0,0.0,0.0,0.0,0.0,0.0,0.0,0.000384338,0.0,0.004612059,0.0,0.0,0.0,0.0,0.0,0.000144127,9.61e-05,0.0,0.0,0.0,9.61e-05,9.61e-05,0.0,0.0,0.0,0.0,0.0,0.0,4.8e-05,0.0,0.0,0.0,0.0,4.8e-05,0.0,9.61e-05,0.0,0.0,9.61e-05,0.0,0.0,0.0,0.0,0.0,4.8e-05,0.0,0.0,0.0,0.0,0.0,0.0,0.0,0.0,0.0,0.0,0.0,0.0,0.0,0.0,0.0,0.0,0.0,0.0,0.0,0.0,0.0,0.0,0.0,0.0,0.0,0.0,0.0,0.0,0.0,4.8e-05,0.0,0.0,0.0,0.0,0.0,0.0,0.0,0.0,0.0,0.0,0.0,0.0,0.0,0.0,0.0,0.0,0.0,0.0,0.0,0.0,0.0,0.0,0.0,0.0,0.0,0.0,0.0,0.0,0.0,0.0,0.0,0.0,0.0,0.0,4.8e-05,0.0,0.0,0.0,0.0,0.0,0.0,0.0,0.0,0.0,0.0,0.0,0.0,0.0,0.0,0.0,0.0,0.0,0.0,0.0,0.0,0.0,0.0,0.0,0.0,0.0,0.0,0.0,0.0,0.0,0.0,0.0,0.0,0.0,0.0,0.0,0.0,0.0,0.0,0.0,0.0,0.0,0.0,0.0,0.0,0.0,0.0,0.0,0.0,0.0,0.0,0.0,0.0,0.0,0.0,0.0,0.0,0.0,0.0,0.0,0.0,0.0,0.0,0.0,0.0,0.0,0.0,0.0,0.0,0.0,0.0,0.0,0.0,0.0,0.0,0.0,0.0,0.0,0.0,0.0,0.0,0.0,0.0,0.0,0.0,0.0,0.0,0.0,0.0,0.0,0.0,0.0,0.0,0.0,0.0,0.0,0.0,0.0,0.0,0.0,0.0,0.0,0.0,0.0,4.8e-05,0.0,0.0,0.0,0.0,0.0,0.0,0.0,0.0,0.0,0.0,0.0,0.0,0.0,0.0,0.0,0.0,4.8e-05,0.0,0.0,0.0,0.0,0.0,0.0,0.0,0.0,0.0,0.0,0.0,0.0,0.0,0.0,0.0,0.0,0.0,0.0,0.0,0.0,0.0,0.0,0.0,0.0,0.0,0.0,0.0,0.0,0.0,0.0,0.0,0.0,0.0,0.000288254,0.0,4.8e-05,0.0,0.0,0.0,0.0,0.0,0.0,0.0,0.0,0.0,0.0,0.0,0.0,0.0,0.0,0.0,0.0,0.0,0.0,0.0,0.0,0.0,0.0,0.0,0.0,0.0,0.0,0.000336296,0.0,0.0,0.0,0.0,0.0,0.0,0.0,0.0,0.0,0.0,0.0,0.0,0.0,0.0,0.0,0.0,0.0,0.0,0.0,4.8e-05,0.0,0.0,0.0,0.0,0.0,0.0,0.0,0.0,0.0,0.0,0.0,0.0,0.0,0.0,0.0,0.0,0.0,0.0,0.0,0.0,0.0,0.0,0.0,0.0,0.0,0.0,0.0,0.0,0.0,0.0,0.0,0.0,0.0,0.0,0.0,0.0,0.0,0.0,0.0,0.0,0.0,0.0,0.0,0.0,0.0,0.0,0.0,0.0,0.0,0.0,0.0,0.0,0.0,0.0,0.0,0.0,0.0,0.0,0.0,0.0,0.0,0.0,0.0,0.0,0.0,0.0,0.0,0.0,0.0,0.0,0.0,0.0,0.0,0.0,0.0,0.0,0.0,0.0,0.0,0.0,0.0,0.0,0.0,0.0,0.0,0.0,0.0,0.0,0.0,0.0,0.0,0.0,0.0,0.0,0.0,0.0,0.0,0.0,0.0,0.0,0.0,0.0,0.0,0.0,0.0,0.0,0.0,0.0,0.0,0.0,0.0,0.0,0.0,0.0,0.0,0.0,0.0,0.0,0.0,0.0,0.0,0.0,0.0,0.0,0.0,0.0,0.0,0.0,0.0,0.0,0.0,0.0,0.0,0.0,0.0,0.0,0.0,0.0,0.0,0.0,0.0,0.0,0.0,0.0,0.0,0.0,0.0,0.0,0.0,0.0,0.0,0.0,0.0,0.0,0.0,0.0,0.0,0.0,0.0,0.0,0.0,0.0,0.0,0.0,0.0,0.0,0.0,0.0,0.0,0.0,0.0,0.0,0.0,0.0,0.0,0.0,0.0,0.0,0.0,0.0,0.0,0.0,0.0,0.0,0.0,0.0,0.0,0.0,0.0,0.0,0.0,0.0,0.0,0.0,0.0,0.0,0.0,0.0,0.0,0.0,0.0,0.0,0.0,0.0,0.0,0.0,0.0,0.0,0.0,0.0,0.0,0.0,0.0,0.0,0.0,0.0,0.0,0.0,0.0,0.0,0.0,0.0,0.0,0.0,0.0,0.0,0.0,0.0,0.0,0.0,0.0,0.0,0.0,0.0,0.0,0.0,0.0,0.0,0.0,0.0,0.0,0.0,0.0,0.0,0.0,0.0,0.0,0.0,0.0,0.0,0.0,0.0,0.0,0.0,0.0,0.0,0.0,0.0,0.0,0.0,0.0,0.0,0.0,0.0,0.0,0.0,0.0,0.0,0.0,0.0,0.0,0.0,0.0,0.0,0.0,0.0,0.0,0.0,0.0,0.0,0.0,0.0,0.0,0.0,0.0,0.0,0.0,0.0,0.0,0.0,0.0,0.0,0.0,0.0
SRR12478742,0.005756224,0.720199549,0.016405238,0.0,9.59e-05,0.0,0.000479685,4.8e-05,0.188996019,0.000767497,0.001726867,9.59e-05,0.010409172,4.8e-05,0.000527654,0.002014678,0.0,0.0,9.59e-05,0.000191874,9.59e-05,0.002494364,0.002830143,0.007147311,0.001582962,4.8e-05,0.0,0.00033578,0.002734206,0.000143906,0.0,0.011080731,0.000191874,0.0,0.000143906,0.000383748,4.8e-05,0.0,0.0,0.0,0.0,0.0,4.8e-05,0.0,0.0,0.0,9.59e-05,0.0,0.0,0.000143906,0.000143906,0.0,0.0,0.0,0.0,0.0,0.0,0.0,0.0,0.000239843,0.006235909,0.000287811,9.59e-05,0.000719528,0.000239843,0.000719528,0.0,4.8e-05,0.000143906,0.0,0.0,0.0,0.000239843,0.000287811,0.0,9.59e-05,0.0,0.0,0.003117955,0.0,4.8e-05,0.0,4.8e-05,9.59e-05,0.0,0.000863434,0.0,0.000911402,0.0,0.0,0.0,0.00163093,0.0,0.001487025,0.0,4.8e-05,0.0,0.0,0.0,0.0,0.0,0.0,0.0,0.0,0.0,0.0,4.8e-05,0.0,0.0,4.8e-05,0.000479685,0.0,4.8e-05,0.000143906,0.0,4.8e-05,0.0,0.0,0.0,4.8e-05,9.59e-05,0.0,0.0,0.0,4.8e-05,0.0,0.0,9.59e-05,0.000479685,4.8e-05,0.0,0.0,0.0,0.0,0.0,0.0,0.0,0.0,4.8e-05,0.0,0.0,0.0,4.8e-05,0.0,0.0,0.0,0.0,9.59e-05,0.0,0.0,0.0,0.000143906,0.000191874,0.0,0.0,0.0,0.0,4.8e-05,0.0,0.0,0.0,0.0,0.0,0.0,0.0,0.0,0.0,0.0,0.0,0.0,0.0,0.0,4.8e-05,0.0,0.0,0.0,0.0,0.0,0.0,0.0,4.8e-05,0.0,0.0,0.0,0.0,0.0,0.0,0.0,0.0,0.0,0.0,0.0,0.0,0.0,0.0,0.0,4.8e-05,0.0,9.59e-05,4.8e-05,0.0,0.0,0.0,0.0,4.8e-05,0.0,0.0,0.0,0.0,0.0,0.0,0.0,0.0,0.0,0.0,0.0,0.0,0.0,0.0,0.0,0.0,0.0,0.0,0.0,0.0,0.0,0.0,0.0,0.0,9.59e-05,0.0,9.59e-05,0.000287811,0.0,0.0,0.000143906,0.0,0.0,0.0,4.8e-05,0.0,0.0,0.0,0.0,0.0,0.0,0.0,0.0,0.0,0.0,0.0,0.0,0.0,0.0,0.0,0.0,0.0,0.0,0.0,0.0,0.0,0.0,0.0,0.0,0.0,0.0,0.0,0.0,0.0,9.59e-05,0.0,0.0,0.0,0.0,0.0,0.0,0.0,0.0,0.0,0.0,0.0,0.0,9.59e-05,0.0,0.000191874,0.000479685,0.0,0.0,0.0,0.0,0.0,0.0,4.8e-05,0.0,0.0,9.59e-05,0.0,0.0,4.8e-05,0.0,0.0,0.0,0.0,0.0,0.0,0.0,0.0,0.0,0.0,0.0,0.0,0.0,0.0,0.0,0.0,0.0,0.0,0.0,0.0,0.0,0.0,0.0,0.0,0.0,0.0,0.0,0.0,4.8e-05,0.0,0.0,0.0,0.0,0.0,0.0,0.0,4.8e-05,0.0,0.0,0.0,0.0,0.0,0.0,0.0,0.0,0.0,0.0,0.0,0.0,0.0,0.0,0.0,0.0,0.0,0.0,0.0,4.8e-05,0.0,0.0,0.0,0.0,0.0,0.0,0.0,0.0,0.0,0.0,0.0,0.0,0.0,0.0,0.0,0.0,0.0,0.0,0.0,0.0,0.0,4.8e-05,0.0,0.0,0.0,0.0,0.0,0.0,0.0,0.0,0.0,4.8e-05,0.0,0.0,4.8e-05,0.0,0.0,0.0,0.0,0.0,0.0,0.0,0.0,0.0,0.0,0.0,0.0,0.0,0.0,0.0,0.0,0.0,0.0,0.0,0.0,4.8e-05,0.0,0.0,0.0,0.0,0.0,0.0,0.0,0.0,0.0,0.0,0.0,0.0,0.0,9.59e-05,0.0,0.0,0.0,0.0,0.0,0.0,0.0,0.0,0.0,0.0,0.0,0.0,0.0,0.0,0.0,0.0,0.0,0.0,0.0,0.0,0.0,0.0,0.0,0.0,0.0,0.0,0.0,0.0,0.0,4.8e-05,0.0,0.0,0.0,0.0,0.0,0.0,0.0,0.0,0.0,0.0,0.0,0.0,0.0,0.0,0.0,0.0,0.0,0.0,0.0,0.0,4.8e-05,0.0,0.0,0.0,0.0,0.0,0.0,0.0,0.0,0.0,0.0,0.0,0.0,0.0,0.0,0.0,0.0,0.0,0.0,0.0,0.0,0.0,0.0,0.0,0.0,0.0,0.0,0.0,0.0,0.0,0.0,0.0,0.0,0.0,0.0,0.0,0.0,0.0,0.0,0.0,0.0,0.0,0.0,0.0,0.0,0.0,0.0,4.8e-05,0.0,0.0,0.0,0.0,0.0,0.0,0.0,0.0,0.0,0.0,0.0,0.0,0.0,0.0,0.0,0.0,0.0,0.0,0.0,0.0,0.0,0.0,0.0,0.0,0.0,0.0,0.0,0.0,0.0,0.0,0.0,0.0,0.0,0.0,0.0,0.0,0.0,0.0,0.0,0.0,0.0,0.0,0.0,0.0,0.0,0.0,0.0,0.0,0.0,0.0,0.0,0.0,0.0,0.0,0.0,0.0,0.0,0.0,0.0,0.0,0.0,0.0,0.0,0.0,0.0,0.0,0.0,0.0,0.0,0.0,0.0,0.0,0.0,0.0,0.0,0.0,0.0,0.0,0.0,0.0,0.0,0.0,0.0,0.0,0.0,0.0,0.0,0.0,0.0,0.0,0.0,0.0,0.0,0.0,0.0,0.0,0.0,0.0,0.0,0.0,0.0,0.0,0.0,0.0,0.0,0.0,0.0,0.0,0.0,0.0,0.0,0.0,0.0,0.0,0.0,0.0,0.0,0.0,0.0,0.0,0.0,0.0,0.0,0.0,0.0,0.0,0.0,0.0,0.0,0.0,0.0,0.0,0.0,0.0,0.0,0.0,0.0,0.0,0.0,0.0,0.0,0.0,0.0,0.0,0.0,0.0,0.0,0.0,0.0,0.0,0.0,0.0,0.0,0.0,0.0
SRR12478743,0.005655987,0.659208878,0.013388223,0.0,0.017719706,0.0,7.16e-05,7.16e-05,0.210524432,0.000644353,0.001933059,0.001109719,0.011168785,0.00014319,0.000214784,0.00014319,0.000250582,0.000214784,0.000178987,0.001002327,0.000107392,0.001073922,0.002291033,0.001539288,0.00068015,3.58e-05,0.0,0.000286379,0.002398425,0.00014319,0.0,0.000107392,0.003257562,3.58e-05,0.000644353,0.000501163,0.000107392,0.0,7.16e-05,0.000357974,0.0,0.0,0.0,0.0,0.0,0.0,7.16e-05,0.0,0.0,0.0,0.000322176,0.0,0.000107392,0.0,0.0,0.0,3.58e-05,0.0,0.0,0.0,0.00014319,0.0,0.0,0.0,0.0,0.0,0.0,0.0,0.0,0.0,0.00014319,0.0,0.0,3.58e-05,0.0,0.0,0.0,0.0,0.02287453,3.58e-05,0.0,0.000107392,0.0,0.0,0.0,0.0,3.58e-05,0.000178987,0.0,0.0,0.0,0.011025595,0.002004654,0.000715948,0.000250582,7.16e-05,3.58e-05,0.0,0.0,3.58e-05,0.00014319,0.0,0.000107392,0.0,0.0,7.16e-05,7.16e-05,3.58e-05,0.0,7.16e-05,0.012027922,0.0,0.0,0.000178987,3.58e-05,0.0,0.0,0.0,0.0,0.0,7.16e-05,0.0,3.58e-05,0.0,0.000107392,0.0,0.0,0.0,0.0,3.58e-05,3.58e-05,3.58e-05,0.0,0.0,0.0,3.58e-05,0.0,0.0,0.0,0.0,0.0,0.00014319,7.16e-05,0.002219438,0.0,3.58e-05,0.000178987,7.16e-05,0.0,0.0,0.0,3.58e-05,0.00014319,0.0,0.0,0.0,0.0,0.000178987,0.0,0.0,0.0,0.0,0.0,0.0,0.0,0.0,0.0,0.0,0.0,0.0,0.0,0.0,0.000107392,0.0,0.0,0.0,0.0,0.0,0.0,0.0,0.0,0.0,0.0,3.58e-05,0.0,0.0,0.0,3.58e-05,0.0,0.0,0.0,0.0,0.0,0.0,0.0,0.0,0.0,0.0,0.0,0.0,0.0,0.0,0.0,0.0,0.0,0.0,0.0,0.0,0.0,0.0,0.0,3.58e-05,0.0,0.0,0.0,0.000214784,0.0,0.0,0.0,0.0,0.0,0.0,0.0,0.0,0.0,0.0,0.0,0.0,0.0,3.58e-05,7.16e-05,0.0,3.58e-05,3.58e-05,0.0,0.0,0.0,0.0,0.0,0.0,0.0,0.000178987,0.0,0.0,0.0,0.0,3.58e-05,0.0,0.0,0.0,0.0,0.0,0.0,3.58e-05,0.0,0.0,0.0,0.0,0.0,0.0,0.0,0.0,0.0,3.58e-05,0.0,0.0,0.0,0.0,0.0,3.58e-05,0.0,0.0,0.0,0.0,0.0,0.0,0.0,0.0,0.0,0.0,0.0,0.0,3.58e-05,3.58e-05,0.0,0.0,0.0,0.0,0.0,0.0,0.0,0.0,3.58e-05,0.0,0.0,0.0,3.58e-05,0.0,0.0,0.0,0.0,0.0,3.58e-05,0.0,0.00014319,0.0,0.0,0.0,0.0,0.0,0.0,0.0,0.0,0.0,0.0,0.0,0.0,0.0,3.58e-05,0.0,0.0,0.0,0.0,3.58e-05,0.0,3.58e-05,0.0,0.0,0.0,0.0,0.0,0.0,0.0,3.58e-05,0.0,0.0,0.0,0.0,0.0,0.0,0.0,0.0,0.0,0.0,0.0,0.0,0.0,0.0,0.0,0.0,0.0,0.0,0.0,0.0,0.0,0.0,0.0,0.0,0.0,0.0,0.0,0.0,3.58e-05,0.0,0.0,0.0,0.0,0.0,0.0,0.0,0.0,3.58e-05,0.0,0.0,0.0,0.0,0.0,0.0,0.0,0.006371935,0.0,3.58e-05,0.0,0.0,0.0,0.0,0.0,0.0,0.0,0.0,0.000178987,0.0,0.0,0.0,0.0,0.0,0.0,0.0,0.0,0.0,0.0,0.0,0.0,0.0,0.0,0.0,0.0,0.0,0.0,0.0,0.0,0.0,0.0,0.0,0.0,0.0,0.0,0.0,0.0,0.0,0.0,0.0,0.0,0.0,0.0,3.58e-05,0.0,0.0,0.0,0.0,0.0,0.0,0.0,0.0,0.0,0.0,0.0,0.0,0.0,0.0,0.0,0.0,0.0,0.0,0.0,0.0,0.0,0.0,0.0,0.0,0.0,0.0,0.0,0.0,0.0,0.0,0.0,0.0,0.0,0.0,0.0,0.0,0.0,0.0,3.58e-05,0.0,0.0,3.58e-05,0.0,0.0,0.0,0.0,0.0,0.0,0.0,0.0,0.0,0.0,0.0,3.58e-05,0.0,0.0,0.0,0.0,0.0,0.0,0.0,0.0,0.0,0.0,0.0,0.0,0.0,0.0,0.0,0.0,0.0,0.0,0.0,0.0,0.0,0.0,0.0,0.0,0.0,0.0,0.0,0.0,0.0,0.0,0.0,0.0,0.0,0.0,0.0,0.0,0.0,0.0,0.0,0.0,0.0,0.0,0.0,0.0,0.0,0.0,0.0,0.0,0.0,0.0,0.0,0.0,0.0,0.0,0.0,0.0,0.0,0.0,0.0,0.0,0.0,0.0,0.0,0.0,0.0,0.0,0.0,0.0,0.0,0.0,0.0,0.0,0.0,0.0,0.0,0.0,0.0,0.0,0.0,0.0,0.0,0.0,0.0,0.0,0.0,0.0,0.0,0.0,0.0,0.0,0.0,0.0,0.0,0.0,0.0,0.0,0.0,0.0,0.0,0.0,0.0,0.0,0.0,0.0,0.0,0.0,0.0,0.0,0.0,0.0,0.0,0.0,0.0,0.0,0.0,0.0,0.0,0.0,0.0,0.0,0.0,0.0,0.0,7.16e-05,3.58e-05,0.0,0.0,0.0,0.0,0.0,0.0,0.0,0.0,0.0,0.0,0.0,0.0,0.0,0.0,0.0,0.0,0.0,0.0,0.0,0.0,0.0,0.0,0.0,0.0,0.0,0.0,0.0,0.0,0.0,0.0,0.0,0.0,0.0,0.0,0.0,0.0,0.0,0.0,0.0,0.0,0.0,0.0,0.0,0.0,0.0,0.0,0.0,0.0,0.0,0.0,0.0,0.0,0.0,0.0,0.0,0.0,0.0,0.0,0.0,0.0,0.0,0.0,0.0,0.0,0.0,0.0,0.0,0.0,0.0,0.0,0.0,0.0,0.0,0.0
SRR12478744,0.250230097,0.575931891,0.00138058,0.0,0.000920387,0.0,0.000115048,0.0,0.026231017,0.005004602,0.001553152,0.000172572,0.004889554,0.000517717,0.000172572,0.001725725,0.000460193,0.0,0.000862862,0.000287621,0.0,0.001668201,0.000345145,0.009031293,5.75e-05,0.000287621,0.0,0.001783249,0.010124252,0.000345145,0.0,0.0,0.010411873,0.001438104,0.000805338,0.001438104,0.0,0.0,0.0,0.0,5.75e-05,0.0,5.75e-05,0.0,0.0,0.000115048,0.0,0.000287621,0.0,0.001840773,5.75e-05,5.75e-05,5.75e-05,5.75e-05,0.0,0.000230097,5.75e-05,0.0,0.0,0.000115048,0.003969167,0.0,0.000115048,0.000517717,0.000230097,0.000402669,5.75e-05,0.0,0.000115048,0.0,0.0,0.0,5.75e-05,0.000115048,0.0,0.0,0.0,0.0,0.00069029,0.0,5.75e-05,0.0,0.0,0.011044639,0.0,0.0,0.000345145,0.000115048,0.0,0.0,0.0,0.001323056,0.000172572,0.001208007,0.000345145,5.75e-05,0.0,0.0,5.75e-05,5.75e-05,0.0,0.0,0.000172572,0.0,0.000115048,0.0,0.0,0.0,0.0,0.000345145,0.005464795,0.0,0.000115048,0.0,0.0,0.000115048,0.0,0.0,0.000115048,0.0,0.002358491,0.0,0.000287621,0.0,0.0,0.0,0.0,5.75e-05,0.000402669,0.000172572,0.0,0.0,0.0,0.0,0.0,5.75e-05,0.0,0.0,0.0,0.0,0.0,0.0,0.0,0.038943856,0.0,0.0,0.000805338,0.001208007,0.0,0.0,0.0,0.000115048,5.75e-05,0.0,0.0,0.000172572,0.0,0.0,0.0,0.0,0.0,0.0,0.0,0.0,0.0,0.0,0.0,5.75e-05,0.0,5.75e-05,0.0,5.75e-05,0.0,0.0,0.0,0.0,0.0,0.0,0.001955821,0.009203866,0.0,0.0,0.0,0.0,0.000230097,0.0,0.0,0.0,0.0,0.0,0.0,0.0,0.0,0.0,0.0,0.0,0.0,0.0,0.0,0.000172572,0.000115048,0.0,0.0,0.0,0.000115048,0.0,0.0,0.0,0.0,0.0,0.0,0.0,0.0,0.0,0.0,0.0,0.0,0.002185918,0.0,0.0,0.0,0.0,5.75e-05,0.0,0.0,0.0,0.000115048,0.0,0.0,0.0,0.0,0.000575242,0.0,0.0,0.0,0.0,0.0,0.0,0.0,0.0,0.0,0.0,0.0,0.0,0.0,0.0,0.0,0.0,0.0,0.0,0.0,0.0,5.75e-05,0.0,0.0,0.0,5.75e-05,0.0,0.0,0.0,0.0,0.0,0.0,0.0,0.0,0.0,0.0,0.0,0.0,0.0,0.0,0.0,0.0,0.0,0.0,5.75e-05,0.000287621,0.0,0.0,0.0,0.0,0.0,0.0,0.0,5.75e-05,0.000287621,0.0,0.0,0.0,5.75e-05,0.0,0.0,0.0,0.0,0.0,0.0,0.0,0.0,0.0,0.0,0.0,0.0,0.0,0.0,0.0,0.0,0.0,0.0,0.0,0.0,0.0,0.0,0.0,0.0,0.0,0.0,0.0,0.0,0.0,0.0,0.0,0.0,0.0,0.0,5.75e-05,0.0,0.0,0.0,0.0,0.0,0.0,0.0,0.0,0.0,0.0,0.0,5.75e-05,0.0,0.0,0.0,0.0,0.0,0.0,0.000345145,0.0,0.0,0.0,0.0,0.0,0.0,0.0,0.0,0.0,0.0,0.0,0.000115048,0.0,0.0,0.0,0.0,0.0,0.0,0.0,0.0,0.0,0.0,0.0,0.0,0.0,5.75e-05,0.0,0.0,0.0,0.0,0.0,0.0,0.0,0.0,0.0,0.0,0.0,0.0,0.0,0.0,0.0,0.0,0.0,0.0,0.0,0.0,0.0,0.0,0.0,0.0,0.0,0.0,0.0,0.0,0.0,0.0,0.0,0.0,0.0,5.75e-05,0.0,0.0,0.0,0.0,0.0,0.0,0.0,0.0,0.0,0.0,0.0,5.75e-05,0.0,0.0,0.0,0.0,0.0,0.0,0.0,0.0,0.0,0.0,0.0,0.0,0.0,0.0,0.0,0.0,0.0,0.0,0.0,0.0,0.0,0.0,0.0,0.0,0.0,0.0,0.0,0.0,0.0,0.0,0.0,0.0,0.0,0.0,0.0,0.0,0.0,5.75e-05,0.0,0.0,0.0,0.0,0.0,0.0,0.0,0.0,0.0,0.0,0.0,0.0,0.0,0.0,0.0,0.0,0.0,0.0,0.0,0.0,0.0,0.0,0.0,0.0,0.0,0.0,0.0,0.0,0.0,0.0,0.0,0.0,0.0,0.0,0.0,0.0,0.0,0.0,0.0,0.0,0.0,0.0,0.0,0.0,0.0,0.0,0.0,0.0,0.0,0.0,0.0,0.0,0.0,0.0,0.0,0.0,0.0,0.0,0.0,0.0,0.0,0.0,0.000115048,0.0,0.0,0.0,0.0,0.0,0.0,0.0,0.0,0.0,0.0,0.0,0.0,0.0,0.0,0.0,0.0,0.0,0.0,0.0,0.0,0.0,0.0,0.0,0.0,0.0,0.0,0.0,0.0,0.0,0.0,0.0,0.0,0.0,0.0,0.0,0.0,0.0,0.0,0.0,0.0,0.0,0.0,0.0,0.0,0.0,0.0,0.0,0.0,0.0,0.0,0.0,0.0,0.0,0.0,0.0,0.0,0.0,0.0,0.0,0.0,0.0,0.0,0.0,0.0,0.0,0.0,0.0,0.0,0.0,0.0,0.0,0.0,0.0,0.0,0.0,0.0,0.0,0.0,0.0,0.0,0.0,0.0,0.0,0.0,0.0,0.0,0.0,0.0,0.0,0.0,0.0,0.0,0.0,0.0,0.0,0.0,0.0,0.0,0.0,0.0,0.0,0.0,0.0,0.0,0.0,0.0,0.0,0.0,0.0,0.0,0.0,0.0,0.0,0.0,0.0,0.0,0.0,0.0,0.0,0.0,0.0,0.0,0.0,0.0,0.0,0.0,0.0,0.0,0.0,0.0,0.0,0.0,0.0,0.0,0.0,0.0,0.0,0.0,0.0,0.0,0.0,0.0,0.0,0.0,0.0,0.0,0.0,0.0,0.0,0.0,0.0,0.0,0.0,0.0,0.0,0.0,0.0,0.0,0.0,0.0,0.0,0.0
SRR12478745,0.909090909,0.0,0.0,0.0,0.0,0.0,0.0,0.0,0.090909091,0.0,0.0,0.0,0.0,0.0,0.0,0.0,0.0,0.0,0.0,0.0,0.0,0.0,0.0,0.0,0.0,0.0,0.0,0.0,0.0,0.0,0.0,0.0,0.0,0.0,0.0,0.0,0.0,0.0,0.0,0.0,0.0,0.0,0.0,0.0,0.0,0.0,0.0,0.0,0.0,0.0,0.0,0.0,0.0,0.0,0.0,0.0,0.0,0.0,0.0,0.0,0.0,0.0,0.0,0.0,0.0,0.0,0.0,0.0,0.0,0.0,0.0,0.0,0.0,0.0,0.0,0.0,0.0,0.0,0.0,0.0,0.0,0.0,0.0,0.0,0.0,0.0,0.0,0.0,0.0,0.0,0.0,0.0,0.0,0.0,0.0,0.0,0.0,0.0,0.0,0.0,0.0,0.0,0.0,0.0,0.0,0.0,0.0,0.0,0.0,0.0,0.0,0.0,0.0,0.0,0.0,0.0,0.0,0.0,0.0,0.0,0.0,0.0,0.0,0.0,0.0,0.0,0.0,0.0,0.0,0.0,0.0,0.0,0.0,0.0,0.0,0.0,0.0,0.0,0.0,0.0,0.0,0.0,0.0,0.0,0.0,0.0,0.0,0.0,0.0,0.0,0.0,0.0,0.0,0.0,0.0,0.0,0.0,0.0,0.0,0.0,0.0,0.0,0.0,0.0,0.0,0.0,0.0,0.0,0.0,0.0,0.0,0.0,0.0,0.0,0.0,0.0,0.0,0.0,0.0,0.0,0.0,0.0,0.0,0.0,0.0,0.0,0.0,0.0,0.0,0.0,0.0,0.0,0.0,0.0,0.0,0.0,0.0,0.0,0.0,0.0,0.0,0.0,0.0,0.0,0.0,0.0,0.0,0.0,0.0,0.0,0.0,0.0,0.0,0.0,0.0,0.0,0.0,0.0,0.0,0.0,0.0,0.0,0.0,0.0,0.0,0.0,0.0,0.0,0.0,0.0,0.0,0.0,0.0,0.0,0.0,0.0,0.0,0.0,0.0,0.0,0.0,0.0,0.0,0.0,0.0,0.0,0.0,0.0,0.0,0.0,0.0,0.0,0.0,0.0,0.0,0.0,0.0,0.0,0.0,0.0,0.0,0.0,0.0,0.0,0.0,0.0,0.0,0.0,0.0,0.0,0.0,0.0,0.0,0.0,0.0,0.0,0.0,0.0,0.0,0.0,0.0,0.0,0.0,0.0,0.0,0.0,0.0,0.0,0.0,0.0,0.0,0.0,0.0,0.0,0.0,0.0,0.0,0.0,0.0,0.0,0.0,0.0,0.0,0.0,0.0,0.0,0.0,0.0,0.0,0.0,0.0,0.0,0.0,0.0,0.0,0.0,0.0,0.0,0.0,0.0,0.0,0.0,0.0,0.0,0.0,0.0,0.0,0.0,0.0,0.0,0.0,0.0,0.0,0.0,0.0,0.0,0.0,0.0,0.0,0.0,0.0,0.0,0.0,0.0,0.0,0.0,0.0,0.0,0.0,0.0,0.0,0.0,0.0,0.0,0.0,0.0,0.0,0.0,0.0,0.0,0.0,0.0,0.0,0.0,0.0,0.0,0.0,0.0,0.0,0.0,0.0,0.0,0.0,0.0,0.0,0.0,0.0,0.0,0.0,0.0,0.0,0.0,0.0,0.0,0.0,0.0,0.0,0.0,0.0,0.0,0.0,0.0,0.0,0.0,0.0,0.0,0.0,0.0,0.0,0.0,0.0,0.0,0.0,0.0,0.0,0.0,0.0,0.0,0.0,0.0,0.0,0.0,0.0,0.0,0.0,0.0,0.0,0.0,0.0,0.0,0.0,0.0,0.0,0.0,0.0,0.0,0.0,0.0,0.0,0.0,0.0,0.0,0.0,0.0,0.0,0.0,0.0,0.0,0.0,0.0,0.0,0.0,0.0,0.0,0.0,0.0,0.0,0.0,0.0,0.0,0.0,0.0,0.0,0.0,0.0,0.0,0.0,0.0,0.0,0.0,0.0,0.0,0.0,0.0,0.0,0.0,0.0,0.0,0.0,0.0,0.0,0.0,0.0,0.0,0.0,0.0,0.0,0.0,0.0,0.0,0.0,0.0,0.0,0.0,0.0,0.0,0.0,0.0,0.0,0.0,0.0,0.0,0.0,0.0,0.0,0.0,0.0,0.0,0.0,0.0,0.0,0.0,0.0,0.0,0.0,0.0,0.0,0.0,0.0,0.0,0.0,0.0,0.0,0.0,0.0,0.0,0.0,0.0,0.0,0.0,0.0,0.0,0.0,0.0,0.0,0.0,0.0,0.0,0.0,0.0,0.0,0.0,0.0,0.0,0.0,0.0,0.0,0.0,0.0,0.0,0.0,0.0,0.0,0.0,0.0,0.0,0.0,0.0,0.0,0.0,0.0,0.0,0.0,0.0,0.0,0.0,0.0,0.0,0.0,0.0,0.0,0.0,0.0,0.0,0.0,0.0,0.0,0.0,0.0,0.0,0.0,0.0,0.0,0.0,0.0,0.0,0.0,0.0,0.0,0.0,0.0,0.0,0.0,0.0,0.0,0.0,0.0,0.0,0.0,0.0,0.0,0.0,0.0,0.0,0.0,0.0,0.0,0.0,0.0,0.0,0.0,0.0,0.0,0.0,0.0,0.0,0.0,0.0,0.0,0.0,0.0,0.0,0.0,0.0,0.0,0.0,0.0,0.0,0.0,0.0,0.0,0.0,0.0,0.0,0.0,0.0,0.0,0.0,0.0,0.0,0.0,0.0,0.0,0.0,0.0,0.0,0.0,0.0,0.0,0.0,0.0,0.0,0.0,0.0,0.0,0.0,0.0,0.0,0.0,0.0,0.0,0.0,0.0,0.0,0.0,0.0,0.0,0.0,0.0,0.0,0.0,0.0,0.0,0.0,0.0,0.0,0.0,0.0,0.0,0.0,0.0,0.0,0.0,0.0,0.0,0.0,0.0,0.0,0.0
SRR12478746,0.006078131,0.610940635,0.037058893,0.0,0.0,0.0,0.000472088,0.0,0.245957748,0.001652307,0.001711318,0.000413077,0.001003187,0.000236044,0.000295055,0.000708132,0.000944176,0.0,0.000177033,0.000118022,5.9e-05,0.002478461,0.0,0.002950549,0.001298241,5.9e-05,0.0,0.000177033,0.014929777,0.002832527,0.0,0.000118022,5.9e-05,0.0,0.001534285,0.001298241,5.9e-05,5.9e-05,0.0,0.000767143,0.0,0.0,0.000236044,0.0,0.0,5.9e-05,0.004897911,0.000177033,0.000295055,0.000236044,0.000295055,0.0,0.000177033,0.000531099,0.000118022,0.000649121,0.000295055,0.0,0.0,0.001534285,0.004720878,0.000649121,0.000177033,0.000472088,0.000708132,0.000413077,5.9e-05,0.005192966,0.000885165,0.000118022,0.000118022,0.0,0.0,0.00059011,5.9e-05,0.000118022,0.000118022,0.0,0.001593296,0.000236044,0.000295055,0.0,0.000118022,0.0,5.9e-05,0.0,0.000885165,0.000295055,0.0,0.0,0.0,0.000118022,0.0,5.9e-05,0.0,0.0,5.9e-05,0.000118022,0.0,5.9e-05,0.0,0.0,0.000295055,0.0,0.000177033,0.0,5.9e-05,0.0,0.0,0.000649121,0.000118022,0.0,0.000413077,0.0,0.0,0.000295055,0.0,0.0,5.9e-05,5.9e-05,0.0,0.0,0.000531099,0.0,0.0,0.0,0.0,0.0,0.001003187,0.000118022,5.9e-05,0.0,5.9e-05,0.000118022,0.0,0.019473622,5.9e-05,5.9e-05,0.0,0.0,0.0,5.9e-05,0.000118022,0.0,5.9e-05,5.9e-05,0.00059011,5.9e-05,0.0,0.0,0.000118022,0.0,0.000531099,0.0,0.0,0.0,0.0,0.0,0.0,0.0,0.0,0.0,0.0,0.0,0.0,0.0,0.0,5.9e-05,0.0,0.0,0.0,0.0,0.0,0.0,0.0,0.0,0.0,0.000118022,0.0,0.0,0.0,0.0,0.0,0.0,5.9e-05,0.0,0.000177033,0.0,0.0,0.0,0.0,0.0,0.0,0.0,0.0,0.0,0.0,0.0,0.000118022,0.000118022,0.0,0.0,0.0,0.0,5.9e-05,0.0,0.002301428,0.0,0.0,0.0,0.0,0.0,0.0,0.0,0.0,0.000177033,0.0,0.0,0.0,5.9e-05,0.0,0.0,5.9e-05,0.0,0.000118022,0.0,0.0,0.0,0.0,0.0,0.000354066,0.000708132,0.0,0.000295055,0.0,5.9e-05,0.0,0.0,0.0,5.9e-05,0.0,0.0,0.0,0.0,0.0,0.0,0.000118022,0.000177033,0.0,0.0,0.0,0.0,0.0,0.0,0.0,0.0,0.0,0.0,0.0,5.9e-05,5.9e-05,5.9e-05,0.0,5.9e-05,0.0,0.0,0.0,0.0,0.0,0.0,0.0,0.0,0.0,0.0,0.0,0.0,0.0,0.0,0.0,0.0,0.0,0.0,5.9e-05,5.9e-05,0.000118022,0.000413077,0.0,0.0,0.0,0.0,0.0,5.9e-05,5.9e-05,0.0,0.0,0.0,0.0,0.0,0.0,0.0,0.002537472,0.0,0.0,0.0,0.0,0.0,0.0,5.9e-05,0.0,0.0,0.0,0.0,0.0,5.9e-05,0.0,0.0,5.9e-05,0.0,0.0,0.0,0.0,0.0,0.0,5.9e-05,5.9e-05,0.0,0.0,0.0,5.9e-05,0.0,0.0,0.0,0.0,0.0,0.0,5.9e-05,0.0,0.0,0.0,0.0,0.0,0.0,0.0,0.0,0.0,5.9e-05,0.0,0.0,0.0,0.0,0.0,0.0,0.0,5.9e-05,0.0,0.0,0.0,0.0,0.0,0.0,0.0,0.0,0.0,0.0,0.0,0.0,0.0,0.0,0.0,0.0,0.000177033,0.0,0.0,0.0,0.0,0.0,0.0,0.0,0.0,0.0,0.0,0.0,0.0,0.0,0.0,0.0,0.0,0.000118022,0.0,0.0,0.0,0.0,0.0,0.0,0.0,0.0,0.0,0.0,0.0,0.0,0.0,0.0,0.0,0.0,0.0,0.0,0.0,0.0,0.0,0.0,0.0,0.0,0.0,0.0,0.0,0.0,0.0,0.0,0.0,0.0,0.0,0.0,0.0,0.0,0.0,0.0,0.0,0.0,0.0,0.0,0.0,0.0,0.0,0.0,0.0,0.0,0.0,0.0,0.0,0.0,5.9e-05,0.0,0.0,0.0,0.0,0.0,0.0,0.0,0.0,0.0,0.0,0.0,0.0,0.0,0.0,0.0,0.0,0.0,0.0,0.0,0.0,0.0,0.0,0.0,0.0,0.0,0.0,0.0,0.0,0.0,0.0,0.0,0.0,0.0,0.0,0.0,0.0,0.0,0.0,0.0,0.0,0.0,0.0,0.0,0.0,0.0,0.0,0.0,0.0,5.9e-05,0.0,0.0,0.0,0.000118022,0.0,0.0,0.0,0.0,0.0,0.0,0.0,0.0,5.9e-05,0.0,0.0,0.0,0.0,0.0,0.0,0.0,0.0,0.0,0.0,0.0,0.0,0.0,0.0,0.0,0.0,0.0,0.0,0.0,0.0,0.0,0.0,0.0,0.0,0.0,0.0,0.0,0.0,0.0,0.0,0.0,0.0,0.0,0.0,0.0,0.0,0.0,0.0,0.0,0.0,0.0,0.0,0.0,0.0,5.9e-05,0.0,0.0,0.0,0.0,0.0,0.0,0.0,0.0,0.0,0.0,0.0,0.0,0.0,0.0,0.0,0.0,0.0,0.0,0.0,0.0,0.0,0.0,0.0,0.0,0.000118022,0.0,0.0,0.0,0.0,0.0,0.0,0.0,0.0,0.0,0.0,0.0,0.0,0.0,0.0,0.0,0.0,0.0,0.0,0.0,0.0,0.0,0.0,0.0,0.0,0.0,0.0,0.0,0.0,0.0,0.0,0.0,0.0,5.9e-05,0.000472088,0.0,0.0,0.0,0.0,0.0,0.0,0.0,0.0,0.0,0.0,0.0,0.0,0.0,0.0,0.0,0.0,0.0,0.0,0.0,0.0,0.0,0.0,0.0,0.0,0.0,0.0,0.0,0.0,0.0,0.0,0.0,0.0,0.0,0.0,0.0,0.0,0.0,0.0,0.0,0.0,0.0,0.0,0.0,0.0,0.0,0.0,0.0,0.0,0.0,0.0,0.0,0.0,0.0,0.0,0.0,0.0,0.0,0.0,0.0,0.0,0.0,0.0,0.0,0.0,0.0,0.0,0.0,0.0,0.0,0.0,0.0,0.0
SRR12478747,0.204588015,0.149531835,0.02247191,0.0,9.36e-05,4.68e-05,4.68e-05,0.0,0.206460674,0.013857678,0.001919476,0.000702247,0.003838951,0.000561798,4.68e-05,0.000749064,0.000514981,9.36e-05,4.68e-05,4.68e-05,4.68e-05,0.007022472,0.002294007,0.015262172,0.001264045,0.000140449,0.0,0.000327715,0.014138577,0.000374532,0.0,0.010440075,4.68e-05,9.36e-05,0.000280899,0.000234082,0.0,0.011235955,0.0,0.000140449,4.68e-05,0.0,0.000234082,0.0,0.0,0.0,0.000421348,0.000187266,9.36e-05,0.000374532,4.68e-05,0.0,0.0,0.000140449,0.290449438,0.000983146,4.68e-05,0.0,0.0,0.000842697,0.001123596,0.000468165,0.000280899,0.0,0.000374532,9.36e-05,0.0,0.003089888,0.0,0.0,0.000140449,0.0,0.000561798,0.000327715,9.36e-05,0.0,4.68e-05,0.0,0.000983146,0.0,0.00079588,4.68e-05,0.0,0.004541199,0.0,0.000140449,0.001872659,4.68e-05,0.0,0.0,0.0,0.003370787,4.68e-05,0.000468165,0.0,4.68e-05,0.000280899,9.36e-05,0.0,0.000140449,9.36e-05,0.005102996,0.0,0.000140449,0.004166667,0.0,9.36e-05,0.0,0.0,0.000327715,0.0,0.0,0.0,0.000140449,0.0,0.000140449,0.0,0.0,0.0,4.68e-05,4.68e-05,4.68e-05,0.000234082,0.0,0.0,0.0,4.68e-05,4.68e-05,0.000280899,0.0,0.0,0.0,4.68e-05,0.0,0.0,0.000140449,4.68e-05,0.0,0.0,0.0,0.0,0.000140449,0.0,0.0,0.0,4.68e-05,0.0,0.0,0.0,0.0,0.000187266,0.003043071,0.000140449,0.0,0.0,0.000234082,0.0,0.0,0.0,0.0,0.000280899,0.0,0.0,9.36e-05,0.0,0.0,0.0,0.0,0.0,9.36e-05,0.0,0.0,4.68e-05,0.0,9.36e-05,0.0,0.0,0.0,0.0,0.0,0.0,0.000187266,4.68e-05,0.0,0.0,0.0,0.0,0.0,0.0,0.0,0.0,0.0,0.0,4.68e-05,0.0,0.0,0.0,0.0,0.0,0.000187266,0.0,0.0,4.68e-05,0.0,4.68e-05,0.0,0.0,0.0,0.0,0.0,0.0,0.0,0.0,0.0,0.0,0.0,4.68e-05,0.0,0.0,0.0,0.0,0.0,9.36e-05,0.0,4.68e-05,0.0,0.0,0.0,0.0,0.0,0.0,4.68e-05,0.0,0.0,0.0,0.0,0.0,0.0,0.0,0.0,0.0,0.0,0.0,0.0,4.68e-05,0.0,0.0,0.0,0.0,0.0,0.0,0.0,0.0,4.68e-05,0.0,0.0,0.0,0.0,0.0,0.0,0.0,0.0,0.0,4.68e-05,0.0,0.0,0.0,0.0,0.0,0.0,0.0,0.0,4.68e-05,0.0,0.0,0.0,0.0,0.0,0.0,0.0,0.0,0.0,0.0,0.0,4.68e-05,0.0,0.0,0.0,0.0,0.0,0.0,0.0,0.0,4.68e-05,0.0,0.0,0.0,0.0,0.0,0.0,0.0,0.0,0.0,0.0,0.0,0.0,0.0,0.0,0.0,0.0,0.0,0.0,0.0,0.0,0.0,0.0,0.0,0.0,0.0,0.0,0.0,0.0,0.0,0.0,0.0,4.68e-05,0.0,0.0,0.0,0.0,0.0,0.0,0.0,0.0,4.68e-05,9.36e-05,0.0,0.0,0.0,0.0,0.0,0.0,0.0,0.0,0.0,0.0,0.0,0.0,0.0,0.0,0.0,0.0,0.0,0.0,0.0,0.0,0.000140449,0.0,0.0,0.0,0.0,0.0,0.0,0.0,0.0,0.0,0.0,0.0,0.0,0.0,4.68e-05,0.0,0.0,0.0,0.0,0.0,4.68e-05,0.0,0.0,0.0,0.0,0.0,0.0,0.0,0.0,0.0,0.0,0.0,0.0,0.0,0.0,0.0,0.0,0.0,0.0,0.0,0.0,0.0,0.0,0.0,0.0,0.0,0.0,0.0,0.0,0.0,0.0,0.0,0.0,0.0,0.0,0.0,0.0,0.0,0.0,0.0,0.0,0.0,0.0,0.0,0.0,0.0,0.0,0.0,0.0,0.0,0.0,0.0,0.0,0.0,0.0,0.0,0.0,0.0,0.0,0.0,0.0,0.0,0.0,0.0,0.0,0.0,0.0,0.0,0.0,0.0,0.0,0.0,0.0,0.0,0.0,0.0,0.0,0.0,0.0,0.0,0.0,0.0,0.0,0.0,0.0,0.0,0.0,0.0,0.0,0.0,0.0,0.0,0.0,0.0,0.0,0.0,0.0,0.0,0.0,0.0,0.0,0.0,0.0,0.0,0.0,0.0,0.0,0.0,0.0,0.0,0.0,0.0,0.0,0.0,0.0,0.0,0.0,0.0,0.0,0.0,0.0,0.0,0.0,0.0,0.0,0.0,0.0,0.0,0.0,0.0,0.0,0.0,0.0,0.0,4.68e-05,0.0,0.0,0.0,0.0,0.0,0.0,0.0,0.0,0.0,0.0,0.0,0.0,0.0,0.0,0.0,0.0,0.0,0.0,0.0,0.0,0.0,0.0,0.0,0.0,0.0,0.0,0.0,0.0,0.0,0.0,0.0,0.0,0.0,0.0,0.0,0.0,0.0,0.000374532,0.0,0.0,0.0,0.0,0.0,0.0,0.0,0.0,0.0,0.0,0.0,0.0,0.0,0.0,0.0,0.0,0.0,0.0,0.0,0.0,0.0,0.0,0.0,0.0,0.0,0.0,0.0,0.0,0.0,0.0,0.0,0.0,0.0,0.0,0.0,0.0,0.0,0.0,0.0,0.0,0.0,0.0,0.0,0.0,0.0,0.0,0.0,0.0,0.0,0.0,0.0,0.0,0.0,0.0,0.0,0.0,0.0,0.0,4.68e-05,0.000140449,0.0,0.0,0.0,0.0,0.0,0.0,0.0,0.0,0.0,0.0,0.0,0.0,0.0,0.0,0.0,0.0,0.0,0.0,0.0,0.0,0.0,0.0,0.0,0.0,0.0,0.0,0.0,0.0,0.0,0.0,0.0,0.0,0.0,0.0,0.0,0.0,0.0,0.0,0.0,0.0,0.0,0.0,0.0,0.0,0.0,0.0,0.0,0.0,0.0,0.0,0.0,0.0,0.0,0.0,0.0,0.0,0.0,0.0,0.0,0.0,0.0,0.0,0.0,0.0,0.0,0.0,0.0,0.0,0.0,0.0
SRR12478749,0.004699928,0.41889612,0.000241022,0.0,0.0,0.0,0.000361533,0.000241022,0.367076404,0.000361533,0.002410219,0.005061461,0.011810075,0.00120511,0.000120511,0.005181972,0.000482044,0.000241022,0.000241022,0.000482044,0.000361533,0.007953724,0.002651241,0.006507592,0.000482044,0.000482044,0.0,0.000120511,0.008194746,0.0,0.0,0.039768619,0.0,0.0,0.000602555,0.001687154,0.000241022,0.0,0.0,0.000723066,0.000120511,0.0,0.000120511,0.0,0.0,0.0,0.002048686,0.000120511,0.000482044,0.0,0.000241022,0.0,0.000241022,0.000120511,0.000120511,0.0,0.002289708,0.0,0.0,0.004579417,0.001687154,0.000482044,0.000361533,0.000241022,0.006025548,0.000241022,0.0,0.023981682,0.000120511,0.0,0.000241022,0.0,0.000843577,0.000723066,0.001084599,0.000602555,0.000602555,0.0,0.0,0.0,0.000241022,0.0,0.000120511,0.000361533,0.000241022,0.0,0.0,0.000723066,0.0,0.0,0.000120511,0.001566643,0.0,0.0,0.0,0.0,0.000120511,0.0,0.0,0.000120511,0.000241022,0.0,0.0,0.0,0.000843577,0.0,0.0,0.0,0.0,0.0,0.000241022,0.0,0.0,0.0,0.0,0.000241022,0.000241022,0.0,0.0,0.000120511,0.009640877,0.0,0.000361533,0.0,0.0,0.0,0.000120511,0.0,0.000964088,0.000120511,0.000241022,0.0,0.0,0.0,0.0,0.000241022,0.0,0.0,0.0,0.0,0.0,0.018317667,0.000120511,0.000602555,0.0,0.0,0.0,0.000120511,0.0,0.0,0.0,0.0,0.000241022,0.0,0.000120511,0.0,0.0,0.0,0.0,0.0,0.000120511,0.0,0.0,0.0,0.0,0.0,0.0,0.000120511,0.0,0.0,0.0,0.0,0.000120511,0.0,0.000361533,0.0,0.0,0.000361533,0.0,0.0,0.0,0.018799711,0.0,0.0,0.0,0.0,0.000482044,0.0,0.0,0.000120511,0.0,0.000120511,0.0,0.0,0.0,0.0,0.0,0.000120511,0.0,0.0,0.0,0.0,0.0,0.0,0.0,0.0,0.0,0.0,0.0,0.0,0.0,0.0,0.0,0.0,0.0,0.0,0.0,0.0,0.000120511,0.0,0.0,0.0,0.0,0.0,0.000120511,0.0,0.0,0.0,0.0,0.0,0.0,0.0,0.0,0.0,0.0,0.000241022,0.0,0.0,0.0,0.0,0.000120511,0.000241022,0.0,0.0,0.0,0.0,0.0,0.0,0.0,0.0,0.0,0.000120511,0.0,0.0,0.0,0.0,0.000120511,0.0,0.0,0.0,0.0,0.0,0.0,0.000120511,0.000120511,0.0,0.0,0.0,0.0,0.0,0.0,0.0,0.0,0.0,0.0,0.0,0.0,0.0,0.0,0.000241022,0.0,0.0,0.0,0.0,0.000120511,0.000361533,0.0,0.0,0.0,0.0,0.0,0.0,0.0,0.000120511,0.0,0.0,0.0,0.0,0.0,0.0,0.0,0.0,0.0,0.0,0.0,0.0,0.000120511,0.0,0.0,0.0,0.0,0.000120511,0.0,0.0,0.0,0.0,0.0,0.000120511,0.000120511,0.0,0.0,0.0,0.0,0.0,0.0,0.0,0.0,0.0,0.0,0.0,0.0,0.000241022,0.0,0.0,0.0,0.000241022,0.0,0.0,0.0,0.0,0.0,0.0,0.0,0.000120511,0.000723066,0.000120511,0.000120511,0.0,0.0,0.0,0.0,0.0,0.0,0.0,0.0,0.0,0.000120511,0.0,0.0,0.0,0.0,0.0,0.0,0.0,0.0,0.0,0.0,0.0,0.0,0.0,0.0,0.0,0.0,0.000241022,0.0,0.0,0.0,0.0,0.0,0.0,0.0,0.000120511,0.0,0.000241022,0.0,0.0,0.0,0.0,0.0,0.0,0.0,0.0,0.0,0.0,0.0,0.0,0.0,0.0,0.0,0.0,0.0,0.0,0.0,0.0,0.000120511,0.0,0.0,0.0,0.0,0.0,0.0,0.0,0.0,0.0,0.0,0.0,0.0,0.0,0.0,0.0,0.0,0.0,0.0,0.0,0.0,0.0,0.000120511,0.0,0.0,0.0,0.0,0.0,0.0,0.0,0.0,0.0,0.0,0.0,0.0,0.0,0.0,0.0,0.0,0.0,0.0,0.0,0.0,0.0,0.000120511,0.0,0.0,0.0,0.0,0.0,0.0,0.000120511,0.0,0.0,0.0,0.0,0.0,0.0,0.0,0.0,0.0,0.0,0.0,0.0,0.0,0.0,0.0,0.0,0.0,0.0,0.0,0.0,0.0,0.0,0.0,0.0,0.000120511,0.0,0.0,0.0,0.0,0.0,0.0,0.0,0.0,0.0,0.0,0.0,0.0,0.0,0.0,0.0,0.0,0.0,0.0,0.0,0.0,0.0,0.0,0.0,0.0,0.0,0.0,0.0,0.0,0.0,0.0,0.0,0.0,0.0,0.0,0.0,0.0,0.0,0.0,0.0,0.0,0.0,0.0,0.0,0.0,0.0,0.0,0.0,0.0,0.0,0.0,0.0,0.0,0.0,0.0,0.0,0.0,0.0,0.0,0.0,0.0,0.0,0.0,0.0,0.0,0.0,0.0,0.0,0.0,0.0,0.0,0.0,0.0,0.0,0.0,0.0,0.0,0.0,0.0,0.0,0.0,0.0,0.0,0.0,0.0,0.000120511,0.0,0.0,0.0,0.0,0.0,0.0,0.0,0.0,0.0,0.0,0.0,0.0,0.0,0.0,0.0,0.0,0.0,0.0,0.0,0.0,0.0,0.0,0.0,0.0,0.0,0.0,0.0,0.0,0.0,0.0,0.0,0.0,0.0,0.0,0.0,0.0,0.0,0.0,0.0,0.0,0.0,0.0,0.0,0.0,0.0,0.000120511,0.000120511,0.0,0.0,0.0,0.0,0.0,0.0,0.0,0.0,0.0,0.0,0.0,0.0,0.0,0.0,0.0,0.0,0.0,0.0,0.0,0.0,0.0,0.0,0.0,0.0,0.0,0.0,0.0,0.0,0.0,0.0,0.0,0.0,0.0,0.0,0.0,0.0,0.0,0.0,0.0,0.0,0.0,0.0,0.0,0.0,0.0,0.0,0.0,0.0,0.0,0.0,0.0,0.0,0.0,0.0,0.0,0.0,0.0,0.0,0.0,0.0,0.0,0.0,0.0,0.0,0.0,0.0
SRR12478750,0.030916763,0.555427695,0.335021097,0.0,0.000153433,7.67e-05,0.001917913,0.0,0.003298811,0.000537016,0.000153433,0.0,7.67e-05,0.000153433,0.0,7.67e-05,0.0,0.0,0.0,0.0,0.0,0.000613732,0.001457614,0.000306866,0.001150748,0.0,0.0,0.0,0.0,0.000306866,0.0,0.00023015,0.000153433,0.0,0.000153433,0.000690449,7.67e-05,0.0,0.0,0.0,0.0,0.0,0.0,0.0,0.0,0.0,0.000153433,0.000537016,0.0,0.0,0.0,0.00023015,0.000153433,0.0,0.0,7.67e-05,0.0,0.0,0.0,0.000460299,0.008822401,0.000383583,7.67e-05,0.001227465,0.000383583,0.001074031,0.0,7.67e-05,0.0,0.0,0.001611047,0.0,0.0,0.000690449,0.0,7.67e-05,0.0,0.0,0.001380898,0.0,0.0,0.0,0.000153433,7.67e-05,0.0,0.0,0.00552359,0.000306866,0.0,0.0,0.0,0.000383583,0.004065976,0.0,7.67e-05,0.0,7.67e-05,0.0,0.0,0.000153433,0.0,0.0,0.0,0.0,0.0,0.0,0.0,0.0,0.0,7.67e-05,0.0,0.0,0.0,0.0,7.67e-05,0.0,0.0,0.0,0.0,0.0,0.00023015,0.0,0.002071346,0.0,0.0,0.0,7.67e-05,0.0,0.000306866,0.000537016,0.0,0.0,0.0,0.0,0.0,7.67e-05,0.0,0.0,0.0,0.0,0.0,0.0,0.0,0.03053318,0.0,0.0,0.0,0.0,0.0,0.0,0.0,0.0,7.67e-05,0.0,0.0,0.0,0.0,0.0,0.0,7.67e-05,0.0,0.0,0.0,0.0,7.67e-05,0.0,0.0,0.0,0.0,0.0,0.0,0.0,0.0,0.0,0.0,0.0,0.0,0.0,0.0,0.0,0.0,0.0,0.0,0.0,0.0,0.0,0.0,0.0,0.0,7.67e-05,0.0,0.0,0.0,0.0,0.0,0.0,0.0,0.0,0.000153433,0.000153433,0.0,0.0,0.0,0.0,0.0,0.0,0.0,0.0,7.67e-05,0.0,0.0,0.0,7.67e-05,0.0,7.67e-05,0.0,0.0,0.0,0.0,0.0,7.67e-05,0.0,0.0,0.0,0.0,0.0,0.0,0.000460299,0.0,7.67e-05,0.0,0.000383583,0.000306866,0.0,0.0,0.0,0.0,0.0,0.0,0.0,0.0,0.0,0.0,0.0,0.0,0.0,0.0,0.0,0.0,0.0,0.0,7.67e-05,0.0,0.00023015,0.0,0.0,0.0,0.0,0.0,0.0,0.0,0.0,0.0,0.0,0.0,0.0,0.0,0.0,0.0,7.67e-05,0.0,0.0,0.0,0.0,0.0,0.0,0.0,0.0,0.0,0.0,0.0,0.0,0.0,0.0,7.67e-05,0.000920598,0.0,7.67e-05,0.0,0.0,0.000153433,0.0,0.0,0.0,0.0,0.0,0.0,0.0,0.0,0.0,0.0,0.0,0.0,0.0,0.0,0.0,0.0,0.0,0.0,0.0,0.0,0.0,0.0,0.0,0.0,0.0,0.0,0.0,0.0,0.0,0.0,0.0,0.0,0.0,7.67e-05,0.000306866,7.67e-05,0.000153433,0.0,0.0,0.0,0.0,0.0,0.0,0.0,0.0,7.67e-05,0.0,0.0,0.0,0.0,0.0,0.0,0.0,0.0,0.0,0.0,0.0,0.0,0.0,0.0,0.0,0.0,0.0,0.0,7.67e-05,0.0,0.0,0.0,0.0,0.0,0.0,0.0,0.0,0.0,0.0,0.0,0.0,0.0,0.0,0.0,0.0,0.0,0.0,0.0,7.67e-05,0.0,0.0,0.0,0.0,0.0,0.0,0.0,0.0,0.0,0.0,7.67e-05,0.0,0.0,0.0,0.0,0.0,0.0,0.0,0.0,0.0,0.0,0.0,0.0,0.0,0.0,0.0,0.0,0.0,0.0,0.0,0.0,0.0,0.0,0.0,0.0,0.0,0.0,0.0,0.0,0.0,0.0,0.0,0.0,0.0,0.0,0.0,0.0,0.0,0.0,0.0,0.0,0.0,0.0,0.0,0.0,0.0,0.0,0.0,0.0,0.0,0.0,0.0,0.0,0.0,0.0,0.0,0.0,0.0,0.0,0.0,0.0,0.0,0.0,0.0,0.0,0.0,0.0,0.0,0.0,0.0,0.0,0.0,0.0,0.0,0.0,0.0,0.0,0.0,0.0,0.0,0.0,0.0,0.0,0.0,0.0,0.0,0.0,0.0,0.0,0.0,0.0,0.0,0.0,0.0,0.0,0.0,0.0,0.0,0.0,0.0,0.0,0.0,0.0,0.0,0.0,0.0,0.0,0.0,0.0,0.0,0.0,0.0,0.0,0.0,0.0,0.0,7.67e-05,0.0,0.0,0.0,0.0,0.0,0.0,0.0,0.0,0.0,0.0,0.0,0.0,0.0,0.0,0.0,0.0,0.0,0.0,0.0,0.0,0.0,0.0,0.0,0.0,0.0,0.0,0.0,0.0,0.0,0.0,0.0,0.0,0.0,0.0,0.0,0.0,0.0,0.0,0.0,0.0,0.0,0.0,0.0,0.0,0.0,0.0,0.0,0.0,0.0,0.0,0.0,0.0,0.0,0.0,0.0,0.0,0.0,0.0,0.0,0.0,0.0,0.0,0.0,0.0,0.0,0.0,0.0,0.0,0.0,0.0,0.0,0.0,7.67e-05,0.0,0.0,0.0,0.0,0.0,0.0,0.0,0.0,0.0,0.0,0.0,0.0,0.0,0.0,0.0,0.0,0.0,0.0,0.0,0.0,0.0,0.0,0.0,0.0,0.0,0.0,0.0,0.0,0.0,0.0,0.0,0.0,0.0,0.0,0.0,0.0,0.0,0.0,0.0,0.0,0.0,0.0,0.0,0.0,0.0,0.0,0.0,0.0,0.0,0.0,0.0,0.0,0.0,0.0,0.0,0.0,0.0,0.0,0.0,0.0,0.0,0.0,0.0,0.0,0.0,0.0,0.0,0.0,0.0,0.0,0.0,0.0,0.0,0.0,0.0,0.0,0.0,0.0,0.0,0.0,0.0,0.0,0.0,0.0,0.0,0.0,0.0,0.0,0.0,0.0,0.0,0.0,0.0,0.0,0.0,0.0,0.0,0.0,0.0,0.0,0.0,0.0,0.0
SRR12478751,0.001228501,0.621785422,0.202620803,0.0,0.0,8.19e-05,0.000573301,8.19e-05,0.021539722,0.006552007,0.0002457,0.014987715,0.027846028,0.0,8.19e-05,0.0001638,0.0001638,0.0001638,0.0,0.0,0.0,0.0003276,0.000982801,0.0002457,0.003112203,0.0,0.0,0.0,0.0,8.19e-05,0.0,0.035790336,0.0,0.0,8.19e-05,0.0004095,0.0,0.0,0.0,0.0,0.0,0.0,0.0,0.0,0.0,0.0,0.0,0.0,0.0001638,0.0,0.0004095,0.0,8.19e-05,0.0,0.0,8.19e-05,0.0,0.0,0.0,0.0,0.0004095,0.0003276,0.000655201,0.0002457,0.0,0.0,0.0,0.000573301,0.0,0.0,0.0,0.0,0.0,0.0,0.0,0.0,0.0,0.0,0.001801802,0.0,0.0001638,0.0,0.0,0.0002457,0.0,0.0,0.0,0.0,0.0,0.0,0.0,0.012121212,0.0,0.0002457,0.003112203,0.0,0.0,0.0,0.0,0.0,0.0,0.0,0.0,0.0,8.19e-05,0.0,0.0,0.0,0.0,0.0,0.0002457,0.0,0.0,8.19e-05,0.0,0.0,0.0,0.0,0.0,0.0,0.0003276,0.0,8.19e-05,0.0,0.0,0.0,0.0,0.0,0.0002457,8.19e-05,0.0,0.0,0.0,0.0,0.0,0.0,0.0,0.0,0.0,0.0,0.0,0.0,0.0,0.0,0.0,0.0,0.0,0.0,0.0,0.0,0.0,0.0,0.0001638,0.0,0.0,0.0,0.0,0.0,0.0,0.0,0.0,0.0,0.0,0.0,0.0,0.0,0.0,0.0,0.0,0.0,0.0,0.0,0.0,0.0,0.0,0.0,0.0,0.0,0.0,0.0,0.0,0.0,0.0,0.0,0.0,0.0,0.0,0.0,0.0,0.0,0.0,0.0,0.0,0.0,0.0,0.0,8.19e-05,0.0,0.0,0.0,0.0,0.0,0.0,0.0,0.0,0.003112203,0.0,0.0,0.0,0.0,0.0,0.0,0.0,0.0,0.0,0.0,0.0,0.0,0.0,0.0,0.0,0.0,0.0,0.0,0.0,0.0,0.0,0.0002457,0.0,0.0,0.0,0.0,0.0,0.0,0.0,0.0,0.0,0.0,0.0,0.0,0.0,0.0,0.0,0.0,0.0,0.0,0.0,0.0,0.0,0.0,0.0,0.0,0.0,0.0,0.0,0.0,0.0,0.0,0.0,0.0,0.0,0.0,0.0,0.0,0.0,0.0,0.0,0.0,0.0,0.0,0.0,0.0,0.0,0.0,0.0,0.0,0.0,0.0,0.0,0.0,0.0,0.0,0.0,0.0,0.0,0.0,0.0,0.0,0.0,0.0,0.0,0.0,0.0,0.0,0.0,0.0,0.0,0.0,0.0,0.0,0.0,8.19e-05,0.0,0.0,0.0,0.0,0.0,0.0,0.0,0.0,0.0,0.0,0.0,0.0,0.0,0.0,0.0,0.0,0.0,0.0,0.0,0.0,0.0,0.0001638,0.0,0.0,0.0,0.0,8.19e-05,0.0,0.0,0.0,0.0,0.0,0.0,0.0,0.0,0.0,0.0,0.0,0.0,0.0,0.0,0.0,0.0,0.0,0.0,0.0,0.0,0.0,0.0,0.0,0.0,0.0,0.0,0.0,0.0,0.0,0.0,0.0,0.0,0.0,0.0,0.0,0.0,8.19e-05,0.0,0.0,0.0,0.0,0.0,0.0,0.0,0.0,0.0,0.0,0.0,0.0,0.0,0.0,0.0,0.0,0.0,0.0,0.0,0.0,0.0,0.0,0.0,0.0,0.0,0.0,0.0,0.0,0.0,0.0,8.19e-05,0.0,0.0,0.0,0.0,0.0,0.0,0.0,0.0,0.0,0.0,0.0,0.0,0.0,0.0,0.001638002,0.0,0.0,0.0,0.0,0.0,0.0,0.0,0.0,0.0,0.0,0.0,0.0,0.0,0.0,0.0,0.0,0.0,0.0,0.0,0.0,0.0,0.0,0.0,0.0,0.0,0.0,0.0,0.0,0.0,0.0,0.0,0.0,0.0,0.0,0.0,0.0,0.0,0.0,0.0,0.0,0.0,0.0,0.0,0.0,0.0,0.0,0.0,0.0,0.0,0.0,0.0,0.0,0.0,0.0,0.0,0.0,0.0,0.0,0.0,0.0,0.0,0.0,0.0,0.0,0.0,0.0,0.0,0.0,0.0,0.0,0.0,0.0,0.0,0.0,0.0,0.0,0.0,0.0,0.0,8.19e-05,0.0,0.0,0.0,0.0,0.0,0.0,0.0,0.0,0.0,0.0,0.0,0.0,0.0,0.0,0.0,0.0,0.0,0.0,0.0,0.0,0.0,0.0,0.0,0.0,0.0,0.0,0.0,0.0,0.0,0.0,0.0,0.0,0.0,0.0,0.0,0.0,0.0,0.0,0.0,0.0,0.0,0.0,0.0,0.0,0.0,0.0,0.0,0.0,0.0,0.0,0.0,0.0,0.0,0.0,0.0,0.0,0.0,0.0,0.0,0.0,0.0,0.033169533,0.0,0.0,0.0,0.0,0.0,0.0,0.0,0.0,0.0,0.0,0.0,0.0,0.0,0.0,0.0,0.0,0.0,0.0,0.0,0.0,0.0,0.0,0.0,0.0,0.0,0.0,0.0,0.0,0.0,0.0,0.0,0.0,0.0,0.0,0.0,0.0,0.0,0.0,0.0,0.0,0.0,0.0,0.0,0.0,0.0,0.0,0.0,0.0,0.0,0.0,0.0,0.0,0.0,0.0,0.0,0.0,0.0,0.0,0.0,8.19e-05,0.0,0.0,0.0,0.0,0.0,0.0,0.0,0.0,0.0,0.0,0.0,0.0,0.0,0.0,0.0,0.0,0.0,0.0,0.0,0.0,0.0,0.0,0.0,0.0,0.0,0.0,0.0,0.0,0.0,0.0,0.0,0.0,0.0,0.0,0.0,0.0,0.0,0.0,0.0,0.0,0.0,0.0,0.0,0.0,0.0,0.0,0.0,0.0,0.0,0.0,0.0,0.0,0.0,0.0,0.0,0.0,0.0,0.0,0.0,0.0,0.0,0.0,0.0,0.0,0.0
SRR12478752,0.006027901,0.475859693,0.161605144,0.0,0.060393823,0.0,5.74e-05,0.0,0.201389288,0.000172226,0.005970492,0.000344451,0.008726104,0.00040186,0.000229634,0.000172226,0.000114817,5.74e-05,5.74e-05,0.0,0.0,0.001837074,0.002238934,0.001664849,0.008266835,0.000229634,0.0,0.000229634,0.002353752,0.000287043,0.0,5.74e-05,5.74e-05,0.0,0.001951892,0.000344451,5.74e-05,0.0,0.0,0.0,0.0,0.0,0.0,0.0,0.0,0.0,0.024169011,5.74e-05,0.0,0.0,0.000287043,0.000172226,0.0,0.0,0.0,0.000114817,0.0,0.0,0.0,5.74e-05,0.000975946,0.000114817,0.0,5.74e-05,0.000114817,5.74e-05,0.0,5.74e-05,0.002296343,5.74e-05,0.0,0.0,5.74e-05,0.000172226,0.0,0.0,0.0,0.0,0.000287043,5.74e-05,0.010965038,0.0,0.0,0.0,0.0,0.0,0.0,5.74e-05,0.0,0.0,0.0,0.007233481,0.0,0.0,0.00120558,0.0,0.0,0.0,0.0,5.74e-05,5.74e-05,0.0,0.000229634,0.0,0.000229634,0.0,0.0,5.74e-05,0.0,0.00522418,0.0,0.0,0.000287043,0.0,5.74e-05,0.0,0.0,0.0,0.0,5.74e-05,0.000172226,0.0,0.000172226,0.0,0.0,0.0,5.74e-05,0.0,5.74e-05,0.0,0.0,0.0,0.0,0.0,0.0,0.0,0.0,0.0,0.0,0.0,5.74e-05,0.0,0.0,0.0,0.0,0.000114817,0.0,5.74e-05,0.0,0.0,0.0,0.0,5.74e-05,0.0,0.0,0.0,0.0,0.000114817,0.0,0.0,0.0,0.0,5.74e-05,0.0,0.0,0.0,0.0,0.0,0.0,0.00040186,0.0,0.0,0.0,0.0,0.0,0.0,0.0,0.0,0.0,0.0,0.0,0.0,0.0,0.0,0.0,0.0,0.0,0.000229634,0.0,0.0,0.0,0.0,5.74e-05,0.0,0.0,0.0,0.0,0.0,0.0,0.0,0.0,0.0,0.0,0.0,0.0,0.0,0.0,0.0,0.0,0.0,0.0,5.74e-05,0.0,0.0,0.0,0.000172226,0.0,0.0,0.0,0.0,5.74e-05,0.0,0.0,0.0,0.0,0.0,0.0,0.000114817,0.0,0.0,0.0,0.000114817,0.0,0.0,0.0,0.000114817,0.0,0.0,0.0,0.0,0.0,0.0,0.0,0.0,0.0,0.0,0.0,0.0,0.0,0.0,0.0,5.74e-05,0.0,0.0,0.0,0.0,0.0,0.0,0.0,0.0,0.0,0.0,0.0,0.000172226,0.0,0.0,0.0,0.0,0.0,0.0,0.0,0.0,0.0,0.0,0.0,0.0,0.0,0.0,0.0,0.0,0.0,0.0,0.0,0.0,0.0,0.000114817,0.0,0.0,0.0,0.0,0.0,0.0,0.0,5.74e-05,0.0,0.0,0.0,0.0,0.0,0.0,0.0,0.0,0.0,0.000172226,0.0,5.74e-05,0.0,0.0,0.0,0.0,0.0,0.0,0.0,0.0,0.0,0.0,0.0,0.0,5.74e-05,0.0,0.000172226,0.0,0.0,0.0,0.000114817,5.74e-05,0.0,0.0,0.0,0.0,0.0,0.0,0.0,0.0,5.74e-05,0.0,0.0,0.0,0.0,0.0,0.0,0.0,0.0,0.0,0.0,0.0,0.0,0.0,0.0,0.0,0.0,0.0,0.0,0.0,0.0,0.0,0.0,0.0,0.0,0.0,0.0,0.0,0.0,0.0,0.0,0.0,0.0,0.0,0.0,0.0,0.0,0.0,0.0,0.000229634,0.0,0.0,0.0,0.0,0.0,0.0,0.0,5.74e-05,0.0,0.0,0.0,0.0,5.74e-05,0.0,0.0,0.0,0.0,0.0,0.0,0.0,0.0,0.0,0.0,0.0,0.0,0.0,0.0,0.0,0.0,0.0,5.74e-05,0.0,0.0,0.0,0.0,0.0,0.0,0.0,0.0,0.0,0.0,0.0,0.0,0.0,0.0,5.74e-05,0.0,0.0,0.0,0.0,0.0,0.0,0.0,0.0,0.0,0.0,0.0,0.0,5.74e-05,0.0,0.0,0.0,0.0,0.0,5.74e-05,0.0,0.0,0.0,0.0,0.0,0.0,0.0,0.0,0.0,0.0,0.0,0.0,0.0,0.0,0.0,0.0,0.0,0.0,0.0,0.0,0.0,0.0,0.0,0.0,0.0,0.0,0.0,0.0,0.0,5.74e-05,0.0,0.0,0.0,0.0,0.0,0.0,0.0,0.0,0.0,0.0,0.0,0.0,0.0,0.0,0.0,0.0,0.0,0.0,0.0,0.0,0.0,0.0,0.0,0.0,0.0,0.0,0.0,0.0,0.0,0.0,0.0,0.0,0.0,0.0,0.0,0.0,0.0,0.0,0.0,0.0,0.0,0.0,0.0,0.0,0.0,0.0,0.0,0.0,0.0,0.0,0.0,0.0,0.0,0.0,0.0,0.0,0.0,0.0,0.0,0.0,0.0,0.0,0.0,0.0,0.0,0.0,0.0,0.0,0.0,0.0,0.0,0.0,0.0,0.0,0.0,0.0,0.0,0.0,0.0,0.0,0.0,0.0,0.0,0.0,0.0,0.0,0.0,0.0,0.0,0.0,0.0,0.0,0.0,0.0,0.0,0.0,0.0,0.0,0.0,0.0,0.0,0.0,0.0,0.0,0.0,0.0,0.0,0.0,0.0,0.0,0.0,0.0,0.0,0.0,0.0,0.0,0.0,0.0,0.0,0.0,0.0,0.0,0.0,0.0,0.0,0.0,0.0,0.0,0.0,0.0,0.0,0.0,0.0,0.0,0.0,0.0,0.0,0.0,0.0,0.0,0.0,0.0,0.0,0.0,0.0,0.0,0.0,0.0,0.0,0.0,0.0,0.0,0.0,0.0,0.0,0.0,0.0,0.0,0.0,0.0,0.0,0.0,0.0,0.0,0.0,0.0,0.0,0.0,0.0,0.0,0.0,0.0,0.0,0.0,0.0,0.0,0.0,0.0,0.0,0.0,0.0,0.0,0.0,0.0,0.0,0.0,0.0,0.0,0.0,0.0,0.0,0.0,0.0,0.0,0.0,0.0,0.0,0.0,0.0,0.0,0.0,0.0,0.0,0.0,0.0,0.0,0.0,0.0,0.0,0.0
SRR12478753,0.00231696,0.48199391,6.62e-05,0.0,0.0,0.0,0.000198597,0.0,0.242685026,0.000992983,0.000992983,0.0,0.05348868,0.000264795,0.001390176,0.004700119,6.62e-05,0.000132398,0.002052165,0.00350854,0.0,0.105918178,0.016549715,0.006553687,0.024228783,0.000132398,0.000132398,0.000330994,0.001654972,0.0,6.62e-05,0.022507613,6.62e-05,6.62e-05,0.00059579,0.001390176,6.62e-05,0.0,0.0,0.0,0.0,0.0,0.000330994,0.0,0.0,0.000330994,0.016946909,6.62e-05,6.62e-05,0.0,0.0,0.0,0.0,0.000132398,0.0,0.0,0.0,0.0,0.0,0.0,0.000264795,0.0,0.0,6.62e-05,6.62e-05,0.000132398,0.0,6.62e-05,0.0,0.0,0.0,0.0,0.0,0.0,0.0,0.0,0.0,0.0,0.0,0.0,0.0,0.0,0.0,0.0,0.0,0.0,0.000264795,0.000397193,0.0,0.0,0.0,0.000132398,0.0,6.62e-05,0.0,0.0,0.000529591,0.0,0.0,0.000132398,0.000132398,0.0,0.000926784,6.62e-05,0.000860585,0.0,0.0,6.62e-05,0.0,6.62e-05,0.00059579,0.0,6.62e-05,0.0,6.62e-05,0.0,0.0,0.0,0.0,6.62e-05,6.62e-05,0.0,0.000132398,0.0,0.0,0.0,0.0,0.0,6.62e-05,0.0,0.0,0.0,0.0,0.0,0.0,0.0,0.0,0.0,0.0,0.0,0.000198597,6.62e-05,0.0,6.62e-05,0.0,0.0,0.0,0.0,0.0,0.0,0.0,0.0,0.000198597,0.0,0.0,0.0,0.000132398,0.0,0.0,0.0,0.0,0.0,0.0,0.0,0.0,0.0,0.0,0.0,0.0,0.0,0.0,0.0,0.000132398,0.0,0.0,0.0,0.0,0.0,0.0,0.0,0.0,0.0,0.0,0.0,0.0,0.0,0.0,0.0,0.0,0.0,0.0,0.0,6.62e-05,0.0,0.0,0.0,6.62e-05,0.0,0.0,0.0,0.0,0.0,0.0,0.0,0.0,0.0,0.0,0.0,0.0,0.0,0.0,0.0,0.0,0.0,0.0,0.0,0.0,0.0,0.0,0.0,6.62e-05,0.0,0.0,0.0,0.0,0.0,0.0,0.0,0.0,0.0,0.0,6.62e-05,0.0,0.0,0.0,0.0,0.0,0.0,0.0,0.0,0.0,0.0,0.0,0.0,0.0,0.0,0.0,0.0,0.0,0.0,0.0,0.0,0.0,0.0,0.0,0.0,0.0,0.0,0.0,0.0,0.0,6.62e-05,0.0,0.0,0.0,0.0,0.0,0.0,0.0,6.62e-05,0.0,0.0,0.0,0.0,0.0,0.0,0.0,0.0,0.0,0.0,0.0,0.0,0.0,0.0,0.0,0.000132398,0.0,0.0,0.0,0.0,0.0,0.0,6.62e-05,0.0,0.0,0.0,0.0,0.0,0.0,0.0,0.0,0.0,0.0,0.0,0.0,0.0,0.0,6.62e-05,0.0,0.0,0.0,0.0,0.0,0.0,0.0,0.0,0.0,0.0,0.0,0.0,0.0,0.0,0.0,0.0,0.0,0.0,0.0,0.0,0.0,0.0,0.0,0.0,0.0,0.0,0.0,0.0,0.0,0.0,0.0,0.0,0.0,0.0,0.0,0.0,0.0,0.0,0.0,6.62e-05,0.0,0.0,0.0,0.0,0.0,0.0,0.0,0.0,0.0,0.0,0.0,0.0,0.0,0.0,0.0,0.0,0.0,0.0,0.0,0.0,0.0,0.0,0.0,6.62e-05,0.0,0.0,0.0,0.0,0.0,0.0,0.0,0.0,0.0,0.0,0.0,0.0,0.0,0.0,0.0,0.0,0.0,0.0,0.0,0.0,0.0,0.0,0.0,0.0,0.0,0.0,0.0,0.0,0.0,0.0,0.0,0.0,0.0,6.62e-05,0.0,0.0,0.0,0.0,0.0,0.0,0.0,0.0,0.0,0.0,0.0,0.0,0.0,0.0,0.0,0.0,0.0,0.0,0.0,0.0,0.0,0.0,0.0,0.0,0.0,0.0,0.0,0.0,0.0,0.0,0.0,0.0,0.0,0.0,0.0,0.0,0.0,0.0,0.0,0.0,0.0,0.0,0.0,0.0,0.0,0.0,0.0,0.0,0.0,0.0,0.0,0.0,0.0,0.0,0.0,0.0,0.0,0.0,0.0,0.0,0.0,0.0,0.0,0.0,0.0,0.0,0.0,0.0,0.0,0.0,0.0,0.0,0.0,0.0,0.0,0.0,0.0,0.0,0.0,0.0,0.0,0.0,0.0,0.0,0.0,0.0,0.0,0.0,0.0,0.0,0.0,0.0,0.0,0.0,0.0,0.0,0.0,0.0,0.0,0.0,0.0,0.0,0.0,0.0,0.0,0.0,0.0,0.0,0.0,0.0,0.0,0.0,0.0,0.0,0.0,0.0,0.0,0.0,0.0,0.0,0.0,0.0,0.0,0.0,0.0,0.0,0.0,0.0,0.0,0.0,0.0,0.0,0.0,0.0,0.0,0.0,0.0,0.0,0.0,0.0,0.0,0.0,0.0,0.0,0.0,0.0,0.0,0.0,0.0,0.0,0.0,0.0,0.0,0.0,0.0,0.0,0.0,0.0,0.0,0.0,0.0,0.0,0.0,0.0,0.0,0.0,0.0,0.0,0.0,0.0,0.0,0.0,0.0,0.0,0.0,0.0,0.0,0.0,0.0,6.62e-05,0.0,0.0,0.0,0.0,0.0,0.0,0.0,0.0,0.0,0.0,0.0,0.0,0.0,0.0,0.0,0.0,0.0,0.0,0.0,0.0,0.0,0.0,0.0,0.0,0.0,0.0,0.0,0.0,0.0,0.0,0.0,0.0,0.0,0.0,0.0,0.0,0.0,0.0,0.0,0.0,0.0,0.0,0.0,0.0,0.0,0.0,0.0,0.0,0.0,0.0,0.0,0.0,0.0,0.0,0.0,0.0,0.0,0.0,0.0,0.0,0.0,0.0,0.0,0.0,0.0,0.0,0.0,0.0,0.0,0.0,0.0,0.0,0.0,0.0,0.0,0.0,0.0,0.0,0.0,0.0,0.0,0.0,0.0,0.0,0.0,0.0,0.0,0.0,0.0,0.0,0.0,0.0,0.0
SRR12478754,0.639778466,0.177129826,0.000684151,0.0,6.52e-05,0.000130314,0.000195472,0.0,0.114969865,0.000684151,0.003779117,0.000358365,0.00231308,0.000260629,6.52e-05,0.000423522,0.000847043,0.0,0.000879622,0.00022805,3.26e-05,0.000521258,0.000130314,0.003518488,6.52e-05,0.000260629,0.0,0.001140251,0.006287669,0.000162893,0.0,0.00325786,0.007297605,0.001270565,0.001303144,0.000586415,3.26e-05,0.0,0.0,0.0,0.0,0.0,6.52e-05,0.0,0.0,0.0,0.000195472,0.000162893,3.26e-05,0.000423522,6.52e-05,6.52e-05,0.0,0.000423522,3.26e-05,0.000390943,3.26e-05,0.0,0.0,0.0,0.000130314,0.0,0.0,3.26e-05,0.0,0.0,0.0,0.0,3.26e-05,0.0,0.0,3.26e-05,6.52e-05,9.77e-05,0.0,0.0,0.0,0.0,0.014139111,0.000553836,0.000130314,6.52e-05,9.77e-05,0.001596351,0.0,0.00022805,0.000293207,0.000195472,0.0,0.0,0.0,0.000358365,0.000847043,3.26e-05,0.000651572,0.0,3.26e-05,0.0,0.0,6.52e-05,6.52e-05,6.52e-05,9.77e-05,3.26e-05,0.000130314,0.0,9.77e-05,0.0,0.0,9.77e-05,0.004104903,0.0,0.000390943,0.0,0.0,0.000162893,0.0,0.0,3.26e-05,0.0,0.000195472,0.0,0.000553836,0.0,6.52e-05,0.0,0.0,0.0,9.77e-05,0.0,0.0,0.0,0.0,0.0,0.0,0.0,6.52e-05,0.0,0.0,0.0,0.0,0.000130314,6.52e-05,3.26e-05,0.000293207,6.52e-05,0.0,0.0,0.0,0.000130314,0.0,9.77e-05,3.26e-05,0.0,0.0,0.000162893,0.0,0.0,0.0,0.0,0.0,0.0,0.0,0.0,0.0,3.26e-05,0.0,3.26e-05,0.0,3.26e-05,0.0,0.0,0.000130314,0.0,0.0,0.0,0.0,0.0,6.52e-05,0.0,0.0,3.26e-05,0.0,0.0,0.0,0.0,3.26e-05,0.0,0.0,0.0,0.0,0.0,0.0,0.0,0.0,0.0,0.0,0.0,0.0,0.0,0.0,0.0,0.0,0.0,0.0,0.0,0.0,0.0,0.0,0.0,0.0,0.0,0.0,3.26e-05,0.0,3.26e-05,0.0,0.0,0.0,0.0,0.0,0.0,0.0,0.0,3.26e-05,0.0,0.0,0.0,0.0,0.0,3.26e-05,6.52e-05,0.0,0.0,0.0,0.0,0.0,0.0,0.0,0.0,0.0,0.0,0.0,0.0,0.0,0.0,0.0,0.0,0.0,0.0,0.0,3.26e-05,9.77e-05,0.0,0.0,0.0,0.0,0.0,0.0,0.0,0.0,0.0,0.0,6.52e-05,0.0,0.0,0.0,0.0,0.0,0.0,0.0,0.0,6.52e-05,0.0,0.0,0.0,0.0,0.0,0.0,0.0,0.0,0.0,0.0,3.26e-05,0.0,0.0,0.0,0.0,0.0,0.0,0.0,3.26e-05,3.26e-05,0.0,0.0,0.0,0.0,0.0,0.0,0.0,0.0,0.000293207,0.0,3.26e-05,0.0,0.0,0.0,0.0,0.0,0.0,0.0,0.0,0.0,0.0,0.0,0.0,0.0,3.26e-05,0.0,0.0,0.0,0.0,0.0,0.0,0.0,0.0,0.0,0.0,3.26e-05,0.0,0.0,0.0,0.0,0.0,0.0,0.0,0.0,0.0,0.0,0.0,0.0,0.0,0.0,0.0,0.0,3.26e-05,3.26e-05,0.0,0.0,0.0,0.0,0.000162893,0.0,0.0,0.0,0.0,0.0,0.0,0.0,0.0,0.0,0.0,0.0,0.0,0.0,0.0,0.0,0.0,0.0,0.0,0.0,0.0,0.0,0.0,0.0,0.0,0.0,0.0,0.0,0.0,0.0,0.0,9.77e-05,0.0,0.0,0.0,0.0,3.26e-05,0.0,0.0,0.0,0.0,0.0,0.0,0.0,0.0,0.0,0.0,0.0,0.0,0.0,0.0,0.0,0.0,0.0,0.0,0.0,0.0,0.0,0.0,0.0,0.0,0.0,0.0,0.0,0.0,0.0,0.0,0.0,0.0,0.0,0.0,0.0,0.0,0.0,3.26e-05,0.0,0.0,3.26e-05,0.0,0.0,0.0,0.0,3.26e-05,0.0,0.0,0.0,0.0,0.0,0.0,0.0,0.0,0.0,0.0,0.0,0.0,0.0,0.0,0.0,0.0,0.0,0.0,0.0,0.0,0.0,3.26e-05,0.0,0.0,0.0,0.0,0.0,0.0,0.0,0.0,0.0,0.0,0.0,0.0,0.0,0.0,0.0,0.0,0.0,0.0,0.0,0.0,0.0,0.0,0.0,0.0,0.0,0.0,0.0,0.0,0.0,0.0,0.0,0.0,0.0,0.0,0.0,0.0,0.0,0.0,0.0,0.0,0.0,0.0,0.0,0.0,0.0,0.0,0.0,0.0,0.0,0.0,0.0,0.0,0.0,6.52e-05,0.0,0.0,0.0,0.0,0.0,0.0,0.0,0.0,0.0,0.0,0.0,0.0,0.0,0.0,0.0,0.0,0.0,0.0,0.0,0.0,0.0,0.0,0.0,0.0,0.0,0.0,0.0,0.0,0.0,0.0,0.0,0.0,0.000618993,0.0,0.0,0.0,0.0,0.0,0.0,0.0,0.0,0.0,0.0,0.0,0.0,0.0,0.0,0.0,0.0,0.0,0.0,0.0,0.0,0.0,0.0,0.0,0.0,0.0,0.0,0.0,0.0,0.0,0.0,0.0,0.0,0.0,0.0,0.0,0.0,0.0,0.0,0.0,0.0,0.0,0.0,0.0,0.0,0.0,0.0,0.0,0.0,0.0,0.0,0.0,0.0,0.0,0.0,0.0,0.0,0.0,0.0,0.0,0.0,0.0,0.0,0.0,0.0,0.0,0.0,0.0,0.0,0.0,0.0,0.0,3.26e-05,0.0,0.0,0.0,0.0,0.0,0.0,0.0,0.0,0.0,0.0,0.0,0.0,0.0,0.0,0.0,0.0,0.0,0.0,0.0,0.0,0.0,0.0,0.0,0.0,0.0,0.0,0.0,0.0,0.0,0.0,0.0,0.0,0.0,0.0,0.0,0.0,0.0,0.0,0.0,0.0,0.0,0.0,0.0,0.0,0.0,0.0,0.0,0.0,0.0,0.0,0.0,0.0,0.0,0.0,0.0,0.0,0.0,0.0,0.0,0.0,0.0,0.0,0.0,0.0
SRR12478755,0.586779301,0.14721172,0.008742911,0.0,0.003839792,0.0,0.000177221,0.0,0.128839792,0.006143667,0.001476843,0.000236295,0.012878072,0.000118147,0.000413516,0.008152174,0.000177221,0.000354442,0.000118147,0.001240548,5.91e-05,0.007561437,0.001772212,0.002894612,5.91e-05,0.000177221,5.91e-05,0.001063327,0.002481096,0.000118147,0.0,0.026110586,0.000118147,0.004489603,0.00094518,0.001181474,0.0,0.0,0.0,0.000177221,0.0,0.0,0.000177221,0.0,0.0,0.0,0.0,0.0,0.0,0.00206758,0.0,0.0,0.000236295,0.014236767,0.0,0.0,0.0,0.0,0.0,0.000708885,0.000886106,0.000118147,5.91e-05,5.91e-05,0.000886106,0.0,0.0,0.003426276,0.001417769,0.0,0.0,0.0,0.0,0.000236295,0.000177221,0.0,0.0,0.0,0.0,0.0,0.0,5.91e-05,0.0,0.000649811,0.0,0.0,5.91e-05,0.000649811,0.0,0.0,0.0,0.00206758,0.000118147,0.000590737,0.0,0.0,0.0,0.0,0.0,0.000354442,0.0,0.0,0.0,0.0,0.0,0.0,0.0,0.0,0.0,0.0,0.006675331,0.0,0.0,5.91e-05,0.0,0.0,0.0,0.0,0.0,5.91e-05,0.000118147,0.0,0.0,0.0,0.0,0.0,0.0,0.000118147,0.000177221,0.0,0.0,0.0,0.000118147,0.0,0.0,0.002185728,0.0,0.0,0.0,0.0,0.000118147,0.0,5.91e-05,0.000413516,0.0,0.0,0.0,5.91e-05,0.0,0.0,5.91e-05,5.91e-05,5.91e-05,0.0,0.0,0.0,0.0,5.91e-05,0.0,0.0,0.0,0.0,0.0,0.0,0.0,0.0,0.0,0.000118147,0.0,0.0,0.0,0.0,0.0,0.0,0.0,0.0,0.0,5.91e-05,0.0,0.0,0.0,0.0,0.0,0.0,0.0,0.0,0.000886106,0.0,0.0,0.0,0.0,0.0,0.0,0.0,0.0,0.0,0.0,0.0,0.0,0.0,0.0,0.0,0.0,0.0,5.91e-05,0.0,5.91e-05,0.0,0.0,5.91e-05,0.0,0.0,0.0,0.0,0.0,0.0,0.0,0.000177221,0.0,0.0,0.0,0.0,0.0,0.0,0.0,0.0,0.0,0.0,0.0,0.0,0.0,0.0,0.0,0.0,0.0,0.0,0.0,0.0,0.0,0.0,0.0,0.0,0.0,0.0,0.0,0.0,0.0,0.0,0.0,0.0,0.0,0.0,0.0,5.91e-05,0.0,0.0,0.0,0.0,0.0,0.0,0.0,0.0,0.0,0.0,0.0,0.0,0.0,0.0,0.0,0.0,0.0,0.0,0.0,0.0,0.0,0.0,0.0,0.0,0.0,0.0,0.0,0.0,0.0,0.0,5.91e-05,0.0,0.0,0.0,0.0,0.0,0.0,5.91e-05,5.91e-05,0.0,0.0,0.0,0.0,0.0,0.0,0.0,0.0,0.0,0.0,0.0,0.0,0.0,0.0,0.0,0.0,0.0,0.0,0.0,0.0,5.91e-05,0.0,0.0,0.0,0.0,0.0,0.0,0.0,0.0,0.0,0.0,0.0,0.0,0.0,0.0,0.0,0.0,0.0,5.91e-05,0.0,0.0,0.0,0.0,0.0,0.0,0.0,0.0,0.0,0.0,0.0,0.0,5.91e-05,0.0,0.0,0.0,0.0,0.0,0.0,0.0,0.0,0.0,0.0,0.0,0.0,0.0,0.0,0.0,5.91e-05,0.0,0.0,0.0,0.0,0.0,0.0,0.0,5.91e-05,0.0,0.0,0.0,0.0,0.0,0.000118147,0.0,0.0,0.0,0.0,0.001831285,0.0,0.0,0.0,0.0,0.0,0.0,0.0,0.0,0.0,0.0,0.0,0.0,0.0,0.0,0.0,0.0,0.0,0.0,0.0,0.0,0.0,0.0,0.0,0.0,0.0,0.0,0.0,0.0,0.0,0.0,0.0,0.0,0.0,0.0,0.0,0.0,0.0,0.0,0.0,0.0,0.0,0.0,0.0,0.0,0.0,0.0,0.0,0.0,0.0,0.0,0.0,0.0,5.91e-05,0.0,0.0,0.0,0.0,0.0,0.0,0.0,0.0,0.0,0.0,0.0,0.0,0.0,0.0,0.0,0.0,0.0,0.0,0.0,0.0,0.0,0.0,0.0,0.0,0.0,0.0,0.0,0.0,0.0,0.0,0.0,0.0,0.0,0.0,0.0,0.0,0.0,0.0,0.0,0.0,0.0,0.0,0.0,0.0,0.0,0.0,0.0,0.0,0.0,0.0,0.0,0.0,0.0,0.0,0.0,0.0,0.0,0.0,0.0,0.0,0.0,0.0,5.91e-05,0.0,0.0,0.0,0.0,0.0,0.0,0.0,0.0,0.0,0.0,0.0,0.0,0.0,0.0,0.0,0.0,0.0,0.0,0.0,0.0,0.0,0.0,0.0,0.0,0.0,0.0,0.0,0.0,0.0,0.0,0.0,0.0,0.0,0.0,0.0,0.0,0.0,0.0,0.0,0.0,0.0,0.0,0.0,0.0,0.0,0.0,0.0,0.0,0.0,0.0,0.0,5.91e-05,0.0,0.0,0.0,0.0,0.0,0.0,0.0,0.0,0.0,0.0,0.0,0.0,0.0,0.0,5.91e-05,0.0,0.0,0.0,0.0,0.0,0.0,0.0,0.0,0.0,0.0,0.0,0.0,0.0,0.0,0.0,0.0,5.91e-05,0.0,0.0,0.0,0.0,0.0,0.0,0.0,0.0,0.0,0.0,0.0,0.0,0.0,0.0,0.0,0.0,0.0,0.0,0.0,0.0,0.0,0.0,0.0,0.0,0.0,0.0,0.0,0.0,0.0,0.0,0.0,0.0,0.0,0.0,0.0,0.0,0.0,0.0,0.0,0.0,0.0,0.0,0.0,0.0,0.0,0.0,0.0,0.0,0.0,0.0,0.0,0.0,0.0,0.0,0.0,0.0,0.0,0.0,0.0,0.0,0.0,0.0,0.0,0.0,0.0,0.0,0.0,0.0,0.0,0.0,0.0,0.0,0.0,0.0,0.0,0.0,0.0,0.0,0.0,0.0,0.0,0.0,0.0,0.0,0.0,0.0,0.0,0.0,0.0,0.0,0.0,0.0,0.0,0.0,0.0,0.0,0.0,0.0,0.0
SRR12478756,0.001607372,0.614659237,0.024164166,0.0,5.36e-05,0.0,0.000160737,0.0,0.274753536,0.003054008,0.001393056,0.00058937,0.000803686,0.000107158,5.36e-05,0.0,0.000160737,5.36e-05,5.36e-05,0.0,0.0,0.001071582,0.000321474,0.004447064,5.36e-05,5.36e-05,0.0,0.0,0.022717531,0.0,0.000107158,0.000375054,0.000160737,0.0,0.000803686,0.00289327,5.36e-05,0.0,0.0,0.000107158,0.0,0.0,0.0,0.0,0.0,0.0,0.0,0.0,0.000107158,0.0,0.000160737,0.0,5.36e-05,0.000160737,0.0,0.0,0.0,0.0,0.0,0.000160737,0.000910844,5.36e-05,0.0,0.0,0.0,5.36e-05,0.0,0.0,0.0,0.0,0.0,0.0,5.36e-05,0.0,0.0,0.0,0.0,0.0,5.36e-05,0.0,0.000160737,0.0,0.0,0.0,0.0,0.0,0.0,0.000214316,0.0,0.0,0.0,0.016555937,0.004607801,0.001232319,0.008840549,0.0,0.000910844,0.0,0.0,0.000107158,0.0,0.0,0.000160737,0.0,0.000214316,0.0,0.0,5.36e-05,0.0,0.0,0.000214316,0.0,0.0,0.0,0.0,0.000107158,0.0,0.0,0.0,0.000160737,0.0,0.0,0.000214316,0.0,0.003696957,5.36e-05,0.0,0.0,0.000160737,0.0,0.0,0.0,0.0,0.0,5.36e-05,0.003750536,0.0,0.0,0.0,0.0,0.0,5.36e-05,0.0,0.0,0.0,0.0,0.0,5.36e-05,0.0,0.0,0.0,0.0,0.000107158,0.0,0.0,0.0,0.0,0.0,0.0,0.0,0.0,0.0,0.0,0.0,0.0,0.0,0.0,0.0,0.0,0.0,0.0,0.0,0.0,0.0,0.0,0.0,0.0,0.0,0.0,0.0,0.0,0.0,0.0,0.0,0.0,0.0,0.0,5.36e-05,0.0,0.0,5.36e-05,0.0,0.0,0.0,0.0,0.0,0.0,0.0,0.0,0.0,0.0,0.0,0.0,0.0,0.000107158,5.36e-05,0.0,0.0,0.0,0.0,0.0,0.0,0.0,5.36e-05,0.0,5.36e-05,0.0,0.0,0.0,0.0,0.0,0.0,0.0,0.0,0.000107158,0.0,0.000107158,0.0,0.0,0.0,0.0,5.36e-05,0.0,0.0,0.0,0.0,0.0,0.0,0.0,0.0,0.0,0.0,0.0,0.0,0.0,0.0,0.0,0.000107158,0.0,0.0,0.0,0.0,0.0,0.0,0.0,0.0,0.0,0.0,0.0,0.0,0.0,0.0,0.0,0.0,0.0,0.0,0.0,0.0,0.0,0.000107158,0.0,0.0,0.0,0.0,0.0,5.36e-05,0.0,5.36e-05,0.0,0.0,0.0,5.36e-05,0.0,0.0,0.0,5.36e-05,0.0,0.0,0.0,0.0,0.0,0.0,0.0,0.0,0.0,0.0,0.0,0.0,0.0,0.0,0.0,0.0,5.36e-05,0.0,0.0,0.0,0.0,0.0,0.0,0.0,0.0,0.0,0.0,0.0,5.36e-05,0.0,0.0,0.0,0.0,0.0,0.000107158,0.0,0.0,0.0,0.0,0.0,0.0,0.0,0.0,0.0,0.0,0.0,0.0,0.0,0.0,0.0,0.0,0.0,0.0,0.0,0.0,0.0,0.0,0.0,0.0,0.0,0.0,5.36e-05,0.0,5.36e-05,0.0,0.0,0.0,0.0,0.0,0.0,0.0,0.0,0.0,0.0,0.0,0.0,0.0,0.0,0.0,0.0,0.0,0.0,0.0,0.0,0.0,0.0,0.0,0.0,0.0,0.0,0.0,0.0,0.0,0.0,0.0,0.0,0.0,0.0,0.0,0.0,0.0,0.000160737,0.0,0.0,0.0,0.0,0.0,0.0,0.0,0.0,0.0,0.0,0.0,0.0,0.0,0.0,0.0,0.0,0.0,0.0,0.0,0.0,0.0,0.0,0.0,0.0,0.0,0.0,5.36e-05,0.0,0.0,0.0,0.0,0.0,0.0,0.0,0.0,0.0,0.0,0.0,0.0,0.0,0.0,0.0,0.0,0.0,0.0,0.0,0.0,0.0,0.0,0.0,0.0,0.0,0.0,0.0,0.0,0.0,0.0,0.0,0.0,0.0,0.0,0.0,0.0,0.0,0.0,0.0,0.0,0.0,0.0,0.0,0.0,0.0,5.36e-05,0.0,0.0,0.0,0.0,0.0,0.0,0.0,0.0,0.0,0.0,0.0,0.0,0.0,0.0,0.0,0.0,0.0,0.0,0.0,0.0,0.0,5.36e-05,0.0,0.0,0.0,0.0,0.0,0.0,0.0,0.0,0.0,0.0,0.0,0.0,0.0,0.0,0.0,0.0,0.0,0.0,0.0,0.0,0.0,0.0,0.0,0.0,0.0,0.0,0.0,0.0,0.0,0.0,0.0,0.0,0.0,0.0,0.0,0.0,0.0,0.0,0.0,0.0,0.0,0.0,0.0,0.0,0.0,0.0,0.0,0.0,0.0,0.0,0.0,0.0,0.0,0.0,0.0,0.0,0.0,0.0,0.0,0.0,0.0,0.0,0.0,0.0,0.0,0.0,0.0,0.0,0.0,0.0,0.0,0.0,0.0,0.0,0.0,0.0,0.0,0.0,0.0,0.0,0.0,0.0,0.0,0.0,0.0,0.0,0.0,0.0,0.0,0.0,0.0,0.0,0.0,0.0,0.0,0.0,0.0,0.0,0.0,0.0,0.0,0.0,0.0,0.0,0.0,0.0,0.0,0.0,0.0,0.0,0.0,0.0,0.0,0.0,0.0,0.0,0.0,0.0,0.0,0.0,0.0,0.0,0.0,0.0,0.0,0.0,0.0,0.0,0.0,0.0,0.0,0.0,0.0,0.0,0.0,0.0,0.0,0.0,0.0,0.0,0.0,0.0,0.0,0.0,0.0,0.0,0.0,0.0,0.0,0.0,0.0,0.0,0.0,0.0,0.0,0.0,0.0,0.0,0.0,0.0,0.0,0.0,0.0,0.0,0.0,0.0,0.0,0.0,0.0,0.0,0.0,0.0,0.0,0.0,0.0,0.0,0.0,0.0,0.0,0.0,0.0,0.0,0.0,0.0,0.0,0.0,0.0,0.0,0.0,0.0,0.0,0.0,0.0,0.0,0.0,0.0
SRR12478757,0.003905402,0.543718811,0.11130397,0.0,0.000108483,0.0,0.000976351,0.000108483,0.229225429,0.003471469,0.001627251,0.000108483,0.002820568,0.000433934,0.000108483,0.003362985,0.000867867,0.000216967,0.0,0.001844218,0.000216967,0.004013886,0.001518768,0.007919288,0.00032545,0.000108483,0.0,0.000108483,0.005641137,0.000108483,0.0,0.001193317,0.008244739,0.012150141,0.0006509,0.001301801,0.000108483,0.000108483,0.0,0.000108483,0.000108483,0.0,0.000108483,0.0,0.0,0.0,0.000216967,0.0,0.0,0.0,0.000433934,0.0,0.0,0.0006509,0.000108483,0.000108483,0.0,0.000108483,0.0,0.000108483,0.000867867,0.0,0.000108483,0.000108483,0.000108483,0.000108483,0.0,0.0,0.0,0.0,0.0,0.0,0.001301801,0.0006509,0.0,0.0,0.0,0.0,0.000108483,0.001627251,0.000108483,0.000108483,0.0,0.000542417,0.0,0.000433934,0.002169668,0.000216967,0.0,0.0,0.0,0.015838577,0.000976351,0.002061185,0.000108483,0.000108483,0.000216967,0.0,0.0,0.0,0.0,0.000108483,0.000108483,0.0,0.0,0.000108483,0.0,0.0,0.0,0.000108483,0.00032545,0.0,0.000759384,0.000542417,0.0,0.0,0.0,0.0,0.000216967,0.000108483,0.000976351,0.0,0.000108483,0.0,0.000542417,0.0,0.0,0.000108483,0.000216967,0.000108483,0.0,0.0,0.0,0.0,0.0,0.000108483,0.0,0.0,0.0,0.0,0.000108483,0.00542417,0.0,0.0,0.0,0.000108483,0.0,0.000216967,0.0,0.0,0.000108483,0.004990236,0.0,0.0,0.0,0.0,0.0,0.000108483,0.0,0.0,0.0,0.0,0.0,0.0,0.0,0.0,0.0,0.0,0.00032545,0.0,0.0,0.0,0.000216967,0.0,0.0006509,0.0,0.0,0.0,0.0,0.0,0.0,0.0,0.0,0.0,0.0,0.000108483,0.0,0.0,0.0,0.0,0.0,0.0,0.0,0.0,0.0,0.0,0.0,0.0,0.0,0.0,0.0,0.0,0.0,0.0,0.0,0.0,0.0,0.0,0.0,0.0,0.0,0.0,0.0,0.0,0.0,0.0,0.0,0.0,0.0,0.0,0.0,0.0,0.000108483,0.0,0.0,0.0,0.0,0.000216967,0.0,0.0,0.000108483,0.000108483,0.000216967,0.0,0.0,0.0,0.0,0.0,0.0,0.0,0.0,0.000108483,0.0,0.0,0.0,0.0,0.0,0.0,0.0,0.0,0.0,0.0,0.0,0.0,0.0,0.0,0.0,0.0,0.0,0.0,0.0,0.000108483,0.000108483,0.0,0.0,0.0,0.000108483,0.0,0.000108483,0.0,0.0,0.0,0.0,0.0,0.0,0.0,0.0,0.0,0.0,0.0,0.0,0.0,0.0,0.0,0.0,0.000216967,0.0,0.0,0.0,0.0,0.0,0.0,0.0,0.0,0.0,0.0,0.0,0.0,0.0,0.0,0.0,0.0,0.0,0.0,0.0,0.0,0.000108483,0.0,0.0,0.0,0.0,0.0,0.0,0.0,0.0,0.0,0.0,0.0,0.0,0.0,0.000108483,0.0,0.0,0.0,0.0,0.000108483,0.0,0.0,0.0,0.0,0.0,0.000108483,0.0,0.000108483,0.0,0.0,0.0,0.0,0.0,0.0,0.0,0.0,0.0,0.0,0.0,0.0,0.0,0.0,0.0,0.0,0.0,0.0,0.0,0.0,0.0,0.0,0.0,0.0,0.0,0.0,0.0,0.0,0.0,0.0,0.0,0.0,0.0,0.0,0.0,0.0,0.0,0.0,0.0,0.0,0.0,0.0,0.0,0.0,0.0,0.002169668,0.0,0.0,0.0,0.0,0.0,0.0,0.0,0.0,0.0,0.0,0.0,0.0,0.0,0.0,0.0,0.0,0.0,0.0,0.0,0.0,0.0,0.0,0.0,0.0,0.0,0.000108483,0.0,0.0,0.0,0.0,0.0,0.0,0.0,0.0,0.0,0.0,0.0,0.0,0.0,0.0,0.0,0.0,0.0,0.0,0.0,0.0,0.000108483,0.0,0.0,0.0,0.0,0.0,0.0,0.0,0.0,0.0,0.0,0.000108483,0.0,0.0,0.0,0.0,0.0,0.0,0.0,0.0,0.0,0.0,0.0,0.0,0.0,0.0,0.0,0.0,0.0,0.0,0.0,0.0,0.0,0.0,0.0,0.0,0.0,0.0,0.0,0.0,0.0,0.0,0.0,0.0,0.0,0.0,0.0,0.0,0.0,0.0,0.0,0.0,0.0,0.0,0.0,0.0,0.0,0.0,0.0,0.0,0.0,0.0,0.0,0.0,0.0,0.0,0.0,0.0,0.0,0.0,0.0,0.0,0.0,0.0,0.0,0.0,0.0,0.0,0.0,0.000108483,0.0,0.0,0.0,0.0,0.0,0.0,0.0,0.0,0.0,0.0,0.0,0.0,0.0,0.0,0.0,0.0,0.0,0.0,0.000108483,0.0,0.0,0.0,0.0,0.0,0.0,0.0,0.0,0.0,0.0,0.0,0.0,0.0,0.0,0.0,0.0,0.0,0.0,0.0,0.0,0.0,0.0,0.0,0.0,0.0,0.0,0.0,0.0,0.0,0.0,0.0,0.0,0.0,0.0,0.0,0.0,0.0,0.0,0.0,0.0,0.0,0.0,0.0,0.0,0.0,0.0,0.0,0.0,0.0,0.0,0.000108483,0.0,0.0,0.0,0.0,0.0,0.0,0.0,0.0,0.0,0.0,0.0,0.0,0.0,0.0,0.0,0.0,0.0,0.0,0.0,0.0,0.0,0.0,0.0,0.0,0.0,0.0,0.0,0.0,0.0,0.0,0.0,0.0,0.0,0.0,0.0,0.0,0.0,0.0,0.0,0.000216967,0.000108483,0.0,0.0,0.0,0.0,0.0,0.0,0.0,0.0,0.0,0.0,0.0,0.0,0.0,0.0,0.0,0.0,0.0,0.0,0.0,0.0,0.0,0.0,0.0,0.0,0.0,0.0,0.0,0.0,0.0,0.0,0.0,0.0,0.0,0.0,0.0,0.0,0.0,0.0,0.0,0.0,0.0,0.0,0.0,0.0,0.0,0.0,0.0,0.0,0.0,0.0,0.0,0.0,0.0,0.0,0.0,0.0,0.0,0.0,0.0,0.0,0.0,0.0
SRR12478758,0.397978792,0.17678457,0.003273788,0.0,7.12e-05,0.0,0.000427016,0.0,0.307309088,0.007686286,0.001565725,0.001138709,0.004839513,0.002989111,0.000498185,0.002704434,0.000498185,7.12e-05,7.12e-05,7.12e-05,0.000284677,0.001921571,0.000854032,0.006832254,0.000142339,7.12e-05,0.0,0.000142339,0.012881645,0.0,0.0,0.0,0.013522169,0.0,0.000498185,0.000355847,0.000284677,0.0,0.0,0.0,0.0,0.0,0.000142339,0.0,0.0,0.0,0.002989111,7.12e-05,7.12e-05,0.000711693,0.0,0.0,7.12e-05,0.01857519,0.0,0.000142339,0.0,0.0,0.0,0.0,0.0,0.0,0.0,7.12e-05,0.0,0.0,0.0,0.0,7.12e-05,0.0,0.0,0.0,0.0,0.0,0.0,0.0,0.0,0.0,0.0,0.0,0.0,7.12e-05,0.0,0.001565725,0.0,0.0,0.000142339,7.12e-05,0.0,0.0,0.0,0.011102413,0.000355847,0.001779233,0.0,0.0,0.000142339,0.0,0.0,0.0,0.0,0.0,0.0,0.0,0.0,0.0,0.0,0.0,0.0,0.0,0.000498185,0.0,0.0,0.000498185,0.0,7.12e-05,0.0,0.0,0.0,0.0,0.001209878,0.0,0.000498185,0.0,0.000427016,0.0,0.0,0.000142339,0.0,0.0,7.12e-05,0.0,0.0,0.0,0.0,0.002989111,0.0,0.0,0.0,0.0,0.0,0.006903423,0.0,0.0,7.12e-05,0.0,0.0,0.0,0.0,0.0,0.0,0.000427016,0.0,7.12e-05,0.0,7.12e-05,0.0,7.12e-05,0.0,0.0,0.0,0.0,0.0,0.0,0.0,0.000213508,0.0,0.0,0.0,0.0,0.0,0.0,0.0,0.0,0.0,0.0,0.0,0.0,0.0,0.0,0.0,0.0,0.0,0.0,0.0,0.0,0.000142339,0.0,0.0,0.0,7.12e-05,0.0,0.0,7.12e-05,0.0,0.0,0.0,0.0,0.0,0.0,0.0,0.0,0.0,0.0,0.0,0.0,0.0,0.0,0.0,0.0,0.0,0.0,0.0,0.0,0.0,0.0,0.0,7.12e-05,0.0,0.0,0.0,0.0,0.0,0.0,0.0,0.0,0.0,0.0,0.0,0.0,0.0,0.0,0.0,0.0,0.0,0.000284677,0.0,0.0,0.0,7.12e-05,7.12e-05,0.0,0.0,0.0,0.0,0.0,0.0,0.0,0.0,0.0,0.0,0.0,0.0,7.12e-05,0.0,0.0,0.0,0.0,0.0,0.0,0.0,0.0,0.0,0.0,0.0,0.000213508,0.0,0.0,0.0,0.0,0.0,0.0,0.0,0.0,0.0,0.0,0.0,0.0,0.0,0.0,0.0,0.0,0.000213508,0.0,0.0,0.0,0.0,0.0,0.0,0.0,0.0,0.0,0.0,0.0,0.0,0.0,0.0,0.0,0.0,0.0,0.0,0.0,0.0,0.0,0.0,0.0,0.0,0.0,0.0,0.0,7.12e-05,0.0,0.0,0.0,0.0,0.0,0.0,0.0,0.0,0.0,0.0,0.0,0.0,0.0,0.0,0.0,0.0,0.0,0.0,0.0,0.0,7.12e-05,0.0,0.0,0.0,7.12e-05,0.0,0.0,0.0,0.0,0.0,0.0,0.0,0.0,0.0,0.0,0.0,0.0,0.0,0.0,0.0,0.0,0.0,0.0,0.0,0.0,0.0,0.0,0.0,0.0,0.0,0.0,0.0,0.0,0.0,0.0,0.0,0.0,0.0,0.0,0.0,0.0,0.0,0.0,0.0,0.0,0.0,0.0,0.0,0.0,0.0,7.12e-05,0.0,0.0,0.0,0.0,0.0,7.12e-05,0.0,0.0,0.0,0.0,0.0,0.0,0.0,0.0,0.0,0.0,0.0,0.0,0.0,0.0,0.0,0.0,0.0,0.0,0.0,0.0,0.0,0.0,0.0,0.0,0.0,0.0,0.0,0.0,0.0,0.0,0.0,0.0,0.0,0.0,0.0,0.0,0.0,0.0,0.0,0.0,0.0,0.0,0.0,0.0,7.12e-05,0.0,7.12e-05,0.0,0.0,0.0,0.0,0.0,0.0,0.0,0.0,0.0,0.0,0.0,0.0,0.0,0.0,0.0,0.0,0.0,0.0,0.0,0.0,0.0,0.0,0.0,0.0,0.0,0.0,0.0,0.0,0.0,0.0,0.0,0.0,0.0,7.12e-05,0.0,0.0,0.0,0.0,0.0,0.0,0.0,0.0,0.0,0.0,0.0,0.0,0.0,0.0,0.0,0.0,0.0,0.0,0.0,0.0,0.0,0.0,0.0,0.0,0.0,0.0,0.0,0.0,0.0,0.0,0.0,0.0,0.0,0.0,0.0,0.0,0.0,0.0,0.0,0.0,0.0,0.0,0.0,0.0,0.0,0.0,0.0,0.0,0.0,0.0,0.0,0.0,0.0,0.0,0.0,0.0,0.0,0.0,0.0,0.0,0.0,0.0,0.0,0.0,0.0,0.0,0.0,0.0,0.0,0.0,0.0,0.0,0.0,0.0,0.0,0.0,0.0,0.0,0.0,0.0,0.0,0.0,0.0,0.0,0.0,0.0,0.0,0.0,0.0,0.0,0.0,0.0,0.0,0.0,0.0,0.0,0.0,0.0,0.0,0.0,0.0,0.0,0.0,0.0,0.0,0.0,0.0,0.0,0.0,0.0,0.0,0.0,0.0,0.0,0.0,0.0,0.0,0.0,0.0,0.0,0.0,0.0,0.0,0.0,0.0,0.0,0.0,0.0,0.0,0.0,0.0,0.0,0.0,0.0,0.0,0.0,0.0,0.0,0.0,0.0,0.0,0.0,0.0,0.0,0.0,0.0,0.0,0.0,0.0,0.0,0.0,0.0,0.0,0.0,0.0,0.0,0.0,0.0,0.0,0.0,0.0,0.0,0.0,0.0,0.0,0.0,0.0,0.0,0.0,0.0,0.0,0.0,0.0,0.0,0.0,0.0,0.0,0.0,0.0,0.0,0.0,0.0,0.0,0.0,0.0,0.0,0.0,0.0,0.0,0.0,0.0,0.0,0.0,0.0,0.0,0.0,0.0,0.0,0.0,0.0,0.0,0.0,0.0,0.0,0.0,0.0,0.0,0.0,0.0,0.0
SRR12478759,0.89774041,0.020914346,0.000315292,0.000105097,0.000420389,0.000105097,0.000105097,0.0,0.000840778,0.000525486,0.0,0.0,0.000315292,0.000105097,0.000105097,0.000210194,0.000105097,0.0,0.0,0.0,0.0,0.000525486,0.0,0.0,0.000210194,0.0,0.0,0.0,0.0,0.000105097,0.000105097,0.000210194,0.000105097,0.0,0.000315292,0.000525486,0.0,0.0,0.0,0.0,0.0,0.0,0.0,0.0,0.0,0.0,0.013347346,0.0,0.000105097,0.0,0.000420389,0.0,0.000210194,0.0,0.0,0.0,0.0,0.0,0.0,0.00189175,0.033631109,0.000630583,0.000525486,0.002942722,0.001156069,0.003573305,0.0,0.000315292,0.000840778,0.0,0.0,0.0,0.000210194,0.00262743,0.0,0.000210194,0.0,0.0,0.0,0.0,0.000210194,0.0,0.0,0.0,0.0,0.0,0.0,0.000105097,0.0,0.0,0.0,0.0,0.0,0.0,0.0,0.0,0.0,0.0,0.0,0.0,0.0,0.0,0.0,0.0,0.0,0.0,0.0,0.0,0.0,0.0,0.0,0.0,0.000210194,0.0,0.0,0.0,0.0,0.0,0.0,0.0,0.000105097,0.0,0.000105097,0.0,0.0,0.0,0.0,0.000105097,0.001471361,0.000945875,0.000210194,0.0,0.0,0.0,0.0,0.0,0.0,0.000105097,0.0,0.0,0.0,0.000105097,0.000315292,0.0,0.0,0.0,0.0,0.0,0.0,0.0,0.0,0.0,0.000105097,0.0,0.0,0.0,0.0,0.0,0.0,0.0,0.0,0.0,0.0,0.0,0.0,0.0,0.0,0.0,0.0,0.0,0.0,0.0,0.0,0.0,0.0,0.0,0.000105097,0.0,0.0,0.0,0.0,0.0,0.0,0.0,0.0,0.0,0.0,0.0,0.0,0.0,0.0,0.0,0.0,0.0,0.0,0.0,0.000105097,0.0,0.0,0.000525486,0.000315292,0.0,0.0,0.0,0.0,0.0,0.0,0.0,0.0,0.0,0.0,0.0,0.0,0.0,0.0,0.0,0.0,0.0,0.0,0.0,0.0,0.0,0.0,0.0,0.0,0.0,0.0,0.0,0.0,0.000630583,0.0,0.002312139,0.000945875,0.0,0.0,0.000210194,0.0,0.0,0.0,0.000210194,0.0,0.0,0.0,0.0,0.0,0.0,0.0,0.0,0.0,0.0,0.0,0.0,0.0,0.0,0.0,0.0,0.0,0.0,0.0,0.0,0.0,0.0,0.0,0.0,0.0,0.0,0.000210194,0.0,0.0,0.0,0.0,0.0,0.0,0.0,0.0,0.000105097,0.0,0.0,0.0,0.0,0.0,0.0,0.0,0.0,0.0,0.001471361,0.0,0.0,0.0,0.000105097,0.000105097,0.0,0.000315292,0.0,0.0,0.0,0.0,0.0,0.0,0.0,0.0,0.0,0.0,0.0,0.0,0.0,0.0,0.0,0.0,0.0,0.0,0.0,0.0,0.0,0.0,0.0,0.0,0.0,0.0,0.0,0.0,0.0,0.0,0.0,0.0,0.0,0.0,0.000420389,0.0,0.0,0.0,0.000105097,0.0,0.0,0.0,0.000105097,0.000105097,0.0,0.0,0.0,0.0,0.0,0.0,0.0,0.0,0.0,0.0,0.0,0.0,0.0,0.0,0.0,0.0,0.0,0.0,0.000210194,0.0,0.0,0.000105097,0.0,0.0,0.0,0.000105097,0.0,0.0,0.0,0.0,0.0,0.0,0.0,0.0,0.0,0.000105097,0.0,0.0,0.0,0.0,0.0,0.0,0.0,0.0,0.0,0.0,0.0,0.0,0.0,0.0,0.000105097,0.0,0.0,0.0,0.0,0.0,0.0,0.0,0.0,0.0,0.0,0.0,0.0,0.0,0.0,0.0,0.0,0.0,0.0,0.0,0.0,0.0,0.0,0.0,0.0,0.0,0.0,0.0,0.0,0.0,0.0,0.0,0.0,0.0,0.0,0.0,0.0,0.0,0.0,0.0,0.0,0.0,0.0,0.0,0.0,0.0,0.0,0.0,0.0,0.0,0.0,0.0,0.0,0.0,0.000105097,0.0,0.0,0.0,0.0,0.0,0.0,0.0,0.0,0.0,0.0,0.0,0.0,0.0,0.0,0.0,0.0,0.0,0.0,0.0,0.0,0.0,0.0,0.0,0.0,0.0,0.0,0.0,0.0,0.0,0.0,0.0,0.0,0.0,0.0,0.0,0.0,0.0,0.0,0.0,0.000105097,0.0,0.0,0.0,0.0,0.0,0.0,0.0,0.0,0.0,0.0,0.0,0.0,0.0,0.0,0.0,0.0,0.0,0.0,0.0,0.0,0.0,0.0,0.0,0.0,0.0,0.0,0.0,0.0,0.0,0.0,0.0,0.0,0.0,0.0,0.0,0.0,0.0,0.0,0.0,0.0,0.0,0.0,0.0,0.0,0.0,0.0,0.0,0.0,0.0,0.0,0.0,0.0,0.0,0.0,0.0,0.0,0.0,0.0,0.0,0.0,0.0,0.0,0.0,0.0,0.0,0.0,0.0,0.0,0.0,0.0,0.0,0.0,0.0,0.0,0.0,0.0,0.0,0.0,0.0,0.0,0.0,0.0,0.0,0.0,0.0,0.0,0.0,0.0,0.0,0.0,0.0,0.0,0.0,0.0,0.0,0.0,0.0,0.0,0.0,0.0,0.0,0.0,0.0,0.0,0.0,0.0,0.0,0.0,0.0,0.0,0.0,0.0,0.0,0.0,0.0,0.0,0.0,0.0,0.0,0.0,0.0,0.0,0.0,0.0,0.0,0.0,0.0,0.0,0.0,0.0,0.0,0.0,0.0,0.0,0.0,0.0,0.0,0.0,0.0,0.0,0.0,0.0,0.0,0.0,0.0,0.0,0.0,0.0,0.0,0.0,0.0,0.0,0.0,0.0,0.0,0.0,0.0,0.0,0.0,0.0,0.0,0.0,0.0,0.0,0.0,0.0,0.0,0.0,0.0,0.0,0.0,0.0,0.0,0.0,0.0,0.0,0.0,0.0,0.0,0.0,0.0,0.0,0.0,0.0,0.0,0.0,0.0,0.0,0.0,0.0,0.0,0.0,0.0,0.0,0.0,0.0,0.0
SRR12478760,0.849083216,0.016257145,0.0,0.0,0.000445401,0.0,7.42e-05,7.42e-05,0.083883899,0.004973647,0.001410437,0.000222701,0.001336204,0.000296934,0.000148467,0.000222701,0.0,0.0,7.42e-05,0.000296934,0.0,0.003414743,0.001410437,0.002227006,0.002227006,0.0,0.0,7.42e-05,0.003340509,0.0,0.0,0.022641229,7.42e-05,0.000148467,0.0,0.000148467,0.0,0.0,0.0,0.0,7.42e-05,0.0,7.42e-05,0.0,0.0,0.0,7.42e-05,0.000148467,0.001336204,0.000296934,0.0,0.0,0.0,0.0,0.0,0.0,0.0,0.0,0.0,0.000148467,7.42e-05,0.0,0.0,0.0,0.000148467,0.0,0.0,0.000593868,0.0,0.0,0.0,0.0,0.0,0.0,0.0,0.0,0.0,0.0,0.000222701,0.0,0.000148467,0.0,0.0,0.000371168,0.0,0.0,0.000296934,7.42e-05,0.0,0.0,0.0,0.0,0.0,0.0,7.42e-05,0.0,0.0,0.0,0.0,0.0,0.0,0.0,0.0,0.0,0.0,0.0,0.0,0.0,0.0,0.0,0.0,0.0,0.0,7.42e-05,0.0,0.000148467,0.0,0.0,0.0,0.0,7.42e-05,0.0,0.0,0.0,0.0,0.0,0.0,0.0,0.0,0.0,0.0,0.0,0.0,0.0,0.0,7.42e-05,0.0,0.0,0.0,0.0,0.0,0.0,0.0,0.0,0.0,0.0,0.0,0.0,0.0,0.0,0.0,0.0,0.0,0.0,0.0,0.0,0.0,0.0,0.0,0.000519635,0.0,0.0,0.0,0.0,0.0,0.0,0.0,0.0,0.0,0.0,0.0,0.0,0.0,0.0,0.0,0.0,0.0,0.0,0.0,0.0,0.0,0.0,0.0,0.0,0.0,0.0,0.0,0.0,0.0,0.0,0.0,0.0,0.0,0.0,0.0,0.0,0.0,7.42e-05,0.0,0.0,0.0,0.0,0.0,0.0,0.0,0.0,0.0,7.42e-05,0.0,0.0,0.0,0.0,0.0,0.0,0.0,0.0,0.0,0.0,0.0,0.0,0.0,0.0,0.0,0.0,0.0,0.0,0.0,0.0,0.0,0.0,0.0,0.0,0.0,0.0,0.0,0.0,0.0,0.0,0.0,0.0,0.0,0.0,0.0,0.0,0.0,0.0,0.0,0.0,0.0,0.0,0.0,0.0,0.000148467,0.0,0.0,0.0,0.0,0.0,0.0,0.0,0.0,0.0,0.0,0.0,0.0,0.0,0.0,0.0,0.0,0.0,0.0,0.0,0.0,0.0,0.0,0.0,0.0,0.0,0.0,0.0,0.0,0.0,0.0,0.0,7.42e-05,0.0,0.0,0.0,0.0,0.0,0.0,0.0,0.0,0.0,0.0,0.0,0.0,0.0,0.0,0.0,0.0,0.0,0.0,0.0,0.0,0.0,0.0,0.0,0.0,0.0,0.0,0.0,0.0,0.0,0.0,0.0,0.0,0.0,0.0,0.0,0.0,0.0,0.0,0.0,0.0,0.0,0.0,0.0,0.0,0.0,0.0,7.42e-05,0.0,0.0,0.0,0.0,0.0,0.0,0.0,0.0,0.0,0.0,0.0,0.0,0.0,0.0,0.0,0.0,0.0,0.0,0.0,0.0,0.0,0.0,0.0,0.0,0.0,0.0,0.0,0.0,0.0,0.0,0.0,0.0,0.0,0.0,0.0,0.0,0.0,0.0,0.0,0.0,0.0,0.0,0.0,0.0,0.0,0.0,0.0,0.0,0.0,0.0,0.0,0.0,0.0,0.0,0.0,0.0,0.0,0.0,0.0,0.0,0.0,0.0,0.0,0.0,0.0,0.0,0.0,0.0,0.0,0.0,0.0,0.0,0.0,0.0,0.0,0.0,0.0,0.0,0.0,0.0,0.0,0.0,0.0,0.0,0.0,0.0,0.0,0.0,0.0,0.0,0.0,0.0,0.0,0.0,0.0,0.0,0.0,0.0,0.0,0.0,0.0,0.0,0.0,0.0,0.0,0.0,0.0,0.0,0.0,0.0,0.0,0.0,0.0,0.0,0.0,0.0,0.0,0.0,0.0,0.0,0.0,0.0,0.0,0.0,0.0,0.0,0.0,0.0,0.0,0.0,0.0,0.0,0.0,0.0,0.0,0.0,0.0,0.0,0.0,0.0,0.0,0.0,0.0,0.0,0.0,0.0,0.0,0.0,0.0,0.0,0.0,0.0,0.0,0.0,0.0,0.0,0.0,0.0,0.0,0.0,0.0,0.0,0.0,0.0,0.0,0.0,0.0,0.0,0.0,0.0,0.0,0.0,0.0,0.0,0.0,0.0,0.0,0.0,0.0,0.0,0.0,0.0,0.0,0.0,0.0,0.0,0.0,0.0,0.0,0.0,0.0,0.0,0.0,0.0,0.0,0.0,0.0,0.0,0.0,0.0,0.0,0.0,0.0,0.0,0.0,0.0,0.0,0.0,0.0,0.0,0.0,0.0,0.0,0.0,0.0,0.0,0.0,0.0,0.0,0.0,0.0,0.0,0.0,0.0,0.0,0.0,0.0,0.0,0.0,0.0,0.0,0.0,0.0,0.0,0.0,0.0,0.0,0.0,0.0,0.0,0.0,0.0,0.0,0.0,0.0,0.0,0.0,0.0,0.0,0.0,0.0,0.0,0.0,0.0,0.0,0.0,0.0,0.0,0.0,0.0,0.0,0.0,0.0,0.0,0.0,0.0,0.0,0.0,0.0,0.0,0.0,0.0,0.0,0.0,0.0,0.0,0.0,0.0,0.0,0.0,0.0,0.0,0.0,0.0,0.0,0.0,0.0,0.0,0.0,0.0,0.0,0.0,0.0,0.0,0.0,0.0,0.0,0.0,0.0,0.0,0.0,0.0,0.0,0.0,0.0,0.0,0.0,0.0,0.0,0.0,0.0,0.0,0.0,0.0,0.0,0.0,0.0,0.0,0.0,0.0,0.0,0.0,0.0,0.0,0.0,0.0,0.0,0.0,0.0,0.0,0.0,0.0,0.0,0.0,0.0,0.0,0.0,0.0,0.0,0.0,0.0,0.0,0.0,0.0,0.0,0.0,0.0
SRR12478761,0.006956759,0.246010094,0.004024008,0.0,0.0,0.0,0.000750239,6.82e-05,0.268244441,0.007434184,0.001977902,0.001091256,0.007979812,0.000613832,6.82e-05,0.004774246,0.000682035,0.000136407,0.000341018,0.00115946,0.000545628,0.00252353,0.003069158,0.076183331,0.000682035,0.0,0.0,0.000341018,0.008116219,0.000409221,0.0,0.01336789,0.0,6.82e-05,0.000613832,0.00136407,6.82e-05,0.0,0.0,0.000341018,6.82e-05,0.0,0.000409221,0.0,0.0,0.0,0.000272814,6.82e-05,0.0,0.000545628,0.0,6.82e-05,0.0,0.000477425,0.000682035,0.008798254,6.82e-05,0.0,0.0,0.000886646,0.00115946,0.000409221,0.000204611,0.000136407,0.000613832,0.000204611,6.82e-05,0.00484245,0.000954849,0.0,0.000204611,0.0,0.000477425,0.000613832,0.000409221,0.0,6.82e-05,0.0,0.001841495,0.000204611,6.82e-05,6.82e-05,0.0,0.001705088,0.0,0.000818442,0.001500477,0.000272814,0.0,0.0,0.0,0.007024962,0.000272814,0.000545628,0.013436093,0.0,0.002250716,0.0,0.0,0.000477425,0.0,0.0,0.0,6.82e-05,0.0,6.82e-05,0.000477425,0.0,0.0,0.000341018,0.000272814,0.0,0.000682035,0.000750239,0.0,0.000136407,6.82e-05,0.0,0.0,6.82e-05,0.000409221,0.0,0.000341018,0.0,0.000204611,0.0,0.0,0.000409221,0.001568681,6.82e-05,6.82e-05,0.0,0.0,0.0,0.0,0.0,6.82e-05,0.000136407,6.82e-05,6.82e-05,0.0,6.82e-05,0.0,6.82e-05,0.0,0.275542218,0.0,6.82e-05,0.0,6.82e-05,0.0,0.000136407,6.82e-05,0.0,0.0,0.000886646,0.0,0.0,0.0,0.0,0.0,0.0,0.0,0.0,0.0,0.0,0.0,0.0,6.82e-05,6.82e-05,0.0,0.0,6.82e-05,0.0,0.000136407,0.0,0.0,0.000136407,0.0,0.0,0.0,0.0,0.0,0.0,0.0,6.82e-05,0.000136407,6.82e-05,0.0,0.0,0.0,0.0,6.82e-05,0.0,0.0,0.0,0.0,0.0,0.0,0.000136407,0.0,0.0,0.0,0.0,0.0,0.0,0.0,0.0,0.0,0.0,0.0,0.0,0.0,0.0,0.0,6.82e-05,0.0,0.0,0.0,0.0,0.0,0.0,0.0,6.82e-05,0.0,0.0,0.0,6.82e-05,0.0,0.0,0.0,0.0,6.82e-05,0.0,0.0,6.82e-05,0.0,0.0,0.0,0.0,6.82e-05,6.82e-05,0.0,0.0,0.0,0.0,0.0,6.82e-05,0.0,0.0,0.0,0.0,0.0,0.0,0.0,0.0,0.0,0.0,0.0,0.0,0.000204611,0.0,0.0,0.000136407,6.82e-05,0.0,0.0,0.000204611,0.0,0.0,0.0,0.0,0.0,0.0,0.0,0.0,0.0,0.0,0.0,0.0,0.0,0.0,0.0,0.0,6.82e-05,0.0,0.0,0.0,0.0,0.0,0.0,0.0,0.0,0.0,0.0,0.0,0.0,0.0,0.0,0.0,0.0,0.0,0.0,0.0,0.0,0.0,0.0,0.0,0.0,0.0,0.0,0.0,0.000136407,0.0,0.0,0.0,0.0,0.0,0.0,0.0,0.000136407,0.0,0.0,0.0,0.0,0.0,0.0,0.0,0.0,0.0,0.0,6.82e-05,0.0,0.0,0.0,0.000204611,0.0,0.0,0.0,0.0,0.0,0.0,0.0,0.0,6.82e-05,0.0,0.0,0.0,0.0,0.0,0.0,0.0,0.0,0.0,0.0,6.82e-05,0.0,0.0,0.0,6.82e-05,0.0,0.0,0.0,0.0,0.0,0.0,0.0,0.0,6.82e-05,0.0,0.0,0.0,0.0,0.0,0.0,0.0,0.0,0.0,0.0,0.0,0.0,0.0,0.0,0.0,0.0,0.0,0.0,0.0,0.0,0.0,0.0,0.0,0.0,0.0,0.0,0.0,0.0,0.0,0.0,0.0,0.0,0.0,0.0,0.0,6.82e-05,6.82e-05,0.0,0.0,0.0,0.0,0.0,0.0,0.0,0.0,0.0,0.0,0.0,0.0,0.0,0.0,0.0,0.0,0.0,0.0,0.0,0.0,0.0,0.0,0.0,0.0,0.0,0.0,0.0,0.0,0.0,0.0,0.0,0.0,6.82e-05,0.0,0.0,0.0,0.0,0.0,0.0,0.0,0.0,0.0,0.0,0.0,0.0,0.0,0.0,0.0,0.0,0.0,0.0,0.0,0.0,0.0,0.0,0.0,0.0,0.0,0.0,0.0,0.0,0.0,0.0,0.0,0.0,0.0,0.0,0.0,0.0,0.0,0.0,0.0,0.0,0.0,0.0,0.0,0.0,0.0,0.0,0.0,0.0,0.0,0.0,0.0,0.0,0.0,0.0,0.0,0.0,0.0,0.0,0.0,0.0,0.0,0.0,0.0,0.0,0.0,0.0,0.0,0.0,0.0,0.0,0.0,0.0,0.0,0.0,0.0,0.0,0.0,0.0,0.0,0.0,0.0,0.0,0.0,0.0,0.0,6.82e-05,0.0,0.0,0.0,0.0,0.0,0.0,0.0,0.0,0.0,0.0,0.0,0.0,0.0,0.0,0.0,0.0,0.0,0.0,0.0,0.0,0.0,0.0,0.0,0.000136407,0.0,0.0,0.0,0.0,0.0,0.0,0.0,0.000136407,0.0,0.0,0.0,0.0,0.0,0.0,0.0,0.0,0.0,0.0,0.0,0.0,0.0,0.0,0.0,0.0,0.0,0.0,0.0,0.0,0.0,0.0,0.0,0.0,0.0,0.0,0.0,0.0,0.0,0.0,0.0,0.0,0.0,0.0,0.0,0.0,0.0,0.0,0.0,0.0,0.0,0.0,0.0,0.0,0.0,0.0,0.0,0.0,0.0,0.0,0.0,0.0,0.0,0.0,0.0,0.0,0.0,0.0,0.0,0.0,0.0,0.0,0.0,0.0,0.0,0.0,0.0,0.0,0.0,0.0,0.0,0.0,0.0,0.0,0.0,0.0,0.0,0.0,0.0,0.0,0.0,0.0,0.0,0.0,0.0,0.0,0.0,0.0,0.0,0.0,0.0,0.0,0.0,0.0,0.0,0.0,0.0,0.0,0.0,0.0,0.0,0.0,0.0,0.0,0.0,0.0,0.0,0.0,0.0,0.0,0.0,0.0,0.0,0.0,0.0,0.0,0.0,0.0,0.0,0.0,0.0,0.0
SRR12478762,0.007352257,0.852396463,0.052861796,0.0,9.31e-05,0.0,0.000465333,0.0,0.007724523,0.001209865,9.31e-05,0.0,0.002326664,9.31e-05,9.31e-05,0.0002792,0.002512797,0.0,0.0,0.0,0.0,0.000372266,9.31e-05,0.001395998,9.31e-05,0.0,0.0,0.0,0.000465333,0.0,0.0,0.0,0.0002792,0.0,0.000372266,0.001768264,0.0,0.0,0.0,0.0,0.0,0.0,0.0,0.0,0.0,0.0,0.000186133,0.0,9.31e-05,0.0,9.31e-05,0.0,0.000558399,9.31e-05,0.0,9.31e-05,0.0,0.0,0.0,0.002512797,0.021870638,0.002512797,0.000465333,0.001489065,0.002047464,0.001768264,0.0,9.31e-05,0.0,0.0,0.0,0.0,0.0,0.001582131,0.0,0.0002792,0.0,0.0,9.31e-05,0.0,0.002233597,9.31e-05,9.31e-05,0.000465333,0.0,9.31e-05,0.0,9.31e-05,0.0,0.0,0.0,0.001023732,0.000465333,0.0,0.005304793,9.31e-05,0.0,0.0,0.0,0.0,0.0,9.31e-05,9.31e-05,0.0,0.0,0.0,0.0,0.0,0.0,0.0,9.31e-05,0.0,0.0,9.31e-05,0.0,0.0,0.0,0.0,0.0,0.0,0.000558399,0.0,0.0,0.0,0.0,0.0,0.0,0.000186133,0.002047464,0.000837599,9.31e-05,0.0,0.0,0.0,0.0,0.004187994,0.0,9.31e-05,0.0,0.0,0.0,0.000372266,9.31e-05,0.0,0.0,0.0,0.0,0.0,0.0,0.0,0.0,0.000744532,0.0002792,9.31e-05,0.0,0.0,0.0,0.0,0.0,0.0,0.0,0.0,0.0,9.31e-05,0.0,0.0,0.0,0.000186133,0.0,0.000186133,0.0,0.0,0.0,0.0,9.31e-05,0.0,0.0,0.0,0.0,0.0,0.0,0.0,0.0,0.0,0.0,0.0,0.0,0.000186133,0.0,0.0,0.0,0.0,0.0,0.0,0.0,0.0,0.0,0.0,9.31e-05,0.001302932,0.0,0.0,0.0,0.0,0.0,0.0,0.0,0.0,0.0,0.0,0.0,0.0,0.0,0.0,0.0,0.0,0.0,0.0,0.0,0.0,0.0,0.0,0.0,0.0,0.0,0.0,0.0,9.31e-05,0.0,0.0002792,0.0,0.001302932,0.000744532,0.0,0.0,0.000372266,0.0,0.0,0.0,0.0,0.0,0.0,0.0,0.0,0.0,0.0,0.0,0.0,0.0,0.0,0.0,0.0,0.0,0.0,0.0,0.0,9.31e-05,0.0,0.0,0.0,0.0,0.0,0.0,9.31e-05,0.0,0.0,9.31e-05,0.0,0.0,9.31e-05,0.0,0.0,0.0,0.0,0.0,9.31e-05,0.0,0.0,0.0,0.0,0.0,0.0,0.0,0.001489065,0.000651466,0.001209865,0.0,9.31e-05,0.0,0.0,0.0,0.0,0.000372266,0.0,0.0,0.0,0.0,0.0,0.0,0.0,0.0,0.0,0.0,9.31e-05,0.0,0.0,0.0,0.0,0.0,0.0,0.0,0.0,0.0,0.0,0.0,0.0,0.0,0.0,0.0,0.0,0.0002792,0.0,0.0,0.0,0.0,0.0,0.0,9.31e-05,0.0,0.0,0.0,0.0,0.0,0.0,0.0,0.000186133,0.0,0.0,0.0,9.31e-05,0.0,0.0,0.0,0.0,0.0,0.0,0.000186133,0.0,0.0,0.0,0.0,0.0,0.0,0.0,0.0,0.000372266,0.0,0.0,9.31e-05,0.0,0.0002792,0.0,9.31e-05,0.0,0.0,0.0,0.0,0.0,0.0,0.0,0.0,0.0,0.0,9.31e-05,0.0,0.0,9.31e-05,0.0,0.0,0.0,0.0,0.0,0.0002792,0.0,0.0,0.0,0.0,0.0,0.0,0.0,0.0,0.0,0.0,0.0,0.0,0.0,0.0,0.0,0.0,0.0,0.0,0.0,0.0,0.0,0.0,0.0,0.0,0.0,0.0,0.0,0.0,0.0,0.0,0.0,0.0,0.0,0.0,0.0,0.0,0.0,0.0,0.0,0.0,0.0,0.0,0.0,0.0,0.0,0.0,0.0,0.0,0.0,9.31e-05,0.0,0.0,0.0,9.31e-05,0.0,0.0,0.0,0.0,0.0,0.0,0.0,0.0,0.0,0.0,0.0,0.0,0.0,0.0,0.0,0.0,0.0,0.0,0.0,0.0,0.0,0.0,0.0,0.0,0.0,0.0,0.0,0.0,0.0,0.0,0.0,0.0,0.0,0.0,0.0,0.0,0.0,0.0,0.0,0.0,0.0,0.0,0.0,0.0,0.0,9.31e-05,0.0,0.0,0.0,0.0,0.0,0.0,0.0,0.0,0.0,0.0,0.0,0.0,0.0,0.0,0.0,0.0,0.0,0.0,0.0,0.0,0.0,0.0,0.0,0.0,0.0,0.0,0.0,0.0,0.0,0.0,0.0,0.0,0.0,0.0,0.0,0.0,0.0,0.0,0.0,0.0,0.0,0.0,0.0,0.0,0.0,0.0,0.0,0.0,9.31e-05,0.0,0.0,0.0,0.0,0.0,0.0,0.0,0.0,0.0,0.0,0.0,0.0,0.0,9.31e-05,0.0,0.0,0.0,0.0,0.0,0.0,0.0,0.0,0.0,0.0,0.0,0.0,0.0,0.0,0.0,0.0,0.0,0.0,0.0,0.0,0.0,0.0,0.0,0.0,0.0,0.0,0.0,0.0,0.0,0.0,0.0,0.0,0.0,0.0,0.0,0.0,0.0,0.0,0.0,0.0,0.0,0.0,0.0,0.0,0.0,0.0,0.0,0.0,0.0,0.0,0.0,0.0,0.0,0.0,0.0,0.0,0.0,0.0,0.0,0.0,0.0,0.0,0.0,0.0,0.0,0.0,0.0,0.0,0.0,0.0,0.0,0.0,0.0,0.0,0.0,0.0,0.0,0.0,0.0,0.0,0.0,0.0,0.0,0.0,0.0,0.0,0.0,0.0,0.0,0.0,0.0,0.0,0.0,0.0,0.0,0.0,0.0,0.0,0.0,0.0,0.0,0.0,0.0,0.0,0.0,0.0,0.0,0.0,0.0,0.0,0.0,0.0,0.0,0.0,0.0,0.0,0.0,0.0,0.0,0.0,0.0,0.0,0.0,0.0,0.0,0.0,0.0,0.0,0.0,0.0,0.0,0.0,0.0
SRR12478763,0.00297442,0.190164585,0.002379536,0.0,0.0,0.0,0.0,0.0,0.26690462,0.004164188,0.003172715,0.0,0.013880627,0.015070395,0.000594884,0.081895697,0.001189768,0.000198295,0.000991473,0.001586357,0.004560777,0.035098156,0.002379536,0.074757089,0.016855047,0.000396589,0.000396589,0.000594884,0.004164188,0.0,0.0,0.000198295,0.028554432,0.047987309,0.003371009,0.001388063,0.000198295,0.0,0.0,0.002181241,0.0,0.0,0.000396589,0.0,0.0,0.0,0.0,0.0,0.000198295,0.003172715,0.0,0.000198295,0.0,0.000198295,0.0,0.003172715,0.0,0.0,0.0,0.009914733,0.02082094,0.018837993,0.000594884,0.000396589,0.001388063,0.005155661,0.0,0.000198295,0.002181241,0.0,0.0,0.0,0.0,0.003569304,0.0,0.0,0.000594884,0.0,0.0,0.0,0.0,0.0,0.0,0.000594884,0.0,0.0,0.0,0.000198295,0.0,0.0,0.0,0.001586357,0.000198295,0.0,0.0,0.0,0.001586357,0.0,0.0,0.0,0.0,0.0,0.000396589,0.0,0.000396589,0.0,0.000396589,0.000198295,0.0,0.006940313,0.0,0.0,0.0,0.010509617,0.000198295,0.0,0.0,0.0,0.0,0.0,0.050366845,0.0,0.000198295,0.0,0.0,0.0,0.0,0.0,0.016458457,0.0,0.000198295,0.0,0.0,0.0,0.0,0.0,0.0,0.000198295,0.0,0.0,0.0,0.000793179,0.0,0.000396589,0.0,0.0,0.0,0.0,0.0,0.0,0.0,0.000396589,0.0,0.0,0.0,0.000793179,0.0,0.0,0.0,0.0,0.0,0.0,0.0,0.0,0.0,0.0,0.0,0.000198295,0.0,0.0,0.0,0.0,0.0,0.0,0.0,0.0,0.0,0.0,0.0,0.0,0.0,0.0,0.0,0.0,0.0,0.0,0.000198295,0.0,0.0,0.0,0.0,0.0,0.0,0.0,0.0,0.0,0.0,0.000594884,0.000198295,0.003767599,0.0,0.0,0.0,0.000396589,0.0,0.0,0.0,0.0,0.0,0.0,0.0,0.0,0.0,0.0,0.0,0.000198295,0.0,0.0,0.0,0.0,0.0,0.0,0.0,0.0,0.000396589,0.0,0.0,0.0,0.0,0.001189768,0.0,0.003371009,0.001586357,0.0,0.0,0.0,0.0,0.0,0.0,0.0,0.0,0.0,0.0,0.0,0.0,0.0,0.0,0.0,0.0,0.0,0.0,0.0,0.0,0.0,0.0,0.0,0.0,0.0,0.0,0.0,0.0,0.0,0.000198295,0.0,0.0,0.0,0.000198295,0.0,0.0,0.0,0.0,0.0,0.0,0.0,0.0,0.0,0.000198295,0.0,0.0,0.0,0.0,0.0,0.0,0.0,0.005750545,0.003767599,0.0,0.0,0.0,0.0,0.0,0.0,0.0,0.0,0.0,0.0,0.0,0.0,0.0,0.0,0.0,0.0,0.0,0.0,0.0,0.0,0.0,0.0,0.0,0.0,0.0,0.0,0.0,0.0,0.0,0.0,0.000198295,0.0,0.0,0.000198295,0.0,0.0,0.0,0.0,0.0,0.0,0.0,0.0,0.0,0.0,0.0,0.0,0.0,0.0,0.0,0.000991473,0.0,0.0,0.0,0.0,0.0,0.0,0.000198295,0.0,0.0,0.0,0.0,0.0,0.0,0.0,0.0,0.0,0.0,0.0,0.0,0.000396589,0.000396589,0.0,0.0,0.0,0.0,0.000396589,0.000793179,0.0,0.0,0.0,0.0,0.0,0.0,0.0,0.0,0.0,0.0,0.0,0.0,0.0,0.0,0.0,0.0,0.000198295,0.0,0.0,0.0,0.0,0.0,0.0,0.0,0.0,0.0,0.0,0.0,0.0,0.0,0.0,0.0,0.0,0.0,0.0,0.0,0.0,0.0,0.0,0.0,0.0,0.0,0.0,0.0,0.0,0.0,0.0,0.0,0.0,0.0,0.0,0.0,0.0,0.0,0.0,0.0,0.0,0.0,0.0,0.0,0.0,0.0,0.000198295,0.0,0.0,0.000198295,0.0,0.0,0.0,0.0,0.0,0.0,0.0,0.0,0.0,0.0,0.0,0.0,0.0,0.0,0.0,0.0,0.0,0.0,0.000793179,0.0,0.0,0.0,0.0,0.0,0.0,0.0,0.0,0.0,0.0,0.0,0.0,0.0,0.0,0.0,0.0,0.0,0.0,0.0,0.0,0.0,0.0,0.0,0.0,0.0,0.0,0.0,0.0,0.0,0.0,0.0,0.0,0.000198295,0.0,0.0,0.0,0.0,0.0,0.0,0.0,0.0,0.0,0.0,0.0,0.0,0.0,0.0,0.0,0.0,0.0,0.0,0.0,0.0,0.0,0.0,0.0,0.0,0.0,0.0,0.0,0.0,0.0,0.0,0.0,0.0,0.0,0.0,0.0,0.0,0.0,0.0,0.0,0.0,0.0,0.0,0.0,0.0,0.0,0.0,0.0,0.0,0.0,0.0,0.0,0.0,0.0,0.0,0.0,0.0,0.0,0.0,0.0,0.0,0.0,0.0,0.0,0.0,0.0,0.0,0.0,0.0,0.0,0.0,0.0,0.0,0.0,0.0,0.0,0.0,0.000198295,0.0,0.0,0.0,0.0,0.0,0.0,0.0,0.0,0.0,0.0,0.0,0.0,0.0,0.0,0.0,0.0,0.0,0.0,0.0,0.0,0.0,0.0,0.0,0.0,0.0,0.0,0.0,0.0,0.0,0.0,0.0,0.0,0.0,0.0,0.0,0.0,0.0,0.0,0.0,0.0,0.0,0.0,0.0,0.0,0.0,0.0,0.0,0.000198295,0.0,0.0,0.0,0.0,0.0,0.0,0.0,0.0,0.0,0.0,0.0,0.0,0.0,0.0,0.0,0.0,0.0,0.0,0.0,0.0,0.0,0.0,0.0,0.0,0.0,0.0,0.0,0.0,0.0,0.0,0.0,0.0,0.0,0.0,0.0,0.0,0.0,0.0,0.0,0.0,0.0,0.0,0.0,0.0,0.0,0.0,0.0,0.0,0.0,0.0,0.0,0.0,0.0,0.0,0.0,0.0,0.0,0.0,0.0,0.0,0.0,0.0,0.0,0.0,0.0,0.0,0.0,0.0,0.0,0.0,0.0,0.0,0.0
SRR12478764,0.890451084,0.01569169,0.000627668,4.18e-05,0.002678048,0.0,4.18e-05,4.18e-05,0.043978576,8.37e-05,0.000209223,0.0,0.001339024,0.000125534,0.000669512,0.000209223,8.37e-05,0.0,8.37e-05,0.000125534,0.0,0.000376601,0.000251067,0.001255335,4.18e-05,0.000125534,0.0,0.0,0.000543979,0.0,0.0,0.001213491,0.01652858,0.00928948,0.000167378,0.000292912,0.0,4.18e-05,0.0,4.18e-05,0.0,0.0,0.0,0.0,0.0,0.0,0.0,0.0,4.18e-05,4.18e-05,4.18e-05,0.0,0.0,0.0,0.0,8.37e-05,0.0,0.0,0.0,0.0,4.18e-05,8.37e-05,0.0,0.0,0.0,0.0,0.0,0.0,4.18e-05,0.0,0.0,0.0,0.0,0.0,0.0,0.0,0.0,0.0,8.37e-05,0.0,0.0,0.0,0.0,4.18e-05,0.0,0.0,0.0,0.000125534,0.0,0.0,0.0,4.18e-05,0.0,8.37e-05,8.37e-05,0.0,0.0,0.0,0.0,4.18e-05,0.0,0.0,0.0,0.0,4.18e-05,0.0,0.0,0.0,0.0,4.18e-05,0.009247636,0.0,4.18e-05,4.18e-05,0.0,0.0,0.0,0.0,4.18e-05,0.0,8.37e-05,0.0,8.37e-05,0.0,0.0,0.0,0.0,0.0,0.0,0.0,0.0,0.0,0.0,0.0,0.0,0.0,0.0,0.0,0.0,4.18e-05,0.0,8.37e-05,4.18e-05,4.18e-05,0.0,8.37e-05,0.0,0.0,0.0,4.18e-05,0.0,0.0,0.0,0.0,0.0,0.0,0.0,0.0,0.0,0.0,0.0,0.0,0.0,0.0,0.0,0.0,0.0,0.0,0.0,0.0,0.0,0.0,0.0,0.0,0.0,0.0,0.0,0.0,0.0,0.0,0.0,0.0,0.0,4.18e-05,0.0,0.0,4.18e-05,0.0,0.0,0.0,0.0,0.0,0.0,0.0,0.0,0.0,0.0,0.0,0.0,0.0,0.0,0.0,0.0,0.0,0.0,0.0,0.0,0.0,0.0,0.0,0.0,0.0,0.0,0.0,0.0,0.0,0.0,0.0,0.0,0.0,0.0,0.0,0.0,0.0,0.0,0.0,0.0,4.18e-05,0.0,0.0,0.0,4.18e-05,0.0,0.0,0.0,0.0,0.0,0.0,0.0,0.0,4.18e-05,0.0,0.0,0.0,0.0,0.0,0.0,4.18e-05,0.0,0.0,0.0,0.0,0.0,4.18e-05,0.0,0.0,0.0,0.0,0.0,0.0,0.0,0.0,0.0,0.0,0.0,0.0,0.0,0.0,0.0,0.0,0.0,0.0,0.0,0.0,0.0,0.0,0.0,0.0,0.0,0.0,0.0,0.0,0.0,0.0,0.0,0.0,0.0,0.0,0.0,0.0,0.0,0.0,0.0,0.0,0.0,4.18e-05,0.0,0.0,0.0,0.0,0.0,0.0,0.0,0.0,0.0,8.37e-05,0.0,0.0,0.0,0.0,0.0,0.0,0.0,0.0,0.0,0.0,0.0,0.0,0.0,0.0,0.0,0.0,0.0,0.0,0.0,0.0,0.0,0.0,0.0,0.0,0.0,0.0,0.0,0.0,0.0,0.0,0.0,0.0,0.0,0.0,0.0,0.0,0.0,0.0,0.0,0.0,0.0,0.0,0.0,0.0,0.0,0.0,0.0,0.0,0.0,0.0,0.0,0.0,0.0,0.0,0.0,0.0,0.0,0.0,0.0,0.0,0.0,0.0,0.0,0.0,0.0,0.0,0.0,0.0,0.0,0.0,0.0,0.0,0.0,0.001883003,0.0,0.0,0.0,0.0,0.0,0.0,0.0,0.0,0.0,0.0,0.0,0.0,0.0,0.0,0.0,0.0,0.0,0.0,0.0,0.0,0.0,0.0,0.0,0.0,0.0,0.0,0.0,0.0,0.0,0.0,0.0,0.0,0.0,0.0,0.0,0.0,0.0,0.0,0.0,4.18e-05,0.0,0.0,0.0,0.0,0.0,0.0,0.0,0.0,0.0,0.0,0.0,0.0,0.0,0.0,0.0,0.0,0.0,0.0,0.0,0.0,0.0,0.0,0.0,0.0,0.0,0.0,0.0,0.0,0.0,0.0,0.0,0.0,0.0,0.0,0.0,0.0,0.0,0.0,0.0,0.0,0.0,0.0,0.0,0.0,0.0,0.0,0.0,0.0,0.0,0.0,0.0,0.0,0.0,0.0,0.0,0.0,0.0,0.0,0.0,0.0,0.0,0.0,0.0,0.0,0.0,0.0,0.0,0.0,0.0,0.0,0.0,0.0,0.0,0.0,0.0,0.0,0.0,0.0,0.0,0.0,0.0,0.0,0.0,0.0,0.0,0.0,0.0,0.0,0.0,0.000167378,0.0,0.0,0.0,0.0,0.0,0.0,0.0,0.0,0.0,0.0,0.0,0.0,0.0,0.0,0.0,0.0,0.0,0.0,0.0,0.0,0.0,0.0,0.0,0.0,0.0,0.0,0.0,0.0,0.0,0.0,0.0,0.0,0.0,0.0,0.0,0.0,0.0,0.0,0.0,0.0,0.0,0.0,0.0,0.0,0.0,0.0,0.0,0.0,0.0,0.0,0.0,0.0,0.0,0.0,0.0,0.0,0.0,0.0,0.0,0.0,0.0,0.0,0.0,0.0,0.0,0.0,0.0,0.0,0.0,0.0,0.0,0.0,0.0,0.0,0.0,0.0,0.0,0.0,0.0,0.0,0.0,0.0,0.0,0.0,0.0,0.0,0.0,0.0,0.0,0.0,0.0,0.0,0.0,0.0,0.0,0.0,0.0,0.0,0.0,0.0,0.0,0.0,0.0,0.0,0.0,0.0,0.0,0.0,0.0,0.0,0.0,0.0,0.0,0.0,0.0,0.0,0.0,0.0,0.0,0.0,0.0,0.0,0.0,0.0,0.0,0.0,0.0,0.0,0.0,0.0,0.0,0.0,0.0,0.0,0.0,0.0,0.0,0.0,0.0,0.0,0.0,0.0,0.0,0.0,0.0,0.0,0.0,0.0,0.0,0.0,0.0,0.0,0.0,0.0,0.0,0.0,0.0,0.0,0.0,0.0,0.0,0.0,0.0,0.0,0.0,0.0,0.0,0.0,0.0
SRR12478765,0.979828439,0.006967825,0.000175659,2.93e-05,2.93e-05,0.0,0.0,0.0,0.000585532,5.86e-05,0.0,5.86e-05,8.78e-05,5.86e-05,0.0,8.78e-05,2.93e-05,0.0,0.0,0.0,0.0,2.93e-05,5.86e-05,0.000556255,2.93e-05,0.0,0.0,0.0,8.78e-05,0.0,0.0,5.86e-05,8.78e-05,0.0,2.93e-05,0.000117106,0.0,0.0,0.0,0.0,0.0,0.0,0.0,0.0,0.0,0.0,0.0,0.0,0.0,0.0,0.0,0.0,0.0,0.0,0.0,0.0,0.0,0.0,0.0,0.000263489,0.00529906,0.000146383,0.000117106,0.000439149,0.000439149,0.000702638,2.93e-05,2.93e-05,0.0,0.0,0.0,0.0,0.0,0.000263489,0.0,0.0,0.0,0.0,0.0,2.93e-05,2.93e-05,2.93e-05,0.0,0.0,0.0,0.0,2.93e-05,0.0,0.0,0.0,0.0,5.86e-05,0.0,0.0,0.0,0.0,0.0,0.0,0.0,0.0,0.0,0.0,0.0,0.0,2.93e-05,0.0,0.0,0.0,0.0,0.0,0.0,0.0,0.0,0.0,0.0,0.0,0.0,0.0,0.0,0.0,5.86e-05,0.0,0.0,0.0,0.0,0.0,0.0,2.93e-05,0.000380595,0.000292766,0.0,0.0,0.0,0.0,0.0,5.86e-05,0.0,5.86e-05,0.0,0.0,0.0,0.000204936,0.0,2.93e-05,0.0,5.86e-05,0.0,0.0,0.0,0.0,0.0,0.0,0.0,0.0,0.0,0.0,0.0,0.0,0.0,0.0,0.0,0.0,0.0,0.0,0.0,2.93e-05,0.0,0.0,0.0,0.0,0.0,0.0,0.0,0.0,0.0,0.0,0.0,0.0,0.0,0.0,2.93e-05,0.0,0.0,0.0,0.0,0.0,0.0,0.0,0.0,0.0,0.0,0.0,0.0,0.0,0.0,0.0,0.0,0.0,2.93e-05,0.000234213,2.93e-05,0.0,0.0,0.0,0.0,0.0,0.0,0.0,0.0,0.0,0.0,0.0,0.0,0.0,0.0,0.0,0.0,0.0,0.0,0.0,0.0,0.0,0.0,0.0,2.93e-05,0.0,0.0,0.0,0.0,0.000146383,5.86e-05,0.000175659,0.0,0.0,0.0,8.78e-05,0.0,0.0,0.0,5.86e-05,0.0,0.0,0.0,0.0,0.0,0.0,0.0,0.0,0.0,0.0,0.0,2.93e-05,0.0,2.93e-05,0.0,0.0,0.0,0.0,0.0,0.0,0.0,0.0,0.0,0.0,0.0,0.0,2.93e-05,0.0,0.0,0.0,0.0,0.0,2.93e-05,0.0,0.0,0.0,0.0,0.0,0.0,0.0,0.0,0.0,0.0,0.0,5.86e-05,0.000322042,0.0,0.0,0.0,2.93e-05,0.0,0.0,0.0,0.0,0.0,0.0,0.0,0.0,0.0,0.0,0.0,0.0,0.0,0.0,0.0,0.0,0.0,0.0,0.0,0.0,0.0,0.0,0.0,0.0,0.0,0.0,0.0,0.0,0.0,0.0,0.0,0.0,0.0,0.0,0.0,0.0,0.0,2.93e-05,0.0,0.0,0.0,0.0,0.0,0.0,0.0,0.000146383,0.0,0.0,0.0,0.0,0.0,0.0,0.0,0.0,0.0,0.0,0.0,0.0,0.0,0.0,0.0,0.0,2.93e-05,0.0,0.0,0.0,0.0,0.0,0.0,0.0,2.93e-05,0.0,0.0,0.0,0.0,0.0,0.0,0.0,0.0,0.0,0.0,0.0,0.0,0.0,0.0,0.0,0.0,0.0,0.0,0.0,0.0,0.0,0.0,0.0,0.0,0.0,0.0,0.0,0.0,0.0,0.0,0.0,0.0,0.0,0.0,0.0,0.0,0.0,0.0,0.0,0.0,0.0,0.0,0.0,0.0,0.0,0.0,0.0,0.0,0.0,0.0,0.0,0.0,0.0,0.0,0.0,0.0,0.0,0.0,0.0,0.0,0.0,0.0,0.0,0.0,0.0,0.0,0.0,0.0,0.0,0.0,0.0,0.0,0.0,0.0,0.0,0.0,0.0,0.0,0.0,0.0,2.93e-05,0.0,0.0,0.0,0.0,0.0,2.93e-05,0.0,0.0,0.0,0.0,0.0,0.0,0.0,0.0,0.0,0.0,5.86e-05,0.0,0.0,0.0,0.0,0.0,0.0,0.0,0.0,0.0,0.0,0.0,0.0,0.0,0.0,0.0,0.0,0.0,0.0,0.0,0.0,0.0,0.0,0.0,0.0,0.0,0.0,0.0,0.0,0.0,0.0,0.0,0.0,0.0,0.0,0.0,0.0,0.0,0.0,0.0,0.0,0.0,0.0,0.0,0.0,0.0,0.0,0.0,0.0,0.0,0.0,0.0,0.0,0.0,0.0,0.0,0.0,0.0,0.0,0.0,0.0,0.0,0.0,0.0,0.0,0.0,0.0,0.0,0.0,0.0,0.0,0.0,0.0,0.0,0.0,0.0,0.0,0.0,0.0,0.0,0.0,0.0,0.0,0.0,0.0,0.0,0.0,0.0,0.0,0.0,2.93e-05,0.0,0.0,0.0,0.0,0.0,0.0,0.0,0.0,0.0,0.0,0.0,0.0,0.0,0.0,0.0,0.0,0.0,0.0,0.0,0.0,0.0,0.0,0.0,0.0,0.0,0.0,0.0,0.0,0.0,0.0,0.0,0.0,0.0,0.0,0.0,0.0,0.0,0.0,0.0,0.0,0.0,0.0,0.0,2.93e-05,0.0,0.0,0.0,0.0,0.0,0.0,0.0,0.0,0.0,0.0,0.0,0.0,0.0,0.0,0.0,0.0,0.0,0.0,0.0,0.0,0.0,0.0,0.0,0.0,0.0,0.0,0.0,0.0,0.0,0.0,0.0,0.0,0.0,0.0,0.0,0.0,0.0,0.0,0.0,0.0,0.0,0.0,0.0,0.0,0.0,0.0,0.0,0.0,0.0,0.0,0.0,0.0,0.0,0.0,0.0,0.0,0.0,0.0,0.0,0.0,0.0,0.0,0.0,0.0,0.0,0.0,0.0,0.0,0.0,0.0,0.0,0.0,0.0,0.0,0.0,0.0,0.0,0.0,0.0,0.0,0.0,0.0,0.0,0.0,0.0,0.0
SRR12478766,0.70652713,0.032486856,0.001487948,9.92e-05,0.002628707,4.96e-05,0.0,4.96e-05,0.11506795,0.006100585,0.003571074,0.000991965,0.007439738,0.001091162,0.000198393,0.003719869,0.001339153,0.0,0.000347188,9.92e-05,0.000595179,0.005307013,0.000148795,0.023360778,0.0,9.92e-05,0.0,0.000545581,0.0198889,0.0,0.0,0.023311179,0.011705188,0.001785537,0.000247991,0.000247991,0.0,0.0,0.0,4.96e-05,0.0,0.0,0.002727904,0.0,0.0,4.96e-05,0.000892769,0.000545581,0.000198393,0.000247991,0.0,0.0,0.0,0.0,0.0,4.96e-05,9.92e-05,0.0,0.0,0.000892769,0.000446384,0.000347188,0.000198393,4.96e-05,9.92e-05,0.0,9.92e-05,0.003174288,4.96e-05,9.92e-05,0.0,0.0,0.000347188,9.92e-05,0.0,0.0,0.0,0.0,0.002182323,4.96e-05,0.000148795,0.0,0.0,0.00540621,0.0,0.001289555,0.000247991,4.96e-05,0.0,0.0,0.0,0.001835135,0.0,0.00029759,4.96e-05,0.0,4.96e-05,4.96e-05,0.0,0.0,4.96e-05,9.92e-05,9.92e-05,0.000148795,0.000198393,0.0,4.96e-05,4.96e-05,0.0,4.96e-05,4.96e-05,0.0,9.92e-05,0.000396786,0.0,0.000148795,0.0,0.0,0.0,9.92e-05,0.002430314,0.0,0.000198393,0.0,9.92e-05,0.0,0.0,0.000148795,0.000148795,0.0,4.96e-05,0.0,0.0,0.0,9.92e-05,0.000991965,0.0,4.96e-05,0.0,0.0,0.0,9.92e-05,0.0,0.0,0.0,0.0,0.0,9.92e-05,0.0,0.0,0.0,0.0,0.0,0.0,4.96e-05,0.0,0.0,0.0,0.0,0.0,4.96e-05,0.0,0.0,0.0,0.0,0.0,0.0,0.0,4.96e-05,0.0,0.0,0.0,0.000247991,0.0,9.92e-05,0.0,0.0,0.0,0.0,0.0,0.0,4.96e-05,0.0,0.0,0.0,0.0,9.92e-05,0.0,0.0,0.0,0.0,0.0,0.0,0.0,0.0,0.0,0.0,0.0,0.0,4.96e-05,0.0,0.0,0.0,0.0,9.92e-05,0.0,4.96e-05,0.0,0.0,0.0,0.0,0.0,0.0,0.0,0.0,0.0,0.0,0.0,0.0,0.0,0.0,0.0,0.0,0.0,0.0,0.0,0.0,0.0,0.0,0.0,0.0,0.0,4.96e-05,0.0,0.0,0.0,0.0,0.0,0.0,0.0,0.0,0.0,0.0,0.0,0.0,0.0,0.0,0.0,0.0,0.0,0.0,0.0,0.0,0.0,0.0,0.0,0.0,0.0,0.0,0.0,0.0,0.0,0.0,0.0,0.0,0.0,0.0,0.0,0.0,0.0,0.0,0.0,0.0,0.0,0.0,0.0,0.0,0.0,0.0,0.0,0.0,0.0,0.0,0.0,4.96e-05,0.0,0.0,0.0,0.0,0.0,0.0,0.0,0.0,0.0,0.0,0.0,0.0,0.0,0.0,0.0,0.0,0.0,0.0,0.0,0.0,0.0,0.0,0.0,0.0,0.0,0.0,0.0,0.0,0.0,0.0,0.0,4.96e-05,0.0,0.0,0.0,0.0,0.0,0.0,0.0,0.0,0.0,0.0,0.0,0.0,0.0,0.0,0.0,0.0,0.0,0.0,0.0,0.0,0.0,0.0,0.0,0.0,0.0,0.0,0.0,0.0,0.0,0.0,0.0,0.0,0.0,0.0,0.0,0.0,0.0,0.0,0.0,0.0,0.0,0.0,0.0,0.0,0.0,0.0,0.0,0.0,0.0,0.0,0.0,4.96e-05,0.0,0.0,0.0,0.0,0.0,0.0,0.0,0.0,0.0,0.0,0.0,0.0,0.0,0.0,0.0,0.0,0.0,0.0,4.96e-05,0.0,0.0,0.0,0.0,0.0,0.0,0.0,0.0,0.0,0.0,0.0,0.0,0.0,0.0,0.0,0.0,0.0,0.0,0.0,0.0,0.0,0.0,0.0,0.0,0.0,0.0,0.0,0.0,0.0,0.0,0.0,0.0,0.0,0.0,0.0,0.0,0.0,0.0,0.0,0.0,0.0,0.0,0.0,0.0,0.0,0.0,0.0,0.0,0.0,0.0,0.0,0.0,0.0,0.0,0.0,0.0,0.0,0.0,0.0,0.0,0.0,0.0,0.0,0.0,0.0,0.0,0.0,0.0,0.0,0.0,0.0,0.0,0.0,0.0,0.0,0.0,0.0,0.0,0.0,0.0,0.0,0.0,0.0,0.0,0.0,0.0,0.0,0.0,0.0,0.0,0.0,0.0,0.0,0.0,0.0,0.0,0.0,0.0,0.0,0.0,0.0,0.0,0.0,0.0,0.0,0.0,0.0,0.0,0.0,0.0,0.0,0.0,0.0,0.0,0.0,0.0,0.0,0.0,0.0,0.0,0.0,0.0,0.0,0.0,0.0,0.0,0.0,0.0,0.0,0.0,0.0,0.0,0.0,0.0,0.0,0.0,0.0,0.0,0.0,0.0,0.0,0.0,0.0,0.0,0.0,0.0,0.0,0.0,0.0,0.0,0.0,0.0,0.0,0.0,0.0,0.0,0.0,0.0,0.0,0.0,0.0,0.0,0.0,0.0,0.0,0.0,0.0,0.0,0.0,0.0,0.0,0.0,0.0,0.0,0.0,0.0,0.0,0.0,0.0,0.0,0.0,0.0,0.0,0.0,0.0,0.0,0.0,0.0,0.0,0.0,0.0,0.0,0.0,0.0,0.0,0.0,0.0,0.0,0.0,0.0,0.0,0.0,0.0,0.0,0.0,0.0,0.0,0.0,0.0,0.0,0.0,0.0,0.0,0.0,0.0,0.0,0.0,0.0,0.0,0.0,0.0,0.0,0.0,0.0,0.0,0.0,0.0,0.0,0.0,0.0,0.0,0.0,0.0,0.0,0.0,0.0,0.0,0.0,0.0,0.0,0.0,0.0,0.0,0.0,0.0,0.0,0.0,0.0,0.0,0.0,0.0,0.0,0.0,0.0,0.0,0.0,0.0,0.0,0.0,0.0,0.0,0.0,0.0,0.0,0.0,0.0,0.0,0.0,0.0,0.0,0.0,0.0,0.0,0.0,0.0,0.0,0.0,0.0,0.0,0.0,0.0,0.0,0.0,0.0,0.0,0.0,0.0,0.0,0.0,0.0,0.0
SRR12478767,0.144042167,0.437138166,0.001641752,8.64e-05,0.011578675,0.0,0.000604856,0.0,0.109651776,0.011837899,0.012701979,0.001036896,0.006480601,0.003283505,0.000172816,0.003456321,0.001036896,0.001036896,0.011751491,8.64e-05,0.000259224,0.009072842,0.000345632,0.030588439,8.64e-05,0.000259224,0.0,0.001814568,0.06670699,8.64e-05,0.000345632,0.007690314,0.000259224,0.001555344,0.0021602,0.00086408,0.0,0.0,0.0,8.64e-05,8.64e-05,0.0,0.004838849,0.0,0.0,0.000172816,0.003542729,0.000172816,8.64e-05,0.002246608,0.000691264,0.0,0.000345632,0.000518448,0.0,0.005443705,8.64e-05,0.0,0.0,0.00129612,0.033439903,0.000518448,0.000259224,0.0021602,0.001382528,0.004233993,8.64e-05,0.001036896,0.00086408,0.000259224,8.64e-05,0.0,0.000259224,0.001555344,0.0,8.64e-05,0.0,0.0,8.64e-05,0.000345632,0.000259224,0.0,0.0,0.002419425,0.0,0.003542729,0.001036896,0.000259224,0.0,0.0,0.0,0.003197097,8.64e-05,0.00172816,0.00043204,0.0,0.0,0.0,0.0,0.00043204,8.64e-05,0.000259224,0.000345632,8.64e-05,0.000345632,0.0,0.00043204,8.64e-05,0.0,0.000345632,0.000172816,0.0,0.000259224,0.005616521,0.0,0.000950488,0.0,0.0,8.64e-05,0.000518448,0.0,0.0,0.001468936,0.0,0.000345632,0.0,0.0,8.64e-05,0.002505833,0.000777672,0.000172816,0.0,0.0,8.64e-05,0.0,0.000172816,0.0,0.000172816,0.0,0.0,8.64e-05,0.00872721,8.64e-05,0.0,0.0,0.0,0.0,0.000172816,0.0,0.0,0.0,0.0,8.64e-05,0.0,0.0,8.64e-05,8.64e-05,0.0,8.64e-05,0.0,0.0,0.0,0.0,0.0,8.64e-05,0.0,0.0,8.64e-05,0.000345632,0.0,0.0,0.0,0.000172816,0.0,0.0,0.0,0.0,0.0,8.64e-05,0.0,0.0,0.0,0.0,0.0,0.0,0.0,0.0,0.0,0.0,0.0,0.000345632,0.0,8.64e-05,0.0,0.0,0.0,0.0,0.0,0.0,0.001036896,8.64e-05,0.0,0.0,0.0,0.00129612,0.0,0.0,0.0,0.0,0.0,8.64e-05,0.0,0.0,0.0,0.0,8.64e-05,0.0,0.000259224,0.0,0.0,0.0,0.000172816,8.64e-05,0.0,0.0,0.000777672,0.0,0.0,0.0,0.00043204,0.0,0.001468936,0.00086408,0.0,0.0,8.64e-05,0.0,0.0,0.0,0.000172816,0.0,0.0,0.0,0.0,8.64e-05,0.0,0.0,0.0,0.0,0.0,0.0,0.0,0.0,0.0,0.0,0.0,0.0,0.0,0.0,8.64e-05,0.0,0.0,0.0,8.64e-05,0.0,0.0,0.000172816,0.0,0.0,0.0,8.64e-05,0.0,0.000259224,0.0,0.0,8.64e-05,0.0,0.0,0.0,0.0,8.64e-05,0.0,0.0,8.64e-05,0.0,0.0021602,0.0,0.0,0.0,0.0,0.0,0.0,0.0,0.0,0.0,0.0,0.0,0.0,0.0,0.0,0.0,0.000518448,0.0,0.0,0.0,0.000172816,0.0,0.000172816,0.0,0.0,0.0,0.0,0.0,0.0,0.0,0.0,0.0,0.0,0.0,0.0,8.64e-05,0.0,0.0,0.0,0.0,0.0,0.0,0.0,0.0,0.0,0.0,0.0,0.0,0.0,0.0,0.000172816,8.64e-05,0.0,0.0,0.0,0.0,0.0,8.64e-05,0.000259224,0.0,0.0,8.64e-05,0.0,0.0,0.0,0.0,0.0,0.0,0.0,0.0,8.64e-05,0.0,0.0,0.00043204,0.0,0.0,0.0,0.0,0.0,0.0,0.0,0.0,0.0,0.000259224,0.0,0.0,0.0,0.0,0.000259224,0.0,0.0,0.0,0.0,0.0,0.000777672,0.0,0.0,0.0,0.0,0.0,0.0,0.0,0.0,0.0,0.0,0.0,0.0,0.0,0.0,0.0,0.0,0.0,0.0,0.0,0.0,0.0,0.0,0.0,0.0,0.0,0.0,0.0,0.0,0.0,0.0,0.0,0.0,0.0,0.0,0.0,0.0,0.0,0.0,0.0,0.0,0.0,0.0,8.64e-05,0.0,0.0,0.0,0.0,0.0,0.0,0.0,0.0,0.0,0.0,0.0,0.0,0.0,0.0,0.0,0.0,0.0,0.0,8.64e-05,8.64e-05,0.0,0.0,8.64e-05,0.0,0.0,0.0,0.0,0.0,0.0,0.0,0.0,0.0,0.0,0.0,0.0,0.0,0.0,0.0,0.0,8.64e-05,0.0,0.0,0.0,0.0,0.0,0.0,0.0,0.0,8.64e-05,0.0,0.0,0.0,0.0,0.0,0.0,0.0,0.0,0.0,0.0,0.0,0.0,0.0,0.0,0.0,0.0,0.000259224,0.0,0.0,0.0,0.0,0.0,0.0,0.0,0.0,0.0,0.0,0.0,0.0,0.0,8.64e-05,0.0,0.0,0.0,0.0,0.0,0.0,0.0,0.0,0.0,0.0,0.0,0.0,0.0,8.64e-05,0.0,0.0,0.0,0.0,0.0,0.0,0.0,0.0,0.0,0.0,0.0,0.0,0.0,0.0,0.0,0.0,8.64e-05,0.0,0.0,0.0,0.0,0.0,0.0,0.0,0.0,0.0,0.0,0.0,0.0,0.0,0.0,0.0,0.0,0.0,0.0,0.0,0.0,0.0,0.0,0.0,0.0,0.0,0.0,0.0,0.0,0.0,0.0,0.0,0.0,0.0,0.0,0.0,0.0,0.0,0.0,0.0,0.0,0.0,0.0,0.0,0.0,0.0,0.0,0.0,0.0,0.0,0.0,0.0,0.0,0.0,0.0,0.0,0.0,0.0,0.0,0.0,0.0,0.0,0.0,0.0,0.0,0.0,0.0,0.0,0.0,0.0,0.0,0.0,0.0,0.0,0.0,0.0,0.0,0.0,0.0,0.0,0.0,0.0,0.0,0.0,0.0,0.0,0.0,0.0,0.0,0.0,0.0,0.0,0.0,0.0,0.0,0.0,0.0,0.0,0.0,0.0,0.0,0.0,0.0,0.0,0.0,0.0,0.0,0.0,0.0,0.0,0.0,0.0,0.0,0.0,0.0,0.0,0.0,0.0,0.0,0.0,0.0,0.0,0.0,0.0,0.0,0.0,0.0,0.0,0.0,0.0,0.0,0.0,0.0,0.0,0.0,0.0,0.0,0.0,0.0,0.0,0.0,0.0,0.0,0.0,0.0,0.0
SRR12478768,0.007615508,0.402237283,0.009911092,7.29e-05,7.29e-05,7.29e-05,0.000182189,0.0,0.243295438,0.014065005,0.005210611,0.010056843,0.018401108,0.009255211,0.000437254,0.008307827,0.002259146,0.000583005,0.000400816,0.002842151,0.000765195,0.008781519,0.009328086,0.045547296,0.001421076,0.000801632,3.64e-05,0.001202449,0.024376913,0.000182189,0.0,0.011732984,0.000109314,3.64e-05,0.000692319,0.000765195,0.000218627,0.0,0.0,0.000655881,0.0,0.0,0.000692319,0.0,0.0,0.001676141,0.003825973,0.0,0.000255065,0.001311762,0.000327941,3.64e-05,3.64e-05,3.64e-05,0.0,0.000728757,0.0,0.0,0.0,0.000218627,0.001056697,0.000546568,7.29e-05,0.0,7.29e-05,0.000109314,0.0,3.64e-05,0.003498032,3.64e-05,3.64e-05,0.0,7.29e-05,7.29e-05,0.0,3.64e-05,3.64e-05,0.0,0.002149832,0.001093135,0.00353447,0.000109314,0.000145751,0.00976534,0.0,0.0,0.001457513,0.000145751,0.0,0.0,0.0,0.075863577,7.29e-05,0.004408978,0.000109314,0.000182189,0.004955546,0.0,3.64e-05,0.000583005,0.000255065,0.000327941,0.000182189,0.001056697,0.000291503,0.0,0.000400816,7.29e-05,0.0,7.29e-05,0.002368459,0.0,0.000145751,0.000109314,0.0,0.001166011,0.0,3.64e-05,0.0,0.0,0.000109314,0.0,0.002878589,0.0,0.000655881,0.0,0.0,0.0,0.000218627,7.29e-05,7.29e-05,0.0,3.64e-05,0.000109314,3.64e-05,0.0,3.64e-05,0.000145751,0.0,3.64e-05,7.29e-05,0.002477773,3.64e-05,0.008052762,0.0,0.0,0.000728757,0.000218627,0.0,0.0,0.0,0.000291503,0.0,7.29e-05,7.29e-05,0.000109314,0.0,3.64e-05,0.0,0.0,0.0,0.0,0.0,0.00320653,0.0,7.29e-05,3.64e-05,0.0,0.0,0.0,0.0,0.0,3.64e-05,0.0,0.0,0.0,3.64e-05,3.64e-05,0.0040446,0.0,0.0,7.29e-05,0.0,0.0,0.0,0.0,0.0,0.0,0.0,0.0,0.0,0.0,7.29e-05,0.000109314,3.64e-05,0.0,0.0,0.0,0.0,0.0,0.0,3.64e-05,3.64e-05,0.0,0.002040519,0.0,0.0,0.0,0.0,3.64e-05,0.0,0.0,0.0,0.0,0.0,0.000109314,0.0,0.0,0.0,0.0,0.0,0.0,0.0,3.64e-05,0.000255065,0.0,3.64e-05,3.64e-05,0.0,0.0,3.64e-05,7.29e-05,3.64e-05,3.64e-05,3.64e-05,0.000109314,0.0,0.0,0.0,0.0,0.0,0.0,0.0,0.0,0.0,0.0,0.0,3.64e-05,0.0,0.0,3.64e-05,0.0,0.000255065,3.64e-05,0.0,0.0,0.0,0.0,0.0,0.0,0.0,0.0,0.000109314,0.000109314,3.64e-05,0.0,0.0,0.0,0.0,0.0,3.64e-05,0.0,0.0,0.0,0.0,0.0,0.000473692,0.0,0.0,0.0,0.0,3.64e-05,3.64e-05,0.0,3.64e-05,7.29e-05,0.000109314,0.0,3.64e-05,3.64e-05,0.0,3.64e-05,0.0,0.0,0.0,0.0,0.0,0.0,0.0,0.0,0.0,0.0,0.0,0.0,0.0,0.0,0.0,7.29e-05,0.0,0.0,3.64e-05,3.64e-05,0.0,0.0,0.0,3.64e-05,0.0,0.0,0.0,0.0,0.000327941,0.0,0.0,0.0,0.0,3.64e-05,0.0,0.0,3.64e-05,0.0,0.0,0.0,0.0,0.0,0.0,0.000400816,0.0,3.64e-05,0.0,0.0,0.0,3.64e-05,0.0,0.0,0.0,0.0,3.64e-05,0.0,0.0,0.0,0.0,0.0,0.0,0.0,0.0,3.64e-05,3.64e-05,0.000109314,0.0,3.64e-05,0.0,0.0,0.0,0.0,0.000473692,0.0,0.0,0.0,0.0,3.64e-05,0.0,0.0,0.0,0.0,0.000109314,0.0,0.0,0.0,0.0,0.0,7.29e-05,0.0,7.29e-05,0.0,3.64e-05,0.0,0.0,0.0,0.0,0.0,0.0,0.0,0.0,0.0,0.0,0.0,0.0,0.0,0.0,0.0,0.0,0.0,0.0,7.29e-05,0.0,0.0,0.0,0.0,0.0,0.0,0.0,3.64e-05,0.0,0.0,3.64e-05,0.0,0.0,0.0,0.0,0.0,0.0,0.0,0.0,0.0,0.0,7.29e-05,0.0,0.0,0.0,0.0,0.0,0.0,0.0,0.0,0.0,0.0,0.0,0.0,0.0,0.0,0.0,0.0,0.0,0.0,0.0,0.0,0.0,3.64e-05,0.0,0.0,0.0,0.0,0.0,0.0,0.0,0.0,0.0,3.64e-05,0.0,0.0,0.0,0.0,7.29e-05,0.0,0.0,0.0,0.0,3.64e-05,0.0,0.0,0.0,0.0,0.0,0.0,0.0,0.0,0.0,0.0,0.0,0.0,0.0,0.0,0.0,0.0,0.0,0.0,0.0,0.0,0.0,0.0,3.64e-05,0.0,0.0,0.0,0.0,0.0,0.0,0.0,0.0,0.0,0.0,0.0,0.0,0.0,0.0,0.0,0.0,0.0,0.0,0.0,0.0,0.0,0.0,0.0,0.0,0.0,0.0,0.0,0.0,0.0,0.0,0.0,0.0,0.000255065,0.0,0.0,0.0,0.0,0.0,0.0,0.0,0.0,0.0,0.0,0.0,0.0,0.0,0.0,0.0,0.0,0.0,0.0,0.0,0.0,0.0,0.0,0.0,0.0,0.0,0.0,0.0,0.0,0.0,0.0,0.0,0.0,0.0,0.0,3.64e-05,0.0,0.0,0.0,0.0,0.0,0.0,0.0,0.0,0.0,0.0,0.0,0.0,0.0,0.0,0.0,0.0,0.0,0.0,0.0,0.0,0.0,0.0,0.0,0.0,0.0,0.0,0.0,0.0,0.0,0.0,0.0,0.0,0.0,3.64e-05,0.0,0.0,3.64e-05,0.0,0.0,0.0,0.0,0.0,0.0,3.64e-05,0.0,0.0,0.0,0.0,0.0,0.0,0.0,0.0,0.0,0.0,0.0,0.0,0.0,0.0,3.64e-05,3.64e-05,3.64e-05,3.64e-05,3.64e-05,7.29e-05,3.64e-05,3.64e-05,3.64e-05,0.0,0.0,0.0,0.0,0.0,0.0,0.0,0.0,0.0,0.0,0.0,0.0,0.0,0.0,0.0,0.0,0.0,0.0,0.0,0.0,0.0,0.0,0.0,0.0,0.0,0.0,0.0,0.0,0.0,0.0,0.0,0.0,0.0,0.0,0.0,0.0,0.0,0.0,0.0,0.0,0.0,0.0,0.0,0.0,0.0,0.0,0.0,0.0,0.0,0.0,0.0,0.0,0.0
SRR12478770,0.82099796,0.048043035,0.001391208,0.000556483,0.001994064,0.000278242,4.64e-05,9.27e-05,0.040391393,0.002689668,0.001112966,0.0,0.004219996,0.002179559,0.000139121,0.016879985,0.000278242,4.64e-05,0.000139121,0.0,4.64e-05,0.005101094,0.000463736,0.014283064,0.000139121,0.000139121,0.0,0.000139121,0.00129846,4.64e-05,0.0,0.00542571,0.0,0.001762196,0.007327027,0.001715823,0.000231868,0.0,0.0,0.0,4.64e-05,0.0,0.0,0.0,0.0,4.64e-05,0.0,0.0,0.000231868,0.000834725,0.0,0.0,0.000278242,4.64e-05,0.0,4.64e-05,0.0,0.0,0.0,4.64e-05,0.000324615,0.0,0.0,0.0,0.0,4.64e-05,0.0,0.0,0.00064923,0.0,0.0,0.0,0.0,9.27e-05,0.0,0.0,0.0,0.0,9.27e-05,0.0,0.003199777,0.0,0.0,0.000741977,0.0,0.0,0.0,0.000788351,0.0,0.0,0.0,0.000788351,9.27e-05,4.64e-05,4.64e-05,0.0,0.000788351,0.0,0.0,0.000139121,4.64e-05,0.0,0.0,0.0,9.27e-05,0.0,0.0,0.0,0.0,0.000278242,0.001901317,0.0,4.64e-05,0.005889445,0.0,0.0,0.0,0.0,0.0,0.0,0.000139121,0.0,4.64e-05,0.0,0.0,0.0,0.0,0.0,9.27e-05,0.0,0.0,0.0,0.0,4.64e-05,0.0,0.000231868,4.64e-05,0.0,0.0,0.0,0.0,9.27e-05,0.0,0.0,0.0,9.27e-05,0.0,0.0,0.0,0.0,9.27e-05,0.0,9.27e-05,0.0,0.0,0.0,0.0,0.000417362,0.0,0.0,0.0,0.0,0.0,0.0,0.0,0.0,0.0,0.0,0.0,0.0,0.0,0.0,0.0,0.0,0.0,0.0,0.0,0.0,0.0,0.0,0.0,4.64e-05,0.0,0.0,0.0,9.27e-05,9.27e-05,0.0,0.0,0.0,0.0,0.0,0.0,0.0,4.64e-05,0.0,0.0,0.0,0.0,0.0,0.0,0.0,0.0,0.0,0.0,0.0,4.64e-05,0.0,0.0,0.0,0.0,0.0,0.0,0.0,0.0,9.27e-05,0.0,0.0,0.0,0.0,0.0,0.0,0.0,0.0,9.27e-05,0.0,0.0,9.27e-05,0.0,4.64e-05,0.0,4.64e-05,0.0,0.0,0.0,0.0,0.0,0.0,0.0,0.0,0.0,0.0,0.0,0.0,0.0,0.0,0.0,0.0,0.0,0.0,0.0,0.0,0.0,0.0,0.0,0.0,0.0,0.0,0.0,0.0,0.0,0.0,0.0,0.0,0.0,0.0,0.0,0.0,0.0,0.0,0.0,0.0,0.0,0.0,0.0,0.0,0.0,0.0,0.0,0.0,0.0,0.0,0.0,0.0,4.64e-05,0.0,0.0,0.0,0.0,0.0,0.0,0.0,0.0,0.0,0.0,0.0,0.0,0.0,4.64e-05,0.0,0.0,4.64e-05,0.0,0.0,0.0,0.0,0.0,0.0,0.0,0.0,0.0,4.64e-05,0.0,0.0,0.0,0.0,0.0,0.0,0.0,0.0,0.0,0.0,0.0,0.0,0.0,0.0,0.0,0.0,0.0,0.0,0.0,0.0,0.0,0.0,0.0,0.0,0.0,0.0,0.0,0.0,0.0,0.0,0.0,0.0,0.0,0.0,0.0,0.0,0.0,0.0,0.0,0.0,0.0,0.0,0.0,0.0,0.0,0.0,0.0,0.0,0.0,0.0,4.64e-05,0.0,0.0,0.0,0.0,0.0,0.0,0.0,0.0,0.0,0.0,0.0,0.0,0.0,0.0,0.0,0.0,9.27e-05,0.0,0.0,0.0,0.0,0.0,0.0,0.0,0.0,0.0,0.0,0.0,0.0,0.0,0.0,0.0,0.0,0.0,0.0,0.0,0.0,0.0,0.0,0.0,0.0,4.64e-05,0.0,0.0,0.0,0.0,0.0,0.0,0.0,0.0,0.0,4.64e-05,0.0,0.0,0.0,0.0,0.0,0.0,0.0,0.0,0.0,0.0,0.0,0.0,0.0,0.0,0.0,0.0,0.0,0.0,0.0,0.0,0.0,0.0,0.0,0.0,0.0,0.0,0.0,0.0,0.0,0.0,0.0,0.0,0.0,0.0,0.0,0.0,0.0,0.0,0.0,0.0,0.0,0.0,0.0,0.0,0.0,0.0,0.0,0.0,0.0,0.0,0.0,0.0,0.0,0.0,0.0,4.64e-05,0.0,0.0,0.0,0.0,0.0,0.0,0.0,0.0,0.0,0.0,0.0,0.0,0.0,0.0,0.0,0.0,0.0,0.0,0.0,0.0,0.0,0.0,0.0,0.0,0.0,0.0,0.0,0.0,0.0,0.0,0.0,0.0,0.0,0.0,0.0,0.0,0.0,0.0,0.0,0.0,0.0,0.0,0.0,0.0,0.0,0.0,0.0,0.0,0.0,0.0,0.0,0.0,0.0,0.0,0.0,0.0,0.0,0.0,0.0,0.0,0.0,0.0,0.0,0.0,0.0,0.0,0.0,0.0,0.0,0.0,0.0,0.0,0.0,0.0,0.0,0.0,0.0,0.0,0.0,0.0,0.0,0.0,0.0,0.0,0.0,0.0,0.0,0.0,0.0,0.0,0.0,0.0,0.0,0.0,0.0,0.0,0.0,4.64e-05,0.0,0.0,0.0,0.0,0.0,0.0,0.0,0.0,0.0,0.0,0.0,0.0,0.0,0.0,0.0,0.0,0.0,0.0,0.0,0.0,0.0,0.0,0.0,0.0,0.0,0.0,0.0,0.0,0.0,0.0,0.0,0.0,0.0,0.0,0.0,0.0,0.0,0.0,4.64e-05,0.0,0.0,0.0,0.0,0.0,0.0,0.0,0.0,0.0,0.0,0.0,0.0,0.0,0.0,0.0,0.0,0.0,0.0,0.0,0.0,4.64e-05,4.64e-05,0.0,0.0,0.0,0.0,0.0,0.0,0.0,0.0,0.0,0.0,0.0,0.0,0.0,0.0,0.0,0.0,0.0,0.0,0.0,0.0,0.0,0.0,0.0,0.0,0.0,0.0,0.0,0.0,0.0,0.0,0.0,0.0,0.0,0.0,0.0,0.0,0.0,0.0,0.0,0.0,0.0,0.0,0.0,0.0,0.0,0.0,0.0,0.0,0.0
SRR12478772,0.285714286,0.0,0.0,0.0,0.0,0.0,0.0,0.0,0.142857143,0.0,0.0,0.0,0.0,0.0,0.0,0.0,0.0,0.0,0.0,0.0,0.0,0.0,0.0,0.0,0.0,0.0,0.0,0.0,0.0,0.0,0.0,0.0,0.142857143,0.0,0.0,0.0,0.0,0.0,0.0,0.0,0.0,0.0,0.0,0.0,0.0,0.0,0.0,0.0,0.0,0.0,0.0,0.0,0.0,0.0,0.0,0.0,0.0,0.0,0.0,0.0,0.0,0.0,0.0,0.0,0.0,0.0,0.0,0.0,0.0,0.0,0.0,0.0,0.0,0.0,0.0,0.0,0.0,0.0,0.0,0.0,0.0,0.0,0.0,0.0,0.0,0.0,0.0,0.0,0.0,0.0,0.0,0.0,0.0,0.0,0.0,0.0,0.0,0.0,0.0,0.0,0.0,0.0,0.0,0.0,0.0,0.0,0.0,0.0,0.0,0.0,0.0,0.0,0.0,0.0,0.0,0.0,0.0,0.0,0.0,0.0,0.0,0.0,0.0,0.0,0.0,0.0,0.0,0.0,0.0,0.0,0.0,0.0,0.0,0.0,0.0,0.0,0.0,0.0,0.0,0.0,0.0,0.428571429,0.0,0.0,0.0,0.0,0.0,0.0,0.0,0.0,0.0,0.0,0.0,0.0,0.0,0.0,0.0,0.0,0.0,0.0,0.0,0.0,0.0,0.0,0.0,0.0,0.0,0.0,0.0,0.0,0.0,0.0,0.0,0.0,0.0,0.0,0.0,0.0,0.0,0.0,0.0,0.0,0.0,0.0,0.0,0.0,0.0,0.0,0.0,0.0,0.0,0.0,0.0,0.0,0.0,0.0,0.0,0.0,0.0,0.0,0.0,0.0,0.0,0.0,0.0,0.0,0.0,0.0,0.0,0.0,0.0,0.0,0.0,0.0,0.0,0.0,0.0,0.0,0.0,0.0,0.0,0.0,0.0,0.0,0.0,0.0,0.0,0.0,0.0,0.0,0.0,0.0,0.0,0.0,0.0,0.0,0.0,0.0,0.0,0.0,0.0,0.0,0.0,0.0,0.0,0.0,0.0,0.0,0.0,0.0,0.0,0.0,0.0,0.0,0.0,0.0,0.0,0.0,0.0,0.0,0.0,0.0,0.0,0.0,0.0,0.0,0.0,0.0,0.0,0.0,0.0,0.0,0.0,0.0,0.0,0.0,0.0,0.0,0.0,0.0,0.0,0.0,0.0,0.0,0.0,0.0,0.0,0.0,0.0,0.0,0.0,0.0,0.0,0.0,0.0,0.0,0.0,0.0,0.0,0.0,0.0,0.0,0.0,0.0,0.0,0.0,0.0,0.0,0.0,0.0,0.0,0.0,0.0,0.0,0.0,0.0,0.0,0.0,0.0,0.0,0.0,0.0,0.0,0.0,0.0,0.0,0.0,0.0,0.0,0.0,0.0,0.0,0.0,0.0,0.0,0.0,0.0,0.0,0.0,0.0,0.0,0.0,0.0,0.0,0.0,0.0,0.0,0.0,0.0,0.0,0.0,0.0,0.0,0.0,0.0,0.0,0.0,0.0,0.0,0.0,0.0,0.0,0.0,0.0,0.0,0.0,0.0,0.0,0.0,0.0,0.0,0.0,0.0,0.0,0.0,0.0,0.0,0.0,0.0,0.0,0.0,0.0,0.0,0.0,0.0,0.0,0.0,0.0,0.0,0.0,0.0,0.0,0.0,0.0,0.0,0.0,0.0,0.0,0.0,0.0,0.0,0.0,0.0,0.0,0.0,0.0,0.0,0.0,0.0,0.0,0.0,0.0,0.0,0.0,0.0,0.0,0.0,0.0,0.0,0.0,0.0,0.0,0.0,0.0,0.0,0.0,0.0,0.0,0.0,0.0,0.0,0.0,0.0,0.0,0.0,0.0,0.0,0.0,0.0,0.0,0.0,0.0,0.0,0.0,0.0,0.0,0.0,0.0,0.0,0.0,0.0,0.0,0.0,0.0,0.0,0.0,0.0,0.0,0.0,0.0,0.0,0.0,0.0,0.0,0.0,0.0,0.0,0.0,0.0,0.0,0.0,0.0,0.0,0.0,0.0,0.0,0.0,0.0,0.0,0.0,0.0,0.0,0.0,0.0,0.0,0.0,0.0,0.0,0.0,0.0,0.0,0.0,0.0,0.0,0.0,0.0,0.0,0.0,0.0,0.0,0.0,0.0,0.0,0.0,0.0,0.0,0.0,0.0,0.0,0.0,0.0,0.0,0.0,0.0,0.0,0.0,0.0,0.0,0.0,0.0,0.0,0.0,0.0,0.0,0.0,0.0,0.0,0.0,0.0,0.0,0.0,0.0,0.0,0.0,0.0,0.0,0.0,0.0,0.0,0.0,0.0,0.0,0.0,0.0,0.0,0.0,0.0,0.0,0.0,0.0,0.0,0.0,0.0,0.0,0.0,0.0,0.0,0.0,0.0,0.0,0.0,0.0,0.0,0.0,0.0,0.0,0.0,0.0,0.0,0.0,0.0,0.0,0.0,0.0,0.0,0.0,0.0,0.0,0.0,0.0,0.0,0.0,0.0,0.0,0.0,0.0,0.0,0.0,0.0,0.0,0.0,0.0,0.0,0.0,0.0,0.0,0.0,0.0,0.0,0.0,0.0,0.0,0.0,0.0,0.0,0.0,0.0,0.0,0.0,0.0,0.0,0.0,0.0,0.0,0.0,0.0,0.0,0.0,0.0,0.0,0.0,0.0,0.0,0.0,0.0,0.0,0.0,0.0,0.0,0.0,0.0,0.0,0.0,0.0,0.0,0.0,0.0,0.0,0.0,0.0,0.0,0.0,0.0,0.0,0.0,0.0,0.0,0.0,0.0,0.0,0.0,0.0,0.0,0.0,0.0,0.0,0.0,0.0,0.0,0.0,0.0,0.0,0.0,0.0,0.0,0.0,0.0,0.0,0.0,0.0,0.0,0.0,0.0,0.0,0.0,0.0,0.0,0.0,0.0
SRR12478773,0.793800478,0.008031404,0.000225601,0.0,4.51e-05,0.0,0.0,0.0,0.095835401,0.005233948,0.000225601,0.000180481,0.002887696,0.001263367,0.000270721,0.004466904,0.000541443,0.000270721,9.02e-05,0.000676804,0.000135361,0.015070162,0.001037766,0.024003971,0.000225601,0.000135361,0.0,0.0,0.001443848,4.51e-05,0.0,9.02e-05,0.02197356,0.003023056,0.001353607,0.001624329,0.0,0.0,0.0,0.000406082,0.0,0.0,0.0,0.0,0.0,0.0,0.003068177,0.0,0.0,0.000767044,0.0,0.0,0.0,0.0,0.0,0.00184993,0.0,4.51e-05,0.0,0.000270721,0.000541443,0.000180481,4.51e-05,0.0,9.02e-05,4.51e-05,0.0,0.000631683,0.000496323,0.0,0.0,0.0,0.000180481,0.0,0.0,0.0,9.02e-05,0.0,0.000135361,0.0,0.0,0.0,0.0,0.000496323,0.0,0.000451202,0.000135361,4.51e-05,0.0,0.0,0.0,0.000225601,9.02e-05,0.0,0.000812164,0.0,0.0,0.0,0.0,9.02e-05,9.02e-05,4.51e-05,0.000180481,0.0,0.000676804,0.0,0.000721924,0.0,0.0,0.000315842,0.0,4.51e-05,4.51e-05,0.000270721,0.0,4.51e-05,0.0,0.0,0.0,0.0,0.000180481,0.0,4.51e-05,0.0,0.0,0.0,0.0,0.0,4.51e-05,0.0,0.0,0.0,0.0,4.51e-05,0.0,0.000180481,0.0,0.0,0.0,0.0,0.0,9.02e-05,0.0,9.02e-05,0.0,4.51e-05,0.0,4.51e-05,0.0,0.0,4.51e-05,0.0,0.0,0.0,0.0,0.000451202,4.51e-05,0.0,0.0,0.0,0.0,0.0,0.0,0.0,0.0,0.0,0.0,0.0,0.0,0.0,0.0,0.0,4.51e-05,0.0,0.0,0.0,0.0,0.0,0.0,0.0,0.0,0.0,0.0,0.0,9.02e-05,0.0,0.0,0.0,0.0,0.0,0.0,0.0,0.0,0.0,0.0,0.0,0.0,0.0,0.0,9.02e-05,0.0,0.0,0.0,0.0,4.51e-05,0.0,0.0,0.0,0.0,0.0,0.0,0.0,0.0,0.0,0.0,0.0,4.51e-05,0.0,0.0,0.0,0.0,0.0,0.0,0.0,0.0,0.0,0.0,0.0,0.0,0.0,4.51e-05,0.0,0.0,9.02e-05,0.0,0.0,0.0,0.0,0.0,0.0,0.0,0.0,0.0,0.0,0.0,0.0,0.0,4.51e-05,0.0,0.0,0.0,0.0,0.0,0.0,0.0,0.0,0.0,0.0,0.0,0.0,0.0,0.0,0.0,0.0,0.0,0.0,0.0,0.0,0.0,4.51e-05,0.0,0.0,0.0,0.0,0.0,0.0,0.0,0.0,0.0,0.0,0.0,0.0,0.0,0.0,9.02e-05,9.02e-05,0.0,0.0,0.0,0.0,0.0,0.0,0.0,0.0,0.0,0.0,0.0,0.0,0.0,0.0,0.0,0.0,4.51e-05,0.0,0.0,0.0,0.0,0.0,0.0,0.0,0.0,0.0,0.0,0.0,0.0,0.0,0.0,0.0,0.0,0.0,0.0,0.0,0.0,0.0,0.0,0.0,0.0,0.0,0.0,0.0,0.0,0.0,0.0,0.0,0.0,0.0,0.0,0.0,0.0,0.0,0.0,0.0,0.0,0.0,0.0,0.0,0.0,0.0,0.0,0.0,0.0,0.0,0.0,0.0,0.0,0.0,0.0,0.0,0.0,0.0,0.0,0.0,0.0,0.0,0.0,0.0,0.0,0.0,0.0,0.0,0.0,0.0,0.0,0.0,0.0,0.0,0.0,0.0,0.0,0.0,0.0,0.0,0.0,0.0,0.0,0.0,0.0,0.0,0.0,0.0,0.0,0.0,0.0,0.0,0.0,0.0,0.0,0.0,0.0,0.0,0.0,0.0,0.0,0.0,0.0,0.0,0.0,0.0,0.0,0.0,0.0,0.0,0.0,0.0,0.0,0.0,0.0,0.0,0.0,0.0,0.0,0.0,0.0,0.0,0.0,0.0,0.0,0.0,0.0,0.0,0.0,0.0,0.0,0.0,0.0,0.0,0.0,0.0,0.0,0.0,0.0,0.0,0.0,0.0,0.0,0.0,0.0,0.0,0.0,0.0,0.0,0.0,0.0,0.0,0.0,0.0,0.0,0.0,0.0,0.0,0.0,0.0,0.0,0.0,0.0,0.0,0.0,0.0,0.0,0.0,0.0,0.0,0.0,0.0,0.0,0.0,0.0,0.0,0.0,0.0,0.0,0.0,0.0,0.0,0.0,0.0,0.0,0.0,0.0,0.0,0.0,0.0,0.0,0.0,0.0,0.0,0.0,0.0,0.0,0.0,0.0,0.0,0.0,0.0,0.0,0.0,0.0,0.0,0.0,0.0,0.0,0.0,0.0,0.0,0.0,0.0,0.0,0.0,0.0,0.0,0.0,0.0,0.0,0.0,0.0,0.0,0.0,0.0,0.0,0.0,0.0,0.0,0.0,0.0,0.0,0.0,0.0,0.0,0.0,0.0,0.0,0.0,0.0,0.0,0.0,0.0,0.0,0.0,0.0,0.0,0.0,0.0,0.0,0.0,0.0,0.0,0.0,0.0,0.0,0.0,0.0,0.0,0.0,0.0,0.0,0.0,0.0,0.0,0.0,0.0,0.0,0.0,0.0,0.0,0.0,0.0,0.0,0.0,0.0,0.0,0.0,0.0,0.0,0.0,0.0,0.0,0.0,0.0,0.0,0.0,0.0,0.0,0.0,0.0,0.0,0.0,0.0,0.0,0.0,0.0,0.0,0.0,0.0,0.0,0.0,0.0,0.0,0.0,0.0,0.0,0.0,0.0,0.0,0.0,0.0,0.0,0.0,4.51e-05,0.0,0.0,0.0,0.0,0.0,0.0,0.0,0.0,0.0,0.0,0.0,0.0,0.0,0.0,4.51e-05,0.0,0.0,0.0,0.0,0.0,0.0,0.0,0.0,0.0,0.0,0.0,0.0,0.0,0.0,0.0,0.0,0.0,0.0,0.0,0.0,0.0,0.0,0.0,0.0,0.0,0.0,0.0,0.0,0.0,0.0,0.0,0.0,0.0,0.0,0.0,0.0,0.0,0.0,0.0,0.0,0.0,0.0,0.0,0.0,0.0,0.0
SRR12478775,0.009514087,0.810820743,0.095835035,4.08e-05,0.012658228,0.0,0.001020825,0.0,0.002735811,0.000244998,0.000367497,4.08e-05,0.000326664,0.000122499,4.08e-05,0.000449163,4.08e-05,8.17e-05,8.17e-05,0.006737444,4.08e-05,0.000326664,8.17e-05,0.000489996,4.08e-05,4.08e-05,0.0,8.17e-05,0.000571662,0.000571662,0.0,0.000204165,0.000163332,8.17e-05,0.001143324,0.000571662,4.08e-05,0.0,0.0,4.08e-05,4.08e-05,0.0,4.08e-05,0.0,0.0,0.0,0.0,0.0,0.0,0.0,0.000326664,0.0,4.08e-05,0.0,0.0,4.08e-05,0.0,0.0,0.0,0.001388322,0.01923234,0.001265823,0.000367497,0.001837485,0.000653328,0.00122499,0.0,8.17e-05,0.000122499,0.0,4.08e-05,0.0,0.0,0.001878318,0.0,4.08e-05,0.0,0.0,0.0,0.0,4.08e-05,0.0,0.000122499,0.0,0.0,0.0,0.0,0.000285831,0.0,0.0,4.08e-05,0.00996325,0.000244998,4.08e-05,0.000489996,4.08e-05,4.08e-05,0.0,0.0,0.0,0.0,0.0,0.0,0.0,0.0,0.0,0.0,0.0,0.0,4.08e-05,4.08e-05,0.0,0.000326664,0.0,0.0,4.08e-05,0.0,0.0,0.0,0.0,8.17e-05,0.0,0.000122499,0.0,0.0,0.0,8.17e-05,4.08e-05,0.001388322,0.000694161,0.0,0.0,0.0,4.08e-05,0.0,0.0,0.0,8.17e-05,0.0,0.0,4.08e-05,4.08e-05,4.08e-05,4.08e-05,0.0,0.0,0.0,0.000326664,0.0,0.0,0.0,8.17e-05,0.000163332,4.08e-05,0.0,0.0,0.0,0.0,0.0,0.0,4.08e-05,0.0,0.0,0.0,4.08e-05,8.17e-05,0.0,0.0,0.0,0.0,0.0,0.0,0.0,0.0,4.08e-05,0.0,0.0,0.0,0.0,0.0,0.0,0.0,0.0,0.0,0.0,0.0,0.0,0.0,0.0,0.0,0.0,0.0,0.0,0.0,0.0,0.0,0.0,0.0,4.08e-05,0.000734994,0.0,4.08e-05,0.0,0.0,0.0,0.0,0.0,0.0,0.0,0.0,4.08e-05,0.0,0.0,0.0,0.0,8.17e-05,0.0,0.0,0.0,0.0,0.0,0.0,0.0,0.0,0.0,0.0,0.0,0.000122499,0.0,0.000449163,0.000122499,0.001551654,0.000734994,0.0,8.17e-05,0.000122499,0.0,0.0,0.0,4.08e-05,0.0,0.0,0.0,0.0,0.000122499,0.0,0.0,0.0,0.0,0.0,0.0,0.0,0.0,4.08e-05,0.0,0.0,0.0,0.0,0.0,0.0,0.0,0.0,0.0,8.17e-05,0.0,0.0,4.08e-05,0.0,4.08e-05,0.0,0.0,0.0,4.08e-05,0.0,0.0,0.000122499,0.0,0.0,0.0,0.0,0.0,0.0,0.0,0.0,4.08e-05,0.001306656,0.0,4.08e-05,0.0,8.17e-05,4.08e-05,0.0,0.000163332,0.0,0.0,0.0,0.0,0.0,0.0,0.0,0.0,0.0,0.0,4.08e-05,0.0,0.0,0.0,0.0,4.08e-05,0.0,0.0,0.0,0.0,0.0,0.0,0.0,4.08e-05,0.0,0.0,0.0,0.0,4.08e-05,0.0,0.0,0.0,0.000122499,4.08e-05,0.0,0.0,0.0,0.0,0.0,0.0,0.0,0.0,0.0,4.08e-05,0.0,0.0,4.08e-05,0.0,0.0,0.0,0.0,4.08e-05,0.0,0.0,4.08e-05,0.0,0.0,0.0,0.0,0.0,0.0,0.0,0.000367497,0.0,0.0,4.08e-05,0.0,0.0,0.0,4.08e-05,0.0,0.0,0.0,0.0,0.0,0.0,0.0,0.0,0.0,8.17e-05,0.0,0.0,0.0,0.0,4.08e-05,0.0,0.0,0.0,0.0,0.0,0.0,0.0,0.0,0.0,0.0,0.0,0.0,0.0,0.0,0.0,0.0,0.0,0.0,0.0,0.0,0.0,0.0,0.0,0.0,0.002572479,0.0,0.0,0.0,0.0,0.0,8.17e-05,0.0,0.0,0.0,0.0,0.0,0.0,0.0,0.0,0.0,0.0,0.0,0.0,0.0,4.08e-05,0.0,0.0,4.08e-05,0.0,0.0,0.0,0.0,0.0,0.0,0.0,0.0,0.0,0.0,0.0,0.0,0.0,0.0,0.0,0.0,0.0,0.0,0.0,0.0,0.0,0.0,0.0,0.0,0.0,0.0,0.0,0.0,0.0,0.0,0.0,0.0,0.0,0.0,0.0,0.0,0.0,0.0,0.0,0.0,0.0,4.08e-05,0.0,0.0,0.0,0.0,0.0,0.0,0.0,0.0,0.0,0.0,0.0,0.0,0.0,4.08e-05,0.0,4.08e-05,0.0,0.0,0.0,0.0,0.0,0.0,0.0,0.0,0.0,0.0,4.08e-05,0.0,0.0,0.0,0.0,0.0,0.0,0.0,0.0,0.0,0.0,0.0,0.0,0.0,0.0,0.0,0.0,0.0,0.0,0.0,4.08e-05,0.0,0.0,0.0,0.0,0.0,0.0,0.0,0.0,0.0,0.0,0.0,0.0,0.0,0.0,0.0,0.0,0.0,0.0,0.0,0.0,0.0,0.0,0.0,0.0,0.0,0.0,0.0,0.0,0.0,0.0,4.08e-05,0.0,0.0,0.0,0.0,0.0,0.0,0.0,0.0,0.0,0.0,0.0,0.0,0.0,0.0,0.0,0.0,0.0,0.0,0.0,0.0,0.0,0.0,0.0,0.0,0.0,0.0,0.0,0.0,0.0,0.0,0.0,0.0,0.0,0.0,0.0,0.0,0.0,0.0,0.0,0.0,0.0,0.0,0.0,0.0,0.0,0.0,0.0,0.0,0.0,0.0,0.0,0.0,0.0,0.0,0.0,0.0,0.0,0.0,0.0,0.0,0.0,0.0,0.0,0.0,0.0,0.0,0.0,0.0,0.0,0.0,0.0,0.0,0.0,0.0,0.0,0.0,0.0,0.0,0.0,0.0,0.0,0.0,0.0,0.0,4.08e-05,0.0,0.0,4.08e-05,0.0,0.0,0.0,0.0,0.0,0.0,0.0,0.0,0.0,0.0,0.0,0.0,0.0,0.0,0.0,0.0,0.0,0.0,0.0,0.0,0.0,0.0,0.0,0.0,0.0,0.0,0.0,0.0,0.0,0.0,0.0,0.0,0.0,0.0,0.0,0.0,0.0,0.0,0.0,0.0,0.0,0.0,0.0,0.0,0.0
SRR12478776,0.695937873,0.032095145,0.000488759,0.0,0.0,0.0,0.0,0.0,0.087650701,0.004453133,0.000923211,0.000217226,0.00575649,0.002715325,0.000814598,0.025089606,0.000325839,0.0,0.000325839,0.00016292,0.000325839,0.001303356,0.003367003,0.046649289,0.000217226,5.43e-05,0.0,0.00016292,0.002986858,0.000217226,0.0,0.018138373,5.43e-05,0.014391224,0.001792115,0.000217226,0.00342131,0.0,0.0,0.00016292,0.000108613,0.0,0.000108613,0.0,0.0,0.0,0.001574889,0.000108613,0.0,0.000543065,0.0,0.0,0.00016292,0.013956772,0.0,0.008906267,0.0,0.0,0.0,0.000271533,0.000380146,0.000543065,0.0,0.000108613,0.0,0.000271533,0.0,0.0,0.002932551,0.0,0.0,0.0,0.0,0.0,0.0,0.0,0.0,0.0,0.0,0.0,0.000760291,0.0,0.0,0.001737808,0.0,0.000597372,0.00016292,5.43e-05,0.0,0.0,5.43e-05,0.00575649,0.0,0.000325839,0.000108613,0.0,0.001031824,0.0,0.0,0.0,0.0,5.43e-05,5.43e-05,0.000271533,0.000108613,0.0,5.43e-05,0.0,0.0,0.000217226,0.0,0.0,0.0,0.000380146,5.43e-05,0.0,0.0,0.0,0.0,0.0,5.43e-05,5.43e-05,0.0,0.0,0.0,0.0,0.0,0.00016292,0.000271533,0.0,0.0,0.0,0.0,0.0,0.0,0.0,5.43e-05,0.0,0.0,5.43e-05,5.43e-05,0.000380146,0.0,0.0,0.0,0.0,0.0,0.000705985,0.0,0.0,0.0,0.0,0.00016292,0.0,0.0,0.001955034,0.0,0.000217226,5.43e-05,0.0,0.0,0.0,0.0,0.0,0.0,0.0,0.0,0.0,0.0,0.0,0.0,5.43e-05,0.0,0.0,0.0,0.0,0.0,0.0,0.0,0.0,0.0,0.0,0.0,0.0,0.0,0.000488759,0.000271533,0.0,0.0,0.0,0.0,0.0,0.0,0.0,0.0,0.0,0.0,0.0,0.0,0.000108613,0.0,0.0,0.0,0.0,5.43e-05,0.0,0.0,0.0,0.0,0.0,0.0,0.0,0.0,0.0,0.0,0.0,0.0,0.000271533,0.0,0.0,0.0,0.0,0.0,0.000217226,0.0,0.0,0.0,0.0,0.0,0.0,5.43e-05,0.000108613,5.43e-05,0.000434452,0.0,0.0,0.0,0.0,0.0,0.0,0.0,0.0,0.0,0.0,0.0,0.0,0.0,0.0,0.0,0.0,0.0,0.0,0.0,0.0,0.0,0.0,0.0,0.0,0.0,0.0,0.0,0.0,0.0,0.0,0.0,0.0,0.0,0.0,0.0,0.0,0.0,0.0,0.0,0.0,0.0,0.0,0.0,0.0,0.0,0.0,0.0,0.0,0.0,0.0,0.000217226,5.43e-05,0.0,0.0,0.0,0.0,0.0,0.0,0.0,0.0,0.0,0.0,0.0,0.0,0.0,0.0,0.0,0.0,0.0,5.43e-05,0.0,0.0,0.0,0.000108613,0.0,0.0,0.0,0.0,0.000217226,0.0,0.0,0.0,0.0,0.0,0.0,0.0,0.000434452,0.0,0.0,0.0,0.0,0.0,0.0,0.0,0.0,0.0,0.0,0.0,0.0,0.0,0.0,0.0,0.0,0.0,0.0,0.0,0.0,0.0,0.0,0.0,0.0,0.0,0.0,0.0,0.0,0.0,0.0,0.0,0.0,0.0,0.0,0.0,0.0,0.0,0.0,0.0,0.0,0.0,0.0,0.0,0.0,0.0,0.0,0.0,0.0,5.43e-05,0.0,0.0,0.0,0.0,0.0,0.0,0.0,0.0,0.0,0.0,0.0,0.0,0.0,0.0,0.0,5.43e-05,0.0,0.0,0.0,0.0,0.0,0.0,0.0,0.0,0.0,0.0,0.0,0.0,0.0,0.0,0.0,0.0,0.0,0.0,0.0,0.0,0.0,0.0,0.0,0.0,0.0,0.0,0.0,0.0,0.0,0.0,0.0,0.0,0.0,0.0,0.0,0.0,0.0,0.0,0.0,0.0,0.0,0.0,0.0,0.0,0.0,0.0,0.0,0.0,0.0,0.0,0.00016292,0.0,0.0,0.0,0.0,0.0,5.43e-05,0.0,0.0,0.0,5.43e-05,0.0,0.0,0.0,0.0,0.0,0.0,0.0,0.0,0.0,0.0,0.0,0.0,0.0,0.0,0.0,0.0,0.0,0.0,0.0,0.0,0.0,0.0,0.0,0.0,0.0,0.0,0.0,0.0,0.0,0.0,0.0,0.0,0.0,0.0,0.0,0.0,0.0,0.0,0.0,0.0,0.0,0.0,0.0,0.0,0.0,0.0,0.0,0.0,0.0,0.0,0.0,0.0,0.0,0.0,0.0,0.0,0.0,0.0,0.0,0.0,0.0,0.0,0.0,0.0,0.0,0.0,0.0,0.0,0.0,0.0,0.0,0.0,0.0,0.0,0.0,0.0,0.0,0.0,0.0,0.0,0.0,0.0,0.0,0.0,0.0,0.0,0.0,0.0,0.0,0.0,0.0,0.0,0.0,0.0,0.0,0.0,0.0,0.0,0.0,0.0,0.0,0.0,0.0,0.0,0.0,0.0,0.0,0.0,0.0,0.0,0.0,0.0,0.0,0.0,0.0,0.0,0.0,0.0,0.0,0.0,5.43e-05,0.0,0.0,0.0,0.0,0.0,0.0,0.0,0.0,0.0,0.0,0.0,0.0,0.0,0.0,0.0,0.0,0.0,0.0,0.0,0.0,0.0,0.0,0.0,0.0,0.0,0.0,0.0,0.0,0.0,0.0,0.0,0.0,0.0,0.0,0.0,0.0,0.0,0.0,0.0,0.0,0.0,0.0,0.0,0.0,0.0,0.0,0.0,0.0,0.0,0.0,0.0,0.0,0.0,0.0,0.0,0.0,0.0,0.0,0.0,0.0,0.0,0.0,0.0,0.0,0.0,0.0,0.0,0.0,0.0,0.0,0.0,0.0,0.0,0.0,0.0,0.0,0.0,0.0,0.0,0.0,0.0,0.0,0.0,0.0,0.0,0.0,0.0,0.0,0.0,0.0,0.0,0.0,0.0,0.0,0.0,0.0,0.0,0.0,0.0,0.0,0.0,0.0,0.0,0.0,0.0,0.0,0.0,0.0,0.0,0.0,0.0
SRR12478777,0.252668806,0.238587989,0.007924553,6.55e-05,0.008055537,0.0,0.00058943,6.55e-05,0.103150174,0.017093457,0.020237082,0.002357718,0.006745694,0.00451896,0.000130984,0.007466108,0.001637304,0.000458445,0.000720414,0.000327461,0.001309843,0.019975113,0.002030257,0.066409064,6.55e-05,0.00150632,0.0,0.002488703,0.087301068,0.001571812,6.55e-05,0.000130984,0.01866527,0.000261969,0.00091689,0.000785906,6.55e-05,0.000392953,0.0,6.55e-05,0.0,0.0,0.000654922,0.0,0.0,0.0,0.000392953,0.00091689,0.0,0.000785906,0.00058943,0.0,0.000261969,0.000523937,0.003864038,0.001899273,0.0,0.0,0.0,0.000196477,0.002030257,0.0,6.55e-05,0.000196477,6.55e-05,0.000130984,0.0,0.000720414,0.0,0.0,0.0,0.0,6.55e-05,0.000327461,0.0,0.0,0.0,0.0,0.005894296,0.0,0.0,0.000196477,6.55e-05,0.010937193,0.000327461,0.0,0.005763311,0.00058943,6.55e-05,0.0,0.0,0.009561857,0.000261969,0.002554195,0.000654922,6.55e-05,0.001047875,0.0,0.0,0.001244351,0.000261969,0.031305259,0.000327461,0.000261969,0.000851398,0.0,0.005370358,6.55e-05,0.0,6.55e-05,0.000261969,0.0,0.000261969,6.55e-05,0.0,0.001113367,0.0,0.0,6.55e-05,0.000392953,0.00058943,0.0,0.000785906,6.55e-05,0.000785906,0.0,0.000130984,0.000392953,0.000196477,0.000130984,6.55e-05,0.0,0.000130984,0.000130984,0.000130984,0.004322483,0.0,0.0,0.0,6.55e-05,0.0,0.00058943,0.0,6.55e-05,0.0,6.55e-05,0.000851398,0.000196477,0.0,0.0,6.55e-05,0.0,6.55e-05,0.0,0.0,0.0,0.000196477,6.55e-05,0.0,0.0,6.55e-05,0.0,0.0,0.0,0.0,0.000196477,0.000130984,0.0,0.0,6.55e-05,0.0,0.0,0.000196477,0.0,0.0,0.0,0.0,0.0,0.0,0.0,0.0,0.010085795,0.0,0.0,0.001899273,0.0,0.0,0.0,0.0,0.0,6.55e-05,0.0,0.000130984,6.55e-05,6.55e-05,0.0,0.0,0.0,0.0,6.55e-05,0.0,0.000130984,0.0,0.0,0.00150632,0.0,6.55e-05,0.0,0.0,0.0,6.55e-05,0.0,0.0,6.55e-05,0.0,0.0,0.000130984,0.0,0.000196477,0.0,6.55e-05,0.0,0.0,6.55e-05,0.000327461,0.0,0.0,0.0,0.0,0.0,0.0,6.55e-05,0.000130984,0.000196477,0.0,0.0,0.0,0.0,0.0,6.55e-05,0.0,0.0,0.0,0.0,0.000130984,0.0,0.0,6.55e-05,0.0,0.0,0.000130984,0.0,0.000327461,0.0,0.0,0.0,0.0,0.0,0.0,0.0,0.0,0.0,0.0,0.0,0.0,0.0,0.0,0.0,0.0,6.55e-05,6.55e-05,0.0,6.55e-05,0.0,0.0,0.0,0.0,0.0,0.0,0.000130984,0.0,0.000130984,0.0,0.0,0.0,0.0,0.0,0.0,0.0,6.55e-05,6.55e-05,0.000130984,0.0,0.000130984,0.0,0.0,0.0,0.0,0.0,0.0,0.0,0.0,0.0,0.0,0.0,6.55e-05,0.0,0.0,0.0,6.55e-05,0.0,0.0,0.0,0.0,0.0,0.0,0.0,0.0,0.0,0.0,0.000130984,0.0,0.0,0.0,0.0,0.0,6.55e-05,0.0,0.0,0.0,0.0,0.0,0.0,0.0,0.0,0.0,0.0,0.0,0.0,0.0,0.0,0.0,0.0,0.000130984,0.0,0.0,6.55e-05,0.0,0.0,0.000130984,0.0,6.55e-05,0.0,0.0,0.0,0.0,0.0,0.0,0.0,0.0,0.0,0.0,0.0,0.0,0.0,0.0,0.0,0.0,0.0,0.0,0.0,6.55e-05,0.0,0.0,0.0,0.0,0.0,0.0,0.0,0.0,0.0,0.000196477,0.0,0.0,0.0,0.0,0.0,0.0,0.0,0.0,6.55e-05,0.0,0.0,0.0,0.0,0.0,0.0,0.0,0.0,6.55e-05,0.0,0.0,0.0,0.000130984,0.0,0.0,0.0,0.0,0.0,0.0,0.0,0.0,0.0,0.0,0.0,0.0,0.000196477,0.0,0.0,6.55e-05,0.0,0.0,0.0,0.0,0.0,0.0,0.0,0.0,0.0,0.0,0.0,0.0,0.0,0.0,0.0,0.0,0.0,0.0,6.55e-05,0.0,0.0,6.55e-05,0.0,0.0,0.0,0.0,0.0,0.0,0.0,0.0,0.0,0.0,0.0,0.0,0.0,0.0,0.0,0.0,0.0,0.0,0.0,0.0,0.0,0.0,0.0,0.0,0.0,0.0,0.0,0.0,0.0,0.0,0.0,0.0,0.0,0.0,0.0,0.0,0.0,0.0,0.0,0.0,0.0,0.0,0.0,0.0,0.0,0.0,0.0,0.0,0.0,0.0,0.0,0.0,6.55e-05,0.0,0.0,0.0,0.0,0.0,0.0,0.0,0.0,0.0,0.0,0.0,0.0,0.0,0.0,0.0,0.0,0.0,0.0,0.0,0.0,0.0,0.0,0.0,0.0,0.0,0.0,0.0,0.0,0.0,0.0,0.0,0.0,0.0,0.0,0.0,0.0,0.0,0.0,0.0,0.0,0.0,0.0,0.0,0.0,0.0,0.0,0.0,0.0,0.0,0.0,0.0,0.0,0.0,6.55e-05,0.0,0.0,0.0,0.0,6.55e-05,0.0,0.0,0.0,0.0,0.0,0.0,0.0,0.0,0.0,0.0,0.0,0.0,0.0,0.0,0.0,0.0,0.0,0.0,0.0,0.0,0.0,0.0,0.0,0.0,0.0,0.0,0.0,0.0,0.0,0.0,0.0,0.0,0.0,0.0,0.0,0.0,0.0,0.0,0.0,0.0,0.0,0.0,0.0,0.0,0.0,0.0,0.0,0.0,0.0,0.0,0.0,0.0,0.0,0.0,0.0,0.0,0.0,0.0,0.0,0.0,0.0,0.0,0.0,0.0,0.0,0.0,0.0,0.0,0.0,0.0,0.0,0.0,0.0,0.0,0.0,0.0,6.55e-05,0.0,0.0,0.0,0.0,0.0,0.0,0.0,0.0,0.0,0.0,0.0,0.0,0.0,0.0,0.0,0.0,0.0,0.0,0.0,0.0,0.0,0.0,0.0,0.0,0.0,0.0,0.0,0.0,0.0,0.0,0.0,0.0,0.0,0.0,0.0,0.0,0.0,0.0,0.0,0.0,0.0,0.0,0.0,0.0,0.0,0.0,0.0,0.0
SRR12478778,0.010869565,0.0,0.0,0.0,0.0,0.0,0.0,0.0,0.108695652,0.010869565,0.0,0.0,0.0,0.0,0.0,0.0,0.0,0.02173913,0.0,0.043478261,0.0,0.0,0.010869565,0.0,0.0,0.0,0.0,0.0,0.0,0.0,0.0,0.0,0.0,0.0,0.0,0.0,0.0,0.0,0.0,0.032608696,0.010869565,0.0,0.0,0.0,0.0,0.0,0.0,0.0,0.0,0.02173913,0.0,0.0,0.0,0.0,0.0,0.0,0.0,0.054347826,0.0,0.010869565,0.0,0.0,0.0,0.0,0.0,0.0,0.0,0.0,0.0,0.0,0.0,0.0,0.010869565,0.02173913,0.0,0.0,0.0,0.0,0.0,0.032608696,0.0,0.0,0.0,0.0,0.0,0.402173913,0.0,0.0,0.0,0.0,0.0,0.0,0.0,0.0,0.0,0.0,0.0,0.0,0.0,0.0,0.0,0.0,0.0,0.0,0.0,0.0,0.0,0.0,0.0,0.0,0.0,0.0,0.0,0.0,0.0,0.0,0.0,0.0,0.0,0.0,0.0,0.0,0.0,0.0,0.0,0.0,0.0,0.0,0.0,0.0,0.0,0.0,0.0,0.0,0.0,0.0,0.0,0.0,0.0,0.0,0.0,0.0,0.0,0.0,0.0,0.0,0.0,0.0,0.0,0.0,0.0,0.0,0.0,0.0,0.0,0.0,0.0,0.0,0.0,0.0,0.0,0.0,0.0,0.0,0.0,0.0,0.0,0.0,0.010869565,0.0,0.0,0.0,0.0,0.0,0.0,0.0,0.0,0.0,0.0,0.0,0.0,0.0,0.0,0.0,0.0,0.0,0.0,0.0,0.0,0.0,0.0,0.0,0.0,0.0,0.0,0.0,0.0,0.0,0.0,0.0,0.0,0.0,0.0,0.0,0.0,0.0,0.0,0.0,0.0,0.0,0.0,0.0,0.0,0.0,0.0,0.0,0.0,0.0,0.0,0.0,0.0,0.0,0.0,0.0,0.0,0.0,0.0,0.0,0.0,0.0,0.0,0.0,0.0,0.0,0.0,0.0,0.0,0.0,0.0,0.0,0.0,0.0,0.0,0.0,0.0,0.0,0.0,0.0,0.0,0.0,0.0,0.0,0.0,0.0,0.0,0.0,0.0,0.0,0.0,0.0,0.0,0.0,0.0,0.0,0.0,0.0,0.0,0.0,0.0,0.0,0.0,0.0,0.0,0.0,0.0,0.0,0.0,0.0,0.0,0.0,0.0,0.0,0.0,0.0,0.0,0.0,0.0,0.0,0.0,0.0,0.0,0.0,0.0,0.0,0.0,0.0,0.0,0.0,0.0,0.0,0.0,0.0,0.0,0.0,0.0,0.0,0.0,0.0,0.0,0.0,0.0,0.0,0.0,0.0,0.0,0.0,0.0,0.0,0.0,0.0,0.0,0.0,0.0,0.0,0.0,0.0,0.0,0.0,0.0,0.0,0.0,0.0,0.0,0.0,0.0,0.0,0.0,0.0,0.0,0.0,0.0,0.0,0.0,0.0,0.0,0.0,0.0,0.0,0.0,0.0,0.0,0.0,0.0,0.0,0.0,0.0,0.0,0.0,0.0,0.0,0.0,0.0,0.0,0.0,0.0,0.0,0.0,0.0,0.0,0.0,0.0,0.0,0.0,0.0,0.0,0.0,0.0,0.0,0.0,0.0,0.0,0.0,0.0,0.0,0.0,0.0,0.0,0.0,0.0,0.0,0.0,0.0,0.0,0.0,0.0,0.0,0.0,0.0,0.0,0.0,0.0,0.0,0.0,0.0,0.0,0.0,0.0,0.0,0.0,0.0,0.0,0.0,0.0,0.0,0.0,0.0,0.0,0.0,0.0,0.0,0.0,0.0,0.0,0.0,0.0,0.02173913,0.0,0.0,0.0,0.0,0.0,0.0,0.0,0.0,0.0,0.0,0.0,0.0,0.0,0.0,0.0,0.0,0.141304348,0.0,0.0,0.0,0.0,0.0,0.0,0.0,0.0,0.0,0.0,0.0,0.0,0.0,0.0,0.0,0.0,0.0,0.0,0.0,0.0,0.0,0.0,0.0,0.0,0.0,0.0,0.0,0.0,0.0,0.0,0.0,0.0,0.0,0.0,0.0,0.0,0.0,0.0,0.0,0.0,0.0,0.0,0.0,0.0,0.0,0.0,0.0,0.0,0.0,0.0,0.0,0.0,0.0,0.0,0.0,0.0,0.0,0.0,0.0,0.0,0.0,0.0,0.0,0.0,0.0,0.0,0.0,0.0,0.0,0.0,0.0,0.0,0.0,0.0,0.0,0.0,0.0,0.0,0.0,0.0,0.0,0.0,0.0,0.0,0.0,0.0,0.0,0.0,0.0,0.0,0.0,0.0,0.0,0.0,0.0,0.0,0.0,0.0,0.0,0.0,0.0,0.0,0.0,0.0,0.0,0.0,0.0,0.0,0.0,0.0,0.0,0.0,0.0,0.0,0.0,0.0,0.0,0.010869565,0.0,0.0,0.0,0.0,0.0,0.0,0.0,0.0,0.0,0.0,0.0,0.0,0.0,0.0,0.0,0.0,0.0,0.0,0.0,0.0,0.0,0.0,0.0,0.0,0.0,0.0,0.0,0.0,0.0,0.0,0.0,0.0,0.0,0.0,0.0,0.0,0.0,0.0,0.0,0.0,0.0,0.0,0.0,0.0,0.0,0.0,0.0,0.0,0.0,0.0,0.0,0.0,0.0,0.0,0.010869565,0.0,0.0,0.0,0.0,0.0,0.0,0.0,0.0,0.0,0.0,0.0,0.0,0.0,0.0,0.0,0.0,0.0,0.0,0.0,0.0,0.0,0.0,0.0,0.0,0.0,0.0,0.0,0.0,0.0,0.0,0.0,0.0,0.0,0.0,0.0,0.0,0.0,0.0,0.0,0.0,0.0,0.0,0.0,0.0,0.0,0.0,0.0,0.0,0.0,0.0,0.0,0.0,0.0,0.0,0.0,0.0,0.0,0.0,0.0,0.0,0.0,0.0,0.0
SRR12478782,0.622507123,0.017628205,0.000890313,0.0,0.001958689,0.0,0.000534188,0.0,0.127849003,0.003739316,0.001424501,0.0,0.00462963,0.001246439,0.001068376,0.003027066,0.000534188,0.0,0.000178063,0.000356125,0.0,0.00462963,0.000890313,0.019764957,0.0,0.0,0.0,0.0,0.00267094,0.0,0.0,0.012820513,0.0,0.0,0.002492877,0.006410256,0.003739316,0.0,0.0,0.0,0.000178063,0.0,0.0,0.0,0.0,0.0,0.000712251,0.0,0.000178063,0.000534188,0.0,0.000178063,0.0,0.0,0.0,0.000178063,0.0,0.0,0.0,0.001958689,0.011574074,0.002314815,0.0,0.000890313,0.000712251,0.001780627,0.0,0.0,0.005876068,0.000534188,0.0,0.0,0.0,0.010861823,0.0,0.0,0.0,0.0,0.001424501,0.057514245,0.000534188,0.0,0.0,0.001424501,0.0,0.0,0.0,0.0,0.0,0.0,0.0,0.000356125,0.000890313,0.000178063,0.0,0.0,0.0,0.0,0.0,0.0,0.0,0.0,0.000356125,0.0,0.0,0.0,0.0,0.0,0.0,0.005519943,0.000178063,0.0,0.0,0.006944444,0.0,0.0,0.0,0.0,0.0,0.0,0.0,0.0,0.0,0.0,0.000178063,0.0,0.0,0.0,0.003561254,0.000534188,0.0,0.0,0.0,0.0,0.0,0.000534188,0.0,0.000178063,0.0,0.0,0.0,0.000890313,0.0,0.0,0.0,0.004095442,0.0,0.000712251,0.0,0.0,0.0,0.0,0.0,0.0,0.0,0.0,0.0,0.007834758,0.0,0.0,0.0,0.0,0.0,0.0,0.00997151,0.0,0.0,0.0,0.0,0.0,0.0,0.0,0.0,0.0,0.0,0.0,0.0,0.0,0.0,0.0,0.0,0.0,0.0,0.0,0.000356125,0.0,0.0,0.0,0.0,0.0,0.0,0.0,0.0,0.0,0.0,0.0,0.0,0.0,0.0,0.002136752,0.0,0.0,0.0,0.0,0.0,0.0,0.0,0.0,0.0,0.0,0.0,0.0,0.0,0.0,0.0,0.0,0.0,0.000178063,0.0,0.0,0.0,0.0,0.0,0.0,0.000178063,0.0,0.0,0.0,0.0,0.000712251,0.000178063,0.000712251,0.000356125,0.0,0.0,0.000178063,0.0,0.0,0.0,0.0,0.0,0.0,0.0,0.0,0.0,0.0,0.0,0.0,0.0,0.0,0.0,0.0,0.0,0.0,0.0,0.0,0.0,0.0,0.0,0.0,0.0,0.0,0.0,0.0,0.0,0.0,0.0,0.000356125,0.0,0.0,0.0,0.0,0.0,0.0,0.0,0.0,0.0,0.0,0.0,0.0,0.0,0.0,0.0,0.0,0.000712251,0.000534188,0.0,0.0,0.000178063,0.0,0.0,0.0,0.0,0.0,0.0,0.0,0.0,0.0,0.0,0.0,0.0,0.0,0.0,0.0,0.0,0.0,0.0,0.0,0.0,0.0,0.0,0.0,0.0,0.0,0.0,0.0,0.0,0.0,0.0,0.0,0.0,0.0,0.0,0.0,0.0,0.0,0.0,0.0,0.0,0.0,0.0,0.0,0.0,0.0,0.0,0.000356125,0.0,0.0,0.0,0.0,0.0,0.0,0.0,0.001424501,0.0,0.0,0.0,0.0,0.0,0.0,0.0,0.0,0.0,0.0,0.0,0.0,0.000356125,0.0,0.0,0.0,0.0,0.000178063,0.0,0.0,0.0,0.0,0.0,0.0,0.000890313,0.0,0.002492877,0.0,0.0,0.0,0.0,0.0,0.0,0.0,0.0,0.0,0.0,0.0,0.0,0.0,0.0,0.0,0.0,0.0,0.0,0.0,0.0,0.0,0.0,0.0,0.0,0.0,0.0,0.0,0.0,0.0,0.0,0.0,0.0,0.0,0.0,0.0,0.0,0.0,0.0,0.0,0.0,0.0,0.0,0.0,0.0,0.0,0.0,0.0,0.0,0.0,0.0,0.0,0.0,0.0,0.0,0.0,0.0,0.0,0.0,0.0,0.0,0.0,0.0,0.0,0.0,0.0,0.0,0.0,0.0,0.0,0.0,0.0,0.0,0.0,0.0,0.0,0.0,0.0,0.0,0.0,0.0,0.000890313,0.0,0.0,0.0,0.0,0.0,0.0,0.0,0.0,0.0,0.000712251,0.001246439,0.0,0.0,0.0,0.0,0.0,0.0,0.0,0.0,0.0,0.0,0.0,0.0,0.0,0.0,0.0,0.0,0.000178063,0.0,0.0,0.0,0.0,0.0,0.0,0.0,0.0,0.0,0.0,0.0,0.0,0.0,0.0,0.0,0.0,0.0,0.0,0.0,0.0,0.0,0.0,0.0,0.0,0.0,0.0,0.0,0.0,0.0,0.0,0.0,0.0,0.0,0.0,0.0,0.0,0.0,0.0,0.0,0.0,0.0,0.0,0.0,0.0,0.0,0.0,0.0,0.0,0.0,0.0,0.0,0.0,0.0,0.0,0.0,0.0,0.0,0.0,0.0,0.0,0.0,0.0,0.0,0.0,0.0,0.0,0.0,0.0,0.0,0.0,0.0,0.0,0.0,0.0,0.0,0.0,0.0,0.0,0.0,0.0,0.0,0.0,0.0,0.0,0.0,0.0,0.0,0.0,0.0,0.0,0.0,0.0,0.0,0.0,0.0,0.0,0.0,0.0,0.0,0.0,0.0,0.0,0.0,0.0,0.0,0.0,0.0,0.0,0.0,0.0,0.0,0.0,0.0,0.0,0.0,0.0,0.0,0.0,0.0,0.0,0.0,0.0,0.000534188,0.0,0.0,0.0,0.0,0.0,0.0,0.0,0.0,0.0,0.0,0.0,0.0,0.0,0.0,0.0,0.0,0.0,0.0,0.0,0.0,0.0,0.0,0.0,0.0,0.0,0.0,0.000356125,0.0,0.0,0.000178063,0.0,0.0,0.0,0.0,0.0,0.000178063,0.0,0.0,0.0,0.0,0.0,0.0,0.0,0.0,0.0,0.0,0.0,0.0,0.0,0.0,0.0,0.0,0.0,0.0,0.0,0.0,0.0,0.0,0.0,0.0,0.0,0.0,0.0,0.0,0.0,0.0,0.0,0.0,0.0,0.0,0.0,0.0,0.0,0.0,0.0,0.0
SRR12478783,0.33434461,0.031501953,0.001620813,8.31e-05,0.009143047,0.0,8.31e-05,4.16e-05,0.179951791,0.02273294,0.013839249,0.006815726,0.017787383,0.013215859,0.000498712,0.015210706,0.002659796,0.000789627,0.001080542,0.000457152,0.001703932,0.007480675,0.009641759,0.085445931,0.003407863,0.00058183,0.000124678,0.00236888,0.046130829,0.000249356,8.31e-05,0.004654642,0.01974067,0.000166237,0.008893691,0.000540271,0.0,4.16e-05,0.0,0.001413016,8.31e-05,0.0,0.000415593,0.0,0.0,0.001703932,0.005070235,0.001413016,8.31e-05,0.001454576,0.000166237,0.000290915,0.000124678,0.009766437,0.0,0.002119525,8.31e-05,0.0,0.0,0.000748067,0.002036406,0.000540271,0.000124678,0.000207797,0.000498712,8.31e-05,0.000207797,0.004072812,0.002659796,8.31e-05,8.31e-05,0.0,0.00062339,0.002576677,0.000166237,8.31e-05,0.000166237,0.0,0.000706508,8.31e-05,0.000415593,0.0,0.0,0.010805419,8.31e-05,0.0,0.006150777,0.000166237,0.0,0.0,0.0,0.010805419,0.0,0.003116948,0.000249356,0.0,0.000831186,0.0,0.0,0.000457152,0.000124678,0.007106641,0.000207797,0.000332474,0.000664949,0.0,0.006732607,4.16e-05,0.0,0.002161084,0.001413016,0.0,0.000207797,0.00062339,0.000498712,0.002742914,0.0,0.0,8.31e-05,4.16e-05,0.000374034,0.0,0.000831186,0.0,0.000706508,0.0,0.0,0.0,0.000374034,0.0,4.16e-05,0.0,8.31e-05,0.000207797,0.000166237,0.005942981,0.000166237,0.0,0.0,0.0,4.16e-05,0.016873078,4.16e-05,0.000124678,0.0,0.000124678,4.16e-05,0.0,0.0,0.0,8.31e-05,0.0,4.16e-05,0.0,0.0,0.003075389,8.31e-05,0.001496135,8.31e-05,0.0,8.31e-05,0.0,0.0,0.0,0.0,0.00718976,0.0,0.0,0.0,0.0,0.0,0.0,8.31e-05,0.0,4.16e-05,0.0,0.0,4.16e-05,0.0,0.0,4.16e-05,0.0,0.0,0.0,0.000124678,0.000166237,0.000207797,0.000124678,0.0,0.0,4.16e-05,0.0,8.31e-05,4.16e-05,0.0,0.0,0.0,4.16e-05,0.0,8.31e-05,0.0,8.31e-05,0.0,0.0,0.000457152,4.16e-05,0.010514504,0.0,0.0,4.16e-05,4.16e-05,0.0,8.31e-05,0.0,0.0,8.31e-05,0.0,0.000166237,0.0,0.000374034,0.0,0.0,0.000207797,0.0,0.000124678,0.0,0.0,0.0,8.31e-05,0.000166237,0.004987117,0.000207797,0.0,0.0,4.16e-05,0.0,0.0,0.0,0.0,4.16e-05,0.0,0.0,0.0,4.16e-05,0.0,0.0,0.0,8.31e-05,0.0,4.16e-05,0.0,0.0,0.0,0.0,0.0,0.0,0.000457152,0.0,0.0,0.0,4.16e-05,0.0,8.31e-05,0.0,4.16e-05,8.31e-05,0.0,0.0,0.0,0.0,0.0,0.0,0.0,0.000124678,0.0,0.0,8.31e-05,0.0,0.0,0.0,0.0,0.0,0.0,0.0,8.31e-05,4.16e-05,0.0,0.0,0.0,0.0,0.0,0.000124678,0.0,0.0,0.0,0.0,0.0,0.0,0.0,0.0,0.0,0.0,4.16e-05,0.0,0.0,0.0,0.000789627,0.0,0.0,0.0,0.0,0.0,0.0,4.16e-05,4.16e-05,0.0,0.0,0.0,0.0,0.0,4.16e-05,0.0,0.0,0.0,0.0,0.0,0.0,0.0,0.0,0.0,0.0,4.16e-05,0.0,0.0,0.0,0.000166237,0.0,0.0,0.0,0.0,0.0,0.0,0.0,8.31e-05,0.0,0.0,8.31e-05,0.0,0.0,0.0,4.16e-05,4.16e-05,0.0,0.0,0.0,0.0,0.0,0.0,0.0,4.16e-05,0.0,0.0,0.0,0.0,0.0,0.0,0.0,0.0,0.0,0.0,0.0,0.0,0.0,0.0,8.31e-05,0.0,4.16e-05,0.0,0.0,0.0,0.0,0.0,0.0,0.0,0.0,0.0,0.0,0.0,0.0,0.0,0.0,0.0,0.0,0.0,0.0,4.16e-05,0.0,0.0,0.0,0.0,0.0,0.0,0.0,0.000124678,0.0,0.0,0.0,0.0,0.0,0.0,0.0,0.0,0.0,0.0,4.16e-05,0.0,4.16e-05,0.0,0.0,0.0,0.0,0.0,0.0,0.0,0.0,4.16e-05,0.0,0.0,0.0,0.0,0.0,0.0,0.0,0.0,0.0,0.0,0.0,0.0,0.0,0.0,0.0,0.0,0.0,0.0,0.0,0.0,0.0,0.0,4.16e-05,0.0,0.0,0.000124678,0.0,0.0,0.0,4.16e-05,0.0,0.0,0.0,0.0,0.0,0.0,4.16e-05,0.0,0.0,0.0,0.0,0.0,0.0,0.0,0.0,0.0,0.0,0.0,0.0,0.0,0.0,0.0,0.0,0.0,4.16e-05,0.0,0.0,0.0,0.0,0.0,0.0,0.0,0.0,0.0,0.0,0.0,0.0,0.0,0.0,0.0,0.0,0.0,0.0,0.0,0.0,0.0,0.0,0.0,0.0,0.0,0.0,0.0,0.0,0.0,0.0,0.0,0.0,0.0,0.0,0.0,0.0,0.0,0.0,0.0,0.0,0.0,0.0,0.0,0.0,0.0,0.0,0.0,0.0,0.0,0.0,0.0,0.0,0.0,0.0,0.0,0.0,0.0,0.0,0.0,0.0,0.0,0.0,0.0,0.0,0.0,0.0,0.0,0.0,0.0,0.0,0.0,0.0,0.0,0.0,0.0,0.0,0.0,0.0,0.0,0.0,0.0,0.0,0.0,0.0,0.0,0.0,0.0,0.0,0.0,0.0,0.0,0.0,0.0,0.0,0.0,0.0,0.0,0.0,0.0,0.0,0.0,0.0,0.0,0.0,0.0,0.0,0.0,0.0,0.0,0.0,0.0,0.0,0.0,0.0,0.0,0.0,0.0,0.0,0.0,0.0,0.0,0.0,0.0,0.0,0.0,0.0,4.16e-05,0.0,0.0,0.0,0.0,0.0,0.0,0.0,0.0,0.0,0.0,0.0,0.0,0.0,0.0,0.0,0.0,0.0,0.0,0.0,0.0,0.0,0.0,0.0,0.0,0.0,0.0,0.0,0.0,0.0,0.0,0.0,4.16e-05,4.16e-05,4.16e-05,8.31e-05,0.0,0.0,0.0,0.0,0.0,0.0,0.0,0.0,0.0,0.0,0.0,0.0,0.0,0.0,0.0,0.0,0.0,0.0,0.0,0.0,0.0,0.0,0.0,0.0,0.0,0.0,0.0,0.0,0.0,0.0,0.0,0.0,0.0,0.0,0.0,0.0
SRR12478784,0.651289698,0.138392716,0.001300803,0.0,9.52e-05,0.0,0.0,0.0,0.089882293,0.022716457,0.002823694,6.35e-05,0.004663854,0.005266665,0.000380723,0.009232526,0.000983534,0.0,0.000285542,0.000190361,0.000222088,0.003807227,0.001046988,0.013928107,0.000253815,3.17e-05,0.0,0.000126908,0.003045782,6.35e-05,0.0,0.021859831,0.000253815,9.52e-05,9.52e-05,0.000253815,3.17e-05,0.0,0.0,9.52e-05,0.000317269,0.0,0.0,0.0,0.0,0.0,0.0,0.0,3.17e-05,0.000761445,9.52e-05,0.0,0.0,0.0,0.0,0.000126908,0.0,0.0,0.0,0.0,0.000348996,6.35e-05,0.0,6.35e-05,3.17e-05,0.0,0.0,0.0,0.000634538,0.0,0.0,0.0,0.0,6.35e-05,0.0,0.0,0.0,0.0,0.0,0.0,0.000539357,3.17e-05,0.0,0.00184016,0.0,0.0,3.17e-05,3.17e-05,0.0,0.0,0.0,0.002982328,6.35e-05,0.001046988,3.17e-05,0.0,0.0,0.0,0.0,0.000602811,0.0,3.17e-05,3.17e-05,0.0,3.17e-05,0.0,3.17e-05,0.0,0.0,0.000602811,6.35e-05,0.0,0.0,0.0,0.0,0.0,0.0,0.0,0.0,3.17e-05,0.006599194,0.0,3.17e-05,0.0,0.0,0.0,0.0,0.000126908,0.0,0.0,0.0,0.0,3.17e-05,0.0,3.17e-05,0.0,0.0,0.0,0.0,0.0,0.0,0.000190361,0.0,0.00326787,3.17e-05,3.17e-05,0.0,0.0,0.0,0.0,0.0,0.0,0.0,0.0,0.0,3.17e-05,0.0,0.0,0.0,0.0,0.0,0.0,3.17e-05,0.0,0.0,3.17e-05,0.0,0.0,0.0,0.0,0.0,0.0,0.0,0.0,0.0,0.0,0.0,0.0,3.17e-05,0.0,0.0,0.0,0.0,0.0,0.0,0.0,3.17e-05,0.0,0.0,0.0,0.0,0.0,0.0,0.0,0.0,0.0,0.0,6.35e-05,0.0,0.0,0.0,0.0,0.0,0.0,3.17e-05,0.0,0.0,0.0,0.0,0.0,0.0,0.0,0.0,0.0,0.0,6.35e-05,0.0,0.0,0.0,0.0,0.0,0.0,0.0,0.0,0.0,0.0,0.0,0.0,0.0,6.35e-05,0.0,0.0,0.0,0.0,3.17e-05,0.0,0.0,0.0,0.0,0.0,0.0,0.0,0.0,0.0,0.0,0.0,0.0,0.0,0.0,0.0,0.0,0.0,3.17e-05,3.17e-05,0.0,0.0,0.0,0.0,0.0,0.0,0.0,0.0,0.0,0.0,0.0,0.0,0.0,0.0,0.0,9.52e-05,0.0,0.0,0.0,0.0,0.0,0.0,0.0,0.0,0.0,0.0,0.0,0.0,0.0,0.0,0.0,0.0,0.0,0.0,0.0,0.0,0.0,0.0,3.17e-05,3.17e-05,0.0,0.0,0.0,0.0,0.0,0.0,0.0,0.0,0.0,0.0,0.0,0.0,0.0,0.0,0.0,0.0,0.0,0.0,0.0,0.0,0.0,0.0,0.0,0.0,0.0,0.0,0.0,0.0,0.0,0.0,0.0,0.0,0.0,0.0,0.0,0.0,0.0,0.0,0.0,0.0,0.0,0.0,0.0,0.0,0.0,0.0,0.0,0.0,0.0,0.0,0.0,0.0,0.0,0.0,0.0,0.0,0.0,0.0,0.0,0.0,0.0,0.0,0.0,0.0,0.0,0.0,0.0,0.0,0.0,0.0,0.0,0.0,0.0,0.0,0.0,0.0,0.0,0.0,0.0,0.0,0.0,0.0,0.0,0.0,0.0,0.0,0.0,0.0,0.0,0.0,0.0,0.0,3.17e-05,0.0,0.0,0.0,0.0,0.0,0.0,0.0,0.0,0.0,0.0,0.0,0.0,0.0,0.0,0.0,0.0,0.0,0.0,0.0,0.0,0.0,0.0,0.0,0.0,0.00561566,0.0,0.0,0.0,0.0,0.0,0.0,0.0,0.0,0.0,0.0,0.0,0.0,0.0,0.0,0.0,0.0,0.0,0.0,0.0,0.0,0.0,0.0,0.0,0.0,0.0,0.0,0.0,0.0,0.0,0.0,0.0,0.0,0.0,0.0,0.0,0.0,0.0,0.0,0.0,0.0,0.0,0.0,0.0,0.0,0.0,0.0,0.0,0.0,0.0,0.0,0.0,0.0,0.0,0.0,0.0,0.0,0.0,0.0,0.0,0.0,0.0,0.0,0.0,0.0,0.0,0.0,0.0,0.0,0.0,0.0,0.0,0.0,0.0,0.0,0.0,0.0,0.0,0.0,0.0,0.0,0.0,0.0,0.0,0.0,0.0,0.0,0.0,0.0,0.0,0.0,0.0,0.0,0.0,0.0,0.0,0.0,0.0,0.0,0.0,0.0,0.0,0.0,0.0,0.0,0.0,0.0,0.0,0.0,0.0,0.0,0.0,0.0,0.0,0.0,0.0,0.0,0.0,0.0,0.0,0.0,0.0,0.0,0.0,0.0,0.0,0.0,0.0,0.0,0.0,0.0,0.0,0.0,0.0,0.0,0.0,0.0,0.0,0.0,0.0,0.0,0.0,0.0,0.0,0.0,0.0,0.0,0.0,0.0,0.0,0.0,0.0,0.0,0.0,0.0,0.0,0.0,3.17e-05,0.0,0.0,0.0,0.0,0.0,0.0,0.0,0.0,0.0,0.0,0.0,0.0,0.0,0.0,0.0,0.0,0.0,0.0,0.0,0.0,0.0,0.0,0.0,0.0,0.0,0.0,0.0,0.0,0.0,0.0,0.0,0.0,0.0,0.0,0.0,0.0,0.0,0.0,0.0,0.0,0.0,0.0,0.0,0.0,0.0,0.0,0.0,0.0,0.0,0.0,0.0,0.0,0.0,0.0,0.0,0.0,0.0,0.0,0.0,0.0,0.0,0.0,0.0,0.0,0.0,0.0,0.0,0.0,0.0,0.0,0.0,0.0,0.0,0.0,0.0,0.0,0.0,0.0,0.0,0.0,0.0,0.0,0.0,0.0,0.0,0.0,0.0,0.0,0.0,0.0,0.0,0.0,0.0,0.0,0.0,0.0,0.0,0.0,0.0,0.0,0.0,0.0,0.0,0.0,0.0,0.0,0.0,0.0,0.0,0.0
SRR12478785,0.256921155,0.042546196,0.002696127,0.0,0.004668902,0.0,0.000394555,6.58e-05,0.211613073,0.029262839,0.016176761,0.002761886,0.018544092,0.004734662,0.000657592,0.002170053,0.002498849,0.001841257,0.003024923,0.00078911,0.001183665,0.06733741,0.005458013,0.046557506,0.001117906,0.00164398,0.0,0.00164398,0.036627869,0.000854869,0.000197278,0.001249425,0.030512264,0.000460314,0.002761886,0.001775498,0.000263037,0.000526074,0.0,0.001117906,0.000197278,0.0,0.011113303,0.0,0.0,0.000657592,0.009272046,0.002630368,0.0,0.002630368,0.000657592,0.0,0.000131518,0.000460314,0.000723351,0.023344512,0.0,0.0,0.0,0.000394555,0.005589531,0.000197278,6.58e-05,0.000657592,0.000394555,0.000328796,0.0,0.000131518,0.000591833,0.0,0.0,0.0,0.0,0.000394555,0.0,0.0,6.58e-05,0.0,0.000723351,0.002367331,0.000657592,0.000197278,0.000131518,0.009469323,6.58e-05,6.58e-05,0.008285658,0.000263037,0.000263037,0.0,0.0,0.018609851,6.58e-05,0.003024923,0.000131518,0.0,0.000920629,0.0,0.000197278,0.000526074,0.000657592,0.014993095,0.000394555,0.001775498,0.011507858,0.0,0.001249425,6.58e-05,0.000460314,0.000328796,0.000460314,0.0,0.000723351,0.000263037,0.0,0.000131518,0.0,0.0,0.000131518,0.000328796,0.001183665,0.0,0.001380943,0.0,0.000328796,0.0,0.000526074,0.000657592,0.000131518,0.0,6.58e-05,0.0,0.000131518,0.000460314,0.000657592,0.000394555,0.0,0.000131518,6.58e-05,0.0,6.58e-05,6.58e-05,6.58e-05,0.000197278,0.0,6.58e-05,0.0,0.000131518,0.0,0.0,6.58e-05,0.0,0.0,0.000197278,0.0,0.012296969,0.000131518,6.58e-05,6.58e-05,0.0,0.0,0.0,0.0,6.58e-05,0.0,0.007891103,0.0,0.0,0.0,0.0,0.0,0.0,0.000197278,0.0,0.0,0.0,0.0,0.0,0.0,0.0,0.0,0.007693825,0.0,0.0,0.0,6.58e-05,0.000263037,0.000920629,0.0,0.0,0.0,0.0,0.0,0.0,0.0,0.0,0.0,0.0,0.0,0.000197278,0.0,0.0,0.0,6.58e-05,0.003024923,6.58e-05,0.005852568,0.0,6.58e-05,0.0,0.0,0.0,6.58e-05,0.0,0.0,0.000131518,0.0,6.58e-05,0.0,0.0,6.58e-05,6.58e-05,0.002038535,6.58e-05,0.000263037,0.0,0.0,6.58e-05,0.0,6.58e-05,0.0,0.000460314,0.000328796,0.003353719,6.58e-05,6.58e-05,0.0,0.0,6.58e-05,0.000131518,0.0,0.0,0.0,0.0,0.0,0.0,0.0,0.000263037,0.0,6.58e-05,0.000131518,0.0,0.0,0.0,0.0,0.0,6.58e-05,0.0,0.0,0.0,0.0,6.58e-05,0.0,6.58e-05,6.58e-05,0.0,0.0,0.0,0.0,0.0,6.58e-05,0.0,0.0,0.0,0.0,0.0,0.0,0.0,0.0,0.0,0.0,0.0,0.0,6.58e-05,0.0,0.000723351,6.58e-05,0.0,0.0,0.0,0.000131518,6.58e-05,6.58e-05,0.000263037,0.0,0.0,0.0,0.0,0.0,0.0,0.0,0.0,0.0,0.0,0.0,0.0,0.0,0.0,0.0,0.0,0.0,0.0,0.0,0.0,0.0,0.0,0.0,0.0,0.0,0.0,0.0,0.0,0.0,0.0,6.58e-05,0.0,6.58e-05,0.0,0.0,6.58e-05,0.0,0.0,0.0,0.0,0.0,0.0,0.0,0.0,0.0,0.0,0.0,0.0,0.0,0.000263037,0.0,0.0,0.0,6.58e-05,0.000131518,0.0,0.0,0.0,0.0,0.0,0.0,0.000131518,0.0,0.0,0.0,0.0,0.0,0.0,0.0,0.0,0.0,0.0,0.0,6.58e-05,0.000131518,0.0,6.58e-05,0.0,0.0,0.0,0.0,0.0,0.0,0.0,0.0,0.0,0.0,0.0,0.0,0.0,0.0,0.0,6.58e-05,0.0,0.0,0.0,0.0,0.0,0.0,0.0,0.0,0.0,0.0,0.0,0.0,0.0,0.0,0.0,6.58e-05,0.0,0.0,0.0,0.0,0.0,0.0,0.0,0.0,0.0,0.0,0.0,0.0,0.0,6.58e-05,0.0,0.0,0.0,0.0,0.0,0.0,0.0,0.0,0.0,0.0,0.000131518,0.0,6.58e-05,0.0,0.0,0.0,0.0,0.0,0.0,0.0,0.0,0.0,0.0,0.0,0.0,0.0,0.0,0.0,0.0,0.0,0.0,0.0,0.0,0.0,0.0,0.0,0.0,0.0,0.0,0.0,0.0,0.0,0.0,0.0,0.0,0.0,0.0,0.0,0.0,0.0,0.0,0.0,0.0,0.0,6.58e-05,0.0,0.0,0.0,0.0,0.0,0.0,0.0,0.0,0.0,0.0,0.0,0.0,0.0,6.58e-05,0.0,0.0,0.0,0.0,0.0,0.0,0.0,0.0,0.0,0.0,0.0,0.0,0.0,0.0,0.0,0.0,0.0,0.0,0.0,0.0,0.0,0.0,0.0,0.0,0.0,0.0,0.0,0.0,0.0,0.0,0.0,0.0,0.0,0.0,0.0,0.0,0.0,0.0,0.0,0.0,0.0,0.0,0.0,0.0,0.0,0.0,0.0,0.0,0.0,0.0,0.0,0.0,0.0,0.0,0.0,0.0,0.0,0.0,0.0,0.0,0.0,0.0,0.0,0.0,0.0,0.0,6.58e-05,0.0,0.0,0.0,0.0,0.0,0.0,0.0,0.0,0.0,0.0,0.0,0.0,0.0,0.0,0.0,0.0,0.0,0.0,0.0,0.0,0.0,0.0,0.0,0.0,0.0,0.0,0.0,0.0,0.0,0.0,0.0,0.0,0.0,0.0,0.0,0.0,0.0,0.0,0.0,0.0,0.0,0.0,0.0,0.0,0.0,0.0,0.0,0.0,0.0,0.0,0.0,0.0,0.0,0.0,0.0,0.0,0.0,0.0,0.0,0.0,0.0,0.0,0.0,0.0,0.0,0.0,0.0,0.0,0.0,0.0,0.0,0.0,0.0,0.0,0.0,0.0,0.0,0.0,0.0,0.0,0.0,0.0,0.0,0.0,0.0,0.0,0.0,0.0,0.0,0.0,6.58e-05,6.58e-05,6.58e-05,0.0,0.0,0.0,0.0,0.0,0.0,0.0,0.0,0.0,0.0,0.0,0.0,0.0,0.0,0.0,0.0,0.0,0.0,0.0,0.0,0.0,0.0,0.0,0.0,0.0,0.0,0.0,0.0,0.0,0.0,0.0,0.0,0.0
SRR12478788,0.719887392,0.00924995,0.000301629,0.0,0.002312487,0.000100543,0.0,0.0,0.085411221,0.004876332,0.003569274,0.000201086,0.012366781,0.010205108,0.000955158,0.015131711,0.000402172,0.000100543,0.000653529,0.0003519,0.000251357,0.010054293,0.004273075,0.035441383,0.002513573,0.000201086,0.0,0.000402172,0.007289363,0.000301629,0.0,0.001105972,0.023124874,0.0,0.000854615,0.000402172,0.000502715,0.0,0.0,0.00206113,5.03e-05,0.0,0.000100543,0.0,0.0,0.00412226,0.000754072,0.0,0.000452443,0.000804343,0.0,0.0,0.0,0.000150814,5.03e-05,0.001860044,0.0,0.0003519,0.0,0.000402172,0.000402172,0.000502715,5.03e-05,0.000150814,5.03e-05,5.03e-05,0.0,5.03e-05,0.006836919,0.000100543,0.0,0.0,0.000150814,0.000100543,0.0,0.0,0.0,0.0,0.002211945,0.0003519,5.03e-05,5.03e-05,0.0003519,0.000301629,0.0,0.001508144,0.000703801,0.000100543,0.0,0.0,0.0,0.000201086,0.0,5.03e-05,0.0,0.0,0.0003519,0.0,0.0,0.000201086,0.000251357,0.001658958,0.000201086,0.000100543,0.004273075,0.0,0.006635834,0.0,0.0,0.000804343,0.002463302,0.0,0.000150814,0.000150814,0.0,0.0,0.0,0.0,0.0,0.0,0.0,0.0,0.000201086,0.0,0.000150814,0.0,0.0,0.0,0.000150814,0.0,0.0,0.0,0.0,0.0,5.03e-05,0.000150814,0.0,0.0,0.0,0.0,0.0,0.000201086,0.0,0.0,0.0,0.0,0.000150814,0.0,0.0,0.0,0.0,0.0,5.03e-05,0.0,0.0,0.000452443,0.0,0.000402172,5.03e-05,0.0,5.03e-05,0.0,0.0,0.0,0.0,5.03e-05,0.0,0.0,0.0,0.0,0.0,0.0,0.0,0.0,0.0,0.0,0.0,0.0,0.0,0.0,0.0,0.0,0.0,0.0,5.03e-05,0.0,0.0,0.0,0.0,0.0,0.0,0.0,0.0,0.0,0.0,0.0,0.0,0.0,5.03e-05,0.000100543,0.0,0.0,0.0,0.0,0.0,0.0,0.0,0.0,0.0,0.0,0.0,0.000100543,0.0,5.03e-05,0.0,0.0,0.0,0.0,0.0,0.0,0.0,0.0,0.0,5.03e-05,5.03e-05,0.0,0.0,0.0,0.0,0.0,0.000201086,5.03e-05,0.0,0.0,0.0,0.0,0.0,0.0,0.0,0.0,0.0,5.03e-05,0.0,0.000251357,0.0,0.0,0.0,0.0,0.0,0.0,0.0,0.0,5.03e-05,0.0,0.0,0.0,0.0,0.0,0.0,0.0,0.0,0.0,0.0,0.0,0.0,0.0,0.0,0.0,0.0,0.0,0.0,0.0,0.0,0.0,0.0,0.0,0.0,0.0,0.0,0.0,0.0,0.0,0.0,0.0,5.03e-05,0.000201086,0.0,0.0,0.0,0.0,0.0,0.0,0.0,0.0,0.0,0.0,0.0,0.0,0.0,0.0,0.000100543,0.0,0.0,0.0,0.0,5.03e-05,0.000100543,0.0,0.0,0.0,0.0,0.0,5.03e-05,0.0,0.0,0.0,0.0,0.0,0.0,0.0,0.0,5.03e-05,0.0,0.0,0.0,0.0,0.0,0.0,0.0,0.0,0.0,0.0,0.0,0.0,0.0,0.0,0.0,0.0,0.0,0.0,0.0,0.0,0.0,0.0,0.0,0.0,0.0,0.0,0.0,0.0,0.0,0.0,0.0,0.0,0.0,0.0,0.000100543,0.0,0.0,0.0,0.0,0.0,0.0,0.0,0.0,0.0,0.0,0.0,5.03e-05,0.0,0.0,0.0,0.0,0.0,0.0,0.0,0.0,0.0,0.0,0.0,0.0,0.0,0.0,0.0,0.0,0.0,0.0,0.0,0.0,0.0,0.0,0.0,0.0,0.0,0.0,0.0,0.0,0.0,0.0,0.0,0.0,0.0,0.0,0.0,0.0,0.0,0.0,0.0,0.0,0.0,0.0,0.0,0.0,0.0,0.0,0.0,0.0,0.0,0.0,0.0,0.0,0.0,0.0,0.0,0.0,0.0,0.000100543,0.0,0.0,0.0,0.0,0.0,0.0,0.0,0.0,0.0,0.0,0.0,0.0,0.0,0.0,0.0,0.0003519,0.0,0.0,0.0,0.0,0.0,0.0,0.0,0.0,0.0,0.0,0.0,0.0,0.0,0.0,0.0,0.0,0.0,0.0,0.0,0.0,0.0,0.0,0.0,0.0,0.0,0.0,0.0,0.0,0.0,0.0,0.0,0.0,0.0,0.0,0.0,0.0,0.0,0.0,0.0,0.0,0.0,0.0,0.0,0.0,0.0,0.0,0.0,0.0,0.0,0.0,0.0,0.0,0.0,0.0,0.0,0.0,0.0,0.0,0.0,0.0,0.0,0.0,0.0,0.0,0.0,0.0,5.03e-05,0.0,0.0,0.0,0.0,0.0,0.0,0.0,0.0,0.0,0.0,0.0,0.0,0.0,0.0,0.0,0.0,0.0,0.0,0.0,0.0,0.0,0.0,0.0,0.0,0.0,0.0,0.0,0.0,0.0,0.0,0.0,0.0,0.0,0.0,0.0,0.0,0.0,0.0,0.0,0.0,0.0,0.0,0.0,0.0,0.0,0.0,0.0,0.0,0.0,0.0,0.0,0.0,0.0,0.0,0.0,0.0,0.0,0.0,0.0,0.0,0.0,0.0,0.0,0.0,0.0,0.0,0.0,0.0,0.0,0.0,0.0,0.0,0.0,0.0,0.0,0.0,0.0,0.0,0.0,0.0,0.0,0.0,0.0,0.0,0.0,0.0,0.0,0.0,0.0,0.0,0.0,0.0,5.03e-05,0.0,0.0,0.0,0.0,0.0,0.0,0.0,0.0,0.0,0.0,0.0,0.0,0.0,0.0,0.0,0.0,0.0,0.0,0.0,0.0,0.0,0.0,0.0,0.0,0.0,0.0,0.0,0.0,0.0,0.0,0.0,0.0,0.0,0.0,0.0,0.0,0.0,0.0,0.0,0.0,0.0,0.0,0.0,0.0,0.0,0.0,0.0,0.0,0.0,0.0,0.0,0.0,0.0,0.0,0.0,0.0,0.0,0.0,0.0,0.0,0.0,0.0,0.0,0.0,0.0,0.0,0.0,0.0,0.0,0.0,0.0,0.0,0.0,0.0,0.0,0.0
SRR12478793,0.0,0.0,0.0,0.0,0.0,0.0,0.0,0.0,0.25,0.0,0.0,0.0,0.0,0.0,0.0,0.0,0.0,0.0,0.0,0.0,0.0,0.0,0.0,0.0,0.0,0.0,0.0,0.0,0.0,0.0,0.0,0.0,0.0,0.0,0.0,0.0,0.0,0.0,0.0,0.0,0.0,0.0,0.0,0.0,0.0,0.0,0.0,0.0,0.0,0.0,0.0,0.0,0.0,0.0,0.0,0.0,0.0,0.0,0.0,0.0,0.0,0.0,0.0,0.0,0.0,0.0,0.0,0.0,0.0,0.0,0.0,0.0,0.0,0.0,0.0,0.0,0.0,0.0,0.0,0.0,0.0,0.0,0.0,0.0,0.0,0.0,0.0,0.0,0.0,0.0,0.0,0.0,0.0,0.0,0.0,0.0,0.0,0.0,0.0,0.0,0.0,0.0,0.0,0.0,0.0,0.0,0.0,0.0,0.0,0.0,0.0,0.0,0.0,0.0,0.0,0.0,0.0,0.0,0.0,0.0,0.25,0.0,0.0,0.0,0.0,0.0,0.0,0.0,0.0,0.0,0.0,0.0,0.0,0.0,0.0,0.0,0.0,0.0,0.0,0.0,0.0,0.0,0.0,0.0,0.0,0.0,0.0,0.0,0.0,0.0,0.0,0.0,0.0,0.0,0.0,0.0,0.0,0.0,0.0,0.0,0.0,0.0,0.0,0.0,0.0,0.0,0.0,0.0,0.0,0.0,0.0,0.0,0.0,0.0,0.0,0.0,0.0,0.0,0.0,0.0,0.0,0.0,0.0,0.0,0.0,0.0,0.0,0.0,0.0,0.0,0.0,0.0,0.0,0.0,0.0,0.0,0.0,0.0,0.0,0.0,0.0,0.0,0.0,0.0,0.0,0.0,0.0,0.0,0.0,0.0,0.0,0.0,0.0,0.0,0.0,0.0,0.0,0.0,0.0,0.0,0.0,0.0,0.0,0.0,0.0,0.0,0.0,0.0,0.0,0.0,0.0,0.0,0.0,0.0,0.0,0.0,0.0,0.0,0.0,0.0,0.0,0.0,0.0,0.0,0.0,0.0,0.0,0.0,0.0,0.0,0.0,0.0,0.0,0.0,0.0,0.0,0.0,0.0,0.0,0.0,0.0,0.0,0.0,0.0,0.0,0.0,0.0,0.5,0.0,0.0,0.0,0.0,0.0,0.0,0.0,0.0,0.0,0.0,0.0,0.0,0.0,0.0,0.0,0.0,0.0,0.0,0.0,0.0,0.0,0.0,0.0,0.0,0.0,0.0,0.0,0.0,0.0,0.0,0.0,0.0,0.0,0.0,0.0,0.0,0.0,0.0,0.0,0.0,0.0,0.0,0.0,0.0,0.0,0.0,0.0,0.0,0.0,0.0,0.0,0.0,0.0,0.0,0.0,0.0,0.0,0.0,0.0,0.0,0.0,0.0,0.0,0.0,0.0,0.0,0.0,0.0,0.0,0.0,0.0,0.0,0.0,0.0,0.0,0.0,0.0,0.0,0.0,0.0,0.0,0.0,0.0,0.0,0.0,0.0,0.0,0.0,0.0,0.0,0.0,0.0,0.0,0.0,0.0,0.0,0.0,0.0,0.0,0.0,0.0,0.0,0.0,0.0,0.0,0.0,0.0,0.0,0.0,0.0,0.0,0.0,0.0,0.0,0.0,0.0,0.0,0.0,0.0,0.0,0.0,0.0,0.0,0.0,0.0,0.0,0.0,0.0,0.0,0.0,0.0,0.0,0.0,0.0,0.0,0.0,0.0,0.0,0.0,0.0,0.0,0.0,0.0,0.0,0.0,0.0,0.0,0.0,0.0,0.0,0.0,0.0,0.0,0.0,0.0,0.0,0.0,0.0,0.0,0.0,0.0,0.0,0.0,0.0,0.0,0.0,0.0,0.0,0.0,0.0,0.0,0.0,0.0,0.0,0.0,0.0,0.0,0.0,0.0,0.0,0.0,0.0,0.0,0.0,0.0,0.0,0.0,0.0,0.0,0.0,0.0,0.0,0.0,0.0,0.0,0.0,0.0,0.0,0.0,0.0,0.0,0.0,0.0,0.0,0.0,0.0,0.0,0.0,0.0,0.0,0.0,0.0,0.0,0.0,0.0,0.0,0.0,0.0,0.0,0.0,0.0,0.0,0.0,0.0,0.0,0.0,0.0,0.0,0.0,0.0,0.0,0.0,0.0,0.0,0.0,0.0,0.0,0.0,0.0,0.0,0.0,0.0,0.0,0.0,0.0,0.0,0.0,0.0,0.0,0.0,0.0,0.0,0.0,0.0,0.0,0.0,0.0,0.0,0.0,0.0,0.0,0.0,0.0,0.0,0.0,0.0,0.0,0.0,0.0,0.0,0.0,0.0,0.0,0.0,0.0,0.0,0.0,0.0,0.0,0.0,0.0,0.0,0.0,0.0,0.0,0.0,0.0,0.0,0.0,0.0,0.0,0.0,0.0,0.0,0.0,0.0,0.0,0.0,0.0,0.0,0.0,0.0,0.0,0.0,0.0,0.0,0.0,0.0,0.0,0.0,0.0,0.0,0.0,0.0,0.0,0.0,0.0,0.0,0.0,0.0,0.0,0.0,0.0,0.0,0.0,0.0,0.0,0.0,0.0,0.0,0.0,0.0,0.0,0.0,0.0,0.0,0.0,0.0,0.0,0.0,0.0,0.0,0.0,0.0,0.0,0.0,0.0,0.0,0.0,0.0,0.0,0.0,0.0,0.0,0.0,0.0,0.0,0.0,0.0,0.0,0.0,0.0,0.0,0.0,0.0,0.0,0.0,0.0,0.0,0.0,0.0,0.0,0.0,0.0,0.0,0.0,0.0,0.0,0.0,0.0,0.0,0.0,0.0,0.0,0.0,0.0,0.0,0.0,0.0,0.0,0.0,0.0,0.0,0.0,0.0,0.0,0.0,0.0,0.0,0.0,0.0,0.0,0.0,0.0,0.0,0.0,0.0,0.0,0.0,0.0,0.0
SRR12478795,0.640340575,0.090037189,0.002544529,0.0,0.0,0.0,9.79e-05,0.0,0.17273439,0.000782932,0.001076532,0.0002936,0.007927187,0.006850656,0.000587199,0.003621061,0.000685066,9.79e-05,0.0,9.79e-05,0.001565864,0.004697592,0.003718927,0.025445293,0.000195733,0.0,0.0,0.000195733,0.005382658,9.79e-05,0.0,0.0,0.000391466,9.79e-05,0.00195733,0.000489333,0.0,0.0,0.0,0.0,0.0,0.0,9.79e-05,0.0,0.0,0.0,0.0,0.0,0.0,0.007927187,0.0,9.79e-05,0.0,0.0,0.0,9.79e-05,0.0,0.0,0.0,0.0,9.79e-05,0.0,0.0,0.0,0.0,0.0,0.0,0.0,0.000782932,0.0,0.0,0.0,0.0,0.000195733,0.0,0.0,0.0,0.0,0.0,0.0,0.0,0.0,9.79e-05,0.0,0.0,0.000587199,9.79e-05,0.000195733,0.0,0.0,0.0,0.005871991,0.0,0.0,0.0,0.0,0.0,0.0,0.0,0.000195733,0.0,0.0,9.79e-05,0.0,0.0,0.0,0.0,0.0,0.0,0.006752789,0.0,0.0,0.0,0.0,0.0,0.0,0.0,0.0,0.0,0.0,0.003425328,0.0,0.0,0.0,0.0,0.0,0.0,0.0,0.0,0.0,0.0,0.0,0.0,0.0,0.0,0.0002936,0.0,0.0,0.0,0.0,0.0,0.0,0.0,0.0,0.0,0.0,0.0,0.0,0.0,0.0,0.0,0.0,0.000195733,0.0,0.0,0.0,0.0,0.0,0.0,0.0,0.0,0.0,0.0,0.0,0.0,0.0,0.0,0.0,0.0,0.0,0.0,0.0,0.0,0.0,0.0,0.0,0.0,0.0,0.0,0.0,0.0,0.0,0.0,0.0,0.0,0.0,9.79e-05,0.0,0.0,0.0,0.0,0.0,0.0,0.0,0.0,0.0,0.0,0.0,0.0,0.0,0.0,0.0,0.0,0.0,0.0,0.0,0.0,0.0,0.0,0.0,0.0,0.0,0.0,0.0,0.0,0.0,0.0,0.0,0.0,0.0,0.0,0.0,0.0,0.0,0.0,0.0,0.0,0.0,0.0,0.0,0.0,9.79e-05,0.0,0.0,0.0,0.0,0.0,0.0,0.0,0.0,0.0,9.79e-05,0.0,0.0,0.0,0.0,0.000195733,0.0,0.0,0.0,0.0,0.0,0.0,0.0,0.0,0.0,0.0,0.0,0.0,0.0,0.0,0.0,0.0,0.0,0.0,0.0,0.0,0.0,0.0,0.0,0.0,0.0,0.0,0.0,0.0,0.0,0.0,0.0,0.0,0.0,0.0,0.0,0.0,0.0,0.0,0.0,0.0,0.0,0.0,0.0,0.0,0.0,0.0,0.0,0.0,0.0,0.0,0.0,0.0,0.0,0.0,0.0,0.0,0.0,0.0,0.0,0.0,0.0,0.0,0.0,0.0,0.0,0.0,0.0,0.0,0.0,0.0,0.0,0.0,0.0,0.0,0.0,0.0,9.79e-05,0.0,0.0,0.0,0.0,0.0,0.0,0.0,0.0,0.0,0.0,0.0,0.0,0.0,0.0,0.0,0.0,0.0,0.0,0.0,0.0,0.0,0.0,0.0,0.0,0.0,0.0,0.0,0.0,0.0,0.0,0.0,0.0,0.0,0.0,0.0,0.0,0.0,0.0,0.0,0.0,0.0,0.0,0.0,0.0,0.0,0.0,0.0,0.0,0.0,0.0,0.0,0.0,0.0,0.0,0.0,0.0,0.0,0.0,0.0,0.0,0.0,0.0,0.0,0.000195733,0.0,0.0,0.0,0.0,0.0,0.0,0.0,0.0,0.0,0.0,0.0,0.0,0.0,0.0,0.0,0.0,0.0,0.0,0.0,0.0,0.0,0.0,0.0,0.0,0.0,0.0,0.0,0.0,0.0,0.0,0.0,0.0,0.0,0.0,0.0,0.0,0.0,0.0,0.0,0.0,0.0,0.0,0.0,0.0,0.0,0.0,0.0,0.0,0.0,0.0,0.0,0.0,0.0,0.0,0.0,0.0,0.0,0.0,0.0,0.0,0.0,0.0,0.0,0.0,0.0,0.0,0.0,0.0,0.0,0.0,0.0,0.0,0.0,0.0,0.0,0.0,0.0,0.0,0.0,0.0,0.0,0.0,0.0,0.0,0.0,0.0,0.0,0.0,0.0,0.0,0.0,0.0,0.0,0.0,0.0,0.0,0.0,0.0,0.0,0.0,0.0,0.0,0.0,0.0,0.0,0.0,0.0,0.0,0.0,0.0,0.0,0.0,0.0,0.0,0.0,0.0,0.0,0.0,0.0,0.0,0.0,0.0,9.79e-05,0.0,0.0,0.0,0.0,0.0,0.0,0.0,0.0,0.0,0.0,0.0,0.0,0.0,0.0,0.0,0.0,0.0,0.0,0.0,0.0,0.0,0.0,0.0,0.0,0.0,0.0,0.0,0.0,0.0,0.0,0.0,0.0,0.0,0.0,0.0,0.0,0.0,0.0,0.0,0.0,0.0,0.0,0.0,0.0,0.0,0.0,0.0,0.0,0.0,0.0,0.0,0.0,0.0,0.0,0.0,0.0,0.0,0.0,0.0,0.0,0.0,0.0,0.0,0.0,0.0,0.0,0.0,0.0,0.0,0.0,0.0,0.0,0.0,0.0,0.0,0.0,0.0,0.0,0.0,0.0,0.0,0.0,0.0,0.0,0.0,0.0,0.0,0.0,0.0,0.0,0.0,0.0,0.0,0.0,0.0,0.0,0.0,0.0,0.0,0.0,0.0,0.0,0.0,0.0,0.0,0.0,0.0,0.0,0.0,0.0,0.0,0.0,0.0,0.0,0.0,0.0,0.0,0.0,0.0,0.0,0.0,0.0,0.0,0.0,0.0,0.0,0.0,0.0,0.0,0.0,0.0,0.0,0.0,0.0,0.0,0.0,0.0,0.0,0.0,0.0,0.0,0.0,0.0,0.0,0.0,0.0,0.0,0.0,0.0,0.0,0.0,0.0,0.0,0.0,0.0,0.0,0.0,0.0,0.0,0.0,0.0,0.0,0.0,0.0,0.0,0.0,0.0,0.0
SRR12478797,0.545947341,0.011099639,4.3e-05,0.0,0.000301153,0.000215109,0.0,0.0,0.147694029,0.009550852,0.003097574,0.004732404,0.015143693,0.01183101,0.000301153,0.003785923,0.000301153,0.000215109,0.000258131,4.3e-05,0.000731372,0.006281191,0.001419721,0.06169334,0.001376699,0.000172087,0.0,0.000645328,0.01114266,0.000129066,0.0,0.01183101,0.008131131,0.008475305,0.009593874,0.000344175,0.000129066,0.0,0.000172087,0.00068835,8.6e-05,0.0,0.000172087,0.0,0.0,0.001032525,0.002581311,0.000344175,0.0,0.000172087,0.0,0.000129066,0.0,0.024092239,0.000172087,0.003398727,0.0,0.000172087,0.000516262,0.0,0.00047324,4.3e-05,0.0,0.0,4.3e-05,8.6e-05,0.0,4.3e-05,0.000344175,4.3e-05,0.0,0.0,0.0,4.3e-05,0.0,0.0,0.0,0.0,4.3e-05,4.3e-05,4.3e-05,0.0,0.0,0.001333678,0.000172087,0.001462743,0.001763896,0.000129066,0.0,0.0,0.0,0.000258131,0.0,0.000129066,0.000129066,0.000172087,0.0,0.0,0.0,8.6e-05,0.000172087,0.000946481,8.6e-05,4.3e-05,0.001075546,0.0,0.002108071,0.0,0.0,0.002796421,0.000172087,0.0,0.000258131,0.000215109,0.000172087,8.6e-05,0.0,0.0,4.3e-05,0.0,0.0,0.0,0.000387197,0.0,0.000344175,0.0,0.0,4.3e-05,8.6e-05,0.0,4.3e-05,0.0,0.0,4.3e-05,4.3e-05,0.000817415,4.3e-05,0.0,0.0,0.0,0.0,8.6e-05,0.0,0.0,0.0,0.048958871,4.3e-05,0.0,0.0,0.0,8.6e-05,0.0,0.0,0.0,0.0,0.000344175,0.0,0.0,8.6e-05,0.0,8.6e-05,0.0,0.0,0.0,0.0,8.6e-05,0.0,0.0,0.0,0.0,0.0,0.0,8.6e-05,0.0,0.000172087,0.0,0.0,0.0,0.0,0.0,0.0,0.000129066,0.0,0.001548787,0.0,0.001376699,0.000387197,4.3e-05,4.3e-05,0.0,0.0,0.0,0.0,0.0,0.0,0.0,0.0,0.0,0.0,8.6e-05,0.0,0.0,0.0,0.0,0.000258131,0.0,0.003742901,0.0,4.3e-05,0.0,0.0,4.3e-05,0.0,0.0,0.0,8.6e-05,0.0,4.3e-05,0.0,0.0,0.0,0.0,0.0,0.0,4.3e-05,8.6e-05,0.0,0.0,0.0,0.0,4.3e-05,0.0,0.0,0.0,0.0,0.0,0.0,0.0,0.0,0.0,0.0,4.3e-05,0.0,0.0,0.0,0.0,0.0,0.0,0.0,0.0,0.0,0.0,0.0,0.000860437,0.0,0.0,0.0,0.0,0.0,0.0,0.0,0.0,0.0,0.0,0.0,0.0,0.0,0.0,0.0,0.0,0.0,0.0,0.0,0.0,0.0,0.0,0.0,0.0,0.0,0.0,0.0,0.0,0.0,0.00184994,0.0,0.0,0.0,0.0,0.0,0.0,0.0,0.0,0.0,0.0,0.0,0.0,0.0,0.0,0.0,0.0,0.0,0.0,0.0,0.0,0.0,0.0,0.0,0.0,0.0,0.0,0.0,0.0,0.0,0.0,0.0,0.0,0.0,0.0,0.0,0.0,0.0,0.0,0.0,0.0,0.0,0.0,0.0,0.0,0.0,0.0,0.0,0.0,0.0,0.0,0.0,0.0,0.0,0.0,0.0,0.0,0.0,0.0,0.0,4.3e-05,0.0,0.0,0.0,0.0,0.0,4.3e-05,0.0,0.0,0.0,0.0,0.0,0.0,0.0,0.0,0.0,0.0,0.0,0.0,0.0,0.0,0.0,0.0,0.0,0.0,0.011185682,0.0,0.0,0.0,4.3e-05,0.0,0.0,0.0,0.0,0.0,0.0,0.0,0.0,0.0,0.0,0.0,0.0,0.0,0.0,4.3e-05,0.0,0.0,0.0,0.0,0.0,0.0,0.0,0.0,0.0,0.0,0.0,0.0,0.0,0.0,0.0,0.0,0.0,0.0,0.0,0.0,0.0,0.0,0.0,0.0,0.0,0.0,0.0,0.0,4.3e-05,0.0,0.0,0.0,0.0,0.0,0.0,0.0,0.0,0.0,0.0,0.0,0.0,0.0,0.0,0.0,0.0,0.0,0.0,0.0,0.0,0.0,0.0,4.3e-05,0.0,0.0,0.0,0.0,0.0,0.0,0.0,0.0,4.3e-05,0.0,0.0,0.0,0.0,0.0,0.0,0.0,0.0,0.0,0.0,0.0,4.3e-05,0.0,0.0,0.0,0.0,0.0,0.0,0.0,0.0,0.0,0.0,0.000129066,0.0,0.0,0.0,0.0,0.0,0.0,0.0,0.0,0.0,0.0,0.0,0.0,0.0,0.0,0.0,0.0,0.0,0.0,0.0,0.0,0.0,0.0,0.0,4.3e-05,0.0,0.0,0.0,0.0,0.0,0.0,0.0,0.0,0.0,0.0,0.0,0.0,0.0,0.0,0.0,0.0,0.0,0.0,0.0,0.0,0.0,0.0,0.0,0.0,0.0,0.0,0.0,0.0,0.0,0.0,0.0,0.0,0.0,0.0,0.0,0.0,0.0,0.0,0.0,0.0,0.0,0.0,0.0,0.0,0.0,0.0,0.0,0.0,0.0,0.0,0.0,0.0,0.0,0.0,0.0,0.0,0.0,0.0,0.0,0.0,0.0,0.0,0.0,0.0,0.0,0.0,0.0,0.0,4.3e-05,0.0,0.0,0.0,0.0,0.0,0.0,0.0,0.0,0.0,0.0,0.0,0.0,0.0,0.0,0.0,0.0,0.0,0.0,0.0,0.0,0.0,0.0,0.0,0.0,0.0,0.0,0.0,0.0,0.0,0.0,0.0,0.0,0.0,0.0,0.0,0.0,0.0,0.0,0.0,0.0,0.0,0.0,0.0,0.0,0.0,0.0,0.0,0.0,0.0,0.0,0.0,0.0,0.0,0.0,0.0,0.0,0.0,0.0,0.0,0.0,0.0,0.0,0.0,0.0,0.0,0.0,0.0,0.0,0.0,0.0,0.0,0.0,0.0,0.0,0.0,0.0,0.0,0.0,0.0,0.0,0.0,0.0,0.0,0.0,0.0,0.0,0.0,0.0,0.0,0.0,0.0,0.000129066,4.3e-05,0.0,0.0,0.0,0.0,0.0,0.0,0.0,0.0,0.0,0.0,0.0,0.0,0.0,0.0,0.0,0.0,0.0,0.0,0.0,0.0,0.0
SRR12478798,0.003575391,0.735174454,0.04043891,0.0,6.16e-05,0.0,0.000801381,0.0,0.002342498,0.000308223,0.001541117,0.0,0.02700037,0.009123413,0.000431513,0.000431513,0.000493157,0.000184934,0.000184934,0.001664406,0.000308223,0.002589077,0.003328813,0.006287757,0.0,0.000801381,0.0,0.000123289,0.000308223,0.000123289,0.0,0.025335964,0.000123289,0.067932437,0.012575515,0.002589077,0.000123289,0.0,0.0,0.000493157,0.000493157,0.0,0.000308223,0.0,0.0,0.0,0.0,0.0,0.0,0.00104796,0.000246579,6.16e-05,6.16e-05,0.0,0.0,0.0,0.0,0.0,0.0,6.16e-05,0.000123289,0.0,0.0,0.0,0.0,0.0,0.0,0.0,0.002774011,0.0,0.0,0.0,0.0,0.0,0.0,0.0,0.0,0.0,0.00104796,0.0,0.0,0.0,6.16e-05,0.004993219,0.0,0.0,0.0,0.00092467,6.16e-05,0.0,6.16e-05,0.002958945,6.16e-05,0.000616447,0.0,0.0,0.000123289,0.0,0.0,6.16e-05,0.0,0.0,0.0,0.0,0.0,0.0,0.0,0.0,0.0,0.002280853,0.000123289,0.0,0.000431513,0.0,0.0,6.16e-05,0.0,0.0,0.0,0.0,0.000616447,0.0,0.000431513,6.16e-05,0.0,0.0,0.000123289,0.0,0.000616447,0.0,0.0,0.0,0.0,6.16e-05,0.0,0.0,0.0,0.0,0.0,0.0,0.000123289,0.0,6.16e-05,0.004561706,0.0,0.0,0.0,6.16e-05,0.0,0.0,0.000123289,0.000369868,6.16e-05,0.0,0.0,0.0,0.0,0.0,6.16e-05,0.0,0.0,0.0,0.0,0.0,0.0,0.0,0.0,0.0,0.0,0.0,0.0,0.0,6.16e-05,0.0,0.0,0.0,6.16e-05,6.16e-05,0.0,0.0,0.0,0.0,0.0,0.0,0.0,0.0,0.0,0.0,0.0,0.0,0.0,0.0,0.0,0.0,0.0,0.0,0.0,0.0,0.0,0.0,0.0,0.0,0.0,0.0,0.0,0.0,0.0,0.0,0.0,0.0,0.0,0.0,0.0,0.0,0.0,0.0,0.0,0.0,0.0,0.0,0.0,0.0,0.0,6.16e-05,0.0,0.0,0.0,0.0,0.0,0.0,0.0,0.0,0.0,0.0,0.0,0.0,0.0,0.0,0.0,0.0,0.0,0.0,0.0,0.0,0.0,0.0,0.0,0.0,0.0,0.0,0.0,0.0,0.0,0.0,0.0,0.0,0.0,0.0,0.0,0.0,0.0,0.0,0.0,0.0,0.0,0.0,0.0,0.0,0.0,6.16e-05,0.0,0.0,0.0,0.0,0.0,0.0,0.0,0.0,0.0,0.0,0.0,0.0,6.16e-05,0.0,6.16e-05,6.16e-05,0.0,6.16e-05,0.0,0.0,0.0,6.16e-05,0.0,0.0,0.0,0.0,0.0,0.0,0.0,0.0,0.0,0.0,0.0,0.0,0.0,0.0,0.0,0.0,0.0,0.0,0.0,0.0,0.0,0.0,0.0,0.0,0.0,0.0,0.0,0.0,0.0,0.0,0.0,0.0,0.0,0.0,0.0,0.0,0.000123289,0.0,0.0,0.0,0.0,0.0,0.0,0.0,0.0,0.0,0.0,0.0,0.0,0.0,0.0,0.0,0.0,0.0,6.16e-05,0.0,0.0,0.0,0.0,0.0,0.0,0.0,0.0,0.0,0.0,0.0,0.0,0.0,0.0,0.0,0.0,0.0,0.0,0.0,0.0,0.0,0.000123289,0.0,0.0,0.0,0.0,0.0,0.0,0.0,0.0,0.0,0.0,0.025459253,0.0,0.0,0.0,0.0,0.0,0.0,0.0,0.000123289,0.0,0.0,0.0,0.0,0.0,0.0,0.0,0.0,0.0,0.0,0.0,0.0,0.0,0.0,0.0,0.0,0.0,0.0,0.0,0.0,6.16e-05,0.0,0.0,0.0,0.0,0.0,0.0,0.0,0.0,0.0,0.0,0.0,0.0,0.0,0.0,0.0,0.0,0.0,0.0,0.0,0.0,0.0,0.0,0.0,0.0,0.0,0.0,0.0,6.16e-05,0.0,0.0,0.0,0.0,0.0,0.0,0.0,0.0,0.0,0.0,0.0,0.0,0.0,0.0,0.0,0.0,0.0,0.0,0.0,0.0,0.0,0.0,0.0,0.0,0.0,0.0,0.0,0.0,0.0,0.0,0.0,0.0,0.0,0.0,0.0,0.0,0.0,0.0,0.0,0.0,0.0,0.0,0.0,0.0,0.0,0.0,0.0,0.0,0.0,0.0,0.0,0.0,0.0,0.0,0.0,0.0,0.0,0.0,0.0,0.0,0.0,0.0,0.0,0.0,0.0,0.0,0.0,0.0,0.0,0.0,0.0,0.0,0.0,0.0,0.0,0.0,0.0,0.0,0.0,0.0,0.0,0.0,0.0,0.0,0.0,0.0,0.0,0.0,0.0,0.0,0.0,0.0,0.0,0.0,0.0,0.0,0.0,0.0,0.0,0.0,0.0,0.0,0.0,0.0,0.0,0.0,0.0,0.0,0.0,0.0,0.0,0.0,0.0,0.0,0.0,0.0,0.0,0.0,0.0,0.0,0.0,0.0,0.0,0.0,0.0,0.0,6.16e-05,0.0,0.0,0.0,0.0,0.0,0.0,0.0,0.0,0.0,0.0,0.0,0.0,0.0,0.0,0.0,0.0,0.0,0.0,0.0,0.0,0.0,0.0,0.0,0.0,0.0,0.0,0.0,0.0,0.0,0.0,0.0,0.0,0.0,0.0,0.0,0.0,0.0,0.0,0.0,0.0,0.0,0.0,0.0,0.0,0.0,0.0,0.0,0.0,0.0,0.0,0.0,0.0,0.0,0.0,0.0,0.0,0.0,0.0,0.0,0.000123289,0.0,0.0,0.0,0.0,0.0,0.0,0.0,0.0,0.0,0.0,0.0,0.0,0.0,0.0,0.0,0.0,0.0,0.0,0.0,0.0,0.0,0.0,0.0,0.0,0.0,0.0,0.0,0.0,0.0,0.0,0.0,0.0,0.0,0.0,0.0,0.0,0.0,0.0,0.0,0.0,0.0,0.0,0.0,0.0,0.0,0.0,0.0,0.0,0.0,0.0,0.0,0.0,0.0,0.0,0.0
SRR12478800,0.831011928,0.015929204,0.0,0.0,0.001231243,0.0,0.000153905,0.0,0.065101962,0.006925741,0.000923432,0.000384763,0.001692959,0.000615621,7.7e-05,0.001231243,0.000230858,7.7e-05,0.0,0.0,0.000384763,0.00200077,0.0,0.004771066,0.000153905,7.7e-05,0.0,0.000538669,0.002154675,7.7e-05,0.0,0.004694113,0.008541747,0.006925741,0.001077337,0.001077337,7.7e-05,0.0,0.0,0.000153905,0.0,0.0,0.000153905,0.0,0.0,0.000153905,0.000615621,0.000230858,0.000461716,0.00115429,7.7e-05,7.7e-05,0.000230858,7.7e-05,0.000384763,0.000230858,0.000384763,0.0,0.0,0.000538669,0.000769527,7.7e-05,0.000230858,0.0,0.000538669,0.0,0.0,0.00430935,0.003308965,7.7e-05,7.7e-05,0.0,0.000153905,7.7e-05,0.000692574,0.000153905,0.000307811,0.0,0.000153905,0.0,7.7e-05,0.0,0.0,0.000615621,0.0,0.0,0.0,0.000615621,7.7e-05,0.0,0.0,0.0,0.0,0.0,0.0,0.0,0.0,0.0,0.0,0.0,7.7e-05,7.7e-05,0.0,0.000307811,0.000153905,0.0,7.7e-05,0.0,0.0,0.00346287,0.010157753,0.0,0.000153905,0.0,0.0,0.000153905,0.0,0.0,0.0,0.0,0.003078107,0.0,7.7e-05,0.0,0.0,7.7e-05,0.0,0.0,0.000153905,0.0,0.0,7.7e-05,0.0,0.0,0.0,7.7e-05,0.0,0.0,0.0,0.0,0.0,7.7e-05,0.0,0.0,0.0,0.0,0.0,0.0,0.0,0.0,0.0,0.0,0.0,0.0,0.0,7.7e-05,0.0,0.000307811,0.0,0.000307811,0.0,0.0,0.0,0.0,0.0,0.0,0.0,7.7e-05,0.0,0.0,0.0,0.0,7.7e-05,0.0,0.0,0.0,0.0,7.7e-05,0.0,0.0,0.0,0.0,0.0,0.0,0.0,0.0,0.0,0.0,0.0,0.0,0.0,0.0,0.0,0.0,0.0,0.0,0.0,0.0,0.0,0.0,0.0,0.0,0.0,0.0,0.0,0.0,0.004001539,0.0,0.0,0.0,0.0,0.0,0.0,0.0,0.0,0.0,7.7e-05,0.0,0.0,0.0,0.0,0.0,0.0,0.0,7.7e-05,0.0,0.0,0.0,0.0,0.0,0.0,0.0,7.7e-05,0.0,0.0,0.0,0.0,0.0,0.0,0.0,0.0,0.0,0.0,0.0,0.0,0.0,0.0,0.0,0.0,0.0,0.0,0.0,0.0,0.0,0.0,0.0,0.0,0.0,0.0,0.0,0.0,0.0,0.0,0.0,0.0,0.0,0.0,0.0,0.0,0.0,0.0,0.0,0.0,0.0,0.0,0.0,0.0,0.0,0.0,0.0,0.0,0.0,0.0,0.0,0.0,0.0,0.0,0.0,0.0,0.0,0.0,7.7e-05,0.0,0.0,0.0,0.0,0.0,0.0,0.0,0.0,0.0,0.0,0.0,0.0,0.0,0.0,0.0,0.0,0.0,0.0,0.0,0.0,0.0,0.0,0.0,0.0,0.0,0.0,0.0,0.0,0.0,0.0,0.0,0.0,0.0,0.0,0.0,0.0,0.0,0.0,0.0,0.0,0.0,0.0,0.0,0.000153905,0.0,0.0,0.0,0.0,0.0,0.0,0.0,0.0,0.000307811,0.0,7.7e-05,0.0,0.0,0.0,0.0,0.0,0.0,0.0,0.0,0.0,0.0,0.0,0.0,0.0,0.0,0.0,7.7e-05,0.0,0.0,0.0,0.0,0.0,0.000153905,0.0,0.0,0.0,7.7e-05,0.0,0.0,0.0,0.0,0.0,0.0,0.0,0.0,0.0,0.0,0.0,0.0,0.0,0.0,0.0,0.0,0.0,0.0,0.0,0.0,0.0,7.7e-05,0.0,0.0,0.0,0.0,0.0,0.0,0.0,0.0,0.0,0.0,0.0,0.0,0.0,0.0,0.0,0.0,0.0,0.0,0.0,7.7e-05,0.0,7.7e-05,0.0,0.0,0.0,0.0,0.0,0.0,0.0,0.0,0.0,0.0,0.0,0.0,0.0,0.0,0.0,0.0,0.0,0.0,0.0,0.0,0.0,0.0,0.0,0.0,0.0,0.0,0.0,0.0,0.0,0.0,0.0,0.0,0.0,0.0,0.0,0.0,0.0,0.0,0.0,0.0,0.0,0.0,0.0,0.0,0.0,0.0,0.0,0.0,0.0,0.0,0.0,0.0,0.0,0.0,0.0,0.0,0.0,0.0,0.0,0.0,0.0,0.0,0.0,0.0,0.0,0.0,0.0,0.0,0.0,0.0,0.0,0.0,0.0,0.0,0.0,0.0,0.0,0.0,0.0,0.0,0.0,0.0,0.0,0.0,0.0,0.0,0.0,0.0,0.0,0.0,0.0,0.0,0.0,0.0,0.0,0.0,0.0,0.0,0.0,0.0,0.0,0.0,0.0,0.0,0.0,0.0,0.0,0.0,0.0,0.0,0.0,0.0,0.0,0.0,0.0,0.0,0.0,0.0,0.0,0.0,0.0,0.0,0.0,0.0,0.0,0.0,0.0,0.0,0.0,0.0,0.0,0.0,0.0,0.0,0.0,0.0,0.0,0.0,0.0,0.0,0.0,0.0,0.0,0.0,0.0,0.0,0.0,0.0,0.0,0.0,0.0,0.0,0.0,0.0,0.0,0.0,0.0,0.0,0.0,0.0,0.0,0.0,0.0,0.0,0.0,0.0,0.0,0.0,0.0,0.0,0.0,0.0,0.0,0.0,0.0,0.0,0.0,0.0,0.0,0.0,0.0,0.0,0.0,0.0,0.0,0.0,0.0,0.0,0.0,0.0,0.0,0.0,0.0,0.0,0.0,0.0,0.0,0.0,0.0,0.0,0.0,0.0,0.0,0.0,0.0,0.0,0.0,0.0,0.0,0.0,0.0,0.0,0.0,0.0,0.0,0.0,0.0,0.0,0.0,0.0,0.0,0.0,0.0,0.0,0.0,0.0,0.0,0.0,0.0,0.0,0.0,0.0,0.0,0.0,0.0,0.0,0.0,0.0,0.0,0.0,0.0,7.7e-05,0.0,0.0,0.0,0.0,0.0,0.0,0.0,0.0,0.0,0.0,0.0,0.0,0.0,0.0,0.0,0.0,0.0,0.0,0.0,0.0
SRR12478803,0.0071723,0.714591921,0.006347898,0.0,0.0,0.0,0.00016488,0.0,0.152267106,0.001483924,0.000247321,0.00016488,0.00354493,0.000741962,8.24e-05,0.001071723,0.0,0.0,0.0,0.000577082,0.00016488,0.000659522,0.000329761,0.003050289,0.00016488,0.000247321,0.0,0.0,0.000494641,8.24e-05,8.24e-05,0.020692498,0.0,0.0,0.000247321,0.001071723,0.000247321,0.0,0.0,0.00016488,0.0,0.0,8.24e-05,0.0,0.0,0.0,0.0,0.0,0.0,0.0,0.000329761,0.0,0.000329761,0.00016488,0.0,0.000329761,0.0,0.0,0.0,0.004369332,0.008656224,0.011541632,0.00016488,0.000247321,0.001236603,0.002473207,0.0,8.24e-05,0.001648805,0.0,0.00016488,0.0,0.0,0.001483924,0.0,0.0,0.00016488,0.0,0.010469909,0.0,0.003792251,8.24e-05,8.24e-05,0.002885408,0.0,0.0,0.0,8.24e-05,0.0,0.0,0.0,0.001154163,8.24e-05,0.0,0.0,0.00016488,0.000329761,0.0,0.0,0.0,0.0,0.0,0.0,0.0,8.24e-05,0.00016488,8.24e-05,8.24e-05,0.0,0.000412201,0.0,0.0,0.0,0.0,0.0,0.0,0.0,0.0,0.0,0.0,0.000329761,0.0,0.0,8.24e-05,0.0,0.0,0.0,0.000247321,0.01442704,0.0,0.0,0.0,0.0,0.0,0.00016488,0.00016488,0.0,8.24e-05,8.24e-05,0.0,8.24e-05,8.24e-05,0.0,0.000247321,0.0,0.0,0.0,8.24e-05,0.0,0.0,0.0,0.000741962,8.24e-05,0.0,0.0,0.0,0.0,0.0,0.0,0.0,0.0,0.0,0.0,0.0,0.0,0.0,0.0,0.000247321,0.0,0.0,0.0,0.0,8.24e-05,0.0,0.0,0.0,0.0,0.0,0.0,0.0,0.0,8.24e-05,0.0,8.24e-05,0.000329761,0.0,8.24e-05,0.0,0.0,0.0,0.0,0.0,0.0,0.0,0.0,0.0,0.0,0.0,0.00016488,0.000989283,0.0,0.0,0.0,8.24e-05,0.0,0.0,8.24e-05,0.0,0.0,0.0,0.0,0.0,0.0,0.0,0.0,0.0,0.0,0.0,0.0,0.0,0.0,0.0,0.0,0.0,8.24e-05,0.0,0.0,0.0,0.0,0.000247321,8.24e-05,0.002143446,0.000659522,0.0,0.0,0.0,0.0,0.0,0.0,0.0,0.0,8.24e-05,0.0,0.0,0.0,0.0,0.0,0.0,0.0,0.0,0.0,0.0,0.0,0.0,0.0,0.0,0.0,0.0,0.0,0.0,0.0,0.0,0.0,0.000247321,0.0,0.0,0.0,0.0,0.0,0.0,0.0,0.0,0.0,0.0,0.0,0.0,0.0,0.0,0.0,0.0,0.0,8.24e-05,0.0,0.0,0.002555647,0.001071723,0.0,0.0,0.0,0.0,8.24e-05,0.0,8.24e-05,0.0,0.0,0.0,0.0,0.0,0.0,0.0,0.0,0.0,0.0,0.0,0.0,0.0,0.0,0.0,0.0,0.0,0.0,0.0,0.0,0.0,0.0,0.0,0.0,0.0,8.24e-05,0.0,0.0,0.0,0.0,8.24e-05,0.0,0.0,8.24e-05,0.0,0.0,0.0,0.0,0.0,0.0,0.0,0.0,0.000659522,0.0,0.0,0.0,0.0,0.0,0.0,0.0,8.24e-05,0.0,0.0,0.0,8.24e-05,0.0,0.0,0.0,0.0,0.0,0.0,0.0,0.000247321,0.00016488,8.24e-05,0.0,0.0,0.0,0.0,0.000329761,0.0,0.000329761,8.24e-05,0.0,0.0,0.0,0.0,0.0,0.0,0.0,0.0,0.0,0.0,0.0,0.0,0.0,0.0,0.0,8.24e-05,0.0,0.0,0.0,0.0,0.0,0.0,0.0,0.0,8.24e-05,8.24e-05,0.0,0.0,0.0,0.0,0.0,0.0,0.0,0.0,0.0,0.0,0.000247321,0.0,0.0,0.0,0.0,0.0,0.0,0.0,0.0,0.0,0.0,0.0,0.0,0.0,0.0,0.0,0.0,0.0,0.0,0.0,0.0,0.0,0.0,0.0,8.24e-05,0.0,0.0,0.0,0.0,0.0,0.0,0.0,0.0,0.0,0.0,0.0,0.0,0.0,0.0,0.00016488,0.0,0.0,0.0,0.0,0.0,0.000412201,0.0,0.0,0.0,0.0,0.0,0.0,0.0,0.0,0.0,0.0,0.0,0.0,0.0,8.24e-05,0.0,0.0,0.0,0.0,0.0,0.0,0.0,0.0,0.0,0.0,0.0,0.0,0.0,0.0,0.0,0.0,0.0,0.0,0.0,0.0,0.0,0.0,0.0,0.0,0.0,0.0,0.0,0.0,0.0,0.0,0.0,0.0,0.0,0.0,0.0,0.0,0.0,0.0,0.0,0.0,0.0,0.0,0.0,0.0,0.0,0.0,0.0,0.0,0.0,0.0,0.0,0.0,0.0,0.0,0.0,0.0,0.0,0.0,0.0,0.0,0.0,0.00016488,0.0,0.0,0.0,0.0,0.0,0.0,0.0,0.0,0.0,0.0,0.0,0.0,0.0,0.0,0.0,0.0,0.0,0.0,0.0,0.0,0.0,0.0,0.0,0.0,0.0,0.0,0.0,0.0,0.0,0.0,0.0,0.0,0.0,0.0,0.0,0.0,0.0,0.0,0.0,0.0,0.0,0.0,0.0,0.0,0.0,0.0,0.0,0.0,0.0,0.0,0.0,0.0,0.0,8.24e-05,0.0,0.0,0.0,0.0,0.0,0.0,0.0,0.0,0.0,0.0,0.0,0.0,0.0,0.0,0.0,0.0,0.0,0.0,0.0,0.0,0.0,0.0,0.0,0.0,0.0,0.0,0.0,0.0,0.0,0.0,0.0,0.0,0.0,0.0,0.0,0.0,0.0,0.0,0.0,0.0,0.0,0.0,0.0,0.0,0.0,0.0,0.0,0.0,0.0,0.0,0.0,0.0,0.0,0.0,0.0,0.0,0.0,0.0,0.0,0.0,0.0,0.0,0.0,0.0,0.0,0.0,0.0,0.0,0.0,0.0,0.0,0.0,0.0,0.0,0.0,0.0,0.0,0.0,0.0,0.0,0.0,0.0,8.24e-05,0.0,0.0,0.0,0.0,0.0,0.0,0.0,0.0,0.0,0.0,0.0,0.0,0.0,0.0,0.0,0.0,0.0,0.0
SRR12478805,0.005213107,0.307000458,0.011686526,0.0,0.026122823,0.000171861,0.000229148,0.000171861,0.312614574,0.00664528,0.001775894,0.001088451,0.020852429,0.004468378,0.004468378,0.029273602,0.002463336,0.000401008,0.001432172,0.004353804,0.001947754,0.005384968,0.003036205,0.032882676,0.000687443,0.000286434,0.0,5.73e-05,0.003895509,0.001374885,0.000171861,0.004582951,0.000171861,0.0,0.004181943,0.001145738,0.000114574,0.0,0.0,0.0,0.000171861,0.0,0.00091659,0.0,0.0,0.0,5.73e-05,5.73e-05,0.0,0.02618011,0.000286434,0.0,0.000171861,0.0,0.0,0.032137947,0.0,0.000229148,0.000114574,0.0,0.000171861,0.000401008,0.0,0.0,0.0,0.0,0.0,0.0,0.001374885,5.73e-05,0.0,0.0,5.73e-05,0.000229148,0.0,0.0,0.0,0.0,0.001432172,0.000114574,0.000286434,5.73e-05,0.0,0.002635197,0.0,0.000343721,0.0,0.000114574,0.000114574,0.0,0.0,0.075847846,0.000171861,0.0,0.001203025,5.73e-05,0.000114574,0.0,0.0,0.000859303,0.000401008,5.73e-05,0.000171861,0.000114574,0.000286434,0.0,0.000630156,5.73e-05,0.0,0.000458295,0.002520623,0.0,0.000171861,0.000114574,0.000114574,5.73e-05,0.0,0.0,0.000114574,0.0,0.036606324,0.0,5.73e-05,0.000171861,0.0,0.0,0.0,0.0,5.73e-05,0.0,0.000171861,0.0,5.73e-05,0.0,0.000229148,5.73e-05,5.73e-05,0.000114574,0.0,0.0,0.0,0.000114574,5.73e-05,0.001203025,0.000114574,5.73e-05,0.0,0.00074473,0.0,0.0,0.0,0.000114574,0.000114574,0.0,0.0,0.004411091,0.000114574,0.0,0.0,0.000114574,0.0,0.0,0.0,0.0,0.0,0.0,0.0,0.0,0.0,0.000229148,0.0,0.0,0.000286434,0.0,0.000114574,0.0,0.0,0.0,0.0,0.0,0.0,5.73e-05,0.0,5.73e-05,0.0,0.0,0.0,0.0,0.0,0.0,5.73e-05,5.73e-05,0.0,0.0,0.0,0.0,0.0,0.000171861,0.0,0.0,0.0,0.0,0.0,0.0,5.73e-05,0.0,0.0,0.0,0.0,0.0,0.0,0.0,0.0,0.0,0.0,0.0,0.0,0.0,0.0,0.0,0.0,0.0,0.0,0.0,0.000114574,0.0,0.0,5.73e-05,0.0,0.0,0.0,0.0,5.73e-05,0.0,0.0,0.0,0.0,0.0,0.0,0.0,0.0,0.0,0.0,0.0,0.0,0.0,0.0,0.0,0.0,0.0,0.0,0.0,0.0,0.0,0.0,0.0,0.0,0.0,0.0,0.0,5.73e-05,5.73e-05,5.73e-05,0.0,0.0,0.0,0.0,0.0,5.73e-05,0.0,0.0,0.0,0.0,0.0,0.0,0.0,5.73e-05,0.0,0.0,0.0,0.0,0.0,5.73e-05,0.0,0.0,0.0,0.0,0.0,0.0,5.73e-05,5.73e-05,0.0,0.0,0.0,0.0,0.0,0.0,0.0,0.0,0.0,0.0,0.000114574,0.0,0.0,0.0,0.0,0.0,5.73e-05,0.0,0.0,0.0,0.0,0.0,0.0,0.0,0.0,5.73e-05,0.0,0.0,0.0,0.000630156,0.0,0.0,0.0,0.0,0.0,0.0,0.0,0.0,0.0,0.0,0.0,0.0,0.0,0.0,0.0,0.0,5.73e-05,0.0,0.0,0.0,0.0,0.0,0.0,0.0,0.0,0.0,0.0,0.0,0.0,0.0,0.0,0.0,0.0,0.0,0.0,0.0,0.0,0.0,0.0,0.0,0.0,0.0,0.0,0.0,0.0,0.0,0.0,0.0,0.0,0.0,0.0,0.0,0.0,0.0,0.0,0.0,0.0,0.0,0.0,0.0,5.73e-05,5.73e-05,0.0,0.0,0.0,0.0,0.0,0.0,5.73e-05,0.0,0.0,0.0,0.0,0.0,0.0,0.000114574,0.0,0.0,5.73e-05,0.0,0.0,0.0,0.0,5.73e-05,0.0,0.0,0.0,0.0,0.0,0.0,0.000229148,0.0,0.0,0.0,0.0,0.0,0.0,0.0,0.0,0.0,0.0,0.0,0.0,0.0,0.0,0.0,5.73e-05,0.0,0.0,0.0,0.0,0.0,0.0,0.0,0.0,0.0,0.0,0.0,0.0,0.0,0.0,0.0,5.73e-05,0.0,0.0,0.0,0.0,0.0,0.0,0.0,0.0,0.0,0.0,0.0,0.0,0.0,0.0,0.0,0.0,0.0,0.0,0.0,0.0,0.0,0.0,0.0,0.0,0.0,0.0,0.0,0.0,0.0,0.0,0.0,0.0,0.0,0.0,0.0,0.0,0.0,0.0,0.0,0.0,0.0,0.0,0.0,0.0,0.0,0.0,0.0,0.0,0.0,0.0,0.0,0.0,0.0,0.0,0.0,0.0,0.0,0.0,5.73e-05,0.0,0.0,0.0,0.0,0.0,0.0,0.0,0.0,0.0,0.0,0.0,0.0,0.0,0.0,0.0,0.0,0.0,0.0,0.0,0.0,0.0,0.0,0.0,0.0,0.0,0.0,0.0,0.0,0.0,0.0,0.0,0.0,0.0,0.0,0.0,0.0,0.0,5.73e-05,0.0,0.0,0.0,5.73e-05,0.0,0.0,0.0,0.0,0.0,0.0,0.0,0.0,0.0,0.0,0.0,0.0,0.0,0.0,0.0,0.0,0.0,0.0,0.0,0.0,0.0,0.0,0.0,0.0,0.0,0.0,0.0,0.0,0.0,0.0,0.0,0.0,0.0,0.0,0.0,0.0,0.0,0.0,0.0,0.0,0.0,0.0,0.0,0.0,0.0,0.0,0.0,0.0,0.0,0.0,0.0,0.0,0.0,0.0,0.0,0.0,0.0,0.0,0.0,0.0,0.0,0.0,0.0,0.0,0.0,0.0,0.0,0.0,0.0,0.0,0.0,0.0,0.0,0.0,0.0,0.0,0.0,0.0,0.0,0.0,0.0,0.0,0.0,0.0,0.0,0.0,0.0,0.0,0.0,0.0,0.0,0.0,0.0,0.0,0.0,0.0,0.0,0.0,0.0,0.0,0.0,0.0,0.0,0.0,0.0,0.0,0.0,0.0,0.0,0.0,0.0,0.0,0.0,0.0,0.0,0.0,5.73e-05,0.0,0.0,0.0,0.0,0.0,0.0,0.0,0.0,0.0,0.0,0.0,0.0,0.0,0.0,0.0,0.0,0.0
SRR12478806,0.883088108,0.009347412,0.00010386,3.46e-05,0.00031158,0.0,0.0,0.0,0.068028388,0.001142461,0.000934741,0.001142461,0.001765622,0.00031158,0.00010386,0.00024234,0.00013848,0.0,3.46e-05,0.00020772,0.0001731,0.001280942,0.000761641,0.003115804,0.001315562,0.0,0.0,0.00024234,0.002007963,3.46e-05,3.46e-05,0.013467198,0.003219664,3.46e-05,0.00031158,0.00020772,0.0,0.0,3.46e-05,0.00010386,3.46e-05,0.0,6.92e-05,0.0,0.0,0.0,0.00010386,0.00013848,3.46e-05,3.46e-05,0.0,0.0,0.0,0.000484681,0.00013848,0.0,0.0,0.0,0.0,0.0,3.46e-05,3.46e-05,0.0,0.0,0.0,0.0,0.0,0.0,0.0001731,0.0,0.0,0.0,0.0,3.46e-05,0.0,0.0,0.0,0.0,0.001938723,0.0,0.00010386,0.0,0.0,6.92e-05,3.46e-05,0.0,0.001280942,0.00010386,0.0,0.0,0.0,0.000415441,0.0,0.00010386,3.46e-05,0.0,0.00013848,0.0,0.0,0.0,0.0,6.92e-05,0.0,0.0,0.0,3.46e-05,0.0,0.0,0.0,0.0,0.0,0.0,0.0,3.46e-05,0.0,0.0,0.0,0.0,0.0,0.0,6.92e-05,0.0,0.0,6.92e-05,0.0,0.0,0.0,0.0,0.0,0.0,0.0,0.0,0.0,0.0,0.0,0.00013848,0.0,3.46e-05,0.0,0.0,0.0,0.00010386,0.0,0.0,0.0,0.0,0.0,3.46e-05,0.0,0.0,0.0,0.0,0.0,0.0,0.0,3.46e-05,0.0,0.0,0.0,0.0,0.0,0.0,0.0,3.46e-05,0.0,0.0,0.0,0.0,0.0,3.46e-05,0.0,0.0,0.00010386,0.0,0.0,0.0,0.0,0.0,0.0,0.0,0.0,0.0,0.0,0.0,0.0,0.0,0.0,0.0,0.0,0.0,0.0,0.0,0.0,0.0,0.0,0.0,0.0,0.0,0.0,0.0,0.0,0.0,0.0,0.0,0.0,0.0,0.0,0.0,0.0,0.0,0.0,0.0,0.0,0.0,0.0,0.0,0.0,0.0,0.0,0.0,0.0,0.0,0.0,0.0,0.0,0.0,0.0,0.0,0.0,0.0,0.0,0.0,0.0,0.0,0.0,0.0,0.0,0.0,0.0,0.0,0.0,0.0,0.0,0.0,0.0,0.0,0.00010386,0.0,0.0,0.0,0.0,0.0,0.0,0.0,0.0,0.0,0.0,0.0,0.0,0.0,0.0,0.0,0.0,0.0,0.0,0.0,0.0,0.0,0.0,0.0,0.0,0.0,0.0,0.0,0.0,0.0,0.0,0.0,0.0,0.0,0.0,0.0,0.0,0.0,0.0,0.0,0.0,0.0,0.0,0.0,0.0,0.0,0.0,0.00010386,0.0,0.0,0.0,0.0,0.0,0.0,0.0,0.0,0.0,0.0,0.0,0.0,3.46e-05,0.0,0.0,0.0,0.0,0.0,0.0,0.0,0.0,0.0,0.0,0.0,0.0,0.0,0.0,0.0,0.0,0.0,0.0,0.0,0.0,0.0,0.0,0.0,0.0,0.0,0.0,0.0,0.0,0.0,0.0,0.0,0.0,0.0,0.0,0.0,0.0,0.0,0.0,0.0,0.0,0.0,0.0,0.0,0.0,0.0,0.0,0.0,0.0,0.0,0.0,0.0,0.0,0.0,0.0,0.0,0.0,0.0,0.0,0.0,0.0,0.0,0.0,0.0,0.0,0.0,0.0,0.0,0.0,0.0,0.0,0.0,0.0,0.0,0.0,0.0,0.0,0.0,0.0,0.0,0.0,0.0,0.0,0.0,0.0,0.0,0.0,0.0,0.0,0.0,0.0,0.0,0.0,0.0,0.0,0.0,0.0,0.0,0.0,0.0,0.0,0.0,0.0,0.0,0.0,0.0,0.0,0.0,0.0,0.0,0.0,0.0,0.0,0.0,0.0,0.0,0.0,0.0,0.0,0.0,0.0,0.0,0.0,0.0,0.0,0.0,0.0,0.0,0.0,0.0,0.0,0.0,0.0,0.0,0.0,0.0,0.0,0.0,0.0,0.0,0.0,0.0,0.0,0.0,0.0,0.0,0.0,0.0,0.0,0.0,0.0,0.0,0.0,0.0,0.0,0.0,0.0,0.0,0.0,0.0,0.0,0.0,0.0,0.0,0.0,0.0,0.0,0.0,0.0,0.0,0.0,0.0,0.0,0.0,0.0,0.0,0.0,0.0,0.0,0.0,0.0,0.0,0.0,0.0,0.0,0.0,0.0,0.0,0.0,0.0,0.0,0.0,0.0,0.0,0.0,0.0,0.0,0.0,0.0,0.0,0.0,0.0,0.0,0.0,0.0,0.0,0.0,0.0,0.0,0.0,0.0,0.0,0.0,0.0,0.0,0.0,0.0,0.0,0.0,0.0,0.0,0.0,0.0,0.0,0.0,0.0,0.0,0.0,0.0,0.0,0.0,0.0,0.0,0.0,0.0,0.0,0.00013848,0.0,0.0,0.0,0.0,0.0,0.0,0.0,0.0,0.0,0.0,0.0,0.0,0.0,0.0,0.0,0.0,0.0,0.0,0.0,0.0,0.0,0.0,0.0,0.0,0.0,0.0,0.0,0.0,0.0,0.0,0.0,0.0,0.0,0.0,0.0,0.0,0.0,0.0,0.0,0.0,0.0,0.0,0.0,0.0,0.0,0.0,0.0,0.0,0.0,0.0,0.0,0.0,0.0,0.0,0.0,0.0,0.0,0.0,0.0,0.0,0.0,0.0,0.0,0.0,0.0,0.0,0.0,0.0,0.0,0.0,0.0,0.0,0.0,0.0,0.0,0.0,0.0,0.0,0.0,0.0,0.0,0.0,0.0,0.0,0.0,0.0,0.0,0.0,0.0,0.0,0.0,0.0,0.0,0.0,0.0,0.0,0.0,0.0,0.0,0.0,0.0,0.0,0.0,0.0,0.0,0.0,0.0,0.0,0.0,0.0,0.0,0.0,0.0,0.0,0.0,0.0,0.0,0.0,0.0,0.0,0.0,0.0,0.0,0.0,0.0,0.0,0.0,0.0,0.0,0.0,0.0,0.0,0.0,0.0,0.0,0.0
SRR12478807,0.552970522,0.314240363,0.000272109,0.0,9.07e-05,0.0,4.54e-05,0.0,0.000453515,0.00462585,0.0,0.0,0.000181406,9.07e-05,0.0,4.54e-05,4.54e-05,9.07e-05,0.0,0.003809524,0.0,0.005623583,0.011609977,0.000181406,0.025442177,9.07e-05,0.000136054,9.07e-05,0.000181406,4.54e-05,0.0,0.0,0.000136054,0.0,0.00031746,0.010612245,4.54e-05,4.54e-05,9.07e-05,0.000136054,9.07e-05,0.0,9.07e-05,0.0,0.0,4.54e-05,0.0,4.54e-05,0.0,0.0,0.0,0.0,0.0,4.54e-05,0.0,0.0,4.54e-05,0.0,0.0,0.000544218,0.001451247,0.000226757,0.0,0.00031746,4.54e-05,0.000181406,0.0,0.001133787,0.000362812,0.000272109,0.0,0.0,9.07e-05,0.000272109,0.0,4.54e-05,4.54e-05,0.0,0.004580499,4.54e-05,0.003809524,0.000181406,0.000272109,9.07e-05,0.0,0.000181406,4.54e-05,0.0,0.0,0.0,0.0,0.000362812,4.54e-05,0.0,0.0,9.07e-05,9.07e-05,0.0,0.0,0.0,0.0,0.0,0.0,4.54e-05,4.54e-05,4.54e-05,4.54e-05,0.0,0.0,4.54e-05,0.0,0.0,9.07e-05,0.0,0.0,0.0,0.0,0.0,0.0,0.0,0.000589569,0.0,0.0,0.0,0.0,0.0,0.0,0.0,4.54e-05,9.07e-05,0.0,0.0,0.0,0.0,0.0,0.0,0.0,0.0,0.0,0.0,0.000226757,0.000136054,0.0,0.0,0.0,0.0,0.0,9.07e-05,0.0,0.0,0.0,0.000362812,0.0,0.0,0.0,0.0,0.0,0.0,0.0,0.0,0.0,0.0,0.0,0.0,0.0,0.0,0.0,0.0,0.0,0.000181406,0.0,0.0,0.0,0.0,0.0,0.0,0.0,0.0,0.0,0.0,0.0,0.0,0.0,0.0,0.0,0.0,4.54e-05,0.0,0.0,0.0,0.0,0.0,0.0,0.0,0.0,0.0,0.0,0.0,0.0,9.07e-05,0.0,0.0,0.0,0.0,0.0,0.0,0.0,0.0,4.54e-05,0.0,0.0,0.0,0.0,0.0,0.0,0.000181406,0.0,0.0,0.0,0.0,0.0,0.0,0.0,0.0,0.0,0.0,0.0,0.0,0.0,4.54e-05,0.0,0.000181406,0.0,0.0,0.0,0.0,0.0,0.0,0.0,0.0,0.0,0.0,0.0,0.0,0.0,0.0,0.0,0.0,0.0,0.0,0.0,0.0,9.07e-05,0.0,0.0,0.0,0.0,0.0,0.0,0.0,0.0,0.0,0.0,4.54e-05,0.0,0.0,0.0,0.000226757,0.0,0.0,0.0,0.0,4.54e-05,0.0,0.0,0.0,0.0,0.0,0.0,0.0,0.0,0.0,0.0,0.0,4.54e-05,9.07e-05,0.0,0.0,0.0,0.0,0.0,0.0,4.54e-05,0.0,0.0,0.0,0.0,0.0,0.0,0.0,0.006575964,0.0,0.0,0.0,0.0,0.0,0.0,0.0,0.0,0.0,0.0,0.0,0.0,0.0,0.0,0.0,0.0,0.0,0.0,0.0,0.0,0.0,0.0,0.0,0.0,0.0,0.0,0.0,4.54e-05,9.07e-05,0.0,0.0,0.0,0.0,0.0,0.0,0.0,0.0,0.0,0.0,0.0,0.0,0.0,0.0,0.0,0.0,0.0,0.0,0.0,9.07e-05,0.0,0.000181406,0.0,0.0,0.0,4.54e-05,0.0,0.0,0.0,0.0,0.0,0.0,0.0,0.0,0.0,0.0,0.0,0.0,0.0,0.0,0.0,0.0,0.0,0.0,0.0,0.0,0.0,0.0,0.0,0.0,0.0,4.54e-05,0.0,0.0,0.0,0.0,0.0,0.0,0.0,0.0,0.0,0.0,0.0,0.0,0.0,0.0,0.0,0.0,0.0,0.0,0.0,0.0,4.54e-05,0.0,0.0,0.0,0.0,0.0,0.0,0.0,0.0,0.041995465,0.0,0.0,0.0,0.0,0.0,0.0,0.0,0.0,0.0,0.0,0.0,0.0,0.0,0.0,0.0,0.0,0.0,4.54e-05,0.0,0.0,0.0,0.0,0.0,0.0,0.0,0.0,0.0,0.0,0.0,0.0,0.0,0.0,0.0,0.0,0.0,0.0,0.0,0.0,0.0,0.0,0.0,0.0,0.0,0.0,0.0,0.0,0.0,0.0,0.0,0.0,0.000498866,0.0,0.0,0.0,0.0,0.0,0.0,0.0,0.0,0.0,0.0,0.0,0.0,0.0,0.0,0.0,0.0,0.0,0.0,0.0,0.0,0.0,0.0,0.0,0.0,0.0,0.0,0.0,0.0,0.0,0.0,0.0,0.0,0.0,0.0,0.0,0.0,0.0,0.0,0.0,0.0,0.0,0.0,0.0,0.0,0.0,0.0,0.0,0.0,0.0,0.0,0.0,0.0,0.0,0.0,0.0,0.0,0.0,0.0,0.0,0.0,0.0,0.0,0.0,0.0,0.0,0.0,0.0,0.0,0.0,0.0,0.0,0.0,0.0,0.0,0.0,0.0,0.0,0.0,0.0,0.0,0.0,0.0,0.0,0.0,0.0,0.0,0.0,0.0,0.0,0.0,0.0,0.0,0.0,0.0,0.0,0.0,0.0,0.0,0.0,0.0,0.0,0.0,0.0,0.0,0.0,0.0,0.0,0.0,0.0,0.0,0.0,0.0,0.0,0.0,0.0,0.0,0.0,0.0,0.0,0.0,0.0,0.0,0.0,0.0,0.0,0.0,0.0,0.0,0.0,0.0,0.0,0.0,0.0,0.0,0.0,0.0,0.0,0.0,0.0,0.0,0.0,0.0,0.0,0.000226757,0.0,0.0,0.0,0.0,0.0,0.0,0.0,0.0,0.0,0.0,0.0,0.0,0.0,0.0,0.0,0.0,0.0,0.0,0.0,0.0,0.0,0.0,0.0,0.0,0.0,0.0,0.0,0.0,0.0,0.0,0.0,0.0,0.0,0.0,0.0,0.0,0.0,0.0,0.0,0.0,0.0,0.0,0.0,0.0,0.0,0.0,0.0,0.0,0.0,0.0,0.0,0.0,0.0,0.0,0.0,0.0,0.0,0.0,0.0,0.0,0.0,0.0,0.0,0.0,0.0,0.0,0.0,0.0,0.0,0.0,0.0,0.0
SRR12478808,0.493324135,0.334239682,0.039000041,0.0,4.06e-05,0.0,8.12e-05,0.0,0.09439552,4.06e-05,0.000527576,4.06e-05,0.004382939,0.00044641,0.000121748,0.000162331,0.000243497,4.06e-05,0.0,0.000162331,0.0,0.004951098,0.00044641,0.010510937,0.000324662,0.0,0.0,0.0,0.000649324,0.0,0.0,0.010754434,0.0,0.0,0.0,0.0,0.0,0.0,0.0,0.0,0.0,0.0,4.06e-05,0.0,0.0,0.0,4.06e-05,0.0,0.0,0.000365245,4.06e-05,0.0,0.0,4.06e-05,0.0,0.0,0.0,0.0,0.0,0.000121748,0.001420397,8.12e-05,0.0,0.000202914,4.06e-05,0.000162331,0.0,0.0,0.0,0.0,0.0,0.0,0.0,8.12e-05,0.0,0.0,0.0,0.0,4.06e-05,0.000405828,0.000121748,0.0,0.0,0.0,0.0,0.0,0.0,0.0,0.0,0.0,0.0,0.000202914,4.06e-05,0.0,0.0,4.06e-05,0.0,0.0,0.0,0.0,0.0,0.0,0.0,0.0,8.12e-05,0.0,0.0,0.0,0.0,4.06e-05,0.0,0.0,0.0,0.0,0.0,0.0,0.0,0.0,0.0,0.0,0.0,0.0,0.0,0.0,0.0,0.0,0.0,0.0,0.000121748,8.12e-05,0.0,4.06e-05,0.0,0.0,0.0,0.0,0.0,0.0,0.0,0.0,0.0,0.000486993,0.0,0.0,0.0,4.06e-05,0.0,0.0,0.0,0.0,4.06e-05,0.0,0.000162331,0.0,0.0,0.0,0.0,0.0,0.0,0.0,0.0,0.0,0.0,0.0,0.0,0.0,0.0,0.0,0.0,0.0,0.0,0.0,0.0,0.0,0.0,0.0,0.0,0.0,0.0,0.0,0.0,0.0,0.0,0.0,0.0,0.0,0.0,0.0,0.0,0.0,0.0,0.0,0.0,0.0,0.0,0.0,4.06e-05,0.0,0.0,4.06e-05,4.06e-05,0.0,0.0,0.0,0.0,0.0,0.0,0.0,0.0,0.0,0.0,0.0,0.0,0.0,0.0,0.0,0.0,0.0,0.0,0.0,0.0,0.0,0.0,0.0,0.0,0.0,0.0,0.000121748,0.0,4.06e-05,0.0,4.06e-05,0.0,0.0,0.0,0.0,0.0,0.0,0.0,0.0,0.0,0.0,0.0,0.0,0.0,0.0,0.0,0.0,0.0,0.0,0.0,0.0,0.0,0.0,0.0,0.0,0.0,0.0,0.0,0.0,0.0,0.0,0.0,0.0,0.0,0.0,0.0,0.0,0.0,0.0,0.0,0.0,0.0,0.0,0.0,0.0,0.0,0.0,0.0,0.0,0.0,0.0,0.0,0.0,0.0,8.12e-05,0.0,0.0,0.0,0.0,0.0,0.0,0.0,0.0,0.0,0.0,0.0,0.0,0.0,0.0,0.0,0.0,0.0,4.06e-05,0.0,0.0,0.0,0.0,0.0,0.0,0.0,0.0,0.0,0.0,0.0,0.0,0.0,0.0,0.0,0.0,0.0,0.0,0.0,0.0,0.0,8.12e-05,0.0,0.0,0.0,0.0,0.0,0.0,0.0,0.0,0.0,0.0,0.0,0.0,0.0,0.0,0.0,0.0,0.0,0.0,0.0,0.0,0.0,0.0,0.0,0.0,0.0,0.0,0.0,0.0,0.0,0.0,0.0,0.0,0.0,0.0,0.0,0.0,0.0,0.0,0.0,0.0,0.0,0.0,0.0,0.0,0.0,0.0,0.0,0.0,0.0,0.0,0.0,0.0,0.0,0.0,0.0,0.0,0.0,0.0,0.0,0.0,0.0,0.0,0.0,0.0,0.0,0.0,0.0,0.0,0.0,0.0,0.0,0.0,0.0,0.0,0.0,0.0,0.0,0.0,0.0,0.0,0.0,0.0,0.0,0.0,0.0,0.0,0.0,0.0,0.0,0.0,0.0,0.0,0.0,0.0,0.0,0.0,0.0,0.0,0.0,0.0,0.0,0.0,0.0,0.0,0.0,0.0,0.0,0.0,0.0,0.0,0.0,0.0,0.0,0.0,0.0,0.0,0.0,0.0,0.0,0.0,0.0,0.0,0.0,0.0,0.0,0.0,0.0,0.0,0.0,0.0,0.0,0.0,0.0,0.0,0.0,0.0,0.0,0.0,0.0,0.0,0.0,0.0,0.0,0.0,0.0,0.0,0.0,0.0,0.0,0.0,0.0,0.0,0.0,0.0,0.0,0.0,0.0,0.0,0.0,0.0,0.0,0.0,0.0,0.0,0.0,0.0,0.0,0.0,0.0,0.0,0.0,0.0,0.0,0.0,0.0,0.0,0.0,0.0,0.0,0.0,0.0,0.0,0.0,0.0,0.0,0.0,0.0,0.0,0.0,0.0,0.0,0.0,0.0,0.0,0.0,0.0,0.0,0.0,0.0,0.0,0.0,0.0,0.0,0.0,0.0,0.0,0.0,0.0,0.0,0.0,0.0,0.0,0.0,0.0,0.0,0.0,0.0,0.0,0.0,0.0,0.0,0.0,0.0,0.0,0.0,0.0,0.0,0.0,0.0,0.0,0.0,0.0,0.0,0.0,0.0,0.0,0.0,0.0,0.0,0.0,0.0,0.0,0.0,0.0,0.0,0.0,0.0,0.0,0.0,0.0,0.0,0.0,0.0,0.0,0.0,0.0,0.0,0.0,0.0,0.0,0.0,0.0,0.0,0.0,0.0,0.0,0.0,0.0,0.0,0.0,0.0,0.0,0.0,0.0,0.0,0.0,0.0,0.0,0.0,0.0,0.0,0.0,0.0,0.0,0.0,0.0,0.0,0.0,0.0,0.0,0.0,0.0,0.0,0.0,0.0,0.0,0.0,0.0,0.0,0.0,0.0,0.0,0.0,0.0,0.0,0.0,0.0,0.0,0.0,0.0,0.0,0.0,0.0,0.0,0.0,0.0,0.0,0.0,0.0,0.0,0.0,0.0,0.0,0.0,0.0,0.0,0.0,0.0,0.0,0.0,0.0,0.0,0.0,0.0,0.0,0.0,0.0,0.0,0.0,0.0,0.0,0.0,0.0,0.0,0.0,0.0,0.0,0.0,0.0,0.0,0.0,0.0,0.0
SRR12478809,0.437143066,0.028737736,0.006992239,0.0,0.011751355,0.0,3.66e-05,3.66e-05,0.268304291,0.013435349,0.005051984,0.048433153,0.005015376,0.00362425,0.000805389,0.001903646,0.002196515,0.000109826,0.002086689,0.000292869,0.000585737,0.008932494,0.002086689,0.019585591,0.000109826,0.000622346,0.0,0.001317909,0.023173232,0.000585737,0.0,0.016144384,0.000146434,0.000183043,0.000585737,0.000732172,0.000183043,7.32e-05,0.0,0.0,3.66e-05,0.0,0.005125201,0.0,0.0,0.000146434,0.002965295,0.001317909,0.000366086,0.000292869,0.0,0.0,3.66e-05,0.004209987,3.66e-05,0.007065456,0.0,0.0,0.0,0.000366086,0.002416166,0.000402694,0.0,0.000146434,0.0,0.000219651,3.66e-05,7.32e-05,0.000183043,0.0,0.000219651,0.0,7.32e-05,0.000292869,3.66e-05,0.000109826,0.0,0.0,7.32e-05,7.32e-05,0.004356421,7.32e-05,0.0,0.007504759,0.0,0.0,0.001940255,0.000109826,3.66e-05,0.0,0.0,0.002086689,0.000219651,0.000585737,0.000109826,0.0,0.000183043,0.0,0.0,3.66e-05,0.000219651,0.007651193,0.000183043,0.000292869,0.007138673,0.0,0.006772587,3.66e-05,0.0,0.0,0.000439303,0.0,0.000366086,0.001061649,0.0,0.000841997,0.0,0.0,0.0,0.000109826,7.32e-05,0.0,0.000475912,3.66e-05,0.000109826,0.0,0.0,3.66e-05,0.000183043,0.000146434,3.66e-05,0.0,3.66e-05,7.32e-05,7.32e-05,0.00025626,0.0,0.000109826,0.0,0.0,0.0,0.003148338,0.0,3.66e-05,0.0,0.000146434,0.000475912,7.32e-05,0.0,0.0,7.32e-05,7.32e-05,0.0,0.0,0.0,0.001757212,3.66e-05,0.0,7.32e-05,0.0,7.32e-05,0.0,0.0,0.0,0.0,0.000951823,0.0,0.0,0.0,3.66e-05,0.0,0.0,0.0,0.0,3.66e-05,0.0,0.0,0.0,0.0,0.0,0.0,0.000475912,3.66e-05,0.0,7.32e-05,7.32e-05,0.000329477,0.000219651,0.0,0.0,0.0,0.0,3.66e-05,0.0,0.0,0.0,0.0,0.0,0.0,0.000109826,0.0,0.0,0.0,0.0,0.00025626,3.66e-05,3.66e-05,0.0,0.0,3.66e-05,0.0,0.0,0.0,0.0,0.0,3.66e-05,0.0,3.66e-05,0.0,3.66e-05,0.0,0.0,0.000183043,0.0,3.66e-05,0.0,0.0,3.66e-05,0.0,3.66e-05,3.66e-05,3.66e-05,0.0,0.0,0.00025626,3.66e-05,0.0,0.0,7.32e-05,3.66e-05,0.0,0.0,3.66e-05,7.32e-05,0.0,0.0,7.32e-05,0.000109826,3.66e-05,0.0,0.0,3.66e-05,0.0,0.0,0.0,0.0,0.0,0.0,0.0,0.0,0.0,0.0,0.0,3.66e-05,0.0,0.0,0.0,0.0,3.66e-05,0.0,0.0,0.0,0.0,0.0,0.0,0.0,0.0,0.0,0.0,0.0,0.0,0.0,0.0,0.0,0.000109826,0.000109826,0.0,0.0,0.0,0.000109826,0.0,7.32e-05,0.0,0.000146434,0.0,0.0,0.0,0.0,0.0,0.0,0.006662762,0.0,0.0,0.0,0.0,0.0,7.32e-05,3.66e-05,0.0,0.0,0.0,3.66e-05,0.0,0.0,0.0,0.0,0.0,0.0,0.0,0.0,3.66e-05,0.0,0.0,0.0,3.66e-05,0.0,0.0,3.66e-05,0.0,0.0,0.0,0.0,0.0,0.0,7.32e-05,3.66e-05,0.0,0.0,0.0,0.0,0.0,0.0,0.000109826,3.66e-05,0.0,0.0,0.0,0.0,0.0,0.0,0.0,0.0,7.32e-05,0.0,0.0,0.000109826,0.0,0.0,0.0,0.0,0.0,0.0,0.0,0.0,0.0,0.0,0.0,0.0,0.0,0.0,0.0,0.0,0.0,0.0,0.0,0.0,0.0,3.66e-05,0.0,0.0,0.0,0.0,0.0,0.0,0.0,0.0,0.0,0.0,0.0,0.0,0.0,0.0,0.0,0.0,0.0,0.0,0.0,0.0,0.0,0.0,0.0,0.0,0.0,7.32e-05,0.0,0.0,0.0,0.0,0.0,0.0,3.66e-05,0.0,0.0,0.0,0.0,0.0,0.0,0.0,0.0,0.0,0.0,0.0,0.0,0.0,0.0,0.0,0.0,0.0,0.0,3.66e-05,0.0,0.0,0.0,0.0,0.0,0.0,0.0,0.0,0.0,0.0,0.0,0.0,0.0,0.0,0.0,0.0,0.0,0.0,0.0,0.0,0.0,0.0,0.0,0.0,0.0,0.0,0.0,0.0,0.0,0.0,0.0,0.0,0.0,0.0,3.66e-05,0.0,0.0,0.0,0.0,0.0,0.0,0.0,3.66e-05,0.0,0.0,0.0,0.0,0.0,0.0,0.0,0.0,0.0,0.0,0.0,0.0,0.0,0.0,0.0,0.0,0.0,0.0,3.66e-05,0.0,0.0,0.0,0.0,0.0,0.0,0.0,0.0,0.0,0.0,0.0,0.0,3.66e-05,0.0,0.0,0.0,0.0,0.0,0.0,0.0,0.0,0.0,0.0,0.0,0.0,0.0,0.0,0.0,0.0,0.0,0.0,3.66e-05,0.0,0.0,0.0,0.0,0.0,0.0,0.0,0.0,0.0,0.0,0.0,0.0,0.0,0.0,0.0,0.0,0.0,0.0,0.0,0.0,0.0,0.0,0.0,0.0,0.0,0.0,0.0,0.0,0.0,0.00025626,0.0,0.0,3.66e-05,0.0,0.0,0.0,0.0,0.0,0.0,0.0,0.0,0.0,0.0,0.0,0.0,0.0,0.0,0.0,0.0,0.0,0.0,0.0,0.0,0.0,0.0,0.0,0.0,0.0,0.0,0.0,0.0,0.0,0.0,0.0,0.0,0.0,0.0,0.0,0.0,0.0,0.0,0.0,0.0,0.0,0.0,0.0,0.0,0.0,0.0,0.0,0.0,0.0,0.0,0.0,0.0,0.0,0.0,0.0,0.0,0.0,0.0,0.0,3.66e-05,0.0,0.0,0.0,0.0,0.0,0.0,0.0,0.0,0.0,0.0,0.0,0.0,0.0,0.0,0.0,0.0,0.0,0.0,0.0,0.0,0.0,0.0,0.0,0.0,0.0,0.0,0.0,0.0,0.0,0.0,0.0,0.0,0.0,0.0,0.0,0.0,0.0,3.66e-05,0.0,0.0,0.0,0.0,0.0,0.0,0.0,0.0,0.0,0.0,0.0,0.0,0.0,0.0,0.0,0.0,0.0,0.0,0.0,0.0,0.0,0.0,0.0,0.0
SRR12478810,0.008066323,0.201658078,0.310329375,0.0,0.0,0.000224065,0.001120323,0.000224065,0.021958324,0.000448129,0.011427291,0.000224065,0.001344387,0.000448129,0.0,0.001344387,0.001344387,0.000672194,0.000448129,0.0,0.0,0.004033162,0.0,0.002016581,0.0,0.000672194,0.0,0.000672194,0.032713421,0.000224065,0.0,0.000224065,0.000448129,0.0,0.062738069,0.000896258,0.0,0.0,0.000448129,0.0,0.000448129,0.0,0.0,0.0,0.0,0.0,0.000224065,0.000224065,0.0,0.000224065,0.0,0.0,0.000224065,0.0,0.0,0.000224065,0.0,0.0,0.0,0.007618194,0.170064979,0.003136903,0.002688774,0.012995743,0.005377549,0.016580775,0.0,0.000896258,0.0,0.0,0.000224065,0.0,0.0,0.01434013,0.0,0.001120323,0.0,0.0,0.000672194,0.0,0.003360968,0.0,0.000896258,0.002016581,0.0,0.0,0.000224065,0.000224065,0.0,0.0,0.0,0.011651356,0.0,0.0,0.0,0.0,0.000448129,0.0,0.0,0.000224065,0.000224065,0.0,0.0,0.0,0.0,0.0,0.0,0.0,0.0,0.000224065,0.000224065,0.0,0.000224065,0.0,0.0,0.0,0.0,0.0,0.0,0.000224065,0.0,0.0,0.0,0.0,0.0,0.0,0.0,0.001344387,0.006273807,0.006273807,0.000672194,0.0,0.000672194,0.0,0.0,0.002912839,0.0,0.001344387,0.000224065,0.0,0.0,0.0,0.0,0.000224065,0.0,0.000224065,0.0,0.0,0.0,0.0,0.0,0.000224065,0.000672194,0.0,0.0,0.0,0.0,0.0,0.0,0.0,0.0,0.0,0.0,0.0,0.000224065,0.0,0.0,0.0,0.0,0.000224065,0.0,0.0,0.0,0.0,0.0,0.0,0.0,0.0,0.0,0.0,0.0,0.0,0.0,0.0,0.0,0.0,0.0,0.0,0.0,0.0,0.0,0.0,0.000224065,0.0,0.0,0.0,0.0,0.0,0.001120323,0.005153484,0.000448129,0.0,0.0,0.0,0.0,0.0,0.0,0.0,0.0,0.0,0.0,0.000224065,0.0,0.0,0.0,0.000672194,0.0,0.0,0.0,0.0,0.000448129,0.0,0.0,0.0,0.0,0.0,0.0,0.000224065,0.0,0.002240645,0.0,0.009858839,0.004257226,0.0,0.000224065,0.001568452,0.0,0.0,0.0,0.001120323,0.0,0.0,0.0,0.0,0.0,0.0,0.0,0.0,0.0,0.0,0.0,0.0,0.0,0.000224065,0.0,0.0,0.0,0.0,0.0,0.0,0.0,0.0,0.0,0.000448129,0.0,0.000448129,0.0,0.0,0.0,0.0,0.0,0.0,0.005377549,0.0,0.0,0.000672194,0.0,0.0,0.0,0.0,0.0,0.0,0.0,0.0,0.000672194,0.008514452,0.0,0.000672194,0.0,0.000672194,0.000224065,0.0,0.001344387,0.0,0.0,0.0,0.0,0.0,0.0,0.0,0.0,0.0,0.0,0.000224065,0.0,0.0,0.000224065,0.0,0.0,0.0,0.0,0.0,0.0,0.0,0.0,0.0,0.000224065,0.000224065,0.0,0.0,0.0,0.0,0.0,0.0,0.0,0.0,0.0,0.000896258,0.000896258,0.0,0.0,0.0,0.000224065,0.000224065,0.0,0.000224065,0.0,0.0,0.0,0.000224065,0.0,0.0,0.0,0.0,0.0,0.0,0.0,0.0,0.0,0.0,0.0,0.0,0.0,0.0,0.0,0.000896258,0.0,0.0,0.000224065,0.0,0.0,0.0,0.0,0.0,0.0,0.0,0.0,0.0,0.0,0.0,0.0,0.0,0.000224065,0.0,0.0,0.0,0.0,0.000224065,0.0,0.0,0.0,0.0,0.0,0.0,0.0,0.0,0.000224065,0.0,0.0,0.0,0.0,0.0,0.0,0.0,0.0,0.0,0.0,0.0,0.0,0.0,0.0,0.0,0.0,0.0,0.0,0.0,0.0,0.0,0.0,0.0,0.0,0.0,0.0,0.0,0.0,0.0,0.0,0.0,0.0,0.0,0.0,0.0,0.0,0.0,0.0,0.000672194,0.0,0.0,0.0,0.0,0.0,0.0,0.0,0.0,0.0,0.0,0.0,0.000224065,0.0,0.0,0.0,0.000448129,0.0,0.0,0.0,0.0,0.0,0.0,0.0,0.0,0.0,0.0,0.0,0.0,0.0,0.0,0.0,0.0,0.0,0.0,0.0,0.0,0.0,0.0,0.0,0.0,0.0,0.0,0.0,0.0,0.0,0.0,0.0,0.0,0.0,0.0,0.0,0.0,0.0,0.0,0.0,0.0,0.0,0.0,0.0,0.0,0.0,0.0,0.0,0.0,0.0,0.0,0.0,0.0,0.0,0.0,0.0,0.0,0.0,0.0,0.0,0.0,0.0,0.0,0.0,0.0,0.0,0.0,0.0,0.0,0.000224065,0.0,0.0,0.0,0.0,0.0,0.0,0.0,0.0,0.0,0.0,0.0,0.0,0.0,0.0,0.0,0.0,0.0,0.0,0.0,0.0,0.0,0.0,0.0,0.0,0.0,0.0,0.0,0.0,0.0,0.0,0.0,0.0,0.0,0.0,0.0,0.0,0.0,0.0,0.0,0.0,0.0,0.0,0.0,0.0,0.0,0.0,0.0,0.000224065,0.0,0.0,0.0,0.0,0.0,0.0,0.0,0.0,0.0,0.0,0.0,0.0,0.0,0.0,0.0,0.0,0.0,0.0,0.0,0.0,0.0,0.0,0.0,0.0,0.0,0.0,0.0,0.0,0.0,0.0,0.0,0.0,0.0,0.0,0.0,0.0,0.0,0.0,0.0,0.0,0.0,0.0,0.0,0.0,0.0,0.0,0.0,0.0,0.0,0.0,0.0,0.0,0.0,0.0,0.0,0.0,0.0,0.0,0.0,0.0,0.0,0.0,0.0,0.0,0.0,0.0,0.0,0.0,0.0,0.0,0.0,0.0,0.0,0.0,0.0,0.0,0.0,0.0,0.0,0.0,0.0,0.0,0.0,0.0,0.0,0.0,0.0,0.0,0.0,0.0,0.0,0.0,0.0,0.0,0.0,0.0,0.0,0.0,0.0,0.0,0.0,0.0,0.0,0.000224065,0.000224065,0.0,0.0,0.0,0.0,0.0,0.0,0.0,0.0,0.0,0.0,0.0,0.0,0.0,0.0,0.0
SRR12478811,0.771969788,0.027214962,0.000599449,0.0,0.005634816,0.0,0.00011989,0.0,0.043519962,0.001798346,0.001318787,0.0,0.003117132,0.003356912,0.000719338,0.001798346,0.0,0.0,0.000239779,0.000359669,0.000599449,0.001678456,0.000239779,0.024337609,0.00011989,0.00011989,0.0,0.0,0.010310514,0.0,0.00011989,0.001438676,0.027454742,0.0,0.013427647,0.000239779,0.0,0.0,0.0,0.00011989,0.00011989,0.0,0.000479559,0.0,0.0,0.000239779,0.00407625,0.000719338,0.000359669,0.001318787,0.0,0.000239779,0.00011989,0.0,0.0,0.000959118,0.00011989,0.0,0.0,0.001079007,0.000959118,0.000239779,0.0,0.000239779,0.000239779,0.000239779,0.0,0.005634816,0.000719338,0.0,0.0,0.0,0.0,0.000359669,0.000239779,0.00011989,0.0,0.0,0.000839228,0.0,0.001558566,0.0,0.0,0.003716581,0.0,0.0,0.000479559,0.00011989,0.00011989,0.0,0.0,0.005275147,0.00011989,0.000599449,0.00011989,0.0,0.0,0.0,0.0,0.00011989,0.0,0.005874595,0.0,0.000239779,0.0,0.0,0.0,0.0,0.0,0.00011989,0.009111617,0.0,0.00011989,0.001678456,0.00011989,0.0,0.0,0.0,0.0,0.00011989,0.000599449,0.0,0.0,0.0,0.00011989,0.0,0.0,0.0,0.00011989,0.0,0.00011989,0.0,0.0,0.0,0.00011989,0.000959118,0.0,0.0,0.0,0.0,0.0,0.00407625,0.0,0.0,0.0,0.0,0.0,0.0,0.0,0.0,0.0,0.0,0.0,0.0,0.0,0.0,0.0,0.000359669,0.0,0.0,0.0,0.0,0.0,0.0,0.0,0.0,0.0,0.00011989,0.0,0.00011989,0.0,0.0,0.0,0.0,0.0,0.0,0.0,0.00011989,0.0,0.0,0.0,0.0,0.0,0.0,0.0,0.0,0.0,0.0,0.0,0.0,0.0,0.0,0.0,0.0,0.0,0.0,0.0,0.0,0.0,0.0,0.0,0.0,0.0,0.0,0.0,0.0,0.0,0.0,0.0,0.0,0.0,0.0,0.0,0.0,0.0,0.0,0.0,0.0,0.0,0.0,0.0,0.0,0.0,0.0,0.0,0.0,0.0,0.0,0.0,0.00011989,0.0,0.000239779,0.0,0.0,0.0,0.0,0.0,0.0,0.0,0.0,0.0,0.0,0.0,0.0,0.0,0.0,0.0,0.0,0.0,0.0,0.0,0.0,0.0,0.0,0.0,0.0,0.0,0.0,0.0,0.0,0.0,0.0,0.0,0.0,0.0,0.0,0.0,0.0,0.0,0.0,0.0,0.0,0.000239779,0.0,0.0,0.0,0.0,0.0,0.0,0.0,0.0,0.00011989,0.0,0.0,0.0,0.000359669,0.0,0.0,0.0,0.0,0.0,0.0,0.0,0.0,0.0,0.0,0.0,0.0,0.0,0.0,0.0,0.0,0.0,0.00011989,0.0,0.0,0.0,0.0,0.0,0.0,0.0,0.0,0.0,0.0,0.0,0.0,0.0,0.0,0.0,0.0,0.0,0.0,0.0,0.0,0.0,0.0,0.0,0.0,0.0,0.0,0.0,0.0,0.0,0.00011989,0.0,0.00011989,0.0,0.0,0.0,0.0,0.0,0.0,0.0,0.0,0.0,0.0,0.0,0.0,0.0,0.0,0.0,0.0,0.00011989,0.0,0.0,0.0,0.0,0.0,0.0,0.0,0.0,0.0,0.0,0.0,0.0,0.0,0.0,0.0,0.0,0.0,0.0,0.0,0.0,0.0,0.0,0.0,0.0,0.0,0.0,0.0,0.0,0.0,0.0,0.0,0.0,0.0,0.00011989,0.0,0.0,0.0,0.0,0.0,0.0,0.0,0.0,0.0,0.0,0.0,0.0,0.0,0.0,0.0,0.0,0.0,0.0,0.0,0.0,0.0,0.0,0.0,0.0,0.0,0.0,0.0,0.0,0.0,0.00011989,0.0,0.0,0.0,0.0,0.0,0.0,0.0,0.0,0.0,0.0,0.0,0.0,0.0,0.0,0.0,0.0,0.0,0.0,0.0,0.0,0.0,0.0,0.0,0.0,0.0,0.0,0.0,0.0,0.0,0.0,0.0,0.0,0.0,0.0,0.0,0.0,0.0,0.0,0.0,0.0,0.0,0.0,0.0,0.0,0.0,0.0,0.0,0.0,0.0,0.0,0.0,0.0,0.0,0.0,0.0,0.0,0.0,0.0,0.0,0.0,0.0,0.0,0.0,0.0,0.0,0.0,0.0,0.0,0.0,0.0,0.0,0.0,0.0,0.0,0.0,0.0,0.0,0.0,0.0,0.0,0.0,0.0,0.0,0.0,0.0,0.0,0.0,0.0,0.0,0.0,0.0,0.0,0.0,0.0,0.0,0.0,0.0,0.0,0.0,0.0,0.0,0.0,0.0,0.0,0.0,0.0,0.0,0.0,0.0,0.0,0.0,0.0,0.0,0.0,0.00011989,0.0,0.0,0.0,0.0,0.0,0.0,0.0,0.0,0.0,0.0,0.0,0.0,0.0,0.0,0.0,0.0,0.0,0.0,0.0,0.0,0.0,0.0,0.0,0.0,0.0,0.0,0.0,0.0,0.0,0.0,0.0,0.0,0.0,0.0,0.0,0.0,0.0,0.0,0.0,0.0,0.0,0.0,0.0,0.0,0.0,0.0,0.0,0.0,0.0,0.0,0.0,0.0,0.0,0.0,0.0,0.0,0.0,0.0,0.0,0.0,0.0,0.0,0.0,0.0,0.0,0.0,0.0,0.0,0.0,0.0,0.0,0.0,0.0,0.0,0.0,0.0,0.0,0.0,0.0,0.0,0.0,0.0,0.0,0.0,0.0,0.0,0.0,0.0,0.0,0.0,0.0,0.0,0.0,0.0,0.0,0.0,0.0,0.0,0.0,0.0,0.0,0.0,0.0,0.0,0.0,0.0,0.0,0.0,0.0,0.0,0.0,0.0,0.0,0.0,0.0,0.0,0.0,0.0,0.0,0.0,0.0,0.0,0.0,0.0,0.0,0.0,0.0,0.0,0.0,0.0,0.0,0.0,0.0,0.0,0.0,0.0,0.0,0.0,0.0,0.0,0.0,0.0,0.0,0.0,0.0,0.0,0.0
SRR12478812,0.36876101,0.135223555,0.003439309,8.39e-05,0.000167771,4.19e-05,0.000545256,0.000209714,0.294480329,0.003984565,0.003145709,0.000335542,0.009730727,0.001929368,0.00104857,0.006710846,0.001761597,4.19e-05,0.0002936,0.000461371,0.001677712,0.006585018,0.003271538,0.027304756,0.000545256,0.000713027,0.0,0.000503313,0.02826944,0.000335542,4.19e-05,0.017154601,0.0,0.001384112,0.001593826,0.001426055,8.39e-05,0.0,0.0,0.0002936,4.19e-05,0.0,0.000419428,4.19e-05,0.0,0.000377485,0.0,0.000713027,0.000167771,0.002768224,8.39e-05,0.0,8.39e-05,0.000125828,4.19e-05,8.39e-05,0.0,0.0,0.0,4.19e-05,0.000419428,0.000125828,0.0,0.0,0.0,0.0,0.0,8.39e-05,0.000251657,0.0,8.39e-05,0.0,0.0,8.39e-05,0.0,0.0,0.0,0.0,0.00360708,0.0,0.003271538,8.39e-05,4.19e-05,0.001677712,0.0,0.0,0.000335542,0.000167771,0.0,0.0,0.0,0.026130358,0.001300226,0.0,0.000461371,0.0,0.019964768,0.0,0.0,0.0002936,0.000251657,0.000209714,0.000167771,0.000419428,0.0,0.0,0.000209714,0.0,0.0,0.000251657,0.000167771,0.0,0.000167771,0.0,8.39e-05,8.39e-05,0.0,8.39e-05,4.19e-05,0.000209714,0.000167771,0.0,0.001593826,8.39e-05,0.001384112,4.19e-05,0.0,0.0,4.19e-05,0.0,8.39e-05,0.0,4.19e-05,0.0,8.39e-05,4.19e-05,0.0,0.0,0.0,0.0,8.39e-05,4.19e-05,4.19e-05,0.0,0.0,4.19e-05,0.0,0.000335542,0.0,0.000125828,0.0,0.000335542,8.39e-05,0.0,0.0,0.0,4.19e-05,0.0,0.0,0.0,0.0,0.0,8.39e-05,0.000377485,0.0,0.000167771,0.0,0.0,0.0,0.000167771,0.0,0.0,0.000125828,0.0,0.0,0.0,0.0,0.0,0.0,0.0,0.0,0.0,0.0,4.19e-05,0.0,0.0,0.0,4.19e-05,0.0,0.0,4.19e-05,0.0,4.19e-05,0.0,0.0,0.0,4.19e-05,4.19e-05,0.0,0.0,0.0,0.000125828,0.0,0.0,0.0,0.0,4.19e-05,0.0,0.0,0.0,0.0,0.0,0.0,0.0,4.19e-05,4.19e-05,0.0,0.0,4.19e-05,0.0,0.0,0.0,0.0,0.0,8.39e-05,0.0,0.0,0.0,0.0,4.19e-05,0.0,0.0,0.0,0.0,4.19e-05,8.39e-05,0.0,0.0,0.0,0.0,0.0,0.0,0.0,0.0,0.0,0.0,0.0,0.0,0.0,0.0,0.0,0.0,0.0,0.0,0.0,0.0,0.0,0.0,0.0,0.0,4.19e-05,0.0,0.0,4.19e-05,8.39e-05,8.39e-05,0.0,0.0,0.0,0.0,4.19e-05,0.0,0.0,0.0,0.0,0.0,0.0,0.0,0.0,0.0,0.0,0.000209714,8.39e-05,4.19e-05,0.0,0.0,4.19e-05,0.0,0.0,0.0,0.0,0.0,0.000167771,0.0,0.0,0.0,0.0,0.0,0.0,0.0,0.0,0.0,0.0,0.0,0.0,0.0,0.0,0.0,0.0,0.0,0.0,0.0,0.0,0.000209714,0.000125828,0.0,0.0,0.0,0.0,0.0,4.19e-05,4.19e-05,0.0,4.19e-05,0.0,0.0,0.0,0.0,4.19e-05,0.0,4.19e-05,4.19e-05,0.0,0.0,0.0,0.000335542,0.0,4.19e-05,0.0,0.0,0.0,0.0,0.0,0.0,0.0,0.0,0.0,4.19e-05,0.0,0.0,0.0,0.0,0.0,0.0,0.0,4.19e-05,0.0,0.0,8.39e-05,0.0,0.0,0.0,4.19e-05,0.0,0.000419428,0.0,0.0,4.19e-05,0.000251657,0.0,0.0,0.0,4.19e-05,0.0,0.0,0.0,0.0,0.0,4.19e-05,0.000545256,0.0,0.0,4.19e-05,0.0,0.0,0.0,0.0,4.19e-05,0.0,0.0,4.19e-05,0.0,0.0,0.0,0.0,0.0,0.0,0.0,8.39e-05,0.0,0.0,0.0,0.0,0.0,0.0,4.19e-05,0.0,0.0,0.0,0.0,0.0,4.19e-05,0.0,0.0,0.0,0.0,0.0,0.0,0.0,4.19e-05,0.0,0.0,0.0,0.0,0.0,4.19e-05,0.0,4.19e-05,0.0,0.0,0.0,0.0,4.19e-05,0.0,0.0,0.0,0.0,0.0,0.0,0.0,0.0,0.0,0.0,0.0,0.0,0.0,0.0,0.0,0.0,0.0,0.0,0.0,0.0,0.0,0.0,0.0,0.0,0.0,0.0,0.0,0.0,0.0,0.0,0.0,0.0,0.0,0.0,0.0,0.0,0.0,0.0,0.0,0.0,0.0,0.0,0.0,0.0,0.0,0.0,4.19e-05,0.0,0.0,0.0,0.0,0.0,0.0,0.0,0.0,0.0,0.0,0.0,0.0,0.0,0.0,0.0,0.0,0.0,0.0,0.0,0.0,0.0,0.0,0.000209714,0.0,0.0,0.0,0.0,0.0,0.0,0.0,0.0,0.0,0.0,0.0,0.0,0.0,0.0,0.0,0.0,0.0,0.0,0.0,0.0,8.39e-05,0.0,0.0,0.0,0.0,0.0,0.0,0.0,0.0,0.0,0.0,0.0,0.0,0.0,0.0,0.0,0.0,0.0,0.0,0.0,0.0,0.0,0.0,0.0,0.0,0.0,0.0,0.0,0.0,0.0,0.0,0.0,0.0,0.0,0.0,0.0,0.0,0.0,0.0,0.0,0.0,0.0,0.0,0.0,0.0,0.0,0.0,0.0,0.0,0.0,0.0,0.0,0.0,0.0,0.0,0.0,0.0,0.0,0.0,4.19e-05,0.0,0.0,0.0,0.0,0.0,0.0,0.0,0.0,0.0,0.0,0.0,0.0,0.0,0.0,0.0,0.0,0.0,0.0,0.0,0.0,0.0,0.0,0.0,0.0,0.0,0.0,0.0,0.0,0.0,0.0,0.0,0.0,0.0,0.0,0.0,0.0,0.0,0.0,0.0,0.0,0.0,0.0,0.0,0.0,0.0,0.0,0.0,0.0,0.0,0.0,0.0,0.0,0.0,0.0,0.0,0.0,0.0,0.0,0.0,0.0,0.0,0.0,0.0,0.0,0.0,0.0,0.0,0.0,0.0,0.0,0.0,0.0,0.0,0.0,0.0,0.0,0.0,0.0,0.0,0.0,0.0,4.19e-05,4.19e-05,0.0,0.0,0.0,0.0,0.0,0.0,0.0,0.0,0.0,0.0,0.0,0.0,0.0
SRR12478813,0.396274344,0.279424217,0.00169348,0.0,0.0042337,0.0,0.0,0.0,0.176121931,0.00677392,0.00169348,0.008467401,0.00677392,0.00254022,0.00084674,0.0042337,0.0,0.0,0.0,0.0,0.0,0.00677392,0.0,0.00762066,0.00338696,0.00169348,0.0,0.0,0.011007621,0.0,0.0,0.00084674,0.011007621,0.0,0.00084674,0.0,0.0,0.0,0.0,0.0,0.00084674,0.0,0.0,0.0,0.0,0.0,0.0,0.0,0.0,0.00084674,0.0,0.0,0.0,0.0,0.0,0.0,0.0,0.0,0.0,0.00169348,0.0,0.0,0.0,0.0,0.0,0.0,0.0,0.0,0.0,0.0,0.0,0.0,0.0,0.0,0.0,0.0,0.0,0.0,0.00254022,0.0042337,0.0,0.0,0.0,0.00762066,0.0,0.008467401,0.00084674,0.0,0.0,0.0,0.0,0.00677392,0.0,0.00084674,0.0,0.0,0.00338696,0.0,0.0,0.0,0.0,0.0,0.0,0.0,0.0,0.0,0.0,0.0,0.0,0.0,0.00677392,0.0,0.0,0.0,0.0,0.0,0.0,0.0,0.0,0.0,0.00254022,0.0,0.0,0.0,0.0,0.0,0.0,0.00084674,0.0,0.0,0.0,0.0,0.0,0.0,0.0,0.0,0.0,0.0,0.0,0.0,0.0,0.00084674,0.0,0.0,0.0,0.0,0.0,0.0,0.0,0.0,0.0,0.0,0.0,0.0,0.0,0.0,0.0,0.0,0.0,0.0,0.0,0.0,0.0,0.0,0.0,0.0,0.0,0.0,0.0,0.0,0.0,0.0,0.0,0.0,0.0,0.0,0.0,0.0,0.0,0.0,0.0,0.0,0.0,0.0,0.0,0.0,0.0,0.0,0.0,0.0,0.0,0.0,0.0,0.0,0.0,0.0,0.0,0.0,0.0,0.0,0.0,0.0,0.0,0.0,0.0,0.0,0.014394581,0.0,0.0,0.0,0.0,0.0,0.0,0.00169348,0.0,0.0,0.0,0.0,0.0,0.0,0.0,0.0,0.0,0.0,0.0,0.0,0.0,0.0,0.0,0.0,0.0,0.0,0.0,0.0,0.0,0.0,0.0,0.0,0.0,0.0,0.0,0.0,0.0,0.0,0.0,0.0,0.0,0.0,0.0,0.0,0.0,0.0,0.0,0.0,0.0,0.0,0.0,0.0,0.0,0.0,0.0,0.0,0.0,0.00084674,0.0,0.0,0.0,0.0,0.0,0.0,0.0,0.0,0.0,0.0,0.0,0.0,0.0,0.0,0.0,0.0,0.0,0.0,0.0,0.0,0.0,0.0,0.0,0.0,0.0,0.0,0.0,0.0,0.0,0.0,0.0,0.0,0.0,0.0,0.0,0.0,0.0,0.0,0.0,0.0,0.0,0.0,0.0,0.0,0.0,0.0,0.0,0.0,0.0,0.0,0.0,0.0,0.0,0.0,0.0,0.0,0.0,0.0,0.0,0.0,0.00169348,0.0,0.0,0.0,0.0,0.0,0.0,0.0,0.0,0.0,0.0,0.0,0.0,0.0,0.0,0.0,0.0,0.0,0.0,0.0,0.0,0.0,0.0,0.0,0.0,0.0,0.0,0.0,0.0,0.0,0.0,0.0,0.0,0.0,0.0,0.0,0.0,0.0,0.0,0.0,0.0,0.0,0.0,0.0,0.0,0.0,0.0,0.0,0.0,0.0,0.0,0.0,0.0,0.0,0.0,0.0,0.0,0.0,0.0,0.0,0.0,0.0,0.0,0.0,0.0,0.0,0.0,0.0,0.0,0.0,0.0,0.0,0.0,0.0,0.0,0.0,0.0,0.0,0.0,0.0,0.0,0.0,0.0,0.0,0.0,0.0,0.0,0.0,0.0,0.0,0.0,0.0,0.0,0.0,0.0,0.0,0.0,0.0,0.0,0.0,0.0,0.0,0.0,0.0,0.0,0.0,0.0,0.0,0.0,0.0,0.0,0.0,0.0,0.0,0.0,0.0,0.0,0.0,0.0,0.0,0.0,0.0,0.0,0.0,0.0,0.0,0.0,0.0,0.0,0.0,0.0,0.0,0.0,0.0,0.0,0.0,0.0,0.0,0.0,0.0,0.0,0.0,0.0,0.0,0.0,0.0,0.0,0.0,0.0,0.0,0.0,0.0,0.0,0.0,0.0,0.0,0.0,0.0,0.0,0.0,0.0,0.0,0.0,0.0,0.0,0.0,0.0,0.0,0.0,0.0,0.0,0.0,0.0,0.0,0.0,0.0,0.0,0.0,0.0,0.0,0.0,0.0,0.0,0.0,0.0,0.0,0.0,0.0,0.0,0.0,0.0,0.0,0.0,0.0,0.0,0.0,0.0,0.0,0.0,0.0,0.0,0.0,0.0,0.0,0.0,0.0,0.0,0.0,0.0,0.0,0.0,0.0,0.0,0.0,0.0,0.0,0.0,0.0,0.0,0.0,0.0,0.0,0.0,0.0,0.0,0.0,0.0,0.0,0.0,0.0,0.0,0.0,0.0,0.0,0.0,0.0,0.0,0.0,0.0,0.0,0.0,0.0,0.0,0.0,0.0,0.0,0.0,0.0,0.0,0.0,0.0,0.0,0.0,0.0,0.0,0.0,0.0,0.0,0.0,0.0,0.0,0.0,0.0,0.0,0.0,0.0,0.0,0.0,0.0,0.0,0.0,0.0,0.0,0.0,0.0,0.0,0.0,0.0,0.0,0.0,0.0,0.0,0.0,0.0,0.0,0.0,0.0,0.0,0.0,0.0,0.0,0.0,0.0,0.0,0.0,0.0,0.0,0.0,0.0,0.0,0.0,0.0,0.0,0.0,0.0,0.0,0.0,0.0,0.0,0.0,0.0,0.0,0.0,0.0,0.0,0.0,0.0,0.0,0.0,0.0,0.0,0.0,0.0,0.0,0.0,0.0,0.0,0.0,0.0,0.0,0.0,0.0,0.0,0.0,0.0,0.0,0.0,0.0,0.0,0.0,0.0,0.0,0.0,0.0,0.0,0.0,0.0,0.0,0.0,0.0,0.0,0.0,0.0,0.0,0.0
SRR12478814,0.021235947,0.72283048,0.084062018,0.0,0.0,0.0,0.000146962,7.35e-05,0.004629289,0.000734808,0.000808289,0.000293923,0.004335366,0.000587846,7.35e-05,0.000220442,7.35e-05,0.0,0.000146962,0.029098391,0.000367404,0.010360791,0.018884562,0.001616577,0.00183702,0.0,0.0,7.35e-05,0.001102212,0.0,0.0,0.0,0.000587846,0.000146962,0.000440885,0.000587846,7.35e-05,0.0,0.0,7.35e-05,7.35e-05,0.0,7.35e-05,0.0,0.0,0.000220442,0.000146962,0.0,0.0,0.0,0.0,0.000220442,0.000220442,0.0,0.0,7.35e-05,0.0,0.0,0.0,0.001763539,0.002645308,0.001983981,7.35e-05,7.35e-05,0.000587846,0.000808289,0.0,7.35e-05,0.002057462,0.0,7.35e-05,0.0,0.0,0.000661327,0.0,0.0,7.35e-05,0.0,0.000146962,0.0,0.001102212,0.0,0.0,0.000146962,0.0,0.000367404,0.0,7.35e-05,0.0,0.0,0.0,0.000514365,0.0,0.0,0.000661327,0.0,0.0,0.0,0.0,0.0,0.000293923,7.35e-05,0.0,0.0,7.35e-05,0.0,7.35e-05,0.0,0.0,0.000734808,0.000146962,0.0,0.000220442,0.0,7.35e-05,0.0,0.0,0.0,0.0,0.0,0.005878463,0.0,0.0,0.0,0.0,0.0,0.0,0.0,0.002498347,0.000146962,7.35e-05,0.0,0.0,0.0,0.0,0.000293923,0.0,0.0,0.0,0.0,7.35e-05,0.000440885,0.0,0.060621647,0.0,0.000514365,0.0,0.0,0.0,0.0,0.0,0.0,0.0,0.0,0.0,0.0,0.0,0.000514365,0.0,0.0,0.0,0.0,0.0,0.0,0.0,0.0,0.0,0.000293923,0.0,7.35e-05,0.0,0.0,7.35e-05,0.0,0.0,0.0,0.0,0.0,0.0,0.0,0.0,0.0,7.35e-05,0.0,0.0,0.0,0.0,7.35e-05,0.0,0.0,0.0,0.0,0.0,0.0,0.0,0.0,0.0,0.0,0.0,0.000293923,7.35e-05,0.0,0.0,0.0,0.0,0.0,0.0,0.0,0.0,0.0,0.0,0.0,0.0,0.0,0.0,0.000146962,0.0,0.0,0.0,0.0,0.0,0.0,0.0,0.0,7.35e-05,0.0,0.0,0.0,0.000293923,0.000734808,0.001690058,0.000514365,0.000146962,0.0,0.0,0.000146962,0.0,0.0,0.0,0.0,0.0,0.0,0.0,0.0,0.0,0.0,0.0,0.0,0.0,0.0,0.0,0.0,0.0,0.0,0.0,0.0,0.0,0.0,0.0,0.0,0.0,0.0,0.0,7.35e-05,0.0,0.0,0.0,0.0,0.0,0.0,0.0,0.0,0.0,0.0,0.0,0.0,0.0,0.0,0.0,0.0,0.0,0.0,0.0,0.0,0.000881769,0.000367404,0.0,0.0,0.0,0.0,0.0,0.0,0.0,0.0,0.0,0.0,0.0,0.0,0.0,0.0,0.0,0.0,0.0,0.0,0.0,0.0,0.0,0.0,0.0,0.0,0.0,0.0,0.0,0.0,0.0,0.0,0.0,0.0,0.0,0.0,0.0,0.0,0.0,7.35e-05,0.0,7.35e-05,0.0,0.0,0.0,0.0,0.0,0.0,7.35e-05,0.0,0.0,0.0,0.0,0.0,0.0,0.0,0.0,0.0,0.0,0.0,0.0,0.0,0.0,0.0,0.0,0.0,0.0,0.0,0.0,0.0,0.0,7.35e-05,0.0,0.0,0.0,0.0,0.0,0.0,0.000220442,0.0,0.0,0.0,0.0,0.0,0.0,0.0,0.0,0.0,0.0,0.0,0.0,0.0,0.0,0.0,0.0,0.0,0.0,0.0,0.0,0.0,0.0,0.0,0.0,0.0,0.0,0.0,0.0,0.0,0.0,0.0,0.0,0.0,0.0,0.0,0.0,0.0,0.0,0.0,0.0,0.0,0.0,0.0,0.0,0.0,0.0,0.0,0.0,0.0,0.0,0.0,0.0,0.0,0.0,0.0,0.0,0.0,0.0,0.0,0.0,0.0,0.0,0.0,0.0,0.0,0.0,0.0,0.0,0.0,0.0,0.0,0.0,0.0,0.0,7.35e-05,0.0,0.0,0.0,0.0,0.0,0.0,0.0,0.0,0.0,0.0,7.35e-05,0.0,0.0,0.0,0.0,0.0,0.0,0.0,0.0,0.0,0.0,0.0,0.0,0.0,0.0,0.0,0.0,0.0,0.0,0.0,0.0,0.0,0.0,0.0,0.0,0.0,0.0,0.0,0.0,0.0,0.0,0.0,0.0,0.0,0.0,0.0,0.0,0.0,0.0,0.0,0.0,0.0,0.0,0.0,0.0,0.0,0.0,0.0,0.0,0.0,0.0,0.0,0.0,0.0,0.0,0.0,0.0,0.0,0.0,0.0,0.0,0.0,0.0,0.0,0.0,0.0,0.0,0.0,0.0,0.0,0.0,0.0,0.0,0.0,0.0,0.0,0.0,0.0,0.0,0.0,0.0,0.0,0.0,0.0,0.0,0.0,0.0,0.0,0.0,0.0,0.0,0.0,0.0,0.0,0.0,0.0,0.0,7.35e-05,0.0,0.0,0.0,0.0,0.0,0.0,0.0,0.0,0.0,0.0,0.0,0.0,0.0,0.0,0.0,0.0,0.0,0.0,0.0,0.0,0.0,0.0,0.0,0.0,0.0,0.0,0.0,0.0,0.0,0.0,0.0,0.0,0.0,0.0,0.0,0.0,0.0,0.0,0.0,0.0,0.0,0.0,0.0,0.0,0.0,0.0,0.0,0.0,0.0,0.0,0.0,0.0,0.0,0.0,0.0,0.0,0.0,0.0,0.0,0.0,0.0,0.0,0.0,0.0,0.0,0.0,0.0,0.0,0.0,0.0,0.0,0.0,0.0,0.0,0.0,0.0,0.0,0.0,0.0,0.0,0.0,0.0,0.0,0.0,0.0,0.0,0.0,0.0,0.0,0.0,0.0,0.0,0.0,0.0,0.0,0.0,0.0,0.0,0.0,0.0,0.0,0.0,0.0,0.0,0.0,0.0,0.0,0.0,0.0,0.0,0.0,0.0,0.0,0.0,0.0,0.0,0.0,0.0,0.0,0.0,7.35e-05,0.0,0.0,0.0,0.0,0.0,0.0,0.0,0.0,0.0,0.0,0.0,0.0
SRR12478815,0.00915284,0.785556066,0.017260835,0.0,0.010866385,0.0,0.00033435,0.0,0.001003051,0.000668701,0.005098842,4.18e-05,0.122037865,8.36e-05,4.18e-05,0.000250763,8.36e-05,4.18e-05,0.000125381,0.00033435,0.0,0.001629958,0.000794082,0.001797133,0.000125381,0.0,0.0,0.016466753,0.000459732,0.000292557,0.0,8.36e-05,4.18e-05,0.0,0.001838927,0.000626907,4.18e-05,8.36e-05,0.0,0.000167175,8.36e-05,0.0,0.0,0.0,0.0,0.0,0.0,0.0,0.0,0.0,0.000250763,0.0,8.36e-05,0.0,0.0,0.0,0.0,0.0,0.0,4.18e-05,0.001671752,8.36e-05,0.0,0.000250763,0.000125381,0.000292557,0.0,0.0,0.001964308,0.0,0.0,0.0,0.0,0.000167175,0.0,0.0,0.0,0.0,0.0,0.0,4.18e-05,4.18e-05,0.0,0.0,0.0,4.18e-05,8.36e-05,4.18e-05,0.000167175,0.0,0.0,0.010323066,8.36e-05,0.00242404,0.000208969,4.18e-05,4.18e-05,0.0,0.0,0.0,4.18e-05,4.18e-05,0.000417938,0.0,0.000292557,4.18e-05,4.18e-05,0.0,0.0,0.000167175,0.0,0.0,0.000250763,0.0,0.0,0.0,0.0,0.0,0.0,0.0,0.0,0.0,0.000125381,0.0,0.0,0.0,0.0,0.0,4.18e-05,0.0,4.18e-05,0.0,0.0,0.0,0.0,8.36e-05,0.0,0.0,0.0,0.0,0.000208969,0.0,4.18e-05,0.0,4.18e-05,0.0,0.0,4.18e-05,0.0,0.0,0.0,0.000167175,8.36e-05,0.0,0.0,0.0,0.0,0.0,0.0,0.0,0.0,0.0,0.0,0.0,0.0,0.0,0.0,0.0,0.0,0.0,0.0,0.0,0.0,0.0,8.36e-05,0.0,0.0,0.0,0.0,0.0,0.0,4.18e-05,0.0,0.0,0.0,0.0,0.0,8.36e-05,0.0,0.0,0.0,0.0,0.0,0.0,0.0,0.0,0.0,0.0,4.18e-05,0.0,0.0,0.0,0.0,0.0,0.0,0.0,0.0,0.0,0.0,8.36e-05,0.0,0.0,4.18e-05,0.0,0.0,4.18e-05,0.0,0.0,0.0,0.0,0.0,0.0,0.0,0.0,4.18e-05,0.0,4.18e-05,0.0,0.0,8.36e-05,0.0,0.000125381,0.0,0.0,4.18e-05,4.18e-05,0.0,0.0,0.0,4.18e-05,0.0,0.0,0.0,0.0,0.0,0.0,0.0,0.0,0.0,0.0,0.0,0.0,0.0,0.0,0.0,0.0,0.0,0.0,0.0,0.0,4.18e-05,0.0,0.0,0.0,0.0,0.0,0.0,0.0,0.0,4.18e-05,0.0,0.0,0.0,0.0,0.0,0.0,0.0,0.0,0.0,0.0,0.0,0.0,4.18e-05,0.0,0.0,4.18e-05,0.0,0.0,0.0,0.0,0.0,0.0,0.0,0.0,0.0,0.0,0.0,0.0,0.0,0.0,0.0,0.0,0.0,0.0,0.0,0.0,0.0,0.0,0.0,0.0,0.0,0.0,0.0,0.0,0.0,0.0,0.0,0.0,0.0,0.0,0.0,0.0,0.0,0.0,0.0,0.0,0.0,0.0,0.0,0.0,0.0,4.18e-05,0.0,0.0,0.0,0.0,0.0,0.0,0.0,0.0,0.0,0.0,0.0,0.0,0.0,0.0,0.0,0.0,0.0,8.36e-05,0.0,0.0,0.0,0.0,0.0,0.000125381,4.18e-05,0.0,0.0,4.18e-05,0.0,0.0,0.0,0.0,0.0,0.0,0.0,0.0,0.0,0.0,0.0,0.0,4.18e-05,0.0,0.0,0.0,0.0,0.0,0.0,0.0,0.0,0.0,0.0,0.0,0.0,0.0,0.0,4.18e-05,0.0,0.0,0.0,0.0,0.0,0.0,0.0,0.0,0.0,0.0,0.0,0.0,0.0,0.0,0.0,0.0,0.0,4.18e-05,0.0,0.0,0.0,0.0,0.0,4.18e-05,0.0,0.0,0.0,0.0,0.0,4.18e-05,0.0,0.0,0.0,0.0,0.0,0.0,0.0,0.0,0.0,0.0,0.0,0.0,0.0,0.0,0.0,0.0,0.0,0.0,0.0,0.0,0.0,0.0,0.0,0.0,0.0,0.0,0.0,0.0,0.0,0.0,0.0,0.0,0.0,0.0,0.0,0.0,0.0,4.18e-05,0.0,0.0,0.0,0.0,0.0,0.0,0.0,0.0,0.0,0.0,0.0,0.0,0.0,0.0,0.0,0.0,0.0,0.0,0.0,0.0,0.0,0.0,0.0,0.0,0.0,0.0,0.0,0.0,0.0,0.0,0.0,0.0,0.0,0.0,0.0,0.0,0.0,0.0,0.0,0.0,0.0,0.0,0.0,0.0,0.0,0.0,0.0,0.0,0.0,0.0,0.0,0.0,0.0,0.0,0.0,0.0,0.0,0.0,0.0,0.0,0.0,0.0,0.0,0.0,0.0,0.0,0.0,0.0,0.0,0.0,0.0,0.0,0.0,0.0,0.0,0.0,0.0,0.0,0.0,0.0,0.0,0.0,0.0,0.0,0.0,0.0,0.0,4.18e-05,0.0,0.0,0.0,0.0,0.0,0.0,0.0,0.0,0.0,0.0,0.0,0.0,0.0,0.0,0.0,0.0,4.18e-05,0.0,0.0,0.0,0.0,0.0,0.0,0.0,0.0,0.0,0.0,0.0,0.0,0.0,0.0,0.0,0.0,0.0,0.0,0.0,0.0,0.0,0.0,0.0,4.18e-05,4.18e-05,0.0,0.0,0.0,0.0,0.0,0.0,0.0,0.0,0.0,0.0,0.0,0.0,0.0,0.0,0.0,0.0,0.0,0.0,0.0,0.0,0.0,0.0,0.0,0.0,0.0,0.0,0.0,0.0,0.0,0.0,0.0,0.0,0.0,0.0,0.0,0.0,0.0,0.0,0.0,0.0,0.0,0.0,0.0,0.0,0.0,0.0,0.0,0.0,0.0,0.0,0.0,0.0,0.0,0.0,0.0,0.0,0.0,0.0,0.0,0.0,0.0,0.0,0.0,0.0,0.0,0.0,0.0,0.0,0.0,0.0,0.0,0.0,0.0,0.0,0.0,0.0,0.0,0.0,0.0,0.0,0.0,4.18e-05,4.18e-05,0.0,0.0,0.0,0.0,0.0,0.0,0.0,0.0,0.0,0.0
SRR12478816,0.400133,0.310749491,0.0,0.0,3.91e-05,0.0,3.91e-05,0.0,0.147042716,0.01224378,0.005202629,0.000117353,0.014473478,0.002151463,0.0,0.007510562,0.000743233,0.0,0.000195588,0.000391175,0.00109529,0.001329995,0.004420279,0.01193084,0.00125176,0.000117353,0.0,0.000821468,0.031176655,0.000117353,0.0,0.000195588,0.014277891,0.0,0.000234705,0.000352058,0.0,0.0,0.0,0.000273823,3.91e-05,0.0,3.91e-05,0.0,3.91e-05,0.0,0.002933813,0.0,0.0,0.0,0.000273823,0.0,0.0,7.82e-05,0.0,0.0,0.0,0.00046941,0.0,0.000117353,0.000704115,0.0,0.0,0.000117353,7.82e-05,0.0,0.0,0.0,0.00031294,0.0,0.0,0.0,0.000117353,3.91e-05,0.0,0.0,0.0,0.0,0.0,0.000704115,0.0,0.0,0.0,0.003324988,0.0,0.000586763,0.000821468,3.91e-05,0.0,0.0,0.0,0.012987013,0.0,0.0,0.001486465,0.0,0.003246753,0.0,0.0,0.00031294,0.0,0.0,0.0,0.0,0.000234705,0.0,0.0,0.0,0.0,0.000273823,0.000704115,0.0,0.0,0.0,3.91e-05,3.91e-05,0.0,0.0,0.0,3.91e-05,0.0,0.0,0.0,0.0,0.0,0.0,0.0,0.0,0.0,0.0,0.0,0.0,0.0,0.0,3.91e-05,0.0,0.0,3.91e-05,0.0,0.0,0.0,3.91e-05,0.0,0.0,0.0,0.0,0.0,0.0,0.0,0.0,0.0,0.0,0.0,0.0,0.0,0.0,0.0,0.0,0.0,0.0,0.0,0.0,0.0,0.0,0.0,0.0,0.0,0.0,7.82e-05,0.0,0.0,0.0,3.91e-05,0.0,0.0,0.0,0.0,0.0,0.0,0.0,0.0,0.0,0.0,0.0,0.0,0.0,0.0,0.0,0.0,0.0,3.91e-05,0.0,7.82e-05,0.0,0.0,0.0,0.0,0.0,0.0,0.0,0.0,0.0,0.0,0.0,0.0,0.0,0.0,0.0,0.0,0.0,0.0,0.0,0.0,0.0,0.0,0.0,0.0,0.0,0.0,0.0,7.82e-05,0.0,0.0,0.0,0.0,0.0,0.0,0.0,3.91e-05,0.0,0.0,0.0,0.0,0.0,0.0,0.0,0.0,0.0,0.0,0.0,0.0,0.0,0.0,0.0,0.0,0.0,0.0,0.0,0.0,0.0,0.0,0.0,0.0,0.0,0.0,0.0,0.0,0.0,0.0,0.0,0.0,0.0,0.0,0.0,0.0,0.0,0.0,0.0,0.0,0.0,0.0,0.0,0.0,0.0,0.0,0.0,0.0,0.0,0.0,0.0,0.0,0.0,0.0,0.0,0.0,3.91e-05,0.0,0.0,0.0,0.0,0.0,0.0,0.0,0.0,0.0,0.0,0.0,0.0,0.0,0.0,0.0,0.0,0.0,0.0,0.0,0.0,0.0,0.0,0.0,0.0,0.0,0.0,0.000430293,0.0,0.0,0.0,0.0,0.0,0.0,0.0,0.0,0.0,0.0,0.0,0.0,0.0,0.0,0.0,0.0,0.0,0.0,3.91e-05,0.0,0.0,0.0,0.0,0.0,0.0,0.0,0.0,0.0,0.0,0.0,0.0,0.0,0.0,0.0,0.0,0.0,0.0,0.0,0.0,0.0,0.0,0.0,0.0,0.0,0.0,0.0,0.0,0.0,0.0,0.0,0.0,0.0,0.0,0.0,0.0,0.0,0.0,0.0,0.0,0.0,0.0,0.0,0.0,0.0,0.0,0.0,0.0,0.000117353,0.0,0.0,0.0,0.0,0.0,0.0,0.0,0.0,0.0,0.0,0.0,0.0,0.0,0.0,0.0,0.0,0.0,0.0,0.0,0.0,0.0,0.0,0.0,0.0,0.0,0.0,0.0,0.0,0.0,0.0,0.0,0.0,0.0,0.0,0.0,3.91e-05,0.0,0.0,0.0,0.0,0.0,0.0,0.0,0.0,0.0,0.0,0.0,0.0,0.0,0.0,0.0,0.0,0.0,0.0,0.0,3.91e-05,0.0,0.0,0.0,0.0,0.0,0.0,0.0,0.0,0.0,0.0,0.0,0.0,0.0,0.0,0.0,0.0,0.0,0.0,0.0,0.0,0.0,0.0,0.0,0.0,0.0,0.0,0.0,0.0,0.0,0.0,0.0,0.0,0.0,0.0,0.0,0.0,0.0,0.0,0.0,0.0,0.0,0.0,0.0,0.0,0.0,0.0,0.0,0.0,0.0,0.0,0.0,0.0,0.0,0.0,0.0,0.0,0.0,0.0,0.0,0.0,0.0,0.0,0.0,0.0,0.0,0.0,0.0,0.0,0.0,0.0,0.0,0.0,0.0,0.0,0.0,0.0,0.0,0.0,0.0,0.0,0.0,0.0,0.0,0.0,0.0,0.0,0.0,0.0,0.0,0.0,0.0,0.0,0.0,0.0,0.0,0.0,0.0,0.0,0.0,0.0,0.0,0.0,0.0,0.0,0.0,0.0,0.0,0.0,0.0,0.0,0.0,0.0,0.0,0.0,0.0,0.0,0.0,0.0,0.0,0.0,0.0,0.0,0.0,0.0,0.0,0.0,0.0,0.0,0.0,0.0,0.0,0.0,0.0,0.0,0.0,0.0,0.0,0.0,0.0,0.0,0.0,0.0,0.0,0.0,0.0,0.0,0.0,0.0,0.0,0.0,0.0,0.0,0.0,0.0,0.0,0.0,0.0,0.0,0.0,0.0,0.0,0.0,0.0,0.0,0.0,0.0,0.0,0.0,0.0,0.0,0.0,0.0,0.0,0.0,0.0,0.0,0.0,0.0,0.0,0.0,0.0,0.0,0.0,0.0,0.0,0.0,0.0,0.0,0.0,0.0,0.0,0.0,0.0,0.0,0.0,0.0,0.0,0.0,0.0,0.0,0.0,0.0,0.0,0.0,0.0,0.0,0.0,0.0,0.0,0.0,0.0,0.0,0.0,0.0,0.0,0.0,0.0,0.0,0.0,0.0,0.0,0.0,0.0,0.0,0.0,0.0,0.0,0.0,0.0,0.0,0.0,0.0,0.0,0.0,0.0,0.0,0.0,0.0,0.0,0.0,0.0,0.0
SRR12478817,0.005808387,0.821918683,0.055913704,0.0,0.0,0.0,0.000702113,0.000127657,0.062232718,0.000638284,0.000255314,0.0,0.009446608,6.38e-05,6.38e-05,6.38e-05,0.0,0.0,6.38e-05,0.000127657,0.0,0.005553073,0.001085083,0.001276569,0.0,0.0,0.0,0.0,0.000319142,0.0,0.0,0.000574456,0.000127657,0.0,0.000191485,0.000510627,0.000127657,6.38e-05,0.0,0.0,0.0,0.0,0.000127657,0.0,0.0,0.0,0.000446799,0.0,0.0,0.0,6.38e-05,0.0,6.38e-05,6.38e-05,0.0,0.0,0.0,0.0,0.0,0.000382971,0.011489117,0.000446799,0.000191485,0.000957426,0.000765941,0.001276569,0.0,0.0,0.0,0.0,0.0,0.0,0.0,0.001276569,0.0,0.000127657,0.0,0.0,0.0,0.0,0.000127657,0.0,0.000191485,0.000127657,0.0,0.0,0.000127657,0.000319142,0.0,0.0,0.0,0.000255314,0.007212612,0.000127657,0.0,0.0,0.0,0.0,0.0,0.0,0.0,0.000127657,0.0,0.0,6.38e-05,0.0,0.0,0.0,0.0,6.38e-05,6.38e-05,0.0,0.0,0.000127657,0.0,0.0,0.0,0.0,0.0,6.38e-05,6.38e-05,0.0,6.38e-05,6.38e-05,0.0,0.0,0.0,6.38e-05,0.000446799,0.000255314,6.38e-05,0.0,0.0,0.0,0.0,6.38e-05,0.0,0.0,0.0,0.0,0.000255314,0.000127657,6.38e-05,0.0,0.0,0.0,0.0,0.000127657,0.0,0.0,0.0,0.000319142,6.38e-05,0.0,0.0,0.0,0.0,0.0,0.0,0.0,0.0,0.0,0.0,0.0,0.0,0.0,0.0,0.0,0.0,0.0,0.0,0.0,0.0,0.0,0.0,0.0,0.0,0.0,0.0,6.38e-05,0.0,0.0,0.0,0.0,0.0,0.0,0.000127657,0.0,0.0,0.0,0.0,0.0,0.0,0.0,0.0,0.0,0.0,0.0,0.0,6.38e-05,0.0,0.0,0.0,0.0,0.0,0.0,0.0,0.0,0.0,0.0,0.0,0.0,0.0,0.0,0.0,6.38e-05,0.0,0.0,0.0,0.0,0.0,0.0,0.0,0.0,0.0,0.0,0.000127657,6.38e-05,0.0,0.000127657,0.0,0.000574456,0.000382971,0.0,0.0,0.000191485,0.0,0.0,0.0,6.38e-05,0.0,0.0,0.0,0.0,6.38e-05,0.0,0.0,0.0,0.0,0.0,0.0,0.0,0.0,6.38e-05,0.0,0.0,0.000127657,0.0,0.0,0.0,0.0,6.38e-05,0.0,0.0,0.0,0.0,6.38e-05,0.0,0.0,6.38e-05,0.0,0.0,0.0,0.0,0.0,0.0,0.0,0.0,0.0,0.0,0.0,0.0,0.0,0.0,0.0,0.000510627,0.0,0.0,0.0,0.0,0.0,0.0,6.38e-05,0.0,0.0,0.0,0.0,0.0,0.0,0.0,0.0,0.0,0.0,0.0,0.0,0.0,6.38e-05,0.0,6.38e-05,6.38e-05,0.0,0.0,0.0,0.0,0.0,0.0,0.0,0.0,0.0,0.0,0.0,0.0,0.0,6.38e-05,0.0,6.38e-05,0.0,0.000127657,0.0,0.0,0.0,0.0,0.0,0.0,0.0,6.38e-05,0.0,0.0,0.0,0.0,0.0,0.0,0.0,0.0,0.0,0.0,0.0,0.0,0.0,0.0,0.0,0.0,0.0,0.0,0.0,0.0,0.0,0.0,0.0,0.0,0.0,0.0,0.0,0.0,0.0,0.0,0.0,0.0,0.0,0.0,0.0,0.0,0.0,6.38e-05,0.0,0.0,0.0,0.0,0.0,0.0,0.0,0.0,0.0,0.0,0.0,0.0,6.38e-05,6.38e-05,0.0,0.0,0.0,0.0,0.0,0.0,0.0,0.0,0.0,0.0,0.0,0.0,0.0,0.0,0.0,0.0,0.0,0.0,0.0,0.0,6.38e-05,0.0,0.0,0.0,0.0,0.0,0.0,0.0,0.0,0.0,0.0,0.0,0.0,0.0,6.38e-05,0.0,0.0,6.38e-05,0.0,0.0,0.0,0.0,0.0,0.0,0.0,0.0,0.0,0.0,0.0,0.0,0.0,0.0,0.0,6.38e-05,0.0,0.0,0.0,0.0,0.0,0.0,0.0,0.0,0.0,0.0,0.0,0.0,0.0,0.0,0.0,0.0,0.0,0.0,0.0,0.0,0.0,0.0,0.0,0.0,0.0,0.0,6.38e-05,0.0,0.0,0.0,0.0,0.0,0.0,0.0,0.0,0.0,0.0,0.0,0.0,0.0,6.38e-05,0.0,0.0,0.0,0.0,0.0,0.0,0.0,0.0,0.0,0.0,0.0,0.0,0.0,0.0,0.0,0.0,0.0,0.0,0.0,0.0,0.0,0.0,0.0,0.0,0.0,0.0,0.0,0.0,0.0,0.0,0.0,0.0,0.0,0.0,0.0,0.0,0.0,0.0,0.0,0.0,0.0,0.0,0.0,0.0,0.0,0.0,0.0,0.0,0.0,0.0,0.0,0.0,0.0,0.0,0.0,0.0,0.0,0.0,0.0,0.0,0.0,0.0,0.0,0.0,0.0,0.0,0.0,0.0,0.0,0.0,0.0,0.0,0.0,0.0,0.0,0.0,0.0,0.0,0.0,0.0,0.0,0.0,0.0,0.0,0.0,0.0,0.0,0.0,0.0,0.0,0.0,0.0,0.0,0.0,0.0,0.0,0.0,0.0,0.0,0.0,0.0,0.0,0.0,0.0,0.0,0.0,0.0,0.0,0.0,0.0,0.0,0.0,0.0,0.0,0.0,0.0,0.0,0.0,0.0,0.0,0.0,0.0,0.0,0.0,0.0,0.0,0.0,0.0,0.0,0.0,0.0,0.0,0.0,0.0,0.0,0.0,0.0,0.0,0.0,0.0,0.0,0.0,0.0,0.0,0.0,0.0,0.0,0.0,0.0,0.0,0.0,0.0,0.0,0.0,0.0,0.0,0.0,0.0,0.0,0.0,0.0,0.0,0.0,0.0,0.0,0.0,0.0,0.0,0.0,0.0,0.0,0.0,0.0,0.0,0.0,0.0,0.0,0.0,0.0,0.0,0.0,0.0,0.0,0.0,0.0,0.0,6.38e-05,0.0,0.0,0.0,0.0,0.0,0.0,0.0,0.0,0.0
SRR12478819,0.001471703,0.532845739,0.000178388,0.0,0.0,0.0,4.46e-05,0.0,0.078134059,0.000579762,0.001962271,0.000312179,0.035677652,0.001739286,0.0,0.000222985,0.000891941,8.92e-05,4.46e-05,8.92e-05,8.92e-05,0.017125273,0.001382509,0.004325915,0.000312179,4.46e-05,0.0,4.46e-05,4.46e-05,0.000267582,0.0,0.02947866,8.92e-05,0.0,0.013423717,0.00075815,8.92e-05,0.0,0.0,8.92e-05,0.0,0.0,8.92e-05,4.46e-05,0.0,0.0,0.0,0.0,0.0,0.0,0.000133791,0.0,0.0,0.0,0.0,0.0,0.0,0.0,0.0,0.001471703,0.006020604,0.002140659,8.92e-05,0.000535165,0.000312179,0.00107033,0.0,4.46e-05,0.000356777,0.0,0.0,0.0,0.0,0.000668956,0.0,0.0,0.0,0.0,0.0,0.001471703,0.0,8.92e-05,4.46e-05,0.0,0.0,0.0,0.0,0.000133791,0.000133791,0.0,0.0,0.0,0.0,0.0,0.0,0.0,0.0,0.0,0.0,0.0,0.0,0.0,0.000133791,0.0,4.46e-05,0.0,0.0,0.0,0.0,0.014092673,0.0,0.0,0.0,0.002452839,0.0,0.0,0.0,0.0,0.0,0.0,4.46e-05,0.0,0.0,0.0,0.0,0.0,0.0,0.0,0.002854212,0.000133791,0.000133791,0.0,0.0,0.0,4.46e-05,0.0,0.0,0.0,0.0,4.46e-05,0.0,0.194487803,4.46e-05,0.031128752,0.0,4.46e-05,0.0,0.0,0.0,0.0,0.0,0.0,0.0,0.0,0.0,0.0,4.46e-05,4.46e-05,0.0,0.0,0.0,0.0,4.46e-05,0.0,0.0,0.0,0.0,0.0,0.0,0.0,0.0,0.0,0.0,0.0,0.0,0.0,4.46e-05,0.0,0.0,0.0,0.0,0.0,0.0,0.0,0.0,0.0,4.46e-05,0.0,0.0,0.0,0.0,0.0,0.0,0.0,0.0,0.0,0.0,0.0,8.92e-05,0.001159524,0.0,0.0,0.0,0.0,0.0,0.0,0.0,0.0,0.0,4.46e-05,0.0,0.0,0.0,4.46e-05,0.0,8.92e-05,0.0,0.0,0.0,0.0,0.0,0.0,0.0,0.0,0.0,0.0,0.0,0.0,0.0,8.92e-05,0.0,0.000847344,0.000312179,0.0,0.0,0.0,0.0,0.0,0.0,0.0,0.0,0.0,0.0,0.0,0.0,0.0,0.0,0.0,0.0,0.0,0.0,0.0,0.0,0.0,0.0,0.0,0.0,0.0,0.0,0.0,0.0,0.0,0.0,4.46e-05,0.0,0.0,0.0,4.46e-05,0.0,0.0,0.0,0.0,0.0,0.0,0.0,0.0,0.0,0.0,0.0,0.0,0.0,0.0,4.46e-05,0.0,0.000847344,0.000445971,0.0,0.0,0.0,0.0,0.0,0.0,0.0,0.0,0.0,0.0,0.0,0.0,0.0,0.0,0.0,0.0,0.0,0.0,0.0,0.0,0.0,0.0,0.0,0.0,0.0,0.0,0.0,0.0,0.0,0.0,0.0,0.0,0.0,0.0,0.01079249,0.0,0.0,0.0,0.0,0.0,0.0,0.0,0.0,0.0,0.0,4.46e-05,0.0,4.46e-05,4.46e-05,0.000222985,4.46e-05,0.0,0.0,0.0,0.0,0.0,0.0,0.0,0.0,0.0,0.0,0.0,0.0,0.0,0.0,0.0,0.0,0.0,0.0,8.92e-05,0.0,0.0,4.46e-05,0.0,0.0,4.46e-05,4.46e-05,0.0,0.0,0.0,0.0,0.0,0.0,0.0,0.0,0.0,0.0,0.0,0.0,0.0,0.0,0.0,4.46e-05,0.0,0.0,0.0,0.001025733,0.0,8.92e-05,0.0,0.0,0.0,0.0,0.0,0.0,0.0,0.0,0.0,0.0,0.0,0.0,0.0,0.0,0.0,0.0,0.0,0.0,0.0,8.92e-05,4.46e-05,0.0,0.0,0.0,0.0,0.0,0.0,0.0,0.0,0.0,0.0,0.0,0.0,0.0,0.0,0.0,0.0,0.0,0.0,0.0,4.46e-05,0.0,0.0,0.0,0.0,4.46e-05,0.0,0.0,0.0,0.0,0.0,0.0,0.0,0.0,0.0,0.0,0.0,0.0,0.0,0.0,0.0,4.46e-05,4.46e-05,0.0,0.0,0.0,0.0,0.0,0.0,0.0,0.0,0.0,0.0,0.0,0.0,0.0,0.0,0.0,0.0,0.0,0.0,0.0,0.0,0.0,0.0,0.0,0.0,0.0,0.0,0.0,4.46e-05,0.0,0.0,0.0,0.0,0.0,0.0,0.0,0.0,0.0,0.0,0.0,0.0,0.0,0.0,0.0,0.0,0.0,0.0,0.0,0.0,0.0,0.0,0.0,0.0,0.0,0.0,4.46e-05,0.0,0.0,4.46e-05,0.0,0.0,0.0,0.0,0.0,0.0,0.0,0.0,0.0,0.0,0.0,0.0,0.0,0.0,0.0,0.0,0.0,0.0,0.0,0.0,0.0,0.0,0.0,0.0,0.0,0.0,0.0,0.0,0.0,0.0,0.0,0.0,0.0,0.0,0.0,0.0,0.0,0.0,0.0,0.0,0.0,0.0,0.0,0.0,0.0,0.0,0.0,0.0,0.0,0.0,0.0,0.0,4.46e-05,0.0,0.0,0.0,0.0,4.46e-05,0.0,0.0,0.0,0.0,0.0,0.0,0.0,0.0,0.0,0.0,0.0,0.0,0.0,0.0,0.0,0.0,0.0,0.0,0.0,0.0,0.0,0.0,0.0,0.0,0.0,0.0,0.0,0.0,0.0,0.0,0.0,0.0,0.0,0.0,0.0,4.46e-05,0.0,0.0,0.0,0.0,0.0,0.0,0.0,0.0,0.0,0.0,0.0,0.0,0.0,0.0,0.0,0.0,0.0,0.0,0.0,0.0,4.46e-05,0.0,0.0,0.0,0.0,0.0,0.0,0.0,0.0,0.0,0.0,0.0,4.46e-05,0.0,0.0,0.0,0.0,0.0,0.0,0.0,0.0,0.0,0.0,0.0,0.0,0.0,0.0,0.0,0.0,0.0,0.0,0.0,0.0,0.0,0.0,0.0,0.0,0.0,0.0,0.0,0.0,0.0,0.0,0.0,0.0,0.0,0.0,0.0,0.0,0.0,0.0,4.46e-05,0.0,0.0,0.0,0.0,0.0,0.0,0.0
SRR12478820,0.008437051,0.396720919,0.009454284,5.98e-05,0.010471517,0.000777884,0.000179512,0.0,0.199976065,0.004786979,0.006223073,0.000299186,0.013822403,0.000538535,0.002752513,0.115904739,0.000718047,5.98e-05,0.000359023,0.000598372,0.003829584,0.011907611,0.009813308,0.098791288,0.001495931,0.000179512,5.98e-05,0.000478698,0.010770704,0.000478698,0.0,0.000239349,0.018070847,0.000119674,0.001555768,0.000718047,0.0,0.0,0.0,0.000119674,0.000119674,0.0,0.0,0.0,0.0,0.0,5.98e-05,0.0,0.0,0.0,0.000418861,0.0,5.98e-05,0.000179512,0.0,0.000239349,0.0,0.0,0.0,5.98e-05,0.0,5.98e-05,0.0,0.0,5.98e-05,0.0,0.0,5.98e-05,0.002513164,0.0,0.0,0.0,0.000179512,0.000119674,0.0,0.0,5.98e-05,0.0,0.015019148,0.0,0.0,0.0,0.000119674,0.001854955,0.0,0.000359023,0.0,0.000777884,5.98e-05,0.0,5.98e-05,0.02561034,0.000418861,0.0,0.000538535,0.000119674,0.0,0.000119674,0.0,0.001017233,0.0,0.0,0.000119674,0.000239349,0.000179512,5.98e-05,0.000359023,0.0,0.0,0.001795117,0.000837721,0.0,0.000299186,0.0,0.0,0.000119674,0.0,0.0,0.0,5.98e-05,0.00999282,0.0,5.98e-05,0.0,0.0,0.0,0.0,0.000239349,0.0,0.0,5.98e-05,0.0,0.0,0.0,0.0,0.000299186,0.0,0.0,0.0,0.0,5.98e-05,0.000359023,0.0,0.000179512,0.0,5.98e-05,0.0,0.000239349,0.0,0.000119674,0.0,0.000179512,0.000119674,0.0,0.0,0.0,0.0,0.0,0.0,0.0,0.0,0.0,0.000119674,0.0,0.0,0.0,0.0,5.98e-05,0.0,0.000119674,0.000119674,5.98e-05,0.000418861,0.0,0.000119674,0.0,0.0,0.0,0.0,0.0,0.0,5.98e-05,0.0,0.0,0.0,0.0,5.98e-05,0.0,0.0,0.0,0.0,0.0,0.0,0.0,5.98e-05,0.0,0.0,5.98e-05,0.0,0.0,0.0,0.0,0.0,0.0,0.0,0.0,0.0,0.0,0.0,0.0,0.0,0.0,0.0,5.98e-05,0.0,0.000179512,0.0,0.0,0.0,0.0,0.0,0.0,0.0,0.0,5.98e-05,0.0,0.0,0.0,0.0,0.0,0.0,5.98e-05,0.0,0.0,0.0,0.0,0.0,0.0,0.0,0.0,0.0,0.0,0.0,0.0,5.98e-05,0.0,0.0,0.0,0.0,0.0,0.0,0.0,0.0,5.98e-05,0.0,0.0,0.0,0.0,0.0,0.0,0.0,0.0,0.0,0.0,0.0,0.0,0.0,0.0,0.0,0.0,0.0,0.0,5.98e-05,0.0,0.0,0.0,0.0,0.0,0.0,0.0,0.0,0.0,5.98e-05,0.0,0.0,0.0,0.0,0.0,0.0,0.0,0.0,0.0,5.98e-05,0.0,0.0,0.0,0.0,0.0,5.98e-05,0.0,0.0,0.0,0.0,0.0,0.0,0.0,0.0,0.0,0.0,0.0,0.0,5.98e-05,0.0,0.0,0.0,0.0,0.0,0.0,0.0,0.0,0.0,0.0,0.0,0.0,0.0,0.0,0.0,0.0,0.0,0.0,0.0,0.0,0.0,0.0,0.0,0.000179512,0.0,0.0,0.0,0.0,0.0,0.0,0.0,0.0,0.0,0.0,0.0,0.0,0.0,0.0,0.0,0.000119674,0.0,0.0,0.0,0.0,0.0,0.0,0.0,0.0,0.0,0.0,0.0,0.0,0.0,0.0,0.0,0.0,0.000179512,5.98e-05,0.0,0.0,0.0,0.0,0.0,0.0,0.0,0.0,0.0,0.0,0.0,0.0,0.0,0.0,0.0,0.0,0.0,0.0,0.0,0.0,0.0,0.0,5.98e-05,0.0,0.0,0.0,0.0,0.0,0.0,0.0,0.0,0.0,0.0,0.0,0.0,0.0,0.0,0.0,5.98e-05,0.0,0.0,0.0,0.0,0.0,0.0,0.0,0.0,0.0,0.0,0.0,0.0,0.0,0.0,0.0,0.0,0.0,0.0,0.0,0.0,0.0,0.0,0.0,0.0,0.0,0.0,0.0,0.0,0.0,0.0,0.0,0.0,0.0,0.0,0.0,0.0,0.0,0.0,0.0,0.0,0.0,0.0,0.0,0.0,0.0,0.0,0.0,0.0,0.0,0.0,0.0,0.0,0.0,0.0,0.0,0.0,0.0,0.0,0.0,0.0,0.0,0.0,0.0,0.0,0.0,0.0,0.0,0.0,0.0,0.0,0.0,0.0,0.0,0.0,0.0,0.0,0.0,0.0,0.0,0.0,0.0,0.0,0.0,0.0,0.0,0.0,0.0,0.0,0.0,0.0,0.0,0.0,0.0,0.0,0.0,0.0,0.0,0.0,0.0,0.0,0.0,0.0,0.0,0.0,0.0,0.0,0.0,0.0,0.0,0.0,0.0,0.0,0.0,0.0,0.0,0.0,0.0,0.0,0.0,0.0,0.0,0.0,0.0,0.0,0.0,0.0,0.0,0.0,0.0,0.0,0.0,0.0,0.0,0.0,0.0,0.0,0.0,0.0,0.0,0.0,0.0,0.0,0.0,0.0,0.0,0.0,0.0,0.0,0.0,0.0,0.0,0.0,0.0,0.0,0.0,0.0,0.0,0.0,0.0,0.0,0.0,0.0,0.0,0.0,0.0,0.0,0.0,0.0,0.0,0.0,0.0,0.0,0.0,0.0,0.0,0.0,0.0,0.0,0.0,0.0,0.0,0.0,0.0,0.0,0.0,0.0,0.0,0.0,0.0,0.0,0.0,0.0,0.0,0.0,0.0,0.0,0.0,0.0,0.0,0.0,0.0,0.0,0.0,0.0,0.0,0.0,0.0,0.0,0.0,0.0,0.0,0.0,0.0,0.0,0.0,0.0,0.0,0.0,5.98e-05,0.0,0.0,0.0,0.0,0.0,0.0,0.0,0.0,0.0,0.0,0.0,0.0,0.0,0.0,0.0,0.0,0.0,0.0,0.0,0.0,0.0,0.0,0.0,0.0,0.0,0.0,0.0,0.0,0.0,0.0,0.0,0.0,0.0,0.0,0.0,0.0,0.0,0.0,0.0,0.0,0.0,0.0,0.0,0.0,0.000119674,5.98e-05,0.0,0.0,0.0,0.0,0.0
SRR12478821,0.002811861,0.427275051,0.006518405,0.0,0.000127812,0.0,6.39e-05,0.0,0.19127045,0.010480573,0.002364519,6.39e-05,0.023645194,0.016551636,0.002300613,0.04978272,0.000702965,0.00031953,0.000383436,0.000830777,0.001917178,0.013803681,0.008691207,0.175613497,0.000255624,0.000127812,0.0,0.000255624,0.003259202,6.39e-05,0.0,0.00958589,0.000191718,0.0,0.005943252,0.000383436,0.000255624,0.0,0.0,0.00031953,0.0,0.0,0.0,0.0,0.0,0.0,0.0,0.0,0.0,0.000639059,0.0,0.0,0.0,0.000255624,0.0,0.000766871,0.0,0.0,0.0,0.0,0.000575153,0.000447342,0.0,0.0,0.0,6.39e-05,0.0,0.0,0.007157464,0.0,0.0,0.0,0.000191718,0.000127812,0.0,0.0,0.0,0.0,0.0,0.000766871,0.0,0.0,0.0,0.000191718,0.0,0.0,0.0,0.0,0.0,0.0,0.0,0.00722137,0.000127812,0.000447342,0.0,6.39e-05,0.0,0.0,0.0,0.000639059,0.0,0.000127812,0.000191718,0.0,0.000255624,0.0,0.00031953,6.39e-05,0.0,0.012908998,6.39e-05,0.0,0.0,0.000766871,0.0,0.0,0.0,0.0,0.0,0.0,0.00204499,0.0,0.0,0.0,0.0,0.0,0.0,6.39e-05,0.000255624,0.0,0.000127812,0.0,0.0,0.0,6.39e-05,0.000958589,0.0,0.0,0.0,0.0,0.000255624,0.000383436,0.0,0.000191718,0.0,0.0,0.0,0.0,0.0,0.0,0.0,0.0,0.0,0.0,0.0,0.0,6.39e-05,0.001853272,0.0,0.0,6.39e-05,0.0,0.0,0.0,0.0,0.0,0.0,0.0,0.0,0.0,6.39e-05,0.0,6.39e-05,0.0,0.000191718,0.0,0.0,0.0,0.0,0.0,0.000127812,0.0,6.39e-05,0.0,0.0,0.0,6.39e-05,0.0,0.0,0.0,0.0,0.0,0.0,0.0,0.0,0.0,0.0,0.0,0.0,0.0,0.0,0.0,0.0,0.0,0.0,0.0,0.0,0.0,0.0,0.0,0.0,6.39e-05,0.0,0.00031953,0.0,0.0,0.0,0.0,0.0,0.0,0.0,0.0,0.0,0.0,0.0,0.0,6.39e-05,6.39e-05,0.0,6.39e-05,0.0,0.0,0.0,0.0,0.0,0.0,0.0,0.0,0.0,0.0,0.0,0.0,0.0,0.0,0.0,0.0,0.0,0.0,0.0,0.0,0.0,0.0,0.0,0.0,0.0,0.0,0.0,0.0,0.0,0.0,0.0,0.0,0.0,0.0,0.0,0.0,0.0,0.0,0.0,0.0,0.0,0.0,0.0,0.0,0.0,0.0,0.0,0.0,0.0,0.0,0.0,0.0,0.0,0.0,0.000255624,0.0,0.0,0.0,0.0,0.0,0.0,0.0,0.0,0.0,0.0,0.0,0.0,0.0,0.0,0.0,0.0,0.0,0.0,0.0,0.0,0.0,0.0,0.0,0.0,0.0,0.0,0.0,0.0,0.0,0.0,0.0,0.0,0.0,0.0,0.0,0.0,0.0,0.0,0.0,0.0,0.000127812,0.0,0.0,0.0,0.0,0.0,0.0,0.0,0.0,0.0,0.0,0.0,0.0,0.0,0.0,0.0,0.0,0.0,0.0,0.0,0.0,0.0,0.0,0.0,0.0,0.0,0.0,0.0,0.0,0.0,0.0,0.0,0.0,0.0,6.39e-05,0.0,0.0,0.0,0.0,0.0,0.0,0.0,0.0,0.0,0.0,0.0,0.0,0.0,0.0,0.0,0.0,0.0,0.0,0.0,0.0,0.0,0.0,0.0,0.0,0.0,0.0,0.0,0.0,0.0,0.0,0.0,0.0,0.0,0.0,0.0,0.0,0.0,0.0,0.0,0.0,0.0,0.0,0.0,0.0,0.0,0.0,0.0,0.0,0.0,0.0,0.0,0.0,0.0,0.0,0.0,0.0,0.0,0.0,0.0,0.0,0.000191718,0.0,0.0,0.0,0.0,0.000127812,0.0,0.0,0.0,0.0,0.0,0.0,0.0,0.0,0.0,0.0,0.0,0.0,0.0,0.0,0.0,0.0,0.000830777,0.0,0.0,0.0,0.0,0.000191718,0.0,0.0,0.0,0.0,0.0,0.0,0.0,0.0,0.0,0.0,0.0,0.0,0.0,0.0,0.0,0.0,0.0,0.0,0.0,0.0,0.0,0.0,0.0,0.0,0.0,0.0,0.0,0.0,0.0,0.0,0.0,0.0,0.0,0.0,0.0,0.0,0.0,0.0,0.0,0.0,0.0,0.0,0.0,0.0,0.0,0.0,0.0,0.0,0.0,0.0,0.0,0.0,0.0,0.0,0.0,0.0,6.39e-05,0.0,0.0,0.0,0.0,0.0,0.0,0.0,0.0,0.0,0.0,0.0,0.0,0.0,0.0,0.0,0.0,0.0,0.0,0.0,0.0,0.0,0.0,0.0,0.0,0.0,0.0,0.0,0.0,0.0,0.0,0.0,0.0,0.0,0.0,0.0,0.0,0.0,0.0,0.0,0.0,0.0,0.0,0.0,0.0,0.0,0.0,0.0,0.0,0.0,0.0,0.0,0.0,0.0,0.0,0.0,0.0,0.0,0.0,0.0,0.0,0.0,0.0,0.0,0.0,0.0,0.0,0.0,0.0,0.0,0.0,0.0,0.0,0.0,0.0,0.0,0.0,0.0,0.0,0.0,0.0,0.0,0.0,0.0,0.0,0.0,0.0,0.0,0.0,0.0,0.0,0.0,0.0,0.0,0.0,0.0,0.0,0.0,0.0,0.0,0.0,0.0,0.0,0.0,0.0,0.0,0.0,0.0,0.0,0.0,0.0,0.0,6.39e-05,0.0,0.0,0.0,0.0,0.0,0.0,0.0,0.0,0.0,0.0,0.0,0.0,0.0,0.0,0.0,0.0,0.0,0.0,0.0,0.0,0.0,0.0,0.0,0.0,0.0,0.0,0.0,0.0,0.0,0.0,0.0,0.0,0.0,0.0,0.0,0.0,0.0,0.0,0.0,0.0,0.0,0.0,0.0,0.0,0.0,0.0,0.0,0.0,0.0,0.0,0.0,0.0,0.0,0.0,0.0,0.0,0.0,6.39e-05,0.0,0.0,0.0,0.0
SRR12478822,0.00431396,0.24197124,0.01713601,0.0,3e-05,0.0,0.000179748,5.99e-05,0.287118035,0.010874775,0.010874775,0.000419413,0.097902936,0.0009287,5.99e-05,0.119802277,0.000389455,5.99e-05,0.000449371,0.000299581,0.001647693,0.0018574,0.002786099,0.030047933,0.001617735,3e-05,3e-05,0.000119832,0.01405033,0.0009287,0.0,3e-05,0.000599161,3e-05,0.006051528,0.011623727,0.000119832,3e-05,0.0,3e-05,5.99e-05,0.0,5.99e-05,0.0,0.0,8.99e-05,3e-05,3e-05,0.0,0.0,0.000209706,0.0,0.0,3e-05,0.0,3e-05,3e-05,0.0,0.0,0.000569203,0.001048532,0.0018574,8.99e-05,8.99e-05,0.000209706,0.000179748,0.0,3e-05,0.007429599,5.99e-05,3e-05,0.0,0.0,0.000209706,0.0,3e-05,0.0,0.0,0.0,3e-05,3e-05,0.00014979,0.0,3e-05,0.0,0.0,8.99e-05,5.99e-05,0.0,0.0,0.0,0.002366687,3e-05,0.0,3e-05,5.99e-05,5.99e-05,0.0,8.99e-05,0.000659077,0.0,0.000239664,0.0,5.99e-05,0.000179748,0.0,0.000179748,0.0,0.0,0.017165968,0.000329539,0.0,8.99e-05,0.00014979,0.0,0.0,0.0,0.0,0.0,5.99e-05,3e-05,0.0,8.99e-05,0.0,0.0,0.0,0.0,0.0,0.000868784,3e-05,0.0,0.0,3e-05,0.0,0.0,0.003834632,0.0,5.99e-05,0.0,0.0,0.0,0.076273217,0.0,0.000419413,0.0,5.99e-05,0.0,5.99e-05,0.0,0.0,3e-05,0.014769323,0.000119832,0.0,0.0,8.99e-05,3e-05,0.0,0.0,3e-05,0.0,3e-05,3e-05,0.0,0.0,0.000269623,0.0,0.0,0.0,0.0,0.0,0.0,0.0,0.0,0.0,0.0,0.0,0.0,0.0,0.0,0.0,0.0,0.0,0.0,8.99e-05,0.0,0.0,0.0,0.0,3e-05,0.0,3e-05,0.0,0.0,0.0,0.0,0.0,0.0,5.99e-05,0.000119832,0.0,3e-05,0.0,0.0,3e-05,0.0,3e-05,0.0,0.0,0.0,0.0,0.0,0.0,0.0,0.0,0.0,0.0,0.0,0.0,0.0,0.0,0.0,0.0,0.0,3e-05,0.0,0.0,3e-05,0.0,0.000119832,0.0,0.000359497,3e-05,3e-05,5.99e-05,0.000179748,0.0,0.0,0.0,0.0,0.0,0.0,0.0,0.0,0.0,0.0,0.0,0.0,0.0,0.0,0.0,0.0,0.0,0.0,0.0,0.0,5.99e-05,0.0,0.0,0.0,0.0,0.0,8.99e-05,0.000119832,0.0,0.0,0.0,0.0,0.0,0.0,3e-05,0.0,0.0,0.0,0.0,0.0,0.0,0.0,0.0,0.0,0.0,0.0,0.0,0.0,0.000239664,0.000119832,0.0,0.0,0.0,0.0,3e-05,0.0,0.0,3e-05,0.0,0.0,0.0,0.0,3e-05,0.0,0.0,0.0,0.0,0.0,0.0,0.0,0.0,3e-05,0.0,0.0,0.0,0.0,0.0,0.0,0.0,0.0,0.0,0.0,8.99e-05,0.0,3e-05,0.0,0.0,3e-05,0.0,0.0,3e-05,0.0,0.0,3e-05,0.0,3e-05,0.0,0.0,0.0,5.99e-05,0.0,0.0,0.0,0.0,0.0,0.0,0.0,0.0,0.0,0.0,0.0,0.0,0.0,0.0,0.0,0.0,0.0,0.0,0.0,5.99e-05,0.0,0.0,0.0,3e-05,0.0,0.0,3e-05,0.0,0.0,0.0,0.0,0.0,0.000419413,3e-05,0.0,0.0,0.0,3e-05,0.000119832,0.0,0.0,0.0,0.0,0.0,0.0,0.000119832,0.0,0.0,0.0,0.0,0.0,0.0,0.0,0.0,0.0,0.0,0.0,0.0,0.0,0.0,0.0,0.0,0.0,0.0,0.0,0.0,0.0,0.0,5.99e-05,0.0,0.0,0.0,0.0,0.0,0.0,0.0,0.0,0.0,0.0,0.0,0.0,5.99e-05,0.0,0.0,0.0,0.0,0.0,0.0,0.0,0.0,0.0,0.0,0.0,0.0,0.0,0.0,0.0,0.0,0.0,0.0,0.0,0.0,0.0,0.0,0.0,0.0,0.0,0.0,0.0,0.0,0.0,0.000119832,0.0,0.0,0.0,0.0,0.0,0.0,0.0,0.0,0.0,0.0,0.0,0.0,0.0,0.0,3e-05,0.0,0.0,0.0,0.0,0.0,0.0,0.0,0.0,0.0,0.0,0.0,0.0,0.0,0.0,0.0,0.0,3e-05,0.0,0.0,0.0,0.0,0.0,0.0,0.0,0.0,0.0,0.0,0.0,0.0,0.0,0.0,0.0,0.0,0.0,0.0,0.0,0.0,0.0,0.0,0.0,3e-05,0.0,0.0,0.0,3e-05,0.0,0.0,0.0,0.0,0.0,0.0,0.0,0.0,0.0,0.0,0.0,0.0,0.0,0.0,0.0,0.0,0.0,0.0,0.0,0.0,0.0,0.0,0.0,0.0,0.0,3e-05,0.0,0.0,0.0,0.0,0.0,0.0,0.0,0.0,0.0,0.0,0.0,0.0,0.0,0.0,0.0,0.0,0.0,3e-05,0.0,0.0,0.0,0.0,0.0,0.0,0.0,0.0,3e-05,0.0,0.0,0.0,0.0,0.0,0.0,0.0,0.0,0.0,0.0,0.0,0.0,0.0,0.0,3e-05,0.0,3e-05,0.0,0.0,0.0,0.0,0.0,0.0,0.0,0.0,0.0,0.0,0.0,0.0,0.0,0.0,0.0,0.0,0.0,0.0,0.0,0.0,0.0,0.0,0.0,0.0,0.0,0.0,0.0,0.0,0.0,0.0,0.0,0.0,0.0,0.0,0.0,0.0,0.0,0.0,0.0,0.0,0.0,0.0,0.0,0.0,0.0,0.0,0.0,0.0,0.0,0.0,0.0,0.0,0.0,0.0,0.0,0.0,0.0,0.0,0.0,0.0,0.0,0.0,0.0,0.0,0.0,0.0,0.0,0.0,0.0,0.0,0.0,0.0,0.0,0.0,0.0,0.0,0.0,0.0,0.0,0.0,0.0,0.0,0.0,0.0,0.0,0.0,0.0,0.0,0.0,0.0,0.0,0.0,0.0,0.0,0.0,0.0,0.0,5.99e-05,3e-05,3e-05,0.0
SRR12478823,0.223484008,0.267488799,0.030829969,4.44e-05,0.023200106,0.0,8.87e-05,4.44e-05,0.094042497,0.012908663,0.003060817,0.006254713,0.029188662,0.003415694,0.000266158,0.036907244,0.001153351,0.000177439,0.001064632,0.003371335,0.004657765,0.020316728,0.005057002,0.124473229,0.000310518,0.000177439,0.0,0.001685667,0.007718582,0.000621035,0.0,0.010424522,0.001153351,0.007274986,0.002040545,0.00266158,0.0,0.0,0.0,0.000177439,0.0,0.0,4.44e-05,4.44e-05,0.0,8.87e-05,0.000443597,0.0,4.44e-05,0.001685667,4.44e-05,0.0,0.0,0.0,0.0,0.000266158,0.0,0.0,0.0,8.87e-05,0.000975913,4.44e-05,4.44e-05,0.000133079,0.0,0.000177439,0.0,0.0,0.000931553,0.0,4.44e-05,0.0,0.000354877,0.000177439,0.0,0.0,8.87e-05,0.0,0.000532316,0.000266158,0.019606973,4.44e-05,8.87e-05,0.002572861,0.0,0.000887193,0.000221798,0.000221798,4.44e-05,0.0,0.0,0.010468882,0.000798474,0.000443597,0.001596948,4.44e-05,0.000177439,0.0,4.44e-05,0.000221798,4.44e-05,0.000221798,0.000133079,8.87e-05,0.000354877,0.0,0.000133079,4.44e-05,0.0,0.003504414,0.001907466,0.0,4.44e-05,0.0,4.44e-05,0.0,0.0,0.0,0.0,0.0,0.008250898,0.0,0.000177439,0.0,8.87e-05,0.0,0.0,0.0,0.000177439,0.0,0.0,0.0,0.000133079,4.44e-05,4.44e-05,0.000133079,4.44e-05,8.87e-05,4.44e-05,8.87e-05,4.44e-05,0.00128643,4.44e-05,0.000443597,4.44e-05,0.000221798,0.000177439,0.000221798,0.0,0.0,0.0,8.87e-05,4.44e-05,0.0,0.0,4.44e-05,0.0,0.000177439,0.0,0.0,0.0,0.0,0.0,0.002217983,0.0,0.0,0.0,0.0,4.44e-05,0.0,0.0,0.0,8.87e-05,0.0,0.000133079,0.0,0.0,0.0,0.0,0.000133079,4.44e-05,0.0,0.0,4.44e-05,0.0,0.0,8.87e-05,0.0,0.0,0.0,0.0,0.0,0.0,0.0,0.0,0.0,0.0,0.0,0.0,0.000133079,0.0,0.0,0.0,0.0,0.0,0.0,0.0,0.0,0.0,0.0,0.0,0.0,0.0,8.87e-05,0.0,0.0,0.0,0.0,0.0,0.000133079,0.0,0.0,0.0,0.0,0.0,0.0,0.0,0.0,0.0,0.0,0.0,0.000133079,0.0,0.0,0.0,8.87e-05,0.0,0.0,0.0,0.0,0.0,0.0,0.0,0.0,0.0,0.0,8.87e-05,0.0,0.0,0.0,0.0,4.44e-05,0.000266158,4.44e-05,0.0,0.0,0.0,0.0,0.0,0.0,0.0,0.0,0.0,0.0,0.0,0.0,0.0,0.0,0.0,0.0,4.44e-05,0.0,0.0,0.0,0.0,0.0,0.0,0.0,0.0,0.0,0.0,0.0,0.0,0.0,0.0,0.0,0.0,0.0,0.0,0.0,0.0,0.0,0.0,0.0,0.0,0.0,0.0,0.0,0.0,0.0,0.0,0.000133079,0.0,0.0,0.0,0.0,0.0,0.0,0.0,0.0,4.44e-05,0.0,0.000177439,0.0,0.0,0.0,0.0,0.0,0.0,0.0,0.0,0.0,4.44e-05,0.0,0.0,0.000177439,0.0,0.0,0.0,0.0,0.0,0.0,0.0,0.0,4.44e-05,0.001863106,0.0,0.0,0.0,0.0,0.0,0.0,0.0,0.0,0.0,0.0,0.0,4.44e-05,0.0,4.44e-05,0.0,0.0,0.0,0.0,0.0,0.0,0.0,0.0,0.0,4.44e-05,0.0,0.0,0.0,0.0,0.001020272,4.44e-05,0.0,0.0,0.0,0.0,0.0,0.0,0.0,0.0,0.0,4.44e-05,0.0,0.0,4.44e-05,0.003371335,0.0,0.0,0.0,0.0,4.44e-05,0.0,0.0,4.44e-05,0.0,0.0,0.0,0.0,0.0,0.0,0.0,0.0,0.0,0.0,0.0,0.0,0.0,0.0,4.44e-05,8.87e-05,0.0,0.0,0.0,0.0,0.0,0.0,4.44e-05,0.0,0.0,0.0,0.0,0.0,0.0,0.0,0.0,0.0,0.0,0.0,0.0,0.0,0.0,4.44e-05,0.0,0.0,0.0,0.0,0.0,0.0,4.44e-05,0.0,0.0,0.0,0.0,0.0,4.44e-05,0.0,0.0,0.0,0.0,0.0,0.0,0.0,0.0,0.0,0.0,0.0,0.0,0.0,0.0,0.0,0.0,0.0,0.0,0.0,0.0,0.0,0.0,0.0,0.0,0.0,0.0,4.44e-05,0.0,0.0,0.0,0.0,0.0,0.0,0.0,0.0,0.0,0.0,0.0,0.0,0.0,0.0,0.0,0.0,0.0,0.0,0.0,0.0,0.0,0.0,0.0,0.0,0.0,0.0,0.0,0.0,4.44e-05,0.0,0.0,0.0,0.0,0.0,0.0,0.0,0.0,0.0,0.0,0.0,0.0,0.0,0.0,0.0,0.0,0.0,0.0,0.0,0.0,0.0,0.0,0.0,0.0,0.0,0.0,0.0,0.0,0.0,0.0,0.0,0.0,0.0,0.0,0.0,0.0,0.0,0.0,0.0,0.0,0.0,0.0,0.0,0.0,0.0,0.0,0.0,0.0,0.0,0.0,0.0,0.0,0.0,0.0,0.0,0.0,0.0,0.0,0.0,0.0,0.0,0.0,0.0,0.0,0.0,0.0,0.0,0.0,0.0,0.0,0.0,0.0,0.0,0.0,0.0,0.0,0.0,0.0,0.0,0.0,4.44e-05,0.0,0.0,0.0,0.0,0.0,0.0,0.0,0.0,0.0,0.0,0.0,0.0,0.0,0.0,0.0,0.0,0.0,0.0,0.0,0.0,0.0,0.0,0.0,0.0,0.0,0.0,0.0,0.0,0.0,0.0,0.0,0.0,0.0,0.0,0.0,0.0,0.0,0.0,0.0,0.0,0.0,0.0,0.0,0.0,0.0,0.0,0.0,0.0,0.0,0.0,0.0,0.0,0.0,0.0,0.0,0.0,0.0,0.0,0.0,0.0,0.0,0.0,0.0,0.0,0.0,0.0,0.0,0.0,0.0,0.0,0.0,0.0,0.0,0.0,0.0,0.0,0.0,0.0,0.0,0.0,0.0,0.0,0.0,0.0,0.0,0.0,0.0,0.0,0.0,0.0,0.0,0.0,0.0,0.0,0.0,0.0,0.0,0.0,0.0,4.44e-05,0.0,0.0,0.0
SRR12478824,0.743247439,0.035731422,0.000705597,0.000254015,0.006068132,0.000112895,0.0,0.0,0.110157771,0.010273489,0.003612656,0.000536254,0.002709492,0.002173238,0.000479806,0.001185403,0.001157179,2.82e-05,0.001128955,8.47e-05,0.000451582,0.002737716,0.000310463,0.007761565,2.82e-05,0.000338686,0.0,0.000705597,0.030707572,0.000141119,0.0,0.015099771,0.001524089,2.82e-05,0.000479806,0.000649149,2.82e-05,0.0,0.0,0.0,2.82e-05,0.0,8.47e-05,0.0,0.0,0.0,0.002088567,0.000451582,0.0,0.000790268,5.64e-05,0.000112895,0.0,8.47e-05,2.82e-05,0.000959612,0.0,0.0,0.0,0.000141119,5.64e-05,5.64e-05,2.82e-05,2.82e-05,2.82e-05,0.0,0.0,0.000112895,2.82e-05,0.0,2.82e-05,0.0,0.0,2.82e-05,2.82e-05,0.0,2.82e-05,0.0,8.47e-05,0.0,2.82e-05,0.0,0.0,0.000620925,0.0,0.0,0.00225791,5.64e-05,0.0,0.0,0.0,0.00124185,2.82e-05,0.001608761,0.000141119,0.0,2.82e-05,0.0,2.82e-05,0.000141119,5.64e-05,0.001157179,2.82e-05,0.000310463,0.000112895,2.82e-05,2.82e-05,0.0,0.0,2.82e-05,8.47e-05,2.82e-05,8.47e-05,0.0,0.0,2.82e-05,0.0,0.0,0.0,5.64e-05,0.000282239,0.0,0.000790268,2.82e-05,0.000169343,2.82e-05,0.0,0.0,0.0,0.0,2.82e-05,0.0,0.0,0.0,0.0,2.82e-05,2.82e-05,2.82e-05,0.0,0.0,0.0,0.000141119,8.47e-05,2.82e-05,0.0,2.82e-05,0.0,0.000169343,0.0,0.0,0.0,2.82e-05,0.0,5.64e-05,0.0,0.0,5.64e-05,5.64e-05,0.0,0.0,0.0,0.0,0.0,0.0,0.0,0.000536254,0.0,0.0,0.0,8.47e-05,0.0,0.0,5.64e-05,0.0,0.0,0.0,0.0,0.0,0.0,0.0,2.82e-05,0.001185403,0.0,0.0,0.0,0.0,0.0,2.82e-05,0.0,0.0,0.0,2.82e-05,0.0,0.0,5.64e-05,0.0,0.0,0.0,0.0,2.82e-05,0.0,2.82e-05,0.0,0.0,2.82e-05,0.0,0.0,0.0,0.0,0.0,0.0,0.0,0.0,0.0,0.0,0.0,0.0,0.000141119,0.0,0.0,0.0,0.0,0.0,0.0,0.0,0.0,0.0,0.0,0.0,0.0,2.82e-05,0.0,0.0,0.0,0.0,0.0,0.0,0.0,0.0,0.0,0.0,0.0,0.0,0.0,0.0,0.0,0.0,0.0,0.0,0.0,0.0,0.0,0.0,2.82e-05,0.0,0.0,0.0,0.0,0.0,0.0,0.0,2.82e-05,0.0,0.0,0.0,0.0,0.0,0.0,0.0,0.0,0.0,0.0,0.0,0.0,0.0,0.0,0.0,0.0,0.0,0.0,0.0,0.0,0.0,5.64e-05,0.0,0.0,0.0,0.0,0.0,0.0,0.0,2.82e-05,2.82e-05,0.0,0.0,0.0,0.0,0.0,0.0,0.0,0.0,0.0,0.0,0.0,0.00087494,0.0,0.0,0.0,0.0,0.0,0.0,0.0,0.0,0.0,0.0,0.0,0.0,0.0,0.0,0.0,0.0,0.0,0.0,0.0,0.0,0.0,0.0,2.82e-05,0.0,0.0,0.0,0.0,0.0,0.0,0.0,0.0,0.0,0.0,0.0,0.0,0.0,0.0,0.0,8.47e-05,0.0,0.0,0.0,0.0,0.0,0.0,0.0,0.0,0.0,0.0,0.0,0.0,0.0,0.0,0.0,0.0,0.0,0.0,0.0,0.0,0.0,0.0,0.0,0.0,0.000169343,0.0,0.0,0.0,0.0,0.0,0.0,0.0,0.0,0.0,0.0,0.0,0.0,0.0,0.0,0.0,0.0,0.0,0.0,0.0,0.0,0.0,0.0,0.0,0.0,0.0,0.0,0.0,0.0,0.0,0.0,0.0,0.0,0.0,0.0,0.0,0.0,0.0,0.0,0.0,0.0,0.0,0.0,0.0,0.0,0.0,0.0,0.0,0.0,0.0,0.0,0.0,0.0,0.0,0.0,0.0,0.0,0.0,0.0,0.0,0.0,0.0,0.0,0.0,0.0,0.0,0.0,0.0,0.0,0.0,0.0,0.0,0.0,0.0,0.0,0.0,0.0,0.0,0.0,0.0,0.0,0.0,0.0,0.0,0.0,0.0,2.82e-05,0.0,0.0,0.0,0.0,0.0,2.82e-05,0.0,0.0,0.0,0.0,0.0,0.0,0.0,0.0,0.0,2.82e-05,0.0,0.0,0.0,0.0,0.0,0.0,0.0,0.0,0.0,0.0,0.0,0.0,0.0,0.0,0.0,0.0,0.0,0.0,0.0,2.82e-05,0.0,0.0,0.0,0.0,0.0,0.0,0.0,0.0,0.0,0.0,0.0,0.0,0.0,0.0,0.0,2.82e-05,0.0,0.0,0.0,0.0,0.0,0.0,0.0,0.0,0.0,0.0,0.0,0.0,0.0,0.0,0.0,0.0,0.0,0.0,0.0,0.0,0.0,0.0,0.0,0.0,0.0,0.0,0.0,0.0,0.0,0.0,0.0,0.0,0.0,0.0,0.0,0.0,0.0,0.0,0.0,0.0,0.0,0.0,0.0,0.0,0.0,0.0,0.0,0.0,0.0,0.0,0.0,0.0,0.0,0.0,0.0,0.0,0.0,0.0,0.0,0.0,0.0,0.0,0.0,0.0,0.0,0.0,0.0,0.0,0.0,0.0,0.0,0.0,0.0,0.0,0.0,0.0,0.0,0.0,0.0,0.0,0.0,0.0,0.0,0.0,0.0,0.0,0.0,0.0,0.0,0.0,0.0,0.0,0.0,0.0,0.0,0.0,0.0,0.0,0.0,0.0,0.0,0.0,0.0,0.0,0.0,0.0,0.0,0.0,0.0,0.0,0.0,0.0,0.0,0.0,0.0,0.0,0.0,0.0,0.0,0.0,0.0,0.0,0.0,0.0,0.0,0.0,0.0,0.0,0.0,0.0,0.0,0.0,0.0,0.0,0.0,0.0,0.0,0.0,0.0,0.0,0.0,0.0,0.0,0.0,0.0,0.0,0.0,0.0,0.0,0.0,0.0,0.0,0.0,0.0,0.0,0.0,0.0,0.0,0.0,0.0,0.0,0.0,0.0,0.0,0.0,0.0,0.0,0.0,0.0,0.0,0.0,0.0
SRR12478825,0.003924561,0.789272866,0.01013845,0.0,0.0,0.0,0.000436062,0.0,0.029761256,0.025291617,0.001744249,0.0,0.006649951,0.000872125,0.005668811,0.055706966,0.0,0.000327047,0.000218031,0.000436062,0.001090156,0.002071296,0.006867982,0.006213889,0.000872125,0.000109016,0.0,0.0,0.007086013,0.0,0.0,0.000109016,0.0,0.0,0.000654094,0.000763109,0.000109016,0.0,0.0,0.002071296,0.000109016,0.0,0.0,0.0,0.0,0.0,0.0,0.0,0.0,0.0,0.0,0.000109016,0.000109016,0.0,0.000109016,0.0,0.0,0.0,0.0,0.0,0.001199171,0.0,0.0,0.000109016,0.0,0.000109016,0.0,0.0,0.001417203,0.0,0.0,0.0,0.0,0.000109016,0.0,0.0,0.0,0.0,0.015044151,0.0,0.0,0.000218031,0.000109016,0.0,0.0,0.0,0.000436062,0.000327047,0.000109016,0.0,0.0,0.005123733,0.0,0.004251608,0.0,0.0,0.0,0.0,0.000109016,0.0,0.000109016,0.0,0.000436062,0.0,0.000327047,0.0,0.0,0.000109016,0.0,0.00468767,0.003161452,0.0,0.0,0.000109016,0.0,0.0,0.0,0.0,0.0,0.000109016,0.000763109,0.0,0.0,0.0,0.0,0.0,0.000109016,0.0,0.000109016,0.0,0.0,0.0,0.0,0.000109016,0.000109016,0.0,0.0,0.0,0.0,0.0,0.0,0.0,0.000109016,0.0,0.0,0.0,0.0,0.0,0.0,0.0,0.000109016,0.0,0.000109016,0.0,0.0,0.000109016,0.0,0.0,0.0,0.0,0.0,0.0,0.0,0.0,0.0,0.0,0.0,0.0,0.0,0.0,0.0,0.0,0.000218031,0.0,0.0,0.0,0.0,0.0,0.0,0.0,0.0,0.0,0.0,0.000109016,0.0,0.0,0.000109016,0.0,0.0,0.0,0.0,0.0,0.0,0.0,0.000109016,0.0,0.0,0.0,0.0,0.0,0.0,0.0,0.0,0.0,0.0,0.0,0.0,0.0,0.0,0.0,0.0,0.0,0.0,0.0,0.0,0.000109016,0.0,0.0,0.0,0.0,0.0,0.0,0.0,0.0,0.0,0.0,0.0,0.0,0.0,0.0,0.0,0.000109016,0.000109016,0.0,0.0,0.0,0.0,0.0,0.0,0.0,0.0,0.000109016,0.0,0.0,0.0,0.0,0.0,0.0,0.0,0.0,0.0,0.0,0.0,0.0,0.0,0.0,0.0,0.0,0.0,0.0,0.0,0.0,0.0,0.0,0.0,0.0,0.0,0.0,0.0,0.0,0.0,0.0,0.0,0.0,0.0,0.0,0.0,0.0,0.0,0.0,0.0,0.0,0.0,0.0,0.0,0.000218031,0.0,0.0,0.0,0.0,0.0,0.0,0.0,0.0,0.0,0.0,0.0,0.0,0.0,0.0,0.0,0.0,0.0,0.0,0.0,0.0,0.0,0.0,0.0,0.0,0.0,0.0,0.0,0.0,0.0,0.0,0.000109016,0.0,0.0,0.0,0.0,0.0,0.0,0.0,0.0,0.0,0.0,0.0,0.0,0.0,0.0,0.0,0.0,0.0,0.0,0.0,0.0,0.0,0.0,0.0,0.0,0.0,0.0,0.0,0.0,0.0,0.0,0.0,0.0,0.0,0.0,0.0,0.0,0.0,0.0,0.0,0.0,0.0,0.0,0.0,0.0,0.0,0.0,0.0,0.0,0.0,0.0,0.0,0.000109016,0.0,0.0,0.0,0.0,0.0,0.0,0.0,0.0,0.0,0.0,0.0,0.0,0.0,0.0,0.0,0.0,0.0,0.0,0.0,0.0,0.0,0.000109016,0.0,0.0,0.0,0.0,0.0,0.0,0.0,0.0,0.0,0.0,0.0,0.0,0.0,0.0,0.0,0.0,0.0,0.0,0.0,0.0,0.0,0.0,0.0,0.0,0.0,0.0,0.0,0.0,0.0,0.0,0.0,0.0,0.0,0.0,0.0,0.0,0.0,0.0,0.0,0.0,0.0,0.0,0.0,0.0,0.0,0.0,0.0,0.0,0.0,0.0,0.0,0.0,0.0,0.0,0.0,0.0,0.0,0.0,0.0,0.0,0.0,0.0,0.0,0.0,0.0,0.0,0.0,0.0,0.0,0.0,0.0,0.0,0.0,0.0,0.0,0.0,0.0,0.0,0.0,0.0,0.0,0.0,0.0,0.0,0.0,0.0,0.0,0.0,0.0,0.0,0.0,0.0,0.0,0.0,0.0,0.0,0.0,0.0,0.0,0.0,0.0,0.0,0.0,0.0,0.0,0.0,0.0,0.0,0.0,0.0,0.0,0.0,0.0,0.0,0.0,0.0,0.0,0.0,0.0,0.0,0.0,0.0,0.0,0.0,0.0,0.0,0.0,0.0,0.0,0.0,0.0,0.0,0.0,0.0,0.0,0.0,0.0,0.0,0.0,0.0,0.0,0.0,0.0,0.0,0.0,0.0,0.0,0.0,0.0,0.0,0.0,0.0,0.0,0.0,0.0,0.0,0.0,0.0,0.0,0.0,0.0,0.0,0.0,0.0,0.0,0.0,0.0,0.0,0.0,0.0,0.0,0.0,0.0,0.0,0.0,0.0,0.0,0.0,0.0,0.0,0.0,0.0,0.0,0.0,0.0,0.0,0.0,0.0,0.0,0.0,0.0,0.0,0.0,0.0,0.0,0.0,0.0,0.0,0.0,0.0,0.0,0.0,0.0,0.0,0.0,0.0,0.0,0.0,0.0,0.0,0.0,0.0,0.0,0.0,0.0,0.0,0.0,0.0,0.0,0.0,0.0,0.0,0.0,0.0,0.0,0.0,0.0,0.0,0.0,0.0,0.0,0.0,0.0,0.0,0.0,0.0,0.0,0.0,0.0,0.000109016,0.0,0.0,0.0,0.0,0.0,0.0,0.0,0.0,0.0,0.0,0.0,0.0,0.0,0.0,0.0,0.0,0.0,0.0,0.0,0.0,0.0,0.0,0.0,0.0,0.0,0.0,0.0,0.0,0.0,0.0,0.0,0.0,0.000109016,0.0,0.0,0.0,0.0,0.0,0.0,0.0,0.0,0.0,0.0,0.0,0.0,0.0,0.0,0.0
SRR12478826,0.004058214,0.71377927,0.05187051,0.0,0.011754828,0.0,0.000466461,0.0,0.001632615,0.000279877,0.002612184,0.0,0.031812669,0.000466461,9.33e-05,0.0,0.0,0.000139938,0.0,0.003031999,0.000326523,0.001632615,0.00979569,0.000699692,0.000373169,0.0,0.0,0.0,0.003171938,4.66e-05,0.0,0.0,0.030040116,0.0,0.000326523,0.0006064,4.66e-05,0.0,4.66e-05,0.0,0.000186585,0.0,0.0,0.0,0.0,0.0,4.66e-05,0.0,0.0,0.0,0.000279877,0.0,4.66e-05,4.66e-05,0.0,4.66e-05,0.0,9.33e-05,0.0,9.33e-05,0.001306092,4.66e-05,4.66e-05,0.000139938,4.66e-05,0.000279877,0.0,4.66e-05,0.005224368,0.0,0.0,0.0,0.000139938,0.000419815,0.0,4.66e-05,0.0,0.0,0.0,4.66e-05,4.66e-05,0.000139938,4.66e-05,0.0,0.0,0.000513108,0.0,0.000139938,0.0,0.0,4.66e-05,0.014553596,0.004897845,0.003731691,0.000233231,0.0,0.0,0.0,0.0,0.0,0.0,4.66e-05,0.0,0.0,0.0,4.66e-05,0.0,0.0,0.0,0.002332307,0.0,0.0,4.66e-05,0.0,0.0,4.66e-05,0.0,0.0,0.0,0.0,0.000326523,0.0,9.33e-05,0.0,0.0,0.0,0.0,0.0,4.66e-05,0.0,0.0,0.0,0.0,0.0,4.66e-05,0.0,0.0,0.0,0.0,0.0,0.0,0.090726747,0.0,0.0,0.0,0.0,0.0,4.66e-05,0.0,0.0,0.0,0.000233231,9.33e-05,0.0,0.0,0.0,0.0,0.0,0.0,0.0,0.0,0.0,4.66e-05,0.0,0.0,0.0,0.0,0.0,0.0,0.0,4.66e-05,0.0,0.0,0.0,0.001072861,0.0,0.0,0.0,0.0,0.0,0.0,0.0,0.0,0.0,0.0,0.0,0.0,0.0,0.0,0.0,0.0,0.0,0.0,0.0,0.0,0.0,0.0,0.0,0.0,0.0,0.0,0.0,0.0,0.0,0.0,0.0,4.66e-05,0.0,0.0,0.0,0.0,0.0,0.0,0.0,0.0,0.0,0.0,0.0,0.0,0.0,0.0,0.0,0.0,0.0,0.0,0.0,0.0,9.33e-05,0.0,0.0,9.33e-05,0.0,0.0,0.0,4.66e-05,0.000186585,0.0,0.0,0.0,4.66e-05,0.0,0.0,0.0,0.0,4.66e-05,0.0,0.0,0.0,0.0,0.0,0.0,0.0,0.0,0.0,0.0,0.0,0.0,0.0,4.66e-05,0.0,0.0,0.000186585,0.0,0.0,0.0,0.0,0.0,0.0,0.0,0.0,0.0,0.0,0.0,0.0,0.0,0.0,0.0,0.0,0.0,0.0,0.0,4.66e-05,0.0,0.0,4.66e-05,0.000279877,0.0,0.0,0.0,0.0,0.0,0.0,0.0,0.0,0.0,0.0,0.0,0.0,0.0,0.0,0.0,0.0,0.0,0.0,0.0,0.0,0.0,0.0,0.0,0.0,0.0,0.0,9.33e-05,0.0,0.0,0.0,0.0,0.0,0.0,0.0,0.0,0.0,0.0,4.66e-05,4.66e-05,0.0,4.66e-05,0.0,0.0,4.66e-05,0.0,9.33e-05,0.0,0.0,0.0,0.0,0.0,0.0,0.0,0.0,0.0,0.0,0.0,0.0,0.0,0.0,0.0,0.0,0.0,0.0,0.0,0.0,0.0,0.0,0.0,0.0,0.0,4.66e-05,0.0,0.0,0.0,0.0,4.66e-05,0.0,0.0,0.0,0.0,0.0,9.33e-05,4.66e-05,4.66e-05,0.0,0.0,4.66e-05,0.0,0.0,0.0,0.0,0.0,0.0,0.0,4.66e-05,0.0,0.0,0.0,0.0,0.0,9.33e-05,0.0,0.0,0.0,0.0,0.0,0.0,0.0,0.0,0.0,0.0,0.0,0.0,0.0,0.0,0.0,0.0,0.000139938,0.0,0.0,0.0,0.0,0.0,0.0,4.66e-05,0.0,0.0,0.0,0.0,0.0,0.000139938,0.0,0.0,0.0,0.0,0.0,0.0,0.0,0.0,4.66e-05,0.0,0.0,0.0,0.0,0.0,0.0,0.0,0.0,0.0,0.0,0.0,0.0,0.0,0.0,0.0,0.0,0.0,0.0,0.0,0.0,0.0,0.0,0.0,0.0,0.0,0.0,0.0,0.0,0.0,0.0,0.0,0.0,0.0,0.0,0.0,0.0,0.0,0.0,0.0,0.0,0.0,0.0,0.0,0.0,4.66e-05,0.0,0.0,0.0,0.0,0.0,0.0,0.0,4.66e-05,0.0,0.0,0.0,0.0,0.0,0.0,0.0,0.0,0.0,0.0,0.0,0.0,0.0,0.0,0.0,0.0,0.0,0.0,0.0,0.0,4.66e-05,0.0,0.0,0.0,0.0,0.0,0.0,0.0,0.0,0.0,0.0,0.0,0.0,0.0,0.0,0.0,0.0,0.0,0.0,0.0,0.0,0.0,0.0,0.0,0.0,0.0,0.0,0.0,0.0,0.0,0.0,9.33e-05,0.0,0.0,0.0,0.0,0.0,0.0,0.0,0.0,0.0,0.0,0.0,0.0,0.0,0.0,0.0,0.0,0.0,0.0,0.0,0.0,0.0,0.0,0.0,0.0,0.0,0.0,0.0,0.0,0.0,0.0,0.0,0.0,0.0,0.0,0.0,0.0,0.0,0.0,0.0,0.0,0.0,0.0,0.0,0.0,0.0,0.0,0.0,0.0,0.0,0.0,0.0,0.0,0.0,0.0,0.0,0.0,0.0,0.0,0.0,0.0,0.0,0.0,0.0,0.0,0.0,0.0,0.0,0.0,0.0,0.0,0.0,0.0,0.0,0.0,0.0,0.0,0.0,0.0,0.0,0.0,0.0,0.0,0.0,0.0,0.0,0.0,0.0,0.0,0.0,0.0,0.0,0.0,0.0,0.0,0.0,0.0,0.0,0.0,0.0,0.0,0.0,0.0,0.0,0.0,0.0,0.0,0.0,0.0,0.0,0.0,0.0,0.0,0.0,0.0,0.0,0.0,0.0,0.0,0.0,0.0,0.0,0.0,0.0,0.0,0.0,0.0,0.0,0.0,0.0,0.0,0.0,0.0,0.0,0.0,0.0,0.0,0.0,0.0,0.0,0.0,0.0,0.0,0.0,0.0,0.0,0.0,0.0
SRR12478828,0.004586362,0.245067497,0.001124957,0.0,0.00017307,0.0,0.000259605,8.65e-05,0.208895812,0.005278643,0.002336449,0.005019038,0.056161301,0.00623053,0.001124957,0.013412946,0.000259605,0.001471097,0.000692281,0.000259605,0.002336449,0.06827622,0.002076843,0.222308757,0.010730357,0.000519211,0.00017307,0.000865351,0.002855659,0.000259605,0.0,0.0064036,0.0,0.0,0.002855659,0.002336449,0.000519211,8.65e-05,0.0,0.00302873,8.65e-05,0.0,0.0,0.0,0.0,0.002422984,0.000951886,8.65e-05,0.0,0.002163378,0.000432676,8.65e-05,0.000605746,0.00017307,8.65e-05,0.000346141,8.65e-05,0.0,0.0,0.009865005,0.017739702,0.017480097,0.000951886,0.000692281,0.001644168,0.004153686,8.65e-05,8.65e-05,0.003634476,0.0,0.00017307,0.0,0.000259605,0.001903773,0.0,8.65e-05,0.00017307,0.0,0.000692281,0.0,0.002163378,0.0,0.00017307,0.001211492,0.0,0.0,8.65e-05,0.000259605,0.0,0.0,0.0,0.003288335,8.65e-05,8.65e-05,0.0,0.0,0.002855659,0.0,0.0,0.00017307,8.65e-05,0.0,0.00017307,0.0,0.000778816,0.0,0.0,0.0,0.0,0.002076843,8.65e-05,0.0,0.0,0.001298027,0.00017307,0.0,0.0,0.0,0.0,0.0,0.001384562,0.0,0.000519211,8.65e-05,0.00017307,0.0,8.65e-05,8.65e-05,0.012893735,0.0,0.00017307,0.0,0.0,0.0,0.0,8.65e-05,8.65e-05,8.65e-05,0.0,0.0,0.00017307,8.65e-05,8.65e-05,0.0,0.0,8.65e-05,0.0,0.0,0.0,0.0,0.0,0.0,8.65e-05,0.0,0.0,0.001298027,0.0,0.0,0.0,0.0,0.0,0.0,8.65e-05,0.0,0.0,0.0,0.0,0.000432676,0.0,0.0,0.0,0.0,0.00017307,0.0,0.0,0.0,0.0,0.0,0.0,0.0,8.65e-05,0.0,0.0,0.0,8.65e-05,0.0,0.00017307,0.0,0.0,0.0,0.0,0.0,8.65e-05,0.0,0.0,0.0,0.0,0.0,0.00017307,0.002249913,0.0,0.0,0.0,0.0,8.65e-05,0.0,0.0,0.0,0.00017307,0.0,0.0,0.0,0.0,8.65e-05,0.0,8.65e-05,0.0,0.0,0.0,0.0,0.0,0.0,0.0,0.0,8.65e-05,0.0,0.0,0.0,0.0,0.000778816,0.00017307,0.002682589,0.001903773,0.0,0.0,0.000259605,0.0,0.0,0.0,0.0,0.0,0.0,0.0,0.0,0.0,0.0,0.0,0.0,0.0,0.0,0.0,0.0,0.0,0.0,0.0,0.0,0.0,0.0,0.0,0.0,0.0,0.0,0.0,0.0,0.0,0.0,0.0,0.0,0.0,0.0,0.0,0.0,0.0,0.0,8.65e-05,0.0,0.0,0.0,0.0,0.0,0.0,8.65e-05,0.0,0.0,0.005192108,0.001730703,0.0,0.0,0.0,8.65e-05,8.65e-05,0.0,0.000346141,8.65e-05,0.0,0.0,0.0,0.0,0.0,0.0,0.0,0.0,8.65e-05,0.00017307,0.0,0.0,0.0,8.65e-05,0.0,0.0,0.0,0.0,0.0,0.0,0.0,0.0,0.0,0.0,0.0,0.0,0.0,0.0,0.0,0.0,0.0,0.0,0.0,0.00017307,0.0,0.0,0.0,0.0,0.0,0.0,0.0,0.001038422,8.65e-05,0.0,0.0,0.0,0.0,0.0,0.0,0.0,0.0,0.0,0.0,0.0,0.0,0.0,0.0,0.0,0.0,0.0,0.0,0.000432676,0.000346141,0.000605746,0.0,0.0,0.0,0.0,0.0,0.0,0.0,0.0,0.0,0.0,0.0,8.65e-05,0.0,0.0,0.0,0.0,0.0,0.0,8.65e-05,0.0,0.0,0.0,0.0,0.0,0.0,0.0,8.65e-05,0.0,0.0,0.0,0.0,0.0,0.0,0.0,0.0,0.0,0.0,0.0,0.0,0.0,0.0,0.0,0.0,0.0,0.0,0.0,0.0,0.0,0.0,0.0,0.0,0.0,0.0,0.0,0.0,0.0,0.0,0.0,0.0,0.0,0.0,0.0,0.0,0.0,0.0,0.0,0.0,0.0,0.0,0.0,0.0,0.0,0.0,0.0,0.0,0.0,0.0,0.0,0.0,0.0,0.0,0.0,0.0,0.00017307,0.0,0.0,0.0,0.0,0.000519211,0.000259605,0.0,0.0,0.0,0.0,0.0,0.0,0.0,0.0,0.0,0.0,0.0,0.0,0.0,0.0,0.0,0.0,0.0,0.0,0.0,0.0,0.0,0.0,0.0,0.0,0.0,0.0,0.0,0.0,0.0,0.0,0.0,0.0,0.0,0.0,0.0,0.0,0.0,0.0,0.0,0.0,0.0,0.0,0.0,0.0,0.0,0.0,0.0,0.0,0.0,0.0,0.0,0.0,0.0,0.0,0.0,0.0,0.0,0.0,0.0,0.0,0.0,0.0,8.65e-05,0.0,0.0,0.0,0.0,0.0,0.0,0.0,0.0,0.0,0.0,0.0,0.0,0.0,0.0,0.0,0.0,0.0,0.0,0.0,0.0,0.0,0.0,0.0,0.0,0.0,0.0,0.0,0.0,0.0,0.0,0.0,0.0,0.0,0.0,0.0,0.0,0.0,0.0,0.0,0.0,0.0,0.0,0.0,0.0,0.0,0.0,0.0,0.0,0.0,0.0,0.0,0.0,0.0,0.0,0.0,0.0,0.0,0.0,0.0,0.0,0.0,0.0,0.0,0.0,0.0,0.0,8.65e-05,0.0,0.0,0.0,0.0,0.0,0.0,0.0,0.0,0.0,0.0,0.0,0.0,0.0,0.0,0.00017307,0.0,0.0,0.0,0.0,0.0,0.0,0.0,0.0,0.0,0.0,0.0,0.0,0.0,0.0,0.0,0.0,0.0,0.0,0.0,0.0,0.0,0.0,0.0,0.0,0.0,0.0,0.0,0.0,0.0,0.0,0.0,0.0,0.0,0.0,0.0,0.0,8.65e-05,0.0,0.0,0.0,0.0,0.0,0.0,0.0,0.0,0.0,0.0,0.0,0.0,0.0,0.0,0.0,0.0,0.0,0.0,0.0,0.0,0.0,0.0,0.0,0.0,0.0,0.0,0.0,0.0,0.0,0.0,0.0,0.0,0.0,0.0,0.0,0.0,0.0,0.0,0.0,0.0,0.0,0.0,0.0,0.0,0.0,0.0,0.0,0.0,0.0
SRR12478829,0.260095549,0.06965049,0.003520241,5.03e-05,0.000905205,0.0,0.000100578,5.03e-05,0.213930098,0.015287905,0.011063616,0.014583857,0.016746291,0.006487302,0.000352024,0.023384461,0.001961277,0.000452602,0.001508675,0.047120945,0.001106362,0.031028413,0.014533568,0.023987931,0.001458386,0.000704048,0.0,0.005481519,0.039426704,0.001156651,0.0,0.033593161,0.005028916,0.000100578,0.005330651,0.00060347,5.03e-05,5.03e-05,0.0,0.001408097,0.0,0.0,0.001458386,0.0,0.0,0.001760121,0.005582097,0.001408097,5.03e-05,0.000452602,0.0,0.0,5.03e-05,0.000201157,0.001910988,0.005833543,0.000100578,0.0,0.0,0.000754337,0.003972844,0.000402313,0.000352024,0.000402313,0.000452602,0.000201157,5.03e-05,0.003067639,0.000704048,0.000452602,0.0,0.0,5.03e-05,0.000201157,5.03e-05,0.000100578,0.000100578,0.0,0.000452602,0.007895399,0.000100578,0.000100578,0.0,0.005732965,5.03e-05,0.0,0.017802364,0.000201157,5.03e-05,0.0,0.0,0.000804627,5.03e-05,0.002363591,0.000402313,5.03e-05,0.000150867,0.0,0.000100578,0.000100578,0.000502892,0.018104099,0.000402313,0.000653759,0.005079205,0.0,0.004425446,0.000100578,0.0,5.03e-05,0.000100578,0.0,0.011164194,0.000150867,0.0,0.000150867,0.0,5.03e-05,0.0,5.03e-05,5.03e-05,0.0,0.001458386,0.0,0.000754337,5.03e-05,5.03e-05,0.000653759,5.03e-05,0.000100578,0.0,0.0,0.000402313,5.03e-05,0.000150867,0.002615036,0.0,0.0,0.0,0.0,0.0,0.013628363,0.0,0.000955494,5.03e-05,5.03e-05,0.001408097,0.000553181,0.0,0.0,0.000201157,0.0,0.0,0.0,0.0,0.001910988,5.03e-05,0.0,5.03e-05,0.0,0.0,0.0,0.0,0.0,0.0,0.002564747,5.03e-05,0.0,0.0,0.0,0.0,0.0,0.000201157,0.0,0.0,0.0,0.0,0.0,0.000704048,0.0,0.0,0.000955494,0.0,0.0,0.000955494,0.000251446,0.000150867,0.00120694,0.0,0.0,0.0,0.0,0.0,0.0,0.0,0.0,5.03e-05,0.0,0.0,5.03e-05,0.0,0.000100578,0.0,0.0,0.002967061,0.0,0.0,5.03e-05,5.03e-05,0.0,0.000100578,0.0,0.0,0.0,0.0,0.0,0.0,0.0,5.03e-05,0.0,0.0,0.0,0.0,0.0,0.0,0.001357807,0.0,5.03e-05,0.0,0.0,0.0,5.03e-05,0.0,5.03e-05,0.0,5.03e-05,0.0,0.0,0.0,0.0,0.0,5.03e-05,0.0,0.0,0.0,0.0,0.0,0.000100578,0.0,0.0,0.0,5.03e-05,0.000553181,0.0,0.0,0.0,0.0,0.0,0.0,0.0,0.0,0.0,0.0,0.0,5.03e-05,0.0,0.0,5.03e-05,0.0,0.0,0.0,0.0,0.0,0.0,0.0,0.0,0.0,0.0,0.0,0.0,0.0,5.03e-05,0.0,0.0,0.0,5.03e-05,0.0,0.0,0.0,0.0,0.0,5.03e-05,0.0,0.000100578,0.0,0.0,0.0,0.0,0.0,0.0,0.0,0.0,0.0,0.0,0.0,0.000100578,0.0,0.000100578,0.0,0.0,0.0,0.0,0.0,0.0,5.03e-05,0.0,0.0,0.0,0.0,0.0,5.03e-05,0.0,0.0,0.0,0.0,0.0,0.0,0.0,0.0,5.03e-05,0.0,0.0,0.0,0.0,0.0,5.03e-05,0.0,0.0,0.0,0.0,0.0,0.0,0.0,0.0,0.0,0.0,0.000100578,5.03e-05,5.03e-05,0.0,5.03e-05,0.0,0.0,0.0,0.0,0.0,0.0,0.0,0.0,0.0,0.0,0.0,0.0,0.0,0.0,0.0,0.0,0.0,0.0,0.0,0.0,0.0,0.0,0.0,0.0,0.0,0.0,0.0,0.0,5.03e-05,0.0,0.0,0.0,5.03e-05,0.0,0.0,0.0,0.0,0.0,0.0,0.0,0.0,0.0,0.0,0.0,0.0,0.0,0.0,0.0,0.0,0.0,0.0,0.0,5.03e-05,0.0,0.0,0.0,0.0,0.0,0.0,0.0,0.000100578,0.0,0.0,0.0,0.0,0.0,0.0,0.0,0.0,0.0,0.0,0.0,0.0,0.0,0.0,0.0,0.0,5.03e-05,0.0,0.0,0.0,0.0,5.03e-05,0.0,0.0,0.0,0.0,5.03e-05,0.0,0.0,0.0,0.0,0.0,0.0,0.0,0.0,0.0,0.0,0.0,0.0,0.0,0.0,0.0,0.0,5.03e-05,0.0,0.0,0.0,0.0,0.0,0.0,0.0,0.0,0.0,0.0,0.0,0.0,0.0,0.0,0.0,0.0,0.0,0.0,0.0,0.0,0.0,0.0,0.0,0.0,0.0,0.0,0.0,0.0,0.0,0.0,5.03e-05,0.0,0.0,0.0,0.0,0.0,0.0,5.03e-05,0.0,0.0,0.0,0.0,0.0,0.0,5.03e-05,0.0,0.0,0.0,0.0,0.0,0.0,0.0,0.0,0.0,0.0,0.0,0.0,0.0,0.0,0.0,0.0,0.0,0.0,0.0,0.0,0.0,0.0,0.0,0.0,0.0,0.0,0.0,0.0,5.03e-05,0.0,0.0,0.0,0.0,0.0,0.0,0.0,0.0,0.0,0.000100578,0.0,0.0,0.0,0.0,0.0,0.0,0.0,0.0,0.000150867,0.0,0.0,0.0,0.0,0.0,0.0,0.0,0.0,0.0,0.0,0.0,0.0,5.03e-05,0.0,0.0,0.0,0.0,0.0,0.0,0.0,0.0,0.0,0.0,0.0,0.0,0.0,0.0,0.0,0.0,0.0,0.0,0.0,0.0,0.0,0.0,0.0,0.0,0.0,0.0,0.0,0.0,0.0,0.0,5.03e-05,0.0,0.0,0.0,0.0,0.0,0.0,0.0,0.0,0.0,0.000100578,0.0,0.0,0.0,0.0,0.0,0.0,0.0,0.0,0.0,0.0,0.0,0.0,0.0,5.03e-05,0.0,0.0,0.0,0.0,0.0,0.0,0.0,0.0,0.0,0.0,0.0,0.0,0.0,0.0,0.0,0.0,0.0,0.0,0.0,0.0,0.0,0.0,0.0,0.0,0.0,0.0,0.0,0.0,0.0,0.0,0.0,0.0,0.0,0.0,0.0,0.0,0.0,0.0,0.0,0.0,0.0,0.0,0.0,0.0,0.0,0.0,0.0,0.0,0.0,0.0,0.0,0.0,0.0,0.0,0.0,0.0,0.0,0.0,0.0,0.0,0.0,0.0
SRR12478830,0.590671937,0.073754941,0.002687747,0.0,0.001818182,0.0,0.000237154,0.0,0.040632411,0.005612648,0.010355731,0.000869565,0.005770751,0.006166008,0.000395257,0.007667984,0.00055336,0.000395257,0.000632411,0.000395257,0.003003953,0.006482213,0.003083004,0.061106719,0.00055336,0.000158103,0.0,0.001106719,0.033043478,0.000395257,0.0,0.04055336,0.000237154,0.000395257,0.000158103,0.000316206,0.0,0.0,0.0,0.000316206,0.0,0.0,0.000237154,7.91e-05,0.0,0.0,0.007747036,0.000316206,0.001106719,0.00055336,0.0,0.0,0.0,0.001185771,0.0,0.001027668,7.91e-05,0.0,0.0,0.002371542,0.001264822,0.001027668,0.000158103,0.0,0.002766798,0.000237154,0.000316206,0.014387352,0.000632411,0.000395257,0.000316206,0.0,0.000711462,0.000395257,0.000316206,7.91e-05,0.00055336,7.91e-05,0.008142292,0.000316206,0.0,7.91e-05,0.0,0.001897233,0.0,0.0,0.0056917,0.000158103,0.0,0.0,0.0,0.008695652,0.002055336,0.000948617,0.0,0.0,0.006561265,0.0,0.0,0.000474308,7.91e-05,0.000474308,0.0,0.000158103,0.000948617,0.0,0.0,0.0,0.0,0.001106719,7.91e-05,0.0,0.004189723,0.0,0.0,0.000711462,0.0,0.0,0.000237154,7.91e-05,0.000869565,0.0,0.000395257,0.0,0.000158103,0.0,0.0,0.000158103,0.000632411,0.0,0.0,0.0,0.0,0.0,7.91e-05,7.91e-05,0.0,0.0,7.91e-05,0.0,0.0,0.010909091,0.0,0.0,0.0,0.0,0.0,0.0,0.0,0.0,0.0,7.91e-05,0.0,0.0,0.0,7.91e-05,0.0,0.0,0.000237154,0.0,0.000237154,0.0,0.0,7.91e-05,0.0,7.91e-05,0.0,0.0,0.0,0.0,0.0,0.0,7.91e-05,0.0,0.0,0.0,0.0,0.000158103,0.0,0.0,0.0,0.0,0.0,0.0,0.0,0.00055336,0.000395257,0.0,0.0,0.0,0.0,0.0,0.0,0.0,0.0,0.0,0.0,0.0,0.0,7.91e-05,0.0,0.0,0.0,0.0,7.91e-05,7.91e-05,0.0,0.0,0.0,7.91e-05,7.91e-05,0.0,0.0,0.0,0.0,0.0,0.0,0.000158103,0.000316206,0.0,0.0,0.0,0.0,0.000237154,0.0,0.0,0.0,0.0,0.0,0.0,7.91e-05,0.000237154,0.0,0.000158103,0.0,0.0,0.0,0.0,0.0,0.0,0.0,0.0,0.0,0.0,0.0,0.0,0.0,0.0,0.0,0.00055336,0.0,0.0,0.0,0.0,0.0,0.0,0.0,0.0,0.0,0.0,0.0,0.0,7.91e-05,0.0,0.0,0.0,0.0,0.0,0.0,0.0,0.0,0.0,0.0,0.0,0.0,0.0,0.0,0.0,0.0,0.0,0.0,0.0,0.0,0.0,7.91e-05,0.0,0.0,0.0,0.0,0.0,0.0,0.0,0.0,0.0,0.0,0.0,0.0,0.0,0.0,0.0,0.0,0.0,0.0,0.0,0.0,0.0,0.0,0.0,0.0,0.0,0.0,0.0,0.0,0.000237154,0.0,0.0,0.0,0.0,0.0,0.0,0.0,0.000237154,0.0,0.0,0.0,0.0,0.0,0.0,0.0,0.0,0.0,0.0,0.0,0.0,0.0,0.000237154,0.0,0.0,0.0,0.0,0.0,0.0,0.0,0.0,0.0,0.0,0.0,0.0,0.0,0.0,0.0,0.0,0.0,0.0,0.0,0.0,0.0,0.0,0.0,7.91e-05,0.0,0.0,0.0,0.0,0.0,0.0,0.0,0.0,0.0,0.0,0.0,0.0,0.0,0.0,0.0,0.0,0.0,0.0,0.0,0.0,0.0,0.0,0.0,0.0,0.0,0.0,0.0,0.0,0.0,7.91e-05,0.0,0.0,0.0,0.0,0.0,0.0,0.0,0.0,0.0,0.0,0.0,0.0,0.0,0.0,0.0,0.0,0.0,0.0,0.0,0.0,0.0,0.0,0.0,0.0,0.0,0.0,7.91e-05,0.0,0.0,0.0,0.0,0.0,0.0,0.0,0.0,0.0,0.0,0.0,0.0,0.0,0.0,0.0,0.0,7.91e-05,0.0,0.0,7.91e-05,0.0,0.0,0.0,0.0,0.0,0.0,0.0,0.0,0.0,0.0,0.0,0.0,0.0,0.0,0.0,0.0,0.0,0.0,0.0,0.0,0.0,0.0,0.0,0.0,0.0,0.0,0.0,0.0,0.0,0.0,0.0,0.0,0.0,0.0,0.0,0.0,0.0,0.0,0.0,0.0,0.0,0.0,0.0,0.0,0.0,0.0,0.0,0.0,0.0,0.0,0.0,0.0,0.0,0.0,0.0,0.0,0.0,0.0,0.0,0.0,0.0,0.0,0.0,0.0,0.0,0.0,0.0,0.0,0.0,0.0,0.0,0.0,0.0,0.0,0.0,0.0,0.0,7.91e-05,0.0,0.0,0.0,0.0,0.0,0.0,0.0,0.0,0.0,0.0,0.0,0.0,0.0,0.0,0.0,0.0,0.0,0.0,0.0,0.0,0.0,0.0,0.0,0.0,0.0,0.0,0.0,0.0,0.0,0.0,0.0,0.0,0.0,0.0,0.0,0.0,0.0,0.0,0.0,0.0,0.0,0.0,0.0,0.0,0.0,0.0,0.0,0.0,0.0,0.0,0.0,0.0,0.0,0.0,0.0,0.0,0.0,0.0,0.0,0.0,0.0,0.0,0.0,0.0,0.0,0.0,0.0,0.0,0.0,0.0,0.0,0.0,0.0,0.0,0.0,0.0,0.0,0.0,0.0,0.0,0.0,0.0,0.0,0.0,0.0,0.0,0.0,0.0,0.0,0.0,0.0,0.0,0.0,0.0,0.0,0.0,0.0,0.0,0.0,0.0,0.0,0.0,0.0,0.0,0.0,0.0,0.0,0.0,0.0,0.0,0.0,0.0,0.0,0.0,0.0,0.0,0.0,0.0,0.0,0.0,0.0,0.0,0.0,0.0,0.0,0.0,0.0,7.91e-05,0.0,0.0,0.0,0.0,0.0,0.0,0.0,0.0,0.0,0.0,7.91e-05,0.0,0.0,0.0,0.0,0.0,0.0,0.0,0.0,0.0,0.0,0.0,0.0,0.0,0.0,0.0,0.0,0.0,0.0,0.0,0.0,0.0,0.0,0.0,0.0,7.91e-05
SRR12478831,0.490848866,0.040983607,0.02301819,0.003536941,5.61e-05,0.000168426,5.61e-05,5.61e-05,5.61e-05,0.008589715,0.00291938,5.61e-05,0.000505277,5.61e-05,5.61e-05,5.61e-05,0.000336852,0.000336852,0.21912194,0.027790254,0.013586346,0.004266786,0.0413766,0.005614193,0.001235122,0.000617561,0.000561419,0.000561419,0.000392993,0.000224568,0.000224568,0.000112284,0.008758141,0.002694812,0.001291264,0.00028071,0.00028071,0.000112284,5.61e-05,0.000505277,0.000112284,5.61e-05,0.000392993,5.61e-05,0.000336852,5.61e-05,5.61e-05,5.61e-05,0.022849764,0.008870424,5.61e-05,0.032786885,5.61e-05,5.61e-05,0.00117898,0.001403548,0.000785987,5.61e-05,0.000112284,5.61e-05,0.000673703,0.000168426,5.61e-05,0.000112284,5.61e-05,0.00028071,0.000168426,0.000617561,0.002807096,0.000392993,0.000112284,0.000112284,0.000392993,5.61e-05,5.61e-05,0.000168426,0.000112284,5.61e-05,5.61e-05,0.000336852,5.61e-05,5.61e-05,0.000112284,5.61e-05,5.61e-05,5.61e-05,5.61e-05,0.002077251,5.61e-05,0.000224568,5.61e-05,0.000224568,0.000168426,0.000168426,5.61e-05,0.000168426,0.000112284,0.000168426,5.61e-05,5.61e-05,0.000112284,0.000112284,0.000449135,0.000112284,0.000392993,5.61e-05,5.61e-05,5.61e-05,0.000112284,0.000168426,0.000112284,5.61e-05,5.61e-05,5.61e-05,0.000673703,5.61e-05,0.000112284,5.61e-05,5.61e-05,0.000112284,0.00931956,0.003929935,0.000112284,5.61e-05,0.000112284,5.61e-05,5.61e-05,5.61e-05,5.61e-05,5.61e-05,5.61e-05,5.61e-05,5.61e-05,5.61e-05,5.61e-05,5.61e-05,0.000336852,5.61e-05,5.61e-05,5.61e-05,0.000168426,0.000112284,0.000112284,0.000224568,0.000168426,0.0,0.0,0.0,0.0,0.0,0.0,0.0,0.0,0.0,0.0,0.0,0.0,0.0,0.0,0.0,0.0,0.0,0.0,0.0,0.0,0.0,0.0,0.0,0.0,0.0,0.0,0.0,0.0,0.0,0.0,0.0,0.0,0.0,0.0,0.0,0.0,0.0,0.0,0.0,0.0,0.0,0.0,0.0,0.0,0.0,0.0,0.0,0.0,0.0,0.0,0.0,0.0,0.0,0.0,0.0,0.0,0.0,0.0,0.0,0.0,0.0,0.0,0.0,0.0,0.0,0.0,0.0,0.0,0.0,0.0,0.0,0.0,0.0,0.0,0.0,0.0,0.0,0.0,0.0,0.0,0.0,0.0,0.0,0.0,0.0,0.0,0.0,0.0,0.0,0.0,0.0,0.0,0.0,0.0,0.0,0.0,0.0,0.0,0.0,0.0,0.0,0.0,0.0,0.0,0.0,0.0,0.0,0.0,0.0,0.0,0.0,0.0,0.0,0.0,0.0,0.0,0.0,0.0,0.0,0.0,0.0,0.0,0.0,0.0,0.0,0.0,0.0,0.0,0.0,0.0,0.0,0.0,0.0,0.0,0.0,0.0,0.0,0.0,0.0,0.0,0.0,0.0,0.0,0.0,0.0,0.0,0.0,0.0,0.0,0.0,0.0,0.0,0.0,0.0,0.0,0.0,0.0,0.0,0.0,0.0,0.0,0.0,0.0,0.0,0.0,0.0,0.0,0.0,0.0,0.0,0.0,0.0,0.0,0.0,0.0,0.0,0.0,0.0,0.0,0.0,0.0,0.0,0.0,0.0,0.0,0.0,0.0,0.0,0.0,0.0,0.0,0.0,0.0,0.0,0.0,0.0,0.0,0.0,0.0,0.0,0.0,0.0,0.0,0.0,0.0,0.0,0.0,0.0,0.0,0.0,0.0,0.0,0.0,0.0,0.0,0.0,0.0,0.0,0.0,0.0,0.0,0.0,0.0,0.0,0.0,0.0,0.0,0.0,0.0,0.0,0.0,0.0,0.0,0.0,0.0,0.0,0.0,0.0,0.0,0.0,0.0,0.0,0.0,0.0,0.0,0.0,0.0,0.0,0.0,0.0,0.0,0.0,0.0,0.0,0.0,0.0,0.0,0.0,0.0,0.0,0.0,0.0,0.0,0.0,0.0,0.0,0.0,0.0,0.0,0.0,0.0,0.0,0.0,0.0,0.0,0.0,0.0,0.0,0.0,0.0,0.0,0.0,0.0,0.0,0.0,0.0,0.0,0.0,0.0,0.0,0.0,0.0,0.0,0.0,0.0,0.0,0.0,0.0,0.0,0.0,0.0,0.0,0.0,0.0,0.0,0.0,0.0,0.0,0.0,0.0,0.0,0.0,0.0,0.0,0.0,0.0,0.0,0.0,0.0,0.0,0.0,0.0,0.0,0.0,0.0,0.0,0.0,0.0,0.0,0.0,0.0,0.0,0.0,0.0,0.0,0.0,0.0,0.0,0.0,0.0,0.0,0.0,0.0,0.0,0.0,0.0,0.0,0.0,0.0,0.0,0.0,0.0,0.0,0.0,0.0,0.0,0.0,0.0,0.0,0.0,0.0,0.0,0.0,0.0,0.0,0.0,0.0,0.0,0.0,0.0,0.0,0.0,0.0,0.0,0.0,0.0,0.0,0.0,0.0,0.0,0.0,0.0,0.0,0.0,0.0,0.0,0.0,0.0,0.0,0.0,0.0,0.0,0.0,0.0,0.0,0.0,0.0,0.0,0.0,0.0,0.0,0.0,0.0,0.0,0.0,0.0,0.0,0.0,0.0,0.0,0.0,0.0,0.0,0.0,0.0,0.0,0.0,0.0,0.0,0.0,0.0,0.0,0.0,0.0,0.0,0.0,0.0,0.0,0.0,0.0,0.0,0.0,0.0,0.0,0.0,0.0,0.0,0.0,0.0,0.0,0.0,0.0,0.0,0.0,0.0,0.0,0.0,0.0,0.0,0.0,0.0,0.0,0.0,0.0,0.0,0.0,0.0,0.0,0.0,0.0,0.0,0.0,0.0,0.0,0.0,0.0,0.0,0.0,0.0,0.0,0.0,0.0,0.0,0.0,0.0,0.0,0.0,0.0,0.0,0.0,0.0,0.0,0.0,0.0,0.0,0.0,0.0,0.0,0.0,0.0,0.0,0.0,0.0,0.0,0.0,0.0,0.0,0.0,0.0,0.0,0.0,0.0,0.0,0.0,0.0,0.0,0.0,0.0,0.0,0.0,0.0,0.0,0.0,0.0,,,,,,,,,,,,,,,,,,,,
SRR12478832,0.899619772,0.001520913,0.015209125,0.0,0.0,0.0,0.0,0.0,0.0,0.001520913,0.0,0.0,0.0,0.0,0.0,0.0,0.0,0.0,0.063117871,0.0,0.002281369,0.0,0.0,0.0,0.0,0.000760456,0.0,0.0,0.0,0.0,0.0,0.0,0.003041825,0.0,0.0,0.0,0.0,0.0,0.0,0.0,0.0,0.0,0.0,0.0,0.0,0.0,0.0,0.0,0.0,0.0,0.0,0.0,0.0,0.0,0.0,0.000760456,0.0,0.0,0.0,0.0,0.0,0.0,0.0,0.0,0.0,0.0,0.0,0.0,0.0,0.0,0.0,0.0,0.0,0.0,0.0,0.0,0.0,0.0,0.000760456,0.0,0.0,0.0,0.0,0.0,0.0,0.0,0.0,0.001520913,0.0,0.0,0.0,0.0,0.0,0.000760456,0.0,0.000760456,0.0,0.0,0.0,0.0,0.0,0.0,0.0,0.0,0.0,0.0,0.0,0.0,0.0,0.0,0.0,0.0,0.0,0.0,0.0,0.0,0.0,0.0,0.0,0.0,0.0,0.0,0.0,0.0,0.0,0.0,0.0,0.0,0.0,0.0,0.0,0.0,0.0,0.0,0.0,0.0,0.0,0.0,0.0,0.0,0.0,0.0,0.0,0.0,0.0,0.001520913,0.000760456,0.000760456,0.000760456,0.003802281,0.000760456,0.0,0.0,0.0,0.0,0.0,0.0,0.0,0.0,0.0,0.0,0.0,0.0,0.0,0.0,0.0,0.0,0.0,0.0,0.0,0.0,0.0,0.0,0.0,0.0,0.0,0.0,0.0,0.0,0.0,0.0,0.0,0.0,0.0,0.0,0.0,0.0,0.0,0.0,0.0,0.0,0.0,0.0,0.0,0.0,0.0,0.0,0.0,0.0,0.0,0.0,0.0,0.0,0.0,0.0,0.0,0.0,0.0,0.0,0.0,0.0,0.0,0.0,0.0,0.0,0.0,0.0,0.0,0.0,0.0,0.0,0.0,0.0,0.0,0.0,0.0,0.0,0.0,0.0,0.0,0.0,0.0,0.0,0.0,0.0,0.0,0.0,0.0,0.0,0.0,0.0,0.0,0.0,0.0,0.0,0.0,0.0,0.0,0.0,0.0,0.0,0.0,0.0,0.0,0.0,0.0,0.0,0.0,0.0,0.0,0.0,0.0,0.0,0.0,0.0,0.0,0.0,0.0,0.0,0.0,0.0,0.0,0.0,0.0,0.0,0.0,0.0,0.0,0.0,0.0,0.0,0.0,0.0,0.0,0.0,0.0,0.0,0.0,0.0,0.0,0.0,0.0,0.0,0.0,0.0,0.0,0.0,0.0,0.0,0.0,0.0,0.0,0.0,0.0,0.0,0.0,0.0,0.0,0.0,0.0,0.0,0.0,0.0,0.0,0.0,0.0,0.0,0.0,0.0,0.0,0.0,0.0,0.0,0.0,0.0,0.0,0.0,0.0,0.0,0.0,0.0,0.0,0.0,0.0,0.0,0.0,0.0,0.0,0.0,0.0,0.0,0.0,0.0,0.0,0.0,0.0,0.0,0.0,0.0,0.0,0.0,0.0,0.0,0.0,0.0,0.0,0.0,0.0,0.0,0.0,0.0,0.0,0.0,0.0,0.0,0.0,0.0,0.0,0.0,0.0,0.0,0.0,0.0,0.0,0.0,0.0,0.0,0.0,0.0,0.0,0.0,0.0,0.0,0.0,0.0,0.0,0.0,0.0,0.0,0.0,0.0,0.0,0.0,0.0,0.0,0.0,0.0,0.0,0.0,0.0,0.0,0.0,0.0,0.0,0.0,0.0,0.0,0.0,0.0,0.0,0.0,0.0,0.0,0.0,0.0,0.0,0.0,0.0,0.0,0.0,0.0,0.0,0.0,0.0,0.0,0.0,0.0,0.0,0.0,0.0,0.0,0.0,0.0,0.0,0.0,0.0,0.0,0.0,0.0,0.0,0.0,0.0,0.0,0.0,0.0,0.0,0.0,0.0,0.0,0.0,0.0,0.0,0.0,0.0,0.0,0.0,0.0,0.0,0.0,0.0,0.0,0.0,0.0,0.0,0.0,0.0,0.0,0.0,0.0,0.0,0.0,0.0,0.0,0.0,0.0,0.0,0.0,0.0,0.0,0.0,0.0,0.0,0.0,0.0,0.0,0.0,0.0,0.0,0.0,0.0,0.0,0.0,0.0,0.0,0.0,0.0,0.0,0.0,0.0,0.0,0.0,0.0,0.0,0.0,0.0,0.0,0.0,0.0,0.0,0.0,0.0,0.0,0.0,0.0,0.0,0.0,0.0,0.0,0.0,0.0,0.0,0.0,0.0,0.0,0.0,0.0,0.0,0.0,0.0,0.0,0.0,0.0,0.0,0.0,0.0,0.0,0.0,0.0,0.0,0.0,0.0,0.0,0.0,0.0,0.0,0.0,0.0,0.0,0.0,0.0,0.0,0.0,0.0,0.0,0.0,0.0,0.0,0.0,0.0,0.0,0.0,0.0,0.0,0.0,0.0,0.0,0.0,0.0,0.0,0.0,0.0,0.0,0.0,0.0,0.0,0.0,0.0,0.0,0.0,0.0,0.0,0.0,0.0,0.0,0.0,0.0,0.0,0.0,0.0,0.0,0.0,0.0,0.0,0.0,0.0,0.0,0.0,0.0,0.0,0.0,0.0,0.0,0.0,0.0,0.0,0.0,0.0,0.0,0.0,0.0,0.0,0.0,0.0,0.0,0.0,0.0,0.0,0.0,0.0,0.0,0.0,0.0,0.0,0.0,0.0,0.0,0.0,0.0,0.0,0.0,0.0,0.0,0.0,0.0,0.0,0.0,0.0,0.0,0.0,0.0,0.0,0.0,0.0,0.0,0.0,0.0,0.0,0.0,0.0,0.0,0.0,0.0,0.0,0.0,0.0,0.0,0.0,0.0,0.0,,,,,,,,,,,,,,,,,,,,
SRR12478833,0.287819067,0.001413543,0.10275369,0.000407753,0.000353386,0.00595319,8.16e-05,0.0,2.72e-05,0.001114524,0.0,0.0,0.000244652,0.0,0.0,0.0,8.16e-05,0.000190285,0.107320521,0.006714328,0.010411287,0.012667518,0.028461141,0.008263789,0.001277625,0.003425123,0.000625221,0.006306576,0.000299019,0.00046212,0.000326202,0.000570854,0.015576155,0.0049474,0.002500883,0.000897056,0.007747302,8.16e-05,8.16e-05,0.002419333,0.001359176,0.002256232,0.000217468,2.72e-05,0.000163101,0.0,2.72e-05,5.44e-05,0.000489303,0.0,0.0,0.009568598,0.005599804,0.000135918,0.006116291,0.001223258,0.002337782,0.000163101,0.0,0.001984397,0.005192052,0.000190285,0.0,8.16e-05,0.000761138,0.014597548,0.003316389,0.003098921,0.008861826,0.000163101,0.001277625,0.000108734,8.16e-05,0.000135918,5.44e-05,0.0,0.002663985,8.16e-05,0.000135918,0.000407753,0.000706771,0.0,2.72e-05,0.0,2.72e-05,2.72e-05,0.0,0.003778509,8.16e-05,0.0,0.000217468,0.000570854,0.000815505,0.000326202,8.16e-05,0.000163101,8.16e-05,0.000244652,0.000271835,0.000380569,0.061679398,0.000108734,0.000489303,0.0,2.72e-05,2.72e-05,2.72e-05,5.44e-05,2.72e-05,2.72e-05,0.000951423,0.0,8.16e-05,0.000190285,0.000897056,0.0,0.000190285,2.72e-05,2.72e-05,0.0,0.001277625,0.002799902,0.0,0.0,0.0,8.16e-05,5.44e-05,8.16e-05,8.16e-05,0.0,8.16e-05,0.0,0.0,0.0,8.16e-05,2.72e-05,0.000190285,0.001739745,8.16e-05,0.0,0.004104711,0.000326202,0.140430043,5.44e-05,0.000135918,0.0,0.000163101,0.000135918,0.0,0.0,0.0,0.001331992,8.16e-05,0.00046212,5.44e-05,2.72e-05,0.000244652,5.44e-05,5.44e-05,0.000978607,2.72e-05,2.72e-05,2.72e-05,8.16e-05,2.72e-05,2.72e-05,2.72e-05,0.000380569,0.000217468,8.16e-05,2.72e-05,0.000788322,8.16e-05,5.44e-05,2.72e-05,0.000217468,0.000163101,2.72e-05,0.001386359,0.000217468,0.000244652,2.72e-05,2.72e-05,5.44e-05,2.72e-05,2.72e-05,5.44e-05,0.000271835,0.000108734,5.44e-05,2.72e-05,2.72e-05,2.72e-05,2.72e-05,2.72e-05,5.44e-05,8.16e-05,0.00850844,2.72e-05,2.72e-05,2.72e-05,2.72e-05,0.000353386,8.16e-05,8.16e-05,5.44e-05,2.72e-05,0.015249952,0.000190285,5.44e-05,2.72e-05,8.16e-05,2.72e-05,8.16e-05,5.44e-05,2.72e-05,0.00154946,0.000135918,5.44e-05,5.44e-05,5.44e-05,2.72e-05,0.005355153,2.72e-05,2.72e-05,0.002093131,5.44e-05,8.16e-05,0.000135918,8.16e-05,5.44e-05,0.000190285,2.72e-05,2.72e-05,2.72e-05,0.000190285,2.72e-05,2.72e-05,2.72e-05,2.72e-05,2.72e-05,2.72e-05,2.72e-05,2.72e-05,0.012721885,0.000190285,2.72e-05,8.16e-05,5.44e-05,0.000108734,2.72e-05,2.72e-05,0.015739256,5.44e-05,2.72e-05,5.44e-05,5.44e-05,0.000434936,2.72e-05,2.72e-05,2.72e-05,2.72e-05,2.72e-05,5.44e-05,2.72e-05,0.000135918,5.44e-05,2.72e-05,0.005681355,2.72e-05,0.000434936,2.72e-05,0.000108734,2.72e-05,0.000434936,2.72e-05,2.72e-05,0.0,0.0,0.0,0.0,0.0,0.0,0.0,0.0,0.0,0.0,0.0,0.0,0.0,0.0,0.0,0.0,0.0,0.0,0.0,0.0,0.0,0.0,0.0,0.0,0.0,0.0,0.0,0.0,0.0,0.0,0.0,0.0,0.0,0.0,0.0,0.0,0.0,0.0,0.0,0.0,0.0,0.0,0.0,0.0,0.0,0.0,0.0,0.0,0.0,0.0,0.0,0.0,0.0,0.0,0.0,0.0,0.0,0.0,0.0,0.0,0.0,0.0,0.0,0.0,0.0,0.0,0.0,0.0,0.0,0.0,0.0,0.0,0.0,0.0,0.0,0.0,0.0,0.0,0.0,0.0,0.0,0.0,0.0,0.0,0.0,0.0,0.0,0.0,0.0,0.0,0.0,0.0,0.0,0.0,0.0,0.0,0.0,0.0,0.0,0.0,0.0,0.0,0.0,0.0,0.0,0.0,0.0,0.0,0.0,0.0,0.0,0.0,0.0,0.0,0.0,0.0,0.0,0.0,0.0,0.0,0.0,0.0,0.0,0.0,0.0,0.0,0.0,0.0,0.0,0.0,0.0,0.0,0.0,0.0,0.0,0.0,0.0,0.0,0.0,0.0,0.0,0.0,0.0,0.0,0.0,0.0,0.0,0.0,0.0,0.0,0.0,0.0,0.0,0.0,0.0,0.0,0.0,0.0,0.0,0.0,0.0,0.0,0.0,0.0,0.0,0.0,0.0,0.0,0.0,0.0,0.0,0.0,0.0,0.0,0.0,0.0,0.0,0.0,0.0,0.0,0.0,0.0,0.0,0.0,0.0,0.0,0.0,0.0,0.0,0.0,0.0,0.0,0.0,0.0,0.0,0.0,0.0,0.0,0.0,0.0,0.0,0.0,0.0,0.0,0.0,0.0,0.0,0.0,0.0,0.0,0.0,0.0,0.0,0.0,0.0,0.0,0.0,0.0,0.0,0.0,0.0,0.0,0.0,0.0,0.0,0.0,0.0,0.0,0.0,0.0,0.0,0.0,0.0,0.0,0.0,0.0,0.0,0.0,0.0,0.0,0.0,0.0,0.0,0.0,0.0,0.0,0.0,0.0,0.0,0.0,0.0,0.0,0.0,0.0,0.0,0.0,0.0,0.0,0.0,0.0,0.0,0.0,0.0,0.0,0.0,0.0,0.0,0.0,0.0,0.0,0.0,0.0,0.0,0.0,0.0,0.0,0.0,0.0,0.0,0.0,0.0,0.0,0.0,0.0,0.0,0.0,0.0,0.0,0.0,0.0,0.0,0.0,0.0,0.0,0.0,0.0,0.0,0.0,0.0,0.0,0.0,0.0,0.0,0.0,0.0,0.0,0.0,0.0,0.0,0.0,0.0,0.0,0.0,0.0,0.0,0.0,0.0,0.0,0.0,0.0,0.0,0.0,0.0,0.0,0.0,0.0,0.0,0.0,0.0,0.0,0.0,0.0,0.0,0.0,0.0,0.0,0.0,0.0,0.0,0.0,0.0,0.0,0.0,0.0,0.0,0.0,0.0,0.0,0.0,0.0,0.0,0.0,0.0,0.0,0.0,0.0,0.0,0.0,0.0,0.0,0.0,0.0,0.0,0.0,0.0,0.0,0.0,0.0,0.0,0.0,0.0,0.0,0.0,0.0,0.0,0.0,0.0,0.0,0.0,0.0,0.0,0.0,,,,,,,,,,,,,,,,,,,,
SRR12478834,0.003392444,0.000115652,0.677255204,0.000154202,3.86e-05,0.0,3.86e-05,0.0,0.0,3.86e-05,0.0,0.0,3.86e-05,0.0,0.0,0.0,0.0,3.86e-05,0.217964534,0.000115652,0.000462606,0.002043177,0.002929838,0.034502699,0.005744025,0.000192753,0.000886662,3.86e-05,0.003238242,0.000346955,0.000308404,0.0,0.018928296,0.001272167,0.00304549,0.0,0.0,3.86e-05,0.001966076,3.86e-05,0.000192753,0.0,0.0,0.0,7.71e-05,0.0,0.0,0.0,3.86e-05,0.0,0.0,7.71e-05,7.71e-05,0.0,0.000154202,0.000269854,0.000192753,0.0,3.86e-05,0.0,3.86e-05,0.0,0.0,3.86e-05,3.86e-05,0.0,0.007247494,0.0,0.0,0.0,0.0,0.0,0.0,0.0,0.0,0.0,0.0,0.0,0.0,3.86e-05,0.0,3.86e-05,0.0,0.0,0.0,0.0,0.0,0.00690054,0.000115652,3.86e-05,0.000115652,0.000385505,0.001079414,0.000616808,0.000269854,0.000539707,0.000346955,0.000308404,0.000192753,0.001272167,0.0,0.000269854,0.000346955,0.000115652,0.0,0.0,0.0,0.0,0.0,0.0,0.000115652,0.0,0.0,3.86e-05,0.000963763,0.0,3.86e-05,0.0,0.0,0.0,3.86e-05,3.86e-05,0.0,0.0,0.0,0.0,0.0,0.0,0.0,0.0,0.000115652,0.0,0.0,0.0,0.0,0.0,7.71e-05,0.000192753,0.0,0.0,3.86e-05,0.0,7.71e-05,0.0,0.0,0.0,0.0,0.0,0.0,0.0,0.0,0.0,0.0,0.0,0.0,0.0,0.0,0.0,0.0,0.0,0.0,0.0,0.0,0.0,0.0,0.0,0.0,0.0,0.0,0.0,0.0,0.0,0.0,0.0,0.0,0.0,0.0,0.0,7.71e-05,0.0,0.0,0.0,0.0,0.0,0.0,7.71e-05,0.0,0.0,0.0,0.0,0.0,0.0,0.0,0.0,0.0,0.0,0.0,0.0,0.0,0.0,0.0,0.0,0.0,0.0,0.0,0.0,0.0,0.000192753,0.0,0.0,0.000115652,0.0,0.0,3.86e-05,0.0,0.0,0.0,0.0,0.0,0.0,0.0,0.0,3.86e-05,0.0,0.0,0.0,7.71e-05,0.0,0.0,0.0,0.0,3.86e-05,0.0,0.0,3.86e-05,0.0,0.0,0.0,0.0,0.0,0.0,0.0,0.0,0.0,0.0,0.0,0.0,7.71e-05,0.0,7.71e-05,0.0,0.0,0.0,0.0,0.0,0.0,0.0,0.0,0.0,0.0,3.86e-05,0.0,0.0,0.0,0.0,0.0,0.0,0.0,0.0,0.0,0.0,0.0,0.0,0.0,0.0,0.0,0.0,3.86e-05,3.86e-05,3.86e-05,0.000192753,3.86e-05,3.86e-05,7.71e-05,3.86e-05,7.71e-05,3.86e-05,3.86e-05,3.86e-05,3.86e-05,0.0,0.0,0.0,0.0,0.0,0.0,0.0,0.0,0.0,0.0,0.0,0.0,0.0,0.0,0.0,0.0,0.0,0.0,0.0,0.0,0.0,0.0,0.0,0.0,0.0,0.0,0.0,0.0,0.0,0.0,0.0,0.0,0.0,0.0,0.0,0.0,0.0,0.0,0.0,0.0,0.0,0.0,0.0,0.0,0.0,0.0,0.0,0.0,0.0,0.0,0.0,0.0,0.0,0.0,0.0,0.0,0.0,0.0,0.0,0.0,0.0,0.0,0.0,0.0,0.0,0.0,0.0,0.0,0.0,0.0,0.0,0.0,0.0,0.0,0.0,0.0,0.0,0.0,0.0,0.0,0.0,0.0,0.0,0.0,0.0,0.0,0.0,0.0,0.0,0.0,0.0,0.0,0.0,0.0,0.0,0.0,0.0,0.0,0.0,0.0,0.0,0.0,0.0,0.0,0.0,0.0,0.0,0.0,0.0,0.0,0.0,0.0,0.0,0.0,0.0,0.0,0.0,0.0,0.0,0.0,0.0,0.0,0.0,0.0,0.0,0.0,0.0,0.0,0.0,0.0,0.0,0.0,0.0,0.0,0.0,0.0,0.0,0.0,0.0,0.0,0.0,0.0,0.0,0.0,0.0,0.0,0.0,0.0,0.0,0.0,0.0,0.0,0.0,0.0,0.0,0.0,0.0,0.0,0.0,0.0,0.0,0.0,0.0,0.0,0.0,0.0,0.0,0.0,0.0,0.0,0.0,0.0,0.0,0.0,0.0,0.0,0.0,0.0,0.0,0.0,0.0,0.0,0.0,0.0,0.0,0.0,0.0,0.0,0.0,0.0,0.0,0.0,0.0,0.0,0.0,0.0,0.0,0.0,0.0,0.0,0.0,0.0,0.0,0.0,0.0,0.0,0.0,0.0,0.0,0.0,0.0,0.0,0.0,0.0,0.0,0.0,0.0,0.0,0.0,0.0,0.0,0.0,0.0,0.0,0.0,0.0,0.0,0.0,0.0,0.0,0.0,0.0,0.0,0.0,0.0,0.0,0.0,0.0,0.0,0.0,0.0,0.0,0.0,0.0,0.0,0.0,0.0,0.0,0.0,0.0,0.0,0.0,0.0,0.0,0.0,0.0,0.0,0.0,0.0,0.0,0.0,0.0,0.0,0.0,0.0,0.0,0.0,0.0,0.0,0.0,0.0,0.0,0.0,0.0,0.0,0.0,0.0,0.0,0.0,0.0,0.0,0.0,0.0,0.0,0.0,0.0,0.0,0.0,0.0,0.0,0.0,0.0,0.0,0.0,0.0,0.0,0.0,0.0,0.0,0.0,0.0,0.0,0.0,0.0,0.0,0.0,0.0,0.0,0.0,0.0,0.0,0.0,0.0,0.0,0.0,0.0,0.0,0.0,0.0,0.0,0.0,0.0,0.0,0.0,0.0,0.0,0.0,0.0,0.0,0.0,0.0,0.0,0.0,0.0,0.0,0.0,0.0,0.0,0.0,0.0,0.0,0.0,0.0,0.0,0.0,0.0,0.0,0.0,0.0,0.0,0.0,0.0,0.0,0.0,0.0,0.0,0.0,0.0,0.0,0.0,0.0,0.0,0.0,0.0,0.0,0.0,0.0,0.0,0.0,,,,,,,,,,,,,,,,,,,,
SRR12478835,0.003858124,0.086087605,0.61115255,0.00933666,0.000102883,0.0,0.0,7.72e-05,5.14e-05,7.72e-05,0.0,0.0,0.000180046,0.0,0.000102883,0.000154325,0.000282929,0.0,0.002469199,0.001286041,0.023380231,0.002366316,0.008179223,0.060881196,0.000205767,0.000565858,0.000128604,5.14e-05,5.14e-05,5.14e-05,0.003189382,7.72e-05,0.000745904,0.018544716,0.000180046,0.0,2.57e-05,2.57e-05,0.001388925,0.000128604,2.57e-05,0.0,7.72e-05,0.0,0.000462975,0.0,0.0,0.0,2.57e-05,0.0,0.0,0.004629749,2.57e-05,0.029038813,0.000180046,0.000231487,0.00154325,2.57e-05,0.0,5.14e-05,7.72e-05,2.57e-05,0.0,2.57e-05,0.0,5.14e-05,0.0,0.0,0.0,0.0,0.0,0.000231487,0.0,0.0,0.0,0.0,5.14e-05,0.0,0.0,2.57e-05,0.000154325,0.0,2.57e-05,0.0,0.0,2.57e-05,0.0,0.000437254,2.57e-05,0.0,0.0,7.72e-05,0.000488696,2.57e-05,0.000205767,0.0,0.000128604,2.57e-05,2.57e-05,0.000154325,0.0,0.0,0.000128604,2.57e-05,0.0,0.0,0.0,0.0,0.0,0.0,0.011883022,0.0,0.0,2.57e-05,0.00653309,0.0,7.72e-05,0.0,0.0,0.0,0.0,0.002160549,0.0,0.0,2.57e-05,0.0,0.0,2.57e-05,0.0,0.0,2.57e-05,0.0,0.0,0.0,7.72e-05,0.0,0.0,0.062835978,0.0,0.0,5.14e-05,0.0,0.0,0.0,2.57e-05,5.14e-05,0.0,7.72e-05,0.0,0.000231487,0.0,0.0,0.0,0.000128604,0.0,0.0,0.0,0.0,0.0,5.14e-05,0.0,0.0,0.0,2.57e-05,0.0,0.0,0.0,0.0,2.57e-05,0.0,0.0,0.0,0.0,0.0,0.0,0.0,0.0,0.0,2.57e-05,0.0,0.0,0.0,0.0,0.0,0.0,0.000102883,0.0,2.57e-05,0.0,0.0,0.0,0.0,0.0,0.0,0.0,0.038375473,5.14e-05,0.0,0.0,0.0,0.0,2.57e-05,0.0,0.0,0.0,0.0,0.0,0.0,0.0,0.0,0.0,0.0,2.57e-05,5.14e-05,7.72e-05,0.0,5.14e-05,5.14e-05,0.0,0.0,0.0,0.0,0.0,0.0,0.0,5.14e-05,5.14e-05,0.0,2.57e-05,0.0,0.0,2.57e-05,0.0,0.0,0.0,0.0,0.0,0.0,0.0,0.0,0.0,0.0,0.0,0.0,5.14e-05,0.0,0.0,2.57e-05,0.0,0.0,0.0,0.0,0.0,0.0,0.0,0.0,0.0,0.0,0.0,0.0,0.0,0.0,0.0,0.0,0.0,0.0,0.0,0.0,0.000360092,0.0,2.57e-05,0.0,0.0,0.0,0.0,0.0,0.0,2.57e-05,0.0,0.0,2.57e-05,0.0,0.0,0.0,0.0,0.0,0.0,0.0,0.0,0.0,2.57e-05,0.000154325,2.57e-05,2.57e-05,5.14e-05,2.57e-05,2.57e-05,0.000154325,0.000102883,7.72e-05,0.000154325,0.000180046,2.57e-05,2.57e-05,0.000102883,2.57e-05,5.14e-05,0.000205767,2.57e-05,2.57e-05,0.000257208,2.57e-05,2.57e-05,0.000180046,0.0,0.0,0.0,0.0,0.0,0.0,0.0,0.0,0.0,0.0,0.0,0.0,0.0,0.0,0.0,0.0,0.0,0.0,0.0,0.0,0.0,0.0,0.0,0.0,0.0,0.0,0.0,0.0,0.0,0.0,0.0,0.0,0.0,0.0,0.0,0.0,0.0,0.0,0.0,0.0,0.0,0.0,0.0,0.0,0.0,0.0,0.0,0.0,0.0,0.0,0.0,0.0,0.0,0.0,0.0,0.0,0.0,0.0,0.0,0.0,0.0,0.0,0.0,0.0,0.0,0.0,0.0,0.0,0.0,0.0,0.0,0.0,0.0,0.0,0.0,0.0,0.0,0.0,0.0,0.0,0.0,0.0,0.0,0.0,0.0,0.0,0.0,0.0,0.0,0.0,0.0,0.0,0.0,0.0,0.0,0.0,0.0,0.0,0.0,0.0,0.0,0.0,0.0,0.0,0.0,0.0,0.0,0.0,0.0,0.0,0.0,0.0,0.0,0.0,0.0,0.0,0.0,0.0,0.0,0.0,0.0,0.0,0.0,0.0,0.0,0.0,0.0,0.0,0.0,0.0,0.0,0.0,0.0,0.0,0.0,0.0,0.0,0.0,0.0,0.0,0.0,0.0,0.0,0.0,0.0,0.0,0.0,0.0,0.0,0.0,0.0,0.0,0.0,0.0,0.0,0.0,0.0,0.0,0.0,0.0,0.0,0.0,0.0,0.0,0.0,0.0,0.0,0.0,0.0,0.0,0.0,0.0,0.0,0.0,0.0,0.0,0.0,0.0,0.0,0.0,0.0,0.0,0.0,0.0,0.0,0.0,0.0,0.0,0.0,0.0,0.0,0.0,0.0,0.0,0.0,0.0,0.0,0.0,0.0,0.0,0.0,0.0,0.0,0.0,0.0,0.0,0.0,0.0,0.0,0.0,0.0,0.0,0.0,0.0,0.0,0.0,0.0,0.0,0.0,0.0,0.0,0.0,0.0,0.0,0.0,0.0,0.0,0.0,0.0,0.0,0.0,0.0,0.0,0.0,0.0,0.0,0.0,0.0,0.0,0.0,0.0,0.0,0.0,0.0,0.0,0.0,0.0,0.0,0.0,0.0,0.0,0.0,0.0,0.0,0.0,0.0,0.0,0.0,0.0,0.0,0.0,0.0,0.0,0.0,0.0,0.0,0.0,0.0,0.0,0.0,0.0,0.0,0.0,0.0,0.0,0.0,0.0,0.0,0.0,0.0,0.0,0.0,0.0,0.0,0.0,0.0,0.0,0.0,0.0,0.0,0.0,0.0,0.0,0.0,0.0,0.0,0.0,0.0,0.0,0.0,0.0,0.0,0.0,0.0,0.0,0.0,0.0,0.0,0.0,0.0,0.0,0.0,0.0,0.0,0.0,0.0,0.0,0.0,0.0,0.0,0.0,0.0,0.0,0.0,0.0,0.0,0.0,0.0,0.0,0.0,0.0,0.0,0.0,0.0,0.0,0.0,0.0,0.0,0.0,0.0,0.0,0.0,0.0,0.0,0.0,,,,,,,,,,,,,,,,,,,,
SRR12478836,0.625629513,0.005460834,0.021721983,0.001516898,0.0,0.000121352,0.0,0.0,0.0,0.011649779,0.0,0.0,6.07e-05,0.0,0.0,0.000121352,0.000121352,0.0,0.113706693,0.006370973,0.005036102,0.004429343,0.033189734,0.002669741,0.000910139,0.001152843,0.000182028,0.001395546,0.000424732,0.000121352,0.001213519,0.000182028,0.00685638,0.009465445,0.000910139,0.000242704,0.000364056,6.07e-05,0.000788787,0.000910139,6.07e-05,0.000121352,0.000546083,0.0,0.000121352,0.000242704,0.0,0.0,0.004854074,0.0,0.0,0.0244524,0.000606759,0.001152843,0.018748862,0.000242704,0.003033796,0.0,0.0,0.000242704,0.000849463,0.0,0.0,0.000788787,0.0,6.07e-05,0.003519204,0.001092167,0.001031491,0.000424732,0.0,0.000182028,0.000242704,6.07e-05,0.000121352,0.0,6.07e-05,0.0,0.0,0.0,0.000424732,0.0,0.000121352,0.000121352,0.0,0.0,0.0,0.004672047,6.07e-05,6.07e-05,0.000667435,0.002487713,0.001759602,0.000485407,0.000728111,0.00030338,0.000485407,0.000242704,0.00163825,0.001152843,0.0,0.000182028,0.000849463,6.07e-05,6.07e-05,0.0,0.00030338,0.0,6.07e-05,0.000182028,0.023299557,0.0,0.000121352,0.000121352,0.001152843,0.0,6.07e-05,0.0,0.0,0.0,6.07e-05,0.000546083,0.0,0.0,6.07e-05,0.0,6.07e-05,0.000121352,0.000121352,6.07e-05,6.07e-05,0.0,0.0,6.07e-05,0.000242704,0.0,0.000546083,0.000364056,0.0,0.0,0.001759602,0.0,6.07e-05,0.0,0.0,0.0,0.000485407,0.001395546,0.0,0.0,0.0,0.0,0.0,0.0,0.0,0.0,0.000121352,0.0,0.0,6.07e-05,0.0,0.0,0.0,6.07e-05,0.0,0.0,0.0,0.000242704,6.07e-05,0.0,0.0,0.0,0.0,0.0,0.0,0.0,0.000242704,0.0,0.000182028,0.0,0.0,6.07e-05,0.0,0.0,0.0,0.000910139,0.0,0.000121352,0.0,0.0,0.0,0.0,0.0,0.0,0.0,0.0,0.0,6.07e-05,0.0,0.0,0.0,0.0,0.0,0.0,0.0,0.0,0.0,0.000121352,0.0,0.000546083,6.07e-05,0.000121352,0.0,0.000121352,0.0,0.0,0.010557612,6.07e-05,0.0,0.000182028,0.000546083,0.0,0.000242704,0.0,0.0,0.004004611,0.000121352,0.0,0.000121352,0.000667435,0.000424732,0.000485407,0.0,0.0,0.0,0.0,0.0,0.0,0.0,0.0,0.0,6.07e-05,6.07e-05,0.000667435,0.0,0.0,0.0,6.07e-05,0.000182028,6.07e-05,0.0,0.0,0.0,0.0,0.0,0.0,0.0,0.000121352,0.0,0.0,0.0,0.0,0.0,0.0,0.0,0.0,0.0,0.0,6.07e-05,0.0,6.07e-05,0.0,0.0,0.0,0.0,0.0,0.0,6.07e-05,0.0,0.0,6.07e-05,0.0,0.0,0.0,0.0,6.07e-05,0.0,0.0,0.0,0.0,0.0,0.0,0.0,0.0,0.0,0.0,0.0,0.0,0.00133487,0.0,0.0,0.0,0.0,0.0,6.07e-05,6.07e-05,0.000121352,0.0,0.0,0.0,0.0,0.0,0.0,0.0,6.07e-05,0.006977732,0.000121352,6.07e-05,6.07e-05,6.07e-05,6.07e-05,6.07e-05,6.07e-05,6.07e-05,6.07e-05,6.07e-05,0.000121352,6.07e-05,6.07e-05,6.07e-05,6.07e-05,6.07e-05,0.000121352,6.07e-05,6.07e-05,0.000182028,6.07e-05,6.07e-05,0.0,0.0,0.0,0.0,0.0,0.0,0.0,0.0,0.0,0.0,0.0,0.0,0.0,0.0,0.0,0.0,0.0,0.0,0.0,0.0,0.0,0.0,0.0,0.0,0.0,0.0,0.0,0.0,0.0,0.0,0.0,0.0,0.0,0.0,0.0,0.0,0.0,0.0,0.0,0.0,0.0,0.0,0.0,0.0,0.0,0.0,0.0,0.0,0.0,0.0,0.0,0.0,0.0,0.0,0.0,0.0,0.0,0.0,0.0,0.0,0.0,0.0,0.0,0.0,0.0,0.0,0.0,0.0,0.0,0.0,0.0,0.0,0.0,0.0,0.0,0.0,0.0,0.0,0.0,0.0,0.0,0.0,0.0,0.0,0.0,0.0,0.0,0.0,0.0,0.0,0.0,0.0,0.0,0.0,0.0,0.0,0.0,0.0,0.0,0.0,0.0,0.0,0.0,0.0,0.0,0.0,0.0,0.0,0.0,0.0,0.0,0.0,0.0,0.0,0.0,0.0,0.0,0.0,0.0,0.0,0.0,0.0,0.0,0.0,0.0,0.0,0.0,0.0,0.0,0.0,0.0,0.0,0.0,0.0,0.0,0.0,0.0,0.0,0.0,0.0,0.0,0.0,0.0,0.0,0.0,0.0,0.0,0.0,0.0,0.0,0.0,0.0,0.0,0.0,0.0,0.0,0.0,0.0,0.0,0.0,0.0,0.0,0.0,0.0,0.0,0.0,0.0,0.0,0.0,0.0,0.0,0.0,0.0,0.0,0.0,0.0,0.0,0.0,0.0,0.0,0.0,0.0,0.0,0.0,0.0,0.0,0.0,0.0,0.0,0.0,0.0,0.0,0.0,0.0,0.0,0.0,0.0,0.0,0.0,0.0,0.0,0.0,0.0,0.0,0.0,0.0,0.0,0.0,0.0,0.0,0.0,0.0,0.0,0.0,0.0,0.0,0.0,0.0,0.0,0.0,0.0,0.0,0.0,0.0,0.0,0.0,0.0,0.0,0.0,0.0,0.0,0.0,0.0,0.0,0.0,0.0,0.0,0.0,0.0,0.0,0.0,0.0,0.0,0.0,0.0,0.0,0.0,0.0,0.0,0.0,0.0,0.0,0.0,0.0,0.0,0.0,0.0,0.0,0.0,0.0,0.0,0.0,0.0,0.0,0.0,0.0,0.0,0.0,0.0,0.0,0.0,0.0,0.0,0.0,0.0,0.0,0.0,0.0,0.0,0.0,0.0,0.0,0.0,0.0,0.0,0.0,0.0,0.0,0.0,0.0,0.0,0.0,0.0,0.0,0.0,0.0,0.0,0.0,0.0,0.0,0.0,0.0,0.0,0.0,0.0,0.0,0.0,0.0,0.0,0.0,0.0,0.0,0.0,0.0,0.0,0.0,0.0,0.0,0.0,0.0,0.0,,,,,,,,,,,,,,,,,,,,
SRR12478837,0.685289369,0.004060467,0.14876963,0.000293528,0.0,0.00039137,0.0,0.0,0.0,0.012083558,0.0,0.0,0.000195685,0.0,0.0,0.0,4.89e-05,0.0,0.092656915,0.0,0.000342449,0.000146764,9.78e-05,0.00190793,0.000244606,0.000440292,9.78e-05,0.000244606,0.000195685,9.78e-05,0.0,0.0,0.000978426,0.0,0.000440292,4.89e-05,0.0,4.89e-05,9.78e-05,4.89e-05,4.89e-05,0.0,0.0,0.0,0.0,0.0,0.0,0.0,0.0,0.0,0.0,0.0,0.0,0.000489213,0.010175627,0.000146764,0.000195685,9.78e-05,0.0,0.0,4.89e-05,0.0,0.0,0.000538134,0.0,4.89e-05,0.0,0.0,9.78e-05,0.0,0.0,0.0,4.89e-05,0.000146764,0.0,0.0,0.0,0.0,0.0,0.0,9.78e-05,0.0,0.0,0.0,0.0,0.0,0.0,0.001956851,0.000146764,0.0,0.0,9.78e-05,0.00039137,0.000195685,0.000195685,9.78e-05,0.0,9.78e-05,0.0,4.89e-05,0.0,4.89e-05,0.0,0.0,0.0,0.0,0.0,0.0,0.0,0.0,0.000684898,0.0,0.0,0.0,0.002984198,0.0,0.0,0.0,0.0,0.000146764,0.0,0.0,0.0,0.0,0.0,0.0,0.0,0.0,4.89e-05,0.0,0.0,0.0,0.0,0.0,0.0,4.89e-05,0.000195685,0.0,0.0,0.0,0.0,0.0,0.0,0.0,0.0,0.0,0.0,0.0,0.0,0.0,0.0,0.0,0.0,0.0,0.0,0.0,0.0,0.0,0.0,4.89e-05,0.0,0.0,0.0,0.0,0.0,0.0,0.0,0.0,0.000342449,0.0,0.0,0.0,0.0,0.0,0.0,0.0,0.0,0.0,0.000195685,0.0,0.0,0.0,0.0,0.0,0.0,0.029890906,0.0,0.0,0.0,0.0,0.0,0.0,0.0,0.0,0.0,0.0,0.0,0.0,0.0,0.0,0.0,0.0,0.0,0.0,0.0,0.0,0.0,0.0,0.0,4.89e-05,0.0,0.000195685,0.0,0.0,0.0,0.0,0.0,0.0,0.0,0.0,0.0,0.0,0.0,0.0,0.0,0.0,0.0,0.0,4.89e-05,0.0,0.0,0.0,0.0,0.0,0.0,0.0,0.0,0.0,0.0,0.0,0.0,0.0,0.0,0.0,0.0,0.0,0.0,0.0,0.0,0.0,0.0,0.0,0.0,0.0,0.0,0.0,0.0,0.0,0.0,0.0,0.0,0.0,0.0,0.0,0.0,0.0,0.0,0.0,0.0,0.0,0.0,0.0,0.0,0.0,0.0,0.0,0.0,0.0,0.0,0.0,4.89e-05,0.0,0.0,0.0,0.0,0.0,0.0,0.0,0.0,0.0,0.0,0.0,0.0,0.0,0.0,0.0,0.0,0.0,0.0,0.0,0.0,0.0,0.0,0.0,0.0,0.0,0.0,0.0,0.0,0.0,0.0,0.0,0.0,0.0,0.0,0.0,0.0,0.0,0.0,0.0,0.0,0.0,0.0,0.0,0.0,0.0,0.0,0.0,0.0,0.0,0.0,0.0,0.0,0.0,0.0,0.0,0.0,0.0,4.89e-05,4.89e-05,4.89e-05,4.89e-05,9.78e-05,4.89e-05,0.0,0.0,0.0,0.0,0.0,0.0,0.0,0.0,0.0,0.0,0.0,0.0,0.0,0.0,0.0,0.0,0.0,0.0,0.0,0.0,0.0,0.0,0.0,0.0,0.0,0.0,0.0,0.0,0.0,0.0,0.0,0.0,0.0,0.0,0.0,0.0,0.0,0.0,0.0,0.0,0.0,0.0,0.0,0.0,0.0,0.0,0.0,0.0,0.0,0.0,0.0,0.0,0.0,0.0,0.0,0.0,0.0,0.0,0.0,0.0,0.0,0.0,0.0,0.0,0.0,0.0,0.0,0.0,0.0,0.0,0.0,0.0,0.0,0.0,0.0,0.0,0.0,0.0,0.0,0.0,0.0,0.0,0.0,0.0,0.0,0.0,0.0,0.0,0.0,0.0,0.0,0.0,0.0,0.0,0.0,0.0,0.0,0.0,0.0,0.0,0.0,0.0,0.0,0.0,0.0,0.0,0.0,0.0,0.0,0.0,0.0,0.0,0.0,0.0,0.0,0.0,0.0,0.0,0.0,0.0,0.0,0.0,0.0,0.0,0.0,0.0,0.0,0.0,0.0,0.0,0.0,0.0,0.0,0.0,0.0,0.0,0.0,0.0,0.0,0.0,0.0,0.0,0.0,0.0,0.0,0.0,0.0,0.0,0.0,0.0,0.0,0.0,0.0,0.0,0.0,0.0,0.0,0.0,0.0,0.0,0.0,0.0,0.0,0.0,0.0,0.0,0.0,0.0,0.0,0.0,0.0,0.0,0.0,0.0,0.0,0.0,0.0,0.0,0.0,0.0,0.0,0.0,0.0,0.0,0.0,0.0,0.0,0.0,0.0,0.0,0.0,0.0,0.0,0.0,0.0,0.0,0.0,0.0,0.0,0.0,0.0,0.0,0.0,0.0,0.0,0.0,0.0,0.0,0.0,0.0,0.0,0.0,0.0,0.0,0.0,0.0,0.0,0.0,0.0,0.0,0.0,0.0,0.0,0.0,0.0,0.0,0.0,0.0,0.0,0.0,0.0,0.0,0.0,0.0,0.0,0.0,0.0,0.0,0.0,0.0,0.0,0.0,0.0,0.0,0.0,0.0,0.0,0.0,0.0,0.0,0.0,0.0,0.0,0.0,0.0,0.0,0.0,0.0,0.0,0.0,0.0,0.0,0.0,0.0,0.0,0.0,0.0,0.0,0.0,0.0,0.0,0.0,0.0,0.0,0.0,0.0,0.0,0.0,0.0,0.0,0.0,0.0,0.0,0.0,0.0,0.0,0.0,0.0,0.0,0.0,0.0,0.0,0.0,0.0,0.0,0.0,0.0,0.0,0.0,0.0,0.0,0.0,0.0,0.0,0.0,0.0,0.0,0.0,0.0,0.0,0.0,0.0,0.0,0.0,0.0,,,,,,,,,,,,,,,,,,,,
SRR12478840,0.002913811,0.117578888,0.622793947,0.011059236,0.0,0.0,0.00824476,9.93e-05,3.31e-05,0.0,0.0,0.0,0.000165557,0.0,6.62e-05,0.0,0.0,0.0,0.213370418,6.62e-05,9.93e-05,0.000761564,0.000165557,0.000132446,0.000132446,0.0,3.31e-05,0.0,0.0,6.62e-05,9.93e-05,0.0,0.00023178,3.31e-05,3.31e-05,3.31e-05,0.0,0.0,0.0,0.0,0.0,0.0,3.31e-05,0.0,6.62e-05,0.0,0.0,0.0,0.0,0.0,0.0,9.93e-05,6.62e-05,6.62e-05,9.93e-05,6.62e-05,0.000264892,0.0,0.0,0.0,0.0,0.0,0.0,0.0,0.0,0.0,0.0,0.0,0.0,0.0,0.0,0.0,0.0,0.0,0.0,0.0,3.31e-05,0.0,0.0,0.0,0.00155624,0.0,3.31e-05,0.0,0.0,0.0,0.0,0.007052747,0.000132446,0.0,6.62e-05,0.000496672,0.000264892,0.001158902,0.000198669,0.000463561,0.000298003,0.000562895,0.000927122,0.000993345,0.0,0.000132446,0.000264892,6.62e-05,0.0,0.0,0.0,0.0,0.0,0.0,0.0,0.0,0.0,6.62e-05,3.31e-05,0.0,0.000331115,0.0,0.0,0.0,0.0,0.0,0.0,0.0,3.31e-05,0.0,0.0,0.0,0.0,0.0,3.31e-05,0.0,0.0,0.0,0.0,0.0,3.31e-05,0.000132446,0.0,0.0,0.0,3.31e-05,0.0,0.000165557,0.0,0.0,3.31e-05,6.62e-05,0.0,0.0,0.0,0.0,0.0,0.0,0.0,0.0,0.0,0.0,0.0,0.0,0.0,0.0,0.0,3.31e-05,0.0,0.0,0.0,6.62e-05,3.31e-05,0.0,0.0,0.0,0.0,0.0,0.0,0.0,0.0,0.0,0.0,0.0,0.0,0.0,0.0,0.0,0.0,0.00245025,0.0,0.0,0.0,0.0,0.0,0.0,0.0,0.0,0.0,9.93e-05,3.31e-05,0.0,0.0,0.0,0.0,0.0,0.0,0.0,3.31e-05,0.0,0.0,0.0,0.0,0.0,0.0,0.0,6.62e-05,0.0,0.0,3.31e-05,0.0,0.0,0.0,0.0,3.31e-05,0.0,3.31e-05,0.0,0.0,0.0,3.31e-05,0.0,3.31e-05,0.0,0.0,6.62e-05,0.0,0.0,0.0,0.0,0.0,0.0,0.0,0.0,0.0,0.0,0.0,0.0,0.0,0.0,0.0,0.0,0.0,0.0,0.0,6.62e-05,0.0,0.0,0.0,0.0,0.0,0.0,0.0,0.0,0.0,0.0,0.0,0.0,0.0,0.0,0.0,0.0,0.0,0.0,0.0,0.0,0.0,0.0,0.000198669,0.0,0.0,0.001490017,3.31e-05,0.0,6.62e-05,0.0,0.0,0.0,0.0,0.0,0.0,0.0,0.0,0.0,0.0,0.000132446,0.0,0.0,3.31e-05,0.0,0.0,0.0,0.0,0.0,0.0,0.0,0.0,0.0,0.0,0.0,0.0,0.0,0.0,3.31e-05,0.0,0.0,0.0,0.0,0.0,0.0,0.0,0.0,0.0,0.0,0.0,0.0,0.0,0.0,0.0,0.0,0.0,0.0,0.0,0.0,0.0,0.0,0.0,0.0,0.0,0.0,0.0,0.0,0.0,0.0,0.0,0.0,0.0,0.0,0.0,0.0,0.0,0.0,0.0,0.0,0.0,0.0,0.0,0.0,0.0,0.0,0.0,0.0,0.0,0.0,0.0,0.0,3.31e-05,3.31e-05,3.31e-05,3.31e-05,3.31e-05,3.31e-05,3.31e-05,3.31e-05,0.0,0.0,0.0,0.0,0.0,0.0,0.0,0.0,0.0,0.0,0.0,0.0,0.0,0.0,0.0,0.0,0.0,0.0,0.0,0.0,0.0,0.0,0.0,0.0,0.0,0.0,0.0,0.0,0.0,0.0,0.0,0.0,0.0,0.0,0.0,0.0,0.0,0.0,0.0,0.0,0.0,0.0,0.0,0.0,0.0,0.0,0.0,0.0,0.0,0.0,0.0,0.0,0.0,0.0,0.0,0.0,0.0,0.0,0.0,0.0,0.0,0.0,0.0,0.0,0.0,0.0,0.0,0.0,0.0,0.0,0.0,0.0,0.0,0.0,0.0,0.0,0.0,0.0,0.0,0.0,0.0,0.0,0.0,0.0,0.0,0.0,0.0,0.0,0.0,0.0,0.0,0.0,0.0,0.0,0.0,0.0,0.0,0.0,0.0,0.0,0.0,0.0,0.0,0.0,0.0,0.0,0.0,0.0,0.0,0.0,0.0,0.0,0.0,0.0,0.0,0.0,0.0,0.0,0.0,0.0,0.0,0.0,0.0,0.0,0.0,0.0,0.0,0.0,0.0,0.0,0.0,0.0,0.0,0.0,0.0,0.0,0.0,0.0,0.0,0.0,0.0,0.0,0.0,0.0,0.0,0.0,0.0,0.0,0.0,0.0,0.0,0.0,0.0,0.0,0.0,0.0,0.0,0.0,0.0,0.0,0.0,0.0,0.0,0.0,0.0,0.0,0.0,0.0,0.0,0.0,0.0,0.0,0.0,0.0,0.0,0.0,0.0,0.0,0.0,0.0,0.0,0.0,0.0,0.0,0.0,0.0,0.0,0.0,0.0,0.0,0.0,0.0,0.0,0.0,0.0,0.0,0.0,0.0,0.0,0.0,0.0,0.0,0.0,0.0,0.0,0.0,0.0,0.0,0.0,0.0,0.0,0.0,0.0,0.0,0.0,0.0,0.0,0.0,0.0,0.0,0.0,0.0,0.0,0.0,0.0,0.0,0.0,0.0,0.0,0.0,0.0,0.0,0.0,0.0,0.0,0.0,0.0,0.0,0.0,0.0,0.0,0.0,0.0,0.0,0.0,0.0,0.0,0.0,0.0,0.0,0.0,0.0,0.0,0.0,0.0,0.0,0.0,0.0,0.0,0.0,0.0,0.0,0.0,0.0,0.0,0.0,0.0,0.0,0.0,0.0,0.0,0.0,0.0,0.0,0.0,0.0,0.0,0.0,0.0,0.0,0.0,0.0,0.0,0.0,0.0,0.0,0.0,0.0,0.0,,,,,,,,,,,,,,,,,,,,
SRR12478842,0.769419834,0.000171478,0.01200343,0.000171478,0.0,0.0,0.000114318,0.0,0.0,0.002629323,0.0,0.0,0.000114318,0.0,0.0,0.0,0.000114318,0.0,0.067447842,0.005773078,0.004572735,0.007373535,0.014918548,0.002057731,0.003658188,0.003315233,0.000342955,0.00068591,0.000400114,0.000342955,0.000285796,0.000114318,0.015432981,0.0028008,0.001714776,0.000228637,0.000743069,5.72e-05,0.000400114,0.000400114,0.000342955,0.000228637,0.0,0.0,0.000342955,0.0,0.0,0.0,0.002629323,0.0,0.0,0.04292655,0.000114318,5.72e-05,0.001657616,0.002515004,0.002629323,0.000800229,0.0,5.72e-05,0.000114318,5.72e-05,0.0,0.000285796,0.000285796,5.72e-05,0.000628751,0.001486139,0.000743069,0.0,0.0,0.000228637,5.72e-05,5.72e-05,0.000228637,0.0,0.000171478,5.72e-05,5.72e-05,5.72e-05,0.000171478,0.0,0.0,0.0,5.72e-05,0.000114318,0.0,0.00068591,5.72e-05,0.0,0.0,0.000114318,0.000171478,0.0,0.000228637,0.0,0.0,0.0,5.72e-05,0.0,0.0,0.0,0.000114318,5.72e-05,0.0,0.0,0.0,0.0,5.72e-05,5.72e-05,0.000514433,0.0,5.72e-05,5.72e-05,0.000114318,0.0,0.0,0.0,0.0,5.72e-05,5.72e-05,0.000114318,0.0,0.0,0.0,5.72e-05,5.72e-05,0.0,0.0,0.0,0.0,5.72e-05,0.0,0.0,0.0,5.72e-05,0.000400114,0.000171478,5.72e-05,0.0,0.005773078,0.000114318,0.000114318,0.0,0.0,0.0,0.0,0.0,0.0,0.0,0.0,0.0,0.0,5.72e-05,0.0,0.0,0.0,0.0,0.0,0.0,0.0,0.0,0.0,5.72e-05,0.0,0.0,0.0,0.00142898,0.001200343,0.0,0.0,5.72e-05,0.0,0.0,0.0,0.0,0.0,0.0,0.0,0.0,0.0,5.72e-05,0.0,0.0,0.0,0.000114318,0.0,5.72e-05,0.000228637,0.0,0.0,0.0,0.0,0.0,0.0,0.0,0.0,5.72e-05,0.0,0.0,0.0,5.72e-05,5.72e-05,0.0,0.0,0.0,0.0,0.0,0.0,0.0,0.0,0.0,0.0,0.0,0.0,0.0,0.000914547,0.0,0.0,0.0,5.72e-05,0.0,5.72e-05,0.0,0.0,0.000743069,0.0,0.0,5.72e-05,5.72e-05,5.72e-05,0.0,0.0,0.0,0.0,0.0,0.0,0.0,0.0,0.0,0.0,0.0,0.0,0.0,0.0,0.0,0.0,5.72e-05,0.0,0.0,0.0,0.0,0.005715919,0.0,0.0,0.0,0.0,0.0,0.0,0.0,0.0,0.0,0.0,0.0,0.0,0.0,0.0,0.0,0.0,0.0,0.0,0.0,0.001714776,5.72e-05,0.0,0.0,0.0,0.0,0.0,0.0,5.72e-05,0.0,0.0,0.0,0.0,0.0,0.0,0.0,0.0,0.0,0.0,0.0,0.0,0.0,0.0,0.0,0.0,0.0,0.0,0.0,0.0,0.0,0.0,0.0,0.0,0.0,0.0,0.0,0.0,5.72e-05,0.0,0.0,0.0,0.0,0.0,0.0,0.0,0.0,0.0,0.0,0.0,0.0,0.0,0.0,0.0,0.0,0.0,0.0,0.0,5.72e-05,0.0,0.0,0.0,0.0,0.0,0.0,0.0,0.0,0.0,0.0,0.0,0.0,0.0,0.0,0.0,0.0,0.0,0.0,0.0,0.0,0.0,0.0,0.0,0.0,0.0,0.0,0.0,0.0,0.0,0.0,0.0,0.0,5.72e-05,0.0,0.0,0.0,0.0,0.0,0.0,0.0,0.0,0.0,0.0,0.0,0.0,0.0,0.0,0.0,0.0,0.0,0.0,0.0,0.0,0.0,0.0,0.0,0.0,0.0,0.0,0.0,0.0,0.0,0.0,0.0,0.0,0.0,0.0,0.0,0.0,0.0,0.0,0.0,0.0,0.0,0.0,0.0,0.0,0.0,0.0,0.0,0.0,0.0,0.000114318,5.72e-05,0.0,0.0,0.0,0.0,0.0,0.0,0.0,0.0,0.0,0.0,0.0,0.0,0.0,0.0,0.0,0.0,0.0,0.0,0.0,0.0,0.0,0.0,0.0,0.0,0.0,0.0,0.0,0.0,0.0,0.0,0.0,0.0,0.0,0.0,0.0,0.0,0.0,0.0,0.0,0.0,0.0,0.0,0.0,0.0,0.0,0.0,0.0,0.0,0.0,5.72e-05,0.000114318,5.72e-05,0.0,0.0,0.0,0.0,0.0,0.0,0.0,0.0,0.0,0.0,0.0,0.0,0.0,0.0,0.0,0.0,0.0,0.0,0.0,0.0,0.0,0.0,0.0,0.0,0.0,0.0,0.0,0.0,0.0,0.0,0.0,0.0,0.0,0.0,0.0,0.0,0.0,0.0,0.0,0.0,0.0,0.0,0.0,0.0,0.0,0.0,0.0,0.0,0.0,0.0,0.0,0.0,0.0,0.0,0.0,0.0,0.0,0.0,0.0,0.0,0.0,0.0,0.0,0.0,0.0,0.0,0.0,0.0,0.0,0.0,0.0,0.0,0.0,0.0,0.0,0.0,0.0,0.0,0.0,0.0,0.0,0.0,0.0,0.0,0.0,0.0,0.0,0.0,0.0,0.0,0.0,0.0,0.0,0.0,0.0,0.0,0.0,0.0,0.0,0.0,0.0,0.0,0.0,0.0,0.0,0.0,0.0,0.0,0.0,0.0,0.0,0.0,0.0,0.0,0.0,0.0,0.0,0.0,0.0,0.0,0.0,0.0,0.0,0.0,0.0,0.0,0.0,0.0,0.0,0.0,0.0,0.0,0.0,0.0,0.0,0.0,0.0,0.0,0.0,0.0,0.0,0.0,0.0,0.0,0.0,0.0,0.0,0.0,0.0,0.0,0.0,0.0,0.0,0.0,0.0,0.0,0.0,0.0,0.0,0.0,0.0,0.0,0.0,0.0,0.0,0.0,0.0,0.0,0.0,0.0,0.0,0.0,0.0,0.0,0.0,0.0,0.0,0.0,0.0,0.0,0.0,0.0,0.0,0.0,0.0,0.0,0.0,0.0,0.0,0.0,0.0,0.0,0.0,,,,,,,,,,,,,,,,,,,,
SRR12478843,0.750283661,0.001071609,0.047970247,0.00195411,0.0,9.46e-05,0.00015759,0.0,0.0,0.010873676,0.0,0.0,0.0,0.0,0.0,3.15e-05,3.15e-05,0.000220625,0.064643217,0.000220625,0.002679022,0.003120272,0.010148764,0.00570474,0.005893848,0.002300807,0.000567322,0.000945537,0.000220625,0.000189107,0.000661876,9.46e-05,0.019509581,0.00255295,0.000882501,9.46e-05,3.15e-05,0.000189107,0.000252143,0.000283661,6.3e-05,0.0,0.00059884,0.0,3.15e-05,3.15e-05,0.0,0.0,0.002615986,0.000346697,0.0,0.00015759,0.004254917,0.000882501,0.022377711,0.00255295,0.000378215,3.15e-05,0.0,0.0,0.0,9.46e-05,0.0,0.00015759,0.000252143,9.46e-05,0.000977055,0.0,0.001386788,9.46e-05,0.0,6.3e-05,3.15e-05,0.0,0.000252143,0.0,0.000914019,0.0,0.0,3.15e-05,9.46e-05,3.15e-05,0.0,0.0,0.0,3.15e-05,0.0,0.000630358,3.15e-05,3.15e-05,6.3e-05,0.000819465,3.15e-05,3.15e-05,0.000220625,3.15e-05,6.3e-05,0.0,0.00015759,9.46e-05,0.0,3.15e-05,6.3e-05,0.0,0.0,0.0,3.15e-05,0.0,0.0,0.0,0.001575895,0.0,0.0,0.0,0.001638931,0.0,0.000724912,0.0,0.0,0.0,0.002742057,0.002080182,0.0,6.3e-05,0.0,3.15e-05,0.0,0.0,0.0,0.000189107,3.15e-05,0.0,0.0,0.0,3.15e-05,0.0,6.3e-05,0.000126072,0.0,6.3e-05,0.00135527,0.0,3.15e-05,0.0,0.0,0.0,0.0,0.000409733,3.15e-05,0.0,0.0,0.0,0.0,0.0,0.0,0.0,3.15e-05,0.0,0.0,3.15e-05,0.0,0.0,0.0,3.15e-05,0.0,0.0,0.0,0.0,6.3e-05,0.0,0.0,0.0,9.46e-05,0.0,0.0,0.0,3.15e-05,0.0,3.15e-05,0.0,3.15e-05,0.0,0.0,0.0,0.0,0.000315179,0.000189107,0.000315179,0.000283661,0.0,0.0,0.0,0.0,0.0,0.0,0.0,3.15e-05,0.0,0.0,0.0,0.0,0.0,3.15e-05,3.15e-05,6.3e-05,6.3e-05,0.0,0.0,0.0,3.15e-05,0.0,6.3e-05,0.0,0.0,0.0,0.0,0.002332325,0.0,0.0,3.15e-05,9.46e-05,0.0,0.000126072,0.0,0.0,0.0,0.0,0.0,0.0,6.3e-05,3.15e-05,6.3e-05,0.0,0.0,0.0,0.0,0.0,0.0,3.15e-05,0.0,0.0,0.0,0.0,6.3e-05,0.0,0.0,0.0,0.0,0.0,6.3e-05,0.0,3.15e-05,0.0,0.0,0.0,0.0,0.0,0.0,0.0,0.0,0.0,0.0,0.0,0.0,0.0,0.0,0.0,0.0,0.0,0.0,0.0,3.15e-05,0.004223399,0.0,0.0,0.0,0.0,0.000819465,0.0,0.0,3.15e-05,0.0,0.0,0.0,0.0,0.0,0.0,0.0,0.0,0.0,0.0,0.0,0.0,0.0,0.0,9.46e-05,0.0,0.0,0.0,0.0,0.0,0.0,0.0,0.0,0.0,0.0,0.0,0.0,3.15e-05,3.15e-05,0.0,0.0,0.0,0.0,0.0,0.0,0.0,0.0,0.0,0.0,0.0,0.0,0.0,0.0,0.0,0.0,0.0,0.0,3.15e-05,0.0,0.0,0.0,0.0,0.0,0.0,0.0,0.0,0.0,0.0,0.0,0.0,0.0,0.0,0.0,0.0,0.0,0.0,0.0,0.0,0.0,0.0,0.0,0.0,0.0,0.0,9.46e-05,0.0,0.0,0.0,0.0,0.0,0.0,0.0,0.0,0.0,0.0,0.0,0.0,0.0,0.0,0.0,0.0,0.0,0.0,0.0,0.0,0.0,0.0,0.0,0.0,0.0,0.0,0.0,0.0,0.0,0.0,0.0,0.0,0.0,0.0,0.0,0.0,0.0,0.0,0.0,0.0,0.0,0.0,0.0,0.0,0.0,0.0,0.0,0.0,0.0,0.0,0.0,0.0,0.0,0.0,0.0,0.0,0.0,0.0,0.0,0.0,0.0,3.15e-05,0.0,0.0,0.0,0.0,0.0,0.0,0.0,0.0,0.0,0.0,0.0,0.0,0.0,0.0,0.0,0.0,0.0,0.0,0.0,0.0,0.0,0.0,0.0,0.0,0.0,0.0,0.0,0.0,0.0,0.0,0.0,0.0,0.0,0.0,0.0,0.0,0.0,0.0,0.0,0.0,0.0,0.0,0.0,0.0,0.0,0.0,0.0,0.0,0.003624559,3.15e-05,0.0,0.0,0.0,0.0,0.0,0.0,0.0,0.0,0.0,0.0,0.0,0.0,0.0,0.0,0.0,0.0,0.0,0.0,0.0,0.0,0.0,0.0,0.0,0.0,0.0,0.0,0.0,0.0,0.0,0.0,0.0,0.0,0.0,0.0,0.0,0.0,0.0,0.0,0.0,0.0,0.0,0.0,0.0,0.0,0.0,0.0,0.0,0.0,0.0,0.0,0.0,0.0,0.0,0.0,0.0,0.0,0.0,0.0,0.0,0.0,0.0,0.0,0.0,0.0,0.0,0.0,0.0,0.0,0.0,0.0,0.0,0.0,0.0,0.0,0.0,0.0,0.0,0.0,0.0,0.0,0.0,0.0,0.0,0.0,0.0,0.0,0.0,0.0,0.0,0.0,0.0,0.0,0.0,0.0,0.0,0.0,0.0,0.0,0.0,0.0,0.0,0.0,0.0,0.0,0.0,0.0,0.0,0.0,0.0,0.0,0.0,0.0,0.0,0.0,0.0,0.0,0.0,0.0,0.0,0.0,0.0,0.0,0.0,0.0,0.0,0.0,0.0,0.0,0.0,0.0,0.0,0.0,0.0,0.0,0.0,0.0,0.0,0.0,0.0,0.0,0.0,0.0,0.0,0.0,0.0,0.0,0.0,0.0,0.0,0.0,0.0,0.0,0.0,0.0,0.0,0.0,0.0,0.0,0.0,0.0,0.0,0.0,0.0,0.0,0.0,0.0,0.0,0.0,0.0,0.0,0.0,0.0,0.0,0.0,0.0,0.0,0.0,0.0,0.0,0.0,0.0,0.0,0.0,0.0,0.0,0.0,0.0,0.0,0.0,0.0,0.0,,,,,,,,,,,,,,,,,,,,
SRR12478848,0.547576024,0.002013527,0.112086324,0.016340544,0.0,0.000206516,0.008905984,2.58e-05,2.58e-05,0.014998193,0.0,0.0,2.58e-05,0.0,0.0,0.000129072,5.16e-05,2.58e-05,0.134338376,0.000103258,0.033971811,0.007176416,0.011616501,0.011693944,0.004982188,0.002168413,0.001600496,0.00092932,0.000567918,0.000309773,0.000180701,7.74e-05,0.01561774,0.003820538,0.002917032,0.000335588,0.0,0.0,0.001006763,0.000361402,0.000309773,0.002865403,0.000103258,2.58e-05,7.74e-05,0.0,0.0,5.16e-05,7.74e-05,0.0,0.0,0.022071351,0.000103258,0.001239093,0.004078682,0.000490474,0.00487893,0.000129072,7.74e-05,0.0,0.000206516,2.58e-05,2.58e-05,0.000361402,2.58e-05,0.000129072,0.0,0.000774433,0.0,0.0,0.0,2.58e-05,2.58e-05,2.58e-05,0.0,0.0,0.003794724,0.0,0.0,0.000129072,2.58e-05,0.0,7.74e-05,0.0,0.0,7.74e-05,0.0,0.000877691,5.16e-05,0.000361402,0.0,0.000826062,0.000903506,7.74e-05,0.00046466,2.58e-05,7.74e-05,0.000129072,0.0,0.000180701,5.16e-05,0.0,0.000129072,0.0,0.0,0.0,5.16e-05,0.0,5.16e-05,0.0,0.000800248,0.0,2.58e-05,0.0,2.58e-05,0.0,0.002349115,2.58e-05,0.0,0.0,2.58e-05,0.000851877,0.0,0.0,2.58e-05,2.58e-05,0.0,2.58e-05,0.0,7.74e-05,0.0,2.58e-05,0.0,0.0,0.0,0.0,7.74e-05,0.000800248,0.0,0.0,0.000387217,0.0,0.0,0.0,0.0,0.0,2.58e-05,0.0,0.0,0.0,0.0,5.16e-05,0.0,0.000748619,0.0,0.0,0.0,0.0,0.0,0.0,0.0,0.0,0.0,0.000129072,0.0,0.0,0.0,0.000671176,2.58e-05,2.58e-05,0.0,0.0,0.0,0.0,0.0,0.0,0.0,0.0,0.0,0.0,0.0,0.0,0.0,0.0,0.0,0.005627549,0.0,5.16e-05,0.0,0.0,0.0,0.0,0.0,0.0,0.0,7.74e-05,0.000103258,0.0,0.0,0.0,0.0,0.0,0.0,0.0,0.0,0.0,0.0,0.000103258,0.0,0.0,0.0,5.16e-05,0.0,5.16e-05,5.16e-05,0.0,0.0,0.0,0.0,0.0,0.0,0.0,2.58e-05,0.0,0.0,0.0,2.58e-05,0.0,0.0,0.0,2.58e-05,0.0,2.58e-05,0.0,0.0,0.000103258,0.0,0.000129072,0.0,0.0,0.0,0.0,0.0,0.0,0.0,0.0,0.0,7.74e-05,0.0,2.58e-05,0.0,0.000103258,0.0,0.0,0.0,0.0,0.0,0.0,2.58e-05,0.0,0.0,0.0,0.0,0.0,0.0,0.0,0.0,0.0,5.16e-05,0.0,0.0,0.0,0.0,0.0,0.0,0.0,0.0,0.002039341,2.58e-05,0.0,7.74e-05,0.0,0.0,0.0,0.0,0.0,0.0,0.0,0.0,0.0,0.0,2.58e-05,0.0,0.0,0.0,0.0,0.0,0.0,0.000490474,0.0,0.0,0.0,0.0,0.0,0.0,0.0,0.0,0.0,0.0,0.0,0.0,0.0,0.0,0.0,0.0,0.0,0.0,0.0,0.0,0.0,0.0,2.58e-05,0.0,0.0,0.0,0.0,0.0,0.0,0.0,0.0,0.0,0.000103258,0.0,0.0,0.0,0.0,2.58e-05,0.0,0.0,0.0,0.0,0.0,0.0,0.0,0.0,2.58e-05,0.0,0.0,0.0,0.0,0.0,2.58e-05,0.0,0.0,0.0,0.0,0.0,0.0,0.0,0.0,0.0,0.0,0.0,0.0,0.0,0.0,0.0,0.0,0.0,0.0,0.0,0.0,0.0,0.0,0.0,0.0,0.0,0.0,0.0,0.0,0.0,0.0,0.0,0.0,0.0,0.0,0.0,0.0,0.0,0.0,0.0,0.0,0.0,0.0,0.0,0.0,0.0,0.0,0.0,0.0,0.0,0.0,0.0,0.0,0.0,0.0,0.0,0.0,0.0,0.0,0.0,0.0,0.0,0.0,0.0,0.0,0.0,0.0,0.0,0.0,0.0,0.0,0.0,0.0,0.0,0.0,0.0,0.0,0.0,0.0,0.0,0.0,0.0,0.0,2.58e-05,0.0,0.0,0.0,0.0,0.0,0.0,0.0,0.0,0.0,0.0,0.0,0.0,0.0,0.0,0.0,0.0,0.0,0.0,0.0,0.0,0.0,0.0,0.0,0.0,0.0,2.58e-05,0.0,0.0,0.0,0.0,0.0,5.16e-05,0.0,0.0,0.0,0.0,0.0,0.0,0.0,0.0,0.0,0.0,0.0,0.0,0.0,0.0,0.0,0.0,2.58e-05,0.0,0.0,2.58e-05,2.58e-05,2.58e-05,5.16e-05,5.16e-05,2.58e-05,5.16e-05,2.58e-05,0.0,0.0,0.0,0.0,0.0,0.0,0.0,0.0,0.0,0.0,0.0,0.0,0.0,0.0,0.0,0.0,0.0,0.0,0.0,0.0,0.0,0.0,0.0,0.0,0.0,0.0,0.0,0.0,0.0,0.0,0.0,0.0,0.0,0.0,0.0,0.0,0.0,0.0,0.0,0.0,0.0,0.0,0.0,0.0,0.0,0.0,0.0,0.0,0.0,0.0,0.0,0.0,0.0,0.0,0.0,0.0,0.0,0.0,0.0,0.0,0.0,0.0,0.0,0.0,0.0,0.0,0.0,0.0,0.0,0.0,0.0,0.0,0.0,0.0,0.0,0.0,0.0,0.0,0.0,0.0,0.0,0.0,0.0,0.0,0.0,0.0,0.0,0.0,0.0,0.0,0.0,0.0,0.0,0.0,0.0,0.0,0.0,0.0,0.0,0.0,0.0,0.0,0.0,0.0,0.0,0.0,0.0,0.0,0.0,0.0,0.0,0.0,0.0,0.0,0.0,0.0,0.0,0.0,0.0,0.0,0.0,0.0,0.0,0.0,0.0,0.0,0.0,0.0,0.0,0.0,0.0,0.0,0.0,0.0,0.0,0.0,0.0,0.0,0.0,0.0,0.0,0.0,0.0,0.0,0.0,0.0,0.0,0.0,0.0,0.0,0.0,0.0,0.0,0.0,0.0,0.0,0.0,0.0,0.0,0.0,0.0,0.0,0.0,0.0,0.0,,,,,,,,,,,,,,,,,,,,
SRR12478851,0.508826262,0.00827726,0.270306033,0.000281539,0.0,0.000591233,5.63e-05,0.0,0.0,0.000112616,0.0,0.0,2.82e-05,0.0,0.0,0.000168924,2.82e-05,0.0,0.05794082,0.0,0.016779752,0.00335032,0.002956164,0.007967567,0.000394155,0.00014077,8.45e-05,0.000957234,2.82e-05,5.63e-05,0.000112616,2.82e-05,0.002308624,0.000422309,0.000366001,0.0,0.0,2.82e-05,0.000112616,2.82e-05,0.0,0.0,0.000112616,0.0,0.0,0.0,0.0,0.0,0.0,0.0,0.0,5.63e-05,0.0,2.82e-05,0.003631859,0.000478617,0.00014077,2.82e-05,0.0,2.82e-05,2.82e-05,2.82e-05,0.0,5.63e-05,0.0,0.0,0.0,0.000112616,0.000450463,0.0,0.0,0.0,0.0,0.0,0.0,0.0,0.0,2.82e-05,0.0,0.0,2.82e-05,0.0,2.82e-05,0.0,0.0,2.82e-05,0.0,0.001154312,2.82e-05,2.82e-05,0.0,2.82e-05,0.000225232,8.45e-05,2.82e-05,5.63e-05,2.82e-05,0.0,0.0,8.45e-05,0.0,5.63e-05,8.45e-05,0.0,0.0,0.0,0.0,0.0,0.0,0.0,0.0,0.0,0.0,0.0,2.82e-05,0.0,2.82e-05,0.0,0.0,0.0,0.0,0.005264788,0.0,0.0,0.0,0.0,0.0,0.000112616,0.0,0.0,5.63e-05,0.0,0.0,0.0,0.0,5.63e-05,5.63e-05,5.63e-05,0.0,0.0,0.0,0.0,2.82e-05,0.0,0.0,0.0,5.63e-05,0.0,0.0,0.000450463,0.0,0.0,0.0,5.63e-05,0.0,0.0,0.0,0.0,0.0,0.0,0.0,0.0,0.0,0.0,0.0,0.0,0.0,0.0,0.0,0.0,0.0,0.0,0.0,0.0,0.0,0.0,0.0,0.0,0.0,0.0,0.0,0.0,0.0,0.0,0.0,8.45e-05,0.0,0.0,0.0,0.0,0.0,0.0,0.0,0.0,0.0,0.000563079,2.82e-05,0.0,0.0,0.0,0.0,0.0,2.82e-05,0.0,0.0,0.0,0.0,2.82e-05,0.0,0.0,0.0,0.0,2.82e-05,0.0,0.0,0.0,0.0,2.82e-05,0.0,0.0,0.0,0.0,0.0,0.0,0.0,0.0,2.82e-05,0.0,0.0,0.0,0.0,0.0,0.0,0.0,0.0,0.0,0.0,0.0,0.0,0.0,0.0,0.0,0.0,0.0,0.0,0.0,0.0,2.82e-05,0.0,0.0,0.0,0.0,0.0,0.0,0.0,0.0,0.0,0.0,0.0,0.0,0.0,0.0,0.0,0.0,0.0,0.0,0.0,0.0,0.101720206,0.0,2.82e-05,0.0,0.0,0.0,0.0,0.0,2.82e-05,0.000309693,5.63e-05,0.0,2.82e-05,0.0,0.0,2.82e-05,0.0,0.0,0.0,2.82e-05,0.0,0.0,0.0,0.0,0.0,0.0,0.0,0.0,0.0,0.0,0.0,0.0,0.000168924,0.0,0.0,0.0,0.0,0.0,0.0,0.0,0.0,2.82e-05,0.00014077,0.0,0.0,0.0,0.0,0.0,0.0,0.0,0.0,0.0,0.0,0.0,0.0,0.0,0.0,0.0,0.0,0.0,0.0,0.0,0.0,0.0,0.0,0.0,0.0,0.0,0.0,0.0,0.0,0.0,0.0,0.0,0.0,0.0,2.82e-05,0.0,0.0,0.0,0.0,0.0,0.0,0.0,0.0,0.0,0.0,0.00014077,0.0,0.0,0.0,0.0,0.0,0.0,2.82e-05,0.0,0.0,0.0,0.0,0.0,0.0,0.0,0.0,0.0,0.0,0.0,0.0,0.0,0.0,0.0,0.0,0.0,0.0,0.0,0.0,0.0,0.0,0.0,0.0,0.0,0.0,0.0,0.0,0.0,0.0,0.0,0.0,0.0,0.0,0.0,0.000112616,0.0,0.0,0.0,0.0,0.0,0.0,0.0,0.0,0.0,0.0,0.0,0.0,0.0,0.0,0.0,0.0,0.0,0.0,0.0,0.0,0.0,0.0,0.0,0.0,0.0,0.0,0.0,0.0,0.0,0.0,0.0,0.0,0.0,0.0,0.0,0.0,0.0,0.0,0.0,0.0,0.0,0.0,0.0,0.0,0.0,0.0,0.0,0.0,0.0,0.0,0.0,0.0,0.0,0.0,0.0,0.0,0.0,0.0,0.0,0.0,0.0,0.0,0.0,0.0,0.0,0.0,0.0,0.0,0.0,0.0,0.0,0.0,0.0,0.0,0.0,0.0,0.0,0.0,0.0,0.0,0.0,0.0,0.0,0.0,0.0,0.0,0.0,0.0,2.82e-05,0.0,0.0,0.0,0.0,0.0,0.0,0.0,0.0,0.0,0.0,0.0,0.0,0.0,0.0,2.82e-05,2.82e-05,2.82e-05,0.0,0.0,0.0,0.0,0.0,0.0,0.0,0.0,0.0,0.0,0.0,0.0,0.0,0.0,0.0,0.0,0.0,0.0,0.0,0.0,0.0,0.0,0.0,0.0,0.0,0.0,0.0,0.0,0.0,0.0,0.0,0.0,0.0,0.0,0.0,0.0,0.0,0.0,0.0,0.0,0.0,0.0,0.0,0.0,0.0,0.0,0.0,0.0,0.0,0.0,0.0,0.0,0.0,0.0,0.0,0.0,0.0,0.0,0.0,0.0,0.0,0.0,0.0,0.0,0.0,0.0,0.0,0.0,0.0,0.0,0.0,0.0,0.0,0.0,0.0,0.0,0.0,0.0,0.0,0.0,0.0,0.0,0.0,0.0,0.0,0.0,0.0,0.0,0.0,0.0,0.0,0.0,0.0,0.0,0.0,0.0,0.0,0.0,0.0,0.0,0.0,0.0,0.0,0.0,0.0,0.0,0.0,0.0,0.0,0.0,0.0,0.0,0.0,0.0,0.0,0.0,0.0,0.0,0.0,0.0,0.0,0.0,0.0,0.0,0.0,0.0,0.0,0.0,0.0,0.0,0.0,0.0,0.0,0.0,0.0,0.0,0.0,0.0,0.0,0.0,0.0,0.0,0.0,0.0,0.0,0.0,0.0,0.0,0.0,0.0,0.0,0.0,0.0,0.0,,,,,,,,,,,,,,,,,,,,
SRR12478852,0.575886834,8.71e-05,0.039173014,0.000174102,0.0,4.35e-05,8.71e-05,0.0,0.0,0.005484222,0.0,0.0,0.0,0.0,0.0,0.0,0.000478781,8.71e-05,0.131708379,0.002611534,0.020631121,0.005136017,0.031120783,0.01336235,0.002306855,0.001610446,0.000478781,0.001044614,0.003351469,0.000130577,0.000696409,0.000174102,0.044657236,0.013971708,0.030119695,0.000652884,0.000565832,0.000217628,0.0018716,0.000696409,0.000130577,0.0,0.000565832,0.0,8.71e-05,0.0,0.0,0.0,0.000261153,4.35e-05,0.0,0.005788901,4.35e-05,0.000130577,0.024983678,0.000435256,0.002176279,8.71e-05,0.0,0.0,0.000304679,8.71e-05,0.0,0.000696409,0.000739935,4.35e-05,0.005005441,0.000435256,0.001915125,4.35e-05,0.0,4.35e-05,4.35e-05,4.35e-05,8.71e-05,0.0,0.000696409,0.0,0.0,0.00078346,0.000174102,0.000130577,0.0,0.0,4.35e-05,0.000130577,0.0,0.000609358,0.0,0.000304679,0.0,0.000261153,0.000130577,4.35e-05,4.35e-05,8.71e-05,0.0,4.35e-05,0.000130577,8.71e-05,4.35e-05,4.35e-05,8.71e-05,4.35e-05,0.0,0.0,8.71e-05,0.0,0.0,0.0,0.000217628,0.0,4.35e-05,0.0,0.000522307,0.0,0.000261153,0.0,0.0,0.0,0.000130577,0.00226333,0.0,0.0,4.35e-05,8.71e-05,0.0,4.35e-05,0.0,0.0,0.0,4.35e-05,0.0,0.0,0.000261153,0.0,8.71e-05,0.0,0.0,0.0,0.002698585,0.0,8.71e-05,0.0,0.0,0.000130577,0.0,0.00039173,0.0,0.000870511,0.0,0.006398259,0.0,0.0,0.0,0.0,0.0,0.0,0.0,0.0,0.0,0.0,0.0,0.0,0.0,0.0,0.0,8.71e-05,0.000130577,0.0,0.0,0.0,0.0,0.0,0.0,0.0,0.0,0.0,8.71e-05,0.0,0.0,0.0,4.35e-05,0.0,0.0,0.0,8.71e-05,0.000130577,8.71e-05,0.0,0.0,0.0,0.0,4.35e-05,0.0,0.0,0.0,0.0,0.0,0.0,0.0,0.0,0.000130577,0.0,0.0,4.35e-05,0.0,4.35e-05,0.0,4.35e-05,0.0,0.0,0.0,0.0,0.0,0.0,0.001436344,0.0,0.0,0.0,4.35e-05,0.0,0.002176279,0.0,0.0,0.000217628,0.0,0.0,0.0,4.35e-05,0.000174102,0.0,0.0,0.0,4.35e-05,0.0,0.0,0.0,0.0,0.0,0.0,0.0,0.0,4.35e-05,0.000304679,0.0,0.0,0.0,0.0,0.0,0.0,0.0,0.0,0.0,0.0,4.35e-05,0.0,0.0,4.35e-05,0.0,0.0,0.0,0.0,0.0,0.0,0.0,0.0,0.0,0.0,0.0,4.35e-05,0.0,0.0,0.0,0.0,0.0,0.0,0.00078346,0.0,0.0,0.0,0.0,0.0,0.0,0.0,0.0,0.0,0.0,0.0,0.0,0.0,0.0,0.0,0.0,0.0,0.0,4.35e-05,4.35e-05,0.000130577,0.0,0.000652884,0.0,0.0,0.0,0.0,0.0,0.0,0.0,0.0,0.0,4.35e-05,0.0,0.0,0.0,0.0,0.000130577,4.35e-05,0.0,0.0,0.0,0.0,0.0,0.0,0.0,0.0,0.0,0.0,0.0,8.71e-05,0.0,0.0,0.0,0.0,0.000130577,0.0,0.0,0.0,4.35e-05,0.0,0.0,0.0,0.0,0.0,0.0,0.0,8.71e-05,0.0,0.0,0.0,0.0,0.0,0.0,0.0,4.35e-05,0.0,0.0,0.0,0.0,0.0,0.0,0.0,0.0,0.0,0.0,0.0,0.0,4.35e-05,0.0,0.0,0.0,0.0,0.0,0.0,0.0,0.0,0.0,0.0,0.0,0.0,0.0,0.0,0.0,0.0,0.0,0.0,0.0,0.0,0.0,0.0,0.0,0.0,0.0,0.0,0.0,0.0,0.0,0.0,0.0,0.000217628,0.0,0.0,0.0,0.0,0.0,0.0,0.0,0.0,0.0,0.0,0.0,0.0,0.0,0.0,0.0,0.0,0.0,0.0,0.0,0.0,0.0,0.0,0.0,0.0,0.0,0.0,0.0,0.0,0.0,0.0,0.0,4.35e-05,0.0,0.0,0.0,0.0,0.0,0.0,0.0,0.0,0.0,4.35e-05,0.0,0.0,0.0,0.0,0.0,0.0,0.0,0.0,0.0,0.0,0.0,0.0,0.0,0.0,0.0,0.0,0.0,0.0,0.0,0.0,0.0,0.0,0.0,0.0,0.0,0.0,0.0,0.0,0.0,0.0,0.0,0.0,0.0,0.0,0.0,0.0,0.0,0.0,0.0,0.0,0.0,0.0,8.71e-05,0.0,0.0,0.0,0.0,0.0,4.35e-05,0.0,4.35e-05,4.35e-05,0.0,0.0,0.0,0.0,0.0,0.0,0.0,0.0,0.0,0.0,0.0,0.0,4.35e-05,4.35e-05,8.71e-05,0.0,0.0,0.0,0.0,0.0,0.0,0.0,0.0,0.0,0.0,0.0,0.0,0.0,0.0,0.0,0.0,0.0,0.0,0.0,0.0,0.0,0.0,0.0,0.0,0.0,0.0,0.0,0.0,0.0,0.0,0.0,0.0,0.0,0.0,0.0,0.0,0.0,0.0,0.0,0.0,0.0,0.0,0.0,0.0,0.0,0.0,0.0,0.0,0.0,0.0,0.0,0.0,0.0,0.0,0.0,0.0,0.0,0.0,0.0,0.0,0.0,0.0,0.0,0.0,0.0,0.0,0.0,0.0,0.0,0.0,0.0,0.0,0.0,0.0,0.0,0.0,0.0,0.0,0.0,0.0,0.0,0.0,0.0,0.0,0.0,0.0,0.0,0.0,0.0,0.0,0.0,0.0,0.0,0.0,0.0,0.0,0.0,0.0,0.0,0.0,0.0,0.0,0.0,0.0,0.0,0.0,0.0,0.0,0.0,0.0,0.0,0.0,0.0,0.0,0.0,0.0,0.0,0.0,0.0,0.0,0.0,0.0,0.0,0.0,0.0,0.0,0.0,0.0,0.0,0.0,0.0,0.0,0.0,0.0,0.0,0.0,0.0,0.0,0.0,0.0,0.0,0.0,0.0,0.0,0.0,0.0,0.0,0.0,0.0,0.0,0.0,,,,,,,,,,,,,,,,,,,,
SRR12478854,0.61656864,0.005381054,0.223939432,0.000375422,0.0,0.0,0.004254787,0.0,0.0,6.26e-05,0.0,0.0,0.000125141,0.0,0.0,0.0,0.0,0.0,0.054999374,0.0,6.26e-05,0.001001126,6.26e-05,0.010011263,0.000187711,0.0,0.000187711,0.000125141,0.0,0.000250282,0.000250282,0.0,0.000250282,0.002753097,0.001439119,0.0,0.0,0.0,0.000125141,0.0,0.0,0.0,0.0,0.0,0.0,0.0,0.0,0.0,0.016831435,0.005506194,0.0,0.001501689,0.002753097,6.26e-05,0.021461644,0.000813415,0.000375422,6.26e-05,0.0,0.0,6.26e-05,0.0,0.0,6.26e-05,0.0,6.26e-05,6.26e-05,0.0,0.0,0.0,0.0,6.26e-05,0.0,0.000563134,6.26e-05,0.0,6.26e-05,0.0,0.0,0.0,0.0,0.0,0.0,0.0,0.0,0.0,0.0,0.001751971,6.26e-05,0.0,0.0,6.26e-05,0.000437993,0.000250282,0.000625704,0.000125141,0.000250282,6.26e-05,0.0,0.0,0.0,0.0,0.000688274,6.26e-05,0.0,0.0,0.0,0.0,0.0,0.0,6.26e-05,0.0,0.0,0.0,0.006006758,0.0,0.0,0.0,0.0,0.0,0.0,0.001439119,0.0,0.0,6.26e-05,0.0,0.0,0.0,0.0,0.0,0.0,0.0,0.0,0.0,6.26e-05,0.000187711,0.000500563,6.26e-05,0.0,0.0,0.0,0.0,0.0,0.0,0.0,6.26e-05,0.0,0.000250282,6.26e-05,0.000437993,0.0,0.000125141,0.0,0.0,0.0,0.0,0.0,0.0,0.0,0.0,0.0,0.0,0.0,0.0,0.0,0.0,0.0,0.000187711,0.0,0.0,0.0,0.0,0.0,0.0,0.0,0.0,0.0,0.0,0.0,0.0,0.0,0.0,0.0,0.0,0.0,0.000125141,0.0,0.0,0.0,0.0,0.0,0.0,0.0,0.0,0.0,6.26e-05,0.0,0.0,0.0,0.0,0.0,0.0,0.0,0.0,0.000125141,6.26e-05,0.0,6.26e-05,0.0,6.26e-05,0.0,0.0,0.0,0.000187711,0.0,0.0,0.0,0.0,0.0,0.0,0.0,0.0,0.0,0.0,0.0,0.0,0.0,0.0,0.0,0.0,0.0,6.26e-05,0.0,0.0,0.0,0.0,0.0,0.0,0.0,0.0,0.0,0.0,0.0,0.0,0.0,0.0,0.0,0.0,0.0,0.0,0.0,0.0,0.0,0.0,0.0,0.0,0.0,0.0,0.0,0.0,0.0,0.0,0.0,0.0,0.0,0.0,0.0,0.0,0.0112001,0.0,0.0,0.0,6.26e-05,0.0,0.0,0.0,0.0,0.000125141,6.26e-05,0.0,0.0,0.0,0.0,0.0,0.0,0.0,0.0,0.0,0.0,0.0,0.0,0.0,0.0,0.0,0.0,0.0,0.0,0.0,6.26e-05,0.0,0.0,0.0,0.0,0.0,0.0,6.26e-05,0.0,0.0,0.000125141,0.0,0.0,6.26e-05,0.0,0.0,0.0,0.0,0.0,0.0,0.0,0.0,0.0,0.0,0.0,0.0,0.0,0.0,0.0,0.0,0.0,0.0,0.0,0.0,0.0,0.0,0.0,0.0,0.0,0.0,0.0,0.0,0.0,0.0,6.26e-05,0.0,0.0,6.26e-05,0.0,0.0,0.0,0.0,0.0,0.0,0.0,0.0,0.0,0.0,0.0,0.0,0.0,0.0,0.0,0.0,0.0,0.0,0.0,0.0,0.0,0.0,0.0,0.0,0.0,0.0,0.0,0.0,0.0,0.0,0.0,0.0,0.0,0.0,0.0,6.26e-05,0.0,0.0,0.0,0.0,0.0,0.0,0.0,0.0,0.0,0.0,0.0,0.0,0.0,0.0,0.0,0.0,0.000125141,0.0,0.0,0.0,0.0,0.0,0.0,0.0,0.0,0.0,0.0,0.0,0.0,0.0,0.0,0.0,0.0,0.0,0.0,0.0,0.0,0.0,0.0,0.0,0.0,0.0,0.0,0.0,0.0,0.0,0.0,0.0,0.0,0.0,0.0,0.0,0.0,0.0,0.0,0.0,0.0,0.0,0.0,0.0,0.0,0.0,0.0,0.0,0.0,0.0,0.0,0.0,0.0,0.0,0.0,0.0,0.0,0.0,0.0,0.0,0.0,0.0,0.0,0.0,0.0,0.0,0.0,0.0,0.0,0.0,0.0,0.0,0.0,0.0,0.0,0.0,0.0,0.0,0.0,0.0,0.0,6.26e-05,0.0,0.0,0.0,0.0,0.0,0.0,0.0,6.26e-05,0.0,0.0,0.0,0.0,0.0,0.0,0.0,0.0,0.0,0.0,0.0,0.0,0.0,0.0,0.0,0.0,0.0,0.0,0.0,0.0,0.0,0.0,0.0,0.0,0.0,0.0,0.0,0.0,0.0,0.0,0.0,0.0,0.0,0.0,0.0,0.0,6.26e-05,6.26e-05,6.26e-05,6.26e-05,6.26e-05,6.26e-05,0.0,0.0,0.0,0.0,0.0,0.0,0.0,0.0,0.0,0.0,0.0,0.0,0.0,0.0,0.0,0.0,0.0,0.0,0.0,0.0,0.0,0.0,0.0,0.0,0.0,0.0,0.0,0.0,0.0,0.0,0.0,0.0,0.0,0.0,0.0,0.0,0.0,0.0,0.0,0.0,0.0,0.0,0.0,0.0,0.0,0.0,0.0,0.0,0.0,0.0,0.0,0.0,0.0,0.0,0.0,0.0,0.0,0.0,0.0,0.0,0.0,0.0,0.0,0.0,0.0,0.0,0.0,0.0,0.0,0.0,0.0,0.0,0.0,0.0,0.0,0.0,0.0,0.0,0.0,0.0,0.0,0.0,0.0,0.0,0.0,0.0,0.0,0.0,0.0,0.0,0.0,0.0,0.0,0.0,0.0,0.0,0.0,0.0,0.0,0.0,0.0,0.0,0.0,0.0,0.0,0.0,0.0,0.0,0.0,0.0,0.0,0.0,0.0,0.0,0.0,0.0,0.0,0.0,0.0,0.0,0.0,0.0,0.0,0.0,0.0,0.0,0.0,0.0,0.0,,,,,,,,,,,,,,,,,,,,
SRR12478856,0.416312161,0.001540267,0.015109286,0.00278715,0.0,7.33e-05,0.000513422,0.0,0.0,0.001246883,0.0,0.0,7.33e-05,0.0,0.0,0.0,0.00073346,0.000513422,0.151752971,0.00242042,0.026697961,0.023324043,0.120434209,0.003740648,0.000806807,0.002493766,0.000146692,0.001026845,0.000586768,0.009241602,0.000440076,0.000293384,0.017823089,0.007627989,0.002567112,0.000293384,0.002713804,0.000220038,0.000660114,0.001613613,0.000586768,0.000586768,0.000513422,0.0,0.000440076,0.0,7.33e-05,0.0,0.003007188,0.0,0.0,0.008068065,0.000146692,7.33e-05,0.012542174,0.00073346,0.003667302,0.0,0.0,0.0,0.001026845,7.33e-05,0.0,0.00073346,0.00315388,0.001393575,0.003080534,0.003007188,0.006601144,0.000806807,0.000660114,0.000293384,0.000440076,0.000293384,0.000220038,0.0,0.000146692,0.000146692,0.0,0.000660114,0.001833651,0.0,0.000513422,0.0,0.0,7.33e-05,0.0,0.004547455,0.0,0.0,0.000220038,0.000293384,0.00036673,0.000440076,0.00036673,7.33e-05,0.000293384,0.000220038,0.000293384,0.000513422,0.0,7.33e-05,0.000513422,0.000220038,0.0,0.0,7.33e-05,0.0,0.0,7.33e-05,0.000146692,0.0,0.000146692,0.000146692,0.000440076,0.0,0.0,0.0,0.0,0.000146692,0.000293384,0.012028752,7.33e-05,7.33e-05,0.0,0.0,7.33e-05,0.00036673,7.33e-05,7.33e-05,0.000146692,0.0,0.0,0.0,0.000146692,0.0,0.000440076,0.0,0.000146692,0.0,0.009241602,0.000220038,0.087868564,7.33e-05,0.000880153,0.0,7.33e-05,7.33e-05,0.0,0.0,0.0,0.000146692,0.0,0.000220038,0.0,0.0,0.0,0.0,0.0,0.0,0.0,0.0,0.0,0.0,0.0,0.0,0.0,0.0,0.0,7.33e-05,0.000146692,0.0,0.0,0.0,0.0,0.0,0.000146692,0.0,0.0,0.0,0.0,0.0,0.0,0.0,0.0,0.0,0.0,0.000586768,0.0,0.0,0.0,0.0,0.0,0.0,0.0,0.0,0.0,0.000440076,0.0,0.0,0.0,0.0,0.0,0.0,0.0,7.33e-05,0.0,0.0,0.0,7.33e-05,0.0,0.0,7.33e-05,7.33e-05,7.33e-05,0.0,0.000513422,7.33e-05,0.0,0.0,0.0,0.0,0.0,0.0,0.0,7.33e-05,0.0,0.0,0.0,0.000146692,0.0,7.33e-05,0.0,0.0,0.0,0.000146692,0.0,0.0,0.0,0.0,0.0,0.0,0.0,7.33e-05,0.0,0.0,0.0,0.0,0.0,0.0,0.0,0.0,0.0,0.0,0.0,7.33e-05,7.33e-05,7.33e-05,7.33e-05,0.0,0.0,0.0,0.0,0.0,0.0,0.0,0.0,0.0,0.0,0.0,7.33e-05,0.0,0.0,0.0,0.0,0.0,0.0,0.00073346,0.0,0.0,0.0,0.0,7.33e-05,0.0,0.0,0.0,0.0,0.0,0.0,0.0,0.0,7.33e-05,0.0,0.0,0.0,0.000146692,0.0,0.0,0.000806807,0.0,0.0,0.0,0.0,0.0,0.0,0.0,0.0,0.0,0.0,0.0,0.0,0.0,0.0,0.0,0.0,0.0,0.0,0.0,0.0,0.0,0.0,0.0,0.0,0.0,0.0,0.0,0.0,0.0,0.0,7.33e-05,0.0,0.0,0.0,7.33e-05,0.0,0.0,0.0,0.0,0.0,0.0,0.0,0.0,0.0,0.000146692,0.0,7.33e-05,0.0,0.0,0.0,0.0,0.0,0.0,0.0,7.33e-05,0.0,0.0,0.0,7.33e-05,0.0,0.0,0.0,0.0,0.0,0.0,0.0,0.0,0.0,0.0,0.0,0.0,0.0,0.0,0.0,0.0,0.0,0.0,0.0,0.0,0.0,0.0,0.0,0.0,0.0,0.0,0.0,0.0,0.0,0.0,0.0,0.0,0.0,0.0,0.0,0.0,0.0,0.0,0.0,7.33e-05,0.0,0.0,0.0,0.0,0.0,0.0,0.0,0.0,0.0,0.0,0.0,0.0,0.0,0.0,0.0,7.33e-05,0.0,0.0,0.0,0.0,0.0,0.0,0.0,0.0,0.0,0.0,0.0,0.0,0.0,0.0,0.0,0.0,0.0,0.0,0.0,0.0,0.0,0.0,0.0,0.0,0.0,0.0,7.33e-05,0.0,0.0,0.0,0.0,0.0,0.0,0.0,0.0,0.0,0.0,0.0,0.0,0.0,0.0,0.0,0.0,0.0,0.0,0.0,0.0,0.0,0.0,0.0,0.0,0.0,0.0,0.0,0.0,0.0,0.0,0.0,0.0,0.0,0.0,0.0,0.0,7.33e-05,0.0,0.0,0.0,0.0,0.0,0.0,0.0,0.0,0.0,0.0,7.33e-05,0.0,0.0,0.0,0.0,0.0,0.0,0.0,0.0,0.0,0.0,0.0,0.0,0.0,0.0,0.0,0.0,0.0,7.33e-05,0.0,0.0,0.0,0.0,0.0,0.0,0.0,0.0,0.0,0.0,0.0,0.0,0.0,0.0,0.0,0.0,0.0,0.0,0.0,0.0,0.0,0.0,0.0,0.0,0.0,0.0,0.0,7.33e-05,7.33e-05,7.33e-05,0.0,0.0,0.0,0.0,0.0,0.0,0.0,0.0,0.0,0.0,0.0,0.0,0.0,0.0,0.0,0.0,0.0,0.0,0.0,0.0,0.0,0.0,0.0,0.0,0.0,0.0,0.0,0.0,0.0,0.0,0.0,0.0,0.0,0.0,0.0,0.0,0.0,0.0,0.0,0.0,0.0,0.0,0.0,0.0,0.0,0.0,0.0,0.0,0.0,0.0,0.0,0.0,0.0,0.0,0.0,0.0,0.0,0.0,0.0,0.0,0.0,0.0,0.0,0.0,0.0,0.0,0.0,0.0,0.0,0.0,0.0,0.0,0.0,0.0,0.0,0.0,0.0,0.0,0.0,0.0,0.0,0.0,0.0,0.0,0.0,0.0,0.0,0.0,0.0,0.0,0.0,0.0,0.0,0.0,0.0,0.0,0.0,0.0,0.0,0.0,0.0,0.0,0.0,0.0,0.0,0.0,0.0,0.0,0.0,0.0,0.0,0.0,0.0,0.0,0.0,0.0,0.0,0.0,0.0,0.0,0.0,0.0,,,,,,,,,,,,,,,,,,,,
SRR12478857,0.336810294,0.005264184,0.02173913,0.001559758,0.0,0.000974849,9.75e-05,0.0,0.0,0.002924547,0.0,9.75e-05,0.000292455,0.0,0.0,0.00019497,0.000779879,0.000292455,0.172060831,0.003119516,0.033827257,0.00916358,0.043088321,0.013940339,0.009456034,0.002534607,0.001364788,0.002924547,0.001949698,0.003119516,0.001462273,0.001072334,0.100409437,0.023103919,0.007896276,0.000584909,0.002632092,0.000584909,0.002729577,0.002339637,0.000292455,0.000974849,9.75e-05,0.00019497,9.75e-05,0.0,9.75e-05,0.0,9.75e-05,9.75e-05,0.0,0.00038994,0.000292455,0.008188731,0.046890232,0.002924547,0.003119516,0.0,0.0,0.00019497,0.010040944,0.000292455,0.0,0.001852213,0.000682394,9.75e-05,0.002924547,0.000877364,0.00038994,0.000292455,0.0,9.75e-05,9.75e-05,0.000292455,0.000292455,0.0,0.023201404,0.00019497,0.000487424,0.001949698,0.000974849,0.0,0.0,0.0,0.00019497,0.000292455,0.0,0.007896276,0.0,0.00038994,0.000877364,0.002534607,0.000877364,0.000779879,0.000584909,0.00019497,9.75e-05,0.000292455,0.004971729,0.000487424,9.75e-05,0.00019497,0.001169819,9.75e-05,0.0,0.0,0.000292455,0.0,9.75e-05,0.0,0.000292455,0.0,0.0,9.75e-05,9.75e-05,0.0,0.00038994,0.0,0.0,0.00038994,0.0,0.013940339,0.0,0.00019497,0.0,0.00038994,9.75e-05,0.00038994,0.0,0.0,0.00038994,0.000487424,0.0,0.0,0.001462273,0.0,0.000877364,0.000292455,0.00019497,0.0,0.005946578,0.000487424,0.000292455,0.0,0.00019497,0.0,0.0,0.000877364,9.75e-05,0.000877364,0.0,9.75e-05,0.0,0.00019497,0.0,0.0,0.0,0.0,0.0,0.0,0.0,0.0,9.75e-05,0.00019497,0.0,0.0,0.0,9.75e-05,0.000292455,9.75e-05,0.0,0.0,0.0,0.0,0.0,0.0,0.0,0.0,0.000682394,0.0,0.0,0.0,0.0,0.0,0.0,0.0,0.00019497,0.000292455,9.75e-05,0.0,0.0,0.0,0.0,0.0,0.0,9.75e-05,9.75e-05,0.0,0.0,0.0,0.001657243,0.0,0.00019497,0.0,0.0,0.0,0.0,0.00019497,0.0,9.75e-05,0.0,9.75e-05,0.0,9.75e-05,0.0,9.75e-05,0.012380581,0.0,0.0,0.00019497,9.75e-05,0.0,9.75e-05,0.0,0.0,0.0,0.0,0.0,0.000292455,0.00038994,0.000682394,0.0,0.0,0.0,0.0,0.0,0.0,0.0,0.0,0.0,0.0,0.0,9.75e-05,0.000292455,9.75e-05,0.0,0.0,9.75e-05,0.0,0.0,0.0,0.0,0.001462273,9.75e-05,0.0,0.0,9.75e-05,0.00038994,0.0,0.0,9.75e-05,0.0,0.0,0.0,9.75e-05,0.0,0.0,0.0,0.0,0.0,0.0,0.00019497,9.75e-05,9.75e-05,0.0,9.75e-05,9.75e-05,0.00019497,0.0,0.0,0.000292455,0.0,0.0,0.00019497,0.0,0.00019497,0.0,0.0,9.75e-05,0.0,0.0,9.75e-05,0.0,0.0,0.0,0.000292455,0.0,0.0,0.001364788,0.0,0.0,0.0,0.0,0.0,0.0,0.0,0.0,9.75e-05,0.0,0.000487424,0.0,0.0,9.75e-05,0.0,0.0,0.0,0.0,0.0,0.0,0.0,0.0,0.0,0.0,0.0,0.0,0.0,0.0,0.0,0.0,0.0,9.75e-05,0.0,0.0,0.001267304,0.0,0.000292455,0.0,0.00019497,0.0,0.0,0.0,0.0,0.0,0.0,0.0,0.00019497,0.0,0.0,0.0,0.0,0.0,9.75e-05,0.0,0.0,0.0,0.0,0.0,0.0,0.0,0.0,0.0,0.0,0.0,0.0,0.0,0.0,0.0,0.0,0.0,0.0,0.0,0.0,0.0,0.0,0.0,0.0,0.0,0.0,0.0,0.0,0.0,0.0,0.0,0.0,0.0,0.0,0.0,0.0,0.0,0.0,0.0,0.0,0.0,0.0,0.0,0.0,0.0,0.0,0.0,0.0,0.0,0.0,0.0,0.0,0.0,0.0,0.0,0.0,9.75e-05,0.0,0.0,0.0,0.0,9.75e-05,0.0,0.0,0.0,0.0,0.0,0.0,0.0,0.0,0.0,0.0,0.0,0.0,0.0,0.0,0.0,0.0,0.0,0.0,0.0,0.0,0.0,9.75e-05,0.0,0.0,0.0,0.0,0.0,0.0,0.0,0.0,0.0,0.0,0.0,0.0,0.0,0.0,0.0,0.0,0.0,0.0,0.0,0.0,0.0,0.0,0.0,0.0,9.75e-05,0.0,0.0,0.0,0.0,0.0,0.0,0.0,0.0,0.0,0.0,0.0,0.0,9.75e-05,0.0,0.0,9.75e-05,0.0,0.0,0.0,0.0,0.0,0.0,9.75e-05,0.0,0.0,0.0,0.0,0.0,0.00019497,0.0,0.0,0.0,0.0,0.0,0.0,0.0,0.0,0.0,0.0,0.0,0.0,0.0,0.0,0.0,0.0,0.0,0.0,9.75e-05,0.0,0.0,0.0,0.0,0.0,0.0,0.0,0.0,0.0,0.0,0.0,0.0,0.0,0.0,0.0,0.0,0.0,0.0,0.0,0.0,0.0,0.0,0.0,0.0,0.0,0.0,0.0,0.0,0.00019497,9.75e-05,9.75e-05,0.0,0.0,0.0,0.0,0.0,0.0,0.0,0.0,0.0,0.0,0.0,0.0,0.0,0.0,0.0,0.0,0.0,0.0,0.0,0.0,0.0,0.0,0.0,0.0,0.0,0.0,0.0,0.0,0.0,0.0,0.0,0.0,0.0,0.0,0.0,0.0,0.0,0.0,0.0,0.0,0.0,0.0,0.0,0.0,0.0,0.0,0.0,0.0,0.0,0.0,0.0,0.0,0.0,0.0,0.0,0.0,0.0,0.0,0.0,0.0,0.0,0.0,0.0,0.0,0.0,0.0,0.0,0.0,0.0,0.0,0.0,0.0,0.0,0.0,0.0,0.0,0.0,0.0,0.0,0.0,0.0,0.0,0.0,0.0,0.0,0.0,0.0,0.0,0.0,0.0,0.0,0.0,0.0,0.0,0.0,0.0,0.0,0.0,0.0,0.0,0.0,0.0,0.0,0.0,0.0,0.0,0.0,0.0,0.0,0.0,0.0,0.0,0.0,0.0,0.0,0.0,0.0,0.0,0.0,,,,,,,,,,,,,,,,,,,,
SRR12478859,0.005818487,0.001019735,0.202567332,0.022374183,6e-05,0.000179953,0.00149961,0.0,6e-05,0.006778238,0.0,0.0,0.000239938,0.000119969,0.0,0.0,0.000659828,0.000299922,0.270649631,0.018355228,0.049427149,0.021534401,0.050446884,0.01007738,0.002219423,0.003119189,0.000239938,0.003419111,0.003179173,0.006238378,0.001139704,0.000419891,0.130406094,0.029632296,0.003179173,0.000599844,0.002099454,0.000299922,0.000299922,0.001979485,0.000239938,0.000119969,0.000419891,0.000239938,0.001679563,0.0,0.0,0.0,0.000299922,0.000179953,0.0,0.000419891,0.0,0.003898986,0.042828864,0.001859517,0.007678004,0.0,0.0,0.000119969,0.011397037,0.0,0.0,0.000119969,0.0,0.000359906,0.008817707,0.000479875,0.00149961,0.000419891,0.0,0.000239938,0.000179953,0.000179953,0.0,0.0,0.000419891,6e-05,0.0,0.000239938,6e-05,0.0,0.0,0.0,0.0,0.0,0.0,0.002459361,0.000119969,0.001619579,6e-05,0.000299922,0.000419891,0.000299922,0.000239938,0.000119969,0.000179953,0.000299922,0.000119969,0.000239938,0.000119969,6e-05,6e-05,0.0,0.0,0.0,0.0,0.0,0.0,0.000239938,0.000839782,6e-05,0.0,0.000239938,0.001739548,0.0,0.0,0.0,0.0,6e-05,0.000299922,0.007678004,6e-05,0.000239938,0.0,0.000239938,0.0,0.000119969,0.000359906,0.000839782,6e-05,0.0,0.0,0.0,6e-05,0.0,0.000419891,0.032451563,6e-05,0.000119969,0.002339392,0.0,0.0,0.0,0.0,0.0,0.0,0.0,0.0,0.0,0.0,0.0,6e-05,0.000599844,0.0,0.0,0.0,0.0,0.0,0.0,0.0,0.0,0.0,0.000119969,0.0,0.0,0.0,0.0,0.000119969,0.0,0.0,0.0,0.0,0.0,0.0,0.0,0.0,0.0,0.000119969,0.0,0.0,0.0,6e-05,0.0,0.0,6e-05,0.0,0.000119969,0.0,0.0,0.0,6e-05,0.0,6e-05,0.0,0.0,0.000179953,0.0,0.0,0.0,0.0,0.0,0.0,0.0,0.0,0.0,0.0,0.0,0.0,0.0,0.0,0.0,0.0,0.0,0.0,6e-05,6e-05,0.0,0.0,0.0,6e-05,0.0,0.0,0.0,0.0,0.0,6e-05,0.0,0.0,6e-05,0.0,6e-05,0.0,0.0,0.0,0.0,0.0,0.0,0.0,0.0,0.0,0.0,6e-05,0.0,0.0,0.0,0.0,0.0,0.0,0.0,0.0,0.0,0.0,0.0,0.000119969,0.000179953,0.0,0.0,0.0,0.0,0.000239938,0.0,0.0,0.0,0.0,0.0,0.0,0.0,6e-05,0.0,0.000119969,0.0,0.0,6e-05,0.0,0.0,0.0,0.004738768,6e-05,0.0,0.0,0.0,6e-05,0.0,0.0,0.0,0.0,0.0,0.0,0.0,0.0,6e-05,0.000179953,0.0,0.0,6e-05,0.0,0.0,0.0,0.0,0.0,0.0,0.0,0.0,0.0,0.0,0.0,0.0,0.0,0.0,0.0,0.0,6e-05,0.0,0.0,0.0,0.0,0.0,0.0,0.0,0.0,0.0,0.0,0.0,0.0,0.0,0.0,0.0,0.0,0.0,0.0,0.000119969,6e-05,0.0,6e-05,0.0,0.0,0.0,0.0,0.0,0.0,6e-05,0.0,6e-05,0.0,0.0,0.0,0.0,0.0,0.0,0.0,0.0,0.0,0.0,6e-05,6e-05,0.0,0.0,0.0,6e-05,0.0,6e-05,0.0,0.0,0.0,0.0,0.0,0.0,0.0,0.0,0.0,0.0,0.0,0.0,0.0,0.0,0.0,6e-05,0.0,0.0,0.0,0.0,0.0,0.0,0.0,0.0,0.0,0.0,0.0,0.0,0.0,0.0,0.0,0.0,0.0,0.0,0.0,0.0,0.0,0.0,0.0,0.0,0.0,0.0,0.0,0.0,0.0,0.0,6e-05,0.0,0.0,0.0,0.0,0.0,0.0,0.0,0.0,0.0,0.0,0.0,0.0,0.0,0.0,0.0,0.0,0.0,0.0,0.0,0.0,0.0,0.0,0.0,0.0,0.0,0.0,0.0,0.0,0.0,0.0,0.0,0.0,0.0,0.0,0.0,0.0,0.0,0.0,0.0,0.0,0.0,0.0,0.0,0.0,0.0,0.0,0.0,0.0,0.0,0.0,0.0,0.0,0.0,0.0,0.0,0.0,0.0,0.0,0.000299922,0.0,0.0,0.0,0.0,0.0,0.0,0.0,0.0,6e-05,6e-05,0.0,0.0,0.0,0.0,0.0,0.0,0.0,0.0,0.0,0.0,0.0,6e-05,0.0,6e-05,0.0,0.0,0.0,0.0,0.0,0.0,0.0,0.0,0.0,0.0,0.0,0.0,0.0,0.0,0.0,0.0,0.0,0.0,0.0,0.0,0.0,0.0,0.0,0.0,0.0,0.0,0.0,0.0,0.0,0.0,0.0,0.0,0.0,0.0,0.0,0.0,0.0,6e-05,0.0,0.0,0.0,0.0,0.0,0.0,0.0,0.0,0.0,0.0,0.0,6e-05,0.0,6e-05,6e-05,6e-05,6e-05,6e-05,0.0,0.0,0.0,0.0,0.0,0.0,0.0,0.0,0.0,0.0,0.0,0.0,0.0,0.0,0.0,0.0,0.0,0.0,0.0,0.0,0.0,0.0,0.0,0.0,0.0,0.0,0.0,0.0,0.0,0.0,0.0,0.0,0.0,0.0,0.0,0.0,0.0,0.0,0.0,0.0,0.0,0.0,0.0,0.0,0.0,0.0,0.0,0.0,0.0,0.0,0.0,0.0,0.0,0.0,0.0,0.0,0.0,0.0,0.0,0.0,0.0,0.0,0.0,0.0,0.0,0.0,0.0,0.0,0.0,0.0,0.0,0.0,0.0,0.0,0.0,0.0,0.0,0.0,0.0,0.0,0.0,0.0,0.0,0.0,0.0,0.0,0.0,0.0,0.0,0.0,0.0,0.0,0.0,0.0,0.0,0.0,0.0,0.0,0.0,0.0,0.0,0.0,0.0,0.0,0.0,0.0,0.0,0.0,0.0,0.0,0.0,,,,,,,,,,,,,,,,,,,,
SRR12478860,0.173041406,0.001519214,0.334703604,0.038844206,5.96e-05,0.000357462,0.001251117,0.0,0.0,0.019034853,0.0,0.0,0.001161752,0.0,0.0,0.000178731,0.000148943,0.000148943,0.186714328,0.002621388,0.004915103,0.004349121,0.024307417,0.00655347,0.003842717,0.000536193,0.000714924,0.002532023,0.000178731,0.001936253,0.000119154,5.96e-05,0.015609175,0.003425678,0.005600238,0.000387251,0.007864164,0.00020852,0.000714924,0.001459637,0.000178731,0.001310694,0.000148943,2.98e-05,0.000119154,2.98e-05,0.0,2.98e-05,0.000178731,0.0,0.0,0.002025618,0.000953232,0.008221626,0.021090259,0.00020852,0.002859696,8.94e-05,0.0,0.0,0.000178731,2.98e-05,0.0,0.000238308,0.00020852,0.000148943,0.0,0.000506405,0.001072386,0.0,0.0,2.98e-05,2.98e-05,0.000148943,8.94e-05,0.0,0.002025618,2.98e-05,0.0,5.96e-05,0.000714924,0.0,2.98e-05,0.0,0.0,2.98e-05,0.0,0.003485255,8.94e-05,0.00080429,8.94e-05,8.94e-05,0.000297885,0.000357462,0.000297885,0.000178731,0.000119154,0.000357462,0.000268097,0.000565982,0.0,2.98e-05,0.000268097,5.96e-05,0.0,0.0,0.0,0.0,0.0,2.98e-05,0.01391123,0.0,0.0,0.0,0.000297885,0.0,0.001668156,0.0,0.0,0.0,0.00974084,0.006285374,0.0,0.0,0.0,5.96e-05,2.98e-05,2.98e-05,0.0,0.0,2.98e-05,0.0,0.0,0.0,2.98e-05,0.0,2.98e-05,0.00020852,0.0,0.0,0.001042598,2.98e-05,8.94e-05,0.0,0.0,0.0,0.0,2.98e-05,0.0,0.000327674,0.0,0.011289842,0.0,0.0,0.0,0.0,0.0,0.0,0.0,5.96e-05,0.0,0.0,0.0,2.98e-05,0.0,0.0,0.0,5.96e-05,0.0,0.0,0.0,0.001042598,0.000238308,0.0,0.0,0.000476616,0.0,0.0,2.98e-05,0.0,0.0,0.0,0.0,0.0,0.0,0.003455466,0.0,0.013672922,5.96e-05,0.0,0.0,0.0,0.0,0.0,0.0,0.00020852,0.00199583,2.98e-05,0.0,0.0,0.0,2.98e-05,0.0,0.0,0.0,0.0,0.0,0.00020852,0.0,0.0,5.96e-05,5.96e-05,0.0,0.0,0.0,0.0,2.98e-05,2.98e-05,0.0,2.98e-05,5.96e-05,0.0,0.00020852,0.0,0.0,0.0,0.0,0.0,2.98e-05,0.0,0.0,0.0,0.0,0.0,0.0,0.0,0.0,0.0,0.0,0.0,0.0,0.0,0.0,2.98e-05,5.96e-05,0.0,0.0,5.96e-05,0.0,2.98e-05,0.0,0.000119154,0.000268097,0.0,0.0,0.0,2.98e-05,0.0,0.0,0.0,0.0,0.0,0.0,0.0,0.0,0.0,0.0,0.0,0.021030682,0.0,0.0,0.0,0.0,2.98e-05,0.0,2.98e-05,0.0,0.013285672,0.0,0.0,8.94e-05,0.0,0.0,2.98e-05,0.0,2.98e-05,2.98e-05,2.98e-05,0.0,0.0,0.0,0.0,0.0,0.0,0.0,0.0,0.0,0.0,0.000685136,0.0,0.0,0.0,0.0,0.0,0.0,0.0,5.96e-05,0.0,0.0,0.0,2.98e-05,0.0,0.0,0.0,0.0,0.0,0.0,0.0,0.0,0.0,0.0,0.0,0.0,0.0,0.0,0.0,0.0,0.0,0.0,0.0,0.0,0.0,0.0,0.0,0.0,0.0,0.0,0.0,2.98e-05,0.0,0.0,0.0,0.0,2.98e-05,0.0,0.0,0.0,0.0,0.0,0.0,0.0,0.0,0.0,0.0,0.0,0.0,0.0,2.98e-05,0.0,0.0,0.0,0.0,2.98e-05,0.0,5.96e-05,0.0,0.0,0.0,0.0,0.0,0.0,0.0,0.0,0.0,0.0,2.98e-05,2.98e-05,2.98e-05,0.0,0.0,0.0,0.0,0.0,0.0,0.0,0.0,0.0,0.0,0.0,0.0,0.0,0.0,0.0,0.0,0.0,0.0,0.0,0.0,2.98e-05,0.0,0.0,0.0,0.0,0.0,0.0,0.0,0.0,0.0,0.0,0.0,2.98e-05,0.0,0.0,0.0,0.0,0.0,0.0,0.0,0.0,0.0,0.0,0.0,0.0,0.0,0.0,0.0,0.0,0.0,0.0,0.0,0.0,0.0,0.0,0.0,5.96e-05,0.0,0.0,0.0,0.0,0.0,0.0,0.0,0.0,0.0,0.0,0.0,0.0,0.0,0.0,0.0,0.0,0.0,0.0,0.0,0.0,0.0,0.0,0.0,0.0,0.0,0.0,0.0,0.0,0.0,0.0,0.0,0.00020852,0.0,0.0,0.000178731,0.0,0.0,0.0,0.0,0.0,0.0,0.0,0.0,0.0,0.0,0.0,0.0,0.0,2.98e-05,0.0,5.96e-05,0.0,0.0,0.0,0.0,0.0,0.0,0.0,0.0,0.0,0.0,0.0,0.0,0.0,0.0,0.0,0.0,0.0,0.0,0.0,0.0,0.0,0.0,0.0,0.0,0.0,0.0,0.0,0.0,0.0,0.0,0.0,0.0,2.98e-05,0.0,0.0,0.0,0.0,0.0,0.0,0.0,0.0,0.0,0.0,0.0,0.0,0.0,0.0,0.0,0.0,0.0,0.0,0.0,0.0,0.0,0.0,0.0,0.0,0.0,0.0,0.0,0.0,0.0,2.98e-05,8.94e-05,0.000178731,2.98e-05,2.98e-05,2.98e-05,0.0,0.0,0.0,0.0,0.0,0.0,0.0,0.0,0.0,0.0,0.0,0.0,0.0,0.0,0.0,0.0,0.0,0.0,0.0,0.0,0.0,0.0,0.0,0.0,0.0,0.0,0.0,0.0,0.0,0.0,0.0,0.0,0.0,0.0,0.0,0.0,0.0,0.0,0.0,0.0,0.0,0.0,0.0,0.0,0.0,0.0,0.0,0.0,0.0,0.0,0.0,0.0,0.0,0.0,0.0,0.0,0.0,0.0,0.0,0.0,0.0,0.0,0.0,0.0,0.0,0.0,0.0,0.0,0.0,0.0,0.0,0.0,0.0,0.0,0.0,0.0,0.0,0.0,0.0,0.0,0.0,0.0,0.0,0.0,0.0,0.0,0.0,0.0,0.0,0.0,0.0,0.0,0.0,0.0,0.0,0.0,0.0,0.0,0.0,0.0,0.0,0.0,0.0,0.0,0.0,,,,,,,,,,,,,,,,,,,,
SRR12478864,0.196286317,0.001640112,0.065955951,0.0,0.0,0.000117151,0.0,0.0,0.0,0.0,0.0,0.0,0.000117151,0.0,0.0,0.0,0.000761481,0.0,0.050433458,5.86e-05,0.000820056,0.108305998,0.060274133,0.011363636,0.000351453,0.000117151,0.000175726,0.000117151,0.0,5.86e-05,0.000117151,0.000351453,0.001991565,0.00193299,0.000410028,0.000175726,0.000175726,0.0,5.86e-05,0.002225867,0.000234302,0.000117151,5.86e-05,0.0,0.000175726,0.0,0.0,0.0,0.001112933,0.0,0.0,0.011773664,0.0,0.000234302,0.000292877,0.001874414,0.028643393,0.000117151,0.000117151,0.239280694,0.0,0.000234302,0.0,0.000175726,0.001112933,0.000117151,0.01710403,5.86e-05,0.0,0.0,0.0,0.0,0.000117151,0.0,0.0,0.0,0.000234302,0.0,0.0,5.86e-05,0.000468604,0.0,0.0,0.0,0.0,0.0,0.0,0.046391753,0.0,0.000234302,0.000702905,0.000995783,0.000937207,0.003865979,0.000937207,0.002460169,0.001054358,0.003514527,0.000410028,0.004920337,0.0,0.001640112,0.001347235,5.86e-05,0.0,0.0,5.86e-05,0.000117151,0.0,5.86e-05,0.000585754,0.0,5.86e-05,5.86e-05,0.024543112,0.0,0.000351453,0.0,0.0,0.0,0.000468604,5.86e-05,0.0,0.0,0.0,0.0,0.0,0.0,0.0,0.0,5.86e-05,0.0,0.0,0.0,0.000175726,0.0,0.0,0.000175726,0.0,0.0,0.0,0.0,0.0,0.0,0.0,0.0,0.000468604,5.86e-05,0.0,0.000351453,0.0,0.0,0.0,0.0,0.0,0.0,0.0,0.0,0.0,0.00849344,0.0,0.0,0.0,0.000410028,0.0,0.0,5.86e-05,0.000234302,5.86e-05,0.005330366,0.000527179,0.0,0.0,0.0,0.0,0.0,0.0,0.0,0.000585754,0.0,0.0,5.86e-05,0.0,0.0,0.0,0.0,0.0,0.000117151,0.0,0.0,0.0,0.0,0.0,0.0,0.0,0.0,0.0,0.000117151,0.0,0.0,0.0,0.0,0.0,5.86e-05,0.0,0.0,0.0,0.000820056,5.86e-05,0.0,0.002225867,5.86e-05,5.86e-05,0.000292877,0.0,5.86e-05,0.000585754,0.0,0.0,0.0,0.068240394,0.000527179,5.86e-05,0.0,0.0,0.0,0.000117151,5.86e-05,0.000117151,0.0,0.0,0.000234302,0.0,0.0,0.0,0.0,0.0,5.86e-05,0.0,0.0,0.0,0.0,0.0,0.0,0.000175726,0.0,0.0,0.000175726,0.0,0.000585754,0.000117151,5.86e-05,0.0,0.0,0.0,0.0,0.0,0.0,0.0,0.0,0.0,0.0,0.0,0.0,0.0,0.0,0.0,0.0,0.0,0.0,0.0,0.0,5.86e-05,0.0,0.0,0.000761481,0.0,0.0,0.0,0.0,5.86e-05,0.0,0.0,0.000175726,0.0,5.86e-05,0.0,0.0,5.86e-05,5.86e-05,0.0,0.0,0.0,0.0,0.0,0.0,0.0,0.0,0.000117151,0.0,0.0,0.0,0.0,5.86e-05,0.000702905,5.86e-05,0.0,0.0,0.0,5.86e-05,0.0,0.0,0.0,0.0,0.0,0.0,0.0,0.0,0.0,0.0,0.0,5.86e-05,0.0,0.0,0.0,0.0,0.0,0.0,0.0,0.0,0.0,0.0,0.0,0.0,0.0,5.86e-05,0.0,0.0,0.0,0.0,0.0,5.86e-05,0.0,0.0,0.0,0.0,0.0,0.0,0.0,0.0,0.0,0.0,0.0,0.000175726,0.000117151,0.0,0.0,0.0,0.0,0.0,0.0,0.000117151,0.0,0.0,5.86e-05,5.86e-05,5.86e-05,0.0,5.86e-05,0.0,0.0,0.0,0.0,0.0,0.0,0.0,0.0,0.0,0.0,0.0,0.0,0.0,0.0,0.0,0.0,0.0,0.0,0.0,0.0,0.0,0.0,0.0,0.0,0.0,0.0,0.0,0.0,0.0,0.0,0.0,0.0,0.0,0.0,0.0,0.0,0.0,0.0,0.0,5.86e-05,0.0,0.0,0.0,0.0,0.0,0.0,0.0,0.0,0.0,0.0,0.0,0.0,0.0,0.0,0.0,0.0,0.0,0.0,0.0,0.0,0.0,0.0,0.0,0.0,0.0,5.86e-05,0.0,0.0,0.0,0.0,0.0,0.0,0.0,0.0,0.0,0.0,0.0,0.0,0.0,0.0,0.0,0.0,0.0,0.0,0.0,0.0,0.0,0.0,0.0,0.0,0.0,5.86e-05,0.0,0.0,0.0,0.0,0.0,5.86e-05,0.0,0.0,0.0,0.0,0.0,0.0,0.0,0.0,0.0,0.0,0.0,0.0,0.0,0.0,0.0,0.0,0.0,0.0,0.0,5.86e-05,0.0,0.0,0.0,0.0,0.0,0.0,0.0,5.86e-05,0.0,0.0,0.0,0.0,0.0,0.0,0.0,0.0,0.0,0.0,0.0,0.0,0.0,0.0,0.0,0.0,0.0,0.0,0.0,0.0,0.0,0.0,0.0,0.0,0.0,0.0,0.0,0.0,0.0,0.0,0.000175726,0.0,0.0,0.0,0.0,0.0,0.0,0.0,5.86e-05,0.0,0.0,0.0,0.0,0.0,0.0,0.0,0.0,0.0,0.0,0.0,0.0,0.0,0.0,0.0,0.0,0.0,0.0,0.0,0.0,0.0,0.0,0.0,0.0,0.0,0.0,5.86e-05,0.000351453,0.0,0.0,0.0,0.0,0.0,0.0,0.0,0.0,0.0,0.0,0.0,0.0,0.0,0.0,0.0,0.0,0.0,0.0,0.0,0.0,0.0,0.0,0.0,0.0,0.0,0.0,0.0,0.0,0.0,0.0,0.0,0.0,0.0,0.0,0.0,0.0,0.0,0.0,0.0,0.0,0.0,0.0,0.0,0.0,0.0,0.0,0.0,0.0,0.0,0.0,0.0,0.0,0.0,0.0,0.0,0.0,0.0,0.0,0.0,0.0,0.0,0.0,0.0,0.0,0.0,0.0,0.0,0.0,0.0,0.0,0.0,0.0,0.0,0.0,0.0,0.0,0.0,0.0,0.0,0.0,0.0,0.0,0.0,0.0,0.0,0.0,0.0,0.0,0.0,0.0,0.0,0.0,0.0,0.0,0.0,0.0,0.0,,,,,,,,,,,,,,,,,,,,
SRR12478865,0.659794384,0.000276365,0.044826443,0.000110546,5.53e-05,0.000110546,0.0,0.000110546,5.53e-05,0.006245855,0.0,0.0,5.53e-05,0.0,0.0,0.0,0.000110546,5.53e-05,0.093135087,0.001768738,0.034048198,0.002266195,0.013265532,0.007351315,0.009451691,0.024596507,0.000994915,0.000994915,0.000331638,0.002155649,0.000663277,0.00071855,0.018405925,0.003537475,0.010833518,5.53e-05,0.000884369,0.000110546,0.000497457,0.000773823,0.000221092,0.0,0.000110546,0.0,0.000386911,5.53e-05,0.0,0.0,5.53e-05,0.0,0.0,0.027525978,0.000276365,0.000939642,5.53e-05,0.001105461,0.002321468,5.53e-05,0.0,0.0,0.000110546,5.53e-05,0.0,0.0,0.0,5.53e-05,0.0,0.0,0.0,5.53e-05,0.0,0.000331638,0.0,5.53e-05,0.0,0.0,0.000221092,0.0,0.0,0.0,0.00071855,0.0,0.0,0.0,0.0,0.0,0.0,0.001160734,5.53e-05,0.0,0.000165819,0.000110546,0.000276365,0.0,0.000221092,0.0,0.0,5.53e-05,0.0,0.0,0.0,0.0,0.000276365,0.0,0.0,0.0,5.53e-05,0.0,0.0,5.53e-05,0.000829096,0.0,0.0,0.000110546,5.53e-05,0.0,5.53e-05,0.0,0.0,0.0,0.006135308,0.00254256,0.0,0.0,5.53e-05,5.53e-05,0.000110546,0.0,0.0,0.0,0.000110546,0.0,0.0,0.0,5.53e-05,0.0,0.000331638,5.53e-05,0.0,0.0,0.000276365,5.53e-05,0.0,0.0,0.0,0.0,0.0,0.0,0.0,0.0,0.0,0.0,0.000110546,0.000331638,0.0,0.0,0.0,0.0,0.0,0.0,0.0,0.0,0.0,5.53e-05,0.0,0.0,5.53e-05,0.000442184,5.53e-05,0.0,0.0,0.0,0.0,0.0,0.0,0.0,0.0,0.0,0.0,0.0,0.0,0.0,0.0,0.0,0.0,0.001602918,0.0,0.0,0.0,0.0,0.0,0.0,0.0,0.0,0.0,0.0,0.0,5.53e-05,0.0,0.0,0.0,0.0,5.53e-05,0.0,0.0,0.000110546,0.0,0.0,0.0,0.0,0.0,0.0,0.0,0.0,0.0,0.0,0.0,0.0,0.0,0.0,0.0,0.0,0.0,0.0,0.0,0.005416759,0.0,0.0,0.0,0.0,0.0,0.0,0.0,0.0,0.0,0.0,0.0,0.0,0.0,0.0,0.0,0.0,0.0,0.0,0.000939642,0.0,5.53e-05,0.0,5.53e-05,0.0,0.0,0.0,0.0,0.0,0.0,0.0,0.0,0.0,0.0,0.0,0.0,0.0,0.0,0.0,0.0,0.0,0.0,0.0,0.0,0.0,5.53e-05,0.0,0.0,0.0,0.0,0.0,0.0,0.002376741,0.0,0.0,0.0,0.0,0.0,0.0,0.0,0.000110546,5.53e-05,0.0,0.0,0.0,0.0,0.0,0.0,0.0,0.0,0.0,0.0,0.0,5.53e-05,0.0,0.0,0.0,0.0,0.0,0.0,0.0,0.0,0.0,0.0,5.53e-05,0.0,0.0,0.0,0.0,0.0,0.0,0.0,0.0,0.0,0.0,0.0,0.0,0.0,0.0,0.0,0.0,0.0,0.0,0.0,0.0,0.0,0.000110546,0.0,5.53e-05,0.0,0.0,0.0,0.0,0.0,0.0,0.0,0.0,0.0,0.0,0.0,0.0,0.0,0.0,0.0,0.0,0.0,0.0,0.0,0.0,0.0,0.0,0.0,0.0,0.0,0.0,0.0,0.0,0.0,0.0,0.0,0.0,0.0,0.0,0.0,0.0,0.0,0.0,0.0,0.0,0.0,0.0,0.0,0.0,0.0,0.0,0.0,0.0,0.0,0.0,0.0,0.0,0.0,0.0,0.0,0.0,0.0,0.0,0.0,0.0,0.0,0.0,0.0,0.0,0.0,0.0,0.0,0.0,0.0,0.0,0.0,0.0,0.0,0.0,0.000221092,0.0,5.53e-05,0.0,0.0,0.0,0.0,0.0,0.0,0.0,0.0,0.0,0.0,0.0,0.0,0.0,0.0,0.0,0.0,0.0,0.0,0.0,0.0,0.0,0.0,0.0,0.0,0.0,0.0,0.0,0.0,0.0,0.0,0.0,0.0,0.0,0.0,0.0,0.0,0.0,0.0,0.0,0.0,0.0,0.0,0.0,0.0,0.0,0.0,0.0,0.0,0.0,5.53e-05,0.0,0.0,0.0,0.0,0.0,0.0,0.0,0.0,0.0,0.0,0.0,0.0,0.0,0.0,5.53e-05,0.0,0.0,0.0,0.0,0.0,0.0,0.0,5.53e-05,0.0,0.0,0.0,0.0,0.0,0.0,0.0,0.0,0.0,0.0,0.0,0.0,0.0,0.0,0.0,0.0,0.0,0.0,0.0,0.0,0.0,0.0,0.0,0.0,0.0,0.0,0.0,0.0,0.0,0.0,0.0,0.0,0.0,0.0,0.0,0.0,0.0,0.0,0.0,0.0,0.0,0.0,0.0,0.0,0.0,0.0,0.0,0.0,0.0,0.0,0.0,0.0,0.0,0.0,0.0,0.0,0.0,0.0,0.0,0.0,0.0,0.0,0.0,0.000497457,0.0,0.0,0.0,0.0,0.0,0.0,0.0,0.0,0.0,0.0,0.0,0.0,0.0,0.0,5.53e-05,0.000110546,5.53e-05,0.0,0.0,0.0,0.0,0.0,0.0,0.0,0.0,0.0,0.0,0.0,0.0,0.0,0.0,0.0,0.0,0.0,0.0,0.0,0.0,0.0,0.0,0.0,0.0,0.0,0.0,0.0,0.0,0.0,0.0,0.0,0.0,0.0,0.0,0.0,0.0,0.0,0.0,0.0,0.0,0.0,0.0,0.0,0.0,0.0,0.0,0.0,0.0,0.0,0.0,0.0,0.0,0.0,0.0,0.0,0.0,0.0,0.0,0.0,0.0,0.0,0.0,0.0,0.0,0.0,0.0,0.0,0.0,0.0,0.0,0.0,0.0,0.0,0.0,0.0,0.0,0.0,0.0,0.0,0.0,0.0,0.0,0.0,0.0,0.0,0.0,0.0,0.0,0.0,0.0,0.0,0.0,0.0,0.0,,,,,,,,,,,,,,,,,,,,
SRR12478867,0.115826972,0.005394402,0.328244275,0.006310433,0.0,0.020763359,0.012620865,0.0,0.000101781,0.000508906,0.0,0.000101781,0.001628499,0.0,0.0,0.000101781,0.003562341,0.000610687,0.150737913,0.013435115,0.010687023,0.002544529,0.031450382,0.019949109,0.0156743,0.003256997,0.001526718,0.00610687,0.000916031,0.001017812,0.0,0.001424936,0.045089059,0.008244275,0.016793893,0.000407125,0.00173028,0.000407125,0.000305344,0.003053435,0.000305344,0.003256997,0.000508906,0.000203562,0.000712468,0.000101781,0.0,0.000101781,0.000101781,0.0,0.0,0.000305344,0.000101781,0.001526718,0.016590331,0.006513995,0.005903308,0.014656489,0.000101781,0.0,0.001832061,0.000305344,0.0,0.0,0.001017812,0.001017812,0.009363868,0.0,0.001933842,0.000101781,0.0,0.000203562,0.000101781,0.000101781,0.000101781,0.0,0.002951654,0.0,0.0,0.000305344,0.001628499,0.0,0.000407125,0.0,0.000101781,0.000305344,0.0,0.001221374,0.0,0.000101781,0.0,0.0,0.0,0.000101781,0.0,0.000101781,0.0,0.0,0.0,0.000101781,0.0,0.0,0.000305344,0.0,0.0,0.000101781,0.0,0.0,0.000101781,0.0,0.000916031,0.0,0.0,0.0,0.001221374,0.0,0.000101781,0.0,0.0,0.000101781,0.0,0.00346056,0.0,0.0,0.0,0.0,0.000101781,0.000203562,0.000101781,0.0,0.000101781,0.0,0.0,0.0,0.0,0.0,0.000305344,0.049465649,0.0,0.000101781,0.006208651,0.000508906,0.0,0.000101781,0.002035623,0.0,0.0,0.000203562,0.0,0.0,0.0,0.000203562,0.0,0.000203562,0.0,0.0,0.0,0.0,0.0,0.000203562,0.0,0.0,0.0,0.0,0.0,0.0,0.0,0.007633588,0.000407125,0.0,0.000101781,0.0,0.0,0.0,0.0,0.0,0.0,0.0,0.0,0.0,0.0,0.0,0.0,0.0,0.0,0.001933842,0.0,0.002544529,0.000101781,0.0,0.0,0.0,0.0,0.000101781,0.0,0.000407125,0.007938931,0.0,0.0,0.0,0.0,0.0,0.000610687,0.000101781,0.000101781,0.0,0.0,0.0,0.0,0.0,0.0,0.000101781,0.000101781,0.0,0.0,0.0,0.0,0.0,0.0,0.0,0.0,0.0,0.000610687,0.0,0.0,0.0,0.0,0.0,0.0,0.0,0.0,0.0,0.0,0.0,0.0,0.000305344,0.0,0.0,0.0,0.0,0.0,0.0,0.0,0.000101781,0.000101781,0.0,0.0,0.0,0.0,0.0,0.0,0.0,0.0,0.0,0.0,0.000203562,0.0,0.0,0.0,0.0,0.0,0.0,0.0,0.0,0.0,0.0,0.0,0.0,0.0,0.0,0.000407125,0.000101781,0.0,0.0,0.0,0.0,0.000101781,0.001119593,0.0,0.0,0.000203562,0.0,0.0,0.0,0.0,0.0,0.0,0.000101781,0.0,0.0,0.0,0.0,0.0,0.0,0.0,0.0,0.0,0.0,0.000101781,0.0,0.0,0.0,0.0,0.0,0.000101781,0.0,0.0,0.0,0.0,0.0,0.0,0.0,0.0,0.0,0.0,0.000101781,0.0,0.0,0.0,0.0,0.0,0.0,0.0,0.0,0.0,0.0,0.0,0.0,0.0,0.0,0.0,0.0,0.0,0.0,0.0,0.0,0.0,0.0,0.0,0.0,0.0,0.0,0.0,0.0,0.0,0.0,0.0,0.0,0.0,0.0,0.000101781,0.000101781,0.0,0.0,0.000101781,0.000203562,0.0,0.000101781,0.0,0.0,0.0,0.0,0.0,0.0,0.0,0.000101781,0.0,0.0,0.0,0.0,0.0,0.0,0.0,0.0,0.0,0.0,0.0,0.0,0.0,0.0,0.0,0.0,0.0,0.0,0.0,0.0,0.0,0.0,0.0,0.0,0.0,0.0,0.0,0.0,0.0,0.0,0.0,0.000101781,0.0,0.0,0.0,0.0,0.0,0.0,0.0,0.0,0.0,0.0,0.0,0.0,0.0,0.000203562,0.0,0.0,0.0,0.0,0.0,0.0,0.0,0.0,0.0,0.0,0.0,0.0,0.0,0.0,0.0,0.0,0.0,0.0,0.0,0.0,0.0,0.0,0.0,0.0,0.0,0.0,0.0,0.0,0.0,0.0,0.0,0.0,0.0,0.0,0.0,0.0,0.0,0.0,0.0,0.0,0.0,0.0,0.0,0.0,0.0,0.0,0.0,0.0,0.0,0.0,0.0,0.000101781,0.0,0.0,0.000508906,0.000305344,0.0,0.0,0.0,0.0,0.0,0.0,0.0,0.0,0.0,0.0,0.0,0.0,0.000101781,0.0,0.0,0.0,0.0,0.0,0.0,0.0,0.0,0.0,0.0,0.0,0.000101781,0.0,0.0,0.0,0.0,0.0,0.0,0.0,0.0,0.0,0.000101781,0.0,0.0,0.0,0.000101781,0.0,0.0,0.0,0.0,0.0,0.0,0.0,0.0,0.000101781,0.0,0.0,0.0,0.0,0.0,0.000101781,0.0,0.0,0.0,0.0,0.0,0.0,0.0,0.0,0.0,0.0,0.0,0.0,0.0,0.0,0.0,0.0,0.0,0.0,0.000101781,0.0,0.0,0.0,0.0,0.0,0.0,0.0,0.0,0.0,0.0,0.0,0.0,0.0,0.0,0.0,0.0,0.0,0.0,0.0,0.0,0.0,0.0,0.0,0.0,0.0,0.0,0.000101781,0.000101781,0.0,0.0,0.0,0.0,0.0,0.0,0.0,0.0,0.0,0.0,0.0,0.0,0.0,0.0,0.0,0.0,0.0,0.0,0.0,0.0,0.0,0.0,0.0,0.0,0.0,0.0,0.0,0.0,0.0,0.0,0.0,0.0,0.0,0.0,0.0,0.0,0.0,0.0,0.0,0.0,0.0,0.0,0.0,0.0,0.0,0.0,0.0,0.0,0.0,0.0,0.0,0.0,0.0,0.0,0.0,0.0,0.0,0.0,0.0,0.0,0.0,0.0,0.0,0.0,0.0,0.0,0.0,0.0,0.0,0.0,0.0,0.0,0.0,0.0,0.0,0.0,0.0,0.0,0.0,0.0,0.0,0.0,0.0,0.0,0.0,0.0,0.0,0.0,0.0,0.0,,,,,,,,,,,,,,,,,,,,
SRR12478869,0.033773927,0.005791079,0.269926175,0.041775341,0.0,0.0,0.000309447,4.42e-05,4.42e-05,4.42e-05,0.0,4.42e-05,0.000221034,0.0,0.0,4.42e-05,0.000618894,0.000928341,0.25118253,0.011803192,0.038106185,0.016444896,0.040537554,0.008752929,0.00296185,0.005746872,0.000353654,0.001768268,0.002563989,0.000928341,0.000309447,0.002342956,0.119269705,0.010653817,0.016356483,0.000884134,0.003182883,0.00039786,0.001724062,0.000839928,0.001193581,0.006365766,0.00026524,0.000442067,0.000442067,0.0,0.0,4.42e-05,0.000309447,0.0,0.0,0.030988904,0.003845984,0.00026524,0.000309447,0.001370408,0.000751514,8.84e-05,4.42e-05,8.84e-05,0.001856682,0.00013262,4.42e-05,0.00026524,0.000176827,0.00026524,0.0,0.0,0.000442067,0.000176827,0.0,0.00039786,0.000221034,0.00013262,0.0,0.0,0.027850228,0.0,0.0,0.000663101,0.000353654,0.0,0.0,0.0,0.0,4.42e-05,0.0,0.000176827,0.0,0.0,0.0,0.0,4.42e-05,8.84e-05,8.84e-05,4.42e-05,4.42e-05,0.0,0.0,0.0,8.84e-05,4.42e-05,0.00013262,0.0,0.0,0.0,0.0,0.0,0.0,4.42e-05,0.0,4.42e-05,0.000176827,0.0,0.0,0.0,0.00013262,0.0,0.0,4.42e-05,0.000884134,0.000972548,0.0,0.0,0.0,0.000221034,0.000176827,0.00026524,4.42e-05,4.42e-05,0.00013262,8.84e-05,0.0,0.0,0.000221034,8.84e-05,0.000353654,0.00013262,0.0,0.0,0.001547235,8.84e-05,4.42e-05,0.0,0.0,0.0,0.0,8.84e-05,0.0,0.0,0.0,0.0,0.0,0.001768268,0.0,0.0,4.42e-05,0.0,0.0,4.42e-05,0.0,0.0,0.0,0.000176827,0.0,0.0,4.42e-05,8.84e-05,0.00013262,0.0,0.0,0.0,0.0,0.0,0.0,0.0,0.0,0.0,8.84e-05,0.0,0.0,0.0,0.0,0.0,0.0,0.007691968,0.0,4.42e-05,0.0,0.0,0.0,0.0,4.42e-05,0.0,0.0,0.00013262,0.000618894,4.42e-05,0.0,0.0,0.0,0.0,0.0,0.0,0.0,0.0,4.42e-05,4.42e-05,0.0,0.0,0.0,8.84e-05,0.0,0.0,0.0,0.0,0.0,0.0,0.0,0.0,0.0,0.0,0.002342956,4.42e-05,0.0,0.0,0.0,0.0,4.42e-05,0.0,4.42e-05,0.0,0.0,4.42e-05,0.0,0.0,0.0,0.0,0.0,0.0,0.0,0.0,0.0,0.000176827,0.000176827,0.0,0.0,0.0,4.42e-05,0.0,0.0,0.0,0.0,0.0,0.0,0.0,0.0,0.0,0.00026524,0.00013262,0.0,0.0,0.0,0.0,0.0,0.0,0.0,0.0,4.42e-05,0.0,4.42e-05,0.0,0.0,4.42e-05,0.0,0.0,8.84e-05,0.005658459,0.0,0.0,4.42e-05,0.0,0.0,0.0,0.0,0.0,0.0,0.0,0.0,0.0,0.0,0.0,0.0,0.0,4.42e-05,0.00013262,0.0,0.0,0.0,0.0,0.0,0.0,0.0,0.0,0.0,0.0,0.0,0.0,0.0,4.42e-05,8.84e-05,0.0,0.0,0.0,0.0,0.0,0.0,0.0,0.0,0.0,0.0,0.0,4.42e-05,0.0,0.0,0.0,0.0,0.0,0.0,0.0,0.0,4.42e-05,0.0,0.0,0.0,0.0,0.0,0.0,0.0,0.0,0.0,0.0,0.0,0.00026524,0.0,0.0,0.0,0.0,0.0,0.0,0.0,4.42e-05,0.0,0.0,0.0,8.84e-05,0.0,0.0,0.0,0.0,0.0,0.0,0.0,0.0,0.0,0.0,0.0,0.0,0.0,0.0,0.0,0.0,0.0,0.0,0.0,0.0,8.84e-05,0.0,0.0,0.0,0.0,0.0,0.0,0.0,0.0,0.0,0.0,0.0,0.0,4.42e-05,0.0,0.0,0.0,0.0,0.0,0.0,0.0,0.0,0.0,0.0,0.0,0.0,0.0,0.0,0.0,0.0,4.42e-05,0.0,4.42e-05,0.0,0.0,0.0,0.0,0.0,0.0,0.0,0.0,0.0,0.0,0.0,0.0,0.0,0.0,0.0,0.0,4.42e-05,0.0,0.0,0.0,0.0,0.0,0.0,4.42e-05,0.0,4.42e-05,0.0,0.0,0.0,0.0,0.0,0.0,0.0,0.0,0.0,0.0,0.0,0.0,0.0,0.0,0.0,0.0,0.0,0.0,0.0,0.0,0.0,0.0,0.0,0.0,0.0,4.42e-05,0.0,0.0,0.0,0.0,0.0,0.00039786,0.0,0.0,0.0,0.0,4.42e-05,0.0,0.0,0.0,4.42e-05,0.0,0.000176827,0.0,0.0,8.84e-05,0.0,0.0,0.0,0.0,0.0,0.0,0.0,0.0,0.0,8.84e-05,0.0,0.0,0.0,0.0,0.0,0.0,0.0,0.0,0.0,0.0,0.0,0.0,0.0,0.0,0.0,4.42e-05,4.42e-05,0.0,0.0,0.0,0.0,0.0,0.0,0.0,0.0,0.0,0.0,0.0,0.0,0.0,0.0,0.0,0.0,0.0,0.0,0.0,0.0,0.0,0.0,0.0,0.0,0.0,0.0,0.0,0.0,0.0,4.42e-05,0.0,0.0,4.42e-05,0.0,0.0,0.0,0.0,0.0,0.0,0.00013262,0.0,0.0,0.0,0.0,0.0,0.0,0.0,0.0,0.0,0.0,0.0,0.0,0.0,0.0,0.0,0.0,0.0,0.0,0.0,0.0,0.0,0.0,4.42e-05,0.00013262,0.0,0.0,0.0,0.0,0.0,0.0,0.0,0.0,0.0,0.0,0.0,0.0,0.0,0.0,0.0,0.0,0.0,0.0,0.0,0.0,0.0,0.0,0.0,0.0,0.0,0.0,0.0,0.0,0.0,0.0,0.0,0.0,0.0,0.0,0.0,0.0,0.0,0.0,0.0,0.0,0.0,0.0,0.0,0.0,0.0,0.0,0.0,0.0,0.0,0.0,0.0,0.0,0.0,0.0,0.0,0.0,0.0,0.0,0.0,0.0,0.0,0.0,0.0,0.0,0.0,0.0,0.0,0.0,0.0,0.0,0.0,0.0,0.0,0.0,0.0,0.0,0.0,0.0,0.0,0.0,0.0,0.0,0.0,0.0,0.0,0.0,0.0,,,,,,,,,,,,,,,,,,,,
SRR12478870,0.674104424,0.00027684,0.022174852,0.000609047,0.0,2.77e-05,0.000110736,0.0,0.0,0.0,0.0,2.77e-05,0.0,0.0,0.0,2.77e-05,2.77e-05,2.77e-05,0.102153812,0.00251924,0.029621837,0.003017552,0.015226178,0.005924367,0.00160567,0.011848735,0.000304524,0.000553679,0.000664415,0.000747467,0.000166104,0.00013842,0.024915564,0.005121533,0.000941255,0.00013842,0.001245778,5.54e-05,0.002187033,0.000719783,0.000775151,2.77e-05,0.00013842,0.0,0.000636731,0.0,0.0,0.0,0.004069542,5.54e-05,0.0,0.001799457,0.015143126,0.002103981,0.015336914,0.006422679,0.000609047,8.31e-05,0.0,8.31e-05,0.00013842,0.000332208,0.0,0.000332208,0.000941255,0.000110736,0.003931122,2.77e-05,0.001937877,0.002353137,0.0,0.0,0.000166104,0.00013842,5.54e-05,2.77e-05,0.000304524,0.0,0.0,2.77e-05,0.000332208,0.0,5.54e-05,0.0,0.0,2.77e-05,0.0,0.000249156,2.77e-05,0.000249156,0.0,8.31e-05,0.000166104,2.77e-05,0.000193788,2.77e-05,2.77e-05,2.77e-05,0.0,5.54e-05,0.0,0.0,2.77e-05,5.54e-05,0.0,0.0,0.0,0.0,0.0,2.77e-05,0.001356514,0.0,2.77e-05,2.77e-05,0.000775151,0.0,0.0,0.0,0.0,0.0,0.003405127,0.000968939,2.77e-05,2.77e-05,2.77e-05,5.54e-05,0.000166104,0.000110736,0.0,5.54e-05,5.54e-05,0.0,0.0,0.0,0.0,5.54e-05,2.77e-05,0.000498311,0.0,0.0,0.001024307,2.77e-05,0.0,5.54e-05,8.31e-05,0.0,2.77e-05,0.0,0.0,0.0,0.0,2.77e-05,0.0,5.54e-05,0.0,0.0,0.0,0.0,0.0,0.0,0.0,0.0,0.0,0.0,2.77e-05,0.0,0.0,0.00027684,0.0,0.0,2.77e-05,0.0,0.0,0.0,0.0,0.0,5.54e-05,8.31e-05,8.31e-05,0.0,0.0,0.0,0.0,0.0,0.0,0.021648857,0.0,2.77e-05,0.0,0.0,0.0,0.0,0.0,0.0,0.0,0.000221472,0.0,0.0,0.0,0.0,0.0,0.0,0.0,0.0,0.0,0.0,0.0,2.77e-05,0.0,0.0,2.77e-05,0.00013842,0.0,0.0,5.54e-05,0.0,2.77e-05,0.0,0.0,0.0,0.0,0.0,2.77e-05,0.0,0.0,0.0,0.0,0.0,0.0,0.0,0.0,0.0,0.0,0.0,0.0,0.0,0.0,0.0,0.0,0.0,0.0,0.0,0.0,0.0,0.0,0.0,0.0,0.0,0.0,5.54e-05,0.0,0.0,2.77e-05,0.0,0.0,0.0,0.0,0.0,0.0,0.0,5.54e-05,0.0,0.0,0.0,0.0,0.0,0.0,0.0,2.77e-05,0.0,2.77e-05,0.0,0.0,0.0,0.0,0.0,0.0,0.000304524,0.0,0.0,0.0,0.0,0.0,0.0,0.0,0.0,0.0,0.0,0.0,0.0,0.0,0.0,0.0,0.0,0.0,0.0,0.0,0.0,8.31e-05,0.0,0.0,0.0,0.0,0.0,2.77e-05,0.0,0.0,0.0,0.0,0.0,0.0,0.0,0.0,0.0,0.0,0.0,0.0,0.0,0.0,0.0,0.0,0.0,0.0,0.0,0.0,0.0,0.0,0.0,2.77e-05,0.0,0.0,0.0,0.0,0.0,0.0,0.0,0.0,0.0,0.0,0.0,0.0,0.0,0.0,0.0,2.77e-05,0.0,0.0,0.0,0.0,0.0,5.54e-05,2.77e-05,0.0,0.0,0.0,0.0,0.0,0.0,0.0,0.0,0.0,0.0,0.0,0.000110736,0.0,0.0,0.0,0.0,0.0,0.0,0.0,0.0,0.0,0.0,0.0,0.0,0.0,0.0,0.0,0.0,0.0,0.0,0.0,0.0,0.0,0.0,0.0,0.0,0.0,0.0,0.0,0.0,0.0,0.0,0.0,0.0,0.0,0.0,0.0,0.0,0.0,0.0,0.0,0.0,0.0,0.0,0.0,0.0,0.0,0.0,0.0,0.0,0.0,0.0,0.0,0.0,0.0,0.0,0.0,0.0,0.0,0.0,0.0,0.0,0.0,0.0,0.0,0.0,0.0,0.0,0.0,0.0,0.0,0.0,0.0,0.0,0.0,0.0,0.0,0.0,0.0,0.0,0.0,0.0,0.0,0.0,0.0,0.0,0.0,0.0,0.0,0.0,0.0,0.0,0.0,0.0,0.0,0.0,0.0,0.0,2.77e-05,0.0,0.0,0.0,0.0,0.0,0.0,0.0,0.0,0.0,0.0,0.0,0.0,0.0,0.0,0.0,0.0,0.0,0.0,0.0,0.0,0.0,0.0,2.77e-05,2.77e-05,0.0,0.0,0.0,0.0,0.0,8.31e-05,0.0,0.0,0.0,0.0,0.0,0.0,0.0,0.0,0.0,0.0,0.0,0.0,0.0,0.0,0.0,0.0,0.0,0.0,0.0,0.0,0.0,0.0,0.0,0.0,0.0,0.0,0.0,0.0,0.0,0.0,0.0,5.54e-05,0.0,0.0,0.0,0.0,0.0,0.0,0.0,0.0,0.0,0.0,0.0,0.0,0.0,0.0,0.0,0.0,0.0,0.0,2.77e-05,0.0,0.0,0.0,0.0,0.0,0.0,0.0,0.0,0.0,0.0,0.0,0.0,0.0,0.0,0.0,0.0,0.0,0.0,0.0,0.0,0.0,0.0,0.0,0.0,0.0,0.0,0.0,0.0,0.0,0.0,8.31e-05,2.77e-05,2.77e-05,2.77e-05,0.0,0.0,0.0,0.0,0.0,0.0,0.0,0.0,0.0,0.0,0.0,0.0,0.0,0.0,0.0,0.0,0.0,0.0,0.0,0.0,0.0,0.0,0.0,0.0,0.0,0.0,0.0,0.0,0.0,0.0,0.0,0.0,0.0,0.0,0.0,0.0,0.0,0.0,0.0,0.0,0.0,0.0,0.0,0.0,0.0,0.0,0.0,0.0,0.0,0.0,0.0,0.0,0.0,0.0,0.0,0.0,0.0,0.0,0.0,0.0,0.0,0.0,0.0,0.0,0.0,0.0,0.0,0.0,0.0,0.0,0.0,0.0,0.0,0.0,0.0,0.0,0.0,0.0,0.0,0.0,0.0,0.0,0.0,,,,,,,,,,,,,,,,,,,,
SRR12478871,0.100635239,0.004212638,0.201872284,0.00855901,0.0,0.000133735,0.0,0.0,0.0,0.003477098,0.0,0.0,0.000334336,0.0,0.0,0.000534938,0.000133735,0.000267469,0.359745904,0.000468071,0.007489134,0.006486125,0.023069208,0.012370445,0.002474089,0.000601805,0.000468071,0.001671682,0.000133735,0.000267469,0.000133735,0.001270478,0.011568037,0.008425276,0.00929455,0.000133735,0.0,0.000200602,0.002139753,0.001805416,0.000133735,0.0,0.000133735,0.0,0.000668673,0.0,0.0,6.69e-05,0.000334336,0.0,0.0,0.021464393,0.000601805,0.000200602,0.000468071,0.001671682,0.003142762,0.000133735,6.69e-05,0.0,0.000468071,0.000267469,0.0,0.000401204,0.0,0.000267469,0.012102976,6.69e-05,0.009428285,0.0,0.0,0.001003009,0.000267469,0.000267469,6.69e-05,0.0,0.0,6.69e-05,0.0,0.000267469,6.69e-05,0.0,0.0,0.0,0.0,0.000133735,0.0,0.015847543,0.000267469,0.007556001,0.000200602,0.001270478,0.000936142,0.000936142,0.001203611,0.001069876,0.001003009,0.000869274,0.000534938,0.00073554,0.0,0.000334336,0.001939151,0.000401204,0.0,0.0,0.0,0.0,0.0,0.0,0.000267469,0.0,0.0,0.000200602,0.009762621,0.0,0.0,0.0,0.0,0.000267469,0.10257439,0.006486125,0.0,0.000133735,0.000133735,0.0,0.000267469,0.0,0.0,0.0,0.000267469,0.0,0.0,0.000200602,0.000200602,0.000133735,0.000534938,0.000133735,6.69e-05,0.0,6.69e-05,0.000133735,6.69e-05,0.0,0.0,0.000401204,0.000401204,0.000334336,0.0,0.00073554,6.69e-05,0.0,0.0,0.001738549,0.000133735,0.0,0.000200602,0.0,0.0,0.0,0.0,0.0,0.0,0.000401204,0.0,0.0,0.0,0.000401204,6.69e-05,0.0,0.0,0.0,0.0,0.000334336,0.0,0.0,0.0,0.0,0.000133735,6.69e-05,0.0,0.0,6.69e-05,0.0,0.0,0.004346372,0.0,6.69e-05,0.0,0.0,0.0,0.0,0.0,0.000267469,0.0,6.69e-05,0.000133735,0.0,0.0,0.0,0.0,0.0,6.69e-05,0.0,0.0,6.69e-05,0.0,0.000200602,0.0,0.0,0.0,6.69e-05,0.000200602,0.000668673,0.0,6.69e-05,0.0,0.0,0.0,0.0,0.0,0.0,0.0,0.0,0.0,0.0,0.0,0.0,0.000133735,0.000200602,0.0,6.69e-05,0.0,0.0,0.0,0.0,0.0,0.0,0.0,0.0,0.0,0.0,0.0,6.69e-05,0.0,0.0,0.0,0.0,0.0,0.000133735,0.0,0.0,0.000200602,0.0,0.0,6.69e-05,0.0,0.0,6.69e-05,0.0,0.0,0.0,0.0,0.0,0.0,0.0,0.0,0.0,0.0,0.0,0.0,0.0,0.0,6.69e-05,0.0,6.69e-05,0.0,0.002407222,0.0,0.0,0.0,0.0,6.69e-05,0.0,0.0,0.0,0.0,0.0,0.0,0.0,0.0,0.0,0.0,0.0,0.0,0.000133735,6.69e-05,6.69e-05,6.69e-05,0.0,0.0,6.69e-05,0.0,0.0,0.000200602,0.0,0.0,0.0,0.0,6.69e-05,0.0,0.0,0.0,0.0,0.0,0.0,0.0,0.0,0.0,0.0,0.0,0.0,0.0,6.69e-05,0.0,0.0,0.0,0.0,0.0,0.0,0.0,0.0,0.000133735,0.0,0.0,0.0,0.0,6.69e-05,0.0,0.0,0.0,0.0,0.0,6.69e-05,0.0,0.0,0.0,0.0,0.0,0.0,0.0,0.000133735,0.0,0.0,0.0,0.0,0.0,6.69e-05,0.0,0.0,0.0,0.000133735,0.000133735,0.0,0.0,0.0,0.0,0.0,0.0,0.0,0.0,0.0,0.0,0.0,0.0,0.0,0.0,0.0,0.0,6.69e-05,0.0,0.0,0.0,0.0,0.0,0.0,0.0,0.0,0.0,0.0,0.0,0.0,0.0,0.0,6.69e-05,0.0,0.0,0.0,0.0,0.0,0.0,0.0,0.0,0.0,0.0,0.0,0.0,0.0,0.0,0.0,0.0,0.0,6.69e-05,0.0,0.0,0.0,0.0,0.0,0.0,0.0,6.69e-05,0.0,0.0,0.0,0.0,0.0,0.0,0.0,0.0,0.0,0.0,0.0,0.0,0.0,0.0,0.0,0.0,0.0,0.0,0.0,0.0,0.0,0.0,0.0,0.0,0.0,0.0,0.0,0.0,0.0,0.0,0.0,0.0,0.0,0.0,0.0,0.0,0.0,0.0,0.0,0.0,0.0,0.0,0.0,0.0,0.0,0.0,0.0,0.0,0.0,6.69e-05,6.69e-05,0.0,0.0,0.0,0.0,6.69e-05,0.0,0.0,0.0,6.69e-05,0.0,6.69e-05,6.69e-05,0.0,6.69e-05,0.0,0.0,0.0,0.0,0.0,0.0,0.0,0.0,6.69e-05,0.0,0.0,0.0,0.0,0.0,0.0,0.0,0.0,0.0,0.0,0.0,0.0,0.0,0.0,0.0,0.0,0.0,0.0,0.0,0.0,0.0,0.0,0.0,0.0,0.0,0.0,0.0,0.0,0.0,0.0,0.0,0.0,0.0,0.0,0.0,0.0,0.0,0.0,0.0,0.0,0.0,0.0,0.0,0.0,0.0,0.0,0.0,0.0,0.0,0.0,0.0,0.0,0.0,0.0,0.0,0.0,0.0,0.0,0.0,0.0,0.0,0.000534938,0.0,0.0,0.0,0.0,0.0,0.0,0.0,0.0,0.0,0.0,0.0,0.0,0.0,0.0,0.0,0.0,0.0,0.0,0.0,6.69e-05,6.69e-05,6.69e-05,6.69e-05,6.69e-05,0.0,0.0,0.0,0.0,0.0,0.0,0.0,0.0,0.0,0.0,0.0,0.0,0.0,0.0,0.0,0.0,0.0,0.0,0.0,0.0,0.0,0.0,0.0,0.0,0.0,0.0,0.0,0.0,0.0,0.0,0.0,0.0,0.0,0.0,0.0,0.0,0.0,0.0,0.0,0.0,0.0,0.0,0.0,0.0,0.0,0.0,0.0,0.0,0.0,0.0,0.0,0.0,0.0,0.0,0.0,0.0,0.0,0.0,0.0,0.0,0.0,0.0,0.0,0.0,0.0,0.0,0.0,0.0,0.0,0.0,0.0,0.0,0.0,0.0,0.0,0.0,0.0,0.0,,,,,,,,,,,,,,,,,,,,
SRR12478875,0.006764285,0.003899411,0.529842432,0.002466974,0.0,0.0,0.001034538,0.0,7.96e-05,7.96e-05,0.0,0.0,0.0,0.0,7.96e-05,0.0,0.000238739,0.000238739,0.209931561,0.005888907,0.002626134,0.000954958,0.004854369,0.032786885,0.003660672,0.002546554,0.001114117,0.001352857,0.000557059,0.000557059,0.000716218,0.000238739,0.014801846,0.003024033,0.014324367,0.00015916,0.0,0.00015916,0.000238739,7.96e-05,0.00015916,0.000636639,0.00015916,0.0,0.000477479,0.0,0.0,0.0,0.02172529,0.007082604,0.0,0.000318319,0.000238739,0.001591596,0.006445965,0.000954958,0.003024033,0.0,7.96e-05,0.0,0.00015916,0.0,0.0,0.000238739,0.000318319,0.0,0.0,0.00015916,0.000636639,0.0,0.0,0.0,0.0,0.0,0.00015916,0.0,0.004138151,0.0,0.0,7.96e-05,7.96e-05,0.0,0.0,0.0,0.0,0.0,0.0,0.004058571,0.001830336,0.0,0.00015916,0.002069075,0.007321343,0.0,0.002626134,0.000795798,0.000557059,0.000875378,0.000477479,0.001750756,0.0,7.96e-05,0.000238739,0.0,0.0,0.0,0.0,0.0,0.0,0.0,0.000954958,0.0,0.0,0.00015916,0.005570587,0.0,7.96e-05,0.0,0.0,0.0,0.00015916,0.001512017,0.0,7.96e-05,0.0,7.96e-05,0.0,0.0,0.0,0.0,0.000318319,0.0,0.0,0.0,7.96e-05,0.0,0.000238739,0.000318319,0.0,7.96e-05,0.000238739,0.0,7.96e-05,0.0,0.0,0.0,0.000238739,0.0,0.0,0.0,0.0,0.001273277,0.0,0.0,0.0,0.0,7.96e-05,0.0,0.0,0.0,0.0,0.0,0.0,7.96e-05,0.0,0.0,0.0,7.96e-05,7.96e-05,7.96e-05,0.0,0.0,0.0,0.0,0.0,0.000238739,0.0,0.0,0.0,0.0,0.0,0.0,0.0,0.0,0.0,0.067802005,0.0,7.96e-05,0.0,0.0,0.0,0.0,0.0,0.0,0.0,0.0,0.00015916,0.0,0.0,0.0,0.0,0.0,0.0,0.0,0.0,0.0,0.0,0.000238739,0.0,0.0,0.0,7.96e-05,0.0,0.00015916,0.0,0.0,0.0,0.0,0.0,0.0,0.0,0.0,0.0,0.0,0.0,0.0,0.0,0.0,0.0,7.96e-05,0.0,0.000238739,0.0,0.0,0.0,0.0,0.0,0.0,0.0,0.0,0.0,0.0,0.0,0.0,7.96e-05,0.0,0.0,7.96e-05,0.0,0.0,0.0,0.0,0.0,0.0,0.0,0.0,0.0,0.0,0.0,7.96e-05,0.0,0.0,0.0,0.0,0.0,0.0,0.0,0.0,0.0,0.0,7.96e-05,0.0,0.0,0.0,0.0,0.0,0.0,0.000397899,0.0,7.96e-05,0.0,0.0,7.96e-05,0.0,0.0,7.96e-05,0.0,0.0,0.0,0.0,0.0,0.0,0.0,0.0,0.0,0.0,0.0,0.0,0.000397899,0.0,0.0,0.0,0.0,0.0,0.0,0.0,0.0,0.0,0.0,0.0,0.0,0.0,0.0,0.0,0.0,0.0,0.0,0.0,0.0,0.0,0.0,0.0,0.0,0.0,0.0,0.0,0.0,0.0,0.0,0.0,0.0,0.0,0.0,0.0,0.0,0.0,0.0,0.0,0.0,0.0,0.0,0.0,0.0,0.0,0.0,0.0,0.0,0.0,0.0,0.0,7.96e-05,0.0,0.0,0.0,0.0,0.0,0.0,0.0,0.0,0.0,0.0,0.0,0.0,0.0,0.0,0.0,0.0,0.0,0.0,0.0,0.0,0.0,0.0,0.0,0.0,0.0,0.0,0.0,0.0,0.0,0.0,0.0,0.0,0.0,0.0,0.0,0.0,0.0,0.0,0.0,0.0,0.0,0.0,0.0,0.0,0.0,0.0,0.0,0.00015916,0.0,0.0,0.0,0.0,0.0,0.0,0.0,0.0,0.0,0.0,0.0,0.0,0.0,0.0,0.0,0.0,0.0,0.0,0.0,0.0,0.0,0.0,0.0,0.0,0.0,0.0,0.0,0.0,0.0,0.0,0.0,0.0,0.0,0.0,0.0,0.0,0.0,0.0,0.0,0.0,0.0,0.0,0.0,0.0,0.0,0.0,0.0,0.0,0.0,0.0,0.0,0.0,0.0,0.0,0.0,0.0,0.0,0.0,0.0,0.0,0.0,0.0,0.0,0.0,0.0,0.0,0.0,0.0,0.0,0.0,0.0,0.0,0.0,0.0,0.0,0.0,0.0,0.0,0.0,0.0,0.0,0.0,0.0,0.0,0.0,0.0,0.0,0.0,0.0,0.0,0.0,0.0,0.0,0.0,0.0,0.0,0.0,0.0,0.0,0.0,0.0,0.0,0.0,0.0,0.0,0.0,0.0,0.0,0.0,0.0,0.0,0.0,0.0,0.0,0.0,0.0,0.0,0.0,0.0,0.0,0.0,0.0,0.0,0.0,0.0,0.0,0.0,0.0,0.0,0.0,0.0,0.0,0.0,0.0,0.0,0.0,0.0,0.0,0.0,0.0,0.0,0.0,0.0,0.0,0.0,0.0,0.0,0.0,0.0,0.0,0.0,0.0,0.0,0.0,0.0,0.0,0.0,0.0,0.0,0.0,0.0,0.0,0.0,0.0,0.0,0.0,0.0,0.0,0.0,0.0,0.0,0.0,0.0,0.00015916,0.0,0.0,0.0,0.0,0.0,0.0,0.0,0.0,0.0,0.0,0.0,0.0,0.0,0.0,0.0,0.0,7.96e-05,7.96e-05,7.96e-05,7.96e-05,0.0,0.0,0.0,0.0,0.0,0.0,0.0,0.0,0.0,0.0,0.0,0.0,0.0,0.0,0.0,0.0,0.0,0.0,0.0,0.0,0.0,0.0,0.0,0.0,0.0,0.0,0.0,0.0,0.0,0.0,0.0,0.0,0.0,0.0,0.0,0.0,0.0,0.0,0.0,0.0,0.0,0.0,0.0,0.0,0.0,0.0,0.0,0.0,0.0,0.0,0.0,0.0,0.0,0.0,0.0,0.0,0.0,0.0,0.0,0.0,0.0,0.0,0.0,0.0,0.0,0.0,,,,,,,,,,,,,,,,,,,,
SRR12478877,0.684834616,0.000554747,0.142431177,0.000346717,0.0,0.0,0.0,0.0,0.0,0.002357673,0.0,0.0,0.00041606,0.0,0.0,0.0,0.0,0.0,0.131960336,0.000485403,0.001386866,0.000381388,0.000520075,0.000520075,0.000381388,0.000901463,3.47e-05,6.93e-05,0.0,0.000104015,0.000277373,0.0,0.002947091,0.000693433,0.0020803,3.47e-05,3.47e-05,0.0,0.0,0.0,0.0,3.47e-05,3.47e-05,0.0,6.93e-05,0.0,0.0,0.0,3.47e-05,0.0,0.0,0.011996394,0.0,0.001525553,0.001490881,0.000277373,0.000242702,6.93e-05,0.0,6.93e-05,6.93e-05,0.0,0.0,3.47e-05,6.93e-05,3.47e-05,3.47e-05,6.93e-05,0.002427016,0.0,0.0,3.47e-05,0.0,0.0,3.47e-05,0.0,3.47e-05,0.0,0.0,0.0,0.0,3.47e-05,0.0,0.0,0.0,0.0,0.0,0.001144165,6.93e-05,3.47e-05,3.47e-05,0.000173358,0.000277373,6.93e-05,0.000277373,0.000138687,6.93e-05,6.93e-05,3.47e-05,0.00020803,0.0,6.93e-05,3.47e-05,0.0,0.0,0.0,0.0,0.0,3.47e-05,0.0,0.000277373,0.0,0.0,0.0,0.00062409,0.0,0.0,0.0,0.0,0.0,0.0,0.000381388,0.0,0.0,0.0,0.0,0.0,0.0,0.0,0.0,3.47e-05,0.0,0.0,0.0,0.0,0.0,0.000104015,0.000277373,0.0,0.0,6.93e-05,6.93e-05,3.47e-05,0.0,0.000589418,0.0,0.0,0.0,0.0,0.0,0.0,0.000346717,0.0,0.0,0.0,0.0,0.0,0.0,0.0,0.0,0.0,0.0,0.0,0.0,0.0,0.0,0.0,0.000138687,3.47e-05,0.0,0.0,0.0,0.000104015,0.0,0.0,0.0,0.0,3.47e-05,6.93e-05,0.0,0.0,0.0,0.0,0.0,0.0,0.0,0.0,0.000104015,3.47e-05,0.0,0.0,0.0,0.0,0.0,0.0,3.47e-05,3.47e-05,0.00041606,0.0,0.0,0.0,0.0,3.47e-05,3.47e-05,6.93e-05,3.47e-05,0.0,0.0,0.0,0.0,0.0,0.0,0.0,0.0,0.0,0.0,0.0,0.0,0.0,0.0,0.0,0.0,0.0,0.0,0.0,0.0,3.47e-05,0.0,0.0,0.0,0.0,3.47e-05,0.0,0.0,0.0,0.0,0.0,3.47e-05,3.47e-05,0.0,0.0,0.0,0.0,0.0,0.000104015,0.0,0.0,0.0,0.0,0.0,0.0,0.0,0.0,0.0,0.0,0.0,0.0,0.0,0.0,0.0,0.0,0.0,0.0,0.0,0.0,0.0,0.0,0.0,6.93e-05,0.0,0.0,0.0,0.0,0.0,0.0,0.0,3.47e-05,0.0,0.0,0.0,6.93e-05,0.0,0.0,0.0,0.0,0.0,0.0,0.0,0.0,0.0,0.0,0.0,0.0,0.0,0.0,0.0,0.0,0.0,0.0,0.0,0.0,0.0,0.0,0.0,0.0,0.0,0.0,0.0,0.0,0.0,0.0,0.0,0.0,0.0,0.0,0.0,0.0,0.0,0.0,0.0,0.0,0.0,0.0,3.47e-05,0.0,0.0,0.0,0.0,3.47e-05,0.0,0.0,0.0,0.000104015,0.0,0.0,0.0,0.0,0.0,0.0,0.0,0.0,0.0,0.0,0.0,0.0,0.0,0.0,0.0,0.0,0.0,0.0,0.0,0.0,0.0,0.0,0.0,0.0,0.0,0.0,0.0,0.0,0.0,0.0,0.0,0.0,0.0,0.0,0.0,0.0,0.0,0.0,0.0,0.0,0.0,0.0,0.0,0.0,0.0,0.0,0.0,0.0,0.0,0.0,0.0,0.0,0.0,0.0,0.0,0.0,0.0,0.0,0.0,0.0,0.0,0.0,0.0,0.0,0.0,0.0,0.0,0.0,0.0,0.0,0.0,0.0,0.0,0.0,0.0,0.0,0.0,0.0,0.0,0.0,0.0,0.0,0.0,0.0,0.0,0.0,0.0,0.0,0.0,0.0,0.0,0.0,0.0,0.0,0.0,0.0,0.0,0.0,0.0,0.0,0.0,0.0,0.0,0.0,0.0,0.0,0.0,0.0,0.0,0.0,0.0,0.0,0.0,0.0,0.0,0.0,0.0,0.0,0.0,0.0,0.0,0.0,0.0,0.0,0.0,0.0,0.0,0.0,0.0,0.0,0.0,0.0,0.0,0.0,0.0,0.0,0.0,0.0,0.0,0.0,0.0,0.0,0.0,0.0,0.0,0.0,0.0,0.0,0.0,0.0,0.0,0.0,0.0,0.000173358,0.0,0.0,0.0,0.0,0.0,0.0,0.0,0.0,0.0,0.0,0.0,0.0,0.0,0.0,0.0,0.0,0.0,0.0,0.0,0.0,0.0,0.0,0.0,0.0,0.0,0.0,0.0,0.0,0.0,0.0,0.0,0.0,0.0,0.0,0.0,0.0,0.0,0.0,0.0,0.0,0.0,0.0,0.0,0.0,0.0,0.0,0.0,0.0,0.0,0.0,0.0,0.0,0.0,0.0,0.0,0.0,0.0,0.0,0.0,0.0,0.0,0.0,0.0,0.0,0.0,0.0,0.0,0.0,0.0,0.0,0.0,0.0,0.0,0.0,0.0,0.0,0.0,0.0,0.0,0.0,0.0,0.0,0.0,0.0,0.0,0.0,0.0,0.0,0.0,0.0,0.0,0.0,0.0,0.0,0.0,0.0,0.0,0.0,0.0,0.0,0.0,0.0,0.0,0.0,0.0,0.0,0.0,0.0,3.47e-05,0.0,0.0,0.0,0.0,0.0,0.0,0.0,0.0,0.0,0.0,0.0,0.0,0.0,0.0,0.0,0.0,0.0,0.0,0.0,0.0,0.0,0.0,0.0,0.0,0.0,0.0,0.0,0.0,0.0,0.0,0.0,0.0,0.0,0.0,0.0,0.0,0.0,0.0,0.0,0.0,0.0,0.0,0.0,0.0,0.0,0.0,0.0,0.0,0.0,0.0,0.0,0.0,0.0,0.0,0.0,0.0,0.0,0.0,0.0,0.0,0.0,0.0,0.0,,,,,,,,,,,,,,,,,,,,
SRR12478878,0.0,0.0,0.0,0.0,0.0,0.0,0.0,0.0,0.0,0.0,0.0,0.0,0.0,0.0,0.0,0.0,0.0,0.0,1.0,0.0,0.0,0.0,0.0,0.0,0.0,0.0,0.0,0.0,0.0,0.0,0.0,0.0,0.0,0.0,0.0,0.0,0.0,0.0,0.0,0.0,0.0,0.0,0.0,0.0,0.0,0.0,0.0,0.0,0.0,0.0,0.0,0.0,0.0,0.0,0.0,0.0,0.0,0.0,0.0,0.0,0.0,0.0,0.0,0.0,0.0,0.0,0.0,0.0,0.0,0.0,0.0,0.0,0.0,0.0,0.0,0.0,0.0,0.0,0.0,0.0,0.0,0.0,0.0,0.0,0.0,0.0,0.0,0.0,0.0,0.0,0.0,0.0,0.0,0.0,0.0,0.0,0.0,0.0,0.0,0.0,0.0,0.0,0.0,0.0,0.0,0.0,0.0,0.0,0.0,0.0,0.0,0.0,0.0,0.0,0.0,0.0,0.0,0.0,0.0,0.0,0.0,0.0,0.0,0.0,0.0,0.0,0.0,0.0,0.0,0.0,0.0,0.0,0.0,0.0,0.0,0.0,0.0,0.0,0.0,0.0,0.0,0.0,0.0,0.0,0.0,0.0,0.0,0.0,0.0,0.0,0.0,0.0,0.0,0.0,0.0,0.0,0.0,0.0,0.0,0.0,0.0,0.0,0.0,0.0,0.0,0.0,0.0,0.0,0.0,0.0,0.0,0.0,0.0,0.0,0.0,0.0,0.0,0.0,0.0,0.0,0.0,0.0,0.0,0.0,0.0,0.0,0.0,0.0,0.0,0.0,0.0,0.0,0.0,0.0,0.0,0.0,0.0,0.0,0.0,0.0,0.0,0.0,0.0,0.0,0.0,0.0,0.0,0.0,0.0,0.0,0.0,0.0,0.0,0.0,0.0,0.0,0.0,0.0,0.0,0.0,0.0,0.0,0.0,0.0,0.0,0.0,0.0,0.0,0.0,0.0,0.0,0.0,0.0,0.0,0.0,0.0,0.0,0.0,0.0,0.0,0.0,0.0,0.0,0.0,0.0,0.0,0.0,0.0,0.0,0.0,0.0,0.0,0.0,0.0,0.0,0.0,0.0,0.0,0.0,0.0,0.0,0.0,0.0,0.0,0.0,0.0,0.0,0.0,0.0,0.0,0.0,0.0,0.0,0.0,0.0,0.0,0.0,0.0,0.0,0.0,0.0,0.0,0.0,0.0,0.0,0.0,0.0,0.0,0.0,0.0,0.0,0.0,0.0,0.0,0.0,0.0,0.0,0.0,0.0,0.0,0.0,0.0,0.0,0.0,0.0,0.0,0.0,0.0,0.0,0.0,0.0,0.0,0.0,0.0,0.0,0.0,0.0,0.0,0.0,0.0,0.0,0.0,0.0,0.0,0.0,0.0,0.0,0.0,0.0,0.0,0.0,0.0,0.0,0.0,0.0,0.0,0.0,0.0,0.0,0.0,0.0,0.0,0.0,0.0,0.0,0.0,0.0,0.0,0.0,0.0,0.0,0.0,0.0,0.0,0.0,0.0,0.0,0.0,0.0,0.0,0.0,0.0,0.0,0.0,0.0,0.0,0.0,0.0,0.0,0.0,0.0,0.0,0.0,0.0,0.0,0.0,0.0,0.0,0.0,0.0,0.0,0.0,0.0,0.0,0.0,0.0,0.0,0.0,0.0,0.0,0.0,0.0,0.0,0.0,0.0,0.0,0.0,0.0,0.0,0.0,0.0,0.0,0.0,0.0,0.0,0.0,0.0,0.0,0.0,0.0,0.0,0.0,0.0,0.0,0.0,0.0,0.0,0.0,0.0,0.0,0.0,0.0,0.0,0.0,0.0,0.0,0.0,0.0,0.0,0.0,0.0,0.0,0.0,0.0,0.0,0.0,0.0,0.0,0.0,0.0,0.0,0.0,0.0,0.0,0.0,0.0,0.0,0.0,0.0,0.0,0.0,0.0,0.0,0.0,0.0,0.0,0.0,0.0,0.0,0.0,0.0,0.0,0.0,0.0,0.0,0.0,0.0,0.0,0.0,0.0,0.0,0.0,0.0,0.0,0.0,0.0,0.0,0.0,0.0,0.0,0.0,0.0,0.0,0.0,0.0,0.0,0.0,0.0,0.0,0.0,0.0,0.0,0.0,0.0,0.0,0.0,0.0,0.0,0.0,0.0,0.0,0.0,0.0,0.0,0.0,0.0,0.0,0.0,0.0,0.0,0.0,0.0,0.0,0.0,0.0,0.0,0.0,0.0,0.0,0.0,0.0,0.0,0.0,0.0,0.0,0.0,0.0,0.0,0.0,0.0,0.0,0.0,0.0,0.0,0.0,0.0,0.0,0.0,0.0,0.0,0.0,0.0,0.0,0.0,0.0,0.0,0.0,0.0,0.0,0.0,0.0,0.0,0.0,0.0,0.0,0.0,0.0,0.0,0.0,0.0,0.0,0.0,0.0,0.0,0.0,0.0,0.0,0.0,0.0,0.0,0.0,0.0,0.0,0.0,0.0,0.0,0.0,0.0,0.0,0.0,0.0,0.0,0.0,0.0,0.0,0.0,0.0,0.0,0.0,0.0,0.0,0.0,0.0,0.0,0.0,0.0,0.0,0.0,0.0,0.0,0.0,0.0,0.0,0.0,0.0,0.0,0.0,0.0,0.0,0.0,0.0,0.0,0.0,0.0,0.0,0.0,0.0,0.0,0.0,0.0,0.0,0.0,0.0,0.0,0.0,0.0,0.0,0.0,0.0,0.0,0.0,0.0,0.0,0.0,0.0,0.0,0.0,0.0,0.0,0.0,0.0,0.0,0.0,0.0,0.0,0.0,0.0,0.0,0.0,0.0,0.0,0.0,0.0,0.0,0.0,0.0,0.0,0.0,0.0,,,,,,,,,,,,,,,,,,,,
SRR12478882,0.001619695,0.005452975,0.26633193,0.010204082,0.0,0.000863838,0.013011554,0.0,0.0,0.0,0.0,0.0,0.000215959,0.0,0.0,0.00010798,0.000485909,0.00016197,0.461883166,0.004049239,0.015225138,0.00345535,0.025429219,0.012255696,0.006424792,0.004535147,0.000755858,0.002267574,0.001727675,0.000485909,0.000485909,0.000269949,0.073588165,0.031422093,0.003239391,0.00010798,5.4e-05,0.00016197,0.001187777,0.000539898,0.00016197,0.000269949,5.4e-05,5.4e-05,0.00016197,0.0,0.0,0.0,0.00010798,0.0,0.0,0.002753482,0.00010798,0.000431919,0.009664183,0.004481158,0.001079797,0.0,0.0,0.0,5.4e-05,0.00016197,0.0,0.00016197,5.4e-05,0.000269949,0.0,0.00010798,0.002915452,0.00016197,0.0,5.4e-05,5.4e-05,0.0,5.4e-05,0.0,0.003023432,0.0,0.0,0.00016197,0.000269949,0.0,0.0,0.0,0.0,0.0,0.0,5.4e-05,0.0,0.0,0.0,5.4e-05,0.0,0.0,0.0,0.0,0.0,0.0,5.4e-05,0.0,0.00010798,0.0,5.4e-05,0.0,0.0,0.0,0.0,0.0,0.0,0.0,0.003023432,0.0,0.0,0.0,0.002105604,0.0,0.0,0.0,0.0,0.0,5.4e-05,0.0,0.00016197,0.0,0.0,5.4e-05,0.00010798,5.4e-05,0.0,0.0,0.0,0.0,0.0,0.0,5.4e-05,5.4e-05,5.4e-05,0.00010798,5.4e-05,0.0,5.4e-05,0.0,0.0,0.0,0.0,0.0,0.0,0.0,0.0,0.0,0.0,5.4e-05,0.0,0.0,0.0,0.0,0.0,0.0,0.0,0.0,0.0,0.0,0.0,0.0,0.0,0.0,5.4e-05,0.0,0.0,0.0,0.0,0.0,0.0,0.0,0.0,0.0,0.0,0.0,0.0,0.0,0.0,0.0,0.0,0.0,0.0,0.007990498,0.0,0.0,0.0,0.0,0.0,0.0,0.0,0.0,0.0,5.4e-05,0.0,0.0,0.0,0.0,0.0,0.0,5.4e-05,0.0,0.0,0.0,0.0,0.0,0.0,0.0,0.0,0.0,5.4e-05,0.0,0.0,5.4e-05,5.4e-05,5.4e-05,0.0,0.0,0.0,0.0,5.4e-05,0.0,0.0,0.003185401,0.0,0.0,0.0,0.0,0.0,0.0,0.0,0.0,0.0,0.0,0.0,0.0,0.0,0.0,0.0,0.0,0.0,0.0,0.00010798,0.0,0.0,0.0,0.0,0.0,0.0,0.0,0.0,0.0,0.0,0.0,0.0,0.0,0.0,0.0,0.0,0.0,0.0,0.0,0.0,0.0,0.0,0.0,0.0,0.0,5.4e-05,0.0,0.0,0.0,0.0,0.0,0.0,0.005668934,0.0,0.0,0.0,0.0,5.4e-05,0.0,0.0,0.0,0.0,0.0,0.0,0.0,0.0,0.0,0.0,0.0,0.0,0.00010798,0.0,0.0,0.000269949,0.0,0.0,0.0,0.0,0.0,5.4e-05,0.0,5.4e-05,0.0,0.0,5.4e-05,0.0,0.0,0.0,0.0,0.0,0.0,0.0,0.0,0.0,0.0,0.0,0.0,0.0,0.0,0.0,0.0,0.0,0.0,0.0,0.0,0.0,5.4e-05,0.0,0.0,0.0,0.0,0.0,0.0,0.0,0.0,0.0,0.0,5.4e-05,5.4e-05,0.0,0.0,0.0,0.0,0.0,0.0,0.0,0.0,0.0,0.0,0.0,0.0,0.0,0.0,0.0,0.0,0.0,0.0,0.0,0.0,0.0,0.0,0.0,0.0,0.0,0.0,0.0,0.0,0.0,0.0,0.0,0.0,0.0,0.0,0.0,0.0,0.0,0.0,0.0,0.0,0.0,0.0,0.0,0.0,0.0,0.0,0.0,0.0,0.0,0.0,0.0,0.0,0.0,0.0,0.0,0.0,0.0,0.0,0.0,0.0,0.0,0.0,0.0,0.0,0.0,0.0,0.0,0.0,0.0,0.0,0.0,0.0,0.0,0.0,0.0,0.0,0.0,0.0,0.0,0.0,0.0,0.0,0.0,0.0,0.0,0.0,0.0,0.0,0.0,0.0,5.4e-05,0.0,0.0,0.0,0.0,0.0,0.0,0.0,0.0,0.0,0.0,0.0,0.0,0.0,0.0,0.0,0.0,0.0,0.0,0.0,0.0,0.0,0.0,0.0,0.0,0.0,0.0,0.0,0.0,0.0,0.0,0.0,0.0,0.0,0.0,0.0,0.0,0.0,0.0,0.0,0.0,0.0,0.0,0.0,0.0,0.0,0.0,0.0,0.0,0.0,0.0,0.0,0.0,0.0,0.0,0.0,0.00010798,0.0,5.4e-05,0.0,0.0,0.0,0.0,0.0,0.0,0.0,5.4e-05,0.0,0.0,0.0,0.0,0.0,0.0,0.0,0.0,0.0,0.0,0.0,0.0,0.0,0.0,0.0,0.0,5.4e-05,0.0,0.0,0.0,5.4e-05,0.0,0.0,0.0,0.0,0.0,0.0,0.0,0.0,0.0,0.0,0.0,0.0,0.0,0.0,0.0,0.0,5.4e-05,0.0,0.0,0.0,0.0,0.0,0.0,0.0,0.0,0.0,0.0,0.0,0.0,0.0,0.0,0.0,0.0,0.0,0.0,0.0,0.0,0.0,0.0,0.0,0.0,0.00016197,0.0,0.0,0.0,0.0,0.0,0.0,0.0,0.0,0.0,0.0,0.0,0.0,0.0,0.0,0.0,0.0,0.0,0.0,0.0,0.0,0.0,0.0,0.0,0.0,0.0,0.0,0.0,0.0,0.0,0.0,0.0,0.0,0.0,0.0,5.4e-05,0.0,0.0,0.0,0.0,0.0,0.0,0.0,0.0,0.0,0.0,0.0,0.0,0.0,0.0,0.0,0.0,0.0,0.0,0.0,0.0,0.0,0.0,0.0,0.0,0.0,0.0,0.0,0.0,0.0,0.0,0.0,0.0,0.0,0.0,0.0,0.0,0.0,0.0,0.0,0.0,0.0,0.0,0.0,0.0,0.0,0.0,0.0,0.0,0.0,0.0,0.0,0.0,0.0,0.0,0.0,0.0,0.0,0.0,0.0,0.0,,,,,,,,,,,,,,,,,,,,
SRR12478884,0.863046125,0.000202895,0.017246044,0.000135263,6.76e-05,0.000202895,6.76e-05,0.0,0.0,0.000946842,0.0,0.0,0.0,0.0,0.0,0.0,0.000135263,6.76e-05,0.043487082,0.0,0.00351684,0.003584472,0.003246314,0.004869471,0.007304207,0.001623157,0.000608684,0.000608684,6.76e-05,0.0,0.000202895,0.000135263,0.007642364,0.005816313,0.000338158,6.76e-05,0.000338158,6.76e-05,0.00087921,0.000541052,0.0,0.000135263,0.000270526,0.0,6.76e-05,6.76e-05,0.0,0.0,0.000743947,0.0,0.0,0.008251048,0.000338158,0.000608684,0.005951576,0.000338158,0.000541052,0.0,0.0,0.0,0.0,0.0,0.0,0.000405789,0.0,0.0,0.002164209,0.000270526,0.000676315,6.76e-05,0.0,0.000202895,0.0,0.000541052,0.0,0.0,6.76e-05,0.0,0.0,0.0,0.000405789,0.0,0.0,0.0,0.0,6.76e-05,0.0,0.000338158,6.76e-05,0.0,6.76e-05,0.000135263,0.000135263,0.0,6.76e-05,0.0,0.0,0.0,6.76e-05,6.76e-05,0.0,0.0,0.000135263,0.0,0.0,0.0,0.0,0.0,0.0,0.0,0.002772893,0.0,6.76e-05,0.0,0.000338158,0.0,0.0,0.0,0.0,6.76e-05,0.000338158,0.000743947,0.0,0.0,0.0,0.0,0.0,6.76e-05,0.0,0.0,0.0,0.0,0.0,0.0,0.000202895,6.76e-05,0.000338158,6.76e-05,0.0,0.0,0.000473421,0.0,0.0,0.0,0.0,0.0,0.0,0.0,0.0,0.0,0.0,6.76e-05,0.0,0.0,0.0,0.0,6.76e-05,0.0,0.0,0.0,0.0,0.0,0.0,6.76e-05,0.0,0.0,0.0,0.0,0.0,0.0,0.0,0.0,0.000135263,0.0,0.0,0.0,0.0,0.0,0.0,0.0,0.0,0.0,0.0,0.0,0.0,0.0,0.0,0.001352631,0.0,0.0,0.0,0.0,0.0,0.0,0.0,6.76e-05,0.0,0.0,0.0,6.76e-05,0.0,0.0,0.000202895,0.0,0.0,6.76e-05,0.0,0.0,0.0,0.0,0.0,0.0,0.0,0.0,0.0,0.0,0.000202895,0.0,0.0,0.0,0.0,0.0,0.0,0.0,0.0,0.0,0.0,0.0,6.76e-05,0.0,0.0,0.0,0.0,0.0,0.0,6.76e-05,0.0,0.0,0.0,0.0,0.0,0.0,0.0,0.0,0.0,0.0,0.0,0.000202895,0.0,0.0,0.0,0.0,0.0,0.0,0.0,0.0,0.0,0.0,6.76e-05,0.0,0.0,0.0,0.0,0.0,0.0,0.0,0.0,0.0,0.0,0.0,0.0,0.0,0.0,0.0,0.0,6.76e-05,0.0,0.000135263,0.0,0.0,0.0,0.0,0.0,0.0,0.0,0.0,0.0,0.0,0.0,0.0,0.0,0.0,0.0,0.0,0.0,0.0,0.0,0.0,0.000743947,0.0,0.0,0.0,0.0,0.0,6.76e-05,0.0,0.0,0.0,0.0,0.0,0.0,0.0,0.0,0.0,0.0,0.0,0.0,0.0,0.0,0.0,0.0,0.0,0.0,0.0,0.0,0.0,0.0,0.0,6.76e-05,0.0,0.0,0.0,0.000202895,0.0,0.0,6.76e-05,0.0,0.0,0.0,0.0,0.0,0.0,0.0,0.0,0.0,0.0,0.0,0.0,0.0,0.0,0.0,0.0,0.0,0.0,0.0,0.0,0.0,0.0,0.0,0.0,0.0,0.0,0.0,0.0,0.0,0.0,0.0,0.0,0.0,0.0,0.0,0.0,0.0,0.0,0.0,0.0,0.0,0.0,0.0,0.0,0.0,0.0,0.0,0.0,0.0,0.0,0.0,0.0,0.0,0.0,0.0,0.0,0.0,0.0,0.0,0.0,0.0,0.0,0.0,0.0,0.0,0.0,0.0,0.0,0.0,0.0,0.0,0.0,0.0,0.0,0.0,0.0,0.0,0.0,0.0,0.0,0.0,0.0,0.0,0.0,0.0,0.0,0.0,0.0,0.0,0.0,0.0,0.0,0.0,0.0,0.0,0.0,0.0,0.0,0.0,0.0,0.0,0.0,0.0,0.0,0.0,0.0,0.0,0.0,0.0,0.0,0.0,0.0,0.0,0.0,0.0,0.0,0.0,0.0,0.0,0.0,0.0,0.0,0.0,0.0,0.0,0.0,0.0,0.0,0.0,0.0,0.0,0.0,0.0,0.0,0.0,0.0,0.0,0.0,0.0,0.0,0.0,0.0,0.0,0.0,0.0,0.0,0.0,0.0,0.0,0.0,0.0,0.0,0.0,0.0,0.0,0.0,0.0,0.0,0.0,0.0,0.0,0.0,0.0,0.0,0.0,0.0,0.0,0.0,0.0,0.0,0.0,0.0,0.0,0.0,0.0,0.0,0.0,0.0,0.0,0.0,0.0,0.0,0.0,0.0,0.0,0.0,0.0,0.0,0.0,0.0,0.0,0.0,0.0,0.0,0.0,0.0,0.0,0.0,0.0,6.76e-05,0.0,0.0,0.0,0.0,0.0,0.0,0.0,0.0,0.0,0.0,0.0,0.0,0.0,0.0,0.0,0.0,0.0,0.0,0.0,0.0,0.0,0.0,0.0,0.0,0.0,0.0,0.0,0.0,0.0,0.0,0.0,0.0,0.0,0.0,0.0,0.0,0.0,0.0,0.0,0.0,0.0,0.0,0.0,0.0,0.0,0.0,0.0,0.0,0.0,0.0,0.0,0.0,0.0,0.0,0.0,0.0,0.0,0.0,0.0,0.0,0.0,0.0,0.0,0.0,0.0,0.0,0.0,0.0,0.0,0.0,0.0,0.0,0.0,0.0,0.0,0.0,0.0,0.0,0.0,0.0,0.0,0.0,0.0,0.0,0.0,0.0,0.0,0.0,0.0,0.0,0.0,0.0,0.0,0.0,0.0,0.0,0.0,0.0,0.0,0.0,0.0,0.0,0.0,0.0,0.0,0.0,0.0,0.0,0.0,0.0,0.0,0.0,0.0,0.0,0.0,0.0,0.0,0.0,0.0,0.0,0.0,0.0,0.0,,,,,,,,,,,,,,,,,,,,
SRR12478885,0.619807,0.04105332,0.185312398,0.000163559,0.0,0.0,0.0,0.0,0.0,0.000572457,0.0,0.0,0.000981354,0.0,0.0,0.0,0.0,0.0,0.087095191,0.0,0.003598299,0.001799149,0.003598299,0.001144913,0.000163559,0.000408898,8.18e-05,0.0,0.000163559,0.0,0.001063134,0.0,0.000981354,0.000736016,0.000736016,0.0,0.0,0.0,0.001308472,0.000490677,0.0,0.0,0.001226693,0.0,0.000163559,0.0,0.0,0.0,8.18e-05,0.0,0.0,0.004416094,8.18e-05,0.003025842,0.008014393,0.000327118,8.18e-05,0.0,0.0,0.0,8.18e-05,0.0,0.0,0.000327118,0.0,0.0,8.18e-05,0.0,0.000572457,8.18e-05,0.0,8.18e-05,0.0,0.0,0.0,0.0,0.0,0.0,8.18e-05,0.000163559,0.000163559,0.0,0.0,0.0,0.0,0.0,0.0,0.002944063,0.000245339,8.18e-05,0.000408898,0.000654236,0.000736016,0.000327118,0.000490677,0.0,0.000408898,0.000163559,0.000327118,0.000408898,0.0,0.0,8.18e-05,8.18e-05,0.0,0.0,0.0,0.0,0.0,0.0,8.18e-05,0.0,0.0,8.18e-05,0.000817795,0.0,0.011694472,0.0,0.0,0.0,0.0,0.002208047,0.0,0.0,0.0,0.0,0.0,0.0,0.0,8.18e-05,0.0,0.0,0.0,0.0,0.0,0.0,0.0,0.000163559,0.0,0.0,0.0,0.0,0.0,0.0,0.0,0.0,8.18e-05,0.0,0.0,0.0,0.0,0.0,0.0,0.0,0.0,0.0,0.0,0.0,0.0,0.0,0.0,0.0,0.0,0.0,0.0,0.0,0.0,0.002126268,8.18e-05,8.18e-05,0.0,0.0,0.0,0.0,0.0,0.0,0.0,0.0,0.0,0.0,0.0,0.0,0.0,0.0,0.0,8.18e-05,0.0,0.0,0.0,0.0,0.0,0.0,0.0,0.0,0.0,0.0,8.18e-05,0.0,0.0,0.0,0.0,0.0,0.0,0.0,0.0,0.000163559,0.0,0.0,0.0,0.0,0.0,0.0,0.0,0.000408898,0.0,0.0,0.001799149,0.0,0.0,8.18e-05,0.0,0.0,0.0,0.0,0.0,0.0,0.0,0.0,8.18e-05,0.000163559,0.000327118,0.0,0.0,0.0,0.0,0.0,0.0,0.0,0.0,0.0,0.0,0.0,0.0,8.18e-05,0.0,0.0,0.0,0.0,0.0,8.18e-05,0.0,0.0,0.0,0.0,0.0,0.0,0.0,0.0,0.0,0.0,0.0,0.0,0.0,0.0,0.0,0.0,0.0,0.0,0.0,0.0,0.0,0.0,0.0,0.0,0.0,0.0,0.0,0.000163559,0.0,0.0,8.18e-05,0.0,0.0,0.0,0.0,0.0,0.0,0.0,0.0,0.0,0.0,0.0,0.0,0.0,0.0,0.000163559,0.0,0.0,0.0,0.0,0.0,0.0,0.0,0.0,8.18e-05,0.0,0.0,0.0,0.0,0.0,0.0,0.0,0.0,0.0,0.0,0.0,8.18e-05,0.0,0.0,0.0,0.0,0.0,0.0,0.0,0.0,0.0,0.0,0.0,0.0,0.0,0.0,0.0,0.0,0.0,0.0,8.18e-05,0.000163559,0.0,0.0,0.0,0.0,8.18e-05,0.0,0.0,0.0,0.0,0.0,0.0,0.0,0.0,0.0,0.0,0.0,0.0,0.0,0.0,0.0,0.0,0.0,0.0,0.0,0.0,8.18e-05,0.0,0.0,0.0,0.0,0.0,0.0,0.0,0.0,0.0,0.0,0.0,0.0,0.0,0.0,8.18e-05,0.0,0.0,0.0,0.0,0.0,0.0,0.0,0.0,0.0,0.0,0.0,0.0,0.0,0.0,0.0,0.0,0.0,0.0,0.0,0.0,0.0,0.0,0.0,0.0,0.0,0.0,0.0,0.0,0.0,0.0,8.18e-05,0.0,0.0,0.0,0.0,0.0,0.0,0.0,0.0,0.0,0.0,0.0,0.0,0.0,0.0,0.0,0.0,0.0,0.0,0.0,0.0,0.0,0.0,0.0,0.0,0.0,0.0,0.0,0.0,0.0,0.0,0.0,0.0,0.0,0.0,0.0,0.0,0.0,0.0,0.0,0.0,0.0,0.0,0.0,0.0,0.0,0.0,0.0,0.0,0.0,0.0,0.0,0.0,0.0,0.0,0.0,0.0,0.0,0.0,0.0,0.0,0.0,0.0,0.0,0.0,0.0,0.0,0.0,0.0,0.0,0.0,0.0,0.0,0.0,0.0,0.0,0.0,0.0,0.0,8.18e-05,0.0,0.0,0.0,0.0,0.0,0.0,0.0,0.0,0.0,0.0,0.0,0.0,0.0,0.0,0.0,0.0,0.0,0.0,0.0,0.0,0.0,0.0,0.0,0.0,0.0,0.0,0.0,0.0,0.0,0.0,0.0,0.0,0.0,0.0,0.0,0.0,0.0,0.0,0.0,0.0,0.0,0.0,0.0,0.0,0.0,0.0,0.0,0.0,0.0,0.0,0.0,0.0,0.0,0.0,0.0,0.0,0.0,0.0,8.18e-05,0.0,0.0,0.0,0.0,0.0,0.0,8.18e-05,0.0,0.0,0.0,0.0,0.0,0.0,0.0,0.0,0.0,0.0,0.0,0.0,0.0,0.0,0.0,0.0,0.0,0.0,8.18e-05,0.0,0.0,0.0,0.0,0.0,0.0,0.0,0.0,0.0,0.0,0.0,0.0,0.0,0.0,0.0,0.0,0.0,0.0,0.0,0.0,0.0,0.0,0.0,0.0,0.0,0.0,0.0,0.0,0.0,0.0,0.0,0.0,0.0,0.0,0.0,0.0,0.0,0.0,0.0,0.0,0.0,0.0,0.0,0.0,0.0,0.0,0.0,0.0,0.0,0.0,0.0,0.0,0.0,0.0,0.0,0.0,0.0,0.0,0.0,0.0,0.0,0.0,0.0,0.0,0.0,0.0,0.0,0.0,0.0,0.0,0.0,0.0,0.0,0.0,0.0,0.0,0.0,0.0,0.0,0.0,0.0,0.0,0.0,0.0,0.0,0.0,,,,,,,,,,,,,,,,,,,,
SRR12478886,0.004086398,0.790560869,0.009789393,0.000134716,0.0,4.49e-05,0.0,0.000134716,0.0,4.49e-05,0.021464817,0.0,0.001167542,0.0,0.000134716,8.98e-05,0.0,0.0,0.003457721,8.98e-05,0.000269433,8.98e-05,0.000359244,0.012977682,0.000404149,0.000314338,4.49e-05,0.000134716,0.0,0.0,0.0,4.49e-05,0.001302259,0.002155463,0.000628677,0.0,4.49e-05,0.000673582,0.000763393,0.00049396,0.000134716,0.0,0.0,0.0,0.000224527,4.49e-05,0.0,0.0,4.49e-05,0.0,0.0,0.000179622,0.000673582,0.061385783,0.000179622,0.00049396,0.001257353,0.0,0.0,4.49e-05,4.49e-05,4.49e-05,0.0,0.0,0.0,0.000224527,4.49e-05,0.0,4.49e-05,0.0,0.0,0.000538866,0.0,0.0,0.0,0.0,4.49e-05,0.0,0.0,0.0,0.000179622,0.0,0.0,0.0,0.0,0.0,0.0,0.013651264,0.001257353,8.98e-05,0.000314338,0.033274956,0.005972428,0.000583771,0.004041493,0.001302259,0.001661503,0.001032826,0.000538866,0.003233194,4.49e-05,0.000404149,0.000583771,0.000179622,0.0,0.0,4.49e-05,8.98e-05,4.49e-05,0.0,4.49e-05,0.0,8.98e-05,0.0,0.000359244,0.0,0.004804886,0.0,0.0,8.98e-05,0.0,4.49e-05,0.0,0.0,4.49e-05,0.0,0.0,0.0,0.0,0.0,8.98e-05,0.0,0.0,0.0,0.0,8.98e-05,0.0,0.000449055,0.0,0.0,0.000538866,0.0,4.49e-05,0.0,0.0,0.0,0.000179622,4.49e-05,0.0,0.0,0.0,0.0,0.0,0.0,0.0,0.0,0.0,0.0,0.0,4.49e-05,0.0,0.0,0.0,0.000134716,0.0,0.0,0.0,0.0,8.98e-05,8.98e-05,0.0,0.0,0.0,0.0,0.0,0.0,0.0,0.0,0.0,0.0,0.0,0.0,0.0,0.0,0.0,0.0,0.0,0.0,0.0,0.0,0.0,0.0,0.0,0.0,0.0,0.000314338,8.98e-05,0.0,0.0,0.0,0.0,0.0,0.0,0.0,4.49e-05,0.0,0.0,0.000583771,0.0,0.0,8.98e-05,0.0,0.000134716,0.000224527,4.49e-05,0.0,4.49e-05,0.0,0.000404149,0.0,0.0,0.0,0.0,0.0,0.0,0.0,0.0,0.0,8.98e-05,4.49e-05,0.0,0.000449055,0.0,0.0,4.49e-05,0.0,0.0,4.49e-05,0.0,0.0,0.0,0.0,0.0,4.49e-05,0.0,0.0,0.0,0.000404149,4.49e-05,0.000224527,0.0,0.000134716,0.0,0.0,0.0,0.0,0.0,0.0,0.0,0.0,0.0,0.0,0.0,0.0,0.0,0.0,0.0,0.0,0.0,0.0,0.0,0.0,0.0,0.0,0.0,0.0,4.49e-05,4.49e-05,0.0,4.49e-05,0.0,0.0,0.0,4.49e-05,0.0,0.0,4.49e-05,0.0,4.49e-05,0.0,0.0,0.000853204,0.0,8.98e-05,0.000628677,0.0,0.0,0.0,0.0,0.0,0.0,0.0,0.0,0.0,4.49e-05,0.0,0.0,0.0,0.000359244,0.0,0.0,0.0,0.0,0.0,8.98e-05,4.49e-05,0.0,0.0,0.0,0.0,0.0,4.49e-05,0.0,0.0,0.0,0.000134716,0.0,0.0,0.0,0.0,0.0,0.0,0.0,0.0,0.0,0.0,0.0,0.0,0.0,0.0,0.0,0.0,0.0,0.0,0.000134716,0.0,0.0,0.0,0.0,0.0,0.0,0.0,0.0,0.0,0.0,0.0,0.0,0.0,0.0,0.0,0.0,0.0,0.0,0.0,0.0,0.0,4.49e-05,0.0,4.49e-05,0.0,0.0,0.0,0.0,0.0,0.0,0.0,0.0,0.0,0.0,0.0,0.0,0.0,0.0,0.0,0.0,0.0,0.0,0.0,0.0,0.0,0.0,0.0,0.0,0.0,0.0,0.0,0.0,0.0,0.0,0.0,0.0,0.0,0.0,4.49e-05,0.0,0.0,0.0,0.0,0.0,0.0,0.0,0.0,0.0,0.0,0.0,0.0,0.0,0.0,0.0,0.0,0.0,0.0,0.0,0.0,0.0,0.0,0.0,0.0,0.0,0.0,0.0,0.0,0.0,0.0,4.49e-05,0.0,0.0,0.0,0.0,0.0,0.0,0.0,0.0,0.0,0.0,0.0,0.0,0.0,0.0,0.0,0.0,0.0,0.0,0.0,0.0,0.0,0.0,0.0,0.0,0.0,0.0,0.0,0.0,0.0,0.0,0.0,0.0,0.0,0.0,0.0,0.0,0.0,0.0,0.0,0.0,0.0,0.0,0.0,0.0,0.0,0.0,0.0,0.0,0.0,0.0,0.0,0.0,0.0,0.0,0.0,0.0,0.0,0.0,0.0,0.0,0.0,0.0,0.0,0.0,0.0,0.0,0.0,0.0,0.0,0.0,0.0,0.0,0.0,0.0,0.0,0.0,0.0,4.49e-05,0.0,0.0,0.0,0.0,0.0,0.0,0.0,0.0,0.0,0.0,0.0,0.0,0.0,0.0,0.0,0.0,0.0,0.0,0.0,0.0,0.0,0.0,0.0,0.0,0.0,0.0,0.0,0.0,0.0,0.0,0.0,0.0,0.0,0.0,0.0,0.0,0.0,0.0,0.0,0.0,0.0,0.0,0.0,4.49e-05,0.0,0.0,0.0,0.0,0.0,0.0,0.0,0.0,0.0,0.0,0.0,0.0,0.0,0.0,0.0,8.98e-05,0.0,0.0,0.0,0.0,0.0,0.0,0.0,0.0,0.0,0.0,0.0,0.0,0.0,0.0,0.0,0.0,0.0,0.0,0.0,0.0,0.0,0.0,0.0,0.0,0.0,0.0,0.0,0.0,0.0,0.0,8.98e-05,0.0,0.0,0.0,0.0,0.0,0.0,0.0,0.0,0.0,0.0,0.0,0.0,0.0,0.0,0.0,0.0,0.0,0.0,0.0,0.0,0.0,0.0,0.0,0.0,0.0,0.0,0.0,0.0,0.0,0.0,0.0,0.0,0.0,0.0,0.0,0.0,0.0,0.0,0.0,0.0,0.0,0.0,0.0,0.0,0.0,0.0,0.0,0.0,0.0,0.0,0.0,0.0,0.0,0.0,0.0,,,,,,,,,,,,,,,,,,,,
SRR12478889,0.456097824,0.000538677,0.090066796,0.011096746,0.000107735,0.00210084,0.000161603,0.0,0.0,0.000107735,0.0,0.0,5.39e-05,0.0,0.0,5.39e-05,0.000377074,0.0,0.168767507,0.001669899,0.007810817,0.007002801,0.020631329,0.010450334,0.036522301,0.005440638,0.000215471,0.000646412,0.001777634,0.001238957,0.000430942,0.000269339,0.048858005,0.010719672,0.001562163,0.000215471,0.009588451,0.000377074,0.00140056,0.001238957,0.004417151,0.001454428,0.011797027,5.39e-05,0.000269339,5.39e-05,0.0,5.39e-05,5.39e-05,0.000107735,0.0,0.023755656,0.000430942,0.001939237,0.000161603,0.000808016,0.00188537,0.0,5.39e-05,0.0,0.000484809,0.000107735,0.0,0.000323206,0.000107735,0.000215471,0.00328593,0.000808016,0.001669899,5.39e-05,0.0,0.0,0.0,0.000161603,0.0,0.0,0.006356389,0.000107735,0.0,0.000269339,0.000538677,0.0,0.0,0.0,0.0,0.0,0.0,0.000754148,0.000215471,0.0,5.39e-05,0.000377074,0.000646412,5.39e-05,0.000323206,5.39e-05,0.000107735,5.39e-05,0.0,0.000107735,0.0,0.0,5.39e-05,0.0,0.0,0.0,0.0,0.0,0.0,0.0,0.005440638,0.0,0.0,0.0,0.0,0.0,0.0,0.0,0.0,0.0,0.0,0.000969619,0.0,5.39e-05,0.000107735,0.000107735,0.000107735,5.39e-05,5.39e-05,0.000161603,0.0,0.0,0.0,0.0,0.000107735,0.0,0.000215471,0.000161603,5.39e-05,0.0,0.004740358,0.0,0.000107735,0.0,0.0,0.0,5.39e-05,0.0,0.0,0.0,0.0,0.001777634,0.0,5.39e-05,0.0,0.0,0.0,0.0,0.0,5.39e-05,0.0,0.0,0.0,0.0,0.0,0.0,0.0,0.000215471,0.000107735,0.0,0.0,0.0,0.0,0.0,0.0,0.0,0.0,0.0,0.000107735,0.0,0.0,0.0,0.0,0.0,0.0,0.007810817,0.0,0.000161603,0.0,0.0,0.0,0.0,0.0,0.0,0.0,5.39e-05,0.0,0.0,0.0,0.0,0.0,0.0,0.0,0.0,5.39e-05,0.0,0.0,0.0,0.0,0.0,0.0,0.0,0.0,5.39e-05,0.0,0.0,0.0,5.39e-05,0.0,0.0,0.0,5.39e-05,0.002316311,0.0,0.0,0.002962724,0.0,0.0,0.0,0.0,0.0,0.000107735,0.0,0.0,0.0,0.000808016,0.0,0.0,0.0,0.0,0.0,0.0,0.0,5.39e-05,0.0,0.0,0.0,0.0,0.0,0.0,0.0,0.0,0.0,0.0,5.39e-05,5.39e-05,0.0,0.0,0.0,0.0,0.0,0.0,0.0,5.39e-05,0.0,0.0,0.0,0.0,0.0,0.0,0.0,0.0,0.0,0.0,0.0,0.0,0.0,0.000646412,0.0,0.0,0.0,0.0,0.0,0.0,0.0,5.39e-05,0.0,0.0,0.0,0.0,0.0,0.0,0.0,0.0,0.0,5.39e-05,0.0,0.0,0.00140056,0.0,0.0,0.0,0.0,0.0,0.000161603,0.0,0.000107735,0.0,0.0,5.39e-05,5.39e-05,0.0,0.0,0.0,0.0,0.0,0.0,0.0,0.000161603,0.0,0.0,0.0,0.0,0.0,0.0,0.0,0.0,0.0,0.0,0.0,0.0,0.0,0.0,0.000592545,0.0,0.0,5.39e-05,0.0,0.0,0.0,0.0,0.0,0.0,0.0,0.0,0.0,0.0,0.0,0.0,0.0,0.0,5.39e-05,5.39e-05,0.0,0.0,5.39e-05,0.0,0.0,0.0,0.0,0.0,0.0,0.0,0.0,0.0,0.0,0.0,0.000107735,0.0,0.0,0.0,0.0,0.0,0.0,0.0,0.0,0.0,5.39e-05,0.0,0.0,0.0,0.0,0.0,0.0,0.0,0.0,0.0,0.0,0.0,0.0,0.0,0.0,0.0,0.0,0.0,0.0,0.0,0.0,0.0,0.0,0.0,0.0,0.0,0.0,0.0,0.0,0.0,0.0,0.0,0.0,0.0,0.0,0.0,0.0,0.0,0.0,0.0,0.0,0.0,0.0,0.0,0.0,0.0,0.0,0.0,0.0,0.0,0.0,0.0,0.0,0.0,0.0,0.0,0.0,0.0,0.0,0.0,0.0,0.0,0.0,0.0,0.0,0.0,0.0,0.0,0.0,0.0,0.0,0.0,0.0,0.0,0.0,0.0,0.0,0.0,0.0,0.0,0.0,0.0,0.0,0.0,0.0,0.0,0.0,0.0,0.0,0.000592545,0.0,0.0,0.0,0.0,0.0,0.0,0.0,0.0,0.0,0.0,0.000161603,0.0,0.0,0.0,0.0,0.003663004,0.0,0.0,0.0,0.0,0.0,0.0,0.0,0.0,0.0,0.0,0.0,0.0,0.0,0.0,0.0,0.0,0.0,0.0,0.0,0.0,0.0,0.0,0.0,0.0,0.0,0.0,0.0,0.0,0.0,0.0,0.0,0.0,0.0,0.0,0.0,0.0,0.0,0.0,0.0,0.0,0.0,0.0,0.0,0.0,0.0,0.0,0.0,0.0,0.0,0.0,5.39e-05,0.0,0.0,0.0,0.0,0.0,0.0,0.0,0.0,0.0,0.0,0.0,0.0,0.0,0.0,0.0,0.0,0.0,0.0,0.0,0.0,0.0,0.0,0.0,0.0,0.0,0.0,0.0,0.0,0.0,0.000107735,5.39e-05,0.0,0.0,0.0,0.0,0.0,0.0,0.0,0.0,0.0,0.0,0.0,0.0,0.0,0.0,0.0,0.0,0.0,0.0,0.0,0.0,0.0,0.0,0.0,0.0,0.0,0.0,0.0,0.0,0.0,0.0,0.0,0.0,0.0,0.0,0.0,0.0,0.0,0.0,0.0,0.0,0.0,0.0,0.0,0.0,0.0,0.0,0.0,0.0,0.0,0.0,0.0,5.39e-05,0.0,0.0,0.0,0.0,0.0,0.0,0.0,0.0,0.0,0.0,0.0,0.0,0.0,0.0,0.0,0.0,0.0,0.0,0.0,0.0,0.0,0.0,0.0,0.0,0.0,0.0,0.0,0.0,0.0,0.0,0.0,0.0,0.0,0.0,0.0,0.0,0.0,0.0,0.0,0.0,0.0,0.0,,,,,,,,,,,,,,,,,,,,
SRR12478890,0.396618214,0.009068949,0.133067763,0.00733144,4.24e-05,4.24e-05,0.003475018,0.0,8.48e-05,0.004322583,4.24e-05,4.24e-05,4.24e-05,0.0,0.0,0.0,0.000762809,8.48e-05,0.179853371,0.008094249,0.003559775,0.007458575,0.022206213,0.009619867,0.025596474,0.003475018,0.000381404,0.000466161,0.003686909,0.000339026,0.000720431,0.000508539,0.053227105,0.009407976,0.016485146,0.000635674,0.000593296,8.48e-05,0.001525618,0.000508539,8.48e-05,0.000508539,0.000127135,0.0,0.000127135,4.24e-05,8.48e-05,4.24e-05,0.00025427,0.0,0.0,0.012501589,8.48e-05,0.001907022,0.001991779,0.000339026,0.009662245,0.0,0.0,8.48e-05,0.000339026,0.000211891,4.24e-05,0.001864644,0.0,0.0,4.24e-05,0.0,0.000339026,0.0,0.0,8.48e-05,0.0,4.24e-05,0.0,0.0,0.008009493,0.0,0.0,0.000339026,0.000932322,0.0,0.0,0.0,0.0,4.24e-05,0.0,0.000762809,4.24e-05,0.000211891,0.0,0.0,0.000169513,8.48e-05,0.0,8.48e-05,0.0,4.24e-05,0.0,0.0,8.48e-05,0.0,0.000169513,0.0,0.0,0.0,0.0,4.24e-05,0.0,4.24e-05,0.001356105,0.0,8.48e-05,0.0,0.030639488,0.0,0.000127135,8.48e-05,0.0,0.000296648,0.005466797,0.000466161,0.0,0.0,0.0,4.24e-05,4.24e-05,0.0,0.0,4.24e-05,4.24e-05,0.0,0.0,0.0,0.0009747,8.48e-05,0.0,0.000169513,0.0,0.0,0.000127135,0.0,4.24e-05,0.0,0.0,0.000169513,4.24e-05,0.000127135,0.0,0.00122897,0.0,0.0,0.0,0.000847565,0.0,0.0,0.0,0.0,0.0,0.0,0.0,0.0,0.0,8.48e-05,0.0,0.0,0.0,0.00025427,4.24e-05,0.0,4.24e-05,0.0,0.0,0.0,0.0,0.0,0.0,0.0,0.0,0.0,0.0,0.0,0.0,0.0,0.0,0.001695131,0.0,0.0,0.0,0.0,0.0,0.0,0.0,0.0,0.0,8.48e-05,0.0,4.24e-05,0.0,0.0,0.0,0.0,0.0,0.0,4.24e-05,0.0,0.0,4.24e-05,0.0,0.0,4.24e-05,4.24e-05,0.0,0.0,0.0,0.0,0.0,0.0,0.0,0.0,4.24e-05,0.0,4.24e-05,0.0,4.24e-05,0.002542696,4.24e-05,0.0,0.0,0.0,0.0,4.24e-05,0.0,0.0,0.0,0.0,0.0,0.0,0.0,0.0,0.0,0.0,0.0,0.0,0.0,0.0,0.0,0.0,0.0,0.000127135,0.0,0.0,0.0,0.0,0.0,0.0,0.0,0.0,0.0,0.0,0.0,0.0,0.0,0.0,0.0,0.0,0.0,0.0,0.0,0.0,4.24e-05,0.0,0.0,8.48e-05,0.0,0.0,0.0,0.00317837,0.0,0.0,0.0,0.0,0.0,0.0,0.0,0.0,0.0,4.24e-05,0.0,0.0,0.0,0.0,0.0,0.0,0.0,0.0,8.48e-05,0.000169513,0.001907022,0.0,0.0,0.0,0.0,0.0,0.000169513,0.0,0.0,0.0,0.0,0.0,0.000127135,0.0,0.0,0.0,0.0,0.0,0.0,0.0,0.0,0.0,0.0,0.0,0.0,4.24e-05,0.0,0.0,0.0,0.0,0.0,0.0,0.0,4.24e-05,0.0,0.0,0.0,0.0,0.0,0.0,0.0,0.0,0.0,4.24e-05,0.0,0.0,0.0,0.0,0.0,0.0,0.0,0.0,0.0,4.24e-05,0.0,0.0,0.0,8.48e-05,0.0,0.0,0.0,0.0,0.0,0.0,0.0,0.0,0.0,0.0,0.0,0.0,4.24e-05,4.24e-05,0.0,0.0,0.0,0.0,0.0,0.0,0.0,0.0,0.0,0.000169513,0.0,0.0,0.0,0.0,0.0,0.0,0.0,0.0,0.0,0.0,0.0,0.0,0.0,0.0,0.0,0.0,0.0,0.0,8.48e-05,0.0,0.0,0.0,0.0,0.0,0.0,0.0,0.0,0.0,0.0,0.0,0.0,0.0,0.0,0.0,0.0,0.0,0.0,0.0,0.0,0.0,0.0,0.0,0.0,0.0,0.0,0.0,0.0,0.0,0.0,0.0,0.0,0.0,0.0,0.0,0.0,0.0,0.0,0.0,0.0,0.0,0.0,0.0,0.0,0.0,0.0,0.0,0.0,0.0,0.0,0.0,0.0,0.0,0.0,0.0,0.0,0.0,0.0,0.0,0.0,0.0,0.0,0.0,0.0,0.0,0.0,0.0,0.00025427,0.0,0.0,0.0,0.0,0.0,0.0,0.0,0.0,0.0,0.0,0.0,0.0,0.0,0.0,0.0,0.0,0.0,0.0,0.0,0.0,0.0,0.0,0.0,0.0,0.0,0.0,0.0,0.0,0.0,0.0,0.0,0.0,0.0,0.0,0.0,0.0,0.0,0.0,0.0,0.0,0.0,0.0,0.0,0.0,0.0,0.0,0.0,0.0,0.0,0.0,0.0,0.0,0.0,0.0,0.0,0.0,0.0,0.0,0.0,0.0,0.0,0.0,0.0,0.0,0.0,0.0,0.0,0.0,0.0,8.48e-05,0.0,0.0,0.0,0.0,0.0,0.0,0.0,0.0,0.0,0.0,0.0,0.0,0.0,0.0,0.0,0.0,0.0,0.0,0.0,4.24e-05,0.0,0.0,0.0,0.0,0.0,0.0,4.24e-05,0.0,0.0,0.0,0.0,0.0,0.0,0.0,0.0,0.0,0.0,0.0,0.0,0.0,0.0,0.0,0.0,0.0,0.0,0.0,0.0,0.0,0.0,0.0,0.0,0.0,0.0,0.0,0.0,0.0,0.0,0.0,0.0,0.0,0.0,0.0,0.0,0.0,0.0,0.0,0.0,0.0,0.0,0.0,0.0,0.0,0.0,0.0,0.0,0.0,0.0,0.0,0.0,0.0,4.24e-05,0.0,0.0,0.0,0.0,0.0,0.0,0.0,0.0,0.0,0.0,0.0,0.0,0.0,0.0,0.0,0.0,0.0,0.0,0.0,0.0,0.0,0.0,0.0,0.0,0.0,0.0,0.0,0.0,0.0,0.0,0.0,0.0,0.0,0.0,0.0,0.0,0.0,0.0,0.0,0.0,0.0,,,,,,,,,,,,,,,,,,,,
SRR12478891,0.166666667,0.0,0.0,0.0,0.0,0.0,0.0,0.0,0.0,0.0,0.0,0.0,0.0,0.0,0.0,0.0,0.0,0.0,0.041666667,0.0,0.0,0.0,0.0,0.0,0.0,0.0,0.0,0.0,0.0,0.0,0.0,0.0,0.0,0.0,0.0,0.0,0.0,0.0,0.0,0.0,0.0,0.0,0.0,0.0,0.0,0.0,0.0,0.0,0.0,0.0,0.0,0.0,0.0,0.0,0.0,0.229166667,0.0,0.0,0.0,0.0,0.0,0.0,0.0,0.0,0.0,0.0,0.0,0.0,0.0,0.020833333,0.0,0.0,0.0,0.0,0.0,0.0,0.0,0.0,0.0,0.0,0.0,0.0,0.0,0.0,0.0,0.083333333,0.0,0.0,0.0,0.0,0.0,0.0,0.0,0.0,0.0,0.0,0.0,0.0,0.0,0.0,0.0,0.0,0.0,0.0,0.0,0.0,0.0,0.0,0.0,0.0,0.0,0.0,0.0,0.0,0.0,0.0,0.0,0.0,0.0,0.0,0.0,0.0,0.0,0.0,0.0,0.0,0.0,0.0,0.0,0.0,0.0,0.0,0.0,0.0,0.0,0.0,0.0,0.0,0.0,0.0,0.0,0.0,0.0,0.0,0.0,0.020833333,0.0,0.041666667,0.0,0.3125,0.0,0.0,0.0,0.0,0.0,0.0,0.0,0.0,0.0,0.0,0.0,0.0,0.0,0.0,0.0,0.0,0.0,0.0,0.0,0.0,0.0,0.0,0.0,0.0,0.0,0.0,0.0,0.0,0.0,0.0,0.0,0.0,0.0,0.0,0.0,0.0,0.0,0.0,0.0,0.0,0.0,0.0,0.0,0.0,0.0,0.0,0.0,0.0,0.0,0.0,0.0,0.0,0.0,0.0,0.0,0.0,0.0,0.0,0.0,0.0,0.0,0.0,0.0,0.0,0.0,0.0,0.0,0.0,0.0,0.0,0.0,0.0,0.0,0.0,0.0,0.0,0.0,0.0,0.0,0.0,0.0,0.0,0.0,0.0,0.0,0.0,0.0,0.0,0.0,0.0,0.0,0.0,0.0,0.0,0.0,0.0,0.0,0.0,0.0,0.0,0.0,0.0,0.0,0.0,0.0,0.0,0.0,0.0,0.0,0.0,0.0,0.0,0.0,0.0,0.0,0.0,0.0,0.0,0.0,0.0,0.0,0.0,0.0,0.0,0.0,0.0,0.0,0.0,0.0,0.0,0.0,0.0,0.0,0.0,0.0,0.0,0.0,0.0,0.0,0.0,0.0,0.0,0.0,0.0,0.0,0.0,0.0,0.0,0.0,0.0,0.0,0.0,0.0,0.0,0.0,0.0,0.0,0.0,0.0,0.0,0.0,0.0,0.0,0.0,0.0,0.0,0.0,0.0,0.0,0.0,0.0,0.0,0.0,0.0,0.0,0.0,0.0,0.0,0.0,0.0,0.0,0.0,0.0,0.0,0.0,0.0,0.0,0.0,0.020833333,0.0,0.0,0.0,0.0,0.0,0.0,0.0,0.0,0.0,0.0,0.0,0.0,0.0,0.0,0.0,0.0,0.0,0.0,0.0,0.0,0.0,0.0,0.0,0.0,0.0,0.0,0.0,0.0,0.0,0.0,0.0,0.0,0.0,0.0,0.0,0.0,0.0,0.0,0.0,0.0,0.0,0.0,0.0,0.0,0.0,0.0,0.0,0.0,0.0,0.0,0.0,0.0,0.0,0.0,0.0,0.0,0.0,0.0,0.0,0.041666667,0.0,0.0,0.0,0.0,0.0,0.0,0.0,0.0,0.0,0.0,0.0,0.0,0.0,0.0,0.0,0.0,0.0,0.020833333,0.0,0.0,0.0,0.0,0.0,0.0,0.0,0.0,0.0,0.0,0.0,0.0,0.0,0.0,0.0,0.0,0.0,0.0,0.0,0.0,0.0,0.0,0.0,0.0,0.0,0.0,0.0,0.0,0.0,0.0,0.0,0.0,0.0,0.0,0.0,0.0,0.0,0.0,0.0,0.0,0.0,0.0,0.0,0.0,0.0,0.0,0.0,0.0,0.0,0.0,0.0,0.0,0.0,0.0,0.0,0.0,0.0,0.0,0.0,0.0,0.0,0.0,0.0,0.0,0.0,0.0,0.0,0.0,0.0,0.0,0.0,0.0,0.0,0.0,0.0,0.0,0.0,0.0,0.0,0.0,0.0,0.0,0.0,0.0,0.0,0.0,0.0,0.0,0.0,0.0,0.0,0.0,0.0,0.0,0.0,0.0,0.0,0.0,0.0,0.0,0.0,0.0,0.0,0.0,0.0,0.0,0.0,0.0,0.0,0.0,0.0,0.0,0.0,0.0,0.0,0.0,0.0,0.0,0.0,0.0,0.0,0.0,0.0,0.0,0.0,0.0,0.0,0.0,0.0,0.0,0.0,0.0,0.0,0.0,0.0,0.0,0.0,0.0,0.0,0.0,0.0,0.0,0.0,0.0,0.0,0.0,0.0,0.0,0.0,0.0,0.0,0.0,0.0,0.0,0.0,0.0,0.0,0.0,0.0,0.0,0.0,0.0,0.0,0.0,0.0,0.0,0.0,0.0,0.0,0.0,0.0,0.0,0.0,0.0,0.0,0.0,0.0,0.0,0.0,0.0,0.0,0.0,0.0,0.0,0.0,0.0,0.0,0.0,0.0,0.0,0.0,0.0,0.0,0.0,0.0,0.0,0.0,0.0,0.0,0.0,0.0,0.0,0.0,0.0,0.0,0.0,0.0,0.0,0.0,0.0,0.0,0.0,0.0,0.0,0.0,0.0,0.0,0.0,0.0,0.0,0.0,0.0,0.0,0.0,0.0,0.0,0.0,0.0,0.0,0.0,0.0,0.0,0.0,0.0,0.0,0.0,0.0,0.0,0.0,0.0,0.0,0.0,,,,,,,,,,,,,,,,,,,,
SRR12478893,0.026479532,0.179649123,0.499368421,0.003368421,9.36e-05,0.000467836,0.000187135,4.68e-05,0.0,0.015017544,0.0,0.0,0.004304094,4.68e-05,9.36e-05,0.0,9.36e-05,4.68e-05,0.097169591,0.000187135,0.001590643,0.00051462,0.002011696,0.001122807,0.00051462,9.36e-05,4.68e-05,0.000561404,0.0,0.000327485,0.000842105,0.000233918,0.004163743,0.002292398,0.000701754,0.000280702,0.011368421,4.68e-05,0.000187135,4.68e-05,0.021005848,0.000374269,0.00051462,0.0,0.001403509,0.0,0.0,0.0,4.68e-05,0.0,0.0,0.008421053,0.000140351,9.36e-05,0.00902924,0.000842105,0.000701754,9.36e-05,4.68e-05,0.000140351,0.000233918,0.0,0.0,0.0,0.000233918,0.000280702,0.001076023,0.00102924,9.36e-05,0.0,0.0,0.0,9.36e-05,0.000140351,0.0,0.0,0.002900585,4.68e-05,0.0,4.68e-05,0.001169591,0.0,9.36e-05,9.36e-05,0.0,0.0,0.0,0.010947368,0.000280702,0.000187135,0.000187135,0.001169591,0.000608187,0.001122807,0.00102924,0.000935673,9.36e-05,0.000795322,0.000608187,0.001122807,0.000140351,0.000374269,0.00102924,9.36e-05,0.0,0.0,0.0,0.0,0.0,4.68e-05,4.68e-05,4.68e-05,4.68e-05,9.36e-05,0.000233918,0.0,0.000187135,0.0,0.0,0.0,0.000233918,0.007391813,0.0,0.0,0.0,0.0,9.36e-05,4.68e-05,4.68e-05,0.0,0.0,4.68e-05,0.0,0.0,0.0,4.68e-05,0.000374269,4.68e-05,9.36e-05,0.0,0.017076023,4.68e-05,4.68e-05,0.0,0.0,0.0,0.000140351,0.0,0.0,0.0,0.0,4.68e-05,0.0,0.0,0.0,4.68e-05,0.0,0.0,0.0,0.0,0.0,0.0,0.0,0.0,0.0,0.0,0.0,0.000280702,0.000374269,0.0,9.36e-05,0.0,4.68e-05,0.0,0.0,0.0,4.68e-05,0.0,0.0,0.0,0.0,4.68e-05,4.68e-05,0.0,0.0,4.68e-05,0.0,0.000374269,0.000654971,0.0,0.0,0.0,0.0,0.0,0.0,0.000421053,4.68e-05,0.0,0.0,0.0,0.0,0.0,4.68e-05,0.0,4.68e-05,0.0,0.0,0.00425731,0.0,0.0,0.0,0.0,4.68e-05,0.000374269,0.0,0.0,4.68e-05,0.0,0.0,0.0,0.0,0.0,0.000233918,0.0,0.0,0.0,4.68e-05,0.0,0.0,9.36e-05,0.0,0.000140351,0.0,0.0,0.0,0.000608187,0.0,4.68e-05,0.0,0.0,0.0,0.0,0.000280702,0.0,0.0,0.0,0.0,9.36e-05,0.0,0.0,0.0,0.0,0.0,0.0,0.0,4.68e-05,0.0,0.0,0.0,0.0,0.0,0.0,0.0,0.0,0.0,0.0,0.0,0.0,4.68e-05,0.0,4.68e-05,0.0,0.003040936,0.0,0.0,0.0,4.68e-05,0.000701754,4.68e-05,0.0,0.000187135,0.0,0.0,0.0,4.68e-05,4.68e-05,0.0,0.0,0.0,0.0,0.0,0.000233918,9.36e-05,0.0,9.36e-05,4.68e-05,0.0,0.0,0.0,0.0,0.0,0.0,0.0,0.0,4.68e-05,0.0,0.0,0.0,4.68e-05,0.0,0.0,0.0,0.0,0.0,0.0,0.0,0.0,0.0,0.002292398,0.0,0.0,0.0,0.0,0.0,0.0,0.0,0.0,0.0,0.0,0.0,0.0,9.36e-05,0.0,4.68e-05,0.0,4.68e-05,0.0,0.0,0.0,0.0,0.0,0.0,0.0,0.0,0.0,0.0,0.0,0.0,0.0,0.0,4.68e-05,0.0,0.0,4.68e-05,4.68e-05,0.0,0.0,0.0,0.0,0.0,0.0,0.0,0.0,0.0,0.0,0.0,0.0,9.36e-05,0.0,0.0,0.0,0.0,0.0,0.0,0.0,0.0,0.0,4.68e-05,0.0,0.0,0.0,0.0,0.0,0.0,0.0,0.0,0.0,0.0,0.0,4.68e-05,0.0,0.0,0.0,0.0,0.0,0.0,0.0,0.0,0.0,0.0,0.0,0.0,0.0,0.0,0.0,0.0,0.0,0.0,0.0,0.0,0.0,0.0,4.68e-05,0.0,0.0,0.0,0.0,0.0,0.0,0.0,0.0,0.0,0.0,0.0,0.0,0.0,0.0,0.0,4.68e-05,0.0,0.0,0.0,0.0,0.0,0.0,0.0,0.0,0.0,0.0,0.0,0.000140351,0.0,0.0,0.0,0.0,0.0,0.0,0.0,0.0,0.0,4.68e-05,0.0,0.0,0.0,0.0,0.0,0.0,0.0,4.68e-05,0.0,0.0,0.0,0.0,0.0,0.0,0.0,0.0,4.68e-05,0.0,0.0,0.0,0.0,0.0,0.0,0.0,0.0,0.0,0.0,0.0,0.0,0.0,0.0,0.031345029,0.0,0.0,0.0,0.0,4.68e-05,0.0,0.0,0.0,0.0,0.0,0.0,4.68e-05,0.0,0.0,0.0,0.0,0.0,0.0,0.0,0.0,0.0,0.0,0.0,0.0,0.0,0.0,0.0,0.0,0.0,9.36e-05,0.0,0.0,0.0,0.0,0.0,0.0,0.0,0.0,0.0,0.0,0.0,0.0,0.0,0.0,0.0,0.0,0.0,0.0,0.0,0.0,0.0,0.0,0.0,4.68e-05,0.0,4.68e-05,0.0,0.0,0.0,0.0,0.0,0.0,0.0,4.68e-05,0.0,0.0,0.0,0.0,0.0,0.0,0.0,0.0,0.0,0.0,0.0,0.0,0.0,0.0,0.0,0.0,0.0,0.0,0.0,0.0,0.0,0.0,0.0,0.0,0.0,0.0,0.0,0.0,0.0,0.0,4.68e-05,0.0,0.0,0.0,0.0,0.0,0.0,0.0,0.0,0.0,0.0,0.0,4.68e-05,0.0,0.0,0.0,0.0,0.0,0.0,0.0,0.0,0.0,0.0,0.0,0.0,0.0,0.0,0.0,0.0,0.0,0.0,0.0,0.0,0.0,0.0,0.0,0.0,0.0,0.0,4.68e-05,0.0,0.0,0.0,4.68e-05,4.68e-05,4.68e-05,0.0,0.0,0.0,0.0,0.0,0.0,0.0,0.0,0.0,0.0,0.0,0.0,0.0,0.0,0.0,0.0,0.0,0.0,0.0,0.0,0.0,0.0,0.0,0.0,0.0,0.0,0.0,0.0,0.0,0.0,0.0,0.0,0.0,0.0,0.0,0.0,,,,,,,,,,,,,,,,,,,,
SRR12478897,0.003514197,0.249273733,0.637241121,0.000140568,0.0,0.000374848,0.0,0.0,0.0,0.044513167,0.0,0.0,0.000140568,0.0,9.37e-05,4.69e-05,0.0,0.0,0.000609128,0.000140568,9.37e-05,0.0,0.000140568,0.000187424,0.000187424,4.69e-05,0.0,0.0,4.69e-05,0.0,0.0,0.0,0.000281136,9.37e-05,9.37e-05,0.0,0.0,0.0,0.0,0.0,0.0,0.0,0.0,0.0,9.37e-05,0.0,0.0,0.0,0.0,0.0,0.0,4.69e-05,0.000140568,4.69e-05,9.37e-05,4.69e-05,0.000843407,0.0,0.0,0.0,0.0,9.37e-05,0.0,0.000140568,4.69e-05,0.000187424,0.0,0.0,0.0,0.0,0.0,4.69e-05,0.0,0.0,0.0,0.0,0.0,0.0,0.0,0.0,4.69e-05,0.0,0.0,0.0,0.0,0.0,0.0,0.018742386,0.000983975,0.0,0.000281136,0.006278699,0.005903852,0.001780527,0.004357605,0.001452535,0.002342798,0.001358823,0.001171399,0.003701621,9.37e-05,0.000749695,0.000562272,4.69e-05,0.0,0.0,4.69e-05,4.69e-05,0.0,0.0,4.69e-05,0.0,0.0,0.0,0.004170181,0.0,0.0,9.37e-05,0.0,0.0,0.0,0.0,0.0,0.0,4.69e-05,0.0,0.0,0.0,0.0,0.0,4.69e-05,0.0,0.0,0.0,0.0,4.69e-05,0.0,0.00023428,0.0,0.0,0.0,0.0,4.69e-05,0.0,0.0,0.0,0.000187424,0.000796551,0.0,0.000702839,0.0,0.0,0.0,0.0,0.0,0.0,0.0,0.0,0.0,0.0,0.0,0.0,4.69e-05,0.0,0.0,0.0,0.0,0.000140568,0.0,4.69e-05,0.0,0.0,0.0,0.0,0.0,0.0,0.0,0.0,0.0,0.0,0.0,0.0,0.0,0.0,0.0,9.37e-05,0.0,0.0,0.0,0.0,0.0,0.0,0.0,0.0,0.0,9.37e-05,0.0,0.0,0.0,0.0,0.0,0.0,4.69e-05,0.0,4.69e-05,4.69e-05,0.0,0.000983975,0.0,0.0,0.000140568,0.0,0.0,0.00023428,0.000187424,0.0,9.37e-05,4.69e-05,0.0,0.0,0.0,0.0,0.0,0.0,0.0,0.0,4.69e-05,4.69e-05,9.37e-05,9.37e-05,0.0,0.000140568,0.0,0.0,0.0,0.0,0.0,9.37e-05,0.0,0.0,0.0,0.0,9.37e-05,4.69e-05,0.0,0.0,0.0,0.0,0.0,4.69e-05,0.0,0.0,0.0,0.0,0.0,0.0,0.0,0.0,0.0,0.0,0.0,0.0,0.0,0.0,0.0,0.0,0.0,0.0,0.0,0.0,4.69e-05,0.0,0.0,0.0,0.0,4.69e-05,0.0,0.0,0.0,0.0,4.69e-05,0.0,0.0,9.37e-05,0.0,0.0,0.0,0.0,0.0,0.0,0.0,0.0,0.0,0.0,0.000140568,0.0,0.0,4.69e-05,0.0,0.0,0.0,0.0,0.0,0.0,4.69e-05,0.0,0.0,0.0,0.0,0.000140568,4.69e-05,0.0,0.0,0.0,4.69e-05,0.0,0.0,0.0,0.0,0.0,0.0,0.0,0.0,0.0,0.0,0.0,0.0,0.0,0.0,0.0,0.0,0.0,0.0,0.0,0.0,0.0,0.0,4.69e-05,0.0,0.0,0.0,0.0,0.0,0.0,0.0,0.0,0.0,0.0,0.0,0.0,0.0,4.69e-05,0.0,0.0,0.0,0.0,0.0,0.0,0.0,0.0,0.0,0.0,4.69e-05,0.0,0.0,0.0,0.0,0.0,0.0,0.0,0.0,0.0,0.0,0.0,0.0,0.0,0.0,0.0,0.0,0.0,0.000140568,0.0,0.0,0.0,0.0,0.0,0.0,0.0,0.0,0.0,0.0,0.0,0.0,0.0,0.0,0.0,0.0,0.0,0.0,0.0,0.0,0.0,0.0,0.0,0.0,0.0,0.0,0.0,0.0,0.0,0.0,4.69e-05,0.0,0.0,0.0,0.0,0.0,0.0,0.0,0.0,0.0,0.0,0.0,0.0,0.0,0.0,0.0,0.0,0.0,0.0,0.0,0.0,0.0,0.0,0.0,0.0,0.0,0.0,0.0,0.0,0.0,0.0,0.0,0.0,0.0,0.0,0.0,0.0,0.0,0.0,0.0,0.0,0.0,0.0,0.0,0.0,0.0,0.0,0.0,0.0,0.0,0.0,0.0,0.0,0.0,0.0,0.0,0.0,0.0,0.0,0.0,0.0,0.0,0.0,0.0,0.0,0.0,4.69e-05,0.0,0.0,0.0,0.0,0.0,0.0,0.0,0.0,0.0,0.0,0.0,0.0,0.0,0.0,0.0,0.0,0.0,0.0,0.0,0.0,0.0,0.0,0.0,0.0,0.0,0.0,0.0,0.0,0.0,0.0,0.0,0.0,0.0,0.0,4.69e-05,0.0,0.0,0.0,0.0,0.0,0.0,0.0,0.0,0.0,0.0,0.0,0.0,0.0,0.0,0.0,0.0,0.0,0.0,0.0,0.0,0.0,0.0,0.0,0.0,0.0,0.0,0.0,0.0,0.0,0.0,0.0,0.0,0.0,4.69e-05,0.0,0.0,0.0,0.0,0.0,0.0,0.0,0.0,0.0,0.0,0.0,0.0,0.0,0.0,0.0,0.0,0.0,0.0,0.0,0.0,0.0,0.0,0.0,0.0,0.0,0.000327992,0.0,0.0,0.0,0.0,0.0,0.0,0.0,0.0,0.0,0.0,0.0,0.0,0.0,0.0,0.0,0.0,0.0,0.0,0.0,0.0,0.0,0.0,0.0,4.69e-05,0.0,0.0,0.0,0.0,0.0,0.0,0.0,0.0,0.0,0.0,0.0,0.0,0.0,0.0,0.0,0.0,0.0,0.0,0.0,0.0,0.0,0.0,0.0,0.0,0.0,0.0,0.0,4.69e-05,0.0,0.0,0.0,0.0,0.0,0.0,0.0,0.0,0.0,0.0,0.0,0.0,0.0,0.0,0.0,0.0,0.0,0.0,0.0,0.0,0.0,0.0,0.0,0.0,0.0,0.0,0.0,0.0,0.0,0.0,0.0,0.0,0.0,0.0,,,,,,,,,,,,,,,,,,,,
SRR12478898,0.80471817,0.000288133,0.016531605,0.000396182,3.6e-05,7.2e-05,3.6e-05,0.0,0.0,0.001584729,0.0,0.0,0.0,0.0,0.0,0.0,0.0,3.6e-05,0.061732397,0.005582568,0.003853773,0.002341077,0.0060868,0.00367369,0.001872862,0.009832523,0.000504232,0.000684315,0.00010805,0.000504232,0.00010805,3.6e-05,0.017179903,0.004754187,0.002377093,0.000216099,0.000216099,7.2e-05,3.6e-05,0.000288133,0.000432199,0.000180083,3.6e-05,3.6e-05,0.000144066,0.000144066,0.0,0.0,0.001512696,7.2e-05,0.0,0.028597155,0.00010805,0.000432199,0.00010805,0.000396182,0.001728795,0.0,0.0,0.0,0.000252116,0.0,0.0,0.00010805,0.00010805,0.0,0.001800828,0.000180083,3.6e-05,0.00010805,7.2e-05,0.0,0.0,0.0,0.000216099,0.0,0.000684315,0.0,0.0,0.00010805,0.000252116,0.0,0.00010805,0.0,0.0,7.2e-05,0.0,0.000288133,0.0,0.0,3.6e-05,0.000540249,0.00010805,3.6e-05,0.000144066,0.0,0.0,0.0,0.000432199,0.0,0.0,0.0,0.000144066,3.6e-05,0.0,0.0,0.0,0.0,0.0,0.0,0.000432199,0.0,0.0,0.00010805,0.000540249,0.0,0.0,0.0,0.0,0.0,3.6e-05,0.000324149,0.0,0.0,0.0,0.0,0.0,0.0,0.0,0.0,0.0,0.0,0.0,3.6e-05,0.000180083,0.0,3.6e-05,0.000252116,0.0,0.0,0.002124977,0.0,0.00010805,0.0,0.0,0.0,3.6e-05,0.00010805,0.0,0.0,0.0,0.0,0.0,0.000144066,0.0,0.0,0.0,0.0,0.0,0.0,0.0,0.0,0.0,3.6e-05,0.0,0.0,0.0,0.0,0.0,0.00010805,3.6e-05,0.0,0.0,0.0,0.0,0.0,0.0,0.0,0.0,0.0,0.0,0.0,0.0,0.0,0.0,0.000144066,0.0,0.001116514,0.003241491,0.0,0.0,0.0,0.0,3.6e-05,0.0,3.6e-05,0.0,0.0,0.0,0.0,0.0,0.0,0.000144066,0.0,0.0,0.0,0.0,0.0,0.0,7.2e-05,0.0,7.2e-05,3.6e-05,0.0,0.0,0.0,0.00345759,0.0,0.0,3.6e-05,7.2e-05,0.0,0.0,0.0,0.0,0.0,0.0,0.0,0.0,0.00010805,0.000144066,3.6e-05,0.0,0.0,0.0,0.0,0.0,0.0,0.0,0.0,0.0,0.0,0.0,0.000216099,0.0,0.0,0.0,0.0,0.0,0.0,0.0,0.0,0.0,0.0,0.0,3.6e-05,0.0,0.0,0.0,0.0,0.0,0.0,3.6e-05,0.0,0.0,0.0,0.0,0.0,3.6e-05,0.0,3.6e-05,0.0,0.0,0.0,0.0,0.0,3.6e-05,0.0,0.0,0.0,0.0,0.0,0.0,0.0,0.0,0.0,0.0,3.6e-05,0.0,0.0,0.0,0.0,0.0,0.0,0.0,0.0,0.0,0.0,0.000144066,0.0,0.0,0.0,0.0,0.0,0.0,0.0,0.0,0.0,0.0,0.0,0.0,0.0,0.0,0.0,0.0,0.0,0.0,0.0,0.0,0.0,0.0,0.0,0.0,0.0,3.6e-05,0.0,0.0,0.0,3.6e-05,0.0,0.0,0.0,0.0,0.0,0.0,7.2e-05,0.0,0.0,0.0,0.0,0.0,0.0,0.0,0.0,0.0,0.0,0.0,0.0,0.0,0.0,0.0,0.0,0.0,0.0,3.6e-05,0.0,0.0,3.6e-05,0.0,0.0,0.0,0.0,0.0,0.0,0.0,0.0,0.0,0.0,0.0,0.0,0.0,0.0,3.6e-05,0.0,0.0,0.0,0.0,0.0,0.0,0.0,0.0,0.0,0.0,0.0,0.0,0.0,0.0,0.0,0.0,0.0,0.0,0.0,0.0,0.0,0.0,0.0,0.0,0.0,0.0,0.0,0.0,0.0,0.0,0.0,0.0,0.0,0.0,0.0,0.0,0.0,0.0,0.0,0.0,0.0,0.0,0.0,0.0,0.0,0.0,0.0,0.0,0.0,0.0,0.0,0.0,0.0,0.0,0.0,0.0,0.0,0.0,0.0,0.0,0.0,0.0,0.0,0.0,0.0,0.0,0.0,0.0,0.0,0.0,0.0,0.0,0.0,0.0,0.0,0.0,0.0,0.0,0.0,0.0,0.0,0.0,0.0,0.0,0.0,0.0,0.0,0.0,0.0,0.0,0.0,0.0,0.0,0.00010805,0.0,0.0,0.0,0.0,0.0,0.0,0.0,0.0,0.0,0.0,0.0,0.0,0.0,0.0,0.0,0.0,0.0,0.0,0.0,0.0,7.2e-05,0.0,0.0,0.0,0.0,0.0,0.0,0.0,0.0,0.0,0.0,0.0,0.0,0.0,0.0,0.0,0.0,0.0,0.0,0.0,0.0,0.0,0.0,0.0,0.0,0.0,0.0,0.0,0.0,0.0,0.0,0.0,0.0,0.0,0.0,0.0,0.0,0.0,0.0,0.0,0.0,0.0,0.0,0.0,0.0,0.0,0.0,0.0,0.0,0.0,0.0,0.0,0.0,0.0,0.0,0.0,0.0,0.0,0.0,0.0,0.0,0.0,0.0,0.0,0.0,0.0,0.0,0.0,0.0,0.0,0.0,0.0,0.0,0.0,0.0,3.6e-05,0.0,0.0,0.0,0.0,0.0,0.0,0.0,0.0,0.0,0.0,0.0,0.0,0.0,0.0,0.0,0.0,0.0,0.0,0.0,0.0,0.0,0.0,0.0,0.0,0.0,0.0,0.0,0.0,0.0,0.0,0.0,0.0,0.0,0.0,0.0,0.0,0.0,0.0,0.0,0.0,0.0,0.0,0.0,0.0,0.0,0.0,0.0,0.0,0.0,0.0,0.0,0.0,0.0,0.0,0.0,0.0,0.0,0.0,0.0,0.0,0.0,0.0,0.0,0.0,0.0,0.0,0.0,0.0,0.0,0.0,0.0,0.0,0.0,0.0,0.0,0.0,0.0,0.0,0.0,0.0,0.0,0.0,0.0,0.0,0.0,0.0,0.0,0.0,0.0,0.0,0.0,0.0,0.0,0.0,0.0,0.0,,,,,,,,,,,,,,,,,,,,
SRR12478900,0.514416903,0.000856064,0.026537998,0.008404996,3.89e-05,0.000155648,7.78e-05,0.0,0.0,0.020584459,0.0,0.0,0.0,0.0,0.0,0.0,0.000116736,0.0,0.120043581,0.001050625,0.048601113,0.012840967,0.037199891,0.010934278,0.00326861,0.006965252,0.001089537,0.001789953,0.000661504,0.001284097,0.000116736,0.000661504,0.020701195,0.009961477,0.042024982,0.000622592,0.009922565,0.000311296,0.000311296,0.001089537,0.003735554,0.000700416,0.00019456,3.89e-05,0.000739328,0.0,3.89e-05,3.89e-05,0.0,0.0,0.0,0.031363088,0.001439745,0.0,0.000544768,0.000272384,0.001595393,0.0,3.89e-05,0.0,0.000428032,0.0,0.0,0.0,0.00019456,0.000311296,0.004552706,0.001128449,0.001712129,0.000233472,0.0,0.00019456,0.0,0.0,7.78e-05,0.0,0.004319234,0.0,0.0,0.000817152,0.002684929,0.0,0.0,7.78e-05,0.0,0.0,0.0,3.89e-05,0.0,0.000116736,0.0,0.000116736,0.0,0.0,0.0,0.0,0.0,0.0,0.000116736,0.0,0.0,0.0,7.78e-05,0.0,0.0,0.0,0.0,0.0,0.0,0.0,7.78e-05,0.0,0.0,0.0,0.00077824,0.0,0.000155648,0.0,0.0,0.0,0.000233472,0.004280322,0.0,0.0,0.0,0.0,0.0,0.000116736,0.000622592,0.0,0.0,0.0,0.0,3.89e-05,3.89e-05,0.0,0.000272384,0.0,7.78e-05,0.0,0.001284097,0.0,0.0,0.0,0.0,0.0,0.0,0.000116736,0.0,0.0,0.0,0.020584459,0.0,0.000155648,0.0,0.0,0.000116736,0.0,0.0,0.0,0.0,0.0,0.0,0.0,0.0,0.0,0.0,7.78e-05,0.0,0.0,0.0,0.0,0.0,0.0,0.0,0.0,0.0,0.0,0.0,0.0,0.0,0.0,3.89e-05,0.0,0.0,0.00365773,0.0,0.000116736,3.89e-05,0.0,0.0,0.0,0.0,3.89e-05,0.0,0.0,3.89e-05,3.89e-05,0.0,0.0,0.0,0.0,0.0,0.0,3.89e-05,0.000116736,0.0,0.0,0.0,0.0,0.0,0.0,0.0,0.0,0.0,0.0,0.000894976,0.0,0.0,0.0,7.78e-05,0.0,0.000116736,0.0,0.0,0.0,3.89e-05,0.0,0.0,3.89e-05,0.0,3.89e-05,0.0,0.0,0.0,0.0,0.0,3.89e-05,0.0,0.0,3.89e-05,0.0,7.78e-05,7.78e-05,0.001284097,0.0,0.0,0.0,0.0,0.0,0.0,0.0,0.0,0.0,3.89e-05,7.78e-05,0.0,0.0,3.89e-05,0.0,0.0,0.0,0.0,3.89e-05,0.0,0.0,0.0,3.89e-05,0.0,0.0,3.89e-05,0.0,0.0,0.0,0.0,0.0,0.0,0.002607105,0.0,0.0,0.0,0.0,0.0,0.0,0.0,0.0,0.0,0.0,0.0,0.0,0.0,0.0,0.0,0.0,0.0,0.0,0.0,0.0,3.89e-05,0.0,0.0,0.0,0.0,0.0,3.89e-05,0.0,0.0,0.0,0.0,0.0,0.0,0.0,0.0,0.0,0.0,0.0,0.0,0.0,0.0,0.0,0.0,0.0,0.0,0.0,0.0,0.0,0.0,0.0,3.89e-05,0.0,0.0,0.0,0.0,3.89e-05,0.0,0.0,0.0,0.0,0.0,0.0,0.0,0.0,0.0,0.0,0.0,0.0,0.0,0.0,0.0,0.0,0.0,0.0,0.0,0.0,0.0,0.0,0.0,3.89e-05,0.0,0.0,3.89e-05,0.0,0.0,0.0,0.0,0.0,0.0,0.0,0.0,0.0,0.0,0.0,0.0,0.0,0.0,0.0,0.0,0.0,0.0,0.0,0.0,0.0,0.0,0.0,0.0,0.0,0.0,0.0,0.0,0.0,0.0,0.0,0.0,0.0,0.0,0.0,0.0,0.0,0.0,0.0,0.0,0.0,0.0,0.0,0.0,0.0,0.0,0.0,0.0,0.0,0.0,0.0,0.0,3.89e-05,0.0,0.0,0.0,0.0,0.0,0.0,0.0,0.0,0.0,0.0,0.0,0.0,0.0,0.0,0.0,0.0,0.0,0.0,0.0,0.0,0.0,0.0,0.0,0.0,0.0,0.0,0.0,0.0,0.0,0.0,0.0,0.0,0.0,0.0,0.0,0.0,0.0,0.0,0.0,0.0,0.0,0.0,0.0,0.0,0.0,0.0,0.0,0.0,0.0,0.0,0.0,0.0,0.0,7.78e-05,0.0,0.0,0.0,0.0,0.0,0.0,0.0,0.0,0.0,0.0,0.0,0.0,0.0,0.0,0.0,0.0,0.0,0.0,0.0,0.0,0.0,3.89e-05,0.000155648,0.0,0.0,0.0,0.0,0.0,0.0,0.0,0.0,0.0,0.0,0.0,0.0,0.0,0.0,0.0,0.0,0.0,0.0,0.0,0.0,0.0,0.0,0.0,0.0,0.0,0.0,0.0,0.0,0.0,0.0,0.0,0.0,0.0,0.0,0.0,0.0,0.0,0.0,0.0,0.0,0.0,0.0,0.0,0.0,0.0,0.0,0.0,0.0,0.0,0.0,0.0,0.0,0.0,0.0,0.0,0.0,0.0,0.0,0.0,0.0,0.0,0.0,3.89e-05,0.0,0.0,0.0,0.0,0.0,0.0,0.0,0.0,0.0,0.0,0.0,0.0,0.0,0.0,0.0,3.89e-05,0.0,0.0,0.0,0.0,0.0,0.0,0.0,0.0,0.0,0.0,0.0,0.0,0.0,3.89e-05,0.0,0.0,0.0,0.0,0.0,0.0,0.0,0.0,0.0,0.0,0.0,0.0,0.0,0.0,0.0,0.0,0.0,0.0,0.0,0.0,0.0,0.0,0.0,0.0,0.0,0.0,0.0,0.0,0.0,0.0,0.0,0.0,0.0,0.0,0.0,0.0,0.0,0.0,0.0,0.0,0.0,0.0,0.0,0.0,0.0,0.0,0.0,0.0,0.0,0.0,0.0,0.0,0.0,0.0,0.0,0.0,0.0,0.0,0.0,0.0,0.0,0.0,0.0,0.0,0.0,0.0,0.0,0.0,0.0,0.0,0.0,0.0,0.0,0.0,0.0,,,,,,,,,,,,,,,,,,,,
SRR12478904,0.003562804,0.074779304,0.305965718,0.006452634,0.0,0.0,0.0,3.96e-05,0.0,0.0,0.0,0.0,0.0,0.0,7.92e-05,3.96e-05,0.0,0.0,0.473496695,3.96e-05,0.001425122,0.000870908,0.000633387,0.002731483,0.000435454,0.00035628,0.0,0.00023752,3.96e-05,0.0,0.00011876,0.000158347,0.006610981,0.033925814,0.000316694,0.00011876,3.96e-05,0.0,0.003246111,0.000197934,3.96e-05,0.0,0.0,0.0,3.96e-05,0.0,0.0,0.0,0.001900162,0.000633387,0.0,0.00011876,0.0,0.000435454,0.012351055,0.000197934,0.003364871,0.0,3.96e-05,0.000158347,0.0,0.0,0.0,0.001227188,0.0,0.0,0.00035628,0.0,7.92e-05,0.0,0.0,0.0,3.96e-05,0.0,0.0,0.0,0.0,0.0,0.0,0.0,3.96e-05,0.0,0.0,3.96e-05,0.0,0.0,0.0,0.017101461,0.000752148,3.96e-05,0.000277107,0.00241479,0.004908753,0.001029255,0.002098096,0.000633387,0.001108428,0.000791734,0.000395867,0.002375203,3.96e-05,0.000316694,0.001029255,7.92e-05,0.0,0.0,0.0,0.00011876,0.0,0.0,3.96e-05,0.0,0.0,0.0,0.0,0.0,0.003483631,0.0,0.01120304,7.92e-05,0.001543882,0.000316694,0.0,0.0,3.96e-05,7.92e-05,0.0,0.0,3.96e-05,0.0,0.00011876,0.00011876,0.0,0.0,0.0,7.92e-05,7.92e-05,0.00023752,0.0,0.0,3.96e-05,0.0,7.92e-05,0.0,3.96e-05,0.0,0.000197934,7.92e-05,0.0,0.0,0.0,0.0,0.0,3.96e-05,0.0,0.0,0.0,0.0,0.0,7.92e-05,0.0,0.0,0.0,3.96e-05,0.0,0.0,0.0,0.00265231,3.96e-05,0.0,0.0,0.0,0.0,0.0,0.0,0.0,0.0,0.0,0.000593801,0.0,0.0,3.96e-05,0.0,0.0,0.0,0.001425122,0.0,3.96e-05,0.0,0.0,0.0,0.0,0.0,0.0,0.0,7.92e-05,0.0,0.0,0.0,0.0,0.0,0.0,0.0,0.0,0.0,0.0,0.0,0.000277107,0.0,0.000158347,7.92e-05,0.0,0.00011876,0.000277107,3.96e-05,0.0,0.000277107,0.0,0.0,0.0,0.0,0.0,0.0,0.0,0.0,0.0,0.0,0.0,0.00011876,7.92e-05,0.0,0.000435454,0.0,0.0,0.0,0.0,0.0,7.92e-05,0.0,0.0,0.0,0.0,0.0,0.00011876,3.96e-05,0.0,0.0,7.92e-05,0.0,3.96e-05,0.0,0.0,0.0,0.0,0.0,0.0,3.96e-05,0.0,0.0,0.0,0.0,0.0,0.0,0.0,0.0,0.0,0.0,0.0,0.000277107,0.0,0.0,3.96e-05,0.0,0.0,0.0,0.0,0.0,3.96e-05,0.0,0.0,3.96e-05,0.0,0.0,0.00011876,0.0,3.96e-05,0.0,0.0,0.0,0.0,0.0,3.96e-05,3.96e-05,3.96e-05,7.92e-05,0.0,3.96e-05,0.0,0.0,0.0,0.0,0.0,0.0,3.96e-05,0.00023752,0.0,0.0,0.0,0.0,7.92e-05,0.0,0.0,0.0,0.0,0.0,0.0,0.0,0.0,0.0,0.0,0.0,0.0,0.0,0.0,3.96e-05,0.0,0.0,0.0,0.0,0.0,0.0,0.0,0.0,0.0,0.0,3.96e-05,0.0,0.0,0.0,0.0,0.0,3.96e-05,0.0,0.0,0.0,0.0,0.0,0.0,0.0,0.0,0.0,0.0,0.0,0.0,0.0,0.0,0.0,0.0,0.0,0.0,0.0,0.0,0.0,0.0,0.0,0.0,0.0,0.0,3.96e-05,3.96e-05,0.0,0.0,0.0,0.0,0.0,0.0,0.0,0.0,0.0,3.96e-05,0.0,0.0,0.0,0.0,3.96e-05,0.0,0.0,0.0,0.0,0.0,0.0,0.0,0.0,0.0,0.0,0.0,0.0,0.0,0.0,0.0,0.0,0.0,0.0,0.0,0.0,0.0,0.0,0.0,0.0,0.0,0.0,0.0,0.0,0.0,0.0,0.0,0.0,0.0,0.0,0.0,0.0,0.0,3.96e-05,0.0,0.0,0.0,0.0,0.0,0.0,0.0,0.0,0.0,0.0,0.0,0.0,0.0,0.0,0.0,0.0,0.0,0.0,0.0,0.0,0.0,0.0,0.0,0.0,0.0,0.0,0.0,0.0,0.0,0.0,0.0,0.0,0.0,0.0,0.0,0.0,0.0,0.0,0.0,0.0,0.0,0.0,0.0,0.0,0.0,0.0,3.96e-05,0.0,0.0,0.0,0.0,0.0,0.0,0.0,0.0,0.0,0.0,0.0,0.0,0.0,3.96e-05,0.0,0.0,0.0,0.0,0.0,0.0,0.0,0.0,0.0,0.0,3.96e-05,0.0,0.0,0.0,0.00023752,0.0,0.0,0.0,0.0,0.0,0.0,0.0,3.96e-05,0.0,0.0,0.0,0.0,0.0,0.0,0.0,0.0,0.0,0.0,0.0,0.0,0.0,0.0,0.0,0.0,0.0,0.0,7.92e-05,0.0,3.96e-05,0.0,0.0,0.0,0.0,0.0,0.0,0.0,0.0,0.0,0.0,0.0,0.0,0.0,0.0,0.0,0.0,3.96e-05,0.0,0.0,0.0,0.0,0.0,0.0,0.0,0.0,0.0,0.0,0.0,0.0,0.0,0.0,0.0,0.0,0.0,0.0,0.0,0.0,0.0,0.0,0.0,0.0,0.0,0.0,0.0,0.0,0.0,0.0,0.0,0.0,0.0,0.0,0.0,0.0,0.0,0.0,0.0,0.0,0.0,0.0,0.0,0.0,0.0,0.0,0.0,0.0,0.0,0.0,0.0,0.0,3.96e-05,0.0,0.0,0.0,0.0,0.0,0.0,0.0,0.0,0.0,0.0,0.0,0.0,0.0,0.0,0.0,0.0,0.0,0.0,0.0,0.0,0.0,0.0,0.0,0.0,0.0,0.0,0.0,3.96e-05,0.000197934,3.96e-05,0.0,0.0,0.0,0.0,0.0,0.0,0.0,0.0,0.0,0.0,0.0,0.0,0.0,0.0,0.0,0.0,0.0,0.0,0.0,0.0,0.0,0.0,0.0,0.0,0.0,0.0,0.0,0.0,0.0,0.0,0.0,,,,,,,,,,,,,,,,,,,,
SRR12478906,0.473541511,0.000934929,0.026271503,0.004674645,9.35e-05,0.000373972,0.000186986,0.0,0.0,0.017389678,0.0,9.35e-05,0.000280479,0.0,0.0,0.0,0.000841436,0.000186986,0.17539267,0.008133882,0.023466717,0.009723261,0.031226627,0.010564697,0.007853403,0.002430815,0.000186986,0.005048616,0.000373972,0.000841436,0.000373972,0.000560957,0.060676889,0.011967091,0.002337322,0.000280479,0.002617801,9.35e-05,0.0,0.000934929,0.00065445,0.002150337,0.005422588,0.0,0.000467464,0.0,0.0,0.0,0.000186986,0.0,0.0,0.036368736,9.35e-05,9.35e-05,0.000280479,0.000560957,0.001028422,9.35e-05,9.35e-05,0.0,0.001589379,9.35e-05,0.0,0.000467464,0.000560957,0.000934929,0.005048616,0.000747943,0.002337322,0.000373972,0.0,9.35e-05,0.000373972,0.000186986,0.000560957,0.0,0.005796559,0.0,0.000373972,0.000186986,0.001402393,0.000186986,0.000280479,0.000373972,0.0,0.0,0.0,0.001308901,0.0,0.001402393,0.000373972,0.001308901,0.0,0.000186986,0.0,0.0,9.35e-05,9.35e-05,0.000467464,0.0,0.0,0.0,0.000280479,0.0,0.0,0.0,0.0,0.0,0.0,0.0,0.000841436,0.0,0.0,0.0,0.002243829,0.0,0.000280479,0.0,0.0,0.0,0.00065445,0.001028422,0.0,0.0,0.0,0.000186986,0.000467464,0.000186986,0.0,0.0,0.0,0.0,0.0,0.0,0.0,0.0,0.000280479,0.0,0.0,0.0,0.002337322,0.00065445,0.0,0.0,0.000373972,0.0,9.35e-05,0.000280479,0.0,0.001028422,0.0,0.000373972,9.35e-05,0.006077038,0.000280479,0.0,0.0,0.0,9.35e-05,0.0,0.0,0.0,0.0,9.35e-05,0.0,0.0,0.0,9.35e-05,9.35e-05,0.0,0.0,0.0,9.35e-05,0.0,0.0,0.0,9.35e-05,0.0,0.0,0.0,0.0,0.0,0.0,0.0,0.0,0.00065445,0.000280479,0.006731488,0.000186986,0.0,0.0,0.0,0.0,0.0,0.0,0.0,0.000186986,0.0,0.0,0.0,0.0,0.0,0.0,0.0,0.0,0.0,0.0,0.0,0.0,0.000186986,0.0,0.0,0.0,0.0,0.0,0.0,0.007292446,0.0,9.35e-05,9.35e-05,0.000186986,0.0,0.001963351,0.0,0.0,0.001776365,0.000186986,0.0,9.35e-05,0.000280479,0.00065445,9.35e-05,0.0,0.0,0.0,0.0,0.0,0.0,9.35e-05,0.0,0.0,0.0,0.0,0.000280479,0.001869858,0.0,9.35e-05,9.35e-05,0.0,0.0,0.0,0.0,0.0,0.0,0.0,0.000280479,0.0,0.0,0.0,0.0,0.0,0.0,0.0,0.000186986,0.0,0.0,0.0,0.0,0.0,0.0,0.000186986,0.0,0.0,0.0,0.0,0.0,0.0,0.0,0.0,9.35e-05,9.35e-05,0.0,0.0,0.0,0.0,0.0,0.0,0.0,0.0,0.0,0.0,0.0,0.0,0.0,0.0,0.000186986,0.0,0.0,0.000280479,0.0,0.0,0.0,0.0,0.0,0.0,0.0,0.0,0.0,0.0,9.35e-05,9.35e-05,0.0,0.0,0.0,0.0,0.0,9.35e-05,0.0,0.0,0.0,9.35e-05,0.0,0.0,0.0,0.0,0.0,0.0,0.0,0.0,0.0,0.0,0.0,9.35e-05,0.0,0.0,0.000186986,0.0,0.0,0.0,0.0,0.0,0.0,9.35e-05,0.0,0.0,0.0,0.0,0.0,0.0,0.0,0.0,0.0,0.0,0.0,0.0,0.0,0.0,0.0,0.0,0.0,0.0,0.0,0.0,0.0,0.0,0.0,0.0,0.0,0.0,0.0,0.0,0.0,0.0,0.0,0.0,0.0,0.0,0.0,0.0,0.0,0.0,0.0,0.0,0.0,0.0,0.0,0.0,0.0,0.0,0.0,0.0,0.0,0.0,0.0,0.0,0.0,0.0,0.0,0.0,0.0,0.0,0.0,0.0,0.0,0.0,0.0,0.0,0.0,0.0,0.0,0.0,0.0,0.0,0.0,0.0,0.0,0.0,0.0,0.0,0.0,0.0,0.0,0.0,0.0,0.0,0.0,0.0,0.0,0.0,0.0,0.0,0.0,0.0,0.0,0.0,0.0,0.0,0.0,0.0,0.0,0.0,0.0,0.0,0.0,0.0,0.0,0.0,0.0,0.0,0.0,0.0,0.0,0.0,0.0,0.0,0.0,0.0,0.0,0.0,0.0,9.35e-05,0.0,0.0,0.0,0.0,0.0,0.000747943,0.0,0.0,0.0,0.0,0.0,0.0,0.0,0.0,0.0,0.0,0.0,0.0,0.0,0.0,0.0,0.0,0.0,0.0,0.0,0.0,0.0,0.0,0.0,0.0,0.0,9.35e-05,0.0,0.0,0.0,0.0,0.0,0.0,0.0,0.0,0.0,0.0,0.0,0.0,0.0,0.0,0.0,9.35e-05,0.0,0.0,0.0,0.0,0.0,0.0,0.0,0.0,0.0,0.0,9.35e-05,0.0,0.0,0.0,0.0,0.0,0.0,9.35e-05,0.0,0.0,0.0,0.0,0.0,0.0,0.0,0.0,0.0,0.0,0.0,0.0,0.0,0.0,0.0,0.0,0.0,0.0,0.0,0.0,0.0,0.0,0.0,0.0,0.0,0.0,0.0,0.0,0.0,0.0,0.0,0.0,0.0,0.0,0.0,0.0,0.0,0.0,0.0,0.0,0.0,0.0,0.0,0.0,0.0,0.0,0.0,0.0,0.0,0.0,0.0,0.0,0.0,0.0,0.0,0.0,0.0,0.0,0.0,0.0,0.0,0.0,0.0,0.0,0.0,0.0,0.0,0.0,0.0,0.0,0.0,0.0,0.0,0.0,0.0,0.0,0.0,0.0,0.0,0.0,0.0,0.0,0.0,0.0,0.0,0.0,0.0,0.0,0.0,0.0,0.0,0.0,0.0,0.0,0.0,0.0,0.0,0.0,0.0,0.0,0.0,9.35e-05,0.0,0.0,0.0,0.0,0.0,0.0,0.0,0.0,0.0,0.0,0.0,0.0,0.0,0.0,0.0,0.0,0.0,0.0,0.0,0.0,0.0,0.0,0.0,0.0,0.0,0.0,0.0,0.0,0.0,0.0,,,,,,,,,,,,,,,,,,,,
SRR12478907,0.031425562,0.011850421,0.172577247,0.055916433,0.0,0.0,0.002721208,0.0,0.0,0.005705758,0.0,0.0,0.000614466,0.0,0.0,0.000175562,0.001843399,0.000438904,0.130617978,0.005091292,0.02729986,0.016239466,0.142117275,0.015800562,0.003335674,0.008075843,0.001404494,0.002457865,0.000175562,0.036604635,0.000175562,0.000351124,0.055477528,0.029757725,0.009041433,0.000526685,0.043802669,0.000702247,0.000526685,0.009392556,0.002018961,0.0,0.000877809,8.78e-05,0.004476826,0.0,0.0,8.78e-05,0.000351124,0.0,0.0,0.000175562,0.000351124,0.001316713,0.007724719,0.001755618,0.001316713,0.002457865,8.78e-05,8.78e-05,0.004213483,0.000263343,0.0,0.001053371,0.000175562,0.000526685,0.009216994,0.001492275,0.011850421,0.001141152,0.001843399,0.000438904,0.000263343,0.000175562,0.0,0.0,0.0,0.0,0.0,0.000877809,0.002106742,0.0,0.0,0.0,0.0,0.0,0.0,0.007636938,0.0,0.005793539,0.0,0.000351124,0.000438904,0.000351124,8.78e-05,0.000263343,0.000175562,0.000526685,0.000702247,0.001580056,0.0,8.78e-05,0.000351124,8.78e-05,0.0,0.0,8.78e-05,0.0,0.0,0.000175562,0.000351124,0.0,0.0,8.78e-05,8.78e-05,0.0,0.00096559,0.0,0.0,0.0,8.78e-05,0.007373596,0.0,0.0,0.0,0.0,8.78e-05,0.000175562,8.78e-05,0.0,8.78e-05,0.0,0.0,0.0,0.000175562,8.78e-05,0.000175562,0.063290028,0.0,8.78e-05,0.005442416,0.0,0.000175562,0.0,0.001404494,0.0,0.0,8.78e-05,0.0,0.0,0.0,0.0,0.0,0.00096559,0.0,0.0,0.0,0.0,0.0,0.0,0.0,0.0,0.0,0.000175562,0.0,0.0,0.0,0.003247893,0.0,0.0,0.0,0.0,0.0,0.0,0.000263343,0.0,8.78e-05,0.0,0.000263343,0.0,0.0,0.0,0.0,0.0,0.0,0.001843399,0.0,0.000175562,0.0,0.0,0.0,0.0,0.0,8.78e-05,8.78e-05,0.0,0.000351124,0.0,8.78e-05,0.0,0.0,0.0,0.0,0.0,0.0,0.000175562,0.0,0.0,0.0,0.0,0.0,0.0,0.0,0.000263343,0.0,0.0,0.002018961,0.0,0.0,0.0,0.000175562,0.0,0.0,0.0,0.0,0.0,0.0,0.0,0.0,0.0,0.0,0.000175562,0.0,0.0,0.0,8.78e-05,0.0,0.0,0.0,0.0,0.0,0.0,8.78e-05,0.0,0.001053371,0.0,0.0,0.000175562,0.0,8.78e-05,0.0,8.78e-05,0.0,0.0,0.0,0.0,0.000263343,0.001141152,0.0,0.0,0.0,0.0,0.0,0.0,0.0,0.0,0.0,0.0,0.0,0.0,0.0,0.0,0.0,8.78e-05,0.0,8.78e-05,0.0,0.002282303,0.0,0.0,0.0,0.0,0.0,8.78e-05,0.0,0.0,0.0,0.0,0.0,0.0,0.0,0.0,0.0,0.0,0.0,0.000263343,0.0,0.0,0.000877809,0.0,0.0,0.0,0.0,0.0,0.0,0.0,0.0,0.0,0.0,0.0,0.0,0.0,0.0,0.0,0.0,0.0,0.0,0.0,0.0,0.0,0.0,0.0,0.0,0.0,8.78e-05,0.0,0.0,0.0,0.0,0.0,0.0,0.0,0.0,8.78e-05,0.0,0.0,0.0,8.78e-05,0.0,0.0,0.0,0.0,0.0,0.0,0.0,0.0,0.0,0.0,0.0,0.0,0.000175562,0.0,0.0,0.0,0.0,0.0,0.0,0.0,0.0,0.0,0.0,0.0,0.0,0.0,0.0,0.0,0.0,0.0,8.78e-05,0.0,0.0,0.0,0.0,0.0,0.0,0.0,0.0,0.0,0.0,0.0,0.0,0.0,0.0,0.0,0.0,0.0,0.0,0.0,0.0,0.0,0.0,0.0,0.0,0.0,0.0,0.0,0.0,0.0,0.0,0.0,0.0,0.0,0.0,0.0,0.0,0.0,0.0,0.0,8.78e-05,0.0,0.0,0.0,0.0,0.0,0.0,0.0,0.0,0.0,0.0,0.0,0.0,0.0,0.0,0.0,0.0,0.0,0.0,0.0,0.0,0.0,0.0,0.0,0.000175562,0.0,0.0,0.0,0.0,0.0,0.0,0.0,0.0,0.0,0.0,0.0,0.0,0.0,0.0,0.0,0.0,0.0,0.0,0.0,0.0,0.0,0.0,0.0,0.0,0.0,0.0,0.0,0.0,0.0,0.0,0.0,0.0,0.0,0.0,8.78e-05,0.0,0.0,0.0,8.78e-05,0.000351124,0.0,0.0,0.0,0.000175562,0.0,0.0,0.0,8.78e-05,0.0,0.0,0.0,0.0,0.0,0.0,0.0,0.0,0.0,0.0,0.0,0.0,0.0,0.0,0.0,0.0,0.0,0.000175562,0.0,0.0,0.0,0.0,0.0,0.0,0.0,0.0,0.0,0.0,0.0,0.0,0.0,0.0,0.0,0.0,0.0,0.0,0.0,0.0,0.0,0.0,0.0,0.0,0.0,0.0,0.0,0.0,0.0,0.0,0.0,0.0,0.0,0.0,0.0,0.0,0.0,0.0,0.0,8.78e-05,0.0,8.78e-05,0.0,0.0,0.0,0.0,0.0,0.0,0.0,0.0,0.0,0.0,0.0,0.0,0.0,0.0,0.0,0.0,0.0,0.0,0.0,0.0,0.0,0.000175562,0.0,0.0,8.78e-05,0.0,0.0,0.0,0.0,0.0,0.0,8.78e-05,0.0,0.0,0.0,0.0,0.0,0.0,0.0,8.78e-05,0.0,0.0,0.0,0.0,0.000175562,0.0,0.0,0.0,0.0,0.0,0.0,0.0,0.0,0.0,0.0,0.0,0.0,0.0,0.0,0.0,0.0,0.0,0.0,0.0,0.0,0.0,0.0,0.0,0.0,0.0,0.0,0.0,8.78e-05,0.0,0.0,0.0,0.0,0.0,0.0,0.0,0.0,0.0,0.0,0.0,0.0,0.0,0.0,0.0,8.78e-05,8.78e-05,0.0,0.0,0.0,0.0,0.0,0.0,0.0,0.0,0.0,0.0,0.0,0.0,0.0,0.0,0.0,0.0,0.0,0.0,0.0,0.0,0.0,0.0,0.0,0.0,0.0,0.0,0.0,0.0,,,,,,,,,,,,,,,,,,,,
SRR12478912,0.674055829,0.000178482,0.009066895,0.000249875,0.0,0.000107089,0.000142786,0.0,0.0,0.001249375,0.0,0.0,0.0,0.0,0.0,0.0,3.57e-05,0.0,0.105982723,0.000464054,0.006139787,0.002427358,0.006282573,0.005283073,0.007924609,0.007174984,0.000321268,0.001427857,0.000142786,0.000178482,0.000856714,3.57e-05,0.072106804,0.023202684,0.001891911,0.000321268,0.000142786,0.000142786,7.14e-05,0.000678232,0.000928107,0.000642536,0.001035197,3.57e-05,7.14e-05,0.0,0.0,0.0,0.005854216,0.0,0.0,0.000178482,3.57e-05,0.000356964,0.031020204,0.000464054,0.000785322,3.57e-05,0.0,3.57e-05,7.14e-05,7.14e-05,0.0,0.000178482,0.0,0.000214179,0.005175983,3.57e-05,0.000535447,0.0,0.000214179,7.14e-05,3.57e-05,0.0,3.57e-05,0.0,0.015420861,0.0,0.0,7.14e-05,0.000107089,0.0,0.0,0.0,0.0,0.0,0.0,0.000142786,7.14e-05,0.000214179,0.0,0.0,7.14e-05,3.57e-05,0.0,0.0,0.0,0.0,0.0,0.0,0.0,0.0,3.57e-05,3.57e-05,0.0,0.0,0.0,0.0,0.0,0.0,0.000464054,0.0,0.0,0.0,0.000142786,0.0,0.001142286,0.0,0.0,0.0,0.0,0.001642036,0.0,0.0,0.0,3.57e-05,0.0,0.0,0.0,0.0,3.57e-05,0.0,0.0,0.0,0.000321268,0.0,3.57e-05,0.000178482,0.0,0.0,0.00049975,0.0,0.000107089,0.0,0.000178482,0.0,0.0,0.0,0.0,0.0,0.0,0.0,0.0,0.000107089,0.0,0.0,0.0,0.0,0.0,3.57e-05,0.0,0.0,0.0,0.0,0.0,0.0,0.0,0.0,0.000535447,3.57e-05,0.0,0.0,0.0,0.0,0.0,0.0,3.57e-05,0.000142786,0.0,0.0,0.0,0.0,0.0,0.0,0.0,0.0,0.0,7.14e-05,3.57e-05,0.0,0.0,0.0,0.0,0.0,0.0,0.0,0.0,0.0,0.0,0.0,0.0,3.57e-05,0.0,0.0,0.0,3.57e-05,0.0,0.0,0.0,0.0,0.0,0.0,0.0,0.0,3.57e-05,0.0,0.0,0.0,0.0,0.0,0.0,0.0,0.000214179,0.0,0.0,3.57e-05,0.0,0.0,0.0,0.0,0.0,7.14e-05,0.0,0.0,0.0,7.14e-05,0.0,3.57e-05,0.0,0.0,0.0,0.0,0.0,0.0,7.14e-05,0.0,0.0,3.57e-05,0.0,3.57e-05,0.0,0.0,0.0,0.0,0.0,0.0,0.0,0.0,0.0,7.14e-05,0.0,0.0,0.0,0.0,0.0,0.0,0.0,0.0,0.0,0.0,3.57e-05,3.57e-05,0.0,3.57e-05,0.0,0.0,0.0,7.14e-05,0.0,0.0,0.0,0.0,0.0,0.0,0.0,0.0,0.0,0.0,0.0,0.0,0.0,0.0,3.57e-05,0.0,0.0,0.0,0.0,0.0,0.0,0.0,0.0,0.0,0.0,0.0,0.0,0.0,0.0,7.14e-05,0.0,3.57e-05,0.0,0.0,0.0,0.0,0.0,0.0,0.0,0.0,0.0,0.0,0.0,0.0,0.0,0.0,0.0,0.0,0.0,0.0,0.0,0.0,0.0,0.0,0.0,0.0,0.0,0.0,0.0,0.0,0.0,0.0,0.0,0.0,0.0,0.0,0.0,0.0,0.0,0.0,0.0,0.0,0.0,0.0,0.0,7.14e-05,0.0,0.0,0.0,3.57e-05,0.0,0.0,0.0,3.57e-05,0.0,0.0,0.0,0.0,0.0,0.0,0.0,0.0,0.0,0.0,0.0,0.0,0.0,0.0,0.0,0.0,0.0,0.0,0.0,0.0,0.0,0.0,0.0,0.0,0.0,0.0,0.0,0.0,0.0,0.0,0.0,0.0,0.0,0.0,0.0,0.0,0.0,0.0,0.0,0.0,0.0,0.0,0.0,0.0,0.0,0.0,0.0,0.0,0.0,0.0,0.0,0.0,0.0,0.0,0.0,0.0,0.0,0.0,0.0,0.0,0.0,0.0,0.0,0.0,0.0,0.0,0.0,0.0,0.0,0.0,0.0,0.0,0.0,0.0,0.0,0.0,0.0,0.0,0.0,0.0,0.0,0.0,0.0,0.0,0.0,0.0,0.0,0.0,0.0,0.0,0.0,0.0,0.0,0.0,0.0,0.0,0.0,0.0,0.0,0.0,0.0,0.0,0.0,0.0,3.57e-05,0.000142786,0.0,0.0,0.0,0.0,0.0,0.0,0.0,0.0,0.0,0.0,0.0,0.0,0.0,0.0,0.0,0.0,0.0,0.0,0.0,0.0,0.0,0.0,3.57e-05,0.0,0.0,0.0,3.57e-05,0.0,0.0,0.0,0.0,0.0,0.0,0.0,0.0,0.0,0.0,0.0,0.0,0.0,0.0,0.0,0.0,0.0,0.0,0.0,0.0,0.0,0.0,0.0,3.57e-05,0.0,0.0,0.0,0.0,0.0,0.0,0.0,0.0,0.0,0.0,0.0,0.0,0.0,0.0,0.0,0.0,0.0,0.0,0.0,0.0,0.0,0.0,0.0,0.0,0.0,0.0,0.0,0.0,0.0,0.0,0.0,0.0,0.0,0.0,3.57e-05,0.0,3.57e-05,0.0,0.0,0.0,0.0,0.0,0.0,0.0,0.0,0.0,0.0,0.0,0.0,0.0,0.0,0.0,0.0,0.0,0.0,0.0,0.0,0.0,0.0,0.0,0.0,0.0,0.0,0.0,3.57e-05,0.0,0.0,0.0,0.0,0.0,0.0,0.0,0.0,0.0,0.0,0.0,0.0,0.0,0.0,0.0,0.0,0.0,0.0,0.0,0.0,0.0,0.0,0.0,0.0,0.0,0.0,0.0,0.0,0.0,0.0,0.0,0.0,0.0,0.0,0.0,0.0,0.0,0.0,0.0,0.0,0.0,0.0,0.0,0.0,0.0,0.0,0.0,0.0,0.0,0.0,0.0,0.0,0.0,0.0,0.0,0.0,0.0,0.0,0.0,0.0,0.0,0.0,0.0,0.0,0.0,0.0,0.0,0.0,0.0,0.0,0.0,0.0,0.0,0.0,0.0,,,,,,,,,,,,,,,,,,,,
SRR12478913,0.449606896,0.000331534,0.025338638,0.001184048,0.0,9.47e-05,4.74e-05,0.0,0.0,0.006441224,0.0,0.0,9.47e-05,0.0,0.0,0.0,0.000284172,0.000142086,0.172728995,0.000520981,0.022639007,0.010135455,0.033626977,0.016197783,0.00146822,0.012835086,0.000710429,0.000994601,0.000947239,0.002036563,0.000331534,0.000284172,0.09936535,0.010893246,0.015250545,0.000189448,0.001278772,0.00023681,0.00123141,0.002841716,0.001420858,9.47e-05,0.000663067,0.00023681,0.000331534,0.0,0.0,4.74e-05,0.002273373,0.0,0.0,0.027327839,0.00341006,0.008004168,4.74e-05,0.00023681,0.001752392,0.0,0.0,9.47e-05,0.001562944,0.0,4.74e-05,0.000899877,0.001136687,0.00023681,0.006867481,0.000757791,0.00194184,4.74e-05,0.000331534,9.47e-05,4.74e-05,9.47e-05,4.74e-05,4.74e-05,0.007719996,0.0,0.0,0.000426257,0.000520981,0.0,0.0,4.74e-05,0.0,4.74e-05,0.0,0.000805153,4.74e-05,0.000189448,0.000189448,0.000426257,0.000378896,0.000142086,0.000331534,4.74e-05,0.0,9.47e-05,0.001089325,0.000142086,0.0,0.0,9.47e-05,0.0,0.0,0.0,0.000142086,0.0,0.0,0.000142086,0.006299138,0.0,4.74e-05,0.0,0.001373496,0.0,4.74e-05,0.0,0.0,0.0,0.000994601,0.004025765,0.0,0.0,0.0,0.0,0.000189448,4.74e-05,0.0,0.0,0.0,0.0,0.0,0.0,9.47e-05,4.74e-05,0.000189448,9.47e-05,0.0,4.74e-05,0.009046131,0.000947239,4.74e-05,0.00023681,0.000520981,0.0,0.0,0.000284172,0.0,0.0,0.0,0.0,0.0,0.001373496,0.0,0.0,0.000142086,0.0,0.0,0.00023681,0.0,0.0,0.0,4.74e-05,0.0,0.0,0.0,4.74e-05,0.0,0.0,0.0,0.0,9.47e-05,0.0,0.0,0.0,0.000142086,0.0,0.000331534,0.0,0.0,0.0,0.0,0.0,0.0,0.000568343,0.0,0.000189448,0.0,0.0,0.0,0.0,0.0,9.47e-05,0.0,0.0,4.74e-05,9.47e-05,0.0,0.0,0.0,0.0,0.000142086,9.47e-05,0.0,0.000142086,0.0,0.0,0.0,0.0,0.0,0.0,0.0,0.0,0.0,0.0,0.002462821,0.0,0.0,0.0,0.0,0.0,0.0,0.0,0.0,0.002510183,4.74e-05,0.0,0.0,0.000142086,4.74e-05,9.47e-05,0.0,0.0,0.0,4.74e-05,0.0,0.0,0.0,0.0,0.0,0.0,4.74e-05,4.74e-05,0.0,0.0,0.0,4.74e-05,0.0,0.0,0.0,0.0,9.47e-05,0.0,0.0,0.0,0.0,0.0,4.74e-05,0.0,0.0,0.0,0.0,4.74e-05,0.0,0.0,0.0,0.0,0.000142086,0.0,4.74e-05,0.0,0.0,0.0,0.0,0.0,0.0,9.47e-05,0.0,0.0,0.0,0.0,4.74e-05,0.0,0.0,0.0,0.0,4.74e-05,0.0,0.0,0.0,0.0,4.74e-05,0.0,0.0,0.0,4.74e-05,4.74e-05,0.000615705,0.0,0.0,0.0,0.0,0.0,9.47e-05,0.0,4.74e-05,0.0,4.74e-05,4.74e-05,0.0,0.0,0.0,0.0,0.0,0.0,0.000142086,0.0,0.0,0.0,0.0,0.0,0.0,0.0,0.0,0.0,0.0,0.0,0.0,0.0,4.74e-05,0.0,0.0,0.000284172,0.0,4.74e-05,4.74e-05,0.0,0.0,0.0,0.0,0.0,0.0,4.74e-05,0.0,0.0,0.0,0.0,0.0,0.0,0.0,0.0,0.0,0.0,4.74e-05,0.0,4.74e-05,0.0,0.0,0.0,0.0,0.0,0.0,0.0,0.0,0.0,0.0,0.0,0.0,0.0,0.0,0.0,0.0,0.0,0.0,0.0,0.0,0.0,0.0,0.0,0.0,0.0,0.0,0.0,0.0,0.0,0.0,0.0,0.0,0.0,0.0,0.0,0.0,0.0,0.0,0.0,0.0,0.0,0.0,0.0,0.0,0.0,0.0,0.0,0.0,0.0,0.0,0.0,0.0,0.0,0.0,0.0,0.0,0.0,0.0,0.0,0.0,0.0,0.0,0.0,0.0,0.0,0.0,0.0,0.0,0.0,0.0,0.0,0.0,0.0,0.0,0.0,0.0,0.0,4.74e-05,0.0,0.0,0.0,0.0,0.0,0.0,0.0,0.0,0.0,0.0,0.0,0.0,0.0,0.0,0.0,0.0,0.0,0.0,0.0,0.0,0.0,0.0,0.0,0.0,0.0,0.0,0.0,0.0,0.0,0.0,0.0,0.0,0.0,0.0,0.0,0.0,0.0,0.0,0.0,0.0,0.0,0.0,0.0,0.0,0.0,0.0,0.0,0.0,4.74e-05,0.0,0.0,0.0,0.0,0.0,4.74e-05,0.0,0.0,0.0,0.0,0.0,0.0,0.0,0.0,0.0,0.0,0.0,0.0,0.0,0.0,0.0,0.0,0.0,0.0,0.0,0.0,0.0,0.0,0.0,0.0,0.0,0.0,0.0,0.0,0.0,0.0,0.0,0.0,0.0,0.0,0.0,0.0,0.0,0.0,0.0,0.0,0.0,0.0,0.0,0.0,0.0,0.0,9.47e-05,0.0,0.0,0.0,0.0,0.0,0.0,0.0,0.0,0.0,0.0,0.0,0.0,0.0,0.0,0.0,0.0,0.0,0.0,0.0,0.0,0.0,0.0,0.0,0.0,0.0,0.0,0.0,0.0,0.0,0.0,0.0,0.0,0.0,0.0,0.0,0.0,0.0,0.0,0.0,0.0,0.0,0.0,0.0,0.0,0.0,0.0,9.47e-05,0.0,0.0,0.0,0.0,0.0,0.0,0.0,0.0,0.0,0.0,0.0,0.0,0.0,0.0,0.0,0.0,0.0,0.0,0.0,0.0,0.0,0.0,0.0,0.0,0.0,0.0,0.0,0.0,0.0,0.0,0.0,0.0,0.0,0.0,0.0,0.0,0.0,0.0,0.0,0.0,0.0,0.0,0.0,0.0,0.0,0.0,0.0,0.0,4.74e-05,4.74e-05,0.0,0.0,0.0,0.0,0.0,0.0,0.0,0.0,0.0,0.0,0.0,0.0,0.0,0.0,0.0,0.0,0.0,0.0,0.0,0.0,0.0,0.0,0.0,0.0,0.0,,,,,,,,,,,,,,,,,,,,
SRR12478919,0.710784732,0.000426949,0.011954573,0.0,0.0,8.54e-05,0.0,0.0,0.0,0.001622406,0.0,0.0,0.00017078,0.0,0.0,0.0,0.000256169,0.0,0.118350269,0.00017078,0.005891897,0.003074033,0.006318846,0.00444027,0.004867219,0.016651012,0.00017078,0.001878576,0.000597729,0.000426949,0.00017078,0.000341559,0.040645547,0.004867219,0.001537016,0.00017078,0.000256169,8.54e-05,0.000256169,0.00017078,8.54e-05,0.0,0.003415592,0.0,8.54e-05,0.0,0.0,0.0,0.010332166,0.0,0.0,8.54e-05,0.0,0.00017078,0.01741952,0.000597729,0.000512339,0.0,0.0,0.0,0.000256169,8.54e-05,0.0,0.00017078,8.54e-05,0.0,0.002732474,0.0,0.001195457,0.0,0.0,0.0,0.0,0.00017078,0.000512339,0.0,0.001024678,0.0,0.0,8.54e-05,0.0,0.0,0.000256169,8.54e-05,0.0,0.0,0.0,0.000256169,0.0,0.0,0.0,0.0,0.0,0.0,0.0,0.0,0.002390915,0.0,0.0,0.0,0.0,0.0,0.0,0.0,0.0,0.0,0.0,0.0,0.0,0.0,0.002134745,0.0,0.0,0.0,8.54e-05,0.0,0.00017078,0.0,0.0,0.0,0.00017078,0.001195457,0.0,0.0,0.0,0.0,8.54e-05,0.0,0.0,0.0,0.0,0.0,0.0,0.0,0.000426949,0.0,0.0,8.54e-05,0.0,0.0,0.001195457,0.0,0.0,0.0,0.0,0.0,0.0,0.0,0.0,0.0,0.0,8.54e-05,0.0,0.0,0.0,0.000256169,0.0,0.0,0.0,0.0,0.0,0.0,0.0,0.0,0.0,0.0,0.0,0.0,0.0,0.0,0.0,0.0,8.54e-05,0.0,0.0,8.54e-05,0.000341559,0.0,0.0,0.0,0.0,0.0,0.0,0.0,0.0,0.0,0.0,0.000683118,0.000426949,0.0,0.0,0.0,0.0,0.0,0.0,0.0,8.54e-05,0.0,0.0,0.0,0.0,0.0,0.00017078,0.0,0.0,0.0,0.0,0.0,0.0,0.0,0.0,0.0,0.0,0.0,0.0,0.0,0.0,8.54e-05,0.0,0.0,0.0,0.0,8.54e-05,0.0,0.0,0.0,0.0,0.0,0.0,0.0,0.0,0.0,0.0,0.0,0.0,0.012210742,0.0,0.0,0.0,0.0,0.0,0.0,0.0,0.0,0.0,0.0,0.0,0.0,0.0,0.0,0.0,0.0,0.0,0.0,0.0,0.0,0.0,8.54e-05,8.54e-05,0.0,0.0,0.0,0.0,0.0,0.0,0.0,0.0,0.0,0.0,0.0,0.0,0.0,0.0,8.54e-05,0.0,0.0,0.0,0.0,0.0,0.0,0.0,0.0,0.0,0.0,0.0,0.0,0.0,0.0,0.0,0.0,0.0,0.0,0.0,0.0,0.0,0.0,0.0,0.0,0.0,0.0,0.0,0.0,0.0,0.0,0.0,0.0,0.0,0.0,0.0,8.54e-05,0.0,0.0,0.0,0.0,0.0,0.0,0.0,0.0,0.0,0.0,0.0,0.0,0.0,0.0,0.0,0.0,0.0,0.0,0.0,0.0,0.0,0.0,0.00017078,0.000341559,0.0,8.54e-05,0.0,0.0,0.0,0.0,0.0,0.0,0.0,0.0,0.0,0.0,0.0,0.0,0.0,0.0,0.0,0.0,0.0,0.0,0.0,0.0,0.0,8.54e-05,0.0,0.0,0.0,8.54e-05,0.0,0.0,0.0,0.0,0.0,0.0,0.0,0.0,0.0,0.0,0.0,0.0,0.0,0.0,0.0,0.0,0.0,0.0,0.0,0.0,0.0,0.0,0.0,0.0,0.0,0.0,0.0,0.0,0.0,0.0,0.0,0.0,0.0,0.0,0.0,0.0,0.0,0.0,0.0,0.0,0.0,0.0,0.0,0.0,0.0,0.0,0.0,0.0,0.0,0.0,0.0,0.0,0.0,0.0,0.0,0.0,0.0,0.0,0.0,0.0,0.0,0.0,0.0,0.0,0.0,0.0,0.0,0.0,0.0,0.0,0.0,0.0,0.0,0.0,0.0,0.0,0.0,0.0,0.0,0.0,0.0,0.0,0.0,0.0,0.0,0.0,0.0,0.0,0.0,0.0,0.0,0.0,0.0,0.0,0.0,0.0,0.0,0.0,0.0,0.0,0.0,0.0,0.0,0.0,0.0,0.0,0.0,0.0,0.0,0.0,0.0,0.0,0.0,0.0,0.0,0.0,0.0,0.0,0.0,0.0,0.0,0.0,0.0,0.0,0.0,0.0,0.0,0.0,0.0,0.0,0.0,0.0,0.0,0.0,0.0,0.0,0.0,0.0,0.0,0.0,0.0,0.0,0.0,0.0,0.0,0.0,0.0,0.0,0.0,0.0,0.0,0.0,0.0,0.0,0.0,0.0,0.0,0.0,0.0,0.0,0.0,0.0,0.0,0.0,0.0,0.0,0.0,0.0,0.0,0.0,0.0,0.0,0.0,0.0,0.0,0.0,0.0,0.0,0.0,8.54e-05,0.0,0.0,0.0,0.0,0.0,0.0,0.0,0.0,0.0,0.0,0.0,0.0,0.0,0.0,0.0,0.0,0.0,0.0,0.0,0.0,0.0,0.0,0.0,0.0,0.0,0.0,0.0,0.0,0.0,0.0,0.0,0.0,0.0,0.0,0.0,0.0,0.0,0.0,0.0,0.0,0.0,0.0,0.0,0.0,0.0,0.0,0.0,0.0,0.0,0.0,0.0,0.0,0.0,0.0,0.0,0.0,0.0,0.0,0.0,0.0,0.0,0.0,0.0,0.0,0.0,0.0,0.0,0.0,0.0,0.0,0.0,0.0,0.0,0.0,0.0,0.0,0.0,0.0,0.0,0.0,0.0,0.0,0.0,0.0,0.0,0.0,0.0,0.0,0.0,0.0,0.0,0.0,0.0,0.0,0.0,0.0,0.0,0.0,0.0,0.0,0.0,0.0,0.0,0.0,0.0,0.0,0.0,0.0,0.0,0.0,0.0,0.0,0.0,0.0,0.0,0.0,0.0,,,,,,,,,,,,,,,,,,,,
SRR12478922,0.702138285,0.000181595,0.017160757,0.001725155,0.0,0.000136196,0.000181595,4.54e-05,0.0,0.005674854,0.0,4.54e-05,4.54e-05,0.0,0.0,0.0,0.000136196,4.54e-05,0.115540019,0.005175466,0.005538657,0.002451537,0.009488355,0.008035593,0.008444182,0.003223317,0.000317792,0.000226994,0.001634358,0.000590185,0.000635584,0.000272393,0.051028283,0.00349571,0.001134971,0.000363191,0.000226994,0.0,9.08e-05,0.000635584,0.000363191,0.000136196,0.000499387,4.54e-05,0.000272393,0.0,0.0,0.0,4.54e-05,0.0,0.0,4.54e-05,4.54e-05,0.000953375,0.0116221,0.001134971,0.002678531,0.0,0.0,0.0,0.000363191,4.54e-05,0.0,4.54e-05,9.08e-05,0.0,0.002179144,0.000726381,0.001089572,0.0,0.0,9.08e-05,4.54e-05,0.000272393,0.000408589,4.54e-05,0.001815953,9.08e-05,0.0,0.000226994,9.08e-05,0.0,0.0,0.0,4.54e-05,9.08e-05,0.0,0.000136196,0.0,0.0,0.0,0.0,0.000408589,0.0,0.000181595,0.0,0.0,4.54e-05,9.08e-05,0.0,0.0,0.0,9.08e-05,0.0,0.0,0.0,0.0,0.0,0.0,0.0,0.000453988,0.0,0.0,4.54e-05,0.002542334,0.0,0.001634358,0.0,0.0,4.54e-05,0.000136196,0.000998774,0.0,0.0,0.0,4.54e-05,0.0,9.08e-05,0.0,0.0,0.0,0.0,0.0,0.0,4.54e-05,0.000181595,0.000363191,4.54e-05,0.0,0.0,0.000544786,0.000136196,0.0,0.0,0.0,0.0,4.54e-05,0.000136196,4.54e-05,0.000907977,0.0,0.0,0.0,0.000226994,0.0,0.0,0.0,0.0,0.0,9.08e-05,0.0,0.0,0.0,9.08e-05,0.0,0.0,0.0,0.0,0.0,0.0,0.0,0.0,9.08e-05,0.0,0.0,0.0,0.0,0.0,0.0,0.0,0.0,4.54e-05,0.0,0.0,0.0,0.006174241,0.0,0.009533754,0.000635584,0.0,0.0,0.0,0.0,4.54e-05,0.0,4.54e-05,9.08e-05,0.0,0.0,0.0,0.0,0.0,9.08e-05,0.0,0.0,0.0,0.0,0.0,0.0,0.0,0.0,4.54e-05,0.0,0.0,0.0,0.0,0.0,0.0,0.0,0.0,0.0,0.0,9.08e-05,0.0,0.0,0.0,0.0,0.0,0.0,0.0,0.0,0.0,0.0,0.0,0.0,9.08e-05,4.54e-05,0.0,0.0,0.0,0.0,0.0,0.0,4.54e-05,0.0,0.0,0.0,0.0,0.0,0.0,0.0,0.0,0.0,0.0,0.0,4.54e-05,0.0,0.0,0.000136196,0.0,0.0,0.0,0.0,0.0,0.0,0.0,0.0,0.0,0.0,0.0,4.54e-05,0.0,0.0,0.0,0.0,0.0,0.0,0.000272393,0.0,0.0,0.0,0.0,0.0,0.0,0.0,0.0,0.0,0.0,0.0,0.0,0.0,0.0,4.54e-05,0.0,0.0,0.0,0.0,0.0,0.0,0.0,0.0,0.0,0.0,0.0,0.0,0.0,0.0,0.0,4.54e-05,0.0,0.0,0.0,0.0,0.0,0.0,0.0,0.0,0.0,0.0,0.0,0.0,0.0,0.0,0.0,0.0,0.0,0.0,0.0,4.54e-05,0.0,0.0,0.0,0.0,0.0,0.0,0.0,0.0,0.0,0.0,0.0,0.0,0.0,0.0,0.0,0.0,0.0,0.0,0.0,0.0,0.0,0.0,4.54e-05,0.0,0.0,0.0,0.0,0.0,0.0,0.0,0.0,0.0,0.0,0.0,0.0,0.0,0.0,0.0,9.08e-05,0.0,0.0,0.0,0.0,0.0,0.0,0.0,0.0,0.0,4.54e-05,0.0,0.0,0.0,0.0,0.0,0.0,0.0,0.0,0.0,0.0,0.0,0.0,0.0,0.0,0.0,0.0,0.0,0.0,0.0,0.0,9.08e-05,0.0,0.0,0.0,0.0,0.0,0.0,0.0,0.0,0.0,0.0,0.0,0.0,0.0,0.0,0.0,0.0,0.0,0.0,0.0,0.0,0.0,0.0,0.0,0.0,0.0,0.0,0.0,0.0,0.0,0.0,0.0,0.0,0.0,0.0,0.0,0.0,0.0,0.0,0.0,0.0,0.0,4.54e-05,0.0,0.0,0.0,0.0,0.0,0.0,0.0,0.0,0.0,0.0,0.0,0.0,4.54e-05,0.0,0.0,0.0,0.0,0.0,0.0,0.0,0.0,0.0,0.0,0.0,0.0,0.000136196,0.0,0.0,4.54e-05,0.0,0.0,0.0,0.0,0.0,0.0,0.0,4.54e-05,0.0,0.0,0.0,0.0,0.0,0.0,4.54e-05,0.0,0.0,0.0,0.0,4.54e-05,0.0,0.0,0.0,0.0,0.0,0.0,0.0,0.0,0.0,0.0,0.0,0.0,0.0,0.0,0.0,0.0,0.0,0.0,0.0,0.0,0.0,0.0,0.0,0.0,0.0,0.0,0.0,0.0,0.0,0.0,0.0,0.0,0.0,0.0,0.0,0.0,0.0,0.0,0.0,0.0,0.0,0.0,0.0,0.0,0.0,0.0,0.0,0.0,0.0,0.0,0.0,4.54e-05,0.0,0.0,0.0,0.0,0.0,0.0,0.0,0.0,0.0,0.0,0.0,0.0,0.0,0.0,0.0,0.0,0.0,0.0,0.0,0.0,0.0,0.0,0.0,0.0,0.0,0.0,0.0,0.0,0.0,0.0,0.0,0.0,0.0,0.0,0.0,0.0,0.0,0.0,0.0,0.0,4.54e-05,0.0,0.0,0.0,0.0,0.0,0.0,4.54e-05,0.0,0.0,0.0,0.0,0.0,0.0,0.0,0.0,0.0,0.0,0.0,0.0,0.0,0.0,0.0,0.0,0.0,0.0,0.0,0.0,0.0,0.0,0.0,0.0,0.0,0.0,0.0,0.0,0.0,0.0,0.0,0.0,0.0,0.0,0.0,0.0,0.0,0.0,0.0,0.0,0.0,0.0,0.0,0.0,0.0,0.0,0.0,0.0,0.0,0.0,0.0,0.0,0.0,0.0,0.0,0.0,0.0,0.0,0.0,0.0,0.0,0.0,0.0,0.0,0.0,0.0,0.0,0.0,0.0,,,,,,,,,,,,,,,,,,,,
SRR12478923,0.555632403,0.000172906,0.013746002,8.65e-05,0.0,0.0,0.000172906,0.0,0.0,8.65e-05,0.0,0.0,8.65e-05,0.000691623,0.0,0.0,0.000172906,0.0,0.097951068,0.0,0.000864528,0.002680038,0.000778076,0.000691623,0.01279502,0.00121034,8.65e-05,0.0,0.000259359,0.000778076,0.000259359,0.000432264,0.227976139,0.028270079,0.005446529,0.000172906,0.0,8.65e-05,0.003458114,8.65e-05,0.0,0.0,0.0,0.0,0.000172906,0.0,0.0,0.0,0.0,0.0,0.0,0.000950981,0.000432264,0.00700268,0.0,0.00121034,0.012967926,8.65e-05,0.0,8.65e-05,0.0,0.0,0.0,0.000864528,0.0,8.65e-05,0.0,8.65e-05,0.001037434,0.0,0.0,0.0,0.0,8.65e-05,8.65e-05,0.0,0.000172906,0.0,0.0,0.0,8.65e-05,0.0,0.0,0.0,0.0,0.000172906,0.0,0.003285208,0.0,0.0,0.0,0.000172906,0.0,0.000259359,0.00060517,0.0,0.000172906,8.65e-05,8.65e-05,0.000172906,0.0,0.000259359,0.000432264,0.0,0.0,0.0,0.0,0.0,0.0,0.0,0.000259359,0.0,0.0,0.0,0.0,0.0,0.0,0.0,0.0,8.65e-05,0.0,0.0,0.0,0.0,0.0,0.0,0.0,0.0,0.0,0.0,0.0,0.0,0.0,0.0,8.65e-05,0.0,0.000345811,0.0,0.0,0.0,0.0,0.0,0.0,0.0,0.0,0.0,0.0,0.000864528,8.65e-05,0.002593585,0.0,0.0,0.0,0.0,0.0,0.0,0.0,0.0,0.0,0.0,0.0,0.0,0.0,0.0,0.0,0.0,0.0,0.000950981,0.002334227,0.0,0.0,0.0,0.0,0.0,0.0,0.0,0.0,0.0,0.0,0.0,0.0,0.0,0.0,0.0,0.0,0.001037434,0.0,0.0,0.0,0.0,0.0,0.0,0.0,0.0,0.0,8.65e-05,0.0,0.0,0.0,0.0,0.0,0.0,0.0,0.0,0.0,0.0,0.0,0.0,0.0,0.0,0.0,0.0,0.0,0.0,0.0,0.0,0.0,0.0,0.0,0.0,0.0,0.0,0.0,0.0,0.0,0.0,0.000172906,0.0,0.0,0.0,0.0,0.0,0.0,0.0,0.0,0.0,0.0,0.0,0.0,0.0,0.0,0.0,0.0,0.0,0.00060517,0.0,0.0,0.0,0.000172906,0.0,0.0,0.0,0.0,0.0,0.0,0.0,0.0,0.0,0.0,0.0,0.0,0.0,0.0,0.0,0.0,0.0,0.0,0.0,8.65e-05,0.0,0.0,0.0,0.0,0.0,0.0,0.000691623,0.0,0.0,0.0,0.0,0.0,0.0,0.0,0.000172906,0.0,0.0,0.0,0.0,0.0,0.0,0.0,0.0,0.0,0.0,0.0,0.0,8.65e-05,0.0,0.00060517,0.000778076,8.65e-05,0.0,0.0,0.0,0.0,0.0,0.0,0.0,0.0,0.000172906,0.0,0.0,0.0,0.0,0.0,0.0,8.65e-05,0.0,0.0,0.0,0.0,0.0,0.0,0.0,0.0,0.0,0.0,0.0,0.0,0.0,0.0,0.0,0.0,0.0,0.0,0.0,0.0,8.65e-05,0.0,0.0,0.0,0.0,0.0,8.65e-05,0.000172906,0.0,0.0,0.0,0.0,0.0,0.0,0.0,0.0,0.0,0.0,0.0,0.0,0.0,0.0,0.0,0.0,0.0,0.0,0.0,0.0,8.65e-05,0.0,0.0,0.0,0.0,0.0,0.0,0.0,0.0,0.0,0.0,0.0,0.0,0.0,0.0,0.0,0.0,0.0,0.0,0.0,0.0,0.0,0.0,0.0,0.0,0.0,0.0,0.0,0.0,0.0,0.0,0.0,8.65e-05,8.65e-05,0.0,0.0,0.000345811,0.0,0.0,0.0,0.0,0.0,0.0,8.65e-05,0.0,0.0,0.0,0.0,0.0,0.0,0.0,0.0,0.0,0.0,0.0,0.0,0.0,0.0,0.0,0.0,0.0,0.0,0.0,0.0,0.0,0.0,0.0,0.0,0.0,0.0,0.0,0.0,0.0,0.0,0.0,0.0,0.0,0.0,0.0,0.0,0.0,0.0,0.0,0.0,0.0,0.0,0.0,0.0,0.0,0.0,0.0,0.0,0.0,0.0,0.0,0.0,0.0,0.0,0.0,0.0,0.0,0.0,0.0,0.0,0.0,0.0,0.0,0.0,0.0,0.0,0.0,0.0,0.0,0.0,0.0,0.0,0.0,0.0,0.0,0.0,0.0,0.0,0.0,0.0,0.0,0.0,0.0,0.0,0.0,0.0,0.0,0.0,0.0,0.0,0.0,0.0,0.0,0.0,0.0,0.0,0.0,0.0,0.0,0.0,8.65e-05,0.0,0.0,0.0,0.0,0.0,0.0,0.0,0.0,0.0,0.0,0.0,0.0,0.0,0.0,0.0,0.0,0.0,0.0,0.0,0.0,0.0,0.0,0.0,0.0,0.0,0.0,0.0,0.0,0.0,0.0,0.0,0.0,0.0,0.0,0.0,0.0,0.0,0.0,0.0,0.0,0.0,0.0,0.0,0.0,0.0,0.0,0.0,0.0,0.0,0.0,0.0,0.0,0.0,0.0,0.0,0.0,0.0,0.0,0.0,0.0,0.0,0.0,0.0,0.0,0.0,0.0,0.0,0.0,0.0,0.0,0.0,0.0,0.0,0.0,0.0,0.0,0.0,0.0,0.0,0.0,0.0,0.0,0.0,0.0,0.0,0.0,0.0,0.0,0.0,0.0,0.0,0.0,0.0,0.0,0.0,0.0,0.0,0.0,0.0,0.0,0.0,0.0,0.0,0.0,0.0,0.0,8.65e-05,0.0,0.0,0.0,0.0,0.0,0.0,0.0,0.0,0.0,0.0,0.0,0.0,0.0,0.0,0.0,0.0,0.0,0.0,0.0,0.0,0.0,0.0,8.65e-05,0.0,0.0,0.0,0.0,0.0,0.0,0.0,0.0,0.0,0.0,0.0,0.0,0.0,0.0,0.0,0.0,0.0,0.0,0.0,,,,,,,,,,,,,,,,,,,,
SRR12478925,0.500357878,0.008768006,0.226626107,0.001476246,0.0,4.47e-05,0.003444574,0.0,0.0,0.002147267,0.0,0.0,0.000134204,0.0,0.0,8.95e-05,0.0,0.0,0.184799141,0.000134204,0.000134204,0.000492082,0.000715756,0.013107274,0.000268408,0.0,0.0,0.000134204,0.0,4.47e-05,0.0,0.0,0.000715756,0.001073633,8.95e-05,4.47e-05,0.0,0.0,0.001968328,0.0,0.0,0.0,0.0,0.0,0.000313143,4.47e-05,0.0,0.0,4.47e-05,0.0,0.0,0.0,0.0,0.000268408,0.027198712,0.000492082,0.000805225,0.0,0.0,0.000223674,4.47e-05,4.47e-05,0.0,8.95e-05,4.47e-05,4.47e-05,0.0,0.0,0.0,0.0,0.0,0.0,0.0,0.000134204,0.0,0.0,0.0,0.0,0.0,0.0,0.0,0.0,0.0,0.0,0.0,0.0,0.0,0.005457636,4.47e-05,0.0,0.000178939,0.000134204,0.000223674,0.000268408,0.000223674,0.000313143,0.0,0.000402613,0.000134204,0.000313143,0.0,0.0,0.000402613,8.95e-05,0.0,0.0,0.0,4.47e-05,4.47e-05,0.0,0.0,0.0,0.0,0.0,0.002281471,0.0,4.47e-05,8.95e-05,0.0,4.47e-05,0.0,0.002684083,0.0,0.0,0.0,0.0,0.0,0.0,0.0,0.0,0.0,4.47e-05,0.0,0.0,4.47e-05,8.95e-05,0.000268408,0.0,0.0,0.0,0.0,4.47e-05,0.0,0.0,0.0,0.0,4.47e-05,0.0,0.0,0.0,0.0,0.0,0.0,0.0,0.0,0.0,0.0,0.0,0.0,0.0,0.0,0.0,0.0,4.47e-05,0.0,0.0,0.0,0.0,4.47e-05,0.0,0.0,0.0,0.0,0.0,0.0,0.0,0.0,0.0,0.0,0.0,0.0,0.0,0.0,0.0,0.0,0.00076049,0.0,0.0,0.0,0.0,0.0,0.0,0.0,0.0,0.0,0.001342042,0.0,0.0,0.0,0.0,0.0,0.0,0.0,0.0,4.47e-05,0.0,0.0,0.000223674,0.0,0.0,0.0,0.0,4.47e-05,0.000178939,0.0,0.0,0.0,0.0,0.0,0.0,0.0,0.0,0.0,0.0,0.0,0.0,0.0,0.0,4.47e-05,0.0,4.47e-05,0.0,0.0,0.0,0.0,0.0,0.0,0.000134204,0.0,0.0,0.0,0.0,0.0,0.0,0.0,0.0,0.0,0.0,0.0,0.0,0.0,0.0,0.0,0.0,0.0,0.0,0.0,0.0,0.0,0.0,0.0,0.0,0.0,0.0,0.0,0.0,0.0,0.0,0.005412901,0.0,0.0,0.0,0.0,0.000178939,0.0,4.47e-05,0.0,0.0,0.0,0.0,4.47e-05,0.0,0.0,0.0,0.0,0.0,0.0,0.0,0.0,0.0,0.0,0.0,0.0,0.0,0.0,8.95e-05,4.47e-05,0.0,0.0,0.0,0.0,0.0,0.0,0.0,0.0,0.0,0.0,0.0,0.0,4.47e-05,0.0,0.0,0.0,0.0,0.0,0.0,0.0,0.0,0.0,0.0,0.0,0.0,0.0,0.0,0.0,0.0,0.0,0.0,0.0,0.0,0.0,0.0,0.0,0.0,0.0,0.0,0.0,0.0,0.0,0.0,0.0,0.0,4.47e-05,0.0,0.0,0.0,0.0,0.0,0.0,0.0,0.0,4.47e-05,0.0,0.0,0.0,0.0,0.0,0.0,0.0,0.0,0.0,0.0,0.0,0.0,0.0,0.0,0.0,0.0,0.0,0.0,0.0,0.0,0.0,0.0,0.0,0.0,0.0,0.0,0.0,0.0,0.0,0.0,0.0,0.0,0.0,0.0,0.0,0.0,0.0,0.0,0.0,0.0,0.0,0.0,0.0,0.0,0.0,0.0,0.0,0.0,0.0,0.0,0.0,0.0,0.0,0.0,0.0,0.0,0.0,0.0,0.0,0.0,0.0,0.0,0.0,0.0,0.0,0.0,0.0,0.0,0.0,0.0,0.0,0.0,0.0,0.0,0.0,0.0,0.0,0.0,0.0,0.0,0.0,0.0,0.0,0.0,0.0,0.0,0.0,0.0,0.0,0.0,0.0,0.0,0.0,0.0,0.0,0.0,0.0,0.0,0.0,0.0,0.0,0.0,0.0,0.0,0.0,0.0,0.0,0.0,0.0,0.0,0.0,0.0,0.0,0.0,0.0,0.0,4.47e-05,0.0,0.0,0.0,0.0,0.0,0.0,0.0,0.0,0.0,0.0,0.0,0.0,0.0,0.0,0.0,0.0,0.0,0.0,0.0,0.0,0.0,4.47e-05,0.0,0.0,0.0,4.47e-05,0.0,4.47e-05,0.0,0.0,0.0,0.0,0.0,0.0,0.0,0.0,0.0,0.0,0.0,0.0,0.0,0.0,0.0,0.0,0.0,0.0,0.0,0.0,0.0,0.0,0.0,0.0,0.0,0.0,0.0,0.0,0.0,0.0,0.0,0.0,0.0,0.0,0.0,0.0,0.0,0.0,0.0,0.0,0.0,4.47e-05,0.0,0.0,0.0,0.0,0.0,0.0,0.0,0.0,0.0,0.0,0.0,0.0,0.0,0.0,0.0,0.0,0.0,0.0,0.0,0.0,0.0,0.0,0.0,0.0,0.0,0.0,0.0,0.0,0.0,0.0,0.000223674,0.0,0.0,0.0,0.0,0.0,0.0,0.0,0.0,0.0,0.0,0.0,0.0,0.0,0.0,0.0,0.0,0.0,0.0,0.0,0.0,0.0,0.0,0.0,0.0,0.0,0.0,0.0,4.47e-05,0.0,0.0,0.0,0.0,0.0,0.0,0.0,0.0,0.0,0.0,0.0,0.0,0.0,0.0,0.0,0.0,0.0,0.0,0.0,0.0,0.0,0.0,0.0,0.0,0.0,0.0,0.0,0.0,0.0,0.0,0.0,0.0,0.0,0.0,0.0,0.0,0.0,0.0,0.0,0.0,0.0,0.0,0.0,4.47e-05,4.47e-05,0.0,0.0,0.0,0.0,0.0,0.0,0.0,0.0,0.0,0.0,0.0,0.0,0.0,0.0,0.0,0.0,,,,,,,,,,,,,,,,,,,,
SRR12478926,0.692153621,0.000413302,0.026610288,0.000349717,3.18e-05,0.000445094,6.36e-05,0.0,0.0,6.36e-05,0.0,3.18e-05,0.0,0.0,0.0,6.36e-05,0.000572264,3.18e-05,0.102785019,9.54e-05,0.005531888,0.001239906,0.002861321,0.008266039,0.018916513,0.012176512,0.000699434,0.001112736,0.001462453,0.000317925,0.002702359,6.36e-05,0.053633878,0.018566796,0.002034717,0.000413302,0.001303491,9.54e-05,0.000413302,0.000158962,0.00012717,0.000667642,0.007439435,3.18e-05,3.18e-05,0.0,0.0,0.0,6.36e-05,0.0,0.0,0.001176321,3.18e-05,0.004896039,0.002797736,0.000572264,0.003338208,0.0,0.0,0.0,9.54e-05,0.000317925,3.18e-05,0.000604057,0.0,9.54e-05,0.000349717,3.18e-05,0.002448019,0.0,0.0,0.0,0.0,0.0,0.00012717,0.0,0.001335283,9.54e-05,0.0,3.18e-05,0.0,0.0,6.36e-05,0.0,0.0,0.0,0.0,0.00038151,3.18e-05,0.0,0.0,9.54e-05,0.000190755,0.0,0.000158962,0.0,3.18e-05,3.18e-05,0.0,3.18e-05,3.18e-05,0.0,0.00025434,0.0,0.0,0.0,3.18e-05,0.0,0.0,0.0,0.007185096,0.0,0.0,9.54e-05,3.18e-05,3.18e-05,0.000763019,0.0,0.0,6.36e-05,3.18e-05,3.18e-05,0.0,0.0,0.0,6.36e-05,0.0,0.0,0.0,0.0,6.36e-05,0.000190755,0.0,0.0,0.0,0.0,0.0,0.000222547,0.0,0.0,0.00012717,3.18e-05,3.18e-05,0.0,0.0,6.36e-05,0.0,0.000190755,0.0,0.001462453,0.0,0.0,0.0,0.0,0.0,0.0,0.0,0.0,0.0,3.18e-05,0.0,0.0,0.0,0.0,0.0,0.0,0.0,0.000667642,3.18e-05,0.0,0.0,0.0,0.00012717,0.0,0.0,0.0,0.0,0.0,3.18e-05,0.0,0.0,0.0,0.0,0.0,0.0,0.00181217,0.0,9.54e-05,0.0,0.0,0.0,0.0,0.0,0.0,0.0,0.00012717,0.0,0.0,0.0,0.0,0.0,0.0,0.0,0.0,0.0,3.18e-05,0.0,3.18e-05,0.0,0.0,0.0,0.0,0.0,3.18e-05,0.0,3.18e-05,0.0,0.0,0.0,0.0,0.0,0.0,3.18e-05,0.0,0.0,0.001112736,0.0,0.0,0.0,0.0,0.0,3.18e-05,0.0,0.0,0.0,0.0,0.0,0.0,3.18e-05,0.0,0.0,0.0,0.0,0.0,0.00038151,0.0,0.0,3.18e-05,3.18e-05,6.36e-05,0.0,0.0,3.18e-05,0.0,0.0,0.0,0.0,0.0,0.0,0.0,0.0,0.0,0.0,0.0,0.0,0.0,0.0,0.0,0.0,0.0,0.0,0.0,0.0,3.18e-05,0.0,0.0,0.0,3.18e-05,0.0,0.0,9.54e-05,0.0,0.0,0.0,0.0,3.18e-05,0.0,3.18e-05,0.0,0.0,0.0,0.0,0.0,0.0,0.0,3.18e-05,0.0,9.54e-05,3.18e-05,0.0,0.0,0.0,0.0,0.0,0.0,0.0,0.0,0.0,0.0,3.18e-05,0.0,0.0,0.0,0.0,0.0,0.0,0.0,0.0,0.0,0.0,0.0,0.0,0.0,0.0,0.0,0.0,0.0,0.0,0.0,0.0,0.0,0.0,0.0,0.0,0.0,0.0,3.18e-05,0.0,0.0,0.0,0.0,0.0,0.0,0.0,0.0,0.0,0.0,3.18e-05,0.0,0.0,0.0,0.0,0.0,0.0,0.0,3.18e-05,0.0,0.0,0.0,0.0,0.0,0.0,0.0,0.0,0.0,0.0,0.0,0.0,0.0,0.0,0.0,0.0,0.0,0.0,0.0,0.0,0.0,0.0,0.0,0.0,0.0,0.0,0.0,0.0,0.0,0.0,0.0,0.0,0.0,0.0,0.0,0.0,0.0,0.0,0.0,0.0,0.0,0.0,0.0,0.0,0.0,0.0,0.0,3.18e-05,0.0,0.0,0.0,0.0,0.0,0.0,0.0,0.0,0.0,0.0,0.0,0.0,0.0,0.0,0.0,0.0,0.0,0.0,0.0,0.0,0.0,0.0,0.0,0.0,0.0,0.0,0.0,0.0,0.0,0.0,0.0,0.0,0.0,0.0,0.0,0.0,0.0,0.0,0.0,0.0,0.0,0.0,0.0,0.0,0.0,0.0,0.0,0.0,0.0,3.18e-05,0.0,0.0,0.0,0.0,0.0,0.0,0.0,0.0,0.0,0.0,0.0,0.0,0.00012717,0.0,0.0,0.0,0.0,0.0,0.0,0.0,0.0,0.0,0.0,0.0,0.0,0.0,0.0,0.0,0.0,0.0,0.0,0.0,0.0,0.0,0.0,0.0,0.0,0.0,0.0,0.0,0.0,0.0,0.0,0.0,0.0,0.0,0.0,0.0,0.0,0.0,0.0,0.0,0.0,0.0,0.0,0.0,0.0,0.0,0.0,0.0,0.0,0.0,0.0,0.0,0.0,0.0,0.0,0.0,0.0,0.0,0.0,0.0,0.0,0.0,0.0,0.0,0.0,0.0,0.0,0.0,0.0,0.0,0.0,0.0,0.0,0.0,0.0,0.0,0.0,0.0,0.0,0.0,0.0,0.0,0.0,0.0,0.0,0.0,0.0,0.0,0.0,0.0,0.0,0.0,0.0,0.0,0.0,3.18e-05,0.0,0.0,3.18e-05,0.0,0.0,0.0,0.0,0.0,0.0,0.0,0.0,0.0,0.0,0.0,0.0,0.0,0.0,0.0,0.0,0.0,0.0,0.0,0.0,0.0,0.0,0.0,0.0,0.0,0.0,0.0,0.0,0.0,0.0,0.0,0.0,0.0,0.0,0.0,0.0,0.0,0.0,0.0,0.0,0.0,0.0,0.0,0.0,0.0,0.0,0.0,0.0,0.0,0.0,0.0,0.0,0.0,0.0,0.0,0.0,0.0,0.0,0.0,0.0,0.0,0.0,0.0,0.0,0.0,0.0,0.0,0.0,0.0,0.0,0.0,0.0,0.0,0.0,0.0,0.0,0.0,0.0,0.0,0.0,0.0,0.0,0.0,0.0,0.0,0.0,0.0,0.0,0.0,0.0,0.0,0.0,0.0,0.0,,,,,,,,,,,,,,,,,,,,
SRR12478927,0.008738098,0.002802218,0.572917922,0.009340726,3.01e-05,0.0,0.002591298,3.01e-05,9.04e-05,9.04e-05,0.0,0.0,0.000180788,0.0,0.0,0.000331445,0.00066289,0.00021092,0.269404604,0.000632759,0.024707726,0.00680969,0.016421598,0.013559118,0.001958539,0.000180788,0.000331445,0.00066289,9.04e-05,0.000331445,0.00021092,0.00021092,0.004549837,0.002440641,0.001898276,0.0,0.0,3.01e-05,9.04e-05,9.04e-05,9.04e-05,0.0,0.000451971,3.01e-05,0.000241051,3.01e-05,0.0,0.0,9.04e-05,0.0,0.0,0.000120525,0.000180788,0.002591298,0.020549596,0.00087381,0.001355912,0.0,3.01e-05,0.0,9.04e-05,0.0,0.0,3.01e-05,0.0,6.03e-05,0.0,3.01e-05,0.000723153,0.0,0.0,0.0,0.000120525,0.0,0.000120525,0.0,0.000120525,0.0,3.01e-05,0.0,0.000632759,0.0,0.0,0.0,0.0,0.0,0.0,6.03e-05,0.0,0.000331445,0.0,0.0,0.0,9.04e-05,0.0,0.0,0.0,0.0,0.0,0.0,3.01e-05,3.01e-05,6.03e-05,0.0,0.0,0.0,0.0,0.0,0.0,0.0,0.001506569,0.0,0.0,6.03e-05,0.016722912,0.0,6.03e-05,3.01e-05,0.0,0.000241051,3.01e-05,0.002169459,0.0,0.0,0.0,6.03e-05,6.03e-05,0.000241051,0.0,9.04e-05,0.0,0.0,0.0,0.0,9.04e-05,9.04e-05,0.000150657,0.000301314,0.0,0.0,9.04e-05,0.0,0.000150657,0.0,0.0,9.04e-05,0.0,3.01e-05,0.0,0.000572496,0.0,0.0,0.0,0.000331445,0.0,0.0,0.0,0.0,0.0,3.01e-05,0.0,3.01e-05,0.0,0.000120525,6.03e-05,0.0,0.0,0.0,9.04e-05,0.0,0.0,0.0,0.0,0.0,0.0,0.0,0.0,0.0,0.0,0.0,0.0,6.03e-05,0.0,0.0,0.0,0.001144992,0.0,0.0,0.0,0.0,0.0,0.0,0.0,0.0,0.0,9.04e-05,0.0,6.03e-05,0.0,0.0,0.0,0.0,6.03e-05,0.000150657,9.04e-05,0.0,0.0,3.01e-05,0.0,0.0,0.0,0.0,0.0,0.0,0.0,0.0,0.0,0.0,0.0,0.0,0.0,3.01e-05,0.0,0.0,0.0,0.0,3.01e-05,0.0,3.01e-05,0.0,0.0,0.0,0.0,0.0,0.0,0.0,0.0,0.0,0.0,0.0,0.0,0.0,0.0,0.0,0.0,0.0,0.0,0.0,0.0,9.04e-05,0.0,0.0,0.0,0.0,0.0,3.01e-05,0.0,0.0,0.0,0.0,3.01e-05,0.0,0.0,0.0,0.0,0.0,0.0,0.0,0.0,0.0,0.000150657,0.0,0.0,0.0,0.0,0.0,0.0,0.00087381,9.04e-05,0.0,9.04e-05,0.0,0.0,0.0,0.0,0.0,0.0,3.01e-05,0.0,0.0,0.0,6.03e-05,3.01e-05,0.0,0.0,6.03e-05,0.0,3.01e-05,0.0,0.0,0.0,0.0,0.0,0.0,6.03e-05,0.0,3.01e-05,0.0,0.0,0.0,0.0,0.0,0.0,0.0,0.0,0.0,0.0,0.0,0.0,0.0,0.0,0.0,0.0,0.0,0.0,0.0,0.0,0.0,0.0,0.0,0.0,3.01e-05,0.0,0.0,0.0,3.01e-05,0.0,0.0,0.0,0.0,0.0,3.01e-05,6.03e-05,0.0,0.0,3.01e-05,0.0,0.0,0.0,0.0,0.0,3.01e-05,0.0,0.0,0.0,0.0,0.0,0.0,0.0,0.0,0.0,0.0,6.03e-05,0.0,0.0,0.0,0.0,0.0,0.0,0.0,0.0,0.0,0.0,0.0,0.0,0.0,3.01e-05,0.0,0.0,0.000241051,0.0,0.0,0.0,0.0,0.0,0.0,0.0,0.0,0.0,0.0,0.0,0.0,0.0,0.0,0.0,0.0,0.0,0.0,0.0,0.0,0.0,0.0,0.0,0.0,0.0,0.0,0.0,0.0,0.0,0.0,0.0,0.0,0.0,3.01e-05,0.0,0.0,0.0,0.0,0.0,0.0,0.0,0.0,0.0,0.0,0.0,0.0,0.0,0.0,0.0,0.0,0.0,0.0,0.0,0.0,0.0,0.0,0.0,0.0,0.0,0.0,0.0,0.0,0.0,0.0,0.0,0.0,6.03e-05,0.0,0.0,0.0,0.0,0.0,0.0,0.0,0.0,0.0,0.0,0.0,0.0,0.0,0.0,0.0,0.0,0.0,0.0,0.0,0.0,3.01e-05,0.0,0.0,0.0,0.0,0.0,0.0,0.0,0.0,0.0,0.0,0.0,0.0,0.0,0.0,0.0,3.01e-05,0.0,0.0,0.0,6.03e-05,0.0,0.0,0.0,0.0,0.0,0.0,0.0,0.0,0.0,0.0,0.0,0.0,0.0,0.0,0.0,0.0,0.0,0.0,0.0,0.0,0.0,0.0,0.000271182,0.0,0.0,0.0,0.0,0.0,0.0,0.0,0.0,0.0,0.0,0.0,0.0,0.0,0.0,0.0,0.0,3.01e-05,0.0,0.0,0.0,0.0,0.0,0.0,0.0,0.0,0.0,0.0,3.01e-05,0.0,0.0,0.0,0.0,0.0,0.0,0.0,0.0,0.0,0.0,3.01e-05,0.0,0.0,0.0,0.0,0.0,0.0,0.0,0.0,0.0,0.0,0.0,0.0,0.0,0.0,0.0,0.0,0.0,0.0,0.0,3.01e-05,0.0,0.0,0.0,0.0,0.0,0.0,0.0,0.0,0.0,3.01e-05,0.0,0.0,0.0,0.0,0.0,0.0,0.0,0.0,0.0,0.0,0.0,0.0,0.0,0.0,0.0,0.0,0.0,0.0,0.0,0.0,0.0,0.0,0.0,0.0,0.0,0.0,0.0,0.0,0.0,0.0,0.0,0.0,0.0,0.0,0.0,0.0,0.0,0.0,0.0,0.0,0.0,0.0,0.0,0.0,0.0,0.0,0.0,0.0,0.0,0.0,0.0,0.0,0.0,0.0,0.0,0.0,3.01e-05,0.0,0.0,0.0,0.0,0.0,0.0,3.01e-05,0.0,0.0,0.0,0.0,0.0,0.0,0.0,0.0,0.0,0.0,0.0,0.0,0.0,0.0,0.0,,,,,,,,,,,,,,,,,,,,
SRR12478929,0.771795573,0.000409948,0.023640339,0.001366494,0.0,0.0,0.0,0.0,0.0,0.002254714,0.0,0.0,0.0,0.0,0.0,0.0,0.000204974,0.000204974,0.059374146,0.000546597,0.013118338,0.002323039,0.010522001,0.007720689,0.004782728,0.011820169,0.000478273,0.000751571,0.00102487,0.000751571,0.000341623,0.0,0.029242963,0.003416234,0.001639792,0.000341623,0.001229844,0.0,0.000136649,0.00102487,0.000341623,0.000546597,0.006490844,0.0,0.000341623,0.0,0.0,0.0,0.0,0.0,0.0,0.003621208,0.000341623,0.000273299,0.005602624,0.00116152,0.000614922,0.0,0.0,0.0,0.000683247,6.83e-05,0.0,6.83e-05,6.83e-05,6.83e-05,0.001708117,0.000136649,0.000478273,0.0,0.0,0.000204974,0.0,6.83e-05,0.000204974,0.0,0.001776442,0.0,6.83e-05,0.000204974,0.000751571,0.0,0.0,6.83e-05,0.0,0.000136649,0.0,6.83e-05,0.0,0.0,0.0,0.000204974,6.83e-05,0.0,0.0,0.0,0.0,0.0,6.83e-05,0.0,0.0,0.0,0.000136649,0.0,0.0,0.0,0.0,0.0,6.83e-05,6.83e-05,0.000888221,0.0,0.0,6.83e-05,6.83e-05,0.0,6.83e-05,0.0,0.0,0.0,0.001708117,0.002732987,0.0,6.83e-05,6.83e-05,6.83e-05,6.83e-05,0.0,6.83e-05,6.83e-05,6.83e-05,0.0,0.0,0.0,0.000136649,6.83e-05,0.000683247,0.0,0.0,0.0,0.002869637,0.000341623,0.000204974,0.0,0.0,0.0,0.0,0.000341623,6.83e-05,0.002459688,0.0,0.0,0.0,0.000409948,0.0,0.0,0.0,0.0,0.0,0.0,0.0,0.0,6.83e-05,0.0,0.0,0.0,0.0,6.83e-05,0.0,0.0,0.0,6.83e-05,0.0,0.0,0.0,0.0,0.0,0.0,0.0,0.0,0.0,0.0,0.0,0.0,0.0,0.000341623,0.0,0.000204974,0.000204974,0.0,0.0,0.0,0.0,6.83e-05,0.0,0.000136649,0.000341623,6.83e-05,0.0,0.0,0.0,0.0,0.0,0.0,0.0,0.0,0.0,0.0,0.0,0.0,0.0,6.83e-05,0.0,0.0,0.0,0.0,0.002391364,0.0,0.0,0.000136649,0.0,0.0,0.0,0.0,0.0,0.0,0.0,0.0,0.0,6.83e-05,0.000204974,6.83e-05,0.0,0.0,0.0,0.0,0.0,0.0,6.83e-05,0.0,0.0,0.0,0.0,6.83e-05,0.000819896,0.0,0.0,0.0,0.000204974,0.0,0.0,0.0,0.0,0.0,6.83e-05,6.83e-05,0.0,0.0,0.0,0.0,0.0,0.0,0.0,0.0,0.0,0.0,0.0,0.0,0.0,0.0,0.0,0.0,0.0,0.0,0.0,0.0,0.0,0.000478273,6.83e-05,0.0,0.0,0.0,0.0,0.0,0.0,0.0,0.0,0.0,0.0,6.83e-05,0.0,0.0,0.0,0.0,0.0,0.0,0.0,0.0,0.0,0.0,0.001229844,0.000136649,0.0,0.0,0.000136649,0.0,0.0,0.0,0.0,0.0,0.000273299,0.0,0.0,0.0,0.0,0.0,0.0,0.0,0.0,0.0,0.0,0.0,0.0,6.83e-05,0.0,0.0,0.0,0.0,0.0,0.0,0.0,0.0,0.0,0.0,0.0,0.0,0.0,0.0,0.0,0.0,0.0,0.0,0.0,0.0,0.0,0.0,0.0,0.0,0.0,0.0,0.0,0.0,0.0,0.0,0.0,0.0,0.0,0.000136649,0.0,0.0,0.0,0.0,0.0,0.0,0.0,0.0,0.0,0.0,0.0,0.0,0.0,0.0,0.0,0.0,0.0,0.0,0.0,6.83e-05,0.0,0.0,0.0,0.0,0.0,0.0,0.0,0.0,0.0,0.0,0.0,0.0,0.0,0.0,0.0,0.0,0.0,0.0,0.0,0.0,0.0,0.0,0.0,0.0,0.0,0.0,0.0,0.0,0.0,0.0,0.0,0.0,0.0,0.0,6.83e-05,6.83e-05,0.0,0.0,0.0,0.0,0.0,0.0,0.0,0.0,0.0,0.0,0.0,0.0,0.0,0.0,0.0,0.0,0.0,0.0,0.0,0.0,0.0,0.0,0.0,0.0,0.0,0.0,0.0,0.0,0.0,0.0,0.0,0.0,0.0,0.0,0.0,0.0,0.0,0.0,0.0,0.0,0.0,0.0,0.0,0.0,0.0,0.0,6.83e-05,0.0,0.0,0.0,0.0,0.0,0.0,0.0,0.0,0.0,0.0,0.0,0.0,0.0,0.0,0.0,0.0,6.83e-05,0.0,0.0,0.0,0.0,0.0,0.0,0.0,0.0,0.0,0.0,0.0,0.0,6.83e-05,0.0,0.0,0.0,0.0,0.0,0.0,0.0,0.0,0.0,0.0,0.0,0.0,0.0,0.0,0.0,0.0,0.0,0.0,0.0,0.0,0.0,0.0,0.0,0.0,0.0,0.0,0.0,0.0,0.0,0.0,0.0,0.0,0.0,0.0,0.0,0.0,0.0,0.0,0.0,0.0,0.0,0.0,0.0,0.0,0.0,0.0,0.0,0.0,0.0,0.0,0.0,0.0,0.0,0.0,0.0,0.0,0.0,0.0,0.0,0.0,0.0,0.0,0.0,0.0,0.0,0.0,0.0,0.0,0.0,0.0,0.0,0.0,0.0,0.0,0.0,0.0,0.0,0.0,0.0,0.0,0.0,0.0,0.0,0.0,0.0,0.0,0.0,0.0,0.0,0.0,0.0,0.0,0.0,0.0,0.0,0.0,0.0,0.0,0.0,0.0,0.0,0.0,0.0,0.0,0.0,0.0,0.0,0.0,0.0,0.0,0.0,0.0,0.0,0.0,0.0,0.0,0.0,0.0,0.0,0.0,0.0,0.0,0.0,0.0,0.0,0.0,0.0,0.0,0.0,0.0,0.0,0.0,0.0,0.0,0.0,0.0,0.0,0.0,0.0,0.0,0.0,0.0,0.0,0.0,0.0,0.0,0.0,0.0,0.0,0.0,0.000204974,0.0,0.0,0.000136649,0.0,0.0,0.0,0.0,0.0,0.0,0.0,0.0,0.0,0.0,0.0,0.0,0.0,0.0,,,,,,,,,,,,,,,,,,,,
SRR12478932,0.643100682,0.000300842,0.019755315,0.000150421,5.01e-05,0.006016847,0.000150421,0.0,0.0,0.002657441,0.0,0.0,0.000100281,0.0,0.0,0.0,0.000250702,0.000150421,0.114269956,0.001955475,0.008273165,0.008473726,0.024819495,0.004312074,0.005415162,0.016195347,0.000250702,0.001353791,0.000752106,0.00255716,0.000100281,0.000451264,0.027928199,0.005314882,0.000601685,0.000601685,0.001955475,5.01e-05,0.000200562,0.000952667,0.001203369,0.001805054,0.004763337,5.01e-05,0.000401123,0.0,5.01e-05,0.000150421,0.0127858,0.0,0.0,0.034045327,0.000451264,5.01e-05,0.000150421,0.001454071,0.001203369,0.000100281,0.0,0.0,0.001504212,0.000100281,0.0,5.01e-05,0.000100281,0.000752106,0.001754914,0.000802246,0.000952667,0.000250702,0.000150421,0.000701966,5.01e-05,0.000250702,0.000150421,0.0,0.003409547,0.000100281,0.000100281,0.0,0.000902527,0.000300842,0.001353791,0.0,0.0,5.01e-05,0.0,0.000300842,0.0,5.01e-05,0.0,0.000250702,0.000100281,0.0,0.000100281,5.01e-05,0.000200562,0.0,0.000100281,5.01e-05,0.0,0.0,0.000350983,0.0,5.01e-05,0.0,0.0,0.000100281,0.0,5.01e-05,0.000200562,0.0,0.0,5.01e-05,0.004512635,0.0,0.000451264,0.0,0.0,0.000100281,0.000451264,0.002055756,0.0,5.01e-05,5.01e-05,0.000150421,5.01e-05,0.000150421,5.01e-05,5.01e-05,0.000100281,0.0,0.0,0.000100281,0.000401123,0.0,0.000451264,5.01e-05,0.0,0.0,0.00130365,0.000501404,0.000100281,0.000250702,0.000350983,0.0,5.01e-05,0.000200562,0.0,0.000802246,0.0,0.001052948,0.0,0.000651825,0.0,0.0,0.0,0.0,0.0,0.0,0.0,0.0,0.0,5.01e-05,0.0,0.0,0.0,0.0,5.01e-05,0.0,0.0,0.0,5.01e-05,0.0,0.0,0.0,0.000150421,0.0,0.0,0.0,5.01e-05,0.0,5.01e-05,5.01e-05,0.0,0.000501404,0.0,0.000150421,5.01e-05,0.0,0.0,0.0,0.0,0.000200562,0.0,0.0,0.0,0.0,0.0,0.0,0.0,0.0,0.000100281,5.01e-05,0.0,0.0,0.0,0.0,0.0,0.0,0.0,5.01e-05,0.0,5.01e-05,0.0,5.01e-05,5.01e-05,0.0,0.0,0.0,0.0,0.0,0.000802246,5.01e-05,0.0,0.002406739,5.01e-05,0.0,0.0,0.0,0.0,0.0,5.01e-05,0.0,0.0,5.01e-05,0.0,0.0,0.0,0.0,0.0,0.0,5.01e-05,0.0,0.000501404,0.0,0.0,0.0,0.000100281,0.0,0.0,0.0,5.01e-05,0.0,0.0,5.01e-05,0.0,0.0,0.0,0.0,0.0,0.0,0.0,0.0,0.0,5.01e-05,0.0,0.0,0.000100281,0.0,0.000150421,0.0,0.000250702,0.0,0.0,0.0,0.0,0.000250702,0.0,0.0,5.01e-05,0.0,0.0,0.0,0.0,5.01e-05,0.0,0.0,0.0,0.0,0.0,0.0,0.0,0.0,0.0,0.0,0.0,5.01e-05,0.000300842,0.0,0.0,0.0,0.0,0.0,0.0,0.0,0.0,0.0,0.0,5.01e-05,0.0,0.0,0.0,0.0,0.0,0.003008424,0.0,0.0,0.0,0.0,0.0,0.0,0.0,0.0,0.0,0.0,0.0,0.0,0.0,0.0,0.0,0.0,0.0,5.01e-05,0.0,0.0,0.0,0.000401123,0.0,0.0,0.0,0.0,0.0,0.0,0.0,0.0,0.0,0.0,0.0,0.0,0.0,5.01e-05,0.0,5.01e-05,0.0,0.0,5.01e-05,0.0,0.0,0.0,0.0,0.0,0.0,0.000150421,0.0,0.0,0.0,0.0,5.01e-05,0.0,0.0,0.0,0.0,0.0,0.0,0.0,0.0,0.0,0.0,0.0,0.0,0.0,0.0,0.0,0.0,0.0,0.0,0.0,0.0,0.0,0.0,0.0,0.0,0.0,0.0,0.0,0.0,0.0,0.0,0.0,0.0,0.0,0.0,0.0,0.0,0.0,0.0,0.0,0.0,0.0,0.0,0.0,0.0,0.0,0.0,0.0,0.0,0.0,0.0,0.0,0.0,0.0,0.0,0.0,0.0,0.0,0.0,0.0,0.0,0.0,0.0,0.0,5.01e-05,0.0,0.0,0.0,0.0,0.0,0.0,0.0,0.0,0.0,0.0,0.0,0.0,0.0,0.0,0.0,0.0,0.0,0.0,0.0,0.0,0.0,0.0,0.0,0.0,0.0,0.0,0.0,5.01e-05,0.0,0.0,0.0,0.0,0.0,0.0,5.01e-05,0.0,0.0,0.0,0.0,0.0,0.0,0.0,0.0,0.0,5.01e-05,5.01e-05,0.0,0.0,0.0,0.0,0.0,5.01e-05,0.0,0.0,0.0,0.0,0.000100281,0.0,0.0,0.0,0.0,0.0,0.0,0.0,0.0,0.0,0.0,0.0,0.0,0.0,0.0,0.0,0.0,5.01e-05,0.0,0.0,0.0,0.0,0.0,0.0,0.0,0.0,0.0,0.0,0.0,0.0,0.0,0.0,0.0,0.0,0.0,0.0,0.0,0.0,0.0,0.0,5.01e-05,0.0,0.0,0.0,0.0,0.0,0.0,0.0,0.0,0.0,0.0,0.0,0.0,0.0,0.0,0.0,0.0,0.0,0.0,0.0,0.0,0.0,0.0,0.0,0.0,0.0,0.0,0.0,0.0,0.0,0.0,0.0,0.0,0.0,5.01e-05,0.0,0.0,0.0,0.0,0.0,0.0,0.0,0.0,0.0,0.0,0.0,0.0,0.0,0.0,0.0,0.0,0.0,0.0,0.0,0.0,0.0,0.0,0.0,0.0,0.0,0.0,0.0,0.0,0.0,0.0,0.0,0.0,0.0,0.0,0.0,0.0,0.0,0.0,0.0,0.0,0.0,0.0,0.0,0.0,0.0,0.0,0.0,0.0,0.0,0.0,0.0,0.0,0.0,0.0,0.0,0.0,0.0,0.0,0.0,0.0,0.0,0.0,0.0,0.0,0.0,0.0,0.0,0.0,0.0,0.0,0.0,0.0,0.0,0.0,0.0,0.0,0.0,0.0,0.0,0.0,5.01e-05,0.0,0.0,0.0,0.0,0.0,0.0,0.0,0.0,0.0,0.0,0.0,0.0,0.0,0.0,,,,,,,,,,,,,,,,,,,,
SRR12478933,0.642545041,0.007661459,0.106422458,0.000658407,0.0,0.000179565,5.99e-05,0.0,0.0,0.004788412,0.0,0.0,0.000179565,0.0,0.0,5.99e-05,5.99e-05,0.0,0.15885557,0.00011971,0.001316813,0.002154785,0.005686239,0.003411744,0.001197103,0.002154785,0.000179565,0.001137248,0.00011971,0.000299276,0.00011971,0.0,0.007242473,0.001675944,0.002214641,0.00011971,5.99e-05,0.0,0.0,0.000239421,0.0,0.0,0.0,0.0,0.00011971,0.0,0.0,0.0,5.99e-05,0.0,0.0,0.013347699,0.000179565,5.99e-05,0.000239421,0.000837972,0.000239421,0.0,0.0,0.0,0.000239421,5.99e-05,0.0,0.0,0.0,0.00011971,0.0,0.0,0.000418986,5.99e-05,0.0,5.99e-05,5.99e-05,0.0,5.99e-05,0.0,0.0,0.0,0.0,0.000239421,0.00011971,0.0,0.0,0.0,0.0,0.0,0.0,0.005386964,0.0,0.0,0.000239421,0.000179565,0.000239421,0.000418986,0.0,0.00011971,5.99e-05,0.000598552,0.00011971,0.000538696,0.000897827,0.00011971,0.00209493,0.000179565,0.0,0.0,0.0,0.0,0.0,0.0,0.000418986,0.0,5.99e-05,0.00011971,0.006883342,0.0,0.0,0.0,0.0,0.0,0.0,0.001077393,0.0,5.99e-05,5.99e-05,0.0,0.0,0.0,0.0,0.0,5.99e-05,0.0,0.0,0.0,0.0,0.00011971,0.000359131,5.99e-05,0.0,0.0,0.0,0.0,5.99e-05,0.0,0.0,0.0,0.0,0.000957682,0.00011971,0.003112468,0.0,5.99e-05,0.0,5.99e-05,0.0,0.0,0.0,0.0,0.0,0.0,0.0,0.0,0.0,0.00011971,0.0,0.0,0.0,5.99e-05,5.99e-05,5.99e-05,5.99e-05,0.0,0.0,0.0,0.0,0.0,0.0,0.0,0.0,0.0,0.0,0.0,0.0,0.0,0.0,0.00011971,0.0,0.000837972,0.0,0.0,0.0,0.0,0.0,0.0,0.0,0.001137248,0.0,0.0,0.0,0.0,0.0,0.0,0.0,0.0,0.0,0.0,0.0,0.000239421,0.0,0.0,0.0,0.0,5.99e-05,0.000299276,0.0,0.0,5.99e-05,0.0,0.0,0.0,0.0,0.0,0.0,0.0,0.0,0.0,5.99e-05,0.0,0.0,5.99e-05,0.0,0.0,0.0,0.0,0.0,0.0,0.0,0.0,0.0,0.0,0.0,0.0,0.0,0.0,0.000538696,0.0,0.0,5.99e-05,0.000179565,5.99e-05,0.0,0.0,0.0,0.0,0.00011971,0.0,0.0,0.0,0.0,0.0,0.0,0.0,0.0,5.99e-05,0.0,0.0,0.0,0.0,0.0,0.0,0.0,0.0,0.0,0.0,0.0,0.0,0.0,0.001137248,0.0,0.0,0.0,0.0,5.99e-05,0.0,0.0,5.99e-05,0.0,0.0,5.99e-05,0.0,0.0,0.0,0.0,0.0,0.0,5.99e-05,0.0,0.0,0.0,0.0,0.0,0.0,0.0,0.0,0.00011971,0.0,0.0,0.0,0.0,5.99e-05,0.000598552,0.0,0.0,0.0,0.0,5.99e-05,5.99e-05,0.0,0.0,0.0,0.0,0.0,0.0,5.99e-05,0.0,0.0,0.0,0.0,0.0,0.0,0.0,0.0,0.0,0.0,0.0,0.0,0.0,0.0,0.0,0.0,0.0,0.0,0.0,0.0,0.0,0.0,0.0,0.0,0.0,0.0,0.0,0.0,0.0,0.0,0.0,0.0,0.0,0.0,0.0,5.99e-05,0.0,0.0,0.0,0.0,0.0,0.0,0.0,0.0,5.99e-05,0.0,0.0,0.0,0.0,0.0,0.0,0.0,0.0,0.0,0.0,0.0,0.0,0.0,0.0,0.0,0.0,0.0,0.0,0.0,0.0,0.0,0.0,0.0,0.0,0.0,0.0,0.0,0.0,0.0,0.00011971,0.0,0.0,0.0,0.0,0.0,0.0,0.0,0.0,0.0,5.99e-05,0.0,0.0,0.0,0.0,0.0,0.0,0.0,0.0,0.0,0.0,0.0,0.0,0.0,0.0,0.0,0.0,0.0,0.0,0.0,0.0,0.0,0.0,0.0,0.0,0.0,0.0,0.0,0.0,0.0,0.0,0.0,0.0,0.0,0.000538696,0.0,0.0,0.0,0.0,0.0,0.0,0.0,0.0,0.0,0.0,0.0,0.0,0.0,0.0,0.0,0.0,0.0,0.0,0.0,0.0,0.0,0.0,0.0,0.0,0.0,0.0,0.0,0.0,0.0,0.0,0.0,0.0,0.0,0.0,5.99e-05,0.0,0.0,0.0,0.0,0.0,0.0,0.0,0.0,0.0,0.0,0.0,0.0,0.0,0.0,0.0,0.0,0.0,0.00011971,0.0,0.0,0.0,0.0,0.0,0.0,0.0,0.0,0.0,0.0,0.0,0.0,0.0,0.0,0.0,0.0,0.0,0.0,0.0,0.0,0.0,0.0,0.0,0.0,0.0,0.0,0.0,0.0,0.0,0.0,0.0,0.0,0.0,0.0,0.0,0.0,0.0,0.0,0.0,0.0,0.0,0.0,0.0,0.0,0.0,0.0,0.0,0.0,0.0,0.0,0.0,0.0,0.0,0.0,0.0,0.0,0.0,0.0,0.0,0.0,0.0,0.0,0.0,0.0,0.0,0.0,0.0,0.0,0.0,0.0,0.0,0.0,0.0,0.0,0.0,0.0,0.0,0.0,0.0,0.0,0.0,5.99e-05,0.0,0.0,0.0,0.0,0.0,0.0,0.0,0.0,0.0,0.0,0.0,0.0,0.0,0.0,0.0,0.0,0.0,0.0,0.0,0.0,0.0,0.0,0.0,0.0,0.0,0.0,0.0,0.0,0.0,0.0,0.0,0.0,0.0,0.0,0.0,0.0,0.0,0.0,0.0,0.0,0.0,0.0,0.0,0.0,0.0,5.99e-05,0.0,0.0,0.0,0.0,0.0,0.0,0.0,0.0,0.0,0.0,0.0,0.0,0.0,0.0,0.0,0.0,0.0,0.0,0.0,0.0,0.0,0.0,0.0,0.0,0.0,0.0,0.0,0.0,0.0,0.0,0.0,0.0,0.0,0.0,0.0,,,,,,,,,,,,,,,,,,,,
SRR12478934,0.668003095,0.000351692,0.022859956,0.001195752,0.0,0.0,0.001336428,0.0,7.03e-05,0.000562707,0.0,0.0,7.03e-05,0.0,0.0,0.0,0.000351692,7.03e-05,0.11183794,7.03e-05,0.005697405,0.000984737,0.003094886,0.007033833,0.010269396,0.000773722,0.000773722,0.001125413,0.001336428,0.000281353,0.000703383,0.000140677,0.042414011,0.004501653,0.002250826,7.03e-05,0.000351692,7.03e-05,0.000140677,0.0,7.03e-05,0.000211015,0.001828797,7.03e-05,0.000140677,0.0,0.0,0.0,7.03e-05,0.0,0.0,0.012098192,0.0,0.007244848,0.000140677,0.001547443,0.002391503,7.03e-05,0.0,0.0,7.03e-05,0.0,0.0,7.03e-05,0.0,7.03e-05,0.001477105,0.0,0.000211015,0.0,0.0,7.03e-05,7.03e-05,7.03e-05,0.000984737,0.0,0.001336428,0.0,0.0,0.000140677,0.000281353,0.0,0.00084406,0.0,7.03e-05,0.0,0.0,0.003938946,0.000914398,7.03e-05,0.000140677,0.002672856,0.004431315,0.000211015,0.003938946,0.000351692,0.000633045,0.000562707,0.000211015,0.000633045,0.0,7.03e-05,0.000633045,0.0,0.0,7.03e-05,7.03e-05,0.0,0.0,0.0,0.039741155,0.0,0.0,0.0,0.00042203,0.0,0.001899135,0.0,0.0,7.03e-05,0.0,0.001195752,0.0,0.0,0.0,0.000211015,7.03e-05,0.0,0.0,7.03e-05,0.0,0.0,0.0,0.0,0.000281353,0.0,0.000281353,7.03e-05,0.0,0.0,0.000140677,0.000140677,7.03e-05,0.0,0.0,0.0,0.000211015,0.000281353,0.0,0.000281353,0.0,0.0,0.0,0.0,0.0,0.0,0.000140677,0.0,0.0,7.03e-05,0.0,0.0,0.0,7.03e-05,7.03e-05,0.0,0.0,0.000703383,0.000281353,0.0,0.0,0.0,0.000140677,0.0,0.0,0.0,7.03e-05,0.0,0.000211015,0.0,0.0,0.0,0.0,0.0,0.0,0.0,0.0,0.001477105,0.001195752,0.0,0.0,0.0,0.0,0.0,0.0,7.03e-05,0.0,0.0,0.0,0.0,0.0,0.0,0.000211015,0.0,7.03e-05,0.0,0.0,0.000140677,0.0,0.0,0.0,0.0,7.03e-05,0.000351692,7.03e-05,0.0,0.001195752,0.00042203,7.03e-05,7.03e-05,0.000140677,0.000140677,7.03e-05,0.0,0.0,0.0,0.0,0.0,7.03e-05,7.03e-05,7.03e-05,0.0,0.0,0.0,0.0,0.0,0.0,0.000703383,0.0,0.0,0.0,0.0,0.0,0.0,7.03e-05,0.0,0.0,0.0,0.0,0.0,0.0,0.0,0.000281353,0.0,0.0,0.0,0.0,0.0,7.03e-05,0.0,0.0,0.0,0.0,7.03e-05,0.0,0.0,0.0,0.0,0.00168812,0.0,7.03e-05,0.0,0.000562707,0.0,0.0,7.03e-05,0.0,0.000281353,0.0,0.0,7.03e-05,0.0,0.0,0.0,0.0,0.0,0.0,0.0,0.0,0.0,0.0,0.0,0.0,0.0,0.0,0.0,0.0,0.0,0.000492368,0.0,0.0,0.0,0.0,0.0,0.0,0.0,0.000492368,0.0,0.000140677,0.0,7.03e-05,0.0,0.0,0.0,0.0,0.0,0.0,0.0,0.0,0.0,0.0,0.0,0.0,0.0,0.0,0.0,0.0,0.0,0.000351692,0.0,0.0,0.0,0.0,0.0,0.0,0.0,0.0,0.0,0.0,0.0,0.0,0.0,0.0,0.0,0.0,0.0,0.0,0.0,0.0,0.0,0.0,0.0,0.0,0.0,0.0,0.0,0.0,7.03e-05,0.0,0.0,0.0,0.0,0.0,0.0,0.0,0.0,0.0,0.0,0.0,0.0,0.0,0.0,0.0,0.0,0.0,0.0,0.0,0.0,0.0,0.0,0.0,0.0,0.0,0.0,0.0,0.0,0.0,0.0,0.0,0.0,0.0,0.0,0.0,0.0,0.0,0.0,0.0,0.0,0.0,0.0,0.0,0.0,0.0,0.0,0.0,0.0,0.0,0.0,0.0,0.0,0.0,0.0,0.0,0.0,0.0,0.0,0.0,0.0,0.0,0.0,0.0,0.0,0.0,0.0,0.0,0.0,0.0,0.0,0.0,0.0,0.0,0.0,0.0,0.0,0.0,0.0,0.0,0.0,0.0,0.0,0.0,0.0,0.0,0.0,0.0,0.0,0.0,0.0,0.0,0.0,0.0,0.0,0.0,0.0,0.0,0.0,0.0,0.0,0.0,0.0,0.0,0.0,0.0,0.0,0.0,7.03e-05,0.0,0.0,0.000140677,0.0,0.0,0.0,0.0,0.0,0.0,0.0,0.0,0.0,0.0,0.000140677,0.0,0.0,0.0,0.000211015,0.0,0.0,0.0,0.0,0.0,0.0,0.0,0.0,0.0,0.0,0.0,0.0,0.0,0.0,0.0,0.0,0.0,0.0,0.0,0.0,0.0,0.0,0.0,0.0,0.0,0.0,0.0,0.0,0.0,0.0,0.0,0.0,0.0,0.0,0.0,0.0,0.0,0.0,0.0,0.0,0.0,0.000140677,0.0,0.0,0.0,0.0,0.0,0.0,0.0,0.0,0.0,0.0,0.0,0.0,0.0,0.0,0.0,0.0,0.0,0.0,0.0,0.0,0.0,0.0,0.0,0.0,0.0,0.0,0.0,0.0,0.0,0.0,0.0,0.0,0.0,0.0,0.0,0.0,0.0,0.0,0.0,0.0,0.0,0.0,0.0,0.0,0.0,0.0,0.000140677,0.0,0.0,0.0,7.03e-05,0.0,0.0,0.0,0.0,0.0,0.0,0.0,0.0,0.0,0.0,0.0,0.0,0.0,0.0,0.0,0.0,0.0,0.0,0.0,0.0,7.03e-05,0.0,0.0,0.0,0.0,0.0,0.0,0.0,0.0,0.0,0.0,0.0,0.0,0.0,0.0,0.0,0.0,0.0,0.0,0.0,0.0,0.0,0.0,0.0,0.0,0.0,0.0,7.03e-05,0.0,0.0,0.0,0.0,0.0,0.0,0.0,0.0,0.0,0.0,0.0,0.0,0.0,0.0,0.0,0.0,7.03e-05,0.0,0.0,0.0,0.0,0.0,0.0,7.03e-05,7.03e-05,0.0,0.0,0.0,0.0,0.0,0.0,0.0,0.0,0.0,,,,,,,,,,,,,,,,,,,,
SRR12478936,0.552311278,0.001035867,0.039427684,0.013272045,0.0,0.000453192,0.0015538,0.0,0.0,0.016897579,0.0,0.0,6.47e-05,0.0,0.0,0.0,0.000971125,0.0,0.106435323,0.005503043,0.010358669,0.002719151,0.031788165,0.008804869,0.015343778,0.009128577,0.000517933,0.001230092,0.001489059,0.000323708,0.000453192,0.000258967,0.101126505,0.011977211,0.001618542,0.000582675,0.000453192,6.47e-05,0.001748025,0.000841642,0.000129483,0.000323708,0.0,0.0,0.0007769,0.0,0.0,0.0,0.000258967,6.47e-05,0.0,0.017868704,0.000194225,0.000323708,0.010293927,0.000582675,0.0007769,0.0,0.0,0.0,0.000258967,0.000129483,0.0,0.0007769,6.47e-05,0.000194225,0.001294834,0.001489059,0.00038845,0.000323708,0.0,0.000194225,0.0,0.000129483,0.000453192,0.0,0.001618542,0.0,0.0,0.0,0.000129483,0.0,0.0,0.0,0.0,0.0,0.0,0.00038845,0.000129483,6.47e-05,0.0,6.47e-05,0.000129483,0.0,6.47e-05,0.0,0.0,0.0,0.0,0.0,0.0,6.47e-05,0.000129483,0.0,0.0,0.0,0.0,0.0,0.0,0.0,0.0007769,0.0,6.47e-05,6.47e-05,0.0,0.0,0.000323708,6.47e-05,6.47e-05,6.47e-05,0.000129483,0.000841642,0.0,0.0,6.47e-05,6.47e-05,0.0,0.0,6.47e-05,6.47e-05,0.0,0.0,0.0,6.47e-05,0.000129483,6.47e-05,0.000582675,0.009905477,0.0,0.0,0.001618542,0.0,6.47e-05,0.0,0.0,0.0,0.0,6.47e-05,0.0,0.0,0.0,0.0,0.0,0.000129483,0.0,0.0,0.0,0.0,0.0,0.0,0.0,0.0,0.0,0.0,0.0,0.0,0.0,0.0,6.47e-05,0.0,0.0,0.0,6.47e-05,6.47e-05,0.0,6.47e-05,0.0,0.0,0.0,0.0,0.0,0.0,0.0,0.0,0.0,0.000194225,0.0,0.000323708,0.000258967,0.0,0.0,0.0,0.0,0.000129483,0.0,0.000258967,0.000194225,0.0,0.0,0.0,0.0,0.0,0.0,0.0,0.000129483,0.0,0.0,0.0,0.0,0.0,0.0,0.0,0.0,6.47e-05,0.0,0.0,0.0,0.0,0.0,0.0,0.0,0.0,0.0,0.0,0.0,6.47e-05,0.0,0.0,0.0,0.0,0.0,6.47e-05,0.0,0.0,0.0,0.0,0.0,0.0,0.0,0.0,0.0,0.0,0.0,0.0,0.0,0.0,0.0,0.0,0.0,6.47e-05,0.0,0.0,0.0,0.0,0.0,0.0,0.0,0.0,0.0,0.0,0.0,0.0,0.0,0.0,0.0,0.0,0.0,0.0,6.47e-05,0.0,0.0,0.0,0.0,6.47e-05,0.0,0.0,0.0,0.001100609,0.0,0.0,6.47e-05,0.0,0.0,0.0,0.0,0.0,0.0,0.0,0.0,0.0,0.0,0.0,0.0,0.0,0.0,0.0,0.0,0.0,0.001035867,0.0,0.0,0.0,0.0,0.0,0.0,0.0,6.47e-05,0.0,0.0,0.0,0.0,0.0,0.0,0.0,0.0,0.0,0.0,0.0,0.0,0.0,0.0,0.0,0.0,0.0,0.0,0.0,0.0,0.0,0.0,0.0,0.0,6.47e-05,0.0,0.0,0.0,0.0,0.0,6.47e-05,0.0,0.0,0.0,0.0,0.0,0.0,0.0,0.0,0.0,0.0,0.0,0.0,0.0,0.0,6.47e-05,0.0,0.0,6.47e-05,6.47e-05,0.0,0.0,0.0,0.0,0.000258967,0.0,0.0,0.0,0.0,0.0,0.0,0.0,0.0,0.0,0.0,0.0,0.0,0.0,0.0,0.0,0.0,0.0,0.0,0.0,0.0,0.0,0.0,0.0,0.0,0.0,0.0,0.0,0.0,0.0,0.0,0.0,0.0,0.0,0.0,0.0,0.0,0.0,0.0,0.0,0.0,0.0,0.0,0.0,0.0,0.0,0.0,0.0,0.0,6.47e-05,0.0,0.0,0.0,0.0,0.0,0.0,0.0,0.0,0.0,0.0,0.0,0.0,0.0,0.0,0.0,0.0,0.0,0.0,0.0,0.0,0.0,0.0,0.0,0.0,0.0,0.0,0.0,0.0,0.0,0.0,0.0,0.0,0.0,0.0,0.0,0.0,0.0,0.0,0.0,0.0,0.0,0.0,0.0,0.0,0.0,0.0,0.0,0.0,0.0,0.0,0.0,0.0,0.0,0.0,0.0,0.000129483,6.47e-05,0.0,0.0,0.0,0.0,0.0,0.0,0.0,0.0,6.47e-05,0.0,0.0,0.0,0.0,0.0,0.0,0.0,0.0,0.0,0.0,0.0,0.0,0.0,6.47e-05,0.0,0.0,0.0,0.0,0.0,0.0,0.0,0.0,0.0,0.0,0.0,0.0,0.0,0.0,0.0,0.0,0.0,6.47e-05,0.0,0.0,0.0,0.0,0.0,0.0,0.0,0.0,0.0,0.0,0.0,0.0,0.0,0.0,0.0,0.0,0.0,0.0,0.0,0.0,6.47e-05,0.0,0.0,0.0,0.0,0.0,0.0,0.0,0.0,0.0,0.0,0.0,0.0,0.0,0.0,0.0,0.0,0.0,0.0,0.0,0.0,0.0,0.0,0.0,6.47e-05,0.0,0.0,0.0,0.0,0.0,0.0,0.0,0.0,0.0,0.0,0.0,0.0,0.0,0.0,0.0,0.0,0.0,0.0,0.0,0.0,0.0,0.0,0.0,0.0,0.0,0.0,0.0,6.47e-05,0.0,0.0,0.0,0.0,0.0,0.0,0.0,0.0,0.0,0.0,0.0,0.0,0.0,0.0,0.0,0.0,0.0,0.0,0.0,0.0,0.0,0.0,0.0,0.0,0.0,0.0,0.0,0.0,0.0,0.0,0.0,0.0,0.0,0.0,0.0,0.0,0.0,0.0,0.0,0.0,6.47e-05,0.0,0.0,0.0,0.0,0.0,0.0,0.0,0.0,0.0,0.0,0.0,0.0,0.0,0.0,0.0,0.0,0.0,0.0,6.47e-05,6.47e-05,0.0,0.0,0.0,0.0,0.0,0.0,0.0,6.47e-05,0.0,0.0,0.0,0.0,0.0,0.0,0.0,0.0,,,,,,,,,,,,,,,,,,,,
SRR12478939,0.51897712,0.001749664,0.034454913,0.008815612,0.0,0.0,0.004912517,0.0,0.0,6.73e-05,0.0,0.0,0.0,0.0,0.0,0.0,0.000269179,6.73e-05,0.18781965,0.004845222,0.021399731,0.005181696,0.015275908,0.007335128,0.016083445,0.019111709,0.000269179,0.002288022,6.73e-05,0.00141319,0.000740242,0.000538358,0.027321669,0.015881561,0.002086137,0.000269179,0.004306864,0.000201884,0.003835801,0.000538358,0.003835801,0.0,0.006931359,0.000336474,0.000269179,0.0,0.0,0.0,6.73e-05,0.0,0.0,0.023956931,0.00013459,0.000269179,0.0,0.001076716,0.000874832,0.0,0.0,0.0,0.000269179,0.0,0.0,0.000807537,0.000605653,6.73e-05,0.005114401,0.000538358,0.000942127,0.00013459,0.0,0.0,0.00013459,0.000336474,0.000403769,0.0,0.006258412,0.0,0.0,0.000269179,0.000538358,0.0,0.000201884,0.0,0.0,6.73e-05,0.0,0.00013459,0.0,0.0,0.0,6.73e-05,0.0,0.0,0.0,0.0,0.0,0.0,0.0,0.0,0.0,0.0,0.000201884,0.0,0.0,0.0,0.0,0.0,0.0,0.0,0.000807537,0.0,0.0,0.00013459,0.0,0.0,0.0,0.0,0.0,0.0,0.0,0.000403769,0.0,0.0,0.0,6.73e-05,0.0,0.000269179,0.0,6.73e-05,0.0,0.0,0.0,0.0,0.0,6.73e-05,6.73e-05,0.005114401,0.0,0.0,0.001211306,0.0,0.00013459,0.0,0.0,6.73e-05,0.0,0.000538358,0.0,0.001211306,0.0,0.003230148,0.0,0.000201884,0.0,0.0,0.0,6.73e-05,0.0,0.0,0.0,0.0,0.0,6.73e-05,0.0,0.0,0.0,0.0,0.000269179,0.0,0.0,0.0,6.73e-05,0.0,0.0,0.0,0.00013459,0.0,6.73e-05,0.0,0.0,0.0,0.0,0.0,0.0,6.73e-05,0.0,0.000336474,0.000269179,0.0,0.0,0.0,0.0,6.73e-05,0.0,6.73e-05,0.0,6.73e-05,0.0,0.0,0.0,0.0,6.73e-05,6.73e-05,0.0,6.73e-05,0.0,0.0,0.0,0.0,0.0,0.0,0.0,0.0,0.0,0.0,0.0,0.0,0.0,0.0,0.0,0.0,0.00013459,0.0,0.0,0.0,0.0,0.0,0.0,0.0,0.0,0.0,0.000201884,0.0,0.0,0.000201884,0.0,0.0,0.0,0.0,0.0,0.0,0.0,0.0,0.000269179,0.0,0.0,0.0,0.0,0.0,0.0,0.0,0.0,0.0,0.0,0.0,0.0,0.0,0.000201884,0.0,0.0,0.0,0.0,0.0,0.0,0.0,0.0,0.0,0.016689098,0.0,6.73e-05,0.0,0.000403769,0.0,0.0,0.0,0.0,0.001816958,0.0,0.0,0.0,0.0,0.0,0.0,0.0,0.0,0.0,0.0,0.0,0.0,0.0,0.0,0.0,0.0,0.0,0.0,0.000201884,0.0,0.001345895,0.0,6.73e-05,0.0,0.0,0.0,0.0,0.0,0.0,0.0,0.0,6.73e-05,0.000403769,0.0,0.0,0.0,0.0,0.0,0.0,0.0,6.73e-05,0.0,0.0,0.0,0.0,0.0,0.0,0.0,0.0,0.0,0.0,0.0,0.0,0.0,0.0,0.0,0.0,0.0,0.0,0.0,0.0,0.0,0.0,0.0,0.0,0.0,0.0,0.0,0.0,0.0,0.0,0.0,6.73e-05,6.73e-05,0.0,0.0,0.0,0.0,0.0,0.0,0.0,0.0,0.0,0.0,0.0,0.0,0.0,0.0,0.0,0.0,0.0,0.0,0.0,0.0,0.0,0.0,0.0,0.0,0.0,6.73e-05,0.0,0.0,0.0,0.0,0.0,0.0,0.0,0.0,0.0,0.0,0.0,0.0,0.0,0.0,0.0,0.0,0.0,0.0,0.0,0.0,0.000605653,0.0,0.0,0.0,0.0,0.0,0.0,0.0,0.0,0.0,0.0,0.0,0.0,0.0,0.0,0.0,0.0,0.0,0.0,0.0,0.0,0.0,0.0,0.0,0.0,0.0,0.0,0.0,0.0,0.0,0.0,0.0,0.0,0.0,0.0,0.0,0.0,0.0,0.0,0.0,0.0,0.0,0.0,0.0,6.73e-05,0.0,0.0,0.0,0.0,0.0,0.0,0.0,0.0,0.0,0.0,0.0,0.0,0.0,0.0,0.0,0.0,0.0,0.0,0.0,0.0,0.000336474,0.0,0.0,0.0,0.0,0.0,0.0,0.0,6.73e-05,0.0,0.0,0.0,0.0,0.0,0.0,0.0,0.0,0.0,0.0,0.0,0.0,6.73e-05,0.0,0.0,0.0,0.0,0.0,6.73e-05,0.0,0.0,0.0,0.0,0.0,0.0,0.0,0.0,0.0,0.0,0.0,0.0,0.0,0.0,0.0,0.0,0.0,0.0,0.0,0.0,0.0,0.0,0.0,0.0,0.0,0.0,0.0,0.0,0.0,0.0,0.0,0.0,0.0,0.0,0.0,0.0,0.0,0.0,0.0,0.0,0.0,0.0,0.0,0.0,0.0,0.0,0.0,0.0,0.0,6.73e-05,0.0,0.0,0.0,0.0,0.0,0.0,0.0,0.0,0.0,0.0,0.0,0.0,0.0,0.0,0.0,0.0,0.0,0.0,0.0,0.0,0.0,0.0,0.0,0.0,0.0,0.0,0.0,0.0,0.0,0.0,0.0,0.0,0.0,0.0,0.0,0.0,0.0,0.0,0.0,0.0,0.0,0.0,6.73e-05,0.0,0.0,0.0,0.0,0.0,0.0,0.0,0.0,0.0,0.0,0.0,0.0,0.0,0.0,0.0,0.0,0.0,0.0,0.0,0.0,0.0,0.0,0.0,0.0,0.0,0.0,0.0,0.0,0.0,0.0,0.0,0.0,0.0,0.0,0.0,0.0,0.0,0.0,0.0,0.0,0.0,0.0,0.0,0.0,0.0,0.0,0.0,0.0,0.0,0.0,0.0,0.0,0.0,0.0,0.0,0.0,0.0,0.0,0.0,0.0,0.0,0.0,0.0,0.0,0.0,0.0,0.0,0.0,0.0,0.0,0.0,0.0,0.0,0.0,0.0,,,,,,,,,,,,,,,,,,,,
SRR12478940,0.014559257,0.003738953,0.191026513,0.029798323,5.67e-05,5.67e-05,0.006628144,0.0,5.67e-05,0.0,0.0,5.67e-05,0.000113302,0.0,0.0,0.0,0.003285747,0.000623159,0.114151371,0.004588715,0.018128257,0.035066848,0.096702923,0.027418989,0.00073646,0.007421255,0.001642873,0.006004985,0.000453206,0.012123272,0.000793111,0.001472921,0.027815545,0.020620893,0.004702017,0.00067981,0.039938817,0.000339905,0.001529572,0.006231588,0.002492635,0.012519828,0.000849762,0.000169952,0.000623159,0.000113302,0.000113302,0.0,0.0,0.0,0.0,0.06407206,0.000226603,0.000169952,0.000283254,0.001133016,0.001982778,0.000396556,0.000169952,0.0,0.005155223,0.000169952,0.000169952,0.000339905,0.001869477,0.00067981,0.033707229,0.0,0.00283254,0.000113302,0.0,5.67e-05,0.000113302,0.000226603,0.0,0.0,0.023453433,0.0,0.0,0.001189667,0.000963064,0.0,5.67e-05,0.0,0.000113302,0.000226603,0.0,0.00067981,0.000226603,0.0,5.67e-05,0.00073646,0.001302969,5.67e-05,0.000793111,0.0,5.67e-05,5.67e-05,0.0,0.000396556,0.0,0.0,5.67e-05,0.0,0.0,0.0,5.67e-05,0.0,0.0,0.0,0.000396556,0.0,0.0,5.67e-05,0.001019714,0.0,0.0,0.0,0.0,0.0,0.0,0.003172445,0.0,0.0,0.0,0.000113302,5.67e-05,0.000396556,0.000849762,5.67e-05,0.0,0.0,0.0,0.0,0.0,0.0,0.000113302,0.033027419,0.0,5.67e-05,0.00492862,0.003738953,0.0,0.000509857,0.004588715,0.0,0.0,0.00073646,0.0,0.0,0.0,0.000396556,5.67e-05,0.003399048,0.000509857,0.0,0.0,0.0,0.0,0.0,0.0,0.0,0.0,0.000113302,0.000283254,0.0,0.0,0.000566508,0.003342397,0.0,0.0,0.0,0.0,0.0,0.0,0.0,0.000339905,0.0,0.000339905,0.0,0.0,0.0,0.000113302,0.0,0.0,0.06339225,0.0,0.001982778,0.0,0.0,0.0,0.0,0.0,5.67e-05,0.0,0.00067981,0.0,0.000339905,0.0,0.0,0.0,0.0,0.0,0.0,0.0,0.0,0.0,0.0,0.0,0.0,0.0,0.000339905,0.0,0.0,5.67e-05,0.0,5.67e-05,0.0,0.0,0.0,0.0,0.0,0.003342397,0.0,0.0,0.0,0.0,0.0,0.0,0.0,0.0,0.000113302,5.67e-05,0.0,0.0,0.0,0.0,0.0,0.0,0.0,0.0,0.0,0.0,0.0,0.003115794,5.67e-05,0.0,0.0,0.0,0.0,0.0,0.0,0.0,0.0,0.0,5.67e-05,0.0,0.0,0.0,0.0,0.0,0.0,0.0,0.0,0.0,0.0,0.0,0.0,5.67e-05,0.0,0.000113302,0.0,0.0,0.0,0.0,0.0,0.0,0.013142987,0.0,0.0,0.0,0.0,0.0,0.0,0.0,0.0,0.0,0.0,0.0,0.0,0.0,5.67e-05,0.0,0.0,0.0,0.0,0.0,0.000169952,0.000509857,0.0,0.0,0.0,0.0,0.0,0.0,0.0,0.0,0.0,0.0,0.0,0.0,0.0,0.0,0.0,0.0,0.0,0.0,0.0,0.0,0.0,0.0,0.0,0.0,0.0,0.0,0.0,0.0,0.0,0.0,0.000226603,0.0,0.0,0.0,0.001246318,0.0,0.0,0.0,0.0,0.0,0.0,0.0,0.0,0.0,0.0,0.0,0.000169952,0.0,0.0,0.0,0.0,0.003908906,0.0,0.0,5.67e-05,0.0,0.000169952,0.0,0.0,0.0,0.0,0.0,0.0,0.0,0.0,0.0,0.0,0.0,0.0,0.0,0.0,0.0,5.67e-05,0.0,0.0,0.0,0.0,0.0,0.0,0.0,0.0,0.0,0.0,0.0,0.0,0.0,0.0,0.0,0.0,0.0,0.0,0.0,0.0,0.0,0.0,0.0,0.0,0.0,0.0,0.0,0.0,0.0,0.0,0.0,0.0,0.0,0.0,0.0,0.0,0.0,0.0,0.0,0.0,0.0,0.0,0.0,0.0,0.0,0.0,0.0,0.0,0.0,0.0,0.0,0.0,0.0,0.0,0.0,0.0,0.0,0.0,0.0,0.0,0.000283254,0.0,0.0,0.0,0.0,0.0,0.0,0.0,0.000169952,0.0,0.0,0.0,0.0,0.0,0.0,0.0,0.0,0.0,0.0,0.0,0.0,5.67e-05,0.0,0.0,0.0,0.0,0.0,0.0,0.000169952,0.0,0.0,0.0,0.0,0.0,0.001133016,0.000113302,0.0,0.0,0.000113302,0.000113302,0.000509857,0.0,0.0,0.0,0.0,0.0,0.0,0.0,0.0,0.0,0.0,0.0,5.67e-05,0.0,0.0,0.0,5.67e-05,0.0,0.0,0.0,0.000113302,0.0,0.0,0.0,0.0,0.0,0.0,0.0,0.0,0.0,5.67e-05,0.0,0.0,0.0,5.67e-05,0.0,0.0,0.0,0.0,0.0,0.0,0.0,0.0,0.0,0.0,0.0,0.0,0.0,0.0,0.0,0.0,0.0,0.0,0.0,0.0,0.0,0.0,0.0,0.0,0.0,0.0,0.0,0.0,0.0,0.0,0.0,0.0,0.0,0.000113302,0.0,0.0,0.0,0.0,0.0,0.0,0.0,0.0,0.0,0.0,5.67e-05,0.0,0.0,0.0,0.0,0.0,0.0,0.0,0.0,0.0,0.0,0.0,0.0,0.0,0.0,0.0,0.0,0.0,0.0,0.0,0.0,0.000113302,0.0,0.0,0.0,0.0,0.0,0.0,0.0,0.0,0.0,0.0,0.0,0.0,0.0,0.0,0.0,0.0,0.0,0.0,0.0,0.0,0.0,0.0,0.0,0.0,0.0,0.0,0.0,0.0,0.0,0.0,0.0,0.0,0.0,0.0,0.0,0.0,0.0,0.0,0.0,0.0,0.0,0.0,0.0,0.0,0.0,0.0,0.0,0.0,0.0,0.0,0.0,0.0,0.0,0.0,0.0,0.0,0.0,0.0,0.0,0.0,0.0,0.0,0.0,0.0,0.0,0.0,0.0,0.0,0.0,0.0,0.0,0.0,0.0,0.0,0.0,0.0,0.0,0.0,0.0,0.0,0.0,5.67e-05,5.67e-05,0.0,0.0,0.0,,,,,,,,,,,,,,,,,,,,
SRR12478942,0.592770738,0.001507592,0.028859614,0.001866542,0.0,0.000538426,0.00014358,0.0,0.0,0.002835708,0.0,3.59e-05,0.000251265,0.0,0.0,0.0,0.00014358,0.000107685,0.158440719,0.009583976,0.011486414,0.006532898,0.031515848,0.013783696,0.002835708,0.003015184,0.000466636,0.002871603,0.000825586,0.000502531,0.002728023,0.000323055,0.034028501,0.005958577,0.002117808,0.000753796,0.002225493,0.00021537,0.00021537,0.002225493,0.000179475,0.000179475,0.003481819,0.000107685,0.000574321,0.00021537,0.0,3.59e-05,0.007537959,0.0,0.0,7.18e-05,7.18e-05,0.0,0.026921282,0.000538426,0.000646111,0.0,0.0,0.0,0.000538426,7.18e-05,3.59e-05,0.000179475,0.000107685,0.0,0.006568793,0.000789691,0.000466636,0.0,3.59e-05,0.000107685,3.59e-05,3.59e-05,3.59e-05,3.59e-05,0.002333178,0.0,0.0,0.000251265,0.000430741,0.0,0.001507592,0.0,0.0,3.59e-05,0.0,3.59e-05,0.0,0.00021537,0.0,0.0,0.0,0.0,0.00014358,0.0,0.0,0.0,7.18e-05,0.0,0.0,0.0,3.59e-05,0.0,0.0,0.0,0.0,0.0,3.59e-05,0.0,0.000179475,0.0,3.59e-05,0.0,0.000251265,0.0,0.000538426,0.0,0.0,0.0,0.000394845,0.004881726,3.59e-05,0.0,0.0,7.18e-05,0.0,3.59e-05,0.0,7.18e-05,3.59e-05,7.18e-05,0.0,0.0,0.000682006,0.0,0.00021537,0.000179475,3.59e-05,3.59e-05,0.003661294,0.000323055,0.00021537,3.59e-05,0.00014358,0.0,0.0,3.59e-05,0.0,0.0,0.0,0.002117808,3.59e-05,0.000179475,3.59e-05,0.0,0.0,0.0,0.0,0.0,0.0,0.0,0.0,7.18e-05,0.0,0.0,0.0,3.59e-05,0.00014358,0.0,0.0,0.0,0.0,0.0,7.18e-05,0.0,0.000107685,0.0,0.0,0.0,0.0,0.0,0.0,0.0,0.0,3.59e-05,0.0,0.002010122,0.000107685,0.0,0.0,0.0,0.0,0.0,0.0,0.000323055,0.000107685,0.0,0.0,0.0,0.000933271,0.0,0.00021537,0.0,0.000107685,7.18e-05,0.0,0.0,0.0,0.0,0.0,0.0,0.0,0.0,0.0,0.0,0.000107685,0.0,0.0,0.0,0.0,0.0,0.0,0.0,0.0,0.0,0.0,0.0,0.0,0.0,0.0,0.0,0.0,0.0,0.0,0.0,0.0,0.0,0.0,0.0,0.0,0.0,3.59e-05,0.0,0.0,0.0,0.0,7.18e-05,3.59e-05,0.0,0.0,0.0,0.000610216,0.0,0.0,3.59e-05,3.59e-05,0.0,0.0,0.0,0.0,0.0,0.0,3.59e-05,0.0,0.0,7.18e-05,0.0,3.59e-05,0.0,0.0,0.000107685,0.002081912,0.0,3.59e-05,0.0,0.0,0.00014358,0.0,0.0,0.000179475,0.0,0.0,0.0,0.0,0.0,0.0,0.0,0.0,0.0,0.0,0.0,0.0,0.0,0.0,3.59e-05,0.0,0.0,0.0,0.0,0.0,0.0,0.0,0.0,3.59e-05,0.0,0.0,0.0,0.0,0.0,0.0,0.0,3.59e-05,0.0,0.0,0.0,0.0,0.0,0.0,0.0,0.0,0.0,0.0,0.0,0.0,0.0,0.0,3.59e-05,3.59e-05,0.0,0.0,0.0,0.0,0.00014358,0.0,0.0,0.0,3.59e-05,0.0,0.0,0.0,0.0,0.0,0.0,0.0,0.0,0.0,3.59e-05,0.0,0.0,0.0,0.0,0.0,0.0,0.0,3.59e-05,0.0,0.0,0.0,0.0,0.0,3.59e-05,0.0,7.18e-05,0.0,0.0,0.0,0.0,0.0,0.0,0.0,0.0,0.0,0.0,0.0,0.0,0.0,3.59e-05,0.0,0.0,0.0,0.0,0.0,0.0,0.0,0.0,0.0,0.0,0.0,0.0,0.0,0.0,0.0,0.0,0.0,0.0,0.0,0.0,0.0,0.0,0.0,0.0,0.0,0.0,0.0,0.0,0.0,0.0,3.59e-05,0.0,0.0,0.0,0.0,0.0,0.0,0.0,0.0,0.0,0.0,0.0,0.0,0.0,0.0,0.0,0.0,0.0,0.0,0.0,0.0,0.0,0.0,0.0,0.0,0.0,0.0,0.0,0.0,0.0,0.0,0.0,0.0,0.0,0.0,0.0,0.0,0.0,0.0,0.0,0.0,0.0,0.0,0.0,0.0,0.0,0.0,0.0,0.0,0.0,0.0,0.0,7.18e-05,0.0,0.0,0.0,0.0,0.0,7.18e-05,0.0,0.0,0.0,0.0,0.0,0.0,3.59e-05,0.0,0.0,0.0,0.0,0.0,0.0,0.0,0.0,0.0,7.18e-05,0.0,0.0,0.0,0.0,0.0,0.0,0.0,0.0,0.0,0.0,0.0,0.0,0.0,0.0,0.0,0.0,0.0,0.0,0.0,0.0,0.0,0.0,0.0,0.0,0.0,0.0,0.0,0.0,0.0,0.0,0.0,0.0,0.0,0.0,0.0,0.0,0.0,0.0,0.0,0.0,0.0,0.0,0.0,0.0,0.0,0.0,0.0,0.0,0.0,0.0,0.0,0.0,0.0,0.0,0.0,0.0,0.0,0.0,0.0,0.0,0.0,0.0,0.0,0.0,0.0,0.0,0.0,0.0,0.0,0.0,0.0,0.0,3.59e-05,0.0,0.0,0.0,0.0,0.0,0.0,0.0,0.0,0.0,0.0,0.0,0.0,0.0,0.0,0.0,0.0,0.0,0.0,0.0,0.0,0.0,0.0,0.0,0.0,0.0,0.0,0.0,0.0,0.0,0.0,0.0,0.0,0.0,0.0,0.0,0.0,0.0,0.0,0.0,0.0,0.0,0.0,0.0,0.0,0.0,0.0,0.0,0.0,0.0,0.0,0.0,0.0,0.0,0.0,0.0,0.0,3.59e-05,0.0,0.0,0.0,0.0,0.0,0.0,0.0,0.0,0.0,0.0,0.0,0.0,0.0,0.0,0.0,0.0,0.0,0.0,3.59e-05,0.0,0.0,0.0,0.0,0.0,0.0,0.0,0.0,0.0,0.0,0.0,0.000107685,0.0,0.0,0.0,0.0,0.0,0.0,0.0,0.0,0.0,0.0,0.0,0.0,0.0,0.0,,,,,,,,,,,,,,,,,,,,
SRR12478944,0.278395062,0.005908289,0.396560847,0.047530864,0.0,0.0,8.82e-05,0.0,0.000176367,8.82e-05,0.0,0.0,0.000793651,0.0,0.000176367,0.000176367,0.00026455,8.82e-05,0.089065256,0.000352734,0.00670194,0.003880071,0.014197531,0.013227513,0.012962963,0.034215168,0.000881834,0.002116402,0.000705467,0.0,0.000881834,0.000440917,0.021869489,0.003527337,0.002204586,0.000705467,0.000793651,0.000440917,0.000440917,0.000881834,0.0,0.001763668,0.0,0.0,8.82e-05,0.0,0.0,0.0,0.0,0.0,0.0,0.027689594,0.000176367,0.000881834,0.000176367,0.000617284,0.000705467,0.0,0.0,0.00026455,8.82e-05,0.0,0.0,0.00026455,8.82e-05,0.000176367,0.000352734,0.00026455,0.000440917,0.0,0.0,0.0,0.000176367,8.82e-05,8.82e-05,0.0,0.001410935,8.82e-05,0.0,0.000352734,0.000352734,0.0,0.0,0.0,0.0,8.82e-05,0.0,0.001587302,0.000352734,0.001058201,0.0,0.000440917,0.000529101,0.00026455,0.000352734,8.82e-05,0.000440917,0.00026455,0.00026455,0.000529101,0.000176367,8.82e-05,0.000440917,8.82e-05,0.0,0.0,0.0,0.0,8.82e-05,0.0,8.82e-05,0.0,0.0,0.0,0.0,0.0,8.82e-05,0.0,0.0,0.0,0.0,0.005643739,8.82e-05,8.82e-05,8.82e-05,8.82e-05,0.0,0.0,0.0,0.0,0.0,0.0,0.0,0.0,8.82e-05,0.000176367,0.000352734,0.0,0.0,0.0,0.000352734,0.0,0.0,0.0,0.0,0.0,0.0,0.0,0.0,0.0,0.0,0.0,0.0,0.00026455,0.000529101,0.0,0.0,0.0,0.0,0.0,0.0,0.0,0.0,0.0,0.0,0.0,0.0,8.82e-05,0.0,8.82e-05,0.0,0.0,0.0,0.0,0.0,0.000176367,0.0,0.0,0.0,0.0,0.0,0.0,0.0,0.0,0.0,0.0,0.0,0.000705467,0.0,0.0,0.0,8.82e-05,0.0,0.0,0.0,8.82e-05,0.000352734,0.0,0.0,0.0,0.0,0.0,8.82e-05,0.0,8.82e-05,8.82e-05,0.0,0.000352734,0.0,0.0,0.0,0.0,0.0,0.00026455,0.0,0.0,0.0,0.0,0.0,0.0,0.0,0.0,0.0,0.0,0.0,8.82e-05,0.0,0.0,8.82e-05,0.0,0.0,8.82e-05,0.0,0.0,0.0,0.0,0.0,0.0,0.0,0.0,0.0,0.0,0.0,0.0,0.0,0.0,0.0,0.0,0.0,0.0,0.0,0.0,0.00026455,0.0,0.0,8.82e-05,0.0,0.0,0.0,0.0,0.0,0.0,0.0,0.0,0.0,0.0,0.0,0.0,8.82e-05,0.0,8.82e-05,0.0,0.0,0.0,0.0,0.0,0.0,0.003439153,8.82e-05,0.0,8.82e-05,0.0,0.0,0.0,0.0,0.0,0.0,0.0,0.0,0.0,0.0,0.0,0.0,0.0,0.0,8.82e-05,0.0,0.0,0.0,0.0,0.0,0.0,0.0,0.0,0.0,0.0,0.0,0.0,0.0,0.0,0.0,0.0,0.0,0.0,0.0,0.0,0.0,0.0,0.0,0.0,0.0,0.0,0.0,0.0,0.0,0.0,0.0,8.82e-05,0.0,0.0,0.0,0.000176367,0.0,0.0,0.0,0.0,0.0,0.0,0.0,0.0,0.0,0.0,0.0,0.0,0.0,0.0,0.0,0.0,0.0,0.0,0.0,0.0,0.0,0.0,0.0,8.82e-05,0.0,0.0,0.0,0.0,0.0,0.0,0.0,0.0,0.0,0.0,0.0,0.0,0.0,0.0,0.0,0.0,0.0,0.0,0.0,0.0,0.0,0.0,0.0,0.0,0.0,0.0,0.0,0.0,0.0,0.0,0.0,0.0,0.0,0.0,0.0,0.0,0.0,0.0,0.0,0.0,0.0,0.0,0.0,0.0,0.0,0.0,0.0,0.0,0.0,0.0,0.0,0.0,0.0,0.0,0.0,0.0,0.0,0.0,0.0,0.0,0.0,0.0,0.0,0.0,0.0,0.0,0.0,0.0,0.0,0.0,0.0,0.0,0.0,0.0,0.0,0.0,0.0,0.0,0.0,0.0,0.0,0.0,0.0,0.0,0.0,0.0,0.0,0.0,0.0,0.0,0.0,0.0,0.0,0.0,0.0,0.0,0.0,0.0,0.0,0.0,0.0,0.0,0.0,0.0,0.0,0.0,0.0,0.0,0.0,0.0,0.000176367,0.0,0.0,0.0,0.0,0.0,0.0,0.0,0.0,0.0,0.0,0.0,0.0,0.0,0.0,0.0,0.0,0.0,0.0,0.0,0.0,0.0,0.0,8.82e-05,0.0,0.0,0.0,0.0,0.0,0.0,0.0,0.0,0.0,0.0,0.0,0.0,0.0,0.0,0.0,0.0,0.0,0.0,0.0,0.0,0.0,0.0,0.0,0.0,0.0,0.0,0.0,0.0,0.0,0.0,0.0,0.0,0.0,0.0,0.0,0.0,0.0,0.0,0.0,0.0,0.0,0.0,0.0,0.0,0.0,0.0,0.0,0.0,0.0,0.0,0.0,0.0,0.0,0.0,0.0,0.0,0.0,0.0,0.0,0.0,0.0,0.0,0.0,0.0,0.0,0.0,0.0,0.0,0.0,0.0,0.0,0.0,0.0,0.0,0.0,0.0,0.0,0.0,0.0,0.0,0.0,0.0,0.0,0.0,0.0,0.0,0.0,0.0,0.0,0.0,0.0,0.0,0.0,0.0,0.0,0.0,0.0,0.0,0.0,0.0,0.0,0.0,0.0,0.0,0.0,0.0,0.0,0.0,0.0,0.0,0.0,0.0,0.0,0.0,0.0,0.0,0.0,0.0,0.0,0.0,0.0,0.0,0.0,0.0,0.0,0.0,0.0,0.0,0.0,0.0,0.0,0.0,0.0,0.0,0.0,0.0,0.0,0.0,0.0,0.0,0.0,0.0,0.0,0.0,0.0,0.0,0.0,0.0,0.0,0.0,0.0,0.0,0.0,0.0,0.0,0.0,0.0,0.0,0.0,0.0,0.0,0.0,0.0,0.0,0.0,0.0,0.0,0.0,0.0,,,,,,,,,,,,,,,,,,,,
SRR12478945,0.17520375,0.002111397,0.157383556,0.021494025,0.0,0.00021114,0.002406993,4.22e-05,4.22e-05,0.016975634,0.0,0.0,0.000168912,0.0,0.0,0.001055699,0.003589375,0.000548963,0.238207846,0.000802331,0.037582872,0.011528229,0.016891179,0.029137283,0.004222795,0.014273046,0.000548963,0.003124868,0.001477978,0.000337824,0.000548963,0.000717875,0.096744225,0.005067354,0.004349478,0.000760103,0.011823825,0.000422279,0.000380052,0.000633419,0.000380052,0.001815802,0.000337824,4.22e-05,0.00021114,0.0,0.000126684,4.22e-05,4.22e-05,0.0,0.0,0.026645834,8.45e-05,0.001393522,0.000126684,0.000844559,0.001309066,0.0,0.0,0.0,0.000633419,4.22e-05,4.22e-05,8.45e-05,0.000337824,0.000295596,0.0222119,0.000464507,0.001140155,4.22e-05,0.0,0.0,0.000126684,0.0,0.0,0.0,0.018664752,0.0,0.0,0.000337824,0.000295596,0.0,0.002491449,0.0,0.0,4.22e-05,0.0,0.0,0.0,0.00021114,0.0,8.45e-05,0.0,0.0,4.22e-05,0.0,0.0,0.0,0.0,0.0,0.0,0.0,8.45e-05,8.45e-05,0.0,0.0,0.0,0.0,0.0,0.0,0.001942486,0.0,0.0,4.22e-05,8.45e-05,4.22e-05,0.002195853,0.0,0.0,0.0,0.001773574,0.009501288,4.22e-05,0.0,4.22e-05,0.000168912,0.0,4.22e-05,4.22e-05,4.22e-05,0.0,0.0,0.0,0.0,0.000126684,4.22e-05,4.22e-05,0.000253368,0.0,0.0,0.001815802,0.000168912,4.22e-05,0.0,0.0,0.0,0.0,0.0,0.0,8.45e-05,0.0,0.0,0.0,0.00021114,0.0,0.0,0.0,0.0,0.0,0.0,0.0,0.0,0.0,4.22e-05,4.22e-05,0.0,0.0,0.0,0.0,0.0,0.0,0.0,0.0,0.0,0.0,0.0,4.22e-05,0.0,0.000126684,0.0,0.0,0.0,0.0,0.0,0.0,0.000464507,0.0,4.22e-05,0.0,0.0,0.0,0.0,0.0,8.45e-05,0.0,0.000591191,4.22e-05,0.0,0.0,0.0,0.005911913,0.0,0.0,0.0,0.0,0.0,0.0,4.22e-05,0.0,0.0,0.0,0.0,0.0,0.0,0.0,0.0,4.22e-05,0.0,0.0,0.0,0.0,0.0,0.029137283,0.0,0.0,0.0,0.0,0.0,0.0,0.0,0.0,0.0,0.0,0.0,0.0,0.0,0.0,0.0,0.0,0.0,0.0,0.0,0.0,0.0,8.45e-05,0.0,0.0,0.000126684,0.0,4.22e-05,0.0,4.22e-05,0.0,0.0,0.0,4.22e-05,0.0,0.0,4.22e-05,0.000126684,0.0,0.0,0.0,0.0,0.0,0.0,0.0,0.0,0.0,0.0,8.45e-05,0.0,0.0,0.0,0.0,0.0,0.0,0.000844559,4.22e-05,0.0,4.22e-05,0.0,0.0,0.0,0.0,0.0,0.0,0.0,0.0,4.22e-05,0.0,4.22e-05,4.22e-05,0.0,4.22e-05,8.45e-05,0.0,0.0,0.0,0.0,0.0,0.0,0.0,0.0,0.0,0.0,0.0,0.0,0.0,0.0,0.0,0.0,0.0,0.0,0.0,0.0,0.0,0.0,0.0,0.0,0.0,0.0,0.0,0.0,0.0,0.0,0.0,0.0,0.0,0.0,0.0,0.0,0.0,0.000126684,0.0,0.0,0.0,0.0,0.0,0.0,0.0,0.0,0.0,0.0,4.22e-05,0.0,0.0,0.0,0.0,0.0,0.0,4.22e-05,0.0,0.0,0.0,0.0,0.0,0.0,0.0,0.0,0.000126684,0.0,4.22e-05,0.0,0.0,0.0,0.0,0.0,0.0,0.0,0.0,0.0,0.0,0.0,0.0,0.0,0.0,0.0,0.0,0.0,0.0,0.0,0.0,0.0,0.0,0.0,0.0,0.0,0.0,0.0,0.0,0.0,0.0,0.0,0.0,0.0,0.0,0.0,0.0,0.0,0.0,0.0,0.0,0.0,0.0,0.0,0.0,0.0,0.0,0.0,0.0,0.0,0.0,0.0,0.0,0.0,0.0,0.0,0.0,0.0,0.0,0.0,0.0,0.0,0.0,0.0,0.0,0.0,0.0,0.0,0.0,0.0,0.0,0.0,4.22e-05,0.0,0.0,0.0,0.0,0.0,0.0,0.0,0.0,0.0,0.0,0.0,0.0,0.0,0.0,0.0,0.0,0.0,0.0,0.0,0.0,0.0,0.0,0.0,0.0,0.0,0.0,0.0,0.0,0.0,0.0,0.0,0.0,0.0,0.0,0.0,0.0,0.0,0.0,0.0,0.0,0.0,0.0,0.0,0.0,0.0,0.0,0.0,0.0,0.0,0.0,0.0,0.0,0.0,0.0,8.45e-05,0.0,0.0,0.0,4.22e-05,0.0,0.0,0.0,0.0,0.0,0.0,0.0,0.0,0.0,0.0,0.0,0.0,8.45e-05,0.0,0.0,0.0,0.0,0.0,0.0,0.0,0.0,0.0,0.0,0.0,0.0,4.22e-05,0.0,0.0,0.0,0.0,0.0,0.0,0.0,0.0,0.0,0.0,0.0,0.0,0.0,4.22e-05,0.0,0.0,0.0,0.0,0.0,0.0,0.0,0.0,0.0,0.0,0.0,0.0,0.0,0.0,4.22e-05,0.0,0.0,0.0,0.0,0.0,0.0,0.0,4.22e-05,0.0,0.0,0.0,0.0,0.0,0.0,0.0,0.0,0.0,0.0,0.0,0.0,0.0,0.0,0.0,0.0,0.0,0.0,0.0,0.0,4.22e-05,0.0,0.0,0.0,0.0,0.0,0.0,0.0,0.0,0.0,0.0,0.0,0.0,0.0,0.0,0.0,0.0,0.0,0.0,0.0,0.0,0.0,0.0,0.0,0.0,0.0,0.0,0.0,0.0,0.0,0.0,0.0,0.0,0.0,0.0,0.0,4.22e-05,0.0,0.0,0.0,0.0,0.0,0.0,0.0,0.0,0.0,0.0,0.0,0.0,0.0,0.0,0.0,0.0,0.0,0.0,0.0,0.0,0.0,0.0,0.0,0.0,0.0,0.0,0.0,0.0,0.0,0.0,0.0,0.0,0.0,0.0,0.0,0.0,0.0,0.0,0.0,0.0,0.0,0.0,0.0,0.0,0.0,,,,,,,,,,,,,,,,,,,,
SRR12478946,0.679626231,0.000917737,0.039546137,0.002336059,0.0,0.000500584,0.000667445,0.0,0.0,0.0,0.0,0.0,0.000166861,0.0,0.0,0.0,0.000417153,0.000417153,0.113966294,0.000333723,0.002669781,0.007091607,0.040547305,0.00876022,0.003420657,0.002336059,0.000333723,0.00250292,0.000834307,0.000917737,0.000500584,8.34e-05,0.020523945,0.005923578,0.001418321,0.000417153,0.0,0.000166861,8.34e-05,0.001168029,0.000250292,8.34e-05,8.34e-05,0.0,0.0,0.0,0.0,0.0,0.000917737,0.000166861,0.0,0.01001168,8.34e-05,0.000166861,0.004004672,0.001001168,0.000834307,0.0,0.0,0.0,0.000834307,0.000166861,0.0,0.000250292,0.000417153,8.34e-05,0.0,0.002336059,0.000417153,0.000333723,0.0,0.000166861,0.000250292,0.000250292,0.000500584,0.0,0.000667445,0.0,8.34e-05,0.000166861,8.34e-05,0.0,0.0,8.34e-05,0.0,8.34e-05,0.0,0.00125146,8.34e-05,0.000500584,0.000166861,0.000834307,0.000333723,0.000166861,0.000250292,0.0,8.34e-05,0.0,0.000250292,0.0,8.34e-05,0.0,0.000333723,8.34e-05,0.0,0.0,0.000250292,0.0,8.34e-05,0.0,0.0,0.0,8.34e-05,0.000166861,8.34e-05,0.0,0.001084599,0.0,8.34e-05,8.34e-05,0.001585183,0.007842483,0.000166861,0.0,0.0,0.0,0.0,0.000250292,0.0,0.0,8.34e-05,8.34e-05,0.0,0.0,8.34e-05,8.34e-05,0.000250292,0.000166861,0.0,0.0,0.003587519,0.000250292,8.34e-05,0.0,0.0,0.0,8.34e-05,0.0,0.0,0.0,0.0,0.0,0.0,0.0,0.0,0.000250292,8.34e-05,0.0,0.0,0.0,0.0,0.0,0.0,8.34e-05,0.0,0.0,0.0,0.0,0.0,8.34e-05,0.0,0.0,8.34e-05,0.0,0.0,0.0,0.0,0.0,0.0,0.0,0.0,8.34e-05,0.0,0.0,0.0,0.003420657,0.0,0.0,0.000166861,0.0,0.0,0.0,0.0,0.0,0.0,0.0,8.34e-05,0.0,0.0,0.0,0.0,0.0,8.34e-05,0.0,0.0,8.34e-05,0.0,0.0,0.0,8.34e-05,0.0,8.34e-05,0.0,0.0,0.0,0.0,0.005589855,0.0,0.0,8.34e-05,0.0,0.0,0.000917737,0.0,0.0,0.0,0.0,0.0,0.0,0.000166861,0.000500584,0.000166861,0.0,0.0,0.0,0.0,0.0,0.0,0.0,0.0,0.0,0.0,0.0,0.000166861,0.0,0.0,0.0,8.34e-05,0.0,0.0,0.0,0.000166861,0.0,0.0,0.0,0.000166861,0.0,0.0,0.0,0.0,0.0,0.0,0.0,0.0,0.0,0.0,0.0,0.0,0.0,0.0,0.0,0.0,0.0,0.0,0.0,0.0,8.34e-05,0.000584015,0.0,0.0,0.0,0.0,0.0,0.0,0.0,0.0,0.0,0.0,0.0,0.0,0.0,8.34e-05,0.0,0.0,0.0,0.000250292,0.0,0.0,0.0,0.0,0.0,0.0,0.0,0.0,0.0,0.0,0.0,0.0,8.34e-05,0.0,0.0,0.0,0.0,0.0,0.0,0.0,8.34e-05,0.0,0.0,0.0,0.0,0.0,0.0,0.0,0.0,0.0,0.0,0.0,0.000417153,0.0,0.0,0.0,0.0,0.0,0.0,0.000166861,0.0,0.0,0.0,0.0,0.0,0.0,0.0,0.0,0.0,0.0,0.0,0.0,0.0,0.0,0.0,8.34e-05,0.0,0.0,0.0,0.0,0.0,0.0,0.0,0.0,8.34e-05,0.0,0.0,0.000166861,0.0,0.0,0.0,0.0,0.0,0.0,0.0,0.0,0.0,0.0,0.0,0.0,0.0,0.0,0.0,0.0,0.0,0.0,0.0,0.0,0.0,0.0,0.0,0.0,0.0,0.0,0.0,0.0,0.0,0.0,0.0,0.0,0.0,0.0,0.0,0.0,0.0,0.0,0.0,0.0,0.0,0.0,0.0,0.0,0.0,0.0,0.0,0.0,8.34e-05,0.0,0.0,0.0,0.0,0.0,0.0,0.0,0.0,0.0,0.0,8.34e-05,0.0,0.0,0.0,0.0,0.0,0.0,0.0,0.0,0.0,0.0,0.0,0.0,0.0,0.0,0.0,0.0,8.34e-05,0.0,0.0,0.0,0.0,0.0,0.0,0.0,0.0,0.0,0.0,0.0,0.0,0.0,0.0,0.0,0.0,0.0,0.0,0.0,0.0,0.0,0.0,0.0,0.0,0.0,8.34e-05,0.0,0.0,0.0,0.0,0.0,0.0,0.0,0.0,0.0,0.0,0.0,0.0,0.0,0.0,0.0,0.0,0.0,0.0,0.0,8.34e-05,0.0,0.0,0.0,8.34e-05,0.0,8.34e-05,0.0,0.0,0.0,0.0,0.0,0.0,0.0,0.0,0.0,0.0,0.0,0.0,0.0,0.0,0.0,0.0,0.0,0.0,0.0,0.0,0.0,0.0,0.0,0.0,0.0,0.0,0.0,0.0,0.0,0.0,0.0,0.0,0.0,8.34e-05,0.0,0.0,0.0,0.0,0.0,0.0,0.0,0.0,0.0,0.0,0.0,0.0,0.0,0.0,0.0,0.0,0.0,0.0,0.0,0.0,0.0,0.0,0.0,0.0,0.0,0.0,0.0,0.0,0.0,8.34e-05,0.0,0.0,0.0,0.0,0.0,0.0,0.0,0.0,0.0,0.0,0.0,0.0,0.0,0.0,0.0,0.0,0.0,0.0,0.0,0.0,0.0,0.0,0.0,0.0,0.0,0.0,0.0,0.0,0.0,0.0,0.0,0.0,0.0,0.0,0.0,8.34e-05,0.0,0.0,0.0,0.0,0.0,0.0,0.0,0.0,0.0,0.0,0.0,0.0,0.0,0.0,0.0,0.0,0.0,0.0,0.0,0.0,0.0,0.0,0.0,0.0,0.0,0.0,0.0,0.0,0.0,0.0,0.0,0.0,0.0,0.0,0.0,0.0,0.0,0.0,0.0,8.34e-05,0.0,0.0,0.0,0.0,0.0,0.0,0.0,0.0,0.0,0.0,0.0,0.0,0.0,0.0,0.0,0.0,0.0,0.0,0.0,0.0,0.0,0.0,0.0,0.0,0.0,0.0,,,,,,,,,,,,,,,,,,,,
SRR12478947,0.752562743,0.000589136,0.026039826,0.003416991,0.0,0.0,0.000235655,0.0,0.0,0.0,0.0,0.0,0.0,0.0,0.0,0.0,0.000235655,0.000117827,0.07152115,0.000942618,0.0077766,0.002238718,0.0051844,0.00860139,0.011664899,0.005773536,0.000117827,0.000706964,0.000589136,0.000235655,0.0,0.000235655,0.03617297,0.011311417,0.000235655,0.0,0.000353482,0.0,0.0,0.000353482,0.000353482,0.0,0.0,0.0,0.000353482,0.0,0.0,0.0,0.0,0.0,0.0,0.00860139,0.0,0.014021445,0.000117827,0.000942618,0.009190527,0.0,0.0,0.0,0.000353482,0.0,0.0,0.000353482,0.0,0.0,0.000353482,0.0,0.0,0.0,0.0,0.000117827,0.0,0.000117827,0.000471309,0.0,0.002945682,0.0,0.0,0.0,0.0,0.0,0.0,0.0,0.0,0.0,0.0,0.000942618,0.000117827,0.0,0.0,0.0,0.0,0.0,0.000117827,0.0,0.0,0.0,0.0,0.000117827,0.0,0.0,0.000117827,0.0,0.0,0.0,0.0,0.0,0.0,0.0,0.008012254,0.0,0.0,0.000117827,0.000706964,0.0,0.000942618,0.0,0.0,0.000117827,0.0,0.000235655,0.0,0.0,0.0,0.0,0.0,0.0,0.0,0.0,0.000117827,0.0,0.0,0.0,0.0,0.000117827,0.0,0.0,0.0,0.0,0.000353482,0.000235655,0.0,0.0,0.0,0.0,0.0,0.0,0.0,0.0,0.0,0.0,0.0,0.0,0.0,0.0,0.0,0.0,0.0,0.0,0.0,0.0,0.0,0.0,0.0,0.0,0.0,0.000235655,0.0,0.000117827,0.0,0.0,0.0,0.0,0.0,0.0,0.0,0.0,0.0,0.0,0.0,0.0,0.0,0.0,0.0,0.0,0.0,0.0,0.000471309,0.0,0.0,0.0,0.0,0.000117827,0.0,0.0,0.000117827,0.0,0.0,0.0,0.0,0.0,0.0,0.0,0.000117827,0.0,0.0,0.0,0.0,0.0,0.0,0.0,0.0,0.0,0.0,0.0,0.0,0.0,0.0,0.0,0.0,0.0,0.0,0.0,0.0,0.0,0.000117827,0.0,0.0,0.0,0.0,0.0,0.0,0.0,0.0,0.0,0.0,0.0,0.0,0.0,0.0,0.0,0.0,0.0,0.0,0.0,0.0,0.0,0.0,0.0,0.0,0.0,0.0,0.0,0.0,0.0,0.0,0.0,0.0,0.0,0.0,0.0,0.0,0.0,0.0,0.0,0.0,0.0,0.0,0.0,0.0,0.0,0.0,0.0,0.0,0.0,0.0,0.000471309,0.0,0.0,0.0,0.0,0.0,0.0,0.0,0.0,0.0,0.0,0.0,0.0,0.0,0.0,0.0,0.0,0.0,0.0,0.0,0.0,0.0,0.0,0.0,0.0,0.0,0.0,0.0,0.0,0.0,0.0,0.0,0.000117827,0.0,0.0,0.0,0.0,0.0,0.0,0.0,0.0,0.0,0.0,0.0,0.000117827,0.0,0.0,0.0,0.0,0.0,0.0,0.0,0.0,0.0,0.0,0.0,0.0,0.0,0.0,0.0,0.0,0.0,0.0,0.0,0.0,0.0,0.0,0.0,0.0,0.0,0.0,0.0,0.0,0.0,0.0,0.0,0.000117827,0.0,0.0,0.0,0.0,0.0,0.0,0.0,0.0,0.0,0.0,0.0,0.0,0.0,0.0,0.0,0.0,0.0,0.0,0.0,0.0,0.0,0.0,0.0,0.0,0.0,0.0,0.0,0.0,0.0,0.0,0.0,0.0,0.0,0.0,0.0,0.0,0.0,0.0,0.0,0.0,0.0,0.0,0.0,0.0,0.0,0.0,0.0,0.0,0.0,0.0,0.0,0.0,0.0,0.0,0.0,0.0,0.0,0.0,0.0,0.0,0.0,0.0,0.0,0.0,0.0,0.0,0.0,0.0,0.0,0.0,0.0,0.0,0.0,0.0,0.0,0.0,0.0,0.0,0.0,0.0,0.0,0.0,0.0,0.0,0.0,0.0,0.0,0.0,0.0,0.0,0.0,0.0,0.0,0.0,0.0,0.0,0.0,0.0,0.0,0.0,0.0,0.0,0.0,0.0,0.0,0.0,0.0,0.0,0.0,0.0,0.0,0.0,0.0,0.0,0.0,0.0,0.0,0.0,0.0,0.0,0.0,0.0,0.0,0.0,0.0,0.0,0.0,0.0,0.0,0.0,0.0,0.0,0.0,0.0,0.0,0.0,0.0,0.0,0.0,0.0,0.0,0.0,0.0,0.0,0.0,0.0,0.0,0.0,0.0,0.0,0.0,0.0,0.0,0.0,0.0,0.0,0.0,0.0,0.0,0.0,0.0,0.0,0.0,0.0,0.0,0.0,0.0,0.0,0.0,0.0,0.0,0.0,0.0,0.0,0.0,0.0,0.0,0.0,0.0,0.0,0.0,0.0,0.0,0.0,0.0,0.0,0.0,0.0,0.0,0.0,0.0,0.0,0.0,0.0,0.0,0.0,0.0,0.0,0.0,0.0,0.0,0.0,0.0,0.0,0.0,0.0,0.0,0.0,0.0,0.0,0.0,0.0,0.0,0.0,0.0,0.0,0.0,0.0,0.0,0.0,0.0,0.0,0.0,0.0,0.0,0.0,0.0,0.0,0.0,0.0,0.0,0.0,0.0,0.0,0.0,0.0,0.0,0.0,0.0,0.0,0.0,0.0,0.0,0.0,0.0,0.0,0.0,0.0,0.0,0.0,0.0,0.0,0.0,0.0,0.0,0.0,0.0,0.0,0.0,0.0,0.0,0.0,0.0,0.0,0.0,0.0,0.0,0.0,0.0,0.0,0.0,0.0,0.0,0.0,0.0,0.0,0.0,0.0,0.0,0.0,0.0,0.0,0.0,0.0,0.0,0.0,0.0,0.0,0.0,0.0,0.0,0.0,0.0,0.0,0.0,0.0,0.0,0.0,0.0,0.0,0.0,0.0,0.0,0.0,0.0,,,,,,,,,,,,,,,,,,,,
SRR12478948,0.085609502,0.001149488,0.093108545,0.016694948,5.47e-05,0.0004379,5.47e-05,0.0,0.0,0.017953911,0.0,0.0,0.0,0.0,0.0,0.0,0.000875801,0.000492638,0.451584652,0.000602113,0.027423504,0.005035853,0.03240462,0.018446549,0.009962231,0.00421479,0.002134764,0.000985276,0.000821063,0.000766325,0.003010564,0.001313701,0.046143741,0.025781378,0.008922218,0.000711588,0.0,0.000383163,0.001806339,0.001258963,0.000985276,0.000821063,0.000109475,0.000164213,0.000109475,0.0,0.0,0.0,0.000164213,0.0,0.0,0.050468006,0.006459029,0.000164213,0.000383163,0.003284252,0.001587388,5.47e-05,0.0,0.0,0.000164213,0.000109475,0.0,0.002572664,0.000547375,0.000164213,0.0,0.0,0.003612677,0.0,5.47e-05,0.0,5.47e-05,0.000164213,0.0,5.47e-05,0.017351798,5.47e-05,0.0,0.0004379,0.000164213,0.0,0.0,0.0,0.0,5.47e-05,0.0,0.003831627,0.0,0.002572664,0.000164213,0.000383163,0.00065685,0.000602113,0.00021895,0.000492638,0.000164213,0.00021895,5.47e-05,0.000602113,0.000109475,0.000109475,0.000273688,0.000109475,0.0,0.0,0.0,0.0,0.0,0.000109475,0.000547375,0.0,0.0,5.47e-05,0.000821063,0.0,0.0,0.0,0.0,0.0,0.0,0.001258963,0.0,5.47e-05,0.0,0.000109475,0.000383163,0.0,0.0,0.0,0.000109475,0.0,0.0,0.0,0.0004379,5.47e-05,0.000109475,0.000164213,0.0,0.0,0.001970551,0.0,0.0,0.0,0.0,5.47e-05,0.0,0.0,0.0,0.0,0.0,5.47e-05,0.0,0.000547375,0.0,0.0,0.0,0.0,0.0,0.0,0.0,0.0,0.0,5.47e-05,0.0,0.0,0.0,0.016092835,5.47e-05,0.0,0.0,5.47e-05,0.0,0.0,0.0,0.0,0.0,0.0,5.47e-05,0.0,0.0,0.0,0.0,0.0,0.0,0.003393727,0.0,0.0,0.0,0.0,0.0,0.0,0.0,0.0,0.0,0.000602113,0.0,0.0,0.0,0.0,0.0,0.0,0.0,0.0,0.0,0.0,0.0,0.000109475,0.0,0.0,0.0,0.0,0.0,0.0,0.000109475,5.47e-05,0.000109475,0.0,0.0,0.0,0.0,0.0,0.007334829,0.0,0.0,0.0,0.0,0.0,5.47e-05,5.47e-05,0.0,0.0,0.0,5.47e-05,0.0,0.000328425,0.0,0.0,5.47e-05,0.0,0.0,0.0,0.0,0.0,5.47e-05,0.0,0.0,0.0,0.0,0.0,0.0,0.0,0.0,0.0,0.0,0.0,0.0,0.0,0.0,0.0,0.0,0.0,0.0,0.0,0.0,0.0,0.0,0.0,0.0,5.47e-05,0.000109475,0.0,0.0,5.47e-05,0.0,0.0,0.0,0.001477913,0.0,0.0,0.0,0.0,0.0,5.47e-05,0.0,0.0,0.0,0.0,0.0,0.0,0.0,0.0,0.0,0.0,0.0,0.0,0.0,0.0,0.000547375,0.0,0.0,0.0,0.0,0.0,0.0,0.0,0.0,0.0,0.0,0.0,0.0,0.0,0.0,0.0,0.0,0.0,0.0,0.0,0.0,0.0,0.0,0.0,0.0,0.0,0.0,0.0,0.0,0.0,0.0,0.0,0.0,0.0,0.000164213,0.0,0.0,0.0,0.0,5.47e-05,0.0,0.0,0.0,0.0,0.0,0.0,0.0,0.0,0.0,0.0,0.0,0.0,0.0,0.0,0.0,5.47e-05,0.0,0.000164213,0.0,0.0,0.0,0.0,0.0,0.0,0.0,0.0,0.0,0.0,5.47e-05,0.0,0.0,0.0,0.0,0.0,0.0,0.0,0.0,0.0,0.0,0.0,0.0,0.0,0.0,0.0,0.0,0.0,0.0,0.0,0.0,0.0,0.0,0.0,0.0,0.0,0.0,0.0,0.0,0.0,0.0,0.0,0.0,0.0,0.0,0.0,0.0,0.0,0.0,0.0,0.0,0.0,0.0,0.0,0.0,0.0,0.0,0.0,0.0,0.0,0.0,0.0,0.0,0.0,0.0,0.0,0.0,0.0,0.0,0.0,0.0,0.0,0.0,0.0,0.0,0.0,0.0,0.0,0.0,0.0,0.0,0.0,0.0,0.0,0.0,0.0,0.0,0.0,0.0,0.0,0.0,0.0,0.0,0.0,0.0,0.0,0.0,0.0,0.0,0.0,0.0,0.0,0.0,0.0,0.0,0.0,0.0,0.0,0.0,0.0,0.0,0.0,0.0,0.0,0.0,0.0,0.0,5.47e-05,0.0,0.0,0.0,0.0,0.0,0.0,0.0,0.0,0.0,0.0,0.0,0.0,0.0,0.0,0.0,0.0,0.0,0.0,0.0,0.0,0.0,0.0,0.0,0.0,0.0,0.0,0.0,0.0,0.000109475,0.0,0.0,0.0,0.0,0.0,0.0,0.0,0.0,0.0,0.0,0.0,0.0,0.0,0.0,0.0,0.0,0.0,0.0,0.0,0.0,0.0,0.0,0.0,0.0,0.0,0.0,0.0,0.0,0.0,0.0,0.0,0.0,0.0,0.0,0.0,0.0,0.0,5.47e-05,0.0,0.0,0.0,0.0,0.0,0.0,0.000328425,0.0,0.0,0.0,0.0,0.0,0.0,0.0,0.0,0.0,0.0,0.0,0.0,0.0,0.000109475,0.0,0.0,0.0,0.0,0.0,0.0,0.0,0.0,0.0,0.0,0.0,0.0,0.0,0.0,0.0,0.0,0.0,0.0,0.0,0.0,0.0,0.0,0.0,0.0,0.0,0.0,0.0,0.0,0.0,0.0,0.0,0.0,0.0,0.0,0.0,0.0,0.0,0.0,0.0,0.0,0.0,0.0,0.0,0.0,0.0,0.0,0.0,0.0,0.0,0.0,0.0,0.0,0.0,0.0,0.0,0.0,0.0,0.0,0.0,0.0,0.0,0.0,0.0,0.0,0.0,0.0,0.0,0.0,0.0,0.0,0.0,0.0,0.0,0.0,0.0,0.0,0.0,0.0,0.0,0.0,0.0,0.0,0.0,0.0,0.0,0.0,0.0,0.0,0.0,0.0,0.0,0.0,0.0,0.0,0.0,5.47e-05,0.0,,,,,,,,,,,,,,,,,,,,
SRR12478949,0.006259919,0.001851525,0.357697055,0.03438547,8.82e-05,0.0,0.000617175,0.0,0.0,0.000176336,0.0,0.0,0.000617175,0.0,0.0,0.00123435,0.001058014,0.000881679,0.196702522,0.001410686,0.037030506,0.007317933,0.015253042,0.047875154,0.043025921,0.001851525,0.0,0.000529007,0.002733204,0.000440839,0.000440839,0.000264504,0.035178981,0.054752248,0.005730912,0.000264504,8.82e-05,0.000176336,0.002997708,8.82e-05,0.00167519,0.0,0.000264504,0.0,0.001498854,8.82e-05,0.0,0.0,8.82e-05,0.0,0.0,0.049814847,0.000969847,0.002116029,8.82e-05,0.000440839,0.002821372,0.0,0.0,0.0,0.000264504,0.0,0.0,0.001851525,8.82e-05,0.000176336,0.0,0.0,0.0,0.000264504,0.0,0.000440839,8.82e-05,0.000264504,0.000176336,0.0,0.0,0.0,0.000529007,0.000264504,0.000176336,0.0,0.001763357,0.0,0.0,8.82e-05,0.0,0.000440839,8.82e-05,0.0,0.0,0.00123435,0.000352671,0.0,0.000529007,0.0,8.82e-05,0.0,0.000705343,0.0,0.000352671,0.0,0.000617175,0.0,0.0,0.0,8.82e-05,0.0,0.0,0.0,0.003526715,0.0,8.82e-05,8.82e-05,0.002380533,0.0,0.0,0.0,0.0,0.0,0.0,0.000969847,0.0,0.0,0.0,0.0,0.0,0.0,0.0,0.0,8.82e-05,0.03438547,0.0,0.0,8.82e-05,0.000617175,0.000176336,0.001410686,8.82e-05,0.0,0.001322518,0.000529007,0.0,0.0,0.0,0.0,0.0,8.82e-05,0.0,0.0,0.0,0.0,0.0,0.000529007,0.0,0.0,0.0,0.0,0.0,0.0,0.0,0.0,0.0,8.82e-05,0.000176336,0.0,0.0,0.0,8.82e-05,0.0,0.0,0.0,0.0,0.0,0.0,0.0,0.0,0.0,0.0,0.0,0.0,8.82e-05,0.0,0.0,0.0,0.000969847,0.0,0.000176336,0.0,0.0,0.0,0.0,0.0,0.0,8.82e-05,0.000264504,0.000176336,0.0,0.0,0.0,0.000352671,0.0,0.000176336,0.0,8.82e-05,8.82e-05,0.0,8.82e-05,0.0,0.0,0.0,0.0,0.0,0.0,0.0,0.0,0.007670605,0.0,8.82e-05,8.82e-05,0.000264504,0.0,0.0,0.0,0.0,0.0,0.0,0.0,8.82e-05,0.0,0.000705343,0.000176336,0.0,8.82e-05,0.0,0.0,8.82e-05,0.0,0.0,0.0,0.0,0.0,0.0,0.0,0.0,0.0,0.0,0.000176336,0.0,8.82e-05,0.0,0.0,0.0,0.0,0.0,0.000705343,0.0,0.0,0.0,0.0,8.82e-05,0.0,0.0,0.0,8.82e-05,0.0,0.0,0.0,0.000264504,0.0,0.000440839,0.0,0.0,0.0,0.0,8.82e-05,0.0,0.003791218,0.0,0.0,8.82e-05,0.0,0.0,0.0,0.0,0.0,0.0,8.82e-05,0.0,0.0,0.0,0.0,0.0,0.0,0.0,8.82e-05,0.0,0.0,0.000793511,0.0,0.0,0.0,0.0,0.0,0.0,0.0,0.0,0.0,0.0,0.0,0.0,0.0,0.0,0.0,0.0,0.0,8.82e-05,0.0,0.0,0.0,0.0,0.0,0.0,0.0,0.0,0.0,0.0,0.0,0.0,0.0,0.0,0.0,0.0,0.0,0.0,8.82e-05,0.0,0.0,0.0,0.0,0.0,0.0,0.0,0.0,0.0,0.0,8.82e-05,0.003350379,0.0,0.0,0.0,0.0,0.0,0.0,0.0,0.0,0.0,0.0,0.0,0.0,0.0,0.0,0.000264504,0.0,0.0,0.0,0.0,0.0,0.0,0.0,0.0,0.0,0.0,0.0,0.0,0.0,0.0,0.0,0.0,0.0,0.0,0.0,0.0,0.0,0.0,0.0,0.0,0.0,0.0,0.0,0.0,0.0,0.0,0.0,0.0,0.0,0.0,0.0,0.0,0.0,0.0,0.0,0.0,0.0,0.0,0.0,0.0,0.0,8.82e-05,0.0,0.0,0.0,0.0,8.82e-05,0.0,0.0,0.0,0.0,0.0,0.0,0.0,0.0,0.0,0.0,0.0,0.0,0.0,0.0,0.0,0.0,0.0,0.0,0.0,0.0,0.0,0.0,0.0,0.0,0.0,0.0,8.82e-05,0.0,0.0,0.0,0.0,0.0,0.0,0.0,0.0,0.0,0.0,0.0,0.0,8.82e-05,0.0,0.0,0.0,0.0,0.0,0.0,0.0,0.0,0.0,0.0,0.0,0.0,0.0,8.82e-05,0.0,0.0,0.0,0.0,0.0,0.0,0.0,0.0,8.82e-05,0.0,0.0,0.0,0.0,0.0,0.0,8.82e-05,0.0,0.0,0.0,0.0,0.0,0.0,0.0,0.0,0.0,0.0,0.0,0.0,0.0,0.0,0.0,0.0,0.0,0.0,0.0,0.0,0.0,0.0,0.0,0.0,0.0,0.0,8.82e-05,0.0,0.0,0.0,0.0,0.0,0.0,0.0,0.0,0.0,0.0,0.0,0.0,0.0,0.0,0.0,0.0,0.0,0.0,0.0,0.0,0.0,0.0,0.0,0.0,0.0,0.0,8.82e-05,0.0,0.0,0.0,0.0,0.0,0.0,0.0,0.0,0.0,0.0,0.0,0.0,0.0,0.0,0.0,0.0,0.0,0.0,0.0,0.0,0.0,0.0,0.0,0.0,0.0,0.0,0.0,0.0,0.0,0.0,0.0,0.0,0.0,0.0,0.0,0.0,0.0,0.0,0.0,0.0,0.0,0.0,0.0,0.0,0.0,0.0,0.0,0.0,0.0,0.0,0.0,0.0,0.0,0.0,0.0,0.0,0.0,0.0,8.82e-05,0.0,0.0,0.0,0.0,0.0,0.0,0.0,0.0,0.0,0.0,0.0,0.0,0.0,0.0,0.0,0.0,0.0,0.0,0.0,0.0,0.0,0.0,0.0,0.0,0.0,0.0,0.0,0.0,0.0,0.0,0.0,0.0,0.0,0.0,0.0,0.0,0.0,0.0,0.0,0.0,0.0,0.0,0.0,0.0,0.0,0.0,0.0,0.0,0.0,0.0,0.0,0.0,0.0,0.0,0.0,0.0,0.0,0.0,0.0,0.0,0.0,8.82e-05,,,,,,,,,,,,,,,,,,,,
